Date,Source,POC,Daily Max 1-hour NO2 Concentration,Units,Daily AQI Value,Local Site Name,Daily Obs Count,Percent Complete,AQS Parameter Code,AQS Parameter Description,Method Code,CBSA Code,CBSA Name,State FIPS Code,State,County FIPS Code,County,Site Latitude,Site Longitude
01/01/2015,AQS,2,24.4,ppb,23,Azusa,22,92,42602,Nitrogen dioxide (NO2),74,31080,"Los Angeles-Long Beach-Anaheim, CA",6,California,37,Los Angeles,34.1365,-117.92391
01/02/2015,AQS,2,28,ppb,26,Azusa,22,92,42602,Nitrogen dioxide (NO2),74,31080,"Los Angeles-Long Beach-Anaheim, CA",6,California,37,Los Angeles,34.1365,-117.92391
01/03/2015,AQS,2,32.1,ppb,30,Azusa,22,92,42602,Nitrogen dioxide (NO2),74,31080,"Los Angeles-Long Beach-Anaheim, CA",6,California,37,Los Angeles,34.1365,-117.92391
01/04/2015,AQS,2,32.6,ppb,30,Azusa,22,92,42602,Nitrogen dioxide (NO2),74,31080,"Los Angeles-Long Beach-Anaheim, CA",6,California,37,Los Angeles,34.1365,-117.92391
01/05/2015,AQS,2,24.5,ppb,23,Azusa,22,92,42602,Nitrogen dioxide (NO2),74,31080,"Los Angeles-Long Beach-Anaheim, CA",6,California,37,Los Angeles,34.1365,-117.92391
01/06/2015,AQS,2,23.3,ppb,22,Azusa,19,79,42602,Nitrogen dioxide (NO2),74,31080,"Los Angeles-Long Beach-Anaheim, CA",6,California,37,Los Angeles,34.1365,-117.92391
01/07/2015,AQS,2,39.3,ppb,37,Azusa,23,96,42602,Nitrogen dioxide (NO2),74,31080,"Los Angeles-Long Beach-Anaheim, CA",6,California,37,Los Angeles,34.1365,-117.92391
01/08/2015,AQS,2,49.4,ppb,46,Azusa,23,96,42602,Nitrogen dioxide (NO2),74,31080,"Los Angeles-Long Beach-Anaheim, CA",6,California,37,Los Angeles,34.1365,-117.92391
01/09/2015,AQS,2,52.4,ppb,49,Azusa,23,96,42602,Nitrogen dioxide (NO2),74,31080,"Los Angeles-Long Beach-Anaheim, CA",6,California,37,Los Angeles,34.1365,-117.92391
01/10/2015,AQS,2,42.3,ppb,40,Azusa,23,96,42602,Nitrogen dioxide (NO2),74,31080,"Los Angeles-Long Beach-Anaheim, CA",6,California,37,Los Angeles,34.1365,-117.92391
01/11/2015,AQS,2,28.4,ppb,26,Azusa,23,96,42602,Nitrogen dioxide (NO2),74,31080,"Los Angeles-Long Beach-Anaheim, CA",6,California,37,Los Angeles,34.1365,-117.92391
01/12/2015,AQS,2,37.1,ppb,35,Azusa,23,96,42602,Nitrogen dioxide (NO2),74,31080,"Los Angeles-Long Beach-Anaheim, CA",6,California,37,Los Angeles,34.1365,-117.92391
01/13/2015,AQS,2,34.8,ppb,32,Azusa,22,92,42602,Nitrogen dioxide (NO2),74,31080,"Los Angeles-Long Beach-Anaheim, CA",6,California,37,Los Angeles,34.1365,-117.92391
01/14/2015,AQS,2,30.6,ppb,28,Azusa,22,92,42602,Nitrogen dioxide (NO2),74,31080,"Los Angeles-Long Beach-Anaheim, CA",6,California,37,Los Angeles,34.1365,-117.92391
01/15/2015,AQS,2,27.8,ppb,25,Azusa,22,92,42602,Nitrogen dioxide (NO2),74,31080,"Los Angeles-Long Beach-Anaheim, CA",6,California,37,Los Angeles,34.1365,-117.92391
01/17/2015,AQS,2,22.7,ppb,21,Azusa,23,96,42602,Nitrogen dioxide (NO2),74,31080,"Los Angeles-Long Beach-Anaheim, CA",6,California,37,Los Angeles,34.1365,-117.92391
01/18/2015,AQS,2,35.3,ppb,33,Azusa,23,96,42602,Nitrogen dioxide (NO2),74,31080,"Los Angeles-Long Beach-Anaheim, CA",6,California,37,Los Angeles,34.1365,-117.92391
01/20/2015,AQS,2,59.2,ppb,56,Azusa,22,92,42602,Nitrogen dioxide (NO2),74,31080,"Los Angeles-Long Beach-Anaheim, CA",6,California,37,Los Angeles,34.1365,-117.92391
01/21/2015,AQS,2,43.7,ppb,41,Azusa,22,92,42602,Nitrogen dioxide (NO2),74,31080,"Los Angeles-Long Beach-Anaheim, CA",6,California,37,Los Angeles,34.1365,-117.92391
01/22/2015,AQS,2,45.5,ppb,42,Azusa,22,92,42602,Nitrogen dioxide (NO2),74,31080,"Los Angeles-Long Beach-Anaheim, CA",6,California,37,Los Angeles,34.1365,-117.92391
01/23/2015,AQS,2,41.4,ppb,39,Azusa,22,92,42602,Nitrogen dioxide (NO2),74,31080,"Los Angeles-Long Beach-Anaheim, CA",6,California,37,Los Angeles,34.1365,-117.92391
01/24/2015,AQS,2,35.6,ppb,33,Azusa,22,92,42602,Nitrogen dioxide (NO2),74,31080,"Los Angeles-Long Beach-Anaheim, CA",6,California,37,Los Angeles,34.1365,-117.92391
01/25/2015,AQS,2,23.3,ppb,22,Azusa,22,92,42602,Nitrogen dioxide (NO2),74,31080,"Los Angeles-Long Beach-Anaheim, CA",6,California,37,Los Angeles,34.1365,-117.92391
01/26/2015,AQS,2,23.1,ppb,22,Azusa,22,92,42602,Nitrogen dioxide (NO2),74,31080,"Los Angeles-Long Beach-Anaheim, CA",6,California,37,Los Angeles,34.1365,-117.92391
01/27/2015,AQS,2,30.7,ppb,28,Azusa,22,92,42602,Nitrogen dioxide (NO2),74,31080,"Los Angeles-Long Beach-Anaheim, CA",6,California,37,Los Angeles,34.1365,-117.92391
01/28/2015,AQS,2,23.7,ppb,22,Azusa,23,96,42602,Nitrogen dioxide (NO2),74,31080,"Los Angeles-Long Beach-Anaheim, CA",6,California,37,Los Angeles,34.1365,-117.92391
01/29/2015,AQS,2,39.7,ppb,37,Azusa,23,96,42602,Nitrogen dioxide (NO2),74,31080,"Los Angeles-Long Beach-Anaheim, CA",6,California,37,Los Angeles,34.1365,-117.92391
01/30/2015,AQS,2,28.7,ppb,26,Azusa,23,96,42602,Nitrogen dioxide (NO2),74,31080,"Los Angeles-Long Beach-Anaheim, CA",6,California,37,Los Angeles,34.1365,-117.92391
01/31/2015,AQS,2,23.8,ppb,22,Azusa,23,96,42602,Nitrogen dioxide (NO2),74,31080,"Los Angeles-Long Beach-Anaheim, CA",6,California,37,Los Angeles,34.1365,-117.92391
02/01/2015,AQS,2,31.9,ppb,29,Azusa,23,96,42602,Nitrogen dioxide (NO2),74,31080,"Los Angeles-Long Beach-Anaheim, CA",6,California,37,Los Angeles,34.1365,-117.92391
02/02/2015,AQS,2,54.8,ppb,51,Azusa,22,92,42602,Nitrogen dioxide (NO2),74,31080,"Los Angeles-Long Beach-Anaheim, CA",6,California,37,Los Angeles,34.1365,-117.92391
02/03/2015,AQS,2,63.2,ppb,61,Azusa,22,92,42602,Nitrogen dioxide (NO2),74,31080,"Los Angeles-Long Beach-Anaheim, CA",6,California,37,Los Angeles,34.1365,-117.92391
02/04/2015,AQS,2,71,ppb,69,Azusa,23,96,42602,Nitrogen dioxide (NO2),74,31080,"Los Angeles-Long Beach-Anaheim, CA",6,California,37,Los Angeles,34.1365,-117.92391
02/05/2015,AQS,2,60.3,ppb,57,Azusa,23,96,42602,Nitrogen dioxide (NO2),74,31080,"Los Angeles-Long Beach-Anaheim, CA",6,California,37,Los Angeles,34.1365,-117.92391
02/06/2015,AQS,2,50,ppb,47,Azusa,23,96,42602,Nitrogen dioxide (NO2),74,31080,"Los Angeles-Long Beach-Anaheim, CA",6,California,37,Los Angeles,34.1365,-117.92391
02/07/2015,AQS,2,40.1,ppb,38,Azusa,23,96,42602,Nitrogen dioxide (NO2),74,31080,"Los Angeles-Long Beach-Anaheim, CA",6,California,37,Los Angeles,34.1365,-117.92391
02/08/2015,AQS,2,18.7,ppb,17,Azusa,22,92,42602,Nitrogen dioxide (NO2),74,31080,"Los Angeles-Long Beach-Anaheim, CA",6,California,37,Los Angeles,34.1365,-117.92391
02/09/2015,AQS,2,25.2,ppb,24,Azusa,22,92,42602,Nitrogen dioxide (NO2),74,31080,"Los Angeles-Long Beach-Anaheim, CA",6,California,37,Los Angeles,34.1365,-117.92391
02/10/2015,AQS,2,35.4,ppb,33,Azusa,22,92,42602,Nitrogen dioxide (NO2),74,31080,"Los Angeles-Long Beach-Anaheim, CA",6,California,37,Los Angeles,34.1365,-117.92391
02/11/2015,AQS,2,13.8,ppb,12,Azusa,19,79,42602,Nitrogen dioxide (NO2),74,31080,"Los Angeles-Long Beach-Anaheim, CA",6,California,37,Los Angeles,34.1365,-117.92391
02/13/2015,AQS,2,41.3,ppb,39,Azusa,19,79,42602,Nitrogen dioxide (NO2),74,31080,"Los Angeles-Long Beach-Anaheim, CA",6,California,37,Los Angeles,34.1365,-117.92391
02/14/2015,AQS,2,37.1,ppb,35,Azusa,21,88,42602,Nitrogen dioxide (NO2),74,31080,"Los Angeles-Long Beach-Anaheim, CA",6,California,37,Los Angeles,34.1365,-117.92391
02/15/2015,AQS,2,47.8,ppb,44,Azusa,23,96,42602,Nitrogen dioxide (NO2),74,31080,"Los Angeles-Long Beach-Anaheim, CA",6,California,37,Los Angeles,34.1365,-117.92391
02/16/2015,AQS,2,45.3,ppb,42,Azusa,23,96,42602,Nitrogen dioxide (NO2),74,31080,"Los Angeles-Long Beach-Anaheim, CA",6,California,37,Los Angeles,34.1365,-117.92391
02/18/2015,AQS,2,39.4,ppb,37,Azusa,22,92,42602,Nitrogen dioxide (NO2),74,31080,"Los Angeles-Long Beach-Anaheim, CA",6,California,37,Los Angeles,34.1365,-117.92391
02/19/2015,AQS,2,37.5,ppb,35,Azusa,22,92,42602,Nitrogen dioxide (NO2),74,31080,"Los Angeles-Long Beach-Anaheim, CA",6,California,37,Los Angeles,34.1365,-117.92391
02/20/2015,AQS,2,28.2,ppb,26,Azusa,20,83,42602,Nitrogen dioxide (NO2),74,31080,"Los Angeles-Long Beach-Anaheim, CA",6,California,37,Los Angeles,34.1365,-117.92391
02/21/2015,AQS,2,13,ppb,12,Azusa,23,96,42602,Nitrogen dioxide (NO2),74,31080,"Los Angeles-Long Beach-Anaheim, CA",6,California,37,Los Angeles,34.1365,-117.92391
02/22/2015,AQS,2,8.7,ppb,8,Azusa,23,96,42602,Nitrogen dioxide (NO2),74,31080,"Los Angeles-Long Beach-Anaheim, CA",6,California,37,Los Angeles,34.1365,-117.92391
02/23/2015,AQS,2,15.7,ppb,14,Azusa,23,96,42602,Nitrogen dioxide (NO2),74,31080,"Los Angeles-Long Beach-Anaheim, CA",6,California,37,Los Angeles,34.1365,-117.92391
02/26/2015,AQS,2,33.2,ppb,31,Azusa,22,92,42602,Nitrogen dioxide (NO2),74,31080,"Los Angeles-Long Beach-Anaheim, CA",6,California,37,Los Angeles,34.1365,-117.92391
02/28/2015,AQS,2,14.5,ppb,13,Azusa,22,92,42602,Nitrogen dioxide (NO2),74,31080,"Los Angeles-Long Beach-Anaheim, CA",6,California,37,Los Angeles,34.1365,-117.92391
03/01/2015,AQS,2,9.2,ppb,8,Azusa,22,92,42602,Nitrogen dioxide (NO2),74,31080,"Los Angeles-Long Beach-Anaheim, CA",6,California,37,Los Angeles,34.1365,-117.92391
03/02/2015,AQS,2,17.2,ppb,16,Azusa,22,92,42602,Nitrogen dioxide (NO2),74,31080,"Los Angeles-Long Beach-Anaheim, CA",6,California,37,Los Angeles,34.1365,-117.92391
03/03/2015,AQS,2,16.4,ppb,15,Azusa,21,88,42602,Nitrogen dioxide (NO2),74,31080,"Los Angeles-Long Beach-Anaheim, CA",6,California,37,Los Angeles,34.1365,-117.92391
03/04/2015,AQS,2,26.8,ppb,25,Azusa,22,92,42602,Nitrogen dioxide (NO2),74,31080,"Los Angeles-Long Beach-Anaheim, CA",6,California,37,Los Angeles,34.1365,-117.92391
03/05/2015,AQS,2,22.3,ppb,21,Azusa,23,96,42602,Nitrogen dioxide (NO2),74,31080,"Los Angeles-Long Beach-Anaheim, CA",6,California,37,Los Angeles,34.1365,-117.92391
03/06/2015,AQS,2,20,ppb,19,Azusa,23,96,42602,Nitrogen dioxide (NO2),74,31080,"Los Angeles-Long Beach-Anaheim, CA",6,California,37,Los Angeles,34.1365,-117.92391
03/07/2015,AQS,2,18.8,ppb,17,Azusa,23,96,42602,Nitrogen dioxide (NO2),74,31080,"Los Angeles-Long Beach-Anaheim, CA",6,California,37,Los Angeles,34.1365,-117.92391
03/08/2015,AQS,2,21.1,ppb,20,Azusa,23,96,42602,Nitrogen dioxide (NO2),74,31080,"Los Angeles-Long Beach-Anaheim, CA",6,California,37,Los Angeles,34.1365,-117.92391
03/09/2015,AQS,2,45.2,ppb,42,Azusa,23,96,42602,Nitrogen dioxide (NO2),74,31080,"Los Angeles-Long Beach-Anaheim, CA",6,California,37,Los Angeles,34.1365,-117.92391
03/10/2015,AQS,2,52.4,ppb,49,Azusa,22,92,42602,Nitrogen dioxide (NO2),74,31080,"Los Angeles-Long Beach-Anaheim, CA",6,California,37,Los Angeles,34.1365,-117.92391
03/11/2015,AQS,2,51.6,ppb,48,Azusa,23,96,42602,Nitrogen dioxide (NO2),74,31080,"Los Angeles-Long Beach-Anaheim, CA",6,California,37,Los Angeles,34.1365,-117.92391
03/12/2015,AQS,2,31.9,ppb,29,Azusa,23,96,42602,Nitrogen dioxide (NO2),74,31080,"Los Angeles-Long Beach-Anaheim, CA",6,California,37,Los Angeles,34.1365,-117.92391
03/13/2015,AQS,2,33.4,ppb,31,Azusa,22,92,42602,Nitrogen dioxide (NO2),74,31080,"Los Angeles-Long Beach-Anaheim, CA",6,California,37,Los Angeles,34.1365,-117.92391
03/14/2015,AQS,2,10.4,ppb,9,Azusa,23,96,42602,Nitrogen dioxide (NO2),74,31080,"Los Angeles-Long Beach-Anaheim, CA",6,California,37,Los Angeles,34.1365,-117.92391
03/15/2015,AQS,2,10.7,ppb,9,Azusa,22,92,42602,Nitrogen dioxide (NO2),74,31080,"Los Angeles-Long Beach-Anaheim, CA",6,California,37,Los Angeles,34.1365,-117.92391
03/16/2015,AQS,2,22.4,ppb,21,Azusa,21,88,42602,Nitrogen dioxide (NO2),74,31080,"Los Angeles-Long Beach-Anaheim, CA",6,California,37,Los Angeles,34.1365,-117.92391
03/17/2015,AQS,2,29.5,ppb,27,Azusa,22,92,42602,Nitrogen dioxide (NO2),74,31080,"Los Angeles-Long Beach-Anaheim, CA",6,California,37,Los Angeles,34.1365,-117.92391
03/20/2015,AQS,2,33.6,ppb,31,Azusa,23,96,42602,Nitrogen dioxide (NO2),74,31080,"Los Angeles-Long Beach-Anaheim, CA",6,California,37,Los Angeles,34.1365,-117.92391
03/21/2015,AQS,2,28.1,ppb,26,Azusa,23,96,42602,Nitrogen dioxide (NO2),74,31080,"Los Angeles-Long Beach-Anaheim, CA",6,California,37,Los Angeles,34.1365,-117.92391
03/22/2015,AQS,2,14.6,ppb,13,Azusa,23,96,42602,Nitrogen dioxide (NO2),74,31080,"Los Angeles-Long Beach-Anaheim, CA",6,California,37,Los Angeles,34.1365,-117.92391
03/23/2015,AQS,2,21.4,ppb,20,Azusa,23,96,42602,Nitrogen dioxide (NO2),74,31080,"Los Angeles-Long Beach-Anaheim, CA",6,California,37,Los Angeles,34.1365,-117.92391
03/24/2015,AQS,2,24.5,ppb,23,Azusa,18,75,42602,Nitrogen dioxide (NO2),74,31080,"Los Angeles-Long Beach-Anaheim, CA",6,California,37,Los Angeles,34.1365,-117.92391
03/25/2015,AQS,2,27.2,ppb,25,Azusa,23,96,42602,Nitrogen dioxide (NO2),74,31080,"Los Angeles-Long Beach-Anaheim, CA",6,California,37,Los Angeles,34.1365,-117.92391
03/26/2015,AQS,2,22,ppb,21,Azusa,23,96,42602,Nitrogen dioxide (NO2),74,31080,"Los Angeles-Long Beach-Anaheim, CA",6,California,37,Los Angeles,34.1365,-117.92391
03/27/2015,AQS,2,34.9,ppb,32,Azusa,23,96,42602,Nitrogen dioxide (NO2),74,31080,"Los Angeles-Long Beach-Anaheim, CA",6,California,37,Los Angeles,34.1365,-117.92391
03/28/2015,AQS,2,46.6,ppb,43,Azusa,23,96,42602,Nitrogen dioxide (NO2),74,31080,"Los Angeles-Long Beach-Anaheim, CA",6,California,37,Los Angeles,34.1365,-117.92391
03/29/2015,AQS,2,30.9,ppb,28,Azusa,23,96,42602,Nitrogen dioxide (NO2),74,31080,"Los Angeles-Long Beach-Anaheim, CA",6,California,37,Los Angeles,34.1365,-117.92391
03/30/2015,AQS,2,38.9,ppb,36,Azusa,23,96,42602,Nitrogen dioxide (NO2),74,31080,"Los Angeles-Long Beach-Anaheim, CA",6,California,37,Los Angeles,34.1365,-117.92391
03/31/2015,AQS,2,38.8,ppb,36,Azusa,22,92,42602,Nitrogen dioxide (NO2),74,31080,"Los Angeles-Long Beach-Anaheim, CA",6,California,37,Los Angeles,34.1365,-117.92391
04/01/2015,AQS,2,22.6,ppb,21,Azusa,22,92,42602,Nitrogen dioxide (NO2),74,31080,"Los Angeles-Long Beach-Anaheim, CA",6,California,37,Los Angeles,34.1365,-117.92391
04/02/2015,AQS,2,17.8,ppb,16,Azusa,22,92,42602,Nitrogen dioxide (NO2),74,31080,"Los Angeles-Long Beach-Anaheim, CA",6,California,37,Los Angeles,34.1365,-117.92391
04/03/2015,AQS,2,33.3,ppb,31,Azusa,23,96,42602,Nitrogen dioxide (NO2),74,31080,"Los Angeles-Long Beach-Anaheim, CA",6,California,37,Los Angeles,34.1365,-117.92391
04/04/2015,AQS,2,38.8,ppb,36,Azusa,23,96,42602,Nitrogen dioxide (NO2),74,31080,"Los Angeles-Long Beach-Anaheim, CA",6,California,37,Los Angeles,34.1365,-117.92391
04/05/2015,AQS,2,9.4,ppb,8,Azusa,23,96,42602,Nitrogen dioxide (NO2),74,31080,"Los Angeles-Long Beach-Anaheim, CA",6,California,37,Los Angeles,34.1365,-117.92391
04/06/2015,AQS,2,15.4,ppb,14,Azusa,23,96,42602,Nitrogen dioxide (NO2),74,31080,"Los Angeles-Long Beach-Anaheim, CA",6,California,37,Los Angeles,34.1365,-117.92391
04/07/2015,AQS,2,12.3,ppb,11,Azusa,22,92,42602,Nitrogen dioxide (NO2),74,31080,"Los Angeles-Long Beach-Anaheim, CA",6,California,37,Los Angeles,34.1365,-117.92391
04/08/2015,AQS,2,17.1,ppb,16,Azusa,22,92,42602,Nitrogen dioxide (NO2),74,31080,"Los Angeles-Long Beach-Anaheim, CA",6,California,37,Los Angeles,34.1365,-117.92391
04/09/2015,AQS,2,35.6,ppb,33,Azusa,19,79,42602,Nitrogen dioxide (NO2),74,31080,"Los Angeles-Long Beach-Anaheim, CA",6,California,37,Los Angeles,34.1365,-117.92391
04/10/2015,AQS,2,23.6,ppb,22,Azusa,23,96,42602,Nitrogen dioxide (NO2),74,31080,"Los Angeles-Long Beach-Anaheim, CA",6,California,37,Los Angeles,34.1365,-117.92391
04/11/2015,AQS,2,22.3,ppb,21,Azusa,23,96,42602,Nitrogen dioxide (NO2),74,31080,"Los Angeles-Long Beach-Anaheim, CA",6,California,37,Los Angeles,34.1365,-117.92391
04/12/2015,AQS,2,19.8,ppb,18,Azusa,23,96,42602,Nitrogen dioxide (NO2),74,31080,"Los Angeles-Long Beach-Anaheim, CA",6,California,37,Los Angeles,34.1365,-117.92391
04/13/2015,AQS,2,28.7,ppb,26,Azusa,23,96,42602,Nitrogen dioxide (NO2),74,31080,"Los Angeles-Long Beach-Anaheim, CA",6,California,37,Los Angeles,34.1365,-117.92391
04/14/2015,AQS,2,20.2,ppb,19,Azusa,22,92,42602,Nitrogen dioxide (NO2),74,31080,"Los Angeles-Long Beach-Anaheim, CA",6,California,37,Los Angeles,34.1365,-117.92391
04/15/2015,AQS,2,25.4,ppb,24,Azusa,22,92,42602,Nitrogen dioxide (NO2),74,31080,"Los Angeles-Long Beach-Anaheim, CA",6,California,37,Los Angeles,34.1365,-117.92391
04/16/2015,AQS,2,21.1,ppb,20,Azusa,23,96,42602,Nitrogen dioxide (NO2),74,31080,"Los Angeles-Long Beach-Anaheim, CA",6,California,37,Los Angeles,34.1365,-117.92391
04/17/2015,AQS,2,35.2,ppb,33,Azusa,23,96,42602,Nitrogen dioxide (NO2),74,31080,"Los Angeles-Long Beach-Anaheim, CA",6,California,37,Los Angeles,34.1365,-117.92391
04/18/2015,AQS,2,26.3,ppb,25,Azusa,22,92,42602,Nitrogen dioxide (NO2),74,31080,"Los Angeles-Long Beach-Anaheim, CA",6,California,37,Los Angeles,34.1365,-117.92391
04/19/2015,AQS,2,25.3,ppb,24,Azusa,23,96,42602,Nitrogen dioxide (NO2),74,31080,"Los Angeles-Long Beach-Anaheim, CA",6,California,37,Los Angeles,34.1365,-117.92391
04/20/2015,AQS,2,25,ppb,24,Azusa,22,92,42602,Nitrogen dioxide (NO2),74,31080,"Los Angeles-Long Beach-Anaheim, CA",6,California,37,Los Angeles,34.1365,-117.92391
04/21/2015,AQS,2,26.6,ppb,25,Azusa,22,92,42602,Nitrogen dioxide (NO2),74,31080,"Los Angeles-Long Beach-Anaheim, CA",6,California,37,Los Angeles,34.1365,-117.92391
04/22/2015,AQS,2,24.3,ppb,23,Azusa,23,96,42602,Nitrogen dioxide (NO2),74,31080,"Los Angeles-Long Beach-Anaheim, CA",6,California,37,Los Angeles,34.1365,-117.92391
04/23/2015,AQS,2,28.7,ppb,26,Azusa,23,96,42602,Nitrogen dioxide (NO2),74,31080,"Los Angeles-Long Beach-Anaheim, CA",6,California,37,Los Angeles,34.1365,-117.92391
04/24/2015,AQS,2,20.3,ppb,19,Azusa,23,96,42602,Nitrogen dioxide (NO2),74,31080,"Los Angeles-Long Beach-Anaheim, CA",6,California,37,Los Angeles,34.1365,-117.92391
04/25/2015,AQS,2,25,ppb,24,Azusa,23,96,42602,Nitrogen dioxide (NO2),74,31080,"Los Angeles-Long Beach-Anaheim, CA",6,California,37,Los Angeles,34.1365,-117.92391
04/26/2015,AQS,2,19.4,ppb,18,Azusa,23,96,42602,Nitrogen dioxide (NO2),74,31080,"Los Angeles-Long Beach-Anaheim, CA",6,California,37,Los Angeles,34.1365,-117.92391
04/28/2015,AQS,2,42.8,ppb,40,Azusa,22,92,42602,Nitrogen dioxide (NO2),74,31080,"Los Angeles-Long Beach-Anaheim, CA",6,California,37,Los Angeles,34.1365,-117.92391
04/29/2015,AQS,2,58.5,ppb,55,Azusa,22,92,42602,Nitrogen dioxide (NO2),74,31080,"Los Angeles-Long Beach-Anaheim, CA",6,California,37,Los Angeles,34.1365,-117.92391
04/30/2015,AQS,2,52.2,ppb,49,Azusa,22,92,42602,Nitrogen dioxide (NO2),74,31080,"Los Angeles-Long Beach-Anaheim, CA",6,California,37,Los Angeles,34.1365,-117.92391
05/02/2015,AQS,2,46.8,ppb,43,Azusa,22,92,42602,Nitrogen dioxide (NO2),74,31080,"Los Angeles-Long Beach-Anaheim, CA",6,California,37,Los Angeles,34.1365,-117.92391
05/03/2015,AQS,2,10.9,ppb,9,Azusa,21,88,42602,Nitrogen dioxide (NO2),74,31080,"Los Angeles-Long Beach-Anaheim, CA",6,California,37,Los Angeles,34.1365,-117.92391
05/04/2015,AQS,2,22.9,ppb,21,Azusa,21,88,42602,Nitrogen dioxide (NO2),74,31080,"Los Angeles-Long Beach-Anaheim, CA",6,California,37,Los Angeles,34.1365,-117.92391
05/05/2015,AQS,2,16.4,ppb,15,Azusa,21,88,42602,Nitrogen dioxide (NO2),74,31080,"Los Angeles-Long Beach-Anaheim, CA",6,California,37,Los Angeles,34.1365,-117.92391
05/06/2015,AQS,2,15.9,ppb,14,Azusa,21,88,42602,Nitrogen dioxide (NO2),74,31080,"Los Angeles-Long Beach-Anaheim, CA",6,California,37,Los Angeles,34.1365,-117.92391
05/07/2015,AQS,2,14.7,ppb,13,Azusa,21,88,42602,Nitrogen dioxide (NO2),74,31080,"Los Angeles-Long Beach-Anaheim, CA",6,California,37,Los Angeles,34.1365,-117.92391
05/08/2015,AQS,2,17,ppb,16,Azusa,22,92,42602,Nitrogen dioxide (NO2),74,31080,"Los Angeles-Long Beach-Anaheim, CA",6,California,37,Los Angeles,34.1365,-117.92391
05/09/2015,AQS,2,19.7,ppb,18,Azusa,23,96,42602,Nitrogen dioxide (NO2),74,31080,"Los Angeles-Long Beach-Anaheim, CA",6,California,37,Los Angeles,34.1365,-117.92391
05/10/2015,AQS,2,22.1,ppb,21,Azusa,22,92,42602,Nitrogen dioxide (NO2),74,31080,"Los Angeles-Long Beach-Anaheim, CA",6,California,37,Los Angeles,34.1365,-117.92391
05/11/2015,AQS,2,29.7,ppb,27,Azusa,23,96,42602,Nitrogen dioxide (NO2),74,31080,"Los Angeles-Long Beach-Anaheim, CA",6,California,37,Los Angeles,34.1365,-117.92391
05/12/2015,AQS,2,25.2,ppb,24,Azusa,22,92,42602,Nitrogen dioxide (NO2),74,31080,"Los Angeles-Long Beach-Anaheim, CA",6,California,37,Los Angeles,34.1365,-117.92391
05/13/2015,AQS,2,19.3,ppb,18,Azusa,23,96,42602,Nitrogen dioxide (NO2),74,31080,"Los Angeles-Long Beach-Anaheim, CA",6,California,37,Los Angeles,34.1365,-117.92391
05/14/2015,AQS,2,21.2,ppb,20,Azusa,23,96,42602,Nitrogen dioxide (NO2),74,31080,"Los Angeles-Long Beach-Anaheim, CA",6,California,37,Los Angeles,34.1365,-117.92391
05/15/2015,AQS,2,14.3,ppb,13,Azusa,23,96,42602,Nitrogen dioxide (NO2),74,31080,"Los Angeles-Long Beach-Anaheim, CA",6,California,37,Los Angeles,34.1365,-117.92391
05/16/2015,AQS,2,12.2,ppb,11,Azusa,23,96,42602,Nitrogen dioxide (NO2),74,31080,"Los Angeles-Long Beach-Anaheim, CA",6,California,37,Los Angeles,34.1365,-117.92391
05/17/2015,AQS,2,20.6,ppb,19,Azusa,23,96,42602,Nitrogen dioxide (NO2),74,31080,"Los Angeles-Long Beach-Anaheim, CA",6,California,37,Los Angeles,34.1365,-117.92391
05/18/2015,AQS,2,19.2,ppb,18,Azusa,21,88,42602,Nitrogen dioxide (NO2),74,31080,"Los Angeles-Long Beach-Anaheim, CA",6,California,37,Los Angeles,34.1365,-117.92391
05/19/2015,AQS,2,19,ppb,18,Azusa,22,92,42602,Nitrogen dioxide (NO2),74,31080,"Los Angeles-Long Beach-Anaheim, CA",6,California,37,Los Angeles,34.1365,-117.92391
05/20/2015,AQS,2,23.6,ppb,22,Azusa,21,88,42602,Nitrogen dioxide (NO2),74,31080,"Los Angeles-Long Beach-Anaheim, CA",6,California,37,Los Angeles,34.1365,-117.92391
05/21/2015,AQS,2,14.7,ppb,13,Azusa,23,96,42602,Nitrogen dioxide (NO2),74,31080,"Los Angeles-Long Beach-Anaheim, CA",6,California,37,Los Angeles,34.1365,-117.92391
05/22/2015,AQS,2,19,ppb,18,Azusa,22,92,42602,Nitrogen dioxide (NO2),74,31080,"Los Angeles-Long Beach-Anaheim, CA",6,California,37,Los Angeles,34.1365,-117.92391
05/23/2015,AQS,2,18.2,ppb,17,Azusa,22,92,42602,Nitrogen dioxide (NO2),74,31080,"Los Angeles-Long Beach-Anaheim, CA",6,California,37,Los Angeles,34.1365,-117.92391
05/24/2015,AQS,2,10.4,ppb,9,Azusa,23,96,42602,Nitrogen dioxide (NO2),74,31080,"Los Angeles-Long Beach-Anaheim, CA",6,California,37,Los Angeles,34.1365,-117.92391
05/25/2015,AQS,2,11.6,ppb,10,Azusa,22,92,42602,Nitrogen dioxide (NO2),74,31080,"Los Angeles-Long Beach-Anaheim, CA",6,California,37,Los Angeles,34.1365,-117.92391
05/26/2015,AQS,2,18.9,ppb,17,Azusa,22,92,42602,Nitrogen dioxide (NO2),74,31080,"Los Angeles-Long Beach-Anaheim, CA",6,California,37,Los Angeles,34.1365,-117.92391
05/27/2015,AQS,2,20.6,ppb,19,Azusa,21,88,42602,Nitrogen dioxide (NO2),74,31080,"Los Angeles-Long Beach-Anaheim, CA",6,California,37,Los Angeles,34.1365,-117.92391
05/28/2015,AQS,2,25,ppb,24,Azusa,22,92,42602,Nitrogen dioxide (NO2),74,31080,"Los Angeles-Long Beach-Anaheim, CA",6,California,37,Los Angeles,34.1365,-117.92391
05/29/2015,AQS,2,25.9,ppb,24,Azusa,22,92,42602,Nitrogen dioxide (NO2),74,31080,"Los Angeles-Long Beach-Anaheim, CA",6,California,37,Los Angeles,34.1365,-117.92391
05/30/2015,AQS,2,28.9,ppb,26,Azusa,23,96,42602,Nitrogen dioxide (NO2),74,31080,"Los Angeles-Long Beach-Anaheim, CA",6,California,37,Los Angeles,34.1365,-117.92391
05/31/2015,AQS,2,16.1,ppb,15,Azusa,23,96,42602,Nitrogen dioxide (NO2),74,31080,"Los Angeles-Long Beach-Anaheim, CA",6,California,37,Los Angeles,34.1365,-117.92391
06/01/2015,AQS,2,25.2,ppb,24,Azusa,22,92,42602,Nitrogen dioxide (NO2),74,31080,"Los Angeles-Long Beach-Anaheim, CA",6,California,37,Los Angeles,34.1365,-117.92391
06/02/2015,AQS,2,22.6,ppb,21,Azusa,21,88,42602,Nitrogen dioxide (NO2),74,31080,"Los Angeles-Long Beach-Anaheim, CA",6,California,37,Los Angeles,34.1365,-117.92391
06/03/2015,AQS,2,15.6,ppb,14,Azusa,22,92,42602,Nitrogen dioxide (NO2),74,31080,"Los Angeles-Long Beach-Anaheim, CA",6,California,37,Los Angeles,34.1365,-117.92391
06/04/2015,AQS,2,17.4,ppb,16,Azusa,23,96,42602,Nitrogen dioxide (NO2),74,31080,"Los Angeles-Long Beach-Anaheim, CA",6,California,37,Los Angeles,34.1365,-117.92391
06/05/2015,AQS,2,10.3,ppb,9,Azusa,22,92,42602,Nitrogen dioxide (NO2),74,31080,"Los Angeles-Long Beach-Anaheim, CA",6,California,37,Los Angeles,34.1365,-117.92391
06/06/2015,AQS,2,20.1,ppb,19,Azusa,23,96,42602,Nitrogen dioxide (NO2),74,31080,"Los Angeles-Long Beach-Anaheim, CA",6,California,37,Los Angeles,34.1365,-117.92391
06/07/2015,AQS,2,19.4,ppb,18,Azusa,22,92,42602,Nitrogen dioxide (NO2),74,31080,"Los Angeles-Long Beach-Anaheim, CA",6,California,37,Los Angeles,34.1365,-117.92391
06/08/2015,AQS,2,39.1,ppb,37,Azusa,22,92,42602,Nitrogen dioxide (NO2),74,31080,"Los Angeles-Long Beach-Anaheim, CA",6,California,37,Los Angeles,34.1365,-117.92391
06/09/2015,AQS,2,40.1,ppb,38,Azusa,21,88,42602,Nitrogen dioxide (NO2),74,31080,"Los Angeles-Long Beach-Anaheim, CA",6,California,37,Los Angeles,34.1365,-117.92391
06/10/2015,AQS,2,18.4,ppb,17,Azusa,22,92,42602,Nitrogen dioxide (NO2),74,31080,"Los Angeles-Long Beach-Anaheim, CA",6,California,37,Los Angeles,34.1365,-117.92391
06/11/2015,AQS,2,18.3,ppb,17,Azusa,22,92,42602,Nitrogen dioxide (NO2),74,31080,"Los Angeles-Long Beach-Anaheim, CA",6,California,37,Los Angeles,34.1365,-117.92391
06/12/2015,AQS,2,19.2,ppb,18,Azusa,23,96,42602,Nitrogen dioxide (NO2),74,31080,"Los Angeles-Long Beach-Anaheim, CA",6,California,37,Los Angeles,34.1365,-117.92391
06/13/2015,AQS,2,16.3,ppb,15,Azusa,23,96,42602,Nitrogen dioxide (NO2),74,31080,"Los Angeles-Long Beach-Anaheim, CA",6,California,37,Los Angeles,34.1365,-117.92391
06/14/2015,AQS,2,12,ppb,11,Azusa,22,92,42602,Nitrogen dioxide (NO2),74,31080,"Los Angeles-Long Beach-Anaheim, CA",6,California,37,Los Angeles,34.1365,-117.92391
06/15/2015,AQS,2,26,ppb,25,Azusa,23,96,42602,Nitrogen dioxide (NO2),74,31080,"Los Angeles-Long Beach-Anaheim, CA",6,California,37,Los Angeles,34.1365,-117.92391
06/16/2015,AQS,2,27.5,ppb,25,Azusa,21,88,42602,Nitrogen dioxide (NO2),74,31080,"Los Angeles-Long Beach-Anaheim, CA",6,California,37,Los Angeles,34.1365,-117.92391
06/17/2015,AQS,2,30.8,ppb,28,Azusa,21,88,42602,Nitrogen dioxide (NO2),74,31080,"Los Angeles-Long Beach-Anaheim, CA",6,California,37,Los Angeles,34.1365,-117.92391
06/18/2015,AQS,2,40.9,ppb,38,Azusa,22,92,42602,Nitrogen dioxide (NO2),74,31080,"Los Angeles-Long Beach-Anaheim, CA",6,California,37,Los Angeles,34.1365,-117.92391
06/19/2015,AQS,2,42.1,ppb,40,Azusa,23,96,42602,Nitrogen dioxide (NO2),74,31080,"Los Angeles-Long Beach-Anaheim, CA",6,California,37,Los Angeles,34.1365,-117.92391
06/20/2015,AQS,2,40.2,ppb,38,Azusa,23,96,42602,Nitrogen dioxide (NO2),74,31080,"Los Angeles-Long Beach-Anaheim, CA",6,California,37,Los Angeles,34.1365,-117.92391
06/21/2015,AQS,2,17.6,ppb,16,Azusa,22,92,42602,Nitrogen dioxide (NO2),74,31080,"Los Angeles-Long Beach-Anaheim, CA",6,California,37,Los Angeles,34.1365,-117.92391
06/22/2015,AQS,2,31.5,ppb,29,Azusa,23,96,42602,Nitrogen dioxide (NO2),74,31080,"Los Angeles-Long Beach-Anaheim, CA",6,California,37,Los Angeles,34.1365,-117.92391
06/23/2015,AQS,2,33.1,ppb,31,Azusa,22,92,42602,Nitrogen dioxide (NO2),74,31080,"Los Angeles-Long Beach-Anaheim, CA",6,California,37,Los Angeles,34.1365,-117.92391
06/24/2015,AQS,2,38.4,ppb,36,Azusa,21,88,42602,Nitrogen dioxide (NO2),74,31080,"Los Angeles-Long Beach-Anaheim, CA",6,California,37,Los Angeles,34.1365,-117.92391
06/25/2015,AQS,2,31.6,ppb,29,Azusa,21,88,42602,Nitrogen dioxide (NO2),74,31080,"Los Angeles-Long Beach-Anaheim, CA",6,California,37,Los Angeles,34.1365,-117.92391
06/26/2015,AQS,2,25.6,ppb,24,Azusa,22,92,42602,Nitrogen dioxide (NO2),74,31080,"Los Angeles-Long Beach-Anaheim, CA",6,California,37,Los Angeles,34.1365,-117.92391
06/27/2015,AQS,2,26.1,ppb,25,Azusa,22,92,42602,Nitrogen dioxide (NO2),74,31080,"Los Angeles-Long Beach-Anaheim, CA",6,California,37,Los Angeles,34.1365,-117.92391
06/28/2015,AQS,2,24.7,ppb,23,Azusa,22,92,42602,Nitrogen dioxide (NO2),74,31080,"Los Angeles-Long Beach-Anaheim, CA",6,California,37,Los Angeles,34.1365,-117.92391
06/29/2015,AQS,2,28.7,ppb,26,Azusa,21,88,42602,Nitrogen dioxide (NO2),74,31080,"Los Angeles-Long Beach-Anaheim, CA",6,California,37,Los Angeles,34.1365,-117.92391
06/30/2015,AQS,2,39,ppb,37,Azusa,22,92,42602,Nitrogen dioxide (NO2),74,31080,"Los Angeles-Long Beach-Anaheim, CA",6,California,37,Los Angeles,34.1365,-117.92391
07/01/2015,AQS,2,37.6,ppb,35,Azusa,22,92,42602,Nitrogen dioxide (NO2),74,31080,"Los Angeles-Long Beach-Anaheim, CA",6,California,37,Los Angeles,34.1365,-117.92391
07/02/2015,AQS,2,29.9,ppb,27,Azusa,23,96,42602,Nitrogen dioxide (NO2),74,31080,"Los Angeles-Long Beach-Anaheim, CA",6,California,37,Los Angeles,34.1365,-117.92391
07/03/2015,AQS,2,23.1,ppb,22,Azusa,22,92,42602,Nitrogen dioxide (NO2),74,31080,"Los Angeles-Long Beach-Anaheim, CA",6,California,37,Los Angeles,34.1365,-117.92391
07/04/2015,AQS,2,15.8,ppb,14,Azusa,19,79,42602,Nitrogen dioxide (NO2),74,31080,"Los Angeles-Long Beach-Anaheim, CA",6,California,37,Los Angeles,34.1365,-117.92391
07/05/2015,AQS,2,13.8,ppb,12,Azusa,22,92,42602,Nitrogen dioxide (NO2),74,31080,"Los Angeles-Long Beach-Anaheim, CA",6,California,37,Los Angeles,34.1365,-117.92391
07/06/2015,AQS,2,20.4,ppb,19,Azusa,22,92,42602,Nitrogen dioxide (NO2),74,31080,"Los Angeles-Long Beach-Anaheim, CA",6,California,37,Los Angeles,34.1365,-117.92391
07/07/2015,AQS,2,20.8,ppb,19,Azusa,22,92,42602,Nitrogen dioxide (NO2),74,31080,"Los Angeles-Long Beach-Anaheim, CA",6,California,37,Los Angeles,34.1365,-117.92391
07/08/2015,AQS,2,16,ppb,15,Azusa,23,96,42602,Nitrogen dioxide (NO2),74,31080,"Los Angeles-Long Beach-Anaheim, CA",6,California,37,Los Angeles,34.1365,-117.92391
07/09/2015,AQS,2,16.5,ppb,15,Azusa,23,96,42602,Nitrogen dioxide (NO2),74,31080,"Los Angeles-Long Beach-Anaheim, CA",6,California,37,Los Angeles,34.1365,-117.92391
07/10/2015,AQS,2,15.6,ppb,14,Azusa,23,96,42602,Nitrogen dioxide (NO2),74,31080,"Los Angeles-Long Beach-Anaheim, CA",6,California,37,Los Angeles,34.1365,-117.92391
07/11/2015,AQS,2,15.5,ppb,14,Azusa,23,96,42602,Nitrogen dioxide (NO2),74,31080,"Los Angeles-Long Beach-Anaheim, CA",6,California,37,Los Angeles,34.1365,-117.92391
07/12/2015,AQS,2,10.4,ppb,9,Azusa,22,92,42602,Nitrogen dioxide (NO2),74,31080,"Los Angeles-Long Beach-Anaheim, CA",6,California,37,Los Angeles,34.1365,-117.92391
07/13/2015,AQS,2,26.2,ppb,25,Azusa,22,92,42602,Nitrogen dioxide (NO2),74,31080,"Los Angeles-Long Beach-Anaheim, CA",6,California,37,Los Angeles,34.1365,-117.92391
07/14/2015,AQS,2,22.1,ppb,21,Azusa,22,92,42602,Nitrogen dioxide (NO2),74,31080,"Los Angeles-Long Beach-Anaheim, CA",6,California,37,Los Angeles,34.1365,-117.92391
07/15/2015,AQS,2,18.2,ppb,17,Azusa,22,92,42602,Nitrogen dioxide (NO2),74,31080,"Los Angeles-Long Beach-Anaheim, CA",6,California,37,Los Angeles,34.1365,-117.92391
07/16/2015,AQS,2,20.2,ppb,19,Azusa,20,83,42602,Nitrogen dioxide (NO2),74,31080,"Los Angeles-Long Beach-Anaheim, CA",6,California,37,Los Angeles,34.1365,-117.92391
07/17/2015,AQS,2,24.2,ppb,23,Azusa,18,75,42602,Nitrogen dioxide (NO2),74,31080,"Los Angeles-Long Beach-Anaheim, CA",6,California,37,Los Angeles,34.1365,-117.92391
07/18/2015,AQS,2,28.8,ppb,26,Azusa,23,96,42602,Nitrogen dioxide (NO2),74,31080,"Los Angeles-Long Beach-Anaheim, CA",6,California,37,Los Angeles,34.1365,-117.92391
07/19/2015,AQS,2,7.1,ppb,7,Azusa,23,96,42602,Nitrogen dioxide (NO2),74,31080,"Los Angeles-Long Beach-Anaheim, CA",6,California,37,Los Angeles,34.1365,-117.92391
07/20/2015,AQS,2,14.8,ppb,13,Azusa,23,96,42602,Nitrogen dioxide (NO2),74,31080,"Los Angeles-Long Beach-Anaheim, CA",6,California,37,Los Angeles,34.1365,-117.92391
07/21/2015,AQS,2,17.1,ppb,16,Azusa,18,75,42602,Nitrogen dioxide (NO2),74,31080,"Los Angeles-Long Beach-Anaheim, CA",6,California,37,Los Angeles,34.1365,-117.92391
07/22/2015,AQS,2,15,ppb,14,Azusa,21,88,42602,Nitrogen dioxide (NO2),74,31080,"Los Angeles-Long Beach-Anaheim, CA",6,California,37,Los Angeles,34.1365,-117.92391
07/24/2015,AQS,2,26.1,ppb,25,Azusa,19,79,42602,Nitrogen dioxide (NO2),74,31080,"Los Angeles-Long Beach-Anaheim, CA",6,California,37,Los Angeles,34.1365,-117.92391
07/25/2015,AQS,2,22.1,ppb,21,Azusa,23,96,42602,Nitrogen dioxide (NO2),74,31080,"Los Angeles-Long Beach-Anaheim, CA",6,California,37,Los Angeles,34.1365,-117.92391
07/26/2015,AQS,2,17.7,ppb,16,Azusa,23,96,42602,Nitrogen dioxide (NO2),74,31080,"Los Angeles-Long Beach-Anaheim, CA",6,California,37,Los Angeles,34.1365,-117.92391
07/27/2015,AQS,2,23,ppb,22,Azusa,23,96,42602,Nitrogen dioxide (NO2),74,31080,"Los Angeles-Long Beach-Anaheim, CA",6,California,37,Los Angeles,34.1365,-117.92391
07/29/2015,AQS,2,22.5,ppb,21,Azusa,20,83,42602,Nitrogen dioxide (NO2),74,31080,"Los Angeles-Long Beach-Anaheim, CA",6,California,37,Los Angeles,34.1365,-117.92391
07/30/2015,AQS,2,27.8,ppb,25,Azusa,23,96,42602,Nitrogen dioxide (NO2),74,31080,"Los Angeles-Long Beach-Anaheim, CA",6,California,37,Los Angeles,34.1365,-117.92391
07/31/2015,AQS,2,22.4,ppb,21,Azusa,23,96,42602,Nitrogen dioxide (NO2),74,31080,"Los Angeles-Long Beach-Anaheim, CA",6,California,37,Los Angeles,34.1365,-117.92391
08/01/2015,AQS,2,23.7,ppb,22,Azusa,23,96,42602,Nitrogen dioxide (NO2),74,31080,"Los Angeles-Long Beach-Anaheim, CA",6,California,37,Los Angeles,34.1365,-117.92391
08/02/2015,AQS,2,20.8,ppb,19,Azusa,23,96,42602,Nitrogen dioxide (NO2),74,31080,"Los Angeles-Long Beach-Anaheim, CA",6,California,37,Los Angeles,34.1365,-117.92391
08/03/2015,AQS,2,20.1,ppb,19,Azusa,21,88,42602,Nitrogen dioxide (NO2),74,31080,"Los Angeles-Long Beach-Anaheim, CA",6,California,37,Los Angeles,34.1365,-117.92391
08/04/2015,AQS,2,29.6,ppb,27,Azusa,22,92,42602,Nitrogen dioxide (NO2),74,31080,"Los Angeles-Long Beach-Anaheim, CA",6,California,37,Los Angeles,34.1365,-117.92391
08/05/2015,AQS,2,30.8,ppb,28,Azusa,23,96,42602,Nitrogen dioxide (NO2),74,31080,"Los Angeles-Long Beach-Anaheim, CA",6,California,37,Los Angeles,34.1365,-117.92391
08/06/2015,AQS,2,33.6,ppb,31,Azusa,23,96,42602,Nitrogen dioxide (NO2),74,31080,"Los Angeles-Long Beach-Anaheim, CA",6,California,37,Los Angeles,34.1365,-117.92391
08/07/2015,AQS,2,25.7,ppb,24,Azusa,22,92,42602,Nitrogen dioxide (NO2),74,31080,"Los Angeles-Long Beach-Anaheim, CA",6,California,37,Los Angeles,34.1365,-117.92391
08/08/2015,AQS,2,13.9,ppb,12,Azusa,23,96,42602,Nitrogen dioxide (NO2),74,31080,"Los Angeles-Long Beach-Anaheim, CA",6,California,37,Los Angeles,34.1365,-117.92391
08/09/2015,AQS,2,12.1,ppb,11,Azusa,22,92,42602,Nitrogen dioxide (NO2),74,31080,"Los Angeles-Long Beach-Anaheim, CA",6,California,37,Los Angeles,34.1365,-117.92391
08/10/2015,AQS,2,14.2,ppb,13,Azusa,23,96,42602,Nitrogen dioxide (NO2),74,31080,"Los Angeles-Long Beach-Anaheim, CA",6,California,37,Los Angeles,34.1365,-117.92391
08/11/2015,AQS,2,19.5,ppb,18,Azusa,22,92,42602,Nitrogen dioxide (NO2),74,31080,"Los Angeles-Long Beach-Anaheim, CA",6,California,37,Los Angeles,34.1365,-117.92391
08/12/2015,AQS,2,36.9,ppb,34,Azusa,22,92,42602,Nitrogen dioxide (NO2),74,31080,"Los Angeles-Long Beach-Anaheim, CA",6,California,37,Los Angeles,34.1365,-117.92391
08/13/2015,AQS,2,38,ppb,36,Azusa,21,88,42602,Nitrogen dioxide (NO2),74,31080,"Los Angeles-Long Beach-Anaheim, CA",6,California,37,Los Angeles,34.1365,-117.92391
08/14/2015,AQS,2,40.3,ppb,38,Azusa,22,92,42602,Nitrogen dioxide (NO2),74,31080,"Los Angeles-Long Beach-Anaheim, CA",6,California,37,Los Angeles,34.1365,-117.92391
08/15/2015,AQS,2,36,ppb,34,Azusa,21,88,42602,Nitrogen dioxide (NO2),74,31080,"Los Angeles-Long Beach-Anaheim, CA",6,California,37,Los Angeles,34.1365,-117.92391
08/16/2015,AQS,2,27.5,ppb,25,Azusa,22,92,42602,Nitrogen dioxide (NO2),74,31080,"Los Angeles-Long Beach-Anaheim, CA",6,California,37,Los Angeles,34.1365,-117.92391
08/17/2015,AQS,2,24.2,ppb,23,Azusa,21,88,42602,Nitrogen dioxide (NO2),74,31080,"Los Angeles-Long Beach-Anaheim, CA",6,California,37,Los Angeles,34.1365,-117.92391
09/02/2015,AQS,2,24.1,ppb,23,Azusa,22,92,42602,Nitrogen dioxide (NO2),74,31080,"Los Angeles-Long Beach-Anaheim, CA",6,California,37,Los Angeles,34.1365,-117.92391
09/03/2015,AQS,2,17.8,ppb,16,Azusa,22,92,42602,Nitrogen dioxide (NO2),74,31080,"Los Angeles-Long Beach-Anaheim, CA",6,California,37,Los Angeles,34.1365,-117.92391
09/04/2015,AQS,2,15.4,ppb,14,Azusa,23,96,42602,Nitrogen dioxide (NO2),74,31080,"Los Angeles-Long Beach-Anaheim, CA",6,California,37,Los Angeles,34.1365,-117.92391
09/05/2015,AQS,2,14.6,ppb,13,Azusa,22,92,42602,Nitrogen dioxide (NO2),74,31080,"Los Angeles-Long Beach-Anaheim, CA",6,California,37,Los Angeles,34.1365,-117.92391
09/06/2015,AQS,2,26,ppb,25,Azusa,23,96,42602,Nitrogen dioxide (NO2),74,31080,"Los Angeles-Long Beach-Anaheim, CA",6,California,37,Los Angeles,34.1365,-117.92391
09/07/2015,AQS,2,38.9,ppb,36,Azusa,23,96,42602,Nitrogen dioxide (NO2),74,31080,"Los Angeles-Long Beach-Anaheim, CA",6,California,37,Los Angeles,34.1365,-117.92391
09/08/2015,AQS,2,33.3,ppb,31,Azusa,22,92,42602,Nitrogen dioxide (NO2),74,31080,"Los Angeles-Long Beach-Anaheim, CA",6,California,37,Los Angeles,34.1365,-117.92391
09/09/2015,AQS,2,28.2,ppb,26,Azusa,23,96,42602,Nitrogen dioxide (NO2),74,31080,"Los Angeles-Long Beach-Anaheim, CA",6,California,37,Los Angeles,34.1365,-117.92391
09/10/2015,AQS,2,37.4,ppb,35,Azusa,23,96,42602,Nitrogen dioxide (NO2),74,31080,"Los Angeles-Long Beach-Anaheim, CA",6,California,37,Los Angeles,34.1365,-117.92391
09/11/2015,AQS,2,33.9,ppb,31,Azusa,23,96,42602,Nitrogen dioxide (NO2),74,31080,"Los Angeles-Long Beach-Anaheim, CA",6,California,37,Los Angeles,34.1365,-117.92391
09/12/2015,AQS,2,25.9,ppb,24,Azusa,23,96,42602,Nitrogen dioxide (NO2),74,31080,"Los Angeles-Long Beach-Anaheim, CA",6,California,37,Los Angeles,34.1365,-117.92391
09/13/2015,AQS,2,20.4,ppb,19,Azusa,23,96,42602,Nitrogen dioxide (NO2),74,31080,"Los Angeles-Long Beach-Anaheim, CA",6,California,37,Los Angeles,34.1365,-117.92391
09/14/2015,AQS,2,12.9,ppb,11,Azusa,23,96,42602,Nitrogen dioxide (NO2),74,31080,"Los Angeles-Long Beach-Anaheim, CA",6,California,37,Los Angeles,34.1365,-117.92391
09/15/2015,AQS,2,12.2,ppb,11,Azusa,22,92,42602,Nitrogen dioxide (NO2),74,31080,"Los Angeles-Long Beach-Anaheim, CA",6,California,37,Los Angeles,34.1365,-117.92391
09/16/2015,AQS,2,16.7,ppb,15,Azusa,22,92,42602,Nitrogen dioxide (NO2),74,31080,"Los Angeles-Long Beach-Anaheim, CA",6,California,37,Los Angeles,34.1365,-117.92391
09/17/2015,AQS,2,18.2,ppb,17,Azusa,22,92,42602,Nitrogen dioxide (NO2),74,31080,"Los Angeles-Long Beach-Anaheim, CA",6,California,37,Los Angeles,34.1365,-117.92391
09/18/2015,AQS,2,35.9,ppb,33,Azusa,23,96,42602,Nitrogen dioxide (NO2),74,31080,"Los Angeles-Long Beach-Anaheim, CA",6,California,37,Los Angeles,34.1365,-117.92391
09/19/2015,AQS,2,38.9,ppb,36,Azusa,23,96,42602,Nitrogen dioxide (NO2),74,31080,"Los Angeles-Long Beach-Anaheim, CA",6,California,37,Los Angeles,34.1365,-117.92391
09/20/2015,AQS,2,24.8,ppb,23,Azusa,23,96,42602,Nitrogen dioxide (NO2),74,31080,"Los Angeles-Long Beach-Anaheim, CA",6,California,37,Los Angeles,34.1365,-117.92391
09/21/2015,AQS,2,36.2,ppb,34,Azusa,23,96,42602,Nitrogen dioxide (NO2),74,31080,"Los Angeles-Long Beach-Anaheim, CA",6,California,37,Los Angeles,34.1365,-117.92391
09/22/2015,AQS,2,24.4,ppb,23,Azusa,22,92,42602,Nitrogen dioxide (NO2),74,31080,"Los Angeles-Long Beach-Anaheim, CA",6,California,37,Los Angeles,34.1365,-117.92391
09/23/2015,AQS,2,39.2,ppb,37,Azusa,23,96,42602,Nitrogen dioxide (NO2),74,31080,"Los Angeles-Long Beach-Anaheim, CA",6,California,37,Los Angeles,34.1365,-117.92391
09/24/2015,AQS,2,40.2,ppb,38,Azusa,21,88,42602,Nitrogen dioxide (NO2),74,31080,"Los Angeles-Long Beach-Anaheim, CA",6,California,37,Los Angeles,34.1365,-117.92391
09/25/2015,AQS,2,37.8,ppb,35,Azusa,23,96,42602,Nitrogen dioxide (NO2),74,31080,"Los Angeles-Long Beach-Anaheim, CA",6,California,37,Los Angeles,34.1365,-117.92391
09/26/2015,AQS,2,39.8,ppb,37,Azusa,23,96,42602,Nitrogen dioxide (NO2),74,31080,"Los Angeles-Long Beach-Anaheim, CA",6,California,37,Los Angeles,34.1365,-117.92391
09/27/2015,AQS,2,28.3,ppb,26,Azusa,23,96,42602,Nitrogen dioxide (NO2),74,31080,"Los Angeles-Long Beach-Anaheim, CA",6,California,37,Los Angeles,34.1365,-117.92391
09/28/2015,AQS,2,35.5,ppb,33,Azusa,22,92,42602,Nitrogen dioxide (NO2),74,31080,"Los Angeles-Long Beach-Anaheim, CA",6,California,37,Los Angeles,34.1365,-117.92391
09/29/2015,AQS,2,34.6,ppb,32,Azusa,22,92,42602,Nitrogen dioxide (NO2),74,31080,"Los Angeles-Long Beach-Anaheim, CA",6,California,37,Los Angeles,34.1365,-117.92391
09/30/2015,AQS,2,48.3,ppb,45,Azusa,22,92,42602,Nitrogen dioxide (NO2),74,31080,"Los Angeles-Long Beach-Anaheim, CA",6,California,37,Los Angeles,34.1365,-117.92391
10/01/2015,AQS,2,39.7,ppb,37,Azusa,21,88,42602,Nitrogen dioxide (NO2),74,31080,"Los Angeles-Long Beach-Anaheim, CA",6,California,37,Los Angeles,34.1365,-117.92391
10/02/2015,AQS,2,21.6,ppb,20,Azusa,22,92,42602,Nitrogen dioxide (NO2),74,31080,"Los Angeles-Long Beach-Anaheim, CA",6,California,37,Los Angeles,34.1365,-117.92391
10/03/2015,AQS,2,21.5,ppb,20,Azusa,22,92,42602,Nitrogen dioxide (NO2),74,31080,"Los Angeles-Long Beach-Anaheim, CA",6,California,37,Los Angeles,34.1365,-117.92391
10/04/2015,AQS,2,8.7,ppb,8,Azusa,23,96,42602,Nitrogen dioxide (NO2),74,31080,"Los Angeles-Long Beach-Anaheim, CA",6,California,37,Los Angeles,34.1365,-117.92391
10/05/2015,AQS,2,13.3,ppb,12,Azusa,21,88,42602,Nitrogen dioxide (NO2),74,31080,"Los Angeles-Long Beach-Anaheim, CA",6,California,37,Los Angeles,34.1365,-117.92391
10/06/2015,AQS,2,17.1,ppb,16,Azusa,19,79,42602,Nitrogen dioxide (NO2),74,31080,"Los Angeles-Long Beach-Anaheim, CA",6,California,37,Los Angeles,34.1365,-117.92391
10/07/2015,AQS,2,26.9,ppb,25,Azusa,23,96,42602,Nitrogen dioxide (NO2),74,31080,"Los Angeles-Long Beach-Anaheim, CA",6,California,37,Los Angeles,34.1365,-117.92391
10/08/2015,AQS,2,42.5,ppb,40,Azusa,22,92,42602,Nitrogen dioxide (NO2),74,31080,"Los Angeles-Long Beach-Anaheim, CA",6,California,37,Los Angeles,34.1365,-117.92391
10/09/2015,AQS,2,39.5,ppb,37,Azusa,23,96,42602,Nitrogen dioxide (NO2),74,31080,"Los Angeles-Long Beach-Anaheim, CA",6,California,37,Los Angeles,34.1365,-117.92391
10/10/2015,AQS,2,23.1,ppb,22,Azusa,22,92,42602,Nitrogen dioxide (NO2),74,31080,"Los Angeles-Long Beach-Anaheim, CA",6,California,37,Los Angeles,34.1365,-117.92391
10/11/2015,AQS,2,12.1,ppb,11,Azusa,22,92,42602,Nitrogen dioxide (NO2),74,31080,"Los Angeles-Long Beach-Anaheim, CA",6,California,37,Los Angeles,34.1365,-117.92391
10/12/2015,AQS,2,36.6,ppb,34,Azusa,23,96,42602,Nitrogen dioxide (NO2),74,31080,"Los Angeles-Long Beach-Anaheim, CA",6,California,37,Los Angeles,34.1365,-117.92391
10/13/2015,AQS,2,18,ppb,17,Azusa,22,92,42602,Nitrogen dioxide (NO2),74,31080,"Los Angeles-Long Beach-Anaheim, CA",6,California,37,Los Angeles,34.1365,-117.92391
10/14/2015,AQS,2,32,ppb,30,Azusa,21,88,42602,Nitrogen dioxide (NO2),74,31080,"Los Angeles-Long Beach-Anaheim, CA",6,California,37,Los Angeles,34.1365,-117.92391
10/15/2015,AQS,2,26.2,ppb,25,Azusa,23,96,42602,Nitrogen dioxide (NO2),74,31080,"Los Angeles-Long Beach-Anaheim, CA",6,California,37,Los Angeles,34.1365,-117.92391
10/17/2015,AQS,2,17.1,ppb,16,Azusa,22,92,42602,Nitrogen dioxide (NO2),74,31080,"Los Angeles-Long Beach-Anaheim, CA",6,California,37,Los Angeles,34.1365,-117.92391
10/18/2015,AQS,2,10.1,ppb,9,Azusa,22,92,42602,Nitrogen dioxide (NO2),74,31080,"Los Angeles-Long Beach-Anaheim, CA",6,California,37,Los Angeles,34.1365,-117.92391
10/19/2015,AQS,2,15.5,ppb,14,Azusa,23,96,42602,Nitrogen dioxide (NO2),74,31080,"Los Angeles-Long Beach-Anaheim, CA",6,California,37,Los Angeles,34.1365,-117.92391
10/20/2015,AQS,2,19.8,ppb,18,Azusa,22,92,42602,Nitrogen dioxide (NO2),74,31080,"Los Angeles-Long Beach-Anaheim, CA",6,California,37,Los Angeles,34.1365,-117.92391
10/22/2015,AQS,2,23.3,ppb,22,Azusa,20,83,42602,Nitrogen dioxide (NO2),74,31080,"Los Angeles-Long Beach-Anaheim, CA",6,California,37,Los Angeles,34.1365,-117.92391
10/23/2015,AQS,2,41.6,ppb,39,Azusa,19,79,42602,Nitrogen dioxide (NO2),74,31080,"Los Angeles-Long Beach-Anaheim, CA",6,California,37,Los Angeles,34.1365,-117.92391
10/24/2015,AQS,2,32.3,ppb,30,Azusa,23,96,42602,Nitrogen dioxide (NO2),74,31080,"Los Angeles-Long Beach-Anaheim, CA",6,California,37,Los Angeles,34.1365,-117.92391
10/25/2015,AQS,2,27.5,ppb,25,Azusa,22,92,42602,Nitrogen dioxide (NO2),74,31080,"Los Angeles-Long Beach-Anaheim, CA",6,California,37,Los Angeles,34.1365,-117.92391
10/26/2015,AQS,2,37,ppb,35,Azusa,23,96,42602,Nitrogen dioxide (NO2),74,31080,"Los Angeles-Long Beach-Anaheim, CA",6,California,37,Los Angeles,34.1365,-117.92391
10/27/2015,AQS,2,48.3,ppb,45,Azusa,22,92,42602,Nitrogen dioxide (NO2),74,31080,"Los Angeles-Long Beach-Anaheim, CA",6,California,37,Los Angeles,34.1365,-117.92391
10/28/2015,AQS,2,49.6,ppb,46,Azusa,23,96,42602,Nitrogen dioxide (NO2),74,31080,"Los Angeles-Long Beach-Anaheim, CA",6,California,37,Los Angeles,34.1365,-117.92391
10/29/2015,AQS,2,31.7,ppb,29,Azusa,23,96,42602,Nitrogen dioxide (NO2),74,31080,"Los Angeles-Long Beach-Anaheim, CA",6,California,37,Los Angeles,34.1365,-117.92391
10/30/2015,AQS,2,32.5,ppb,30,Azusa,23,96,42602,Nitrogen dioxide (NO2),74,31080,"Los Angeles-Long Beach-Anaheim, CA",6,California,37,Los Angeles,34.1365,-117.92391
10/31/2015,AQS,2,35.1,ppb,33,Azusa,23,96,42602,Nitrogen dioxide (NO2),74,31080,"Los Angeles-Long Beach-Anaheim, CA",6,California,37,Los Angeles,34.1365,-117.92391
11/01/2015,AQS,2,23.4,ppb,22,Azusa,22,92,42602,Nitrogen dioxide (NO2),74,31080,"Los Angeles-Long Beach-Anaheim, CA",6,California,37,Los Angeles,34.1365,-117.92391
11/02/2015,AQS,2,29.6,ppb,27,Azusa,23,96,42602,Nitrogen dioxide (NO2),74,31080,"Los Angeles-Long Beach-Anaheim, CA",6,California,37,Los Angeles,34.1365,-117.92391
11/03/2015,AQS,2,13.2,ppb,12,Azusa,22,92,42602,Nitrogen dioxide (NO2),74,31080,"Los Angeles-Long Beach-Anaheim, CA",6,California,37,Los Angeles,34.1365,-117.92391
11/04/2015,AQS,2,13.1,ppb,12,Azusa,23,96,42602,Nitrogen dioxide (NO2),74,31080,"Los Angeles-Long Beach-Anaheim, CA",6,California,37,Los Angeles,34.1365,-117.92391
11/06/2015,AQS,2,29.8,ppb,27,Azusa,23,96,42602,Nitrogen dioxide (NO2),74,31080,"Los Angeles-Long Beach-Anaheim, CA",6,California,37,Los Angeles,34.1365,-117.92391
11/07/2015,AQS,2,24.1,ppb,23,Azusa,23,96,42602,Nitrogen dioxide (NO2),74,31080,"Los Angeles-Long Beach-Anaheim, CA",6,California,37,Los Angeles,34.1365,-117.92391
11/08/2015,AQS,2,15.2,ppb,14,Azusa,23,96,42602,Nitrogen dioxide (NO2),74,31080,"Los Angeles-Long Beach-Anaheim, CA",6,California,37,Los Angeles,34.1365,-117.92391
11/09/2015,AQS,2,34.5,ppb,32,Azusa,23,96,42602,Nitrogen dioxide (NO2),74,31080,"Los Angeles-Long Beach-Anaheim, CA",6,California,37,Los Angeles,34.1365,-117.92391
11/10/2015,AQS,2,18,ppb,17,Azusa,22,92,42602,Nitrogen dioxide (NO2),74,31080,"Los Angeles-Long Beach-Anaheim, CA",6,California,37,Los Angeles,34.1365,-117.92391
11/11/2015,AQS,2,39.7,ppb,37,Azusa,23,96,42602,Nitrogen dioxide (NO2),74,31080,"Los Angeles-Long Beach-Anaheim, CA",6,California,37,Los Angeles,34.1365,-117.92391
11/12/2015,AQS,2,28,ppb,26,Azusa,23,96,42602,Nitrogen dioxide (NO2),74,31080,"Los Angeles-Long Beach-Anaheim, CA",6,California,37,Los Angeles,34.1365,-117.92391
11/13/2015,AQS,2,41.8,ppb,39,Azusa,23,96,42602,Nitrogen dioxide (NO2),74,31080,"Los Angeles-Long Beach-Anaheim, CA",6,California,37,Los Angeles,34.1365,-117.92391
11/14/2015,AQS,2,33.9,ppb,31,Azusa,23,96,42602,Nitrogen dioxide (NO2),74,31080,"Los Angeles-Long Beach-Anaheim, CA",6,California,37,Los Angeles,34.1365,-117.92391
11/15/2015,AQS,2,32,ppb,30,Azusa,23,96,42602,Nitrogen dioxide (NO2),74,31080,"Los Angeles-Long Beach-Anaheim, CA",6,California,37,Los Angeles,34.1365,-117.92391
11/16/2015,AQS,2,31.2,ppb,29,Azusa,23,96,42602,Nitrogen dioxide (NO2),74,31080,"Los Angeles-Long Beach-Anaheim, CA",6,California,37,Los Angeles,34.1365,-117.92391
11/17/2015,AQS,2,40.2,ppb,38,Azusa,22,92,42602,Nitrogen dioxide (NO2),74,31080,"Los Angeles-Long Beach-Anaheim, CA",6,California,37,Los Angeles,34.1365,-117.92391
11/18/2015,AQS,2,45.4,ppb,42,Azusa,23,96,42602,Nitrogen dioxide (NO2),74,31080,"Los Angeles-Long Beach-Anaheim, CA",6,California,37,Los Angeles,34.1365,-117.92391
11/19/2015,AQS,2,52.6,ppb,49,Azusa,23,96,42602,Nitrogen dioxide (NO2),74,31080,"Los Angeles-Long Beach-Anaheim, CA",6,California,37,Los Angeles,34.1365,-117.92391
11/20/2015,AQS,2,67.7,ppb,65,Azusa,20,83,42602,Nitrogen dioxide (NO2),74,31080,"Los Angeles-Long Beach-Anaheim, CA",6,California,37,Los Angeles,34.1365,-117.92391
11/21/2015,AQS,2,17,ppb,16,Azusa,23,96,42602,Nitrogen dioxide (NO2),74,31080,"Los Angeles-Long Beach-Anaheim, CA",6,California,37,Los Angeles,34.1365,-117.92391
11/22/2015,AQS,2,10,ppb,9,Azusa,23,96,42602,Nitrogen dioxide (NO2),74,31080,"Los Angeles-Long Beach-Anaheim, CA",6,California,37,Los Angeles,34.1365,-117.92391
11/23/2015,AQS,2,37.2,ppb,35,Azusa,23,96,42602,Nitrogen dioxide (NO2),74,31080,"Los Angeles-Long Beach-Anaheim, CA",6,California,37,Los Angeles,34.1365,-117.92391
11/24/2015,AQS,2,39.4,ppb,37,Azusa,22,92,42602,Nitrogen dioxide (NO2),74,31080,"Los Angeles-Long Beach-Anaheim, CA",6,California,37,Los Angeles,34.1365,-117.92391
11/25/2015,AQS,2,22.8,ppb,21,Azusa,23,96,42602,Nitrogen dioxide (NO2),74,31080,"Los Angeles-Long Beach-Anaheim, CA",6,California,37,Los Angeles,34.1365,-117.92391
11/26/2015,AQS,2,8.9,ppb,8,Azusa,23,96,42602,Nitrogen dioxide (NO2),74,31080,"Los Angeles-Long Beach-Anaheim, CA",6,California,37,Los Angeles,34.1365,-117.92391
11/27/2015,AQS,2,18.5,ppb,17,Azusa,23,96,42602,Nitrogen dioxide (NO2),74,31080,"Los Angeles-Long Beach-Anaheim, CA",6,California,37,Los Angeles,34.1365,-117.92391
11/28/2015,AQS,2,12.9,ppb,11,Azusa,23,96,42602,Nitrogen dioxide (NO2),74,31080,"Los Angeles-Long Beach-Anaheim, CA",6,California,37,Los Angeles,34.1365,-117.92391
11/29/2015,AQS,2,13,ppb,12,Azusa,23,96,42602,Nitrogen dioxide (NO2),74,31080,"Los Angeles-Long Beach-Anaheim, CA",6,California,37,Los Angeles,34.1365,-117.92391
11/30/2015,AQS,2,27,ppb,25,Azusa,23,96,42602,Nitrogen dioxide (NO2),74,31080,"Los Angeles-Long Beach-Anaheim, CA",6,California,37,Los Angeles,34.1365,-117.92391
12/01/2015,AQS,2,30,ppb,28,Azusa,22,92,42602,Nitrogen dioxide (NO2),74,31080,"Los Angeles-Long Beach-Anaheim, CA",6,California,37,Los Angeles,34.1365,-117.92391
12/02/2015,AQS,2,27.3,ppb,25,Azusa,23,96,42602,Nitrogen dioxide (NO2),74,31080,"Los Angeles-Long Beach-Anaheim, CA",6,California,37,Los Angeles,34.1365,-117.92391
12/03/2015,AQS,2,52.2,ppb,49,Azusa,23,96,42602,Nitrogen dioxide (NO2),74,31080,"Los Angeles-Long Beach-Anaheim, CA",6,California,37,Los Angeles,34.1365,-117.92391
12/04/2015,AQS,2,33.9,ppb,31,Azusa,23,96,42602,Nitrogen dioxide (NO2),74,31080,"Los Angeles-Long Beach-Anaheim, CA",6,California,37,Los Angeles,34.1365,-117.92391
12/05/2015,AQS,2,19,ppb,18,Azusa,23,96,42602,Nitrogen dioxide (NO2),74,31080,"Los Angeles-Long Beach-Anaheim, CA",6,California,37,Los Angeles,34.1365,-117.92391
12/06/2015,AQS,2,21.8,ppb,20,Azusa,23,96,42602,Nitrogen dioxide (NO2),74,31080,"Los Angeles-Long Beach-Anaheim, CA",6,California,37,Los Angeles,34.1365,-117.92391
12/07/2015,AQS,2,44.3,ppb,42,Azusa,23,96,42602,Nitrogen dioxide (NO2),74,31080,"Los Angeles-Long Beach-Anaheim, CA",6,California,37,Los Angeles,34.1365,-117.92391
12/08/2015,AQS,2,57.8,ppb,54,Azusa,22,92,42602,Nitrogen dioxide (NO2),74,31080,"Los Angeles-Long Beach-Anaheim, CA",6,California,37,Los Angeles,34.1365,-117.92391
12/09/2015,AQS,2,66.4,ppb,64,Azusa,23,96,42602,Nitrogen dioxide (NO2),74,31080,"Los Angeles-Long Beach-Anaheim, CA",6,California,37,Los Angeles,34.1365,-117.92391
12/10/2015,AQS,2,60.1,ppb,57,Azusa,23,96,42602,Nitrogen dioxide (NO2),74,31080,"Los Angeles-Long Beach-Anaheim, CA",6,California,37,Los Angeles,34.1365,-117.92391
12/11/2015,AQS,2,17.1,ppb,16,Azusa,22,92,42602,Nitrogen dioxide (NO2),74,31080,"Los Angeles-Long Beach-Anaheim, CA",6,California,37,Los Angeles,34.1365,-117.92391
12/12/2015,AQS,2,21.3,ppb,20,Azusa,23,96,42602,Nitrogen dioxide (NO2),74,31080,"Los Angeles-Long Beach-Anaheim, CA",6,California,37,Los Angeles,34.1365,-117.92391
12/13/2015,AQS,2,12.8,ppb,11,Azusa,23,96,42602,Nitrogen dioxide (NO2),74,31080,"Los Angeles-Long Beach-Anaheim, CA",6,California,37,Los Angeles,34.1365,-117.92391
12/14/2015,AQS,2,35.8,ppb,33,Azusa,23,96,42602,Nitrogen dioxide (NO2),74,31080,"Los Angeles-Long Beach-Anaheim, CA",6,California,37,Los Angeles,34.1365,-117.92391
12/15/2015,AQS,2,27.6,ppb,25,Azusa,22,92,42602,Nitrogen dioxide (NO2),74,31080,"Los Angeles-Long Beach-Anaheim, CA",6,California,37,Los Angeles,34.1365,-117.92391
12/16/2015,AQS,2,32.2,ppb,30,Azusa,23,96,42602,Nitrogen dioxide (NO2),74,31080,"Los Angeles-Long Beach-Anaheim, CA",6,California,37,Los Angeles,34.1365,-117.92391
12/17/2015,AQS,2,33.2,ppb,31,Azusa,23,96,42602,Nitrogen dioxide (NO2),74,31080,"Los Angeles-Long Beach-Anaheim, CA",6,California,37,Los Angeles,34.1365,-117.92391
12/18/2015,AQS,2,36.2,ppb,34,Azusa,23,96,42602,Nitrogen dioxide (NO2),74,31080,"Los Angeles-Long Beach-Anaheim, CA",6,California,37,Los Angeles,34.1365,-117.92391
12/19/2015,AQS,2,29.2,ppb,27,Azusa,23,96,42602,Nitrogen dioxide (NO2),74,31080,"Los Angeles-Long Beach-Anaheim, CA",6,California,37,Los Angeles,34.1365,-117.92391
12/20/2015,AQS,2,17.3,ppb,16,Azusa,23,96,42602,Nitrogen dioxide (NO2),74,31080,"Los Angeles-Long Beach-Anaheim, CA",6,California,37,Los Angeles,34.1365,-117.92391
12/21/2015,AQS,2,34.6,ppb,32,Azusa,22,92,42602,Nitrogen dioxide (NO2),74,31080,"Los Angeles-Long Beach-Anaheim, CA",6,California,37,Los Angeles,34.1365,-117.92391
12/22/2015,AQS,2,22.6,ppb,21,Azusa,22,92,42602,Nitrogen dioxide (NO2),74,31080,"Los Angeles-Long Beach-Anaheim, CA",6,California,37,Los Angeles,34.1365,-117.92391
12/23/2015,AQS,2,27.3,ppb,25,Azusa,23,96,42602,Nitrogen dioxide (NO2),74,31080,"Los Angeles-Long Beach-Anaheim, CA",6,California,37,Los Angeles,34.1365,-117.92391
12/24/2015,AQS,2,18.5,ppb,17,Azusa,23,96,42602,Nitrogen dioxide (NO2),74,31080,"Los Angeles-Long Beach-Anaheim, CA",6,California,37,Los Angeles,34.1365,-117.92391
12/25/2015,AQS,2,14.3,ppb,13,Azusa,23,96,42602,Nitrogen dioxide (NO2),74,31080,"Los Angeles-Long Beach-Anaheim, CA",6,California,37,Los Angeles,34.1365,-117.92391
12/26/2015,AQS,2,14.8,ppb,13,Azusa,23,96,42602,Nitrogen dioxide (NO2),74,31080,"Los Angeles-Long Beach-Anaheim, CA",6,California,37,Los Angeles,34.1365,-117.92391
12/27/2015,AQS,2,14.9,ppb,13,Azusa,23,96,42602,Nitrogen dioxide (NO2),74,31080,"Los Angeles-Long Beach-Anaheim, CA",6,California,37,Los Angeles,34.1365,-117.92391
12/28/2015,AQS,2,21.9,ppb,20,Azusa,23,96,42602,Nitrogen dioxide (NO2),74,31080,"Los Angeles-Long Beach-Anaheim, CA",6,California,37,Los Angeles,34.1365,-117.92391
12/29/2015,AQS,2,29.9,ppb,27,Azusa,22,92,42602,Nitrogen dioxide (NO2),74,31080,"Los Angeles-Long Beach-Anaheim, CA",6,California,37,Los Angeles,34.1365,-117.92391
12/30/2015,AQS,2,35,ppb,33,Azusa,23,96,42602,Nitrogen dioxide (NO2),74,31080,"Los Angeles-Long Beach-Anaheim, CA",6,California,37,Los Angeles,34.1365,-117.92391
12/31/2015,AQS,2,23,ppb,22,Azusa,23,96,42602,Nitrogen dioxide (NO2),74,31080,"Los Angeles-Long Beach-Anaheim, CA",6,California,37,Los Angeles,34.1365,-117.92391
01/01/2016,AQS,2,14.5,ppb,13,Azusa,23,96,42602,Nitrogen dioxide (NO2),74,31080,"Los Angeles-Long Beach-Anaheim, CA",6,California,37,Los Angeles,34.1365,-117.92391
01/02/2016,AQS,2,29.8,ppb,27,Azusa,23,96,42602,Nitrogen dioxide (NO2),74,31080,"Los Angeles-Long Beach-Anaheim, CA",6,California,37,Los Angeles,34.1365,-117.92391
01/03/2016,AQS,2,30.7,ppb,28,Azusa,23,96,42602,Nitrogen dioxide (NO2),74,31080,"Los Angeles-Long Beach-Anaheim, CA",6,California,37,Los Angeles,34.1365,-117.92391
01/04/2016,AQS,2,36.8,ppb,34,Azusa,22,92,42602,Nitrogen dioxide (NO2),74,31080,"Los Angeles-Long Beach-Anaheim, CA",6,California,37,Los Angeles,34.1365,-117.92391
01/05/2016,AQS,2,25.8,ppb,24,Azusa,22,92,42602,Nitrogen dioxide (NO2),74,31080,"Los Angeles-Long Beach-Anaheim, CA",6,California,37,Los Angeles,34.1365,-117.92391
01/06/2016,AQS,2,23.8,ppb,22,Azusa,23,96,42602,Nitrogen dioxide (NO2),74,31080,"Los Angeles-Long Beach-Anaheim, CA",6,California,37,Los Angeles,34.1365,-117.92391
01/07/2016,AQS,2,24.9,ppb,23,Azusa,23,96,42602,Nitrogen dioxide (NO2),74,31080,"Los Angeles-Long Beach-Anaheim, CA",6,California,37,Los Angeles,34.1365,-117.92391
01/08/2016,AQS,2,34.7,ppb,32,Azusa,23,96,42602,Nitrogen dioxide (NO2),74,31080,"Los Angeles-Long Beach-Anaheim, CA",6,California,37,Los Angeles,34.1365,-117.92391
01/09/2016,AQS,2,24.6,ppb,23,Azusa,23,96,42602,Nitrogen dioxide (NO2),74,31080,"Los Angeles-Long Beach-Anaheim, CA",6,California,37,Los Angeles,34.1365,-117.92391
01/10/2016,AQS,2,20.1,ppb,19,Azusa,23,96,42602,Nitrogen dioxide (NO2),74,31080,"Los Angeles-Long Beach-Anaheim, CA",6,California,37,Los Angeles,34.1365,-117.92391
01/11/2016,AQS,2,28.7,ppb,26,Azusa,23,96,42602,Nitrogen dioxide (NO2),74,31080,"Los Angeles-Long Beach-Anaheim, CA",6,California,37,Los Angeles,34.1365,-117.92391
01/12/2016,AQS,2,39.4,ppb,37,Azusa,22,92,42602,Nitrogen dioxide (NO2),74,31080,"Los Angeles-Long Beach-Anaheim, CA",6,California,37,Los Angeles,34.1365,-117.92391
01/13/2016,AQS,2,47.4,ppb,44,Azusa,23,96,42602,Nitrogen dioxide (NO2),74,31080,"Los Angeles-Long Beach-Anaheim, CA",6,California,37,Los Angeles,34.1365,-117.92391
01/14/2016,AQS,2,35.7,ppb,33,Azusa,22,92,42602,Nitrogen dioxide (NO2),74,31080,"Los Angeles-Long Beach-Anaheim, CA",6,California,37,Los Angeles,34.1365,-117.92391
01/15/2016,AQS,2,22.6,ppb,21,Azusa,23,96,42602,Nitrogen dioxide (NO2),74,31080,"Los Angeles-Long Beach-Anaheim, CA",6,California,37,Los Angeles,34.1365,-117.92391
01/16/2016,AQS,2,27.5,ppb,25,Azusa,23,96,42602,Nitrogen dioxide (NO2),74,31080,"Los Angeles-Long Beach-Anaheim, CA",6,California,37,Los Angeles,34.1365,-117.92391
01/17/2016,AQS,2,33.3,ppb,31,Azusa,23,96,42602,Nitrogen dioxide (NO2),74,31080,"Los Angeles-Long Beach-Anaheim, CA",6,California,37,Los Angeles,34.1365,-117.92391
01/18/2016,AQS,2,31.5,ppb,29,Azusa,22,92,42602,Nitrogen dioxide (NO2),74,31080,"Los Angeles-Long Beach-Anaheim, CA",6,California,37,Los Angeles,34.1365,-117.92391
01/19/2016,AQS,2,25.9,ppb,24,Azusa,22,92,42602,Nitrogen dioxide (NO2),74,31080,"Los Angeles-Long Beach-Anaheim, CA",6,California,37,Los Angeles,34.1365,-117.92391
01/20/2016,AQS,2,23.5,ppb,22,Azusa,23,96,42602,Nitrogen dioxide (NO2),74,31080,"Los Angeles-Long Beach-Anaheim, CA",6,California,37,Los Angeles,34.1365,-117.92391
01/21/2016,AQS,2,41.4,ppb,39,Azusa,23,96,42602,Nitrogen dioxide (NO2),74,31080,"Los Angeles-Long Beach-Anaheim, CA",6,California,37,Los Angeles,34.1365,-117.92391
01/22/2016,AQS,2,35.5,ppb,33,Azusa,23,96,42602,Nitrogen dioxide (NO2),74,31080,"Los Angeles-Long Beach-Anaheim, CA",6,California,37,Los Angeles,34.1365,-117.92391
01/23/2016,AQS,2,38.1,ppb,36,Azusa,23,96,42602,Nitrogen dioxide (NO2),74,31080,"Los Angeles-Long Beach-Anaheim, CA",6,California,37,Los Angeles,34.1365,-117.92391
01/24/2016,AQS,2,27.1,ppb,25,Azusa,23,96,42602,Nitrogen dioxide (NO2),74,31080,"Los Angeles-Long Beach-Anaheim, CA",6,California,37,Los Angeles,34.1365,-117.92391
01/25/2016,AQS,2,21.8,ppb,20,Azusa,23,96,42602,Nitrogen dioxide (NO2),74,31080,"Los Angeles-Long Beach-Anaheim, CA",6,California,37,Los Angeles,34.1365,-117.92391
01/26/2016,AQS,2,32.9,ppb,30,Azusa,22,92,42602,Nitrogen dioxide (NO2),74,31080,"Los Angeles-Long Beach-Anaheim, CA",6,California,37,Los Angeles,34.1365,-117.92391
01/27/2016,AQS,2,32,ppb,30,Azusa,23,96,42602,Nitrogen dioxide (NO2),74,31080,"Los Angeles-Long Beach-Anaheim, CA",6,California,37,Los Angeles,34.1365,-117.92391
01/28/2016,AQS,2,49.7,ppb,46,Azusa,23,96,42602,Nitrogen dioxide (NO2),74,31080,"Los Angeles-Long Beach-Anaheim, CA",6,California,37,Los Angeles,34.1365,-117.92391
01/29/2016,AQS,2,43,ppb,41,Azusa,23,96,42602,Nitrogen dioxide (NO2),74,31080,"Los Angeles-Long Beach-Anaheim, CA",6,California,37,Los Angeles,34.1365,-117.92391
01/30/2016,AQS,2,31.7,ppb,29,Azusa,23,96,42602,Nitrogen dioxide (NO2),74,31080,"Los Angeles-Long Beach-Anaheim, CA",6,California,37,Los Angeles,34.1365,-117.92391
01/31/2016,AQS,2,7.9,ppb,7,Azusa,23,96,42602,Nitrogen dioxide (NO2),74,31080,"Los Angeles-Long Beach-Anaheim, CA",6,California,37,Los Angeles,34.1365,-117.92391
02/01/2016,AQS,2,22.7,ppb,21,Azusa,23,96,42602,Nitrogen dioxide (NO2),74,31080,"Los Angeles-Long Beach-Anaheim, CA",6,California,37,Los Angeles,34.1365,-117.92391
02/02/2016,AQS,2,26.9,ppb,25,Azusa,22,92,42602,Nitrogen dioxide (NO2),74,31080,"Los Angeles-Long Beach-Anaheim, CA",6,California,37,Los Angeles,34.1365,-117.92391
02/03/2016,AQS,2,17.9,ppb,16,Azusa,23,96,42602,Nitrogen dioxide (NO2),74,31080,"Los Angeles-Long Beach-Anaheim, CA",6,California,37,Los Angeles,34.1365,-117.92391
02/04/2016,AQS,2,19.8,ppb,18,Azusa,23,96,42602,Nitrogen dioxide (NO2),74,31080,"Los Angeles-Long Beach-Anaheim, CA",6,California,37,Los Angeles,34.1365,-117.92391
02/06/2016,AQS,2,15.3,ppb,14,Azusa,23,96,42602,Nitrogen dioxide (NO2),74,31080,"Los Angeles-Long Beach-Anaheim, CA",6,California,37,Los Angeles,34.1365,-117.92391
02/07/2016,AQS,2,4.3,ppb,4,Azusa,23,96,42602,Nitrogen dioxide (NO2),74,31080,"Los Angeles-Long Beach-Anaheim, CA",6,California,37,Los Angeles,34.1365,-117.92391
02/08/2016,AQS,2,0.4,ppb,0,Azusa,23,96,42602,Nitrogen dioxide (NO2),74,31080,"Los Angeles-Long Beach-Anaheim, CA",6,California,37,Los Angeles,34.1365,-117.92391
02/09/2016,AQS,2,29.2,ppb,27,Azusa,21,88,42602,Nitrogen dioxide (NO2),74,31080,"Los Angeles-Long Beach-Anaheim, CA",6,California,37,Los Angeles,34.1365,-117.92391
02/10/2016,AQS,2,58.8,ppb,55,Azusa,22,92,42602,Nitrogen dioxide (NO2),74,31080,"Los Angeles-Long Beach-Anaheim, CA",6,California,37,Los Angeles,34.1365,-117.92391
02/11/2016,AQS,2,74.2,ppb,72,Azusa,23,96,42602,Nitrogen dioxide (NO2),74,31080,"Los Angeles-Long Beach-Anaheim, CA",6,California,37,Los Angeles,34.1365,-117.92391
02/12/2016,AQS,2,58.7,ppb,55,Azusa,18,75,42602,Nitrogen dioxide (NO2),74,31080,"Los Angeles-Long Beach-Anaheim, CA",6,California,37,Los Angeles,34.1365,-117.92391
02/13/2016,AQS,2,50.7,ppb,47,Azusa,23,96,42602,Nitrogen dioxide (NO2),74,31080,"Los Angeles-Long Beach-Anaheim, CA",6,California,37,Los Angeles,34.1365,-117.92391
02/14/2016,AQS,2,41.1,ppb,39,Azusa,23,96,42602,Nitrogen dioxide (NO2),74,31080,"Los Angeles-Long Beach-Anaheim, CA",6,California,37,Los Angeles,34.1365,-117.92391
02/15/2016,AQS,2,30.6,ppb,28,Azusa,22,92,42602,Nitrogen dioxide (NO2),74,31080,"Los Angeles-Long Beach-Anaheim, CA",6,California,37,Los Angeles,34.1365,-117.92391
02/16/2016,AQS,2,38.7,ppb,36,Azusa,18,75,42602,Nitrogen dioxide (NO2),74,31080,"Los Angeles-Long Beach-Anaheim, CA",6,California,37,Los Angeles,34.1365,-117.92391
02/17/2016,AQS,2,35.2,ppb,33,Azusa,23,96,42602,Nitrogen dioxide (NO2),74,31080,"Los Angeles-Long Beach-Anaheim, CA",6,California,37,Los Angeles,34.1365,-117.92391
02/18/2016,AQS,2,28.9,ppb,26,Azusa,23,96,42602,Nitrogen dioxide (NO2),74,31080,"Los Angeles-Long Beach-Anaheim, CA",6,California,37,Los Angeles,34.1365,-117.92391
02/19/2016,AQS,2,28.4,ppb,26,Azusa,23,96,42602,Nitrogen dioxide (NO2),74,31080,"Los Angeles-Long Beach-Anaheim, CA",6,California,37,Los Angeles,34.1365,-117.92391
02/20/2016,AQS,2,29.1,ppb,27,Azusa,23,96,42602,Nitrogen dioxide (NO2),74,31080,"Los Angeles-Long Beach-Anaheim, CA",6,California,37,Los Angeles,34.1365,-117.92391
02/21/2016,AQS,2,30.7,ppb,28,Azusa,22,92,42602,Nitrogen dioxide (NO2),74,31080,"Los Angeles-Long Beach-Anaheim, CA",6,California,37,Los Angeles,34.1365,-117.92391
02/22/2016,AQS,2,37.1,ppb,35,Azusa,22,92,42602,Nitrogen dioxide (NO2),74,31080,"Los Angeles-Long Beach-Anaheim, CA",6,California,37,Los Angeles,34.1365,-117.92391
02/23/2016,AQS,2,46.2,ppb,43,Azusa,22,92,42602,Nitrogen dioxide (NO2),74,31080,"Los Angeles-Long Beach-Anaheim, CA",6,California,37,Los Angeles,34.1365,-117.92391
02/24/2016,AQS,2,21.4,ppb,20,Azusa,22,92,42602,Nitrogen dioxide (NO2),74,31080,"Los Angeles-Long Beach-Anaheim, CA",6,California,37,Los Angeles,34.1365,-117.92391
02/25/2016,AQS,2,47.9,ppb,44,Azusa,22,92,42602,Nitrogen dioxide (NO2),74,31080,"Los Angeles-Long Beach-Anaheim, CA",6,California,37,Los Angeles,34.1365,-117.92391
02/26/2016,AQS,2,48.5,ppb,45,Azusa,23,96,42602,Nitrogen dioxide (NO2),74,31080,"Los Angeles-Long Beach-Anaheim, CA",6,California,37,Los Angeles,34.1365,-117.92391
02/27/2016,AQS,2,36.3,ppb,34,Azusa,23,96,42602,Nitrogen dioxide (NO2),74,31080,"Los Angeles-Long Beach-Anaheim, CA",6,California,37,Los Angeles,34.1365,-117.92391
02/28/2016,AQS,2,28.8,ppb,26,Azusa,23,96,42602,Nitrogen dioxide (NO2),74,31080,"Los Angeles-Long Beach-Anaheim, CA",6,California,37,Los Angeles,34.1365,-117.92391
02/29/2016,AQS,2,49.2,ppb,46,Azusa,23,96,42602,Nitrogen dioxide (NO2),74,31080,"Los Angeles-Long Beach-Anaheim, CA",6,California,37,Los Angeles,34.1365,-117.92391
03/01/2016,AQS,2,54.5,ppb,51,Azusa,22,92,42602,Nitrogen dioxide (NO2),74,31080,"Los Angeles-Long Beach-Anaheim, CA",6,California,37,Los Angeles,34.1365,-117.92391
03/02/2016,AQS,2,50.3,ppb,47,Azusa,23,96,42602,Nitrogen dioxide (NO2),74,31080,"Los Angeles-Long Beach-Anaheim, CA",6,California,37,Los Angeles,34.1365,-117.92391
03/03/2016,AQS,2,43.5,ppb,41,Azusa,23,96,42602,Nitrogen dioxide (NO2),74,31080,"Los Angeles-Long Beach-Anaheim, CA",6,California,37,Los Angeles,34.1365,-117.92391
03/04/2016,AQS,2,35.3,ppb,33,Azusa,23,96,42602,Nitrogen dioxide (NO2),74,31080,"Los Angeles-Long Beach-Anaheim, CA",6,California,37,Los Angeles,34.1365,-117.92391
03/05/2016,AQS,2,21.5,ppb,20,Azusa,23,96,42602,Nitrogen dioxide (NO2),74,31080,"Los Angeles-Long Beach-Anaheim, CA",6,California,37,Los Angeles,34.1365,-117.92391
03/06/2016,AQS,2,8.8,ppb,8,Azusa,22,92,42602,Nitrogen dioxide (NO2),74,31080,"Los Angeles-Long Beach-Anaheim, CA",6,California,37,Los Angeles,34.1365,-117.92391
03/07/2016,AQS,2,20.8,ppb,19,Azusa,22,92,42602,Nitrogen dioxide (NO2),74,31080,"Los Angeles-Long Beach-Anaheim, CA",6,California,37,Los Angeles,34.1365,-117.92391
03/08/2016,AQS,2,25.6,ppb,24,Azusa,22,92,42602,Nitrogen dioxide (NO2),74,31080,"Los Angeles-Long Beach-Anaheim, CA",6,California,37,Los Angeles,34.1365,-117.92391
03/09/2016,AQS,2,41.1,ppb,39,Azusa,20,83,42602,Nitrogen dioxide (NO2),74,31080,"Los Angeles-Long Beach-Anaheim, CA",6,California,37,Los Angeles,34.1365,-117.92391
03/11/2016,AQS,2,25,ppb,24,Azusa,22,92,42602,Nitrogen dioxide (NO2),74,31080,"Los Angeles-Long Beach-Anaheim, CA",6,California,37,Los Angeles,34.1365,-117.92391
03/12/2016,AQS,2,12.6,ppb,11,Azusa,23,96,42602,Nitrogen dioxide (NO2),74,31080,"Los Angeles-Long Beach-Anaheim, CA",6,California,37,Los Angeles,34.1365,-117.92391
03/13/2016,AQS,2,10.7,ppb,9,Azusa,23,96,42602,Nitrogen dioxide (NO2),74,31080,"Los Angeles-Long Beach-Anaheim, CA",6,California,37,Los Angeles,34.1365,-117.92391
03/14/2016,AQS,2,19.7,ppb,18,Azusa,23,96,42602,Nitrogen dioxide (NO2),74,31080,"Los Angeles-Long Beach-Anaheim, CA",6,California,37,Los Angeles,34.1365,-117.92391
03/15/2016,AQS,2,38.8,ppb,36,Azusa,22,92,42602,Nitrogen dioxide (NO2),74,31080,"Los Angeles-Long Beach-Anaheim, CA",6,California,37,Los Angeles,34.1365,-117.92391
03/16/2016,AQS,2,31.1,ppb,29,Azusa,23,96,42602,Nitrogen dioxide (NO2),74,31080,"Los Angeles-Long Beach-Anaheim, CA",6,California,37,Los Angeles,34.1365,-117.92391
03/17/2016,AQS,2,47.2,ppb,44,Azusa,23,96,42602,Nitrogen dioxide (NO2),74,31080,"Los Angeles-Long Beach-Anaheim, CA",6,California,37,Los Angeles,34.1365,-117.92391
03/18/2016,AQS,2,32,ppb,30,Azusa,23,96,42602,Nitrogen dioxide (NO2),74,31080,"Los Angeles-Long Beach-Anaheim, CA",6,California,37,Los Angeles,34.1365,-117.92391
03/19/2016,AQS,2,21.2,ppb,20,Azusa,23,96,42602,Nitrogen dioxide (NO2),74,31080,"Los Angeles-Long Beach-Anaheim, CA",6,California,37,Los Angeles,34.1365,-117.92391
03/20/2016,AQS,2,24.5,ppb,23,Azusa,23,96,42602,Nitrogen dioxide (NO2),74,31080,"Los Angeles-Long Beach-Anaheim, CA",6,California,37,Los Angeles,34.1365,-117.92391
03/21/2016,AQS,2,21.4,ppb,20,Azusa,23,96,42602,Nitrogen dioxide (NO2),74,31080,"Los Angeles-Long Beach-Anaheim, CA",6,California,37,Los Angeles,34.1365,-117.92391
03/22/2016,AQS,2,23,ppb,22,Azusa,22,92,42602,Nitrogen dioxide (NO2),74,31080,"Los Angeles-Long Beach-Anaheim, CA",6,California,37,Los Angeles,34.1365,-117.92391
03/23/2016,AQS,2,22.2,ppb,21,Azusa,23,96,42602,Nitrogen dioxide (NO2),74,31080,"Los Angeles-Long Beach-Anaheim, CA",6,California,37,Los Angeles,34.1365,-117.92391
03/24/2016,AQS,2,28.9,ppb,26,Azusa,23,96,42602,Nitrogen dioxide (NO2),74,31080,"Los Angeles-Long Beach-Anaheim, CA",6,California,37,Los Angeles,34.1365,-117.92391
03/25/2016,AQS,2,40.6,ppb,38,Azusa,23,96,42602,Nitrogen dioxide (NO2),74,31080,"Los Angeles-Long Beach-Anaheim, CA",6,California,37,Los Angeles,34.1365,-117.92391
03/26/2016,AQS,2,21.9,ppb,20,Azusa,23,96,42602,Nitrogen dioxide (NO2),74,31080,"Los Angeles-Long Beach-Anaheim, CA",6,California,37,Los Angeles,34.1365,-117.92391
03/27/2016,AQS,2,11.6,ppb,10,Azusa,22,92,42602,Nitrogen dioxide (NO2),74,31080,"Los Angeles-Long Beach-Anaheim, CA",6,California,37,Los Angeles,34.1365,-117.92391
03/28/2016,AQS,2,14.5,ppb,13,Azusa,22,92,42602,Nitrogen dioxide (NO2),74,31080,"Los Angeles-Long Beach-Anaheim, CA",6,California,37,Los Angeles,34.1365,-117.92391
03/29/2016,AQS,2,19.3,ppb,18,Azusa,22,92,42602,Nitrogen dioxide (NO2),74,31080,"Los Angeles-Long Beach-Anaheim, CA",6,California,37,Los Angeles,34.1365,-117.92391
03/30/2016,AQS,2,18.1,ppb,17,Azusa,23,96,42602,Nitrogen dioxide (NO2),74,31080,"Los Angeles-Long Beach-Anaheim, CA",6,California,37,Los Angeles,34.1365,-117.92391
03/31/2016,AQS,2,26.9,ppb,25,Azusa,23,96,42602,Nitrogen dioxide (NO2),74,31080,"Los Angeles-Long Beach-Anaheim, CA",6,California,37,Los Angeles,34.1365,-117.92391
04/01/2016,AQS,2,23.1,ppb,22,Azusa,23,96,42602,Nitrogen dioxide (NO2),74,31080,"Los Angeles-Long Beach-Anaheim, CA",6,California,37,Los Angeles,34.1365,-117.92391
04/02/2016,AQS,2,39.9,ppb,37,Azusa,23,96,42602,Nitrogen dioxide (NO2),74,31080,"Los Angeles-Long Beach-Anaheim, CA",6,California,37,Los Angeles,34.1365,-117.92391
04/03/2016,AQS,2,32.2,ppb,30,Azusa,23,96,42602,Nitrogen dioxide (NO2),74,31080,"Los Angeles-Long Beach-Anaheim, CA",6,California,37,Los Angeles,34.1365,-117.92391
04/04/2016,AQS,2,39.3,ppb,37,Azusa,22,92,42602,Nitrogen dioxide (NO2),74,31080,"Los Angeles-Long Beach-Anaheim, CA",6,California,37,Los Angeles,34.1365,-117.92391
04/05/2016,AQS,2,45.5,ppb,42,Azusa,22,92,42602,Nitrogen dioxide (NO2),74,31080,"Los Angeles-Long Beach-Anaheim, CA",6,California,37,Los Angeles,34.1365,-117.92391
04/06/2016,AQS,2,47.6,ppb,44,Azusa,23,96,42602,Nitrogen dioxide (NO2),74,31080,"Los Angeles-Long Beach-Anaheim, CA",6,California,37,Los Angeles,34.1365,-117.92391
04/07/2016,AQS,2,38.9,ppb,36,Azusa,23,96,42602,Nitrogen dioxide (NO2),74,31080,"Los Angeles-Long Beach-Anaheim, CA",6,California,37,Los Angeles,34.1365,-117.92391
04/08/2016,AQS,2,23.2,ppb,22,Azusa,23,96,42602,Nitrogen dioxide (NO2),74,31080,"Los Angeles-Long Beach-Anaheim, CA",6,California,37,Los Angeles,34.1365,-117.92391
04/09/2016,AQS,2,19,ppb,18,Azusa,23,96,42602,Nitrogen dioxide (NO2),74,31080,"Los Angeles-Long Beach-Anaheim, CA",6,California,37,Los Angeles,34.1365,-117.92391
04/10/2016,AQS,2,14.9,ppb,13,Azusa,23,96,42602,Nitrogen dioxide (NO2),74,31080,"Los Angeles-Long Beach-Anaheim, CA",6,California,37,Los Angeles,34.1365,-117.92391
04/11/2016,AQS,2,20.9,ppb,19,Azusa,23,96,42602,Nitrogen dioxide (NO2),74,31080,"Los Angeles-Long Beach-Anaheim, CA",6,California,37,Los Angeles,34.1365,-117.92391
04/12/2016,AQS,2,22.1,ppb,21,Azusa,22,92,42602,Nitrogen dioxide (NO2),74,31080,"Los Angeles-Long Beach-Anaheim, CA",6,California,37,Los Angeles,34.1365,-117.92391
04/13/2016,AQS,2,19.3,ppb,18,Azusa,23,96,42602,Nitrogen dioxide (NO2),74,31080,"Los Angeles-Long Beach-Anaheim, CA",6,California,37,Los Angeles,34.1365,-117.92391
04/14/2016,AQS,2,19.2,ppb,18,Azusa,23,96,42602,Nitrogen dioxide (NO2),74,31080,"Los Angeles-Long Beach-Anaheim, CA",6,California,37,Los Angeles,34.1365,-117.92391
04/15/2016,AQS,2,21,ppb,20,Azusa,23,96,42602,Nitrogen dioxide (NO2),74,31080,"Los Angeles-Long Beach-Anaheim, CA",6,California,37,Los Angeles,34.1365,-117.92391
04/16/2016,AQS,2,16.4,ppb,15,Azusa,23,96,42602,Nitrogen dioxide (NO2),74,31080,"Los Angeles-Long Beach-Anaheim, CA",6,California,37,Los Angeles,34.1365,-117.92391
04/17/2016,AQS,2,11.6,ppb,10,Azusa,23,96,42602,Nitrogen dioxide (NO2),74,31080,"Los Angeles-Long Beach-Anaheim, CA",6,California,37,Los Angeles,34.1365,-117.92391
04/18/2016,AQS,2,50.3,ppb,47,Azusa,22,92,42602,Nitrogen dioxide (NO2),74,31080,"Los Angeles-Long Beach-Anaheim, CA",6,California,37,Los Angeles,34.1365,-117.92391
04/21/2016,AQS,2,42.6,ppb,40,Azusa,22,92,42602,Nitrogen dioxide (NO2),74,31080,"Los Angeles-Long Beach-Anaheim, CA",6,California,37,Los Angeles,34.1365,-117.92391
04/22/2016,AQS,2,22.4,ppb,21,Azusa,22,92,42602,Nitrogen dioxide (NO2),74,31080,"Los Angeles-Long Beach-Anaheim, CA",6,California,37,Los Angeles,34.1365,-117.92391
04/23/2016,AQS,2,9.5,ppb,8,Azusa,23,96,42602,Nitrogen dioxide (NO2),74,31080,"Los Angeles-Long Beach-Anaheim, CA",6,California,37,Los Angeles,34.1365,-117.92391
04/24/2016,AQS,2,15.9,ppb,14,Azusa,23,96,42602,Nitrogen dioxide (NO2),74,31080,"Los Angeles-Long Beach-Anaheim, CA",6,California,37,Los Angeles,34.1365,-117.92391
04/25/2016,AQS,2,14.4,ppb,13,Azusa,23,96,42602,Nitrogen dioxide (NO2),74,31080,"Los Angeles-Long Beach-Anaheim, CA",6,California,37,Los Angeles,34.1365,-117.92391
04/26/2016,AQS,2,29,ppb,27,Azusa,22,92,42602,Nitrogen dioxide (NO2),74,31080,"Los Angeles-Long Beach-Anaheim, CA",6,California,37,Los Angeles,34.1365,-117.92391
04/27/2016,AQS,2,16,ppb,15,Azusa,23,96,42602,Nitrogen dioxide (NO2),74,31080,"Los Angeles-Long Beach-Anaheim, CA",6,California,37,Los Angeles,34.1365,-117.92391
04/28/2016,AQS,2,19.3,ppb,18,Azusa,23,96,42602,Nitrogen dioxide (NO2),74,31080,"Los Angeles-Long Beach-Anaheim, CA",6,California,37,Los Angeles,34.1365,-117.92391
04/29/2016,AQS,2,21.2,ppb,20,Azusa,23,96,42602,Nitrogen dioxide (NO2),74,31080,"Los Angeles-Long Beach-Anaheim, CA",6,California,37,Los Angeles,34.1365,-117.92391
04/30/2016,AQS,2,12.9,ppb,11,Azusa,23,96,42602,Nitrogen dioxide (NO2),74,31080,"Los Angeles-Long Beach-Anaheim, CA",6,California,37,Los Angeles,34.1365,-117.92391
05/01/2016,AQS,2,14.4,ppb,13,Azusa,23,96,42602,Nitrogen dioxide (NO2),74,31080,"Los Angeles-Long Beach-Anaheim, CA",6,California,37,Los Angeles,34.1365,-117.92391
05/02/2016,AQS,2,24.3,ppb,23,Azusa,23,96,42602,Nitrogen dioxide (NO2),74,31080,"Los Angeles-Long Beach-Anaheim, CA",6,California,37,Los Angeles,34.1365,-117.92391
05/03/2016,AQS,2,33.4,ppb,31,Azusa,22,92,42602,Nitrogen dioxide (NO2),74,31080,"Los Angeles-Long Beach-Anaheim, CA",6,California,37,Los Angeles,34.1365,-117.92391
05/04/2016,AQS,2,23.2,ppb,22,Azusa,22,92,42602,Nitrogen dioxide (NO2),74,31080,"Los Angeles-Long Beach-Anaheim, CA",6,California,37,Los Angeles,34.1365,-117.92391
05/05/2016,AQS,2,16.8,ppb,15,Azusa,18,75,42602,Nitrogen dioxide (NO2),74,31080,"Los Angeles-Long Beach-Anaheim, CA",6,California,37,Los Angeles,34.1365,-117.92391
05/06/2016,AQS,2,13.2,ppb,12,Azusa,23,96,42602,Nitrogen dioxide (NO2),74,31080,"Los Angeles-Long Beach-Anaheim, CA",6,California,37,Los Angeles,34.1365,-117.92391
05/07/2016,AQS,2,11.3,ppb,10,Azusa,23,96,42602,Nitrogen dioxide (NO2),74,31080,"Los Angeles-Long Beach-Anaheim, CA",6,California,37,Los Angeles,34.1365,-117.92391
05/08/2016,AQS,2,8.6,ppb,8,Azusa,23,96,42602,Nitrogen dioxide (NO2),74,31080,"Los Angeles-Long Beach-Anaheim, CA",6,California,37,Los Angeles,34.1365,-117.92391
05/09/2016,AQS,2,22.1,ppb,21,Azusa,23,96,42602,Nitrogen dioxide (NO2),74,31080,"Los Angeles-Long Beach-Anaheim, CA",6,California,37,Los Angeles,34.1365,-117.92391
05/10/2016,AQS,2,22,ppb,21,Azusa,22,92,42602,Nitrogen dioxide (NO2),74,31080,"Los Angeles-Long Beach-Anaheim, CA",6,California,37,Los Angeles,34.1365,-117.92391
05/11/2016,AQS,2,22.1,ppb,21,Azusa,23,96,42602,Nitrogen dioxide (NO2),74,31080,"Los Angeles-Long Beach-Anaheim, CA",6,California,37,Los Angeles,34.1365,-117.92391
05/12/2016,AQS,2,28.3,ppb,26,Azusa,23,96,42602,Nitrogen dioxide (NO2),74,31080,"Los Angeles-Long Beach-Anaheim, CA",6,California,37,Los Angeles,34.1365,-117.92391
05/13/2016,AQS,2,24.7,ppb,23,Azusa,23,96,42602,Nitrogen dioxide (NO2),74,31080,"Los Angeles-Long Beach-Anaheim, CA",6,California,37,Los Angeles,34.1365,-117.92391
05/14/2016,AQS,2,13.2,ppb,12,Azusa,23,96,42602,Nitrogen dioxide (NO2),74,31080,"Los Angeles-Long Beach-Anaheim, CA",6,California,37,Los Angeles,34.1365,-117.92391
05/15/2016,AQS,2,13.3,ppb,12,Azusa,23,96,42602,Nitrogen dioxide (NO2),74,31080,"Los Angeles-Long Beach-Anaheim, CA",6,California,37,Los Angeles,34.1365,-117.92391
05/16/2016,AQS,2,19.3,ppb,18,Azusa,23,96,42602,Nitrogen dioxide (NO2),74,31080,"Los Angeles-Long Beach-Anaheim, CA",6,California,37,Los Angeles,34.1365,-117.92391
05/17/2016,AQS,2,20,ppb,19,Azusa,22,92,42602,Nitrogen dioxide (NO2),74,31080,"Los Angeles-Long Beach-Anaheim, CA",6,California,37,Los Angeles,34.1365,-117.92391
05/18/2016,AQS,2,23.1,ppb,22,Azusa,21,88,42602,Nitrogen dioxide (NO2),74,31080,"Los Angeles-Long Beach-Anaheim, CA",6,California,37,Los Angeles,34.1365,-117.92391
05/19/2016,AQS,2,18.7,ppb,17,Azusa,22,92,42602,Nitrogen dioxide (NO2),74,31080,"Los Angeles-Long Beach-Anaheim, CA",6,California,37,Los Angeles,34.1365,-117.92391
05/20/2016,AQS,2,18.7,ppb,17,Azusa,23,96,42602,Nitrogen dioxide (NO2),74,31080,"Los Angeles-Long Beach-Anaheim, CA",6,California,37,Los Angeles,34.1365,-117.92391
05/21/2016,AQS,2,12.2,ppb,11,Azusa,23,96,42602,Nitrogen dioxide (NO2),74,31080,"Los Angeles-Long Beach-Anaheim, CA",6,California,37,Los Angeles,34.1365,-117.92391
05/22/2016,AQS,2,9.4,ppb,8,Azusa,23,96,42602,Nitrogen dioxide (NO2),74,31080,"Los Angeles-Long Beach-Anaheim, CA",6,California,37,Los Angeles,34.1365,-117.92391
05/23/2016,AQS,2,11.7,ppb,10,Azusa,23,96,42602,Nitrogen dioxide (NO2),74,31080,"Los Angeles-Long Beach-Anaheim, CA",6,California,37,Los Angeles,34.1365,-117.92391
05/24/2016,AQS,2,16.1,ppb,15,Azusa,22,92,42602,Nitrogen dioxide (NO2),74,31080,"Los Angeles-Long Beach-Anaheim, CA",6,California,37,Los Angeles,34.1365,-117.92391
05/25/2016,AQS,2,18.3,ppb,17,Azusa,23,96,42602,Nitrogen dioxide (NO2),74,31080,"Los Angeles-Long Beach-Anaheim, CA",6,California,37,Los Angeles,34.1365,-117.92391
05/26/2016,AQS,2,19.2,ppb,18,Azusa,23,96,42602,Nitrogen dioxide (NO2),74,31080,"Los Angeles-Long Beach-Anaheim, CA",6,California,37,Los Angeles,34.1365,-117.92391
05/27/2016,AQS,2,23.7,ppb,22,Azusa,23,96,42602,Nitrogen dioxide (NO2),74,31080,"Los Angeles-Long Beach-Anaheim, CA",6,California,37,Los Angeles,34.1365,-117.92391
05/28/2016,AQS,2,18.5,ppb,17,Azusa,23,96,42602,Nitrogen dioxide (NO2),74,31080,"Los Angeles-Long Beach-Anaheim, CA",6,California,37,Los Angeles,34.1365,-117.92391
05/29/2016,AQS,2,10.5,ppb,9,Azusa,23,96,42602,Nitrogen dioxide (NO2),74,31080,"Los Angeles-Long Beach-Anaheim, CA",6,California,37,Los Angeles,34.1365,-117.92391
05/30/2016,AQS,2,13.3,ppb,12,Azusa,23,96,42602,Nitrogen dioxide (NO2),74,31080,"Los Angeles-Long Beach-Anaheim, CA",6,California,37,Los Angeles,34.1365,-117.92391
05/31/2016,AQS,2,19.7,ppb,18,Azusa,22,92,42602,Nitrogen dioxide (NO2),74,31080,"Los Angeles-Long Beach-Anaheim, CA",6,California,37,Los Angeles,34.1365,-117.92391
06/01/2016,AQS,2,27.3,ppb,25,Azusa,20,83,42602,Nitrogen dioxide (NO2),74,31080,"Los Angeles-Long Beach-Anaheim, CA",6,California,37,Los Angeles,34.1365,-117.92391
06/02/2016,AQS,2,44.5,ppb,42,Azusa,23,96,42602,Nitrogen dioxide (NO2),74,31080,"Los Angeles-Long Beach-Anaheim, CA",6,California,37,Los Angeles,34.1365,-117.92391
06/03/2016,AQS,2,40.3,ppb,38,Azusa,23,96,42602,Nitrogen dioxide (NO2),74,31080,"Los Angeles-Long Beach-Anaheim, CA",6,California,37,Los Angeles,34.1365,-117.92391
06/04/2016,AQS,2,30.1,ppb,28,Azusa,23,96,42602,Nitrogen dioxide (NO2),74,31080,"Los Angeles-Long Beach-Anaheim, CA",6,California,37,Los Angeles,34.1365,-117.92391
06/05/2016,AQS,2,21.1,ppb,20,Azusa,23,96,42602,Nitrogen dioxide (NO2),74,31080,"Los Angeles-Long Beach-Anaheim, CA",6,California,37,Los Angeles,34.1365,-117.92391
06/06/2016,AQS,2,25.4,ppb,24,Azusa,22,92,42602,Nitrogen dioxide (NO2),74,31080,"Los Angeles-Long Beach-Anaheim, CA",6,California,37,Los Angeles,34.1365,-117.92391
06/07/2016,AQS,2,24.2,ppb,23,Azusa,22,92,42602,Nitrogen dioxide (NO2),74,31080,"Los Angeles-Long Beach-Anaheim, CA",6,California,37,Los Angeles,34.1365,-117.92391
06/08/2016,AQS,2,24.8,ppb,23,Azusa,23,96,42602,Nitrogen dioxide (NO2),74,31080,"Los Angeles-Long Beach-Anaheim, CA",6,California,37,Los Angeles,34.1365,-117.92391
06/09/2016,AQS,2,26.5,ppb,25,Azusa,23,96,42602,Nitrogen dioxide (NO2),74,31080,"Los Angeles-Long Beach-Anaheim, CA",6,California,37,Los Angeles,34.1365,-117.92391
06/10/2016,AQS,2,18.9,ppb,17,Azusa,23,96,42602,Nitrogen dioxide (NO2),74,31080,"Los Angeles-Long Beach-Anaheim, CA",6,California,37,Los Angeles,34.1365,-117.92391
06/11/2016,AQS,2,13.1,ppb,12,Azusa,21,88,42602,Nitrogen dioxide (NO2),74,31080,"Los Angeles-Long Beach-Anaheim, CA",6,California,37,Los Angeles,34.1365,-117.92391
06/12/2016,AQS,2,12.9,ppb,11,Azusa,21,88,42602,Nitrogen dioxide (NO2),74,31080,"Los Angeles-Long Beach-Anaheim, CA",6,California,37,Los Angeles,34.1365,-117.92391
06/13/2016,AQS,2,16.8,ppb,15,Azusa,21,88,42602,Nitrogen dioxide (NO2),74,31080,"Los Angeles-Long Beach-Anaheim, CA",6,California,37,Los Angeles,34.1365,-117.92391
06/14/2016,AQS,2,18.5,ppb,17,Azusa,21,88,42602,Nitrogen dioxide (NO2),74,31080,"Los Angeles-Long Beach-Anaheim, CA",6,California,37,Los Angeles,34.1365,-117.92391
06/15/2016,AQS,2,24.4,ppb,23,Azusa,21,88,42602,Nitrogen dioxide (NO2),74,31080,"Los Angeles-Long Beach-Anaheim, CA",6,California,37,Los Angeles,34.1365,-117.92391
06/16/2016,AQS,2,23.1,ppb,22,Azusa,21,88,42602,Nitrogen dioxide (NO2),74,31080,"Los Angeles-Long Beach-Anaheim, CA",6,California,37,Los Angeles,34.1365,-117.92391
06/17/2016,AQS,2,47.3,ppb,44,Azusa,20,83,42602,Nitrogen dioxide (NO2),74,31080,"Los Angeles-Long Beach-Anaheim, CA",6,California,37,Los Angeles,34.1365,-117.92391
06/18/2016,AQS,2,33.5,ppb,31,Azusa,21,88,42602,Nitrogen dioxide (NO2),74,31080,"Los Angeles-Long Beach-Anaheim, CA",6,California,37,Los Angeles,34.1365,-117.92391
06/19/2016,AQS,2,27.4,ppb,25,Azusa,21,88,42602,Nitrogen dioxide (NO2),74,31080,"Los Angeles-Long Beach-Anaheim, CA",6,California,37,Los Angeles,34.1365,-117.92391
06/20/2016,AQS,2,48,ppb,45,Azusa,21,88,42602,Nitrogen dioxide (NO2),74,31080,"Los Angeles-Long Beach-Anaheim, CA",6,California,37,Los Angeles,34.1365,-117.92391
06/21/2016,AQS,2,32.4,ppb,30,Azusa,21,88,42602,Nitrogen dioxide (NO2),74,31080,"Los Angeles-Long Beach-Anaheim, CA",6,California,37,Los Angeles,34.1365,-117.92391
06/22/2016,AQS,2,30.8,ppb,28,Azusa,20,83,42602,Nitrogen dioxide (NO2),74,31080,"Los Angeles-Long Beach-Anaheim, CA",6,California,37,Los Angeles,34.1365,-117.92391
06/23/2016,AQS,2,28.8,ppb,26,Azusa,22,92,42602,Nitrogen dioxide (NO2),74,31080,"Los Angeles-Long Beach-Anaheim, CA",6,California,37,Los Angeles,34.1365,-117.92391
06/24/2016,AQS,2,18.9,ppb,17,Azusa,22,92,42602,Nitrogen dioxide (NO2),74,31080,"Los Angeles-Long Beach-Anaheim, CA",6,California,37,Los Angeles,34.1365,-117.92391
06/25/2016,AQS,2,13.9,ppb,12,Azusa,22,92,42602,Nitrogen dioxide (NO2),74,31080,"Los Angeles-Long Beach-Anaheim, CA",6,California,37,Los Angeles,34.1365,-117.92391
06/26/2016,AQS,2,16.4,ppb,15,Azusa,22,92,42602,Nitrogen dioxide (NO2),74,31080,"Los Angeles-Long Beach-Anaheim, CA",6,California,37,Los Angeles,34.1365,-117.92391
06/27/2016,AQS,2,29.6,ppb,27,Azusa,21,88,42602,Nitrogen dioxide (NO2),74,31080,"Los Angeles-Long Beach-Anaheim, CA",6,California,37,Los Angeles,34.1365,-117.92391
06/28/2016,AQS,2,38.2,ppb,36,Azusa,19,79,42602,Nitrogen dioxide (NO2),74,31080,"Los Angeles-Long Beach-Anaheim, CA",6,California,37,Los Angeles,34.1365,-117.92391
06/29/2016,AQS,2,38.5,ppb,36,Azusa,20,83,42602,Nitrogen dioxide (NO2),74,31080,"Los Angeles-Long Beach-Anaheim, CA",6,California,37,Los Angeles,34.1365,-117.92391
06/30/2016,AQS,2,20.8,ppb,19,Azusa,24,100,42602,Nitrogen dioxide (NO2),74,31080,"Los Angeles-Long Beach-Anaheim, CA",6,California,37,Los Angeles,34.1365,-117.92391
07/01/2016,AQS,2,17.1,ppb,16,Azusa,24,100,42602,Nitrogen dioxide (NO2),74,31080,"Los Angeles-Long Beach-Anaheim, CA",6,California,37,Los Angeles,34.1365,-117.92391
07/02/2016,AQS,2,11.6,ppb,10,Azusa,24,100,42602,Nitrogen dioxide (NO2),74,31080,"Los Angeles-Long Beach-Anaheim, CA",6,California,37,Los Angeles,34.1365,-117.92391
07/03/2016,AQS,2,11.2,ppb,10,Azusa,24,100,42602,Nitrogen dioxide (NO2),74,31080,"Los Angeles-Long Beach-Anaheim, CA",6,California,37,Los Angeles,34.1365,-117.92391
07/04/2016,AQS,2,14.5,ppb,13,Azusa,24,100,42602,Nitrogen dioxide (NO2),74,31080,"Los Angeles-Long Beach-Anaheim, CA",6,California,37,Los Angeles,34.1365,-117.92391
07/05/2016,AQS,2,15.9,ppb,14,Azusa,24,100,42602,Nitrogen dioxide (NO2),74,31080,"Los Angeles-Long Beach-Anaheim, CA",6,California,37,Los Angeles,34.1365,-117.92391
07/06/2016,AQS,2,18.2,ppb,17,Azusa,24,100,42602,Nitrogen dioxide (NO2),74,31080,"Los Angeles-Long Beach-Anaheim, CA",6,California,37,Los Angeles,34.1365,-117.92391
07/07/2016,AQS,2,21.1,ppb,20,Azusa,24,100,42602,Nitrogen dioxide (NO2),74,31080,"Los Angeles-Long Beach-Anaheim, CA",6,California,37,Los Angeles,34.1365,-117.92391
07/08/2016,AQS,2,28.6,ppb,26,Azusa,24,100,42602,Nitrogen dioxide (NO2),74,31080,"Los Angeles-Long Beach-Anaheim, CA",6,California,37,Los Angeles,34.1365,-117.92391
07/09/2016,AQS,2,27,ppb,25,Azusa,24,100,42602,Nitrogen dioxide (NO2),74,31080,"Los Angeles-Long Beach-Anaheim, CA",6,California,37,Los Angeles,34.1365,-117.92391
07/10/2016,AQS,2,20.1,ppb,19,Azusa,24,100,42602,Nitrogen dioxide (NO2),74,31080,"Los Angeles-Long Beach-Anaheim, CA",6,California,37,Los Angeles,34.1365,-117.92391
07/11/2016,AQS,2,18.6,ppb,17,Azusa,24,100,42602,Nitrogen dioxide (NO2),74,31080,"Los Angeles-Long Beach-Anaheim, CA",6,California,37,Los Angeles,34.1365,-117.92391
07/12/2016,AQS,2,22.6,ppb,21,Azusa,24,100,42602,Nitrogen dioxide (NO2),74,31080,"Los Angeles-Long Beach-Anaheim, CA",6,California,37,Los Angeles,34.1365,-117.92391
07/13/2016,AQS,2,24.6,ppb,23,Azusa,24,100,42602,Nitrogen dioxide (NO2),74,31080,"Los Angeles-Long Beach-Anaheim, CA",6,California,37,Los Angeles,34.1365,-117.92391
07/14/2016,AQS,2,30.1,ppb,28,Azusa,24,100,42602,Nitrogen dioxide (NO2),74,31080,"Los Angeles-Long Beach-Anaheim, CA",6,California,37,Los Angeles,34.1365,-117.92391
07/15/2016,AQS,2,26.6,ppb,25,Azusa,24,100,42602,Nitrogen dioxide (NO2),74,31080,"Los Angeles-Long Beach-Anaheim, CA",6,California,37,Los Angeles,34.1365,-117.92391
07/16/2016,AQS,2,15.7,ppb,14,Azusa,24,100,42602,Nitrogen dioxide (NO2),74,31080,"Los Angeles-Long Beach-Anaheim, CA",6,California,37,Los Angeles,34.1365,-117.92391
07/17/2016,AQS,2,16.2,ppb,15,Azusa,24,100,42602,Nitrogen dioxide (NO2),74,31080,"Los Angeles-Long Beach-Anaheim, CA",6,California,37,Los Angeles,34.1365,-117.92391
07/19/2016,AQS,2,28.9,ppb,26,Azusa,22,92,42602,Nitrogen dioxide (NO2),74,31080,"Los Angeles-Long Beach-Anaheim, CA",6,California,37,Los Angeles,34.1365,-117.92391
07/20/2016,AQS,2,36.3,ppb,34,Azusa,24,100,42602,Nitrogen dioxide (NO2),74,31080,"Los Angeles-Long Beach-Anaheim, CA",6,California,37,Los Angeles,34.1365,-117.92391
07/21/2016,AQS,2,41.7,ppb,39,Azusa,24,100,42602,Nitrogen dioxide (NO2),74,31080,"Los Angeles-Long Beach-Anaheim, CA",6,California,37,Los Angeles,34.1365,-117.92391
07/22/2016,AQS,2,39.6,ppb,37,Azusa,24,100,42602,Nitrogen dioxide (NO2),74,31080,"Los Angeles-Long Beach-Anaheim, CA",6,California,37,Los Angeles,34.1365,-117.92391
07/23/2016,AQS,2,40.5,ppb,38,Azusa,24,100,42602,Nitrogen dioxide (NO2),74,31080,"Los Angeles-Long Beach-Anaheim, CA",6,California,37,Los Angeles,34.1365,-117.92391
07/24/2016,AQS,2,21.8,ppb,20,Azusa,24,100,42602,Nitrogen dioxide (NO2),74,31080,"Los Angeles-Long Beach-Anaheim, CA",6,California,37,Los Angeles,34.1365,-117.92391
07/25/2016,AQS,2,20.8,ppb,19,Azusa,24,100,42602,Nitrogen dioxide (NO2),74,31080,"Los Angeles-Long Beach-Anaheim, CA",6,California,37,Los Angeles,34.1365,-117.92391
07/26/2016,AQS,2,29.9,ppb,27,Azusa,24,100,42602,Nitrogen dioxide (NO2),74,31080,"Los Angeles-Long Beach-Anaheim, CA",6,California,37,Los Angeles,34.1365,-117.92391
07/27/2016,AQS,2,35.6,ppb,33,Azusa,24,100,42602,Nitrogen dioxide (NO2),74,31080,"Los Angeles-Long Beach-Anaheim, CA",6,California,37,Los Angeles,34.1365,-117.92391
07/28/2016,AQS,2,32.4,ppb,30,Azusa,24,100,42602,Nitrogen dioxide (NO2),74,31080,"Los Angeles-Long Beach-Anaheim, CA",6,California,37,Los Angeles,34.1365,-117.92391
07/29/2016,AQS,2,31.4,ppb,29,Azusa,24,100,42602,Nitrogen dioxide (NO2),74,31080,"Los Angeles-Long Beach-Anaheim, CA",6,California,37,Los Angeles,34.1365,-117.92391
07/30/2016,AQS,2,17.9,ppb,16,Azusa,24,100,42602,Nitrogen dioxide (NO2),74,31080,"Los Angeles-Long Beach-Anaheim, CA",6,California,37,Los Angeles,34.1365,-117.92391
07/31/2016,AQS,2,15.8,ppb,14,Azusa,24,100,42602,Nitrogen dioxide (NO2),74,31080,"Los Angeles-Long Beach-Anaheim, CA",6,California,37,Los Angeles,34.1365,-117.92391
08/01/2016,AQS,2,18.6,ppb,17,Azusa,24,100,42602,Nitrogen dioxide (NO2),74,31080,"Los Angeles-Long Beach-Anaheim, CA",6,California,37,Los Angeles,34.1365,-117.92391
08/02/2016,AQS,2,22.7,ppb,21,Azusa,24,100,42602,Nitrogen dioxide (NO2),74,31080,"Los Angeles-Long Beach-Anaheim, CA",6,California,37,Los Angeles,34.1365,-117.92391
08/03/2016,AQS,2,20.7,ppb,19,Azusa,24,100,42602,Nitrogen dioxide (NO2),74,31080,"Los Angeles-Long Beach-Anaheim, CA",6,California,37,Los Angeles,34.1365,-117.92391
08/04/2016,AQS,2,22.3,ppb,21,Azusa,23,96,42602,Nitrogen dioxide (NO2),74,31080,"Los Angeles-Long Beach-Anaheim, CA",6,California,37,Los Angeles,34.1365,-117.92391
08/05/2016,AQS,2,25,ppb,24,Azusa,24,100,42602,Nitrogen dioxide (NO2),74,31080,"Los Angeles-Long Beach-Anaheim, CA",6,California,37,Los Angeles,34.1365,-117.92391
08/06/2016,AQS,2,22,ppb,21,Azusa,24,100,42602,Nitrogen dioxide (NO2),74,31080,"Los Angeles-Long Beach-Anaheim, CA",6,California,37,Los Angeles,34.1365,-117.92391
08/07/2016,AQS,2,17.7,ppb,16,Azusa,24,100,42602,Nitrogen dioxide (NO2),74,31080,"Los Angeles-Long Beach-Anaheim, CA",6,California,37,Los Angeles,34.1365,-117.92391
08/08/2016,AQS,2,15.9,ppb,14,Azusa,24,100,42602,Nitrogen dioxide (NO2),74,31080,"Los Angeles-Long Beach-Anaheim, CA",6,California,37,Los Angeles,34.1365,-117.92391
08/09/2016,AQS,2,18,ppb,17,Azusa,24,100,42602,Nitrogen dioxide (NO2),74,31080,"Los Angeles-Long Beach-Anaheim, CA",6,California,37,Los Angeles,34.1365,-117.92391
08/10/2016,AQS,2,21,ppb,20,Azusa,24,100,42602,Nitrogen dioxide (NO2),74,31080,"Los Angeles-Long Beach-Anaheim, CA",6,California,37,Los Angeles,34.1365,-117.92391
08/11/2016,AQS,2,18,ppb,17,Azusa,24,100,42602,Nitrogen dioxide (NO2),74,31080,"Los Angeles-Long Beach-Anaheim, CA",6,California,37,Los Angeles,34.1365,-117.92391
08/12/2016,AQS,2,19.8,ppb,18,Azusa,24,100,42602,Nitrogen dioxide (NO2),74,31080,"Los Angeles-Long Beach-Anaheim, CA",6,California,37,Los Angeles,34.1365,-117.92391
08/13/2016,AQS,2,22.8,ppb,21,Azusa,24,100,42602,Nitrogen dioxide (NO2),74,31080,"Los Angeles-Long Beach-Anaheim, CA",6,California,37,Los Angeles,34.1365,-117.92391
08/14/2016,AQS,2,25.9,ppb,24,Azusa,24,100,42602,Nitrogen dioxide (NO2),74,31080,"Los Angeles-Long Beach-Anaheim, CA",6,California,37,Los Angeles,34.1365,-117.92391
08/15/2016,AQS,2,41.7,ppb,39,Azusa,24,100,42602,Nitrogen dioxide (NO2),74,31080,"Los Angeles-Long Beach-Anaheim, CA",6,California,37,Los Angeles,34.1365,-117.92391
08/16/2016,AQS,2,44,ppb,42,Azusa,24,100,42602,Nitrogen dioxide (NO2),74,31080,"Los Angeles-Long Beach-Anaheim, CA",6,California,37,Los Angeles,34.1365,-117.92391
08/17/2016,AQS,2,48.9,ppb,45,Azusa,24,100,42602,Nitrogen dioxide (NO2),74,31080,"Los Angeles-Long Beach-Anaheim, CA",6,California,37,Los Angeles,34.1365,-117.92391
08/18/2016,AQS,2,37.2,ppb,35,Azusa,24,100,42602,Nitrogen dioxide (NO2),74,31080,"Los Angeles-Long Beach-Anaheim, CA",6,California,37,Los Angeles,34.1365,-117.92391
08/19/2016,AQS,2,28.6,ppb,26,Azusa,24,100,42602,Nitrogen dioxide (NO2),74,31080,"Los Angeles-Long Beach-Anaheim, CA",6,California,37,Los Angeles,34.1365,-117.92391
08/20/2016,AQS,2,22.3,ppb,21,Azusa,24,100,42602,Nitrogen dioxide (NO2),74,31080,"Los Angeles-Long Beach-Anaheim, CA",6,California,37,Los Angeles,34.1365,-117.92391
08/21/2016,AQS,2,28.8,ppb,26,Azusa,24,100,42602,Nitrogen dioxide (NO2),74,31080,"Los Angeles-Long Beach-Anaheim, CA",6,California,37,Los Angeles,34.1365,-117.92391
08/22/2016,AQS,2,26.9,ppb,25,Azusa,24,100,42602,Nitrogen dioxide (NO2),74,31080,"Los Angeles-Long Beach-Anaheim, CA",6,California,37,Los Angeles,34.1365,-117.92391
08/23/2016,AQS,2,42.8,ppb,40,Azusa,24,100,42602,Nitrogen dioxide (NO2),74,31080,"Los Angeles-Long Beach-Anaheim, CA",6,California,37,Los Angeles,34.1365,-117.92391
08/24/2016,AQS,2,38.6,ppb,36,Azusa,24,100,42602,Nitrogen dioxide (NO2),74,31080,"Los Angeles-Long Beach-Anaheim, CA",6,California,37,Los Angeles,34.1365,-117.92391
08/25/2016,AQS,2,32.5,ppb,30,Azusa,24,100,42602,Nitrogen dioxide (NO2),74,31080,"Los Angeles-Long Beach-Anaheim, CA",6,California,37,Los Angeles,34.1365,-117.92391
08/26/2016,AQS,2,19.1,ppb,18,Azusa,24,100,42602,Nitrogen dioxide (NO2),74,31080,"Los Angeles-Long Beach-Anaheim, CA",6,California,37,Los Angeles,34.1365,-117.92391
08/27/2016,AQS,2,17.4,ppb,16,Azusa,24,100,42602,Nitrogen dioxide (NO2),74,31080,"Los Angeles-Long Beach-Anaheim, CA",6,California,37,Los Angeles,34.1365,-117.92391
08/28/2016,AQS,2,19.1,ppb,18,Azusa,24,100,42602,Nitrogen dioxide (NO2),74,31080,"Los Angeles-Long Beach-Anaheim, CA",6,California,37,Los Angeles,34.1365,-117.92391
08/29/2016,AQS,2,31.3,ppb,29,Azusa,24,100,42602,Nitrogen dioxide (NO2),74,31080,"Los Angeles-Long Beach-Anaheim, CA",6,California,37,Los Angeles,34.1365,-117.92391
08/30/2016,AQS,2,38.5,ppb,36,Azusa,22,92,42602,Nitrogen dioxide (NO2),74,31080,"Los Angeles-Long Beach-Anaheim, CA",6,California,37,Los Angeles,34.1365,-117.92391
08/31/2016,AQS,2,42.2,ppb,40,Azusa,24,100,42602,Nitrogen dioxide (NO2),74,31080,"Los Angeles-Long Beach-Anaheim, CA",6,California,37,Los Angeles,34.1365,-117.92391
09/01/2016,AQS,2,35.2,ppb,33,Azusa,23,96,42602,Nitrogen dioxide (NO2),74,31080,"Los Angeles-Long Beach-Anaheim, CA",6,California,37,Los Angeles,34.1365,-117.92391
09/02/2016,AQS,2,20.7,ppb,19,Azusa,23,96,42602,Nitrogen dioxide (NO2),74,31080,"Los Angeles-Long Beach-Anaheim, CA",6,California,37,Los Angeles,34.1365,-117.92391
09/03/2016,AQS,2,12.8,ppb,11,Azusa,24,100,42602,Nitrogen dioxide (NO2),74,31080,"Los Angeles-Long Beach-Anaheim, CA",6,California,37,Los Angeles,34.1365,-117.92391
09/04/2016,AQS,2,16,ppb,15,Azusa,24,100,42602,Nitrogen dioxide (NO2),74,31080,"Los Angeles-Long Beach-Anaheim, CA",6,California,37,Los Angeles,34.1365,-117.92391
09/05/2016,AQS,2,16.5,ppb,15,Azusa,24,100,42602,Nitrogen dioxide (NO2),74,31080,"Los Angeles-Long Beach-Anaheim, CA",6,California,37,Los Angeles,34.1365,-117.92391
09/06/2016,AQS,2,26.3,ppb,25,Azusa,24,100,42602,Nitrogen dioxide (NO2),74,31080,"Los Angeles-Long Beach-Anaheim, CA",6,California,37,Los Angeles,34.1365,-117.92391
09/07/2016,AQS,2,35.7,ppb,33,Azusa,24,100,42602,Nitrogen dioxide (NO2),74,31080,"Los Angeles-Long Beach-Anaheim, CA",6,California,37,Los Angeles,34.1365,-117.92391
09/08/2016,AQS,2,20.1,ppb,19,Azusa,24,100,42602,Nitrogen dioxide (NO2),74,31080,"Los Angeles-Long Beach-Anaheim, CA",6,California,37,Los Angeles,34.1365,-117.92391
09/09/2016,AQS,2,26,ppb,25,Azusa,24,100,42602,Nitrogen dioxide (NO2),74,31080,"Los Angeles-Long Beach-Anaheim, CA",6,California,37,Los Angeles,34.1365,-117.92391
09/10/2016,AQS,2,26.7,ppb,25,Azusa,24,100,42602,Nitrogen dioxide (NO2),74,31080,"Los Angeles-Long Beach-Anaheim, CA",6,California,37,Los Angeles,34.1365,-117.92391
09/11/2016,AQS,2,21.3,ppb,20,Azusa,24,100,42602,Nitrogen dioxide (NO2),74,31080,"Los Angeles-Long Beach-Anaheim, CA",6,California,37,Los Angeles,34.1365,-117.92391
09/12/2016,AQS,2,13.1,ppb,12,Azusa,24,100,42602,Nitrogen dioxide (NO2),74,31080,"Los Angeles-Long Beach-Anaheim, CA",6,California,37,Los Angeles,34.1365,-117.92391
09/13/2016,AQS,2,13.9,ppb,12,Azusa,24,100,42602,Nitrogen dioxide (NO2),74,31080,"Los Angeles-Long Beach-Anaheim, CA",6,California,37,Los Angeles,34.1365,-117.92391
09/14/2016,AQS,2,27,ppb,25,Azusa,24,100,42602,Nitrogen dioxide (NO2),74,31080,"Los Angeles-Long Beach-Anaheim, CA",6,California,37,Los Angeles,34.1365,-117.92391
09/15/2016,AQS,2,31.4,ppb,29,Azusa,24,100,42602,Nitrogen dioxide (NO2),74,31080,"Los Angeles-Long Beach-Anaheim, CA",6,California,37,Los Angeles,34.1365,-117.92391
09/16/2016,AQS,2,37.4,ppb,35,Azusa,24,100,42602,Nitrogen dioxide (NO2),74,31080,"Los Angeles-Long Beach-Anaheim, CA",6,California,37,Los Angeles,34.1365,-117.92391
09/17/2016,AQS,2,36.9,ppb,34,Azusa,24,100,42602,Nitrogen dioxide (NO2),74,31080,"Los Angeles-Long Beach-Anaheim, CA",6,California,37,Los Angeles,34.1365,-117.92391
09/18/2016,AQS,2,28.8,ppb,26,Azusa,24,100,42602,Nitrogen dioxide (NO2),74,31080,"Los Angeles-Long Beach-Anaheim, CA",6,California,37,Los Angeles,34.1365,-117.92391
09/19/2016,AQS,2,41.7,ppb,39,Azusa,24,100,42602,Nitrogen dioxide (NO2),74,31080,"Los Angeles-Long Beach-Anaheim, CA",6,California,37,Los Angeles,34.1365,-117.92391
09/20/2016,AQS,2,35.1,ppb,33,Azusa,22,92,42602,Nitrogen dioxide (NO2),74,31080,"Los Angeles-Long Beach-Anaheim, CA",6,California,37,Los Angeles,34.1365,-117.92391
09/21/2016,AQS,2,26.1,ppb,25,Azusa,24,100,42602,Nitrogen dioxide (NO2),74,31080,"Los Angeles-Long Beach-Anaheim, CA",6,California,37,Los Angeles,34.1365,-117.92391
09/22/2016,AQS,2,24,ppb,23,Azusa,24,100,42602,Nitrogen dioxide (NO2),74,31080,"Los Angeles-Long Beach-Anaheim, CA",6,California,37,Los Angeles,34.1365,-117.92391
09/23/2016,AQS,2,29,ppb,27,Azusa,24,100,42602,Nitrogen dioxide (NO2),74,31080,"Los Angeles-Long Beach-Anaheim, CA",6,California,37,Los Angeles,34.1365,-117.92391
09/24/2016,AQS,2,25.1,ppb,24,Azusa,24,100,42602,Nitrogen dioxide (NO2),74,31080,"Los Angeles-Long Beach-Anaheim, CA",6,California,37,Los Angeles,34.1365,-117.92391
09/25/2016,AQS,2,20.1,ppb,19,Azusa,24,100,42602,Nitrogen dioxide (NO2),74,31080,"Los Angeles-Long Beach-Anaheim, CA",6,California,37,Los Angeles,34.1365,-117.92391
09/26/2016,AQS,2,19.8,ppb,18,Azusa,24,100,42602,Nitrogen dioxide (NO2),74,31080,"Los Angeles-Long Beach-Anaheim, CA",6,California,37,Los Angeles,34.1365,-117.92391
09/27/2016,AQS,2,26.9,ppb,25,Azusa,24,100,42602,Nitrogen dioxide (NO2),74,31080,"Los Angeles-Long Beach-Anaheim, CA",6,California,37,Los Angeles,34.1365,-117.92391
09/28/2016,AQS,2,35.9,ppb,33,Azusa,24,100,42602,Nitrogen dioxide (NO2),74,31080,"Los Angeles-Long Beach-Anaheim, CA",6,California,37,Los Angeles,34.1365,-117.92391
09/29/2016,AQS,2,41,ppb,39,Azusa,24,100,42602,Nitrogen dioxide (NO2),74,31080,"Los Angeles-Long Beach-Anaheim, CA",6,California,37,Los Angeles,34.1365,-117.92391
09/30/2016,AQS,2,39.8,ppb,37,Azusa,24,100,42602,Nitrogen dioxide (NO2),74,31080,"Los Angeles-Long Beach-Anaheim, CA",6,California,37,Los Angeles,34.1365,-117.92391
10/01/2016,AQS,2,32.7,ppb,30,Azusa,24,100,42602,Nitrogen dioxide (NO2),74,31080,"Los Angeles-Long Beach-Anaheim, CA",6,California,37,Los Angeles,34.1365,-117.92391
10/02/2016,AQS,2,22.1,ppb,21,Azusa,24,100,42602,Nitrogen dioxide (NO2),74,31080,"Los Angeles-Long Beach-Anaheim, CA",6,California,37,Los Angeles,34.1365,-117.92391
10/03/2016,AQS,2,24.7,ppb,23,Azusa,24,100,42602,Nitrogen dioxide (NO2),74,31080,"Los Angeles-Long Beach-Anaheim, CA",6,California,37,Los Angeles,34.1365,-117.92391
10/04/2016,AQS,2,18.2,ppb,17,Azusa,24,100,42602,Nitrogen dioxide (NO2),74,31080,"Los Angeles-Long Beach-Anaheim, CA",6,California,37,Los Angeles,34.1365,-117.92391
10/05/2016,AQS,2,20.4,ppb,19,Azusa,24,100,42602,Nitrogen dioxide (NO2),74,31080,"Los Angeles-Long Beach-Anaheim, CA",6,California,37,Los Angeles,34.1365,-117.92391
10/06/2016,AQS,2,48.8,ppb,45,Azusa,24,100,42602,Nitrogen dioxide (NO2),74,31080,"Los Angeles-Long Beach-Anaheim, CA",6,California,37,Los Angeles,34.1365,-117.92391
10/07/2016,AQS,2,35.5,ppb,33,Azusa,24,100,42602,Nitrogen dioxide (NO2),74,31080,"Los Angeles-Long Beach-Anaheim, CA",6,California,37,Los Angeles,34.1365,-117.92391
10/08/2016,AQS,2,35.6,ppb,33,Azusa,24,100,42602,Nitrogen dioxide (NO2),74,31080,"Los Angeles-Long Beach-Anaheim, CA",6,California,37,Los Angeles,34.1365,-117.92391
10/09/2016,AQS,2,31.9,ppb,29,Azusa,24,100,42602,Nitrogen dioxide (NO2),74,31080,"Los Angeles-Long Beach-Anaheim, CA",6,California,37,Los Angeles,34.1365,-117.92391
10/10/2016,AQS,2,43.7,ppb,41,Azusa,24,100,42602,Nitrogen dioxide (NO2),74,31080,"Los Angeles-Long Beach-Anaheim, CA",6,California,37,Los Angeles,34.1365,-117.92391
10/11/2016,AQS,2,25.1,ppb,24,Azusa,24,100,42602,Nitrogen dioxide (NO2),74,31080,"Los Angeles-Long Beach-Anaheim, CA",6,California,37,Los Angeles,34.1365,-117.92391
10/12/2016,AQS,2,28,ppb,26,Azusa,24,100,42602,Nitrogen dioxide (NO2),74,31080,"Los Angeles-Long Beach-Anaheim, CA",6,California,37,Los Angeles,34.1365,-117.92391
10/13/2016,AQS,2,34.5,ppb,32,Azusa,24,100,42602,Nitrogen dioxide (NO2),74,31080,"Los Angeles-Long Beach-Anaheim, CA",6,California,37,Los Angeles,34.1365,-117.92391
10/14/2016,AQS,2,31.8,ppb,29,Azusa,24,100,42602,Nitrogen dioxide (NO2),74,31080,"Los Angeles-Long Beach-Anaheim, CA",6,California,37,Los Angeles,34.1365,-117.92391
10/15/2016,AQS,2,25.6,ppb,24,Azusa,24,100,42602,Nitrogen dioxide (NO2),74,31080,"Los Angeles-Long Beach-Anaheim, CA",6,California,37,Los Angeles,34.1365,-117.92391
10/16/2016,AQS,2,12.9,ppb,11,Azusa,24,100,42602,Nitrogen dioxide (NO2),74,31080,"Los Angeles-Long Beach-Anaheim, CA",6,California,37,Los Angeles,34.1365,-117.92391
10/17/2016,AQS,2,23.6,ppb,22,Azusa,24,100,42602,Nitrogen dioxide (NO2),74,31080,"Los Angeles-Long Beach-Anaheim, CA",6,California,37,Los Angeles,34.1365,-117.92391
10/18/2016,AQS,2,33.5,ppb,31,Azusa,24,100,42602,Nitrogen dioxide (NO2),74,31080,"Los Angeles-Long Beach-Anaheim, CA",6,California,37,Los Angeles,34.1365,-117.92391
10/19/2016,AQS,2,30.9,ppb,28,Azusa,24,100,42602,Nitrogen dioxide (NO2),74,31080,"Los Angeles-Long Beach-Anaheim, CA",6,California,37,Los Angeles,34.1365,-117.92391
10/20/2016,AQS,2,26.3,ppb,25,Azusa,24,100,42602,Nitrogen dioxide (NO2),74,31080,"Los Angeles-Long Beach-Anaheim, CA",6,California,37,Los Angeles,34.1365,-117.92391
10/21/2016,AQS,2,54.7,ppb,51,Azusa,24,100,42602,Nitrogen dioxide (NO2),74,31080,"Los Angeles-Long Beach-Anaheim, CA",6,California,37,Los Angeles,34.1365,-117.92391
10/22/2016,AQS,2,32.5,ppb,30,Azusa,24,100,42602,Nitrogen dioxide (NO2),74,31080,"Los Angeles-Long Beach-Anaheim, CA",6,California,37,Los Angeles,34.1365,-117.92391
10/23/2016,AQS,2,31.7,ppb,29,Azusa,21,88,42602,Nitrogen dioxide (NO2),74,31080,"Los Angeles-Long Beach-Anaheim, CA",6,California,37,Los Angeles,34.1365,-117.92391
10/24/2016,AQS,2,30.4,ppb,28,Azusa,24,100,42602,Nitrogen dioxide (NO2),74,31080,"Los Angeles-Long Beach-Anaheim, CA",6,California,37,Los Angeles,34.1365,-117.92391
10/25/2016,AQS,2,27.5,ppb,25,Azusa,24,100,42602,Nitrogen dioxide (NO2),74,31080,"Los Angeles-Long Beach-Anaheim, CA",6,California,37,Los Angeles,34.1365,-117.92391
10/26/2016,AQS,2,37.8,ppb,35,Azusa,24,100,42602,Nitrogen dioxide (NO2),74,31080,"Los Angeles-Long Beach-Anaheim, CA",6,California,37,Los Angeles,34.1365,-117.92391
10/27/2016,AQS,2,60.4,ppb,57,Azusa,24,100,42602,Nitrogen dioxide (NO2),74,31080,"Los Angeles-Long Beach-Anaheim, CA",6,California,37,Los Angeles,34.1365,-117.92391
10/28/2016,AQS,2,33.3,ppb,31,Azusa,24,100,42602,Nitrogen dioxide (NO2),74,31080,"Los Angeles-Long Beach-Anaheim, CA",6,California,37,Los Angeles,34.1365,-117.92391
10/29/2016,AQS,2,31.9,ppb,29,Azusa,24,100,42602,Nitrogen dioxide (NO2),74,31080,"Los Angeles-Long Beach-Anaheim, CA",6,California,37,Los Angeles,34.1365,-117.92391
10/30/2016,AQS,2,24.8,ppb,23,Azusa,24,100,42602,Nitrogen dioxide (NO2),74,31080,"Los Angeles-Long Beach-Anaheim, CA",6,California,37,Los Angeles,34.1365,-117.92391
10/31/2016,AQS,2,28.6,ppb,26,Azusa,24,100,42602,Nitrogen dioxide (NO2),74,31080,"Los Angeles-Long Beach-Anaheim, CA",6,California,37,Los Angeles,34.1365,-117.92391
11/01/2016,AQS,2,23.3,ppb,22,Azusa,24,100,42602,Nitrogen dioxide (NO2),74,31080,"Los Angeles-Long Beach-Anaheim, CA",6,California,37,Los Angeles,34.1365,-117.92391
11/02/2016,AQS,2,43,ppb,41,Azusa,18,75,42602,Nitrogen dioxide (NO2),74,31080,"Los Angeles-Long Beach-Anaheim, CA",6,California,37,Los Angeles,34.1365,-117.92391
11/03/2016,AQS,2,45.8,ppb,42,Azusa,24,100,42602,Nitrogen dioxide (NO2),74,31080,"Los Angeles-Long Beach-Anaheim, CA",6,California,37,Los Angeles,34.1365,-117.92391
11/04/2016,AQS,2,46.7,ppb,43,Azusa,24,100,42602,Nitrogen dioxide (NO2),74,31080,"Los Angeles-Long Beach-Anaheim, CA",6,California,37,Los Angeles,34.1365,-117.92391
11/05/2016,AQS,2,38.2,ppb,36,Azusa,24,100,42602,Nitrogen dioxide (NO2),74,31080,"Los Angeles-Long Beach-Anaheim, CA",6,California,37,Los Angeles,34.1365,-117.92391
11/06/2016,AQS,2,29.2,ppb,27,Azusa,24,100,42602,Nitrogen dioxide (NO2),74,31080,"Los Angeles-Long Beach-Anaheim, CA",6,California,37,Los Angeles,34.1365,-117.92391
11/07/2016,AQS,2,66.6,ppb,64,Azusa,24,100,42602,Nitrogen dioxide (NO2),74,31080,"Los Angeles-Long Beach-Anaheim, CA",6,California,37,Los Angeles,34.1365,-117.92391
11/08/2016,AQS,2,57.7,ppb,54,Azusa,24,100,42602,Nitrogen dioxide (NO2),74,31080,"Los Angeles-Long Beach-Anaheim, CA",6,California,37,Los Angeles,34.1365,-117.92391
11/09/2016,AQS,2,30.9,ppb,28,Azusa,24,100,42602,Nitrogen dioxide (NO2),74,31080,"Los Angeles-Long Beach-Anaheim, CA",6,California,37,Los Angeles,34.1365,-117.92391
11/10/2016,AQS,2,37.8,ppb,35,Azusa,24,100,42602,Nitrogen dioxide (NO2),74,31080,"Los Angeles-Long Beach-Anaheim, CA",6,California,37,Los Angeles,34.1365,-117.92391
11/11/2016,AQS,2,42.7,ppb,40,Azusa,24,100,42602,Nitrogen dioxide (NO2),74,31080,"Los Angeles-Long Beach-Anaheim, CA",6,California,37,Los Angeles,34.1365,-117.92391
11/12/2016,AQS,2,38.6,ppb,36,Azusa,24,100,42602,Nitrogen dioxide (NO2),74,31080,"Los Angeles-Long Beach-Anaheim, CA",6,California,37,Los Angeles,34.1365,-117.92391
11/13/2016,AQS,2,26.8,ppb,25,Azusa,24,100,42602,Nitrogen dioxide (NO2),74,31080,"Los Angeles-Long Beach-Anaheim, CA",6,California,37,Los Angeles,34.1365,-117.92391
11/14/2016,AQS,2,58.3,ppb,55,Azusa,24,100,42602,Nitrogen dioxide (NO2),74,31080,"Los Angeles-Long Beach-Anaheim, CA",6,California,37,Los Angeles,34.1365,-117.92391
11/15/2016,AQS,2,62.6,ppb,60,Azusa,24,100,42602,Nitrogen dioxide (NO2),74,31080,"Los Angeles-Long Beach-Anaheim, CA",6,California,37,Los Angeles,34.1365,-117.92391
11/16/2016,AQS,2,42,ppb,40,Azusa,24,100,42602,Nitrogen dioxide (NO2),74,31080,"Los Angeles-Long Beach-Anaheim, CA",6,California,37,Los Angeles,34.1365,-117.92391
11/17/2016,AQS,2,25.2,ppb,24,Azusa,24,100,42602,Nitrogen dioxide (NO2),74,31080,"Los Angeles-Long Beach-Anaheim, CA",6,California,37,Los Angeles,34.1365,-117.92391
11/18/2016,AQS,2,33.8,ppb,31,Azusa,24,100,42602,Nitrogen dioxide (NO2),74,31080,"Los Angeles-Long Beach-Anaheim, CA",6,California,37,Los Angeles,34.1365,-117.92391
11/19/2016,AQS,2,50.8,ppb,47,Azusa,24,100,42602,Nitrogen dioxide (NO2),74,31080,"Los Angeles-Long Beach-Anaheim, CA",6,California,37,Los Angeles,34.1365,-117.92391
11/20/2016,AQS,2,39.2,ppb,37,Azusa,24,100,42602,Nitrogen dioxide (NO2),74,31080,"Los Angeles-Long Beach-Anaheim, CA",6,California,37,Los Angeles,34.1365,-117.92391
11/21/2016,AQS,2,27.7,ppb,25,Azusa,24,100,42602,Nitrogen dioxide (NO2),74,31080,"Los Angeles-Long Beach-Anaheim, CA",6,California,37,Los Angeles,34.1365,-117.92391
11/22/2016,AQS,2,36.9,ppb,34,Azusa,24,100,42602,Nitrogen dioxide (NO2),74,31080,"Los Angeles-Long Beach-Anaheim, CA",6,California,37,Los Angeles,34.1365,-117.92391
11/23/2016,AQS,2,42.3,ppb,40,Azusa,24,100,42602,Nitrogen dioxide (NO2),74,31080,"Los Angeles-Long Beach-Anaheim, CA",6,California,37,Los Angeles,34.1365,-117.92391
11/24/2016,AQS,2,25.7,ppb,24,Azusa,24,100,42602,Nitrogen dioxide (NO2),74,31080,"Los Angeles-Long Beach-Anaheim, CA",6,California,37,Los Angeles,34.1365,-117.92391
11/25/2016,AQS,2,27.5,ppb,25,Azusa,24,100,42602,Nitrogen dioxide (NO2),74,31080,"Los Angeles-Long Beach-Anaheim, CA",6,California,37,Los Angeles,34.1365,-117.92391
11/26/2016,AQS,2,22.4,ppb,21,Azusa,24,100,42602,Nitrogen dioxide (NO2),74,31080,"Los Angeles-Long Beach-Anaheim, CA",6,California,37,Los Angeles,34.1365,-117.92391
11/27/2016,AQS,2,16.9,ppb,15,Azusa,24,100,42602,Nitrogen dioxide (NO2),74,31080,"Los Angeles-Long Beach-Anaheim, CA",6,California,37,Los Angeles,34.1365,-117.92391
11/28/2016,AQS,2,27.6,ppb,25,Azusa,24,100,42602,Nitrogen dioxide (NO2),74,31080,"Los Angeles-Long Beach-Anaheim, CA",6,California,37,Los Angeles,34.1365,-117.92391
11/29/2016,AQS,2,31.8,ppb,29,Azusa,24,100,42602,Nitrogen dioxide (NO2),74,31080,"Los Angeles-Long Beach-Anaheim, CA",6,California,37,Los Angeles,34.1365,-117.92391
11/30/2016,AQS,2,40.9,ppb,38,Azusa,24,100,42602,Nitrogen dioxide (NO2),74,31080,"Los Angeles-Long Beach-Anaheim, CA",6,California,37,Los Angeles,34.1365,-117.92391
12/01/2016,AQS,2,30.3,ppb,28,Azusa,22,92,42602,Nitrogen dioxide (NO2),74,31080,"Los Angeles-Long Beach-Anaheim, CA",6,California,37,Los Angeles,34.1365,-117.92391
12/02/2016,AQS,2,17,ppb,16,Azusa,19,79,42602,Nitrogen dioxide (NO2),74,31080,"Los Angeles-Long Beach-Anaheim, CA",6,California,37,Los Angeles,34.1365,-117.92391
12/03/2016,AQS,2,32.1,ppb,30,Azusa,24,100,42602,Nitrogen dioxide (NO2),74,31080,"Los Angeles-Long Beach-Anaheim, CA",6,California,37,Los Angeles,34.1365,-117.92391
12/04/2016,AQS,2,39.2,ppb,37,Azusa,24,100,42602,Nitrogen dioxide (NO2),74,31080,"Los Angeles-Long Beach-Anaheim, CA",6,California,37,Los Angeles,34.1365,-117.92391
12/05/2016,AQS,2,35.9,ppb,33,Azusa,24,100,42602,Nitrogen dioxide (NO2),74,31080,"Los Angeles-Long Beach-Anaheim, CA",6,California,37,Los Angeles,34.1365,-117.92391
12/07/2016,AQS,2,33.3,ppb,31,Azusa,24,100,42602,Nitrogen dioxide (NO2),74,31080,"Los Angeles-Long Beach-Anaheim, CA",6,California,37,Los Angeles,34.1365,-117.92391
12/08/2016,AQS,2,41.8,ppb,39,Azusa,24,100,42602,Nitrogen dioxide (NO2),74,31080,"Los Angeles-Long Beach-Anaheim, CA",6,California,37,Los Angeles,34.1365,-117.92391
12/09/2016,AQS,2,47.1,ppb,44,Azusa,24,100,42602,Nitrogen dioxide (NO2),74,31080,"Los Angeles-Long Beach-Anaheim, CA",6,California,37,Los Angeles,34.1365,-117.92391
12/10/2016,AQS,2,32.2,ppb,30,Azusa,24,100,42602,Nitrogen dioxide (NO2),74,31080,"Los Angeles-Long Beach-Anaheim, CA",6,California,37,Los Angeles,34.1365,-117.92391
12/11/2016,AQS,2,27.1,ppb,25,Azusa,24,100,42602,Nitrogen dioxide (NO2),74,31080,"Los Angeles-Long Beach-Anaheim, CA",6,California,37,Los Angeles,34.1365,-117.92391
12/12/2016,AQS,2,32.8,ppb,30,Azusa,24,100,42602,Nitrogen dioxide (NO2),74,31080,"Los Angeles-Long Beach-Anaheim, CA",6,California,37,Los Angeles,34.1365,-117.92391
12/13/2016,AQS,2,39.1,ppb,37,Azusa,24,100,42602,Nitrogen dioxide (NO2),74,31080,"Los Angeles-Long Beach-Anaheim, CA",6,California,37,Los Angeles,34.1365,-117.92391
12/14/2016,AQS,2,48.9,ppb,45,Azusa,24,100,42602,Nitrogen dioxide (NO2),74,31080,"Los Angeles-Long Beach-Anaheim, CA",6,California,37,Los Angeles,34.1365,-117.92391
12/15/2016,AQS,2,60.8,ppb,57,Azusa,24,100,42602,Nitrogen dioxide (NO2),74,31080,"Los Angeles-Long Beach-Anaheim, CA",6,California,37,Los Angeles,34.1365,-117.92391
12/16/2016,AQS,2,19,ppb,18,Azusa,24,100,42602,Nitrogen dioxide (NO2),74,31080,"Los Angeles-Long Beach-Anaheim, CA",6,California,37,Los Angeles,34.1365,-117.92391
12/17/2016,AQS,2,22.1,ppb,21,Azusa,24,100,42602,Nitrogen dioxide (NO2),74,31080,"Los Angeles-Long Beach-Anaheim, CA",6,California,37,Los Angeles,34.1365,-117.92391
12/18/2016,AQS,2,35.4,ppb,33,Azusa,24,100,42602,Nitrogen dioxide (NO2),74,31080,"Los Angeles-Long Beach-Anaheim, CA",6,California,37,Los Angeles,34.1365,-117.92391
12/19/2016,AQS,2,24.7,ppb,23,Azusa,24,100,42602,Nitrogen dioxide (NO2),74,31080,"Los Angeles-Long Beach-Anaheim, CA",6,California,37,Los Angeles,34.1365,-117.92391
12/20/2016,AQS,2,42,ppb,40,Azusa,24,100,42602,Nitrogen dioxide (NO2),74,31080,"Los Angeles-Long Beach-Anaheim, CA",6,California,37,Los Angeles,34.1365,-117.92391
12/21/2016,AQS,2,33.6,ppb,31,Azusa,24,100,42602,Nitrogen dioxide (NO2),74,31080,"Los Angeles-Long Beach-Anaheim, CA",6,California,37,Los Angeles,34.1365,-117.92391
12/22/2016,AQS,2,27,ppb,25,Azusa,24,100,42602,Nitrogen dioxide (NO2),74,31080,"Los Angeles-Long Beach-Anaheim, CA",6,California,37,Los Angeles,34.1365,-117.92391
12/23/2016,AQS,2,13.7,ppb,12,Azusa,22,92,42602,Nitrogen dioxide (NO2),74,31080,"Los Angeles-Long Beach-Anaheim, CA",6,California,37,Los Angeles,34.1365,-117.92391
12/24/2016,AQS,2,13.2,ppb,12,Azusa,24,100,42602,Nitrogen dioxide (NO2),74,31080,"Los Angeles-Long Beach-Anaheim, CA",6,California,37,Los Angeles,34.1365,-117.92391
12/25/2016,AQS,2,15.3,ppb,14,Azusa,24,100,42602,Nitrogen dioxide (NO2),74,31080,"Los Angeles-Long Beach-Anaheim, CA",6,California,37,Los Angeles,34.1365,-117.92391
12/26/2016,AQS,2,18,ppb,17,Azusa,24,100,42602,Nitrogen dioxide (NO2),74,31080,"Los Angeles-Long Beach-Anaheim, CA",6,California,37,Los Angeles,34.1365,-117.92391
12/27/2016,AQS,2,30,ppb,28,Azusa,24,100,42602,Nitrogen dioxide (NO2),74,31080,"Los Angeles-Long Beach-Anaheim, CA",6,California,37,Los Angeles,34.1365,-117.92391
12/28/2016,AQS,2,22.8,ppb,21,Azusa,24,100,42602,Nitrogen dioxide (NO2),74,31080,"Los Angeles-Long Beach-Anaheim, CA",6,California,37,Los Angeles,34.1365,-117.92391
12/29/2016,AQS,2,34.1,ppb,32,Azusa,24,100,42602,Nitrogen dioxide (NO2),74,31080,"Los Angeles-Long Beach-Anaheim, CA",6,California,37,Los Angeles,34.1365,-117.92391
12/30/2016,AQS,2,38.3,ppb,36,Azusa,24,100,42602,Nitrogen dioxide (NO2),74,31080,"Los Angeles-Long Beach-Anaheim, CA",6,California,37,Los Angeles,34.1365,-117.92391
12/31/2016,AQS,2,19.2,ppb,18,Azusa,24,100,42602,Nitrogen dioxide (NO2),74,31080,"Los Angeles-Long Beach-Anaheim, CA",6,California,37,Los Angeles,34.1365,-117.92391
01/01/2017,AQS,2,15.2,ppb,14,Azusa,24,100,42602,Nitrogen dioxide (NO2),74,31080,"Los Angeles-Long Beach-Anaheim, CA",6,California,37,Los Angeles,34.1365,-117.92391
01/02/2017,AQS,2,15.5,ppb,14,Azusa,24,100,42602,Nitrogen dioxide (NO2),74,31080,"Los Angeles-Long Beach-Anaheim, CA",6,California,37,Los Angeles,34.1365,-117.92391
01/03/2017,AQS,2,24.9,ppb,23,Azusa,24,100,42602,Nitrogen dioxide (NO2),74,31080,"Los Angeles-Long Beach-Anaheim, CA",6,California,37,Los Angeles,34.1365,-117.92391
01/04/2017,AQS,2,35.2,ppb,33,Azusa,24,100,42602,Nitrogen dioxide (NO2),74,31080,"Los Angeles-Long Beach-Anaheim, CA",6,California,37,Los Angeles,34.1365,-117.92391
01/05/2017,AQS,2,26,ppb,25,Azusa,24,100,42602,Nitrogen dioxide (NO2),74,31080,"Los Angeles-Long Beach-Anaheim, CA",6,California,37,Los Angeles,34.1365,-117.92391
01/06/2017,AQS,2,28.8,ppb,26,Azusa,24,100,42602,Nitrogen dioxide (NO2),74,31080,"Los Angeles-Long Beach-Anaheim, CA",6,California,37,Los Angeles,34.1365,-117.92391
01/07/2017,AQS,2,25.2,ppb,24,Azusa,24,100,42602,Nitrogen dioxide (NO2),74,31080,"Los Angeles-Long Beach-Anaheim, CA",6,California,37,Los Angeles,34.1365,-117.92391
01/08/2017,AQS,2,24.9,ppb,23,Azusa,24,100,42602,Nitrogen dioxide (NO2),74,31080,"Los Angeles-Long Beach-Anaheim, CA",6,California,37,Los Angeles,34.1365,-117.92391
01/09/2017,AQS,2,26.5,ppb,25,Azusa,24,100,42602,Nitrogen dioxide (NO2),74,31080,"Los Angeles-Long Beach-Anaheim, CA",6,California,37,Los Angeles,34.1365,-117.92391
01/10/2017,AQS,2,20.7,ppb,19,Azusa,24,100,42602,Nitrogen dioxide (NO2),74,31080,"Los Angeles-Long Beach-Anaheim, CA",6,California,37,Los Angeles,34.1365,-117.92391
01/11/2017,AQS,2,16.4,ppb,15,Azusa,24,100,42602,Nitrogen dioxide (NO2),74,31080,"Los Angeles-Long Beach-Anaheim, CA",6,California,37,Los Angeles,34.1365,-117.92391
01/12/2017,AQS,2,16.9,ppb,15,Azusa,24,100,42602,Nitrogen dioxide (NO2),74,31080,"Los Angeles-Long Beach-Anaheim, CA",6,California,37,Los Angeles,34.1365,-117.92391
01/13/2017,AQS,2,36.7,ppb,34,Azusa,24,100,42602,Nitrogen dioxide (NO2),74,31080,"Los Angeles-Long Beach-Anaheim, CA",6,California,37,Los Angeles,34.1365,-117.92391
01/14/2017,AQS,2,33.1,ppb,31,Azusa,24,100,42602,Nitrogen dioxide (NO2),74,31080,"Los Angeles-Long Beach-Anaheim, CA",6,California,37,Los Angeles,34.1365,-117.92391
01/15/2017,AQS,2,10,ppb,9,Azusa,24,100,42602,Nitrogen dioxide (NO2),74,31080,"Los Angeles-Long Beach-Anaheim, CA",6,California,37,Los Angeles,34.1365,-117.92391
01/16/2017,AQS,2,24.1,ppb,23,Azusa,24,100,42602,Nitrogen dioxide (NO2),74,31080,"Los Angeles-Long Beach-Anaheim, CA",6,California,37,Los Angeles,34.1365,-117.92391
01/17/2017,AQS,2,36.4,ppb,34,Azusa,24,100,42602,Nitrogen dioxide (NO2),74,31080,"Los Angeles-Long Beach-Anaheim, CA",6,California,37,Los Angeles,34.1365,-117.92391
01/18/2017,AQS,2,36.2,ppb,34,Azusa,24,100,42602,Nitrogen dioxide (NO2),74,31080,"Los Angeles-Long Beach-Anaheim, CA",6,California,37,Los Angeles,34.1365,-117.92391
01/19/2017,AQS,2,14.2,ppb,13,Azusa,24,100,42602,Nitrogen dioxide (NO2),74,31080,"Los Angeles-Long Beach-Anaheim, CA",6,California,37,Los Angeles,34.1365,-117.92391
01/20/2017,AQS,2,12.6,ppb,11,Azusa,24,100,42602,Nitrogen dioxide (NO2),74,31080,"Los Angeles-Long Beach-Anaheim, CA",6,California,37,Los Angeles,34.1365,-117.92391
01/21/2017,AQS,2,15.2,ppb,14,Azusa,24,100,42602,Nitrogen dioxide (NO2),74,31080,"Los Angeles-Long Beach-Anaheim, CA",6,California,37,Los Angeles,34.1365,-117.92391
01/22/2017,AQS,2,17.5,ppb,16,Azusa,24,100,42602,Nitrogen dioxide (NO2),74,31080,"Los Angeles-Long Beach-Anaheim, CA",6,California,37,Los Angeles,34.1365,-117.92391
01/23/2017,AQS,2,17.4,ppb,16,Azusa,24,100,42602,Nitrogen dioxide (NO2),74,31080,"Los Angeles-Long Beach-Anaheim, CA",6,California,37,Los Angeles,34.1365,-117.92391
01/24/2017,AQS,2,23.5,ppb,22,Azusa,24,100,42602,Nitrogen dioxide (NO2),74,31080,"Los Angeles-Long Beach-Anaheim, CA",6,California,37,Los Angeles,34.1365,-117.92391
01/25/2017,AQS,2,23.9,ppb,22,Azusa,24,100,42602,Nitrogen dioxide (NO2),74,31080,"Los Angeles-Long Beach-Anaheim, CA",6,California,37,Los Angeles,34.1365,-117.92391
01/26/2017,AQS,2,18.7,ppb,17,Azusa,24,100,42602,Nitrogen dioxide (NO2),74,31080,"Los Angeles-Long Beach-Anaheim, CA",6,California,37,Los Angeles,34.1365,-117.92391
01/27/2017,AQS,2,39.4,ppb,37,Azusa,24,100,42602,Nitrogen dioxide (NO2),74,31080,"Los Angeles-Long Beach-Anaheim, CA",6,California,37,Los Angeles,34.1365,-117.92391
01/28/2017,AQS,2,27.3,ppb,25,Azusa,24,100,42602,Nitrogen dioxide (NO2),74,31080,"Los Angeles-Long Beach-Anaheim, CA",6,California,37,Los Angeles,34.1365,-117.92391
01/29/2017,AQS,2,13.7,ppb,12,Azusa,24,100,42602,Nitrogen dioxide (NO2),74,31080,"Los Angeles-Long Beach-Anaheim, CA",6,California,37,Los Angeles,34.1365,-117.92391
01/30/2017,AQS,2,41.5,ppb,39,Azusa,24,100,42602,Nitrogen dioxide (NO2),74,31080,"Los Angeles-Long Beach-Anaheim, CA",6,California,37,Los Angeles,34.1365,-117.92391
01/31/2017,AQS,2,44.3,ppb,42,Azusa,24,100,42602,Nitrogen dioxide (NO2),74,31080,"Los Angeles-Long Beach-Anaheim, CA",6,California,37,Los Angeles,34.1365,-117.92391
02/01/2017,AQS,2,44.7,ppb,42,Azusa,24,100,42602,Nitrogen dioxide (NO2),74,31080,"Los Angeles-Long Beach-Anaheim, CA",6,California,37,Los Angeles,34.1365,-117.92391
02/02/2017,AQS,2,43.2,ppb,41,Azusa,24,100,42602,Nitrogen dioxide (NO2),74,31080,"Los Angeles-Long Beach-Anaheim, CA",6,California,37,Los Angeles,34.1365,-117.92391
02/03/2017,AQS,2,38,ppb,36,Azusa,24,100,42602,Nitrogen dioxide (NO2),74,31080,"Los Angeles-Long Beach-Anaheim, CA",6,California,37,Los Angeles,34.1365,-117.92391
02/04/2017,AQS,2,14.1,ppb,13,Azusa,24,100,42602,Nitrogen dioxide (NO2),74,31080,"Los Angeles-Long Beach-Anaheim, CA",6,California,37,Los Angeles,34.1365,-117.92391
02/05/2017,AQS,2,21.1,ppb,20,Azusa,24,100,42602,Nitrogen dioxide (NO2),74,31080,"Los Angeles-Long Beach-Anaheim, CA",6,California,37,Los Angeles,34.1365,-117.92391
02/06/2017,AQS,2,24,ppb,23,Azusa,24,100,42602,Nitrogen dioxide (NO2),74,31080,"Los Angeles-Long Beach-Anaheim, CA",6,California,37,Los Angeles,34.1365,-117.92391
02/07/2017,AQS,2,20.2,ppb,19,Azusa,24,100,42602,Nitrogen dioxide (NO2),74,31080,"Los Angeles-Long Beach-Anaheim, CA",6,California,37,Los Angeles,34.1365,-117.92391
02/08/2017,AQS,2,26.7,ppb,25,Azusa,24,100,42602,Nitrogen dioxide (NO2),74,31080,"Los Angeles-Long Beach-Anaheim, CA",6,California,37,Los Angeles,34.1365,-117.92391
02/09/2017,AQS,2,40.8,ppb,38,Azusa,24,100,42602,Nitrogen dioxide (NO2),74,31080,"Los Angeles-Long Beach-Anaheim, CA",6,California,37,Los Angeles,34.1365,-117.92391
02/10/2017,AQS,2,28,ppb,26,Azusa,24,100,42602,Nitrogen dioxide (NO2),74,31080,"Los Angeles-Long Beach-Anaheim, CA",6,California,37,Los Angeles,34.1365,-117.92391
02/11/2017,AQS,2,22.4,ppb,21,Azusa,24,100,42602,Nitrogen dioxide (NO2),74,31080,"Los Angeles-Long Beach-Anaheim, CA",6,California,37,Los Angeles,34.1365,-117.92391
02/12/2017,AQS,2,23.7,ppb,22,Azusa,24,100,42602,Nitrogen dioxide (NO2),74,31080,"Los Angeles-Long Beach-Anaheim, CA",6,California,37,Los Angeles,34.1365,-117.92391
02/13/2017,AQS,2,37.8,ppb,35,Azusa,24,100,42602,Nitrogen dioxide (NO2),74,31080,"Los Angeles-Long Beach-Anaheim, CA",6,California,37,Los Angeles,34.1365,-117.92391
02/14/2017,AQS,2,35.9,ppb,33,Azusa,24,100,42602,Nitrogen dioxide (NO2),74,31080,"Los Angeles-Long Beach-Anaheim, CA",6,California,37,Los Angeles,34.1365,-117.92391
02/15/2017,AQS,2,30.1,ppb,28,Azusa,24,100,42602,Nitrogen dioxide (NO2),74,31080,"Los Angeles-Long Beach-Anaheim, CA",6,California,37,Los Angeles,34.1365,-117.92391
02/16/2017,AQS,2,38.4,ppb,36,Azusa,24,100,42602,Nitrogen dioxide (NO2),74,31080,"Los Angeles-Long Beach-Anaheim, CA",6,California,37,Los Angeles,34.1365,-117.92391
02/17/2017,AQS,2,25.1,ppb,24,Azusa,24,100,42602,Nitrogen dioxide (NO2),74,31080,"Los Angeles-Long Beach-Anaheim, CA",6,California,37,Los Angeles,34.1365,-117.92391
02/18/2017,AQS,2,13.6,ppb,12,Azusa,24,100,42602,Nitrogen dioxide (NO2),74,31080,"Los Angeles-Long Beach-Anaheim, CA",6,California,37,Los Angeles,34.1365,-117.92391
02/19/2017,AQS,2,8.5,ppb,8,Azusa,24,100,42602,Nitrogen dioxide (NO2),74,31080,"Los Angeles-Long Beach-Anaheim, CA",6,California,37,Los Angeles,34.1365,-117.92391
02/20/2017,AQS,2,23.7,ppb,22,Azusa,24,100,42602,Nitrogen dioxide (NO2),74,31080,"Los Angeles-Long Beach-Anaheim, CA",6,California,37,Los Angeles,34.1365,-117.92391
02/21/2017,AQS,2,30.3,ppb,28,Azusa,24,100,42602,Nitrogen dioxide (NO2),74,31080,"Los Angeles-Long Beach-Anaheim, CA",6,California,37,Los Angeles,34.1365,-117.92391
02/22/2017,AQS,2,29,ppb,27,Azusa,24,100,42602,Nitrogen dioxide (NO2),74,31080,"Los Angeles-Long Beach-Anaheim, CA",6,California,37,Los Angeles,34.1365,-117.92391
02/23/2017,AQS,2,18.4,ppb,17,Azusa,24,100,42602,Nitrogen dioxide (NO2),74,31080,"Los Angeles-Long Beach-Anaheim, CA",6,California,37,Los Angeles,34.1365,-117.92391
02/24/2017,AQS,2,25.2,ppb,24,Azusa,24,100,42602,Nitrogen dioxide (NO2),74,31080,"Los Angeles-Long Beach-Anaheim, CA",6,California,37,Los Angeles,34.1365,-117.92391
02/25/2017,AQS,2,17.9,ppb,16,Azusa,24,100,42602,Nitrogen dioxide (NO2),74,31080,"Los Angeles-Long Beach-Anaheim, CA",6,California,37,Los Angeles,34.1365,-117.92391
02/26/2017,AQS,2,13.4,ppb,12,Azusa,24,100,42602,Nitrogen dioxide (NO2),74,31080,"Los Angeles-Long Beach-Anaheim, CA",6,California,37,Los Angeles,34.1365,-117.92391
02/27/2017,AQS,2,44.7,ppb,42,Azusa,24,100,42602,Nitrogen dioxide (NO2),74,31080,"Los Angeles-Long Beach-Anaheim, CA",6,California,37,Los Angeles,34.1365,-117.92391
02/28/2017,AQS,2,29.2,ppb,27,Azusa,24,100,42602,Nitrogen dioxide (NO2),74,31080,"Los Angeles-Long Beach-Anaheim, CA",6,California,37,Los Angeles,34.1365,-117.92391
03/01/2017,AQS,2,18.8,ppb,17,Azusa,24,100,42602,Nitrogen dioxide (NO2),74,31080,"Los Angeles-Long Beach-Anaheim, CA",6,California,37,Los Angeles,34.1365,-117.92391
03/03/2017,AQS,2,41.2,ppb,39,Azusa,24,100,42602,Nitrogen dioxide (NO2),74,31080,"Los Angeles-Long Beach-Anaheim, CA",6,California,37,Los Angeles,34.1365,-117.92391
03/04/2017,AQS,2,28.1,ppb,26,Azusa,24,100,42602,Nitrogen dioxide (NO2),74,31080,"Los Angeles-Long Beach-Anaheim, CA",6,California,37,Los Angeles,34.1365,-117.92391
03/05/2017,AQS,2,14.5,ppb,13,Azusa,24,100,42602,Nitrogen dioxide (NO2),74,31080,"Los Angeles-Long Beach-Anaheim, CA",6,California,37,Los Angeles,34.1365,-117.92391
03/06/2017,AQS,2,23.9,ppb,22,Azusa,24,100,42602,Nitrogen dioxide (NO2),74,31080,"Los Angeles-Long Beach-Anaheim, CA",6,California,37,Los Angeles,34.1365,-117.92391
03/07/2017,AQS,2,49.7,ppb,46,Azusa,24,100,42602,Nitrogen dioxide (NO2),74,31080,"Los Angeles-Long Beach-Anaheim, CA",6,California,37,Los Angeles,34.1365,-117.92391
03/08/2017,AQS,2,38.5,ppb,36,Azusa,22,92,42602,Nitrogen dioxide (NO2),74,31080,"Los Angeles-Long Beach-Anaheim, CA",6,California,37,Los Angeles,34.1365,-117.92391
03/09/2017,AQS,2,44.4,ppb,42,Azusa,22,92,42602,Nitrogen dioxide (NO2),74,31080,"Los Angeles-Long Beach-Anaheim, CA",6,California,37,Los Angeles,34.1365,-117.92391
03/10/2017,AQS,2,48.3,ppb,45,Azusa,24,100,42602,Nitrogen dioxide (NO2),74,31080,"Los Angeles-Long Beach-Anaheim, CA",6,California,37,Los Angeles,34.1365,-117.92391
03/11/2017,AQS,2,46.1,ppb,43,Azusa,24,100,42602,Nitrogen dioxide (NO2),74,31080,"Los Angeles-Long Beach-Anaheim, CA",6,California,37,Los Angeles,34.1365,-117.92391
03/12/2017,AQS,2,41.5,ppb,39,Azusa,24,100,42602,Nitrogen dioxide (NO2),74,31080,"Los Angeles-Long Beach-Anaheim, CA",6,California,37,Los Angeles,34.1365,-117.92391
03/13/2017,AQS,2,48.4,ppb,45,Azusa,24,100,42602,Nitrogen dioxide (NO2),74,31080,"Los Angeles-Long Beach-Anaheim, CA",6,California,37,Los Angeles,34.1365,-117.92391
03/14/2017,AQS,2,46.2,ppb,43,Azusa,24,100,42602,Nitrogen dioxide (NO2),74,31080,"Los Angeles-Long Beach-Anaheim, CA",6,California,37,Los Angeles,34.1365,-117.92391
03/15/2017,AQS,2,44.1,ppb,42,Azusa,24,100,42602,Nitrogen dioxide (NO2),74,31080,"Los Angeles-Long Beach-Anaheim, CA",6,California,37,Los Angeles,34.1365,-117.92391
03/16/2017,AQS,2,47.5,ppb,44,Azusa,24,100,42602,Nitrogen dioxide (NO2),74,31080,"Los Angeles-Long Beach-Anaheim, CA",6,California,37,Los Angeles,34.1365,-117.92391
03/17/2017,AQS,2,46,ppb,43,Azusa,24,100,42602,Nitrogen dioxide (NO2),74,31080,"Los Angeles-Long Beach-Anaheim, CA",6,California,37,Los Angeles,34.1365,-117.92391
03/18/2017,AQS,2,29.9,ppb,27,Azusa,24,100,42602,Nitrogen dioxide (NO2),74,31080,"Los Angeles-Long Beach-Anaheim, CA",6,California,37,Los Angeles,34.1365,-117.92391
03/19/2017,AQS,2,21.7,ppb,20,Azusa,24,100,42602,Nitrogen dioxide (NO2),74,31080,"Los Angeles-Long Beach-Anaheim, CA",6,California,37,Los Angeles,34.1365,-117.92391
03/20/2017,AQS,2,16.7,ppb,15,Azusa,24,100,42602,Nitrogen dioxide (NO2),74,31080,"Los Angeles-Long Beach-Anaheim, CA",6,California,37,Los Angeles,34.1365,-117.92391
03/21/2017,AQS,2,23.2,ppb,22,Azusa,24,100,42602,Nitrogen dioxide (NO2),74,31080,"Los Angeles-Long Beach-Anaheim, CA",6,California,37,Los Angeles,34.1365,-117.92391
03/22/2017,AQS,2,17.6,ppb,16,Azusa,24,100,42602,Nitrogen dioxide (NO2),74,31080,"Los Angeles-Long Beach-Anaheim, CA",6,California,37,Los Angeles,34.1365,-117.92391
03/23/2017,AQS,2,20.6,ppb,19,Azusa,24,100,42602,Nitrogen dioxide (NO2),74,31080,"Los Angeles-Long Beach-Anaheim, CA",6,California,37,Los Angeles,34.1365,-117.92391
03/24/2017,AQS,2,20.1,ppb,19,Azusa,24,100,42602,Nitrogen dioxide (NO2),74,31080,"Los Angeles-Long Beach-Anaheim, CA",6,California,37,Los Angeles,34.1365,-117.92391
03/25/2017,AQS,2,15.9,ppb,14,Azusa,24,100,42602,Nitrogen dioxide (NO2),74,31080,"Los Angeles-Long Beach-Anaheim, CA",6,California,37,Los Angeles,34.1365,-117.92391
03/26/2017,AQS,2,13.9,ppb,12,Azusa,24,100,42602,Nitrogen dioxide (NO2),74,31080,"Los Angeles-Long Beach-Anaheim, CA",6,California,37,Los Angeles,34.1365,-117.92391
03/27/2017,AQS,2,14,ppb,13,Azusa,24,100,42602,Nitrogen dioxide (NO2),74,31080,"Los Angeles-Long Beach-Anaheim, CA",6,California,37,Los Angeles,34.1365,-117.92391
03/28/2017,AQS,2,21.8,ppb,20,Azusa,24,100,42602,Nitrogen dioxide (NO2),74,31080,"Los Angeles-Long Beach-Anaheim, CA",6,California,37,Los Angeles,34.1365,-117.92391
03/29/2017,AQS,2,43,ppb,41,Azusa,24,100,42602,Nitrogen dioxide (NO2),74,31080,"Los Angeles-Long Beach-Anaheim, CA",6,California,37,Los Angeles,34.1365,-117.92391
03/30/2017,AQS,2,38.8,ppb,36,Azusa,24,100,42602,Nitrogen dioxide (NO2),74,31080,"Los Angeles-Long Beach-Anaheim, CA",6,California,37,Los Angeles,34.1365,-117.92391
03/31/2017,AQS,2,15.8,ppb,14,Azusa,24,100,42602,Nitrogen dioxide (NO2),74,31080,"Los Angeles-Long Beach-Anaheim, CA",6,California,37,Los Angeles,34.1365,-117.92391
04/01/2017,AQS,2,22.9,ppb,21,Azusa,24,100,42602,Nitrogen dioxide (NO2),74,31080,"Los Angeles-Long Beach-Anaheim, CA",6,California,37,Los Angeles,34.1365,-117.92391
04/02/2017,AQS,2,23.5,ppb,22,Azusa,24,100,42602,Nitrogen dioxide (NO2),74,31080,"Los Angeles-Long Beach-Anaheim, CA",6,California,37,Los Angeles,34.1365,-117.92391
04/03/2017,AQS,2,19.5,ppb,18,Azusa,24,100,42602,Nitrogen dioxide (NO2),74,31080,"Los Angeles-Long Beach-Anaheim, CA",6,California,37,Los Angeles,34.1365,-117.92391
04/04/2017,AQS,2,37,ppb,35,Azusa,24,100,42602,Nitrogen dioxide (NO2),74,31080,"Los Angeles-Long Beach-Anaheim, CA",6,California,37,Los Angeles,34.1365,-117.92391
04/05/2017,AQS,2,45.3,ppb,42,Azusa,24,100,42602,Nitrogen dioxide (NO2),74,31080,"Los Angeles-Long Beach-Anaheim, CA",6,California,37,Los Angeles,34.1365,-117.92391
04/06/2017,AQS,2,43.9,ppb,41,Azusa,24,100,42602,Nitrogen dioxide (NO2),74,31080,"Los Angeles-Long Beach-Anaheim, CA",6,California,37,Los Angeles,34.1365,-117.92391
04/07/2017,AQS,2,23.2,ppb,22,Azusa,24,100,42602,Nitrogen dioxide (NO2),74,31080,"Los Angeles-Long Beach-Anaheim, CA",6,California,37,Los Angeles,34.1365,-117.92391
04/08/2017,AQS,2,12.6,ppb,11,Azusa,24,100,42602,Nitrogen dioxide (NO2),74,31080,"Los Angeles-Long Beach-Anaheim, CA",6,California,37,Los Angeles,34.1365,-117.92391
04/09/2017,AQS,2,29.4,ppb,27,Azusa,24,100,42602,Nitrogen dioxide (NO2),74,31080,"Los Angeles-Long Beach-Anaheim, CA",6,California,37,Los Angeles,34.1365,-117.92391
04/10/2017,AQS,2,33.8,ppb,31,Azusa,24,100,42602,Nitrogen dioxide (NO2),74,31080,"Los Angeles-Long Beach-Anaheim, CA",6,California,37,Los Angeles,34.1365,-117.92391
04/11/2017,AQS,2,44.4,ppb,42,Azusa,24,100,42602,Nitrogen dioxide (NO2),74,31080,"Los Angeles-Long Beach-Anaheim, CA",6,California,37,Los Angeles,34.1365,-117.92391
04/12/2017,AQS,2,29.2,ppb,27,Azusa,24,100,42602,Nitrogen dioxide (NO2),74,31080,"Los Angeles-Long Beach-Anaheim, CA",6,California,37,Los Angeles,34.1365,-117.92391
04/13/2017,AQS,2,24,ppb,23,Azusa,24,100,42602,Nitrogen dioxide (NO2),74,31080,"Los Angeles-Long Beach-Anaheim, CA",6,California,37,Los Angeles,34.1365,-117.92391
04/14/2017,AQS,2,16.2,ppb,15,Azusa,24,100,42602,Nitrogen dioxide (NO2),74,31080,"Los Angeles-Long Beach-Anaheim, CA",6,California,37,Los Angeles,34.1365,-117.92391
04/15/2017,AQS,2,39.8,ppb,37,Azusa,24,100,42602,Nitrogen dioxide (NO2),74,31080,"Los Angeles-Long Beach-Anaheim, CA",6,California,37,Los Angeles,34.1365,-117.92391
04/16/2017,AQS,2,28.6,ppb,26,Azusa,24,100,42602,Nitrogen dioxide (NO2),74,31080,"Los Angeles-Long Beach-Anaheim, CA",6,California,37,Los Angeles,34.1365,-117.92391
04/17/2017,AQS,2,33.1,ppb,31,Azusa,24,100,42602,Nitrogen dioxide (NO2),74,31080,"Los Angeles-Long Beach-Anaheim, CA",6,California,37,Los Angeles,34.1365,-117.92391
04/18/2017,AQS,2,14.7,ppb,13,Azusa,24,100,42602,Nitrogen dioxide (NO2),74,31080,"Los Angeles-Long Beach-Anaheim, CA",6,California,37,Los Angeles,34.1365,-117.92391
04/19/2017,AQS,2,14.7,ppb,13,Azusa,24,100,42602,Nitrogen dioxide (NO2),74,31080,"Los Angeles-Long Beach-Anaheim, CA",6,California,37,Los Angeles,34.1365,-117.92391
04/20/2017,AQS,2,21,ppb,20,Azusa,24,100,42602,Nitrogen dioxide (NO2),74,31080,"Los Angeles-Long Beach-Anaheim, CA",6,California,37,Los Angeles,34.1365,-117.92391
04/21/2017,AQS,2,46.2,ppb,43,Azusa,24,100,42602,Nitrogen dioxide (NO2),74,31080,"Los Angeles-Long Beach-Anaheim, CA",6,California,37,Los Angeles,34.1365,-117.92391
04/22/2017,AQS,2,47.6,ppb,44,Azusa,24,100,42602,Nitrogen dioxide (NO2),74,31080,"Los Angeles-Long Beach-Anaheim, CA",6,California,37,Los Angeles,34.1365,-117.92391
04/23/2017,AQS,2,18,ppb,17,Azusa,24,100,42602,Nitrogen dioxide (NO2),74,31080,"Los Angeles-Long Beach-Anaheim, CA",6,California,37,Los Angeles,34.1365,-117.92391
04/24/2017,AQS,2,15.9,ppb,14,Azusa,24,100,42602,Nitrogen dioxide (NO2),74,31080,"Los Angeles-Long Beach-Anaheim, CA",6,California,37,Los Angeles,34.1365,-117.92391
04/25/2017,AQS,2,15.2,ppb,14,Azusa,24,100,42602,Nitrogen dioxide (NO2),74,31080,"Los Angeles-Long Beach-Anaheim, CA",6,California,37,Los Angeles,34.1365,-117.92391
04/26/2017,AQS,2,28,ppb,26,Azusa,24,100,42602,Nitrogen dioxide (NO2),74,31080,"Los Angeles-Long Beach-Anaheim, CA",6,California,37,Los Angeles,34.1365,-117.92391
04/27/2017,AQS,2,25.5,ppb,24,Azusa,24,100,42602,Nitrogen dioxide (NO2),74,31080,"Los Angeles-Long Beach-Anaheim, CA",6,California,37,Los Angeles,34.1365,-117.92391
04/28/2017,AQS,2,23.8,ppb,22,Azusa,24,100,42602,Nitrogen dioxide (NO2),74,31080,"Los Angeles-Long Beach-Anaheim, CA",6,California,37,Los Angeles,34.1365,-117.92391
04/29/2017,AQS,2,24.4,ppb,23,Azusa,24,100,42602,Nitrogen dioxide (NO2),74,31080,"Los Angeles-Long Beach-Anaheim, CA",6,California,37,Los Angeles,34.1365,-117.92391
04/30/2017,AQS,2,18.3,ppb,17,Azusa,24,100,42602,Nitrogen dioxide (NO2),74,31080,"Los Angeles-Long Beach-Anaheim, CA",6,California,37,Los Angeles,34.1365,-117.92391
05/01/2017,AQS,2,46.5,ppb,43,Azusa,24,100,42602,Nitrogen dioxide (NO2),74,31080,"Los Angeles-Long Beach-Anaheim, CA",6,California,37,Los Angeles,34.1365,-117.92391
05/02/2017,AQS,2,47,ppb,44,Azusa,24,100,42602,Nitrogen dioxide (NO2),74,31080,"Los Angeles-Long Beach-Anaheim, CA",6,California,37,Los Angeles,34.1365,-117.92391
05/03/2017,AQS,2,34.8,ppb,32,Azusa,20,83,42602,Nitrogen dioxide (NO2),74,31080,"Los Angeles-Long Beach-Anaheim, CA",6,California,37,Los Angeles,34.1365,-117.92391
05/04/2017,AQS,2,25.1,ppb,24,Azusa,24,100,42602,Nitrogen dioxide (NO2),74,31080,"Los Angeles-Long Beach-Anaheim, CA",6,California,37,Los Angeles,34.1365,-117.92391
05/05/2017,AQS,2,23.6,ppb,22,Azusa,24,100,42602,Nitrogen dioxide (NO2),74,31080,"Los Angeles-Long Beach-Anaheim, CA",6,California,37,Los Angeles,34.1365,-117.92391
05/06/2017,AQS,2,6.7,ppb,6,Azusa,24,100,42602,Nitrogen dioxide (NO2),74,31080,"Los Angeles-Long Beach-Anaheim, CA",6,California,37,Los Angeles,34.1365,-117.92391
05/07/2017,AQS,2,8.7,ppb,8,Azusa,24,100,42602,Nitrogen dioxide (NO2),74,31080,"Los Angeles-Long Beach-Anaheim, CA",6,California,37,Los Angeles,34.1365,-117.92391
05/08/2017,AQS,2,19.9,ppb,18,Azusa,24,100,42602,Nitrogen dioxide (NO2),74,31080,"Los Angeles-Long Beach-Anaheim, CA",6,California,37,Los Angeles,34.1365,-117.92391
05/09/2017,AQS,2,16.2,ppb,15,Azusa,24,100,42602,Nitrogen dioxide (NO2),74,31080,"Los Angeles-Long Beach-Anaheim, CA",6,California,37,Los Angeles,34.1365,-117.92391
05/10/2017,AQS,2,20.6,ppb,19,Azusa,24,100,42602,Nitrogen dioxide (NO2),74,31080,"Los Angeles-Long Beach-Anaheim, CA",6,California,37,Los Angeles,34.1365,-117.92391
05/11/2017,AQS,2,20.4,ppb,19,Azusa,24,100,42602,Nitrogen dioxide (NO2),74,31080,"Los Angeles-Long Beach-Anaheim, CA",6,California,37,Los Angeles,34.1365,-117.92391
05/12/2017,AQS,2,22.6,ppb,21,Azusa,24,100,42602,Nitrogen dioxide (NO2),74,31080,"Los Angeles-Long Beach-Anaheim, CA",6,California,37,Los Angeles,34.1365,-117.92391
05/13/2017,AQS,2,13.4,ppb,12,Azusa,24,100,42602,Nitrogen dioxide (NO2),74,31080,"Los Angeles-Long Beach-Anaheim, CA",6,California,37,Los Angeles,34.1365,-117.92391
05/14/2017,AQS,2,7,ppb,7,Azusa,24,100,42602,Nitrogen dioxide (NO2),74,31080,"Los Angeles-Long Beach-Anaheim, CA",6,California,37,Los Angeles,34.1365,-117.92391
05/15/2017,AQS,2,17.2,ppb,16,Azusa,24,100,42602,Nitrogen dioxide (NO2),74,31080,"Los Angeles-Long Beach-Anaheim, CA",6,California,37,Los Angeles,34.1365,-117.92391
05/16/2017,AQS,2,11.6,ppb,10,Azusa,24,100,42602,Nitrogen dioxide (NO2),74,31080,"Los Angeles-Long Beach-Anaheim, CA",6,California,37,Los Angeles,34.1365,-117.92391
05/17/2017,AQS,2,22.3,ppb,21,Azusa,24,100,42602,Nitrogen dioxide (NO2),74,31080,"Los Angeles-Long Beach-Anaheim, CA",6,California,37,Los Angeles,34.1365,-117.92391
05/18/2017,AQS,2,27.7,ppb,25,Azusa,24,100,42602,Nitrogen dioxide (NO2),74,31080,"Los Angeles-Long Beach-Anaheim, CA",6,California,37,Los Angeles,34.1365,-117.92391
05/19/2017,AQS,2,24.1,ppb,23,Azusa,24,100,42602,Nitrogen dioxide (NO2),74,31080,"Los Angeles-Long Beach-Anaheim, CA",6,California,37,Los Angeles,34.1365,-117.92391
05/20/2017,AQS,2,23.7,ppb,22,Azusa,24,100,42602,Nitrogen dioxide (NO2),74,31080,"Los Angeles-Long Beach-Anaheim, CA",6,California,37,Los Angeles,34.1365,-117.92391
05/21/2017,AQS,2,26,ppb,25,Azusa,24,100,42602,Nitrogen dioxide (NO2),74,31080,"Los Angeles-Long Beach-Anaheim, CA",6,California,37,Los Angeles,34.1365,-117.92391
05/22/2017,AQS,2,37.9,ppb,35,Azusa,24,100,42602,Nitrogen dioxide (NO2),74,31080,"Los Angeles-Long Beach-Anaheim, CA",6,California,37,Los Angeles,34.1365,-117.92391
05/23/2017,AQS,2,31.9,ppb,29,Azusa,24,100,42602,Nitrogen dioxide (NO2),74,31080,"Los Angeles-Long Beach-Anaheim, CA",6,California,37,Los Angeles,34.1365,-117.92391
05/24/2017,AQS,2,32.4,ppb,30,Azusa,24,100,42602,Nitrogen dioxide (NO2),74,31080,"Los Angeles-Long Beach-Anaheim, CA",6,California,37,Los Angeles,34.1365,-117.92391
05/25/2017,AQS,2,12.2,ppb,11,Azusa,24,100,42602,Nitrogen dioxide (NO2),74,31080,"Los Angeles-Long Beach-Anaheim, CA",6,California,37,Los Angeles,34.1365,-117.92391
05/26/2017,AQS,2,11.6,ppb,10,Azusa,24,100,42602,Nitrogen dioxide (NO2),74,31080,"Los Angeles-Long Beach-Anaheim, CA",6,California,37,Los Angeles,34.1365,-117.92391
05/27/2017,AQS,2,12.1,ppb,11,Azusa,24,100,42602,Nitrogen dioxide (NO2),74,31080,"Los Angeles-Long Beach-Anaheim, CA",6,California,37,Los Angeles,34.1365,-117.92391
05/28/2017,AQS,2,13.7,ppb,12,Azusa,24,100,42602,Nitrogen dioxide (NO2),74,31080,"Los Angeles-Long Beach-Anaheim, CA",6,California,37,Los Angeles,34.1365,-117.92391
05/29/2017,AQS,2,13.9,ppb,12,Azusa,24,100,42602,Nitrogen dioxide (NO2),74,31080,"Los Angeles-Long Beach-Anaheim, CA",6,California,37,Los Angeles,34.1365,-117.92391
05/30/2017,AQS,2,17.5,ppb,16,Azusa,24,100,42602,Nitrogen dioxide (NO2),74,31080,"Los Angeles-Long Beach-Anaheim, CA",6,California,37,Los Angeles,34.1365,-117.92391
05/31/2017,AQS,2,21.6,ppb,20,Azusa,19,79,42602,Nitrogen dioxide (NO2),74,31080,"Los Angeles-Long Beach-Anaheim, CA",6,California,37,Los Angeles,34.1365,-117.92391
06/01/2017,AQS,2,22.6,ppb,21,Azusa,22,92,42602,Nitrogen dioxide (NO2),74,31080,"Los Angeles-Long Beach-Anaheim, CA",6,California,37,Los Angeles,34.1365,-117.92391
06/02/2017,AQS,2,25.2,ppb,24,Azusa,20,83,42602,Nitrogen dioxide (NO2),74,31080,"Los Angeles-Long Beach-Anaheim, CA",6,California,37,Los Angeles,34.1365,-117.92391
06/03/2017,AQS,2,15.6,ppb,14,Azusa,24,100,42602,Nitrogen dioxide (NO2),74,31080,"Los Angeles-Long Beach-Anaheim, CA",6,California,37,Los Angeles,34.1365,-117.92391
06/04/2017,AQS,2,15.1,ppb,14,Azusa,24,100,42602,Nitrogen dioxide (NO2),74,31080,"Los Angeles-Long Beach-Anaheim, CA",6,California,37,Los Angeles,34.1365,-117.92391
06/05/2017,AQS,2,18.1,ppb,17,Azusa,24,100,42602,Nitrogen dioxide (NO2),74,31080,"Los Angeles-Long Beach-Anaheim, CA",6,California,37,Los Angeles,34.1365,-117.92391
06/06/2017,AQS,2,17.4,ppb,16,Azusa,22,92,42602,Nitrogen dioxide (NO2),74,31080,"Los Angeles-Long Beach-Anaheim, CA",6,California,37,Los Angeles,34.1365,-117.92391
06/07/2017,AQS,2,18.6,ppb,17,Azusa,24,100,42602,Nitrogen dioxide (NO2),74,31080,"Los Angeles-Long Beach-Anaheim, CA",6,California,37,Los Angeles,34.1365,-117.92391
06/08/2017,AQS,2,25.7,ppb,24,Azusa,24,100,42602,Nitrogen dioxide (NO2),74,31080,"Los Angeles-Long Beach-Anaheim, CA",6,California,37,Los Angeles,34.1365,-117.92391
06/09/2017,AQS,2,25.5,ppb,24,Azusa,24,100,42602,Nitrogen dioxide (NO2),74,31080,"Los Angeles-Long Beach-Anaheim, CA",6,California,37,Los Angeles,34.1365,-117.92391
06/10/2017,AQS,2,13.1,ppb,12,Azusa,24,100,42602,Nitrogen dioxide (NO2),74,31080,"Los Angeles-Long Beach-Anaheim, CA",6,California,37,Los Angeles,34.1365,-117.92391
06/11/2017,AQS,2,11.6,ppb,10,Azusa,24,100,42602,Nitrogen dioxide (NO2),74,31080,"Los Angeles-Long Beach-Anaheim, CA",6,California,37,Los Angeles,34.1365,-117.92391
06/12/2017,AQS,2,18.6,ppb,17,Azusa,24,100,42602,Nitrogen dioxide (NO2),74,31080,"Los Angeles-Long Beach-Anaheim, CA",6,California,37,Los Angeles,34.1365,-117.92391
06/13/2017,AQS,2,25.9,ppb,24,Azusa,24,100,42602,Nitrogen dioxide (NO2),74,31080,"Los Angeles-Long Beach-Anaheim, CA",6,California,37,Los Angeles,34.1365,-117.92391
06/14/2017,AQS,2,42.5,ppb,40,Azusa,24,100,42602,Nitrogen dioxide (NO2),74,31080,"Los Angeles-Long Beach-Anaheim, CA",6,California,37,Los Angeles,34.1365,-117.92391
06/15/2017,AQS,2,35,ppb,33,Azusa,24,100,42602,Nitrogen dioxide (NO2),74,31080,"Los Angeles-Long Beach-Anaheim, CA",6,California,37,Los Angeles,34.1365,-117.92391
06/16/2017,AQS,2,36.7,ppb,34,Azusa,24,100,42602,Nitrogen dioxide (NO2),74,31080,"Los Angeles-Long Beach-Anaheim, CA",6,California,37,Los Angeles,34.1365,-117.92391
06/17/2017,AQS,2,31.5,ppb,29,Azusa,24,100,42602,Nitrogen dioxide (NO2),74,31080,"Los Angeles-Long Beach-Anaheim, CA",6,California,37,Los Angeles,34.1365,-117.92391
06/18/2017,AQS,2,25.6,ppb,24,Azusa,24,100,42602,Nitrogen dioxide (NO2),74,31080,"Los Angeles-Long Beach-Anaheim, CA",6,California,37,Los Angeles,34.1365,-117.92391
06/19/2017,AQS,2,34.5,ppb,32,Azusa,24,100,42602,Nitrogen dioxide (NO2),74,31080,"Los Angeles-Long Beach-Anaheim, CA",6,California,37,Los Angeles,34.1365,-117.92391
06/20/2017,AQS,2,41.5,ppb,39,Azusa,24,100,42602,Nitrogen dioxide (NO2),74,31080,"Los Angeles-Long Beach-Anaheim, CA",6,California,37,Los Angeles,34.1365,-117.92391
06/21/2017,AQS,2,38.4,ppb,36,Azusa,24,100,42602,Nitrogen dioxide (NO2),74,31080,"Los Angeles-Long Beach-Anaheim, CA",6,California,37,Los Angeles,34.1365,-117.92391
06/22/2017,AQS,2,18.8,ppb,17,Azusa,24,100,42602,Nitrogen dioxide (NO2),74,31080,"Los Angeles-Long Beach-Anaheim, CA",6,California,37,Los Angeles,34.1365,-117.92391
06/23/2017,AQS,2,20.1,ppb,19,Azusa,24,100,42602,Nitrogen dioxide (NO2),74,31080,"Los Angeles-Long Beach-Anaheim, CA",6,California,37,Los Angeles,34.1365,-117.92391
06/24/2017,AQS,2,20,ppb,19,Azusa,24,100,42602,Nitrogen dioxide (NO2),74,31080,"Los Angeles-Long Beach-Anaheim, CA",6,California,37,Los Angeles,34.1365,-117.92391
06/25/2017,AQS,2,22.5,ppb,21,Azusa,24,100,42602,Nitrogen dioxide (NO2),74,31080,"Los Angeles-Long Beach-Anaheim, CA",6,California,37,Los Angeles,34.1365,-117.92391
06/26/2017,AQS,2,36.7,ppb,34,Azusa,24,100,42602,Nitrogen dioxide (NO2),74,31080,"Los Angeles-Long Beach-Anaheim, CA",6,California,37,Los Angeles,34.1365,-117.92391
06/27/2017,AQS,2,37.9,ppb,35,Azusa,24,100,42602,Nitrogen dioxide (NO2),74,31080,"Los Angeles-Long Beach-Anaheim, CA",6,California,37,Los Angeles,34.1365,-117.92391
06/28/2017,AQS,2,28.7,ppb,26,Azusa,24,100,42602,Nitrogen dioxide (NO2),74,31080,"Los Angeles-Long Beach-Anaheim, CA",6,California,37,Los Angeles,34.1365,-117.92391
06/29/2017,AQS,2,15.9,ppb,14,Azusa,24,100,42602,Nitrogen dioxide (NO2),74,31080,"Los Angeles-Long Beach-Anaheim, CA",6,California,37,Los Angeles,34.1365,-117.92391
06/30/2017,AQS,2,20.9,ppb,19,Azusa,24,100,42602,Nitrogen dioxide (NO2),74,31080,"Los Angeles-Long Beach-Anaheim, CA",6,California,37,Los Angeles,34.1365,-117.92391
07/01/2017,AQS,2,19.4,ppb,18,Azusa,24,100,42602,Nitrogen dioxide (NO2),74,31080,"Los Angeles-Long Beach-Anaheim, CA",6,California,37,Los Angeles,34.1365,-117.92391
07/02/2017,AQS,2,13.8,ppb,12,Azusa,24,100,42602,Nitrogen dioxide (NO2),74,31080,"Los Angeles-Long Beach-Anaheim, CA",6,California,37,Los Angeles,34.1365,-117.92391
07/03/2017,AQS,2,21.9,ppb,20,Azusa,24,100,42602,Nitrogen dioxide (NO2),74,31080,"Los Angeles-Long Beach-Anaheim, CA",6,California,37,Los Angeles,34.1365,-117.92391
07/04/2017,AQS,2,28,ppb,26,Azusa,24,100,42602,Nitrogen dioxide (NO2),74,31080,"Los Angeles-Long Beach-Anaheim, CA",6,California,37,Los Angeles,34.1365,-117.92391
07/05/2017,AQS,2,33.7,ppb,31,Azusa,24,100,42602,Nitrogen dioxide (NO2),74,31080,"Los Angeles-Long Beach-Anaheim, CA",6,California,37,Los Angeles,34.1365,-117.92391
07/06/2017,AQS,2,29.9,ppb,27,Azusa,24,100,42602,Nitrogen dioxide (NO2),74,31080,"Los Angeles-Long Beach-Anaheim, CA",6,California,37,Los Angeles,34.1365,-117.92391
07/07/2017,AQS,2,42.2,ppb,40,Azusa,24,100,42602,Nitrogen dioxide (NO2),74,31080,"Los Angeles-Long Beach-Anaheim, CA",6,California,37,Los Angeles,34.1365,-117.92391
07/08/2017,AQS,2,36.1,ppb,34,Azusa,24,100,42602,Nitrogen dioxide (NO2),74,31080,"Los Angeles-Long Beach-Anaheim, CA",6,California,37,Los Angeles,34.1365,-117.92391
07/09/2017,AQS,2,14.5,ppb,13,Azusa,24,100,42602,Nitrogen dioxide (NO2),74,31080,"Los Angeles-Long Beach-Anaheim, CA",6,California,37,Los Angeles,34.1365,-117.92391
07/10/2017,AQS,2,24.4,ppb,23,Azusa,24,100,42602,Nitrogen dioxide (NO2),74,31080,"Los Angeles-Long Beach-Anaheim, CA",6,California,37,Los Angeles,34.1365,-117.92391
07/11/2017,AQS,2,18.4,ppb,17,Azusa,24,100,42602,Nitrogen dioxide (NO2),74,31080,"Los Angeles-Long Beach-Anaheim, CA",6,California,37,Los Angeles,34.1365,-117.92391
07/12/2017,AQS,2,24.4,ppb,23,Azusa,24,100,42602,Nitrogen dioxide (NO2),74,31080,"Los Angeles-Long Beach-Anaheim, CA",6,California,37,Los Angeles,34.1365,-117.92391
07/13/2017,AQS,2,24.4,ppb,23,Azusa,24,100,42602,Nitrogen dioxide (NO2),74,31080,"Los Angeles-Long Beach-Anaheim, CA",6,California,37,Los Angeles,34.1365,-117.92391
07/14/2017,AQS,2,31.9,ppb,29,Azusa,24,100,42602,Nitrogen dioxide (NO2),74,31080,"Los Angeles-Long Beach-Anaheim, CA",6,California,37,Los Angeles,34.1365,-117.92391
07/15/2017,AQS,2,29.4,ppb,27,Azusa,24,100,42602,Nitrogen dioxide (NO2),74,31080,"Los Angeles-Long Beach-Anaheim, CA",6,California,37,Los Angeles,34.1365,-117.92391
07/16/2017,AQS,2,13.7,ppb,12,Azusa,24,100,42602,Nitrogen dioxide (NO2),74,31080,"Los Angeles-Long Beach-Anaheim, CA",6,California,37,Los Angeles,34.1365,-117.92391
07/17/2017,AQS,2,20.9,ppb,19,Azusa,24,100,42602,Nitrogen dioxide (NO2),74,31080,"Los Angeles-Long Beach-Anaheim, CA",6,California,37,Los Angeles,34.1365,-117.92391
07/18/2017,AQS,2,25.5,ppb,24,Azusa,24,100,42602,Nitrogen dioxide (NO2),74,31080,"Los Angeles-Long Beach-Anaheim, CA",6,California,37,Los Angeles,34.1365,-117.92391
07/19/2017,AQS,2,29.7,ppb,27,Azusa,24,100,42602,Nitrogen dioxide (NO2),74,31080,"Los Angeles-Long Beach-Anaheim, CA",6,California,37,Los Angeles,34.1365,-117.92391
07/20/2017,AQS,2,26.7,ppb,25,Azusa,24,100,42602,Nitrogen dioxide (NO2),74,31080,"Los Angeles-Long Beach-Anaheim, CA",6,California,37,Los Angeles,34.1365,-117.92391
07/21/2017,AQS,2,24.6,ppb,23,Azusa,24,100,42602,Nitrogen dioxide (NO2),74,31080,"Los Angeles-Long Beach-Anaheim, CA",6,California,37,Los Angeles,34.1365,-117.92391
07/22/2017,AQS,2,21.6,ppb,20,Azusa,24,100,42602,Nitrogen dioxide (NO2),74,31080,"Los Angeles-Long Beach-Anaheim, CA",6,California,37,Los Angeles,34.1365,-117.92391
07/23/2017,AQS,2,12.9,ppb,11,Azusa,24,100,42602,Nitrogen dioxide (NO2),74,31080,"Los Angeles-Long Beach-Anaheim, CA",6,California,37,Los Angeles,34.1365,-117.92391
07/24/2017,AQS,2,27.4,ppb,25,Azusa,24,100,42602,Nitrogen dioxide (NO2),74,31080,"Los Angeles-Long Beach-Anaheim, CA",6,California,37,Los Angeles,34.1365,-117.92391
07/25/2017,AQS,2,21,ppb,20,Azusa,24,100,42602,Nitrogen dioxide (NO2),74,31080,"Los Angeles-Long Beach-Anaheim, CA",6,California,37,Los Angeles,34.1365,-117.92391
07/26/2017,AQS,2,18.7,ppb,17,Azusa,24,100,42602,Nitrogen dioxide (NO2),74,31080,"Los Angeles-Long Beach-Anaheim, CA",6,California,37,Los Angeles,34.1365,-117.92391
07/27/2017,AQS,2,22.5,ppb,21,Azusa,24,100,42602,Nitrogen dioxide (NO2),74,31080,"Los Angeles-Long Beach-Anaheim, CA",6,California,37,Los Angeles,34.1365,-117.92391
07/28/2017,AQS,2,23.7,ppb,22,Azusa,24,100,42602,Nitrogen dioxide (NO2),74,31080,"Los Angeles-Long Beach-Anaheim, CA",6,California,37,Los Angeles,34.1365,-117.92391
07/29/2017,AQS,2,13.9,ppb,12,Azusa,24,100,42602,Nitrogen dioxide (NO2),74,31080,"Los Angeles-Long Beach-Anaheim, CA",6,California,37,Los Angeles,34.1365,-117.92391
07/30/2017,AQS,2,12.3,ppb,11,Azusa,24,100,42602,Nitrogen dioxide (NO2),74,31080,"Los Angeles-Long Beach-Anaheim, CA",6,California,37,Los Angeles,34.1365,-117.92391
07/31/2017,AQS,2,23.3,ppb,22,Azusa,24,100,42602,Nitrogen dioxide (NO2),74,31080,"Los Angeles-Long Beach-Anaheim, CA",6,California,37,Los Angeles,34.1365,-117.92391
08/01/2017,AQS,2,28.6,ppb,26,Azusa,24,100,42602,Nitrogen dioxide (NO2),74,31080,"Los Angeles-Long Beach-Anaheim, CA",6,California,37,Los Angeles,34.1365,-117.92391
08/02/2017,AQS,2,33.2,ppb,31,Azusa,24,100,42602,Nitrogen dioxide (NO2),74,31080,"Los Angeles-Long Beach-Anaheim, CA",6,California,37,Los Angeles,34.1365,-117.92391
08/03/2017,AQS,2,34.6,ppb,32,Azusa,24,100,42602,Nitrogen dioxide (NO2),74,31080,"Los Angeles-Long Beach-Anaheim, CA",6,California,37,Los Angeles,34.1365,-117.92391
08/04/2017,AQS,2,24.7,ppb,23,Azusa,24,100,42602,Nitrogen dioxide (NO2),74,31080,"Los Angeles-Long Beach-Anaheim, CA",6,California,37,Los Angeles,34.1365,-117.92391
08/05/2017,AQS,2,20,ppb,19,Azusa,24,100,42602,Nitrogen dioxide (NO2),74,31080,"Los Angeles-Long Beach-Anaheim, CA",6,California,37,Los Angeles,34.1365,-117.92391
08/06/2017,AQS,2,12.4,ppb,11,Azusa,24,100,42602,Nitrogen dioxide (NO2),74,31080,"Los Angeles-Long Beach-Anaheim, CA",6,California,37,Los Angeles,34.1365,-117.92391
08/07/2017,AQS,2,26.2,ppb,25,Azusa,24,100,42602,Nitrogen dioxide (NO2),74,31080,"Los Angeles-Long Beach-Anaheim, CA",6,California,37,Los Angeles,34.1365,-117.92391
08/08/2017,AQS,2,27.5,ppb,25,Azusa,24,100,42602,Nitrogen dioxide (NO2),74,31080,"Los Angeles-Long Beach-Anaheim, CA",6,California,37,Los Angeles,34.1365,-117.92391
08/09/2017,AQS,2,30.6,ppb,28,Azusa,24,100,42602,Nitrogen dioxide (NO2),74,31080,"Los Angeles-Long Beach-Anaheim, CA",6,California,37,Los Angeles,34.1365,-117.92391
08/10/2017,AQS,2,27.1,ppb,25,Azusa,24,100,42602,Nitrogen dioxide (NO2),74,31080,"Los Angeles-Long Beach-Anaheim, CA",6,California,37,Los Angeles,34.1365,-117.92391
08/11/2017,AQS,2,26.6,ppb,25,Azusa,24,100,42602,Nitrogen dioxide (NO2),74,31080,"Los Angeles-Long Beach-Anaheim, CA",6,California,37,Los Angeles,34.1365,-117.92391
08/12/2017,AQS,2,26.2,ppb,25,Azusa,24,100,42602,Nitrogen dioxide (NO2),74,31080,"Los Angeles-Long Beach-Anaheim, CA",6,California,37,Los Angeles,34.1365,-117.92391
08/13/2017,AQS,2,14,ppb,13,Azusa,24,100,42602,Nitrogen dioxide (NO2),74,31080,"Los Angeles-Long Beach-Anaheim, CA",6,California,37,Los Angeles,34.1365,-117.92391
08/14/2017,AQS,2,18.8,ppb,17,Azusa,24,100,42602,Nitrogen dioxide (NO2),74,31080,"Los Angeles-Long Beach-Anaheim, CA",6,California,37,Los Angeles,34.1365,-117.92391
08/15/2017,AQS,2,12.8,ppb,11,Azusa,24,100,42602,Nitrogen dioxide (NO2),74,31080,"Los Angeles-Long Beach-Anaheim, CA",6,California,37,Los Angeles,34.1365,-117.92391
08/16/2017,AQS,2,17.8,ppb,16,Azusa,24,100,42602,Nitrogen dioxide (NO2),74,31080,"Los Angeles-Long Beach-Anaheim, CA",6,California,37,Los Angeles,34.1365,-117.92391
08/17/2017,AQS,2,20.9,ppb,19,Azusa,24,100,42602,Nitrogen dioxide (NO2),74,31080,"Los Angeles-Long Beach-Anaheim, CA",6,California,37,Los Angeles,34.1365,-117.92391
08/18/2017,AQS,2,24,ppb,23,Azusa,24,100,42602,Nitrogen dioxide (NO2),74,31080,"Los Angeles-Long Beach-Anaheim, CA",6,California,37,Los Angeles,34.1365,-117.92391
08/19/2017,AQS,2,16.2,ppb,15,Azusa,24,100,42602,Nitrogen dioxide (NO2),74,31080,"Los Angeles-Long Beach-Anaheim, CA",6,California,37,Los Angeles,34.1365,-117.92391
08/20/2017,AQS,2,11,ppb,10,Azusa,24,100,42602,Nitrogen dioxide (NO2),74,31080,"Los Angeles-Long Beach-Anaheim, CA",6,California,37,Los Angeles,34.1365,-117.92391
08/21/2017,AQS,2,15.3,ppb,14,Azusa,24,100,42602,Nitrogen dioxide (NO2),74,31080,"Los Angeles-Long Beach-Anaheim, CA",6,California,37,Los Angeles,34.1365,-117.92391
08/22/2017,AQS,2,21,ppb,20,Azusa,24,100,42602,Nitrogen dioxide (NO2),74,31080,"Los Angeles-Long Beach-Anaheim, CA",6,California,37,Los Angeles,34.1365,-117.92391
08/23/2017,AQS,2,17.6,ppb,16,Azusa,24,100,42602,Nitrogen dioxide (NO2),74,31080,"Los Angeles-Long Beach-Anaheim, CA",6,California,37,Los Angeles,34.1365,-117.92391
08/24/2017,AQS,2,18.6,ppb,17,Azusa,24,100,42602,Nitrogen dioxide (NO2),74,31080,"Los Angeles-Long Beach-Anaheim, CA",6,California,37,Los Angeles,34.1365,-117.92391
08/25/2017,AQS,2,18.9,ppb,17,Azusa,24,100,42602,Nitrogen dioxide (NO2),74,31080,"Los Angeles-Long Beach-Anaheim, CA",6,California,37,Los Angeles,34.1365,-117.92391
08/26/2017,AQS,2,20.6,ppb,19,Azusa,24,100,42602,Nitrogen dioxide (NO2),74,31080,"Los Angeles-Long Beach-Anaheim, CA",6,California,37,Los Angeles,34.1365,-117.92391
08/27/2017,AQS,2,26.2,ppb,25,Azusa,24,100,42602,Nitrogen dioxide (NO2),74,31080,"Los Angeles-Long Beach-Anaheim, CA",6,California,37,Los Angeles,34.1365,-117.92391
08/28/2017,AQS,2,30.3,ppb,28,Azusa,24,100,42602,Nitrogen dioxide (NO2),74,31080,"Los Angeles-Long Beach-Anaheim, CA",6,California,37,Los Angeles,34.1365,-117.92391
08/29/2017,AQS,2,37.5,ppb,35,Azusa,24,100,42602,Nitrogen dioxide (NO2),74,31080,"Los Angeles-Long Beach-Anaheim, CA",6,California,37,Los Angeles,34.1365,-117.92391
08/30/2017,AQS,2,50.4,ppb,47,Azusa,24,100,42602,Nitrogen dioxide (NO2),74,31080,"Los Angeles-Long Beach-Anaheim, CA",6,California,37,Los Angeles,34.1365,-117.92391
08/31/2017,AQS,2,44.8,ppb,42,Azusa,24,100,42602,Nitrogen dioxide (NO2),74,31080,"Los Angeles-Long Beach-Anaheim, CA",6,California,37,Los Angeles,34.1365,-117.92391
09/01/2017,AQS,2,41.4,ppb,39,Azusa,24,100,42602,Nitrogen dioxide (NO2),74,31080,"Los Angeles-Long Beach-Anaheim, CA",6,California,37,Los Angeles,34.1365,-117.92391
09/02/2017,AQS,2,43.3,ppb,41,Azusa,24,100,42602,Nitrogen dioxide (NO2),74,31080,"Los Angeles-Long Beach-Anaheim, CA",6,California,37,Los Angeles,34.1365,-117.92391
09/03/2017,AQS,2,6.4,ppb,6,Azusa,24,100,42602,Nitrogen dioxide (NO2),74,31080,"Los Angeles-Long Beach-Anaheim, CA",6,California,37,Los Angeles,34.1365,-117.92391
09/04/2017,AQS,2,7.6,ppb,7,Azusa,24,100,42602,Nitrogen dioxide (NO2),74,31080,"Los Angeles-Long Beach-Anaheim, CA",6,California,37,Los Angeles,34.1365,-117.92391
09/05/2017,AQS,2,20.6,ppb,19,Azusa,24,100,42602,Nitrogen dioxide (NO2),74,31080,"Los Angeles-Long Beach-Anaheim, CA",6,California,37,Los Angeles,34.1365,-117.92391
09/06/2017,AQS,2,22.2,ppb,21,Azusa,24,100,42602,Nitrogen dioxide (NO2),74,31080,"Los Angeles-Long Beach-Anaheim, CA",6,California,37,Los Angeles,34.1365,-117.92391
09/07/2017,AQS,2,29.9,ppb,27,Azusa,24,100,42602,Nitrogen dioxide (NO2),74,31080,"Los Angeles-Long Beach-Anaheim, CA",6,California,37,Los Angeles,34.1365,-117.92391
09/08/2017,AQS,2,25,ppb,24,Azusa,24,100,42602,Nitrogen dioxide (NO2),74,31080,"Los Angeles-Long Beach-Anaheim, CA",6,California,37,Los Angeles,34.1365,-117.92391
09/09/2017,AQS,2,19,ppb,18,Azusa,24,100,42602,Nitrogen dioxide (NO2),74,31080,"Los Angeles-Long Beach-Anaheim, CA",6,California,37,Los Angeles,34.1365,-117.92391
09/10/2017,AQS,2,23.4,ppb,22,Azusa,24,100,42602,Nitrogen dioxide (NO2),74,31080,"Los Angeles-Long Beach-Anaheim, CA",6,California,37,Los Angeles,34.1365,-117.92391
09/11/2017,AQS,2,34.8,ppb,32,Azusa,24,100,42602,Nitrogen dioxide (NO2),74,31080,"Los Angeles-Long Beach-Anaheim, CA",6,California,37,Los Angeles,34.1365,-117.92391
09/12/2017,AQS,2,34.6,ppb,32,Azusa,24,100,42602,Nitrogen dioxide (NO2),74,31080,"Los Angeles-Long Beach-Anaheim, CA",6,California,37,Los Angeles,34.1365,-117.92391
09/13/2017,AQS,2,19.6,ppb,18,Azusa,24,100,42602,Nitrogen dioxide (NO2),74,31080,"Los Angeles-Long Beach-Anaheim, CA",6,California,37,Los Angeles,34.1365,-117.92391
09/14/2017,AQS,2,21.2,ppb,20,Azusa,24,100,42602,Nitrogen dioxide (NO2),74,31080,"Los Angeles-Long Beach-Anaheim, CA",6,California,37,Los Angeles,34.1365,-117.92391
09/15/2017,AQS,2,16.6,ppb,15,Azusa,24,100,42602,Nitrogen dioxide (NO2),74,31080,"Los Angeles-Long Beach-Anaheim, CA",6,California,37,Los Angeles,34.1365,-117.92391
09/16/2017,AQS,2,12.8,ppb,11,Azusa,24,100,42602,Nitrogen dioxide (NO2),74,31080,"Los Angeles-Long Beach-Anaheim, CA",6,California,37,Los Angeles,34.1365,-117.92391
09/17/2017,AQS,2,17.2,ppb,16,Azusa,24,100,42602,Nitrogen dioxide (NO2),74,31080,"Los Angeles-Long Beach-Anaheim, CA",6,California,37,Los Angeles,34.1365,-117.92391
09/18/2017,AQS,2,22.8,ppb,21,Azusa,24,100,42602,Nitrogen dioxide (NO2),74,31080,"Los Angeles-Long Beach-Anaheim, CA",6,California,37,Los Angeles,34.1365,-117.92391
09/19/2017,AQS,2,22.2,ppb,21,Azusa,24,100,42602,Nitrogen dioxide (NO2),74,31080,"Los Angeles-Long Beach-Anaheim, CA",6,California,37,Los Angeles,34.1365,-117.92391
09/20/2017,AQS,2,18.9,ppb,17,Azusa,24,100,42602,Nitrogen dioxide (NO2),74,31080,"Los Angeles-Long Beach-Anaheim, CA",6,California,37,Los Angeles,34.1365,-117.92391
09/21/2017,AQS,2,16.9,ppb,15,Azusa,24,100,42602,Nitrogen dioxide (NO2),74,31080,"Los Angeles-Long Beach-Anaheim, CA",6,California,37,Los Angeles,34.1365,-117.92391
09/22/2017,AQS,2,21.2,ppb,20,Azusa,24,100,42602,Nitrogen dioxide (NO2),74,31080,"Los Angeles-Long Beach-Anaheim, CA",6,California,37,Los Angeles,34.1365,-117.92391
09/23/2017,AQS,2,17.2,ppb,16,Azusa,24,100,42602,Nitrogen dioxide (NO2),74,31080,"Los Angeles-Long Beach-Anaheim, CA",6,California,37,Los Angeles,34.1365,-117.92391
09/24/2017,AQS,2,14.2,ppb,13,Azusa,24,100,42602,Nitrogen dioxide (NO2),74,31080,"Los Angeles-Long Beach-Anaheim, CA",6,California,37,Los Angeles,34.1365,-117.92391
09/25/2017,AQS,2,20.4,ppb,19,Azusa,24,100,42602,Nitrogen dioxide (NO2),74,31080,"Los Angeles-Long Beach-Anaheim, CA",6,California,37,Los Angeles,34.1365,-117.92391
09/26/2017,AQS,2,46.3,ppb,43,Azusa,24,100,42602,Nitrogen dioxide (NO2),74,31080,"Los Angeles-Long Beach-Anaheim, CA",6,California,37,Los Angeles,34.1365,-117.92391
09/27/2017,AQS,2,37.5,ppb,35,Azusa,22,92,42602,Nitrogen dioxide (NO2),74,31080,"Los Angeles-Long Beach-Anaheim, CA",6,California,37,Los Angeles,34.1365,-117.92391
09/28/2017,AQS,2,56.4,ppb,53,Azusa,24,100,42602,Nitrogen dioxide (NO2),74,31080,"Los Angeles-Long Beach-Anaheim, CA",6,California,37,Los Angeles,34.1365,-117.92391
09/29/2017,AQS,2,40.5,ppb,38,Azusa,22,92,42602,Nitrogen dioxide (NO2),74,31080,"Los Angeles-Long Beach-Anaheim, CA",6,California,37,Los Angeles,34.1365,-117.92391
09/30/2017,AQS,2,34,ppb,32,Azusa,24,100,42602,Nitrogen dioxide (NO2),74,31080,"Los Angeles-Long Beach-Anaheim, CA",6,California,37,Los Angeles,34.1365,-117.92391
10/01/2017,AQS,2,12.1,ppb,11,Azusa,24,100,42602,Nitrogen dioxide (NO2),74,31080,"Los Angeles-Long Beach-Anaheim, CA",6,California,37,Los Angeles,34.1365,-117.92391
10/02/2017,AQS,2,21.9,ppb,20,Azusa,24,100,42602,Nitrogen dioxide (NO2),74,31080,"Los Angeles-Long Beach-Anaheim, CA",6,California,37,Los Angeles,34.1365,-117.92391
10/03/2017,AQS,2,20.9,ppb,19,Azusa,24,100,42602,Nitrogen dioxide (NO2),74,31080,"Los Angeles-Long Beach-Anaheim, CA",6,California,37,Los Angeles,34.1365,-117.92391
10/04/2017,AQS,2,41.8,ppb,39,Azusa,24,100,42602,Nitrogen dioxide (NO2),74,31080,"Los Angeles-Long Beach-Anaheim, CA",6,California,37,Los Angeles,34.1365,-117.92391
10/05/2017,AQS,2,42.1,ppb,40,Azusa,24,100,42602,Nitrogen dioxide (NO2),74,31080,"Los Angeles-Long Beach-Anaheim, CA",6,California,37,Los Angeles,34.1365,-117.92391
10/06/2017,AQS,2,48,ppb,45,Azusa,24,100,42602,Nitrogen dioxide (NO2),74,31080,"Los Angeles-Long Beach-Anaheim, CA",6,California,37,Los Angeles,34.1365,-117.92391
10/07/2017,AQS,2,28,ppb,26,Azusa,24,100,42602,Nitrogen dioxide (NO2),74,31080,"Los Angeles-Long Beach-Anaheim, CA",6,California,37,Los Angeles,34.1365,-117.92391
10/08/2017,AQS,2,34.4,ppb,32,Azusa,24,100,42602,Nitrogen dioxide (NO2),74,31080,"Los Angeles-Long Beach-Anaheim, CA",6,California,37,Los Angeles,34.1365,-117.92391
10/09/2017,AQS,2,10.9,ppb,9,Azusa,24,100,42602,Nitrogen dioxide (NO2),74,31080,"Los Angeles-Long Beach-Anaheim, CA",6,California,37,Los Angeles,34.1365,-117.92391
10/10/2017,AQS,2,36.5,ppb,34,Azusa,24,100,42602,Nitrogen dioxide (NO2),74,31080,"Los Angeles-Long Beach-Anaheim, CA",6,California,37,Los Angeles,34.1365,-117.92391
10/11/2017,AQS,2,43,ppb,41,Azusa,24,100,42602,Nitrogen dioxide (NO2),74,31080,"Los Angeles-Long Beach-Anaheim, CA",6,California,37,Los Angeles,34.1365,-117.92391
10/12/2017,AQS,2,24.4,ppb,23,Azusa,24,100,42602,Nitrogen dioxide (NO2),74,31080,"Los Angeles-Long Beach-Anaheim, CA",6,California,37,Los Angeles,34.1365,-117.92391
10/13/2017,AQS,2,28.4,ppb,26,Azusa,24,100,42602,Nitrogen dioxide (NO2),74,31080,"Los Angeles-Long Beach-Anaheim, CA",6,California,37,Los Angeles,34.1365,-117.92391
10/14/2017,AQS,2,34,ppb,32,Azusa,24,100,42602,Nitrogen dioxide (NO2),74,31080,"Los Angeles-Long Beach-Anaheim, CA",6,California,37,Los Angeles,34.1365,-117.92391
10/15/2017,AQS,2,26.4,ppb,25,Azusa,24,100,42602,Nitrogen dioxide (NO2),74,31080,"Los Angeles-Long Beach-Anaheim, CA",6,California,37,Los Angeles,34.1365,-117.92391
10/16/2017,AQS,2,41.2,ppb,39,Azusa,24,100,42602,Nitrogen dioxide (NO2),74,31080,"Los Angeles-Long Beach-Anaheim, CA",6,California,37,Los Angeles,34.1365,-117.92391
10/17/2017,AQS,2,37.1,ppb,35,Azusa,24,100,42602,Nitrogen dioxide (NO2),74,31080,"Los Angeles-Long Beach-Anaheim, CA",6,California,37,Los Angeles,34.1365,-117.92391
10/18/2017,AQS,2,47.9,ppb,44,Azusa,24,100,42602,Nitrogen dioxide (NO2),74,31080,"Los Angeles-Long Beach-Anaheim, CA",6,California,37,Los Angeles,34.1365,-117.92391
10/19/2017,AQS,2,22,ppb,21,Azusa,24,100,42602,Nitrogen dioxide (NO2),74,31080,"Los Angeles-Long Beach-Anaheim, CA",6,California,37,Los Angeles,34.1365,-117.92391
10/20/2017,AQS,2,14.4,ppb,13,Azusa,24,100,42602,Nitrogen dioxide (NO2),74,31080,"Los Angeles-Long Beach-Anaheim, CA",6,California,37,Los Angeles,34.1365,-117.92391
10/21/2017,AQS,2,23.2,ppb,22,Azusa,24,100,42602,Nitrogen dioxide (NO2),74,31080,"Los Angeles-Long Beach-Anaheim, CA",6,California,37,Los Angeles,34.1365,-117.92391
10/22/2017,AQS,2,20.9,ppb,19,Azusa,24,100,42602,Nitrogen dioxide (NO2),74,31080,"Los Angeles-Long Beach-Anaheim, CA",6,California,37,Los Angeles,34.1365,-117.92391
10/23/2017,AQS,2,42.2,ppb,40,Azusa,24,100,42602,Nitrogen dioxide (NO2),74,31080,"Los Angeles-Long Beach-Anaheim, CA",6,California,37,Los Angeles,34.1365,-117.92391
10/24/2017,AQS,2,36.6,ppb,34,Azusa,24,100,42602,Nitrogen dioxide (NO2),74,31080,"Los Angeles-Long Beach-Anaheim, CA",6,California,37,Los Angeles,34.1365,-117.92391
10/25/2017,AQS,2,36.1,ppb,34,Azusa,24,100,42602,Nitrogen dioxide (NO2),74,31080,"Los Angeles-Long Beach-Anaheim, CA",6,California,37,Los Angeles,34.1365,-117.92391
10/26/2017,AQS,2,38.4,ppb,36,Azusa,24,100,42602,Nitrogen dioxide (NO2),74,31080,"Los Angeles-Long Beach-Anaheim, CA",6,California,37,Los Angeles,34.1365,-117.92391
10/27/2017,AQS,2,44.7,ppb,42,Azusa,24,100,42602,Nitrogen dioxide (NO2),74,31080,"Los Angeles-Long Beach-Anaheim, CA",6,California,37,Los Angeles,34.1365,-117.92391
10/28/2017,AQS,2,38.5,ppb,36,Azusa,24,100,42602,Nitrogen dioxide (NO2),74,31080,"Los Angeles-Long Beach-Anaheim, CA",6,California,37,Los Angeles,34.1365,-117.92391
10/29/2017,AQS,2,23.7,ppb,22,Azusa,24,100,42602,Nitrogen dioxide (NO2),74,31080,"Los Angeles-Long Beach-Anaheim, CA",6,California,37,Los Angeles,34.1365,-117.92391
10/30/2017,AQS,2,15.1,ppb,14,Azusa,24,100,42602,Nitrogen dioxide (NO2),74,31080,"Los Angeles-Long Beach-Anaheim, CA",6,California,37,Los Angeles,34.1365,-117.92391
10/31/2017,AQS,2,13.8,ppb,12,Azusa,24,100,42602,Nitrogen dioxide (NO2),74,31080,"Los Angeles-Long Beach-Anaheim, CA",6,California,37,Los Angeles,34.1365,-117.92391
11/01/2017,AQS,2,17.6,ppb,16,Azusa,24,100,42602,Nitrogen dioxide (NO2),74,31080,"Los Angeles-Long Beach-Anaheim, CA",6,California,37,Los Angeles,34.1365,-117.92391
11/02/2017,AQS,2,24.2,ppb,23,Azusa,20,83,42602,Nitrogen dioxide (NO2),74,31080,"Los Angeles-Long Beach-Anaheim, CA",6,California,37,Los Angeles,34.1365,-117.92391
11/03/2017,AQS,2,12.6,ppb,11,Azusa,24,100,42602,Nitrogen dioxide (NO2),74,31080,"Los Angeles-Long Beach-Anaheim, CA",6,California,37,Los Angeles,34.1365,-117.92391
11/04/2017,AQS,2,14.9,ppb,13,Azusa,24,100,42602,Nitrogen dioxide (NO2),74,31080,"Los Angeles-Long Beach-Anaheim, CA",6,California,37,Los Angeles,34.1365,-117.92391
11/05/2017,AQS,2,15.8,ppb,14,Azusa,24,100,42602,Nitrogen dioxide (NO2),74,31080,"Los Angeles-Long Beach-Anaheim, CA",6,California,37,Los Angeles,34.1365,-117.92391
11/06/2017,AQS,2,29.5,ppb,27,Azusa,24,100,42602,Nitrogen dioxide (NO2),74,31080,"Los Angeles-Long Beach-Anaheim, CA",6,California,37,Los Angeles,34.1365,-117.92391
11/07/2017,AQS,2,31.9,ppb,29,Azusa,24,100,42602,Nitrogen dioxide (NO2),74,31080,"Los Angeles-Long Beach-Anaheim, CA",6,California,37,Los Angeles,34.1365,-117.92391
11/08/2017,AQS,2,31.7,ppb,29,Azusa,24,100,42602,Nitrogen dioxide (NO2),74,31080,"Los Angeles-Long Beach-Anaheim, CA",6,California,37,Los Angeles,34.1365,-117.92391
11/09/2017,AQS,2,17.6,ppb,16,Azusa,24,100,42602,Nitrogen dioxide (NO2),74,31080,"Los Angeles-Long Beach-Anaheim, CA",6,California,37,Los Angeles,34.1365,-117.92391
11/10/2017,AQS,2,19.2,ppb,18,Azusa,24,100,42602,Nitrogen dioxide (NO2),74,31080,"Los Angeles-Long Beach-Anaheim, CA",6,California,37,Los Angeles,34.1365,-117.92391
11/11/2017,AQS,2,22.5,ppb,21,Azusa,24,100,42602,Nitrogen dioxide (NO2),74,31080,"Los Angeles-Long Beach-Anaheim, CA",6,California,37,Los Angeles,34.1365,-117.92391
11/12/2017,AQS,2,32.7,ppb,30,Azusa,24,100,42602,Nitrogen dioxide (NO2),74,31080,"Los Angeles-Long Beach-Anaheim, CA",6,California,37,Los Angeles,34.1365,-117.92391
11/13/2017,AQS,2,51,ppb,48,Azusa,24,100,42602,Nitrogen dioxide (NO2),74,31080,"Los Angeles-Long Beach-Anaheim, CA",6,California,37,Los Angeles,34.1365,-117.92391
11/14/2017,AQS,2,47.1,ppb,44,Azusa,24,100,42602,Nitrogen dioxide (NO2),74,31080,"Los Angeles-Long Beach-Anaheim, CA",6,California,37,Los Angeles,34.1365,-117.92391
11/15/2017,AQS,2,64.2,ppb,62,Azusa,22,92,42602,Nitrogen dioxide (NO2),74,31080,"Los Angeles-Long Beach-Anaheim, CA",6,California,37,Los Angeles,34.1365,-117.92391
11/17/2017,AQS,2,33.6,ppb,31,Azusa,24,100,42602,Nitrogen dioxide (NO2),74,31080,"Los Angeles-Long Beach-Anaheim, CA",6,California,37,Los Angeles,34.1365,-117.92391
11/18/2017,AQS,2,34.4,ppb,32,Azusa,24,100,42602,Nitrogen dioxide (NO2),74,31080,"Los Angeles-Long Beach-Anaheim, CA",6,California,37,Los Angeles,34.1365,-117.92391
11/19/2017,AQS,2,25.2,ppb,24,Azusa,24,100,42602,Nitrogen dioxide (NO2),74,31080,"Los Angeles-Long Beach-Anaheim, CA",6,California,37,Los Angeles,34.1365,-117.92391
11/20/2017,AQS,2,53.8,ppb,50,Azusa,24,100,42602,Nitrogen dioxide (NO2),74,31080,"Los Angeles-Long Beach-Anaheim, CA",6,California,37,Los Angeles,34.1365,-117.92391
11/21/2017,AQS,2,40,ppb,38,Azusa,24,100,42602,Nitrogen dioxide (NO2),74,31080,"Los Angeles-Long Beach-Anaheim, CA",6,California,37,Los Angeles,34.1365,-117.92391
11/22/2017,AQS,2,27.6,ppb,25,Azusa,24,100,42602,Nitrogen dioxide (NO2),74,31080,"Los Angeles-Long Beach-Anaheim, CA",6,California,37,Los Angeles,34.1365,-117.92391
11/23/2017,AQS,2,29.3,ppb,27,Azusa,24,100,42602,Nitrogen dioxide (NO2),74,31080,"Los Angeles-Long Beach-Anaheim, CA",6,California,37,Los Angeles,34.1365,-117.92391
11/24/2017,AQS,2,26.5,ppb,25,Azusa,24,100,42602,Nitrogen dioxide (NO2),74,31080,"Los Angeles-Long Beach-Anaheim, CA",6,California,37,Los Angeles,34.1365,-117.92391
11/25/2017,AQS,2,35,ppb,33,Azusa,24,100,42602,Nitrogen dioxide (NO2),74,31080,"Los Angeles-Long Beach-Anaheim, CA",6,California,37,Los Angeles,34.1365,-117.92391
11/26/2017,AQS,2,28.4,ppb,26,Azusa,24,100,42602,Nitrogen dioxide (NO2),74,31080,"Los Angeles-Long Beach-Anaheim, CA",6,California,37,Los Angeles,34.1365,-117.92391
11/27/2017,AQS,2,21.7,ppb,20,Azusa,24,100,42602,Nitrogen dioxide (NO2),74,31080,"Los Angeles-Long Beach-Anaheim, CA",6,California,37,Los Angeles,34.1365,-117.92391
11/28/2017,AQS,2,46.1,ppb,43,Azusa,24,100,42602,Nitrogen dioxide (NO2),74,31080,"Los Angeles-Long Beach-Anaheim, CA",6,California,37,Los Angeles,34.1365,-117.92391
11/29/2017,AQS,2,51.1,ppb,48,Azusa,24,100,42602,Nitrogen dioxide (NO2),74,31080,"Los Angeles-Long Beach-Anaheim, CA",6,California,37,Los Angeles,34.1365,-117.92391
11/30/2017,AQS,2,60.5,ppb,57,Azusa,24,100,42602,Nitrogen dioxide (NO2),74,31080,"Los Angeles-Long Beach-Anaheim, CA",6,California,37,Los Angeles,34.1365,-117.92391
12/01/2017,AQS,2,46.8,ppb,43,Azusa,24,100,42602,Nitrogen dioxide (NO2),74,31080,"Los Angeles-Long Beach-Anaheim, CA",6,California,37,Los Angeles,34.1365,-117.92391
12/02/2017,AQS,2,36.3,ppb,34,Azusa,24,100,42602,Nitrogen dioxide (NO2),74,31080,"Los Angeles-Long Beach-Anaheim, CA",6,California,37,Los Angeles,34.1365,-117.92391
12/03/2017,AQS,2,31.4,ppb,29,Azusa,24,100,42602,Nitrogen dioxide (NO2),74,31080,"Los Angeles-Long Beach-Anaheim, CA",6,California,37,Los Angeles,34.1365,-117.92391
12/04/2017,AQS,2,23.9,ppb,22,Azusa,24,100,42602,Nitrogen dioxide (NO2),74,31080,"Los Angeles-Long Beach-Anaheim, CA",6,California,37,Los Angeles,34.1365,-117.92391
12/05/2017,AQS,2,33.2,ppb,31,Azusa,24,100,42602,Nitrogen dioxide (NO2),74,31080,"Los Angeles-Long Beach-Anaheim, CA",6,California,37,Los Angeles,34.1365,-117.92391
12/06/2017,AQS,2,42.7,ppb,40,Azusa,24,100,42602,Nitrogen dioxide (NO2),74,31080,"Los Angeles-Long Beach-Anaheim, CA",6,California,37,Los Angeles,34.1365,-117.92391
12/07/2017,AQS,2,38.9,ppb,36,Azusa,24,100,42602,Nitrogen dioxide (NO2),74,31080,"Los Angeles-Long Beach-Anaheim, CA",6,California,37,Los Angeles,34.1365,-117.92391
12/08/2017,AQS,2,44.4,ppb,42,Azusa,24,100,42602,Nitrogen dioxide (NO2),74,31080,"Los Angeles-Long Beach-Anaheim, CA",6,California,37,Los Angeles,34.1365,-117.92391
12/09/2017,AQS,2,18.8,ppb,17,Azusa,24,100,42602,Nitrogen dioxide (NO2),74,31080,"Los Angeles-Long Beach-Anaheim, CA",6,California,37,Los Angeles,34.1365,-117.92391
12/10/2017,AQS,2,20.6,ppb,19,Azusa,24,100,42602,Nitrogen dioxide (NO2),74,31080,"Los Angeles-Long Beach-Anaheim, CA",6,California,37,Los Angeles,34.1365,-117.92391
12/11/2017,AQS,2,39.8,ppb,37,Azusa,24,100,42602,Nitrogen dioxide (NO2),74,31080,"Los Angeles-Long Beach-Anaheim, CA",6,California,37,Los Angeles,34.1365,-117.92391
12/12/2017,AQS,2,30.7,ppb,28,Azusa,24,100,42602,Nitrogen dioxide (NO2),74,31080,"Los Angeles-Long Beach-Anaheim, CA",6,California,37,Los Angeles,34.1365,-117.92391
12/13/2017,AQS,2,46.6,ppb,43,Azusa,24,100,42602,Nitrogen dioxide (NO2),74,31080,"Los Angeles-Long Beach-Anaheim, CA",6,California,37,Los Angeles,34.1365,-117.92391
12/14/2017,AQS,2,60.5,ppb,57,Azusa,24,100,42602,Nitrogen dioxide (NO2),74,31080,"Los Angeles-Long Beach-Anaheim, CA",6,California,37,Los Angeles,34.1365,-117.92391
12/15/2017,AQS,2,43.9,ppb,41,Azusa,22,92,42602,Nitrogen dioxide (NO2),74,31080,"Los Angeles-Long Beach-Anaheim, CA",6,California,37,Los Angeles,34.1365,-117.92391
12/16/2017,AQS,2,30.2,ppb,28,Azusa,24,100,42602,Nitrogen dioxide (NO2),74,31080,"Los Angeles-Long Beach-Anaheim, CA",6,California,37,Los Angeles,34.1365,-117.92391
12/17/2017,AQS,2,22.2,ppb,21,Azusa,24,100,42602,Nitrogen dioxide (NO2),74,31080,"Los Angeles-Long Beach-Anaheim, CA",6,California,37,Los Angeles,34.1365,-117.92391
12/18/2017,AQS,2,35.5,ppb,33,Azusa,24,100,42602,Nitrogen dioxide (NO2),74,31080,"Los Angeles-Long Beach-Anaheim, CA",6,California,37,Los Angeles,34.1365,-117.92391
12/19/2017,AQS,2,49.7,ppb,46,Azusa,24,100,42602,Nitrogen dioxide (NO2),74,31080,"Los Angeles-Long Beach-Anaheim, CA",6,California,37,Los Angeles,34.1365,-117.92391
12/20/2017,AQS,2,37.2,ppb,35,Azusa,24,100,42602,Nitrogen dioxide (NO2),74,31080,"Los Angeles-Long Beach-Anaheim, CA",6,California,37,Los Angeles,34.1365,-117.92391
12/21/2017,AQS,2,31.7,ppb,29,Azusa,24,100,42602,Nitrogen dioxide (NO2),74,31080,"Los Angeles-Long Beach-Anaheim, CA",6,California,37,Los Angeles,34.1365,-117.92391
12/22/2017,AQS,2,36.3,ppb,34,Azusa,20,83,42602,Nitrogen dioxide (NO2),74,31080,"Los Angeles-Long Beach-Anaheim, CA",6,California,37,Los Angeles,34.1365,-117.92391
12/23/2017,AQS,2,38,ppb,36,Azusa,24,100,42602,Nitrogen dioxide (NO2),74,31080,"Los Angeles-Long Beach-Anaheim, CA",6,California,37,Los Angeles,34.1365,-117.92391
12/24/2017,AQS,2,44,ppb,42,Azusa,24,100,42602,Nitrogen dioxide (NO2),74,31080,"Los Angeles-Long Beach-Anaheim, CA",6,California,37,Los Angeles,34.1365,-117.92391
12/25/2017,AQS,2,42.5,ppb,40,Azusa,24,100,42602,Nitrogen dioxide (NO2),74,31080,"Los Angeles-Long Beach-Anaheim, CA",6,California,37,Los Angeles,34.1365,-117.92391
12/26/2017,AQS,2,49,ppb,46,Azusa,23,96,42602,Nitrogen dioxide (NO2),74,31080,"Los Angeles-Long Beach-Anaheim, CA",6,California,37,Los Angeles,34.1365,-117.92391
12/27/2017,AQS,2,65.6,ppb,63,Azusa,24,100,42602,Nitrogen dioxide (NO2),74,31080,"Los Angeles-Long Beach-Anaheim, CA",6,California,37,Los Angeles,34.1365,-117.92391
12/28/2017,AQS,2,35.6,ppb,33,Azusa,24,100,42602,Nitrogen dioxide (NO2),74,31080,"Los Angeles-Long Beach-Anaheim, CA",6,California,37,Los Angeles,34.1365,-117.92391
12/29/2017,AQS,2,58,ppb,55,Azusa,24,100,42602,Nitrogen dioxide (NO2),74,31080,"Los Angeles-Long Beach-Anaheim, CA",6,California,37,Los Angeles,34.1365,-117.92391
12/30/2017,AQS,2,38.1,ppb,36,Azusa,24,100,42602,Nitrogen dioxide (NO2),74,31080,"Los Angeles-Long Beach-Anaheim, CA",6,California,37,Los Angeles,34.1365,-117.92391
12/31/2017,AQS,2,31.7,ppb,29,Azusa,24,100,42602,Nitrogen dioxide (NO2),74,31080,"Los Angeles-Long Beach-Anaheim, CA",6,California,37,Los Angeles,34.1365,-117.92391
01/01/2018,AQS,2,33.6,ppb,31,Azusa,24,100,42602,Nitrogen dioxide (NO2),74,31080,"Los Angeles-Long Beach-Anaheim, CA",6,California,37,Los Angeles,34.1365,-117.92391
01/02/2018,AQS,2,69.6,ppb,67,Azusa,24,100,42602,Nitrogen dioxide (NO2),74,31080,"Los Angeles-Long Beach-Anaheim, CA",6,California,37,Los Angeles,34.1365,-117.92391
01/03/2018,AQS,2,45.6,ppb,42,Azusa,24,100,42602,Nitrogen dioxide (NO2),74,31080,"Los Angeles-Long Beach-Anaheim, CA",6,California,37,Los Angeles,34.1365,-117.92391
01/04/2018,AQS,2,58.5,ppb,55,Azusa,24,100,42602,Nitrogen dioxide (NO2),74,31080,"Los Angeles-Long Beach-Anaheim, CA",6,California,37,Los Angeles,34.1365,-117.92391
01/05/2018,AQS,2,43.4,ppb,41,Azusa,24,100,42602,Nitrogen dioxide (NO2),74,31080,"Los Angeles-Long Beach-Anaheim, CA",6,California,37,Los Angeles,34.1365,-117.92391
01/06/2018,AQS,2,27.8,ppb,25,Azusa,24,100,42602,Nitrogen dioxide (NO2),74,31080,"Los Angeles-Long Beach-Anaheim, CA",6,California,37,Los Angeles,34.1365,-117.92391
01/07/2018,AQS,2,36.3,ppb,34,Azusa,24,100,42602,Nitrogen dioxide (NO2),74,31080,"Los Angeles-Long Beach-Anaheim, CA",6,California,37,Los Angeles,34.1365,-117.92391
01/08/2018,AQS,2,26.8,ppb,25,Azusa,24,100,42602,Nitrogen dioxide (NO2),74,31080,"Los Angeles-Long Beach-Anaheim, CA",6,California,37,Los Angeles,34.1365,-117.92391
01/09/2018,AQS,2,12.5,ppb,11,Azusa,24,100,42602,Nitrogen dioxide (NO2),74,31080,"Los Angeles-Long Beach-Anaheim, CA",6,California,37,Los Angeles,34.1365,-117.92391
01/10/2018,AQS,2,24,ppb,23,Azusa,24,100,42602,Nitrogen dioxide (NO2),74,31080,"Los Angeles-Long Beach-Anaheim, CA",6,California,37,Los Angeles,34.1365,-117.92391
01/11/2018,AQS,2,33.2,ppb,31,Azusa,24,100,42602,Nitrogen dioxide (NO2),74,31080,"Los Angeles-Long Beach-Anaheim, CA",6,California,37,Los Angeles,34.1365,-117.92391
01/12/2018,AQS,2,42.9,ppb,40,Azusa,24,100,42602,Nitrogen dioxide (NO2),74,31080,"Los Angeles-Long Beach-Anaheim, CA",6,California,37,Los Angeles,34.1365,-117.92391
01/13/2018,AQS,2,13.4,ppb,12,Azusa,24,100,42602,Nitrogen dioxide (NO2),74,31080,"Los Angeles-Long Beach-Anaheim, CA",6,California,37,Los Angeles,34.1365,-117.92391
01/14/2018,AQS,2,15.7,ppb,14,Azusa,24,100,42602,Nitrogen dioxide (NO2),74,31080,"Los Angeles-Long Beach-Anaheim, CA",6,California,37,Los Angeles,34.1365,-117.92391
01/15/2018,AQS,2,56.8,ppb,53,Azusa,24,100,42602,Nitrogen dioxide (NO2),74,31080,"Los Angeles-Long Beach-Anaheim, CA",6,California,37,Los Angeles,34.1365,-117.92391
01/16/2018,AQS,2,49.7,ppb,46,Azusa,24,100,42602,Nitrogen dioxide (NO2),74,31080,"Los Angeles-Long Beach-Anaheim, CA",6,California,37,Los Angeles,34.1365,-117.92391
01/17/2018,AQS,2,36.9,ppb,34,Azusa,24,100,42602,Nitrogen dioxide (NO2),74,31080,"Los Angeles-Long Beach-Anaheim, CA",6,California,37,Los Angeles,34.1365,-117.92391
01/18/2018,AQS,2,60.4,ppb,57,Azusa,24,100,42602,Nitrogen dioxide (NO2),74,31080,"Los Angeles-Long Beach-Anaheim, CA",6,California,37,Los Angeles,34.1365,-117.92391
01/19/2018,AQS,2,29.6,ppb,27,Azusa,24,100,42602,Nitrogen dioxide (NO2),74,31080,"Los Angeles-Long Beach-Anaheim, CA",6,California,37,Los Angeles,34.1365,-117.92391
01/20/2018,AQS,2,20.2,ppb,19,Azusa,24,100,42602,Nitrogen dioxide (NO2),74,31080,"Los Angeles-Long Beach-Anaheim, CA",6,California,37,Los Angeles,34.1365,-117.92391
01/21/2018,AQS,2,18,ppb,17,Azusa,24,100,42602,Nitrogen dioxide (NO2),74,31080,"Los Angeles-Long Beach-Anaheim, CA",6,California,37,Los Angeles,34.1365,-117.92391
01/22/2018,AQS,2,24.8,ppb,23,Azusa,24,100,42602,Nitrogen dioxide (NO2),74,31080,"Los Angeles-Long Beach-Anaheim, CA",6,California,37,Los Angeles,34.1365,-117.92391
01/23/2018,AQS,2,23.1,ppb,22,Azusa,18,75,42602,Nitrogen dioxide (NO2),74,31080,"Los Angeles-Long Beach-Anaheim, CA",6,California,37,Los Angeles,34.1365,-117.92391
01/24/2018,AQS,2,41.9,ppb,39,Azusa,24,100,42602,Nitrogen dioxide (NO2),74,31080,"Los Angeles-Long Beach-Anaheim, CA",6,California,37,Los Angeles,34.1365,-117.92391
01/25/2018,AQS,2,30.5,ppb,28,Azusa,24,100,42602,Nitrogen dioxide (NO2),74,31080,"Los Angeles-Long Beach-Anaheim, CA",6,California,37,Los Angeles,34.1365,-117.92391
01/26/2018,AQS,2,18.2,ppb,17,Azusa,24,100,42602,Nitrogen dioxide (NO2),74,31080,"Los Angeles-Long Beach-Anaheim, CA",6,California,37,Los Angeles,34.1365,-117.92391
01/27/2018,AQS,2,16.4,ppb,15,Azusa,24,100,42602,Nitrogen dioxide (NO2),74,31080,"Los Angeles-Long Beach-Anaheim, CA",6,California,37,Los Angeles,34.1365,-117.92391
01/28/2018,AQS,2,27.8,ppb,25,Azusa,24,100,42602,Nitrogen dioxide (NO2),74,31080,"Los Angeles-Long Beach-Anaheim, CA",6,California,37,Los Angeles,34.1365,-117.92391
01/29/2018,AQS,2,36,ppb,34,Azusa,24,100,42602,Nitrogen dioxide (NO2),74,31080,"Los Angeles-Long Beach-Anaheim, CA",6,California,37,Los Angeles,34.1365,-117.92391
01/30/2018,AQS,2,34.9,ppb,32,Azusa,24,100,42602,Nitrogen dioxide (NO2),74,31080,"Los Angeles-Long Beach-Anaheim, CA",6,California,37,Los Angeles,34.1365,-117.92391
01/31/2018,AQS,2,52.2,ppb,49,Azusa,24,100,42602,Nitrogen dioxide (NO2),74,31080,"Los Angeles-Long Beach-Anaheim, CA",6,California,37,Los Angeles,34.1365,-117.92391
02/01/2018,AQS,2,64.7,ppb,62,Azusa,24,100,42602,Nitrogen dioxide (NO2),74,31080,"Los Angeles-Long Beach-Anaheim, CA",6,California,37,Los Angeles,34.1365,-117.92391
02/02/2018,AQS,2,70.8,ppb,68,Azusa,24,100,42602,Nitrogen dioxide (NO2),74,31080,"Los Angeles-Long Beach-Anaheim, CA",6,California,37,Los Angeles,34.1365,-117.92391
02/03/2018,AQS,2,49.5,ppb,46,Azusa,24,100,42602,Nitrogen dioxide (NO2),74,31080,"Los Angeles-Long Beach-Anaheim, CA",6,California,37,Los Angeles,34.1365,-117.92391
02/04/2018,AQS,2,42.6,ppb,40,Azusa,24,100,42602,Nitrogen dioxide (NO2),74,31080,"Los Angeles-Long Beach-Anaheim, CA",6,California,37,Los Angeles,34.1365,-117.92391
02/05/2018,AQS,2,41.1,ppb,39,Azusa,24,100,42602,Nitrogen dioxide (NO2),74,31080,"Los Angeles-Long Beach-Anaheim, CA",6,California,37,Los Angeles,34.1365,-117.92391
02/06/2018,AQS,2,40.3,ppb,38,Azusa,24,100,42602,Nitrogen dioxide (NO2),74,31080,"Los Angeles-Long Beach-Anaheim, CA",6,California,37,Los Angeles,34.1365,-117.92391
02/07/2018,AQS,2,38.3,ppb,36,Azusa,24,100,42602,Nitrogen dioxide (NO2),74,31080,"Los Angeles-Long Beach-Anaheim, CA",6,California,37,Los Angeles,34.1365,-117.92391
02/08/2018,AQS,2,48.1,ppb,45,Azusa,24,100,42602,Nitrogen dioxide (NO2),74,31080,"Los Angeles-Long Beach-Anaheim, CA",6,California,37,Los Angeles,34.1365,-117.92391
02/09/2018,AQS,2,49.2,ppb,46,Azusa,24,100,42602,Nitrogen dioxide (NO2),74,31080,"Los Angeles-Long Beach-Anaheim, CA",6,California,37,Los Angeles,34.1365,-117.92391
02/10/2018,AQS,2,14.6,ppb,13,Azusa,24,100,42602,Nitrogen dioxide (NO2),74,31080,"Los Angeles-Long Beach-Anaheim, CA",6,California,37,Los Angeles,34.1365,-117.92391
02/11/2018,AQS,2,18.5,ppb,17,Azusa,24,100,42602,Nitrogen dioxide (NO2),74,31080,"Los Angeles-Long Beach-Anaheim, CA",6,California,37,Los Angeles,34.1365,-117.92391
02/12/2018,AQS,2,14.7,ppb,13,Azusa,24,100,42602,Nitrogen dioxide (NO2),74,31080,"Los Angeles-Long Beach-Anaheim, CA",6,California,37,Los Angeles,34.1365,-117.92391
02/13/2018,AQS,2,24,ppb,23,Azusa,24,100,42602,Nitrogen dioxide (NO2),74,31080,"Los Angeles-Long Beach-Anaheim, CA",6,California,37,Los Angeles,34.1365,-117.92391
02/14/2018,AQS,2,31.6,ppb,29,Azusa,24,100,42602,Nitrogen dioxide (NO2),74,31080,"Los Angeles-Long Beach-Anaheim, CA",6,California,37,Los Angeles,34.1365,-117.92391
02/15/2018,AQS,2,37,ppb,35,Azusa,24,100,42602,Nitrogen dioxide (NO2),74,31080,"Los Angeles-Long Beach-Anaheim, CA",6,California,37,Los Angeles,34.1365,-117.92391
02/16/2018,AQS,2,31.3,ppb,29,Azusa,24,100,42602,Nitrogen dioxide (NO2),74,31080,"Los Angeles-Long Beach-Anaheim, CA",6,California,37,Los Angeles,34.1365,-117.92391
02/17/2018,AQS,2,28.2,ppb,26,Azusa,24,100,42602,Nitrogen dioxide (NO2),74,31080,"Los Angeles-Long Beach-Anaheim, CA",6,California,37,Los Angeles,34.1365,-117.92391
02/18/2018,AQS,2,17.7,ppb,16,Azusa,24,100,42602,Nitrogen dioxide (NO2),74,31080,"Los Angeles-Long Beach-Anaheim, CA",6,California,37,Los Angeles,34.1365,-117.92391
02/19/2018,AQS,2,13.4,ppb,12,Azusa,24,100,42602,Nitrogen dioxide (NO2),74,31080,"Los Angeles-Long Beach-Anaheim, CA",6,California,37,Los Angeles,34.1365,-117.92391
02/20/2018,AQS,2,39.9,ppb,37,Azusa,24,100,42602,Nitrogen dioxide (NO2),74,31080,"Los Angeles-Long Beach-Anaheim, CA",6,California,37,Los Angeles,34.1365,-117.92391
02/21/2018,AQS,2,29.1,ppb,27,Azusa,24,100,42602,Nitrogen dioxide (NO2),74,31080,"Los Angeles-Long Beach-Anaheim, CA",6,California,37,Los Angeles,34.1365,-117.92391
02/22/2018,AQS,2,17.4,ppb,16,Azusa,24,100,42602,Nitrogen dioxide (NO2),74,31080,"Los Angeles-Long Beach-Anaheim, CA",6,California,37,Los Angeles,34.1365,-117.92391
02/23/2018,AQS,2,13.2,ppb,12,Azusa,24,100,42602,Nitrogen dioxide (NO2),74,31080,"Los Angeles-Long Beach-Anaheim, CA",6,California,37,Los Angeles,34.1365,-117.92391
02/24/2018,AQS,2,14.9,ppb,13,Azusa,24,100,42602,Nitrogen dioxide (NO2),74,31080,"Los Angeles-Long Beach-Anaheim, CA",6,California,37,Los Angeles,34.1365,-117.92391
02/25/2018,AQS,2,26.8,ppb,25,Azusa,24,100,42602,Nitrogen dioxide (NO2),74,31080,"Los Angeles-Long Beach-Anaheim, CA",6,California,37,Los Angeles,34.1365,-117.92391
02/26/2018,AQS,2,29,ppb,27,Azusa,24,100,42602,Nitrogen dioxide (NO2),74,31080,"Los Angeles-Long Beach-Anaheim, CA",6,California,37,Los Angeles,34.1365,-117.92391
02/27/2018,AQS,2,27,ppb,25,Azusa,24,100,42602,Nitrogen dioxide (NO2),74,31080,"Los Angeles-Long Beach-Anaheim, CA",6,California,37,Los Angeles,34.1365,-117.92391
02/28/2018,AQS,2,23.4,ppb,22,Azusa,24,100,42602,Nitrogen dioxide (NO2),74,31080,"Los Angeles-Long Beach-Anaheim, CA",6,California,37,Los Angeles,34.1365,-117.92391
03/01/2018,AQS,2,19.4,ppb,18,Azusa,24,100,42602,Nitrogen dioxide (NO2),74,31080,"Los Angeles-Long Beach-Anaheim, CA",6,California,37,Los Angeles,34.1365,-117.92391
03/02/2018,AQS,2,23.4,ppb,22,Azusa,24,100,42602,Nitrogen dioxide (NO2),74,31080,"Los Angeles-Long Beach-Anaheim, CA",6,California,37,Los Angeles,34.1365,-117.92391
03/03/2018,AQS,2,17.9,ppb,16,Azusa,24,100,42602,Nitrogen dioxide (NO2),74,31080,"Los Angeles-Long Beach-Anaheim, CA",6,California,37,Los Angeles,34.1365,-117.92391
03/04/2018,AQS,2,9,ppb,8,Azusa,24,100,42602,Nitrogen dioxide (NO2),74,31080,"Los Angeles-Long Beach-Anaheim, CA",6,California,37,Los Angeles,34.1365,-117.92391
03/05/2018,AQS,2,18,ppb,17,Azusa,24,100,42602,Nitrogen dioxide (NO2),74,31080,"Los Angeles-Long Beach-Anaheim, CA",6,California,37,Los Angeles,34.1365,-117.92391
03/06/2018,AQS,2,41.1,ppb,39,Azusa,24,100,42602,Nitrogen dioxide (NO2),74,31080,"Los Angeles-Long Beach-Anaheim, CA",6,California,37,Los Angeles,34.1365,-117.92391
03/07/2018,AQS,2,52.6,ppb,49,Azusa,24,100,42602,Nitrogen dioxide (NO2),74,31080,"Los Angeles-Long Beach-Anaheim, CA",6,California,37,Los Angeles,34.1365,-117.92391
03/08/2018,AQS,2,44.7,ppb,42,Azusa,24,100,42602,Nitrogen dioxide (NO2),74,31080,"Los Angeles-Long Beach-Anaheim, CA",6,California,37,Los Angeles,34.1365,-117.92391
03/09/2018,AQS,2,35.6,ppb,33,Azusa,24,100,42602,Nitrogen dioxide (NO2),74,31080,"Los Angeles-Long Beach-Anaheim, CA",6,California,37,Los Angeles,34.1365,-117.92391
03/10/2018,AQS,2,15.1,ppb,14,Azusa,24,100,42602,Nitrogen dioxide (NO2),74,31080,"Los Angeles-Long Beach-Anaheim, CA",6,California,37,Los Angeles,34.1365,-117.92391
03/11/2018,AQS,2,9.4,ppb,8,Azusa,24,100,42602,Nitrogen dioxide (NO2),74,31080,"Los Angeles-Long Beach-Anaheim, CA",6,California,37,Los Angeles,34.1365,-117.92391
03/12/2018,AQS,2,23.5,ppb,22,Azusa,24,100,42602,Nitrogen dioxide (NO2),74,31080,"Los Angeles-Long Beach-Anaheim, CA",6,California,37,Los Angeles,34.1365,-117.92391
03/13/2018,AQS,2,23.9,ppb,22,Azusa,24,100,42602,Nitrogen dioxide (NO2),74,31080,"Los Angeles-Long Beach-Anaheim, CA",6,California,37,Los Angeles,34.1365,-117.92391
03/15/2018,AQS,2,17,ppb,16,Azusa,24,100,42602,Nitrogen dioxide (NO2),74,31080,"Los Angeles-Long Beach-Anaheim, CA",6,California,37,Los Angeles,34.1365,-117.92391
03/16/2018,AQS,2,12.2,ppb,11,Azusa,24,100,42602,Nitrogen dioxide (NO2),74,31080,"Los Angeles-Long Beach-Anaheim, CA",6,California,37,Los Angeles,34.1365,-117.92391
03/17/2018,AQS,2,10.5,ppb,9,Azusa,24,100,42602,Nitrogen dioxide (NO2),74,31080,"Los Angeles-Long Beach-Anaheim, CA",6,California,37,Los Angeles,34.1365,-117.92391
03/18/2018,AQS,2,18.1,ppb,17,Azusa,24,100,42602,Nitrogen dioxide (NO2),74,31080,"Los Angeles-Long Beach-Anaheim, CA",6,California,37,Los Angeles,34.1365,-117.92391
03/19/2018,AQS,2,28.3,ppb,26,Azusa,24,100,42602,Nitrogen dioxide (NO2),74,31080,"Los Angeles-Long Beach-Anaheim, CA",6,California,37,Los Angeles,34.1365,-117.92391
03/20/2018,AQS,2,37.5,ppb,35,Azusa,24,100,42602,Nitrogen dioxide (NO2),74,31080,"Los Angeles-Long Beach-Anaheim, CA",6,California,37,Los Angeles,34.1365,-117.92391
03/21/2018,AQS,2,34.8,ppb,32,Azusa,24,100,42602,Nitrogen dioxide (NO2),74,31080,"Los Angeles-Long Beach-Anaheim, CA",6,California,37,Los Angeles,34.1365,-117.92391
03/22/2018,AQS,2,23.9,ppb,22,Azusa,24,100,42602,Nitrogen dioxide (NO2),74,31080,"Los Angeles-Long Beach-Anaheim, CA",6,California,37,Los Angeles,34.1365,-117.92391
03/23/2018,AQS,2,24.5,ppb,23,Azusa,24,100,42602,Nitrogen dioxide (NO2),74,31080,"Los Angeles-Long Beach-Anaheim, CA",6,California,37,Los Angeles,34.1365,-117.92391
03/24/2018,AQS,2,10.5,ppb,9,Azusa,24,100,42602,Nitrogen dioxide (NO2),74,31080,"Los Angeles-Long Beach-Anaheim, CA",6,California,37,Los Angeles,34.1365,-117.92391
03/25/2018,AQS,2,6.9,ppb,6,Azusa,24,100,42602,Nitrogen dioxide (NO2),74,31080,"Los Angeles-Long Beach-Anaheim, CA",6,California,37,Los Angeles,34.1365,-117.92391
03/26/2018,AQS,2,14.3,ppb,13,Azusa,24,100,42602,Nitrogen dioxide (NO2),74,31080,"Los Angeles-Long Beach-Anaheim, CA",6,California,37,Los Angeles,34.1365,-117.92391
03/27/2018,AQS,2,34.3,ppb,32,Azusa,24,100,42602,Nitrogen dioxide (NO2),74,31080,"Los Angeles-Long Beach-Anaheim, CA",6,California,37,Los Angeles,34.1365,-117.92391
03/28/2018,AQS,2,30,ppb,28,Azusa,24,100,42602,Nitrogen dioxide (NO2),74,31080,"Los Angeles-Long Beach-Anaheim, CA",6,California,37,Los Angeles,34.1365,-117.92391
03/29/2018,AQS,2,41.9,ppb,39,Azusa,24,100,42602,Nitrogen dioxide (NO2),74,31080,"Los Angeles-Long Beach-Anaheim, CA",6,California,37,Los Angeles,34.1365,-117.92391
03/30/2018,AQS,2,43.7,ppb,41,Azusa,24,100,42602,Nitrogen dioxide (NO2),74,31080,"Los Angeles-Long Beach-Anaheim, CA",6,California,37,Los Angeles,34.1365,-117.92391
03/31/2018,AQS,2,37.2,ppb,35,Azusa,24,100,42602,Nitrogen dioxide (NO2),74,31080,"Los Angeles-Long Beach-Anaheim, CA",6,California,37,Los Angeles,34.1365,-117.92391
04/01/2018,AQS,2,13.5,ppb,12,Azusa,24,100,42602,Nitrogen dioxide (NO2),74,31080,"Los Angeles-Long Beach-Anaheim, CA",6,California,37,Los Angeles,34.1365,-117.92391
04/02/2018,AQS,2,15.6,ppb,14,Azusa,24,100,42602,Nitrogen dioxide (NO2),74,31080,"Los Angeles-Long Beach-Anaheim, CA",6,California,37,Los Angeles,34.1365,-117.92391
04/03/2018,AQS,2,22.4,ppb,21,Azusa,24,100,42602,Nitrogen dioxide (NO2),74,31080,"Los Angeles-Long Beach-Anaheim, CA",6,California,37,Los Angeles,34.1365,-117.92391
04/04/2018,AQS,2,26.3,ppb,25,Azusa,24,100,42602,Nitrogen dioxide (NO2),74,31080,"Los Angeles-Long Beach-Anaheim, CA",6,California,37,Los Angeles,34.1365,-117.92391
04/05/2018,AQS,2,21.3,ppb,20,Azusa,24,100,42602,Nitrogen dioxide (NO2),74,31080,"Los Angeles-Long Beach-Anaheim, CA",6,California,37,Los Angeles,34.1365,-117.92391
04/06/2018,AQS,2,24.9,ppb,23,Azusa,24,100,42602,Nitrogen dioxide (NO2),74,31080,"Los Angeles-Long Beach-Anaheim, CA",6,California,37,Los Angeles,34.1365,-117.92391
04/07/2018,AQS,2,14,ppb,13,Azusa,24,100,42602,Nitrogen dioxide (NO2),74,31080,"Los Angeles-Long Beach-Anaheim, CA",6,California,37,Los Angeles,34.1365,-117.92391
04/08/2018,AQS,2,26.1,ppb,25,Azusa,24,100,42602,Nitrogen dioxide (NO2),74,31080,"Los Angeles-Long Beach-Anaheim, CA",6,California,37,Los Angeles,34.1365,-117.92391
04/09/2018,AQS,2,38.2,ppb,36,Azusa,24,100,42602,Nitrogen dioxide (NO2),74,31080,"Los Angeles-Long Beach-Anaheim, CA",6,California,37,Los Angeles,34.1365,-117.92391
04/10/2018,AQS,2,39.4,ppb,37,Azusa,24,100,42602,Nitrogen dioxide (NO2),74,31080,"Los Angeles-Long Beach-Anaheim, CA",6,California,37,Los Angeles,34.1365,-117.92391
04/11/2018,AQS,2,39.9,ppb,37,Azusa,24,100,42602,Nitrogen dioxide (NO2),74,31080,"Los Angeles-Long Beach-Anaheim, CA",6,California,37,Los Angeles,34.1365,-117.92391
04/12/2018,AQS,2,13.7,ppb,12,Azusa,24,100,42602,Nitrogen dioxide (NO2),74,31080,"Los Angeles-Long Beach-Anaheim, CA",6,California,37,Los Angeles,34.1365,-117.92391
04/14/2018,AQS,2,21.8,ppb,20,Azusa,24,100,42602,Nitrogen dioxide (NO2),74,31080,"Los Angeles-Long Beach-Anaheim, CA",6,California,37,Los Angeles,34.1365,-117.92391
04/15/2018,AQS,2,32.7,ppb,30,Azusa,24,100,42602,Nitrogen dioxide (NO2),74,31080,"Los Angeles-Long Beach-Anaheim, CA",6,California,37,Los Angeles,34.1365,-117.92391
04/16/2018,AQS,2,17.4,ppb,16,Azusa,24,100,42602,Nitrogen dioxide (NO2),74,31080,"Los Angeles-Long Beach-Anaheim, CA",6,California,37,Los Angeles,34.1365,-117.92391
04/17/2018,AQS,2,15,ppb,14,Azusa,24,100,42602,Nitrogen dioxide (NO2),74,31080,"Los Angeles-Long Beach-Anaheim, CA",6,California,37,Los Angeles,34.1365,-117.92391
04/18/2018,AQS,2,31.3,ppb,29,Azusa,24,100,42602,Nitrogen dioxide (NO2),74,31080,"Los Angeles-Long Beach-Anaheim, CA",6,California,37,Los Angeles,34.1365,-117.92391
04/19/2018,AQS,2,15.8,ppb,14,Azusa,24,100,42602,Nitrogen dioxide (NO2),74,31080,"Los Angeles-Long Beach-Anaheim, CA",6,California,37,Los Angeles,34.1365,-117.92391
04/20/2018,AQS,2,20.1,ppb,19,Azusa,24,100,42602,Nitrogen dioxide (NO2),74,31080,"Los Angeles-Long Beach-Anaheim, CA",6,California,37,Los Angeles,34.1365,-117.92391
04/21/2018,AQS,2,32.9,ppb,30,Azusa,24,100,42602,Nitrogen dioxide (NO2),74,31080,"Los Angeles-Long Beach-Anaheim, CA",6,California,37,Los Angeles,34.1365,-117.92391
04/22/2018,AQS,2,26.7,ppb,25,Azusa,24,100,42602,Nitrogen dioxide (NO2),74,31080,"Los Angeles-Long Beach-Anaheim, CA",6,California,37,Los Angeles,34.1365,-117.92391
04/23/2018,AQS,2,30.3,ppb,28,Azusa,24,100,42602,Nitrogen dioxide (NO2),74,31080,"Los Angeles-Long Beach-Anaheim, CA",6,California,37,Los Angeles,34.1365,-117.92391
04/24/2018,AQS,2,38.2,ppb,36,Azusa,24,100,42602,Nitrogen dioxide (NO2),74,31080,"Los Angeles-Long Beach-Anaheim, CA",6,California,37,Los Angeles,34.1365,-117.92391
04/25/2018,AQS,2,24.5,ppb,23,Azusa,24,100,42602,Nitrogen dioxide (NO2),74,31080,"Los Angeles-Long Beach-Anaheim, CA",6,California,37,Los Angeles,34.1365,-117.92391
04/26/2018,AQS,2,21.2,ppb,20,Azusa,24,100,42602,Nitrogen dioxide (NO2),74,31080,"Los Angeles-Long Beach-Anaheim, CA",6,California,37,Los Angeles,34.1365,-117.92391
04/27/2018,AQS,2,19.7,ppb,18,Azusa,24,100,42602,Nitrogen dioxide (NO2),74,31080,"Los Angeles-Long Beach-Anaheim, CA",6,California,37,Los Angeles,34.1365,-117.92391
04/28/2018,AQS,2,17.1,ppb,16,Azusa,24,100,42602,Nitrogen dioxide (NO2),74,31080,"Los Angeles-Long Beach-Anaheim, CA",6,California,37,Los Angeles,34.1365,-117.92391
04/29/2018,AQS,2,9.5,ppb,8,Azusa,24,100,42602,Nitrogen dioxide (NO2),74,31080,"Los Angeles-Long Beach-Anaheim, CA",6,California,37,Los Angeles,34.1365,-117.92391
04/30/2018,AQS,2,15.3,ppb,14,Azusa,24,100,42602,Nitrogen dioxide (NO2),74,31080,"Los Angeles-Long Beach-Anaheim, CA",6,California,37,Los Angeles,34.1365,-117.92391
05/01/2018,AQS,2,11.7,ppb,10,Azusa,24,100,42602,Nitrogen dioxide (NO2),74,31080,"Los Angeles-Long Beach-Anaheim, CA",6,California,37,Los Angeles,34.1365,-117.92391
05/02/2018,AQS,2,16.8,ppb,15,Azusa,24,100,42602,Nitrogen dioxide (NO2),74,31080,"Los Angeles-Long Beach-Anaheim, CA",6,California,37,Los Angeles,34.1365,-117.92391
05/03/2018,AQS,2,31.1,ppb,29,Azusa,24,100,42602,Nitrogen dioxide (NO2),74,31080,"Los Angeles-Long Beach-Anaheim, CA",6,California,37,Los Angeles,34.1365,-117.92391
05/04/2018,AQS,2,32.9,ppb,30,Azusa,24,100,42602,Nitrogen dioxide (NO2),74,31080,"Los Angeles-Long Beach-Anaheim, CA",6,California,37,Los Angeles,34.1365,-117.92391
05/05/2018,AQS,2,28.1,ppb,26,Azusa,24,100,42602,Nitrogen dioxide (NO2),74,31080,"Los Angeles-Long Beach-Anaheim, CA",6,California,37,Los Angeles,34.1365,-117.92391
05/06/2018,AQS,2,26.6,ppb,25,Azusa,24,100,42602,Nitrogen dioxide (NO2),74,31080,"Los Angeles-Long Beach-Anaheim, CA",6,California,37,Los Angeles,34.1365,-117.92391
05/07/2018,AQS,2,24.9,ppb,23,Azusa,24,100,42602,Nitrogen dioxide (NO2),74,31080,"Los Angeles-Long Beach-Anaheim, CA",6,California,37,Los Angeles,34.1365,-117.92391
05/08/2018,AQS,2,25.1,ppb,24,Azusa,24,100,42602,Nitrogen dioxide (NO2),74,31080,"Los Angeles-Long Beach-Anaheim, CA",6,California,37,Los Angeles,34.1365,-117.92391
05/09/2018,AQS,2,22.9,ppb,21,Azusa,19,79,42602,Nitrogen dioxide (NO2),74,31080,"Los Angeles-Long Beach-Anaheim, CA",6,California,37,Los Angeles,34.1365,-117.92391
05/10/2018,AQS,2,19.2,ppb,18,Azusa,24,100,42602,Nitrogen dioxide (NO2),74,31080,"Los Angeles-Long Beach-Anaheim, CA",6,California,37,Los Angeles,34.1365,-117.92391
05/11/2018,AQS,2,15.3,ppb,14,Azusa,24,100,42602,Nitrogen dioxide (NO2),74,31080,"Los Angeles-Long Beach-Anaheim, CA",6,California,37,Los Angeles,34.1365,-117.92391
05/12/2018,AQS,2,9.2,ppb,8,Azusa,24,100,42602,Nitrogen dioxide (NO2),74,31080,"Los Angeles-Long Beach-Anaheim, CA",6,California,37,Los Angeles,34.1365,-117.92391
05/13/2018,AQS,2,7.7,ppb,7,Azusa,24,100,42602,Nitrogen dioxide (NO2),74,31080,"Los Angeles-Long Beach-Anaheim, CA",6,California,37,Los Angeles,34.1365,-117.92391
05/14/2018,AQS,2,12.8,ppb,11,Azusa,24,100,42602,Nitrogen dioxide (NO2),74,31080,"Los Angeles-Long Beach-Anaheim, CA",6,California,37,Los Angeles,34.1365,-117.92391
05/15/2018,AQS,2,19,ppb,18,Azusa,24,100,42602,Nitrogen dioxide (NO2),74,31080,"Los Angeles-Long Beach-Anaheim, CA",6,California,37,Los Angeles,34.1365,-117.92391
05/16/2018,AQS,2,15.8,ppb,14,Azusa,21,88,42602,Nitrogen dioxide (NO2),74,31080,"Los Angeles-Long Beach-Anaheim, CA",6,California,37,Los Angeles,34.1365,-117.92391
05/17/2018,AQS,2,11.9,ppb,10,Azusa,24,100,42602,Nitrogen dioxide (NO2),74,31080,"Los Angeles-Long Beach-Anaheim, CA",6,California,37,Los Angeles,34.1365,-117.92391
05/18/2018,AQS,2,14.3,ppb,13,Azusa,24,100,42602,Nitrogen dioxide (NO2),74,31080,"Los Angeles-Long Beach-Anaheim, CA",6,California,37,Los Angeles,34.1365,-117.92391
05/19/2018,AQS,2,10.6,ppb,9,Azusa,24,100,42602,Nitrogen dioxide (NO2),74,31080,"Los Angeles-Long Beach-Anaheim, CA",6,California,37,Los Angeles,34.1365,-117.92391
05/20/2018,AQS,2,12.7,ppb,11,Azusa,24,100,42602,Nitrogen dioxide (NO2),74,31080,"Los Angeles-Long Beach-Anaheim, CA",6,California,37,Los Angeles,34.1365,-117.92391
05/21/2018,AQS,2,19.8,ppb,18,Azusa,24,100,42602,Nitrogen dioxide (NO2),74,31080,"Los Angeles-Long Beach-Anaheim, CA",6,California,37,Los Angeles,34.1365,-117.92391
05/22/2018,AQS,2,18.1,ppb,17,Azusa,24,100,42602,Nitrogen dioxide (NO2),74,31080,"Los Angeles-Long Beach-Anaheim, CA",6,California,37,Los Angeles,34.1365,-117.92391
05/23/2018,AQS,2,22.6,ppb,21,Azusa,24,100,42602,Nitrogen dioxide (NO2),74,31080,"Los Angeles-Long Beach-Anaheim, CA",6,California,37,Los Angeles,34.1365,-117.92391
05/24/2018,AQS,2,17.2,ppb,16,Azusa,24,100,42602,Nitrogen dioxide (NO2),74,31080,"Los Angeles-Long Beach-Anaheim, CA",6,California,37,Los Angeles,34.1365,-117.92391
05/25/2018,AQS,2,16.4,ppb,15,Azusa,24,100,42602,Nitrogen dioxide (NO2),74,31080,"Los Angeles-Long Beach-Anaheim, CA",6,California,37,Los Angeles,34.1365,-117.92391
05/26/2018,AQS,2,11.5,ppb,10,Azusa,24,100,42602,Nitrogen dioxide (NO2),74,31080,"Los Angeles-Long Beach-Anaheim, CA",6,California,37,Los Angeles,34.1365,-117.92391
05/27/2018,AQS,2,11.6,ppb,10,Azusa,24,100,42602,Nitrogen dioxide (NO2),74,31080,"Los Angeles-Long Beach-Anaheim, CA",6,California,37,Los Angeles,34.1365,-117.92391
05/28/2018,AQS,2,16,ppb,15,Azusa,24,100,42602,Nitrogen dioxide (NO2),74,31080,"Los Angeles-Long Beach-Anaheim, CA",6,California,37,Los Angeles,34.1365,-117.92391
05/29/2018,AQS,2,18.9,ppb,17,Azusa,24,100,42602,Nitrogen dioxide (NO2),74,31080,"Los Angeles-Long Beach-Anaheim, CA",6,California,37,Los Angeles,34.1365,-117.92391
05/30/2018,AQS,2,17.2,ppb,16,Azusa,24,100,42602,Nitrogen dioxide (NO2),74,31080,"Los Angeles-Long Beach-Anaheim, CA",6,California,37,Los Angeles,34.1365,-117.92391
05/31/2018,AQS,2,11.3,ppb,10,Azusa,24,100,42602,Nitrogen dioxide (NO2),74,31080,"Los Angeles-Long Beach-Anaheim, CA",6,California,37,Los Angeles,34.1365,-117.92391
06/01/2018,AQS,2,29,ppb,27,Azusa,24,100,42602,Nitrogen dioxide (NO2),74,31080,"Los Angeles-Long Beach-Anaheim, CA",6,California,37,Los Angeles,34.1365,-117.92391
06/02/2018,AQS,2,24.8,ppb,23,Azusa,24,100,42602,Nitrogen dioxide (NO2),74,31080,"Los Angeles-Long Beach-Anaheim, CA",6,California,37,Los Angeles,34.1365,-117.92391
06/03/2018,AQS,2,17.2,ppb,16,Azusa,24,100,42602,Nitrogen dioxide (NO2),74,31080,"Los Angeles-Long Beach-Anaheim, CA",6,California,37,Los Angeles,34.1365,-117.92391
06/04/2018,AQS,2,22,ppb,21,Azusa,24,100,42602,Nitrogen dioxide (NO2),74,31080,"Los Angeles-Long Beach-Anaheim, CA",6,California,37,Los Angeles,34.1365,-117.92391
06/05/2018,AQS,2,14.4,ppb,13,Azusa,24,100,42602,Nitrogen dioxide (NO2),74,31080,"Los Angeles-Long Beach-Anaheim, CA",6,California,37,Los Angeles,34.1365,-117.92391
06/06/2018,AQS,2,14.1,ppb,13,Azusa,24,100,42602,Nitrogen dioxide (NO2),74,31080,"Los Angeles-Long Beach-Anaheim, CA",6,California,37,Los Angeles,34.1365,-117.92391
06/07/2018,AQS,2,21.8,ppb,20,Azusa,24,100,42602,Nitrogen dioxide (NO2),74,31080,"Los Angeles-Long Beach-Anaheim, CA",6,California,37,Los Angeles,34.1365,-117.92391
06/08/2018,AQS,2,26.7,ppb,25,Azusa,24,100,42602,Nitrogen dioxide (NO2),74,31080,"Los Angeles-Long Beach-Anaheim, CA",6,California,37,Los Angeles,34.1365,-117.92391
06/09/2018,AQS,2,20.3,ppb,19,Azusa,24,100,42602,Nitrogen dioxide (NO2),74,31080,"Los Angeles-Long Beach-Anaheim, CA",6,California,37,Los Angeles,34.1365,-117.92391
06/10/2018,AQS,2,12.3,ppb,11,Azusa,24,100,42602,Nitrogen dioxide (NO2),74,31080,"Los Angeles-Long Beach-Anaheim, CA",6,California,37,Los Angeles,34.1365,-117.92391
06/11/2018,AQS,2,27.6,ppb,25,Azusa,24,100,42602,Nitrogen dioxide (NO2),74,31080,"Los Angeles-Long Beach-Anaheim, CA",6,California,37,Los Angeles,34.1365,-117.92391
06/12/2018,AQS,2,30.2,ppb,28,Azusa,24,100,42602,Nitrogen dioxide (NO2),74,31080,"Los Angeles-Long Beach-Anaheim, CA",6,California,37,Los Angeles,34.1365,-117.92391
06/13/2018,AQS,2,25.4,ppb,24,Azusa,24,100,42602,Nitrogen dioxide (NO2),74,31080,"Los Angeles-Long Beach-Anaheim, CA",6,California,37,Los Angeles,34.1365,-117.92391
06/14/2018,AQS,2,24.8,ppb,23,Azusa,24,100,42602,Nitrogen dioxide (NO2),74,31080,"Los Angeles-Long Beach-Anaheim, CA",6,California,37,Los Angeles,34.1365,-117.92391
06/15/2018,AQS,2,23.1,ppb,22,Azusa,24,100,42602,Nitrogen dioxide (NO2),74,31080,"Los Angeles-Long Beach-Anaheim, CA",6,California,37,Los Angeles,34.1365,-117.92391
06/16/2018,AQS,2,13.3,ppb,12,Azusa,24,100,42602,Nitrogen dioxide (NO2),74,31080,"Los Angeles-Long Beach-Anaheim, CA",6,California,37,Los Angeles,34.1365,-117.92391
06/17/2018,AQS,2,8.8,ppb,8,Azusa,24,100,42602,Nitrogen dioxide (NO2),74,31080,"Los Angeles-Long Beach-Anaheim, CA",6,California,37,Los Angeles,34.1365,-117.92391
06/18/2018,AQS,2,15.4,ppb,14,Azusa,24,100,42602,Nitrogen dioxide (NO2),74,31080,"Los Angeles-Long Beach-Anaheim, CA",6,California,37,Los Angeles,34.1365,-117.92391
06/19/2018,AQS,2,18.8,ppb,17,Azusa,24,100,42602,Nitrogen dioxide (NO2),74,31080,"Los Angeles-Long Beach-Anaheim, CA",6,California,37,Los Angeles,34.1365,-117.92391
06/20/2018,AQS,2,16.7,ppb,15,Azusa,24,100,42602,Nitrogen dioxide (NO2),74,31080,"Los Angeles-Long Beach-Anaheim, CA",6,California,37,Los Angeles,34.1365,-117.92391
06/21/2018,AQS,2,19.1,ppb,18,Azusa,24,100,42602,Nitrogen dioxide (NO2),74,31080,"Los Angeles-Long Beach-Anaheim, CA",6,California,37,Los Angeles,34.1365,-117.92391
06/22/2018,AQS,2,16.5,ppb,15,Azusa,24,100,42602,Nitrogen dioxide (NO2),74,31080,"Los Angeles-Long Beach-Anaheim, CA",6,California,37,Los Angeles,34.1365,-117.92391
06/23/2018,AQS,2,13,ppb,12,Azusa,24,100,42602,Nitrogen dioxide (NO2),74,31080,"Los Angeles-Long Beach-Anaheim, CA",6,California,37,Los Angeles,34.1365,-117.92391
06/24/2018,AQS,2,10.8,ppb,9,Azusa,21,88,42602,Nitrogen dioxide (NO2),74,31080,"Los Angeles-Long Beach-Anaheim, CA",6,California,37,Los Angeles,34.1365,-117.92391
06/25/2018,AQS,2,17.4,ppb,16,Azusa,24,100,42602,Nitrogen dioxide (NO2),74,31080,"Los Angeles-Long Beach-Anaheim, CA",6,California,37,Los Angeles,34.1365,-117.92391
06/26/2018,AQS,2,23.2,ppb,22,Azusa,24,100,42602,Nitrogen dioxide (NO2),74,31080,"Los Angeles-Long Beach-Anaheim, CA",6,California,37,Los Angeles,34.1365,-117.92391
06/27/2018,AQS,2,22,ppb,21,Azusa,24,100,42602,Nitrogen dioxide (NO2),74,31080,"Los Angeles-Long Beach-Anaheim, CA",6,California,37,Los Angeles,34.1365,-117.92391
06/28/2018,AQS,2,18.4,ppb,17,Azusa,24,100,42602,Nitrogen dioxide (NO2),74,31080,"Los Angeles-Long Beach-Anaheim, CA",6,California,37,Los Angeles,34.1365,-117.92391
06/29/2018,AQS,2,11.2,ppb,10,Azusa,24,100,42602,Nitrogen dioxide (NO2),74,31080,"Los Angeles-Long Beach-Anaheim, CA",6,California,37,Los Angeles,34.1365,-117.92391
06/30/2018,AQS,2,10.5,ppb,9,Azusa,24,100,42602,Nitrogen dioxide (NO2),74,31080,"Los Angeles-Long Beach-Anaheim, CA",6,California,37,Los Angeles,34.1365,-117.92391
07/01/2018,AQS,2,10.7,ppb,9,Azusa,24,100,42602,Nitrogen dioxide (NO2),74,31080,"Los Angeles-Long Beach-Anaheim, CA",6,California,37,Los Angeles,34.1365,-117.92391
07/02/2018,AQS,2,14.3,ppb,13,Azusa,24,100,42602,Nitrogen dioxide (NO2),74,31080,"Los Angeles-Long Beach-Anaheim, CA",6,California,37,Los Angeles,34.1365,-117.92391
07/03/2018,AQS,2,18.6,ppb,17,Azusa,24,100,42602,Nitrogen dioxide (NO2),74,31080,"Los Angeles-Long Beach-Anaheim, CA",6,California,37,Los Angeles,34.1365,-117.92391
07/04/2018,AQS,2,18.4,ppb,17,Azusa,24,100,42602,Nitrogen dioxide (NO2),74,31080,"Los Angeles-Long Beach-Anaheim, CA",6,California,37,Los Angeles,34.1365,-117.92391
07/05/2018,AQS,2,30.8,ppb,28,Azusa,24,100,42602,Nitrogen dioxide (NO2),74,31080,"Los Angeles-Long Beach-Anaheim, CA",6,California,37,Los Angeles,34.1365,-117.92391
07/06/2018,AQS,2,49.9,ppb,46,Azusa,24,100,42602,Nitrogen dioxide (NO2),74,31080,"Los Angeles-Long Beach-Anaheim, CA",6,California,37,Los Angeles,34.1365,-117.92391
07/07/2018,AQS,2,32.2,ppb,30,Azusa,24,100,42602,Nitrogen dioxide (NO2),74,31080,"Los Angeles-Long Beach-Anaheim, CA",6,California,37,Los Angeles,34.1365,-117.92391
07/08/2018,AQS,2,11.5,ppb,10,Azusa,24,100,42602,Nitrogen dioxide (NO2),74,31080,"Los Angeles-Long Beach-Anaheim, CA",6,California,37,Los Angeles,34.1365,-117.92391
07/09/2018,AQS,2,29.1,ppb,27,Azusa,24,100,42602,Nitrogen dioxide (NO2),74,31080,"Los Angeles-Long Beach-Anaheim, CA",6,California,37,Los Angeles,34.1365,-117.92391
07/14/2018,AQS,2,20.6,ppb,19,Azusa,24,100,42602,Nitrogen dioxide (NO2),74,31080,"Los Angeles-Long Beach-Anaheim, CA",6,California,37,Los Angeles,34.1365,-117.92391
07/15/2018,AQS,2,17.9,ppb,16,Azusa,24,100,42602,Nitrogen dioxide (NO2),74,31080,"Los Angeles-Long Beach-Anaheim, CA",6,California,37,Los Angeles,34.1365,-117.92391
07/16/2018,AQS,2,15.6,ppb,14,Azusa,24,100,42602,Nitrogen dioxide (NO2),74,31080,"Los Angeles-Long Beach-Anaheim, CA",6,California,37,Los Angeles,34.1365,-117.92391
07/17/2018,AQS,2,18.1,ppb,17,Azusa,24,100,42602,Nitrogen dioxide (NO2),74,31080,"Los Angeles-Long Beach-Anaheim, CA",6,California,37,Los Angeles,34.1365,-117.92391
07/18/2018,AQS,2,21.1,ppb,20,Azusa,24,100,42602,Nitrogen dioxide (NO2),74,31080,"Los Angeles-Long Beach-Anaheim, CA",6,California,37,Los Angeles,34.1365,-117.92391
07/19/2018,AQS,2,19.4,ppb,18,Azusa,24,100,42602,Nitrogen dioxide (NO2),74,31080,"Los Angeles-Long Beach-Anaheim, CA",6,California,37,Los Angeles,34.1365,-117.92391
07/20/2018,AQS,2,26.8,ppb,25,Azusa,24,100,42602,Nitrogen dioxide (NO2),74,31080,"Los Angeles-Long Beach-Anaheim, CA",6,California,37,Los Angeles,34.1365,-117.92391
07/21/2018,AQS,2,11.5,ppb,10,Azusa,24,100,42602,Nitrogen dioxide (NO2),74,31080,"Los Angeles-Long Beach-Anaheim, CA",6,California,37,Los Angeles,34.1365,-117.92391
07/22/2018,AQS,2,15.7,ppb,14,Azusa,24,100,42602,Nitrogen dioxide (NO2),74,31080,"Los Angeles-Long Beach-Anaheim, CA",6,California,37,Los Angeles,34.1365,-117.92391
07/23/2018,AQS,2,27.2,ppb,25,Azusa,24,100,42602,Nitrogen dioxide (NO2),74,31080,"Los Angeles-Long Beach-Anaheim, CA",6,California,37,Los Angeles,34.1365,-117.92391
07/24/2018,AQS,2,26.8,ppb,25,Azusa,24,100,42602,Nitrogen dioxide (NO2),74,31080,"Los Angeles-Long Beach-Anaheim, CA",6,California,37,Los Angeles,34.1365,-117.92391
07/25/2018,AQS,2,20.3,ppb,19,Azusa,24,100,42602,Nitrogen dioxide (NO2),74,31080,"Los Angeles-Long Beach-Anaheim, CA",6,California,37,Los Angeles,34.1365,-117.92391
07/26/2018,AQS,2,23.5,ppb,22,Azusa,24,100,42602,Nitrogen dioxide (NO2),74,31080,"Los Angeles-Long Beach-Anaheim, CA",6,California,37,Los Angeles,34.1365,-117.92391
07/27/2018,AQS,2,25.5,ppb,24,Azusa,24,100,42602,Nitrogen dioxide (NO2),74,31080,"Los Angeles-Long Beach-Anaheim, CA",6,California,37,Los Angeles,34.1365,-117.92391
07/28/2018,AQS,2,12.1,ppb,11,Azusa,24,100,42602,Nitrogen dioxide (NO2),74,31080,"Los Angeles-Long Beach-Anaheim, CA",6,California,37,Los Angeles,34.1365,-117.92391
07/29/2018,AQS,2,14.5,ppb,13,Azusa,24,100,42602,Nitrogen dioxide (NO2),74,31080,"Los Angeles-Long Beach-Anaheim, CA",6,California,37,Los Angeles,34.1365,-117.92391
07/30/2018,AQS,2,26.9,ppb,25,Azusa,24,100,42602,Nitrogen dioxide (NO2),74,31080,"Los Angeles-Long Beach-Anaheim, CA",6,California,37,Los Angeles,34.1365,-117.92391
07/31/2018,AQS,2,29.8,ppb,27,Azusa,24,100,42602,Nitrogen dioxide (NO2),74,31080,"Los Angeles-Long Beach-Anaheim, CA",6,California,37,Los Angeles,34.1365,-117.92391
08/01/2018,AQS,2,26.8,ppb,25,Azusa,24,100,42602,Nitrogen dioxide (NO2),74,31080,"Los Angeles-Long Beach-Anaheim, CA",6,California,37,Los Angeles,34.1365,-117.92391
08/02/2018,AQS,2,27.9,ppb,25,Azusa,24,100,42602,Nitrogen dioxide (NO2),74,31080,"Los Angeles-Long Beach-Anaheim, CA",6,California,37,Los Angeles,34.1365,-117.92391
08/03/2018,AQS,2,30.6,ppb,28,Azusa,24,100,42602,Nitrogen dioxide (NO2),74,31080,"Los Angeles-Long Beach-Anaheim, CA",6,California,37,Los Angeles,34.1365,-117.92391
08/04/2018,AQS,2,29.9,ppb,27,Azusa,24,100,42602,Nitrogen dioxide (NO2),74,31080,"Los Angeles-Long Beach-Anaheim, CA",6,California,37,Los Angeles,34.1365,-117.92391
08/05/2018,AQS,2,23.1,ppb,22,Azusa,24,100,42602,Nitrogen dioxide (NO2),74,31080,"Los Angeles-Long Beach-Anaheim, CA",6,California,37,Los Angeles,34.1365,-117.92391
08/06/2018,AQS,2,39.9,ppb,37,Azusa,24,100,42602,Nitrogen dioxide (NO2),74,31080,"Los Angeles-Long Beach-Anaheim, CA",6,California,37,Los Angeles,34.1365,-117.92391
08/07/2018,AQS,2,45.2,ppb,42,Azusa,24,100,42602,Nitrogen dioxide (NO2),74,31080,"Los Angeles-Long Beach-Anaheim, CA",6,California,37,Los Angeles,34.1365,-117.92391
08/08/2018,AQS,2,29.3,ppb,27,Azusa,24,100,42602,Nitrogen dioxide (NO2),74,31080,"Los Angeles-Long Beach-Anaheim, CA",6,California,37,Los Angeles,34.1365,-117.92391
08/09/2018,AQS,2,28.5,ppb,26,Azusa,24,100,42602,Nitrogen dioxide (NO2),74,31080,"Los Angeles-Long Beach-Anaheim, CA",6,California,37,Los Angeles,34.1365,-117.92391
08/10/2018,AQS,2,34.4,ppb,32,Azusa,24,100,42602,Nitrogen dioxide (NO2),74,31080,"Los Angeles-Long Beach-Anaheim, CA",6,California,37,Los Angeles,34.1365,-117.92391
08/11/2018,AQS,2,13.6,ppb,12,Azusa,24,100,42602,Nitrogen dioxide (NO2),74,31080,"Los Angeles-Long Beach-Anaheim, CA",6,California,37,Los Angeles,34.1365,-117.92391
08/12/2018,AQS,2,17,ppb,16,Azusa,24,100,42602,Nitrogen dioxide (NO2),74,31080,"Los Angeles-Long Beach-Anaheim, CA",6,California,37,Los Angeles,34.1365,-117.92391
08/13/2018,AQS,2,21,ppb,20,Azusa,24,100,42602,Nitrogen dioxide (NO2),74,31080,"Los Angeles-Long Beach-Anaheim, CA",6,California,37,Los Angeles,34.1365,-117.92391
08/14/2018,AQS,2,20.7,ppb,19,Azusa,24,100,42602,Nitrogen dioxide (NO2),74,31080,"Los Angeles-Long Beach-Anaheim, CA",6,California,37,Los Angeles,34.1365,-117.92391
08/15/2018,AQS,2,15.8,ppb,14,Azusa,24,100,42602,Nitrogen dioxide (NO2),74,31080,"Los Angeles-Long Beach-Anaheim, CA",6,California,37,Los Angeles,34.1365,-117.92391
08/16/2018,AQS,2,15.9,ppb,14,Azusa,24,100,42602,Nitrogen dioxide (NO2),74,31080,"Los Angeles-Long Beach-Anaheim, CA",6,California,37,Los Angeles,34.1365,-117.92391
08/17/2018,AQS,2,18.6,ppb,17,Azusa,24,100,42602,Nitrogen dioxide (NO2),74,31080,"Los Angeles-Long Beach-Anaheim, CA",6,California,37,Los Angeles,34.1365,-117.92391
08/18/2018,AQS,2,17,ppb,16,Azusa,24,100,42602,Nitrogen dioxide (NO2),74,31080,"Los Angeles-Long Beach-Anaheim, CA",6,California,37,Los Angeles,34.1365,-117.92391
08/19/2018,AQS,2,13.3,ppb,12,Azusa,24,100,42602,Nitrogen dioxide (NO2),74,31080,"Los Angeles-Long Beach-Anaheim, CA",6,California,37,Los Angeles,34.1365,-117.92391
08/20/2018,AQS,2,14.8,ppb,13,Azusa,24,100,42602,Nitrogen dioxide (NO2),74,31080,"Los Angeles-Long Beach-Anaheim, CA",6,California,37,Los Angeles,34.1365,-117.92391
08/21/2018,AQS,2,16.6,ppb,15,Azusa,23,96,42602,Nitrogen dioxide (NO2),74,31080,"Los Angeles-Long Beach-Anaheim, CA",6,California,37,Los Angeles,34.1365,-117.92391
08/22/2018,AQS,2,16.3,ppb,15,Azusa,24,100,42602,Nitrogen dioxide (NO2),74,31080,"Los Angeles-Long Beach-Anaheim, CA",6,California,37,Los Angeles,34.1365,-117.92391
08/23/2018,AQS,2,19,ppb,18,Azusa,24,100,42602,Nitrogen dioxide (NO2),74,31080,"Los Angeles-Long Beach-Anaheim, CA",6,California,37,Los Angeles,34.1365,-117.92391
08/24/2018,AQS,2,20.3,ppb,19,Azusa,24,100,42602,Nitrogen dioxide (NO2),74,31080,"Los Angeles-Long Beach-Anaheim, CA",6,California,37,Los Angeles,34.1365,-117.92391
08/25/2018,AQS,2,13.5,ppb,12,Azusa,24,100,42602,Nitrogen dioxide (NO2),74,31080,"Los Angeles-Long Beach-Anaheim, CA",6,California,37,Los Angeles,34.1365,-117.92391
08/26/2018,AQS,2,11.6,ppb,10,Azusa,24,100,42602,Nitrogen dioxide (NO2),74,31080,"Los Angeles-Long Beach-Anaheim, CA",6,California,37,Los Angeles,34.1365,-117.92391
08/27/2018,AQS,2,19.5,ppb,18,Azusa,24,100,42602,Nitrogen dioxide (NO2),74,31080,"Los Angeles-Long Beach-Anaheim, CA",6,California,37,Los Angeles,34.1365,-117.92391
08/28/2018,AQS,2,24.9,ppb,23,Azusa,20,83,42602,Nitrogen dioxide (NO2),74,31080,"Los Angeles-Long Beach-Anaheim, CA",6,California,37,Los Angeles,34.1365,-117.92391
08/29/2018,AQS,2,30.6,ppb,28,Azusa,21,88,42602,Nitrogen dioxide (NO2),74,31080,"Los Angeles-Long Beach-Anaheim, CA",6,California,37,Los Angeles,34.1365,-117.92391
08/30/2018,AQS,2,30.5,ppb,28,Azusa,24,100,42602,Nitrogen dioxide (NO2),74,31080,"Los Angeles-Long Beach-Anaheim, CA",6,California,37,Los Angeles,34.1365,-117.92391
08/31/2018,AQS,2,30.5,ppb,28,Azusa,24,100,42602,Nitrogen dioxide (NO2),74,31080,"Los Angeles-Long Beach-Anaheim, CA",6,California,37,Los Angeles,34.1365,-117.92391
09/01/2018,AQS,2,19.6,ppb,18,Azusa,24,100,42602,Nitrogen dioxide (NO2),74,31080,"Los Angeles-Long Beach-Anaheim, CA",6,California,37,Los Angeles,34.1365,-117.92391
09/02/2018,AQS,2,7.5,ppb,7,Azusa,24,100,42602,Nitrogen dioxide (NO2),74,31080,"Los Angeles-Long Beach-Anaheim, CA",6,California,37,Los Angeles,34.1365,-117.92391
09/03/2018,AQS,2,9.6,ppb,8,Azusa,24,100,42602,Nitrogen dioxide (NO2),74,31080,"Los Angeles-Long Beach-Anaheim, CA",6,California,37,Los Angeles,34.1365,-117.92391
09/04/2018,AQS,2,14.2,ppb,13,Azusa,21,88,42602,Nitrogen dioxide (NO2),74,31080,"Los Angeles-Long Beach-Anaheim, CA",6,California,37,Los Angeles,34.1365,-117.92391
09/05/2018,AQS,2,17.1,ppb,16,Azusa,24,100,42602,Nitrogen dioxide (NO2),74,31080,"Los Angeles-Long Beach-Anaheim, CA",6,California,37,Los Angeles,34.1365,-117.92391
09/06/2018,AQS,2,22.2,ppb,21,Azusa,24,100,42602,Nitrogen dioxide (NO2),74,31080,"Los Angeles-Long Beach-Anaheim, CA",6,California,37,Los Angeles,34.1365,-117.92391
09/07/2018,AQS,2,35.1,ppb,33,Azusa,24,100,42602,Nitrogen dioxide (NO2),74,31080,"Los Angeles-Long Beach-Anaheim, CA",6,California,37,Los Angeles,34.1365,-117.92391
09/08/2018,AQS,2,34.7,ppb,32,Azusa,24,100,42602,Nitrogen dioxide (NO2),74,31080,"Los Angeles-Long Beach-Anaheim, CA",6,California,37,Los Angeles,34.1365,-117.92391
09/09/2018,AQS,2,26.1,ppb,25,Azusa,24,100,42602,Nitrogen dioxide (NO2),74,31080,"Los Angeles-Long Beach-Anaheim, CA",6,California,37,Los Angeles,34.1365,-117.92391
09/10/2018,AQS,2,19.5,ppb,18,Azusa,24,100,42602,Nitrogen dioxide (NO2),74,31080,"Los Angeles-Long Beach-Anaheim, CA",6,California,37,Los Angeles,34.1365,-117.92391
09/14/2018,AQS,2,46.4,ppb,43,Azusa,21,88,42602,Nitrogen dioxide (NO2),74,31080,"Los Angeles-Long Beach-Anaheim, CA",6,California,37,Los Angeles,34.1365,-117.92391
09/15/2018,AQS,2,32.4,ppb,30,Azusa,24,100,42602,Nitrogen dioxide (NO2),74,31080,"Los Angeles-Long Beach-Anaheim, CA",6,California,37,Los Angeles,34.1365,-117.92391
09/16/2018,AQS,2,28.3,ppb,26,Azusa,24,100,42602,Nitrogen dioxide (NO2),74,31080,"Los Angeles-Long Beach-Anaheim, CA",6,California,37,Los Angeles,34.1365,-117.92391
09/17/2018,AQS,2,41.1,ppb,39,Azusa,24,100,42602,Nitrogen dioxide (NO2),74,31080,"Los Angeles-Long Beach-Anaheim, CA",6,California,37,Los Angeles,34.1365,-117.92391
09/18/2018,AQS,2,48.4,ppb,45,Azusa,21,88,42602,Nitrogen dioxide (NO2),74,31080,"Los Angeles-Long Beach-Anaheim, CA",6,California,37,Los Angeles,34.1365,-117.92391
09/19/2018,AQS,2,33,ppb,31,Azusa,19,79,42602,Nitrogen dioxide (NO2),74,31080,"Los Angeles-Long Beach-Anaheim, CA",6,California,37,Los Angeles,34.1365,-117.92391
09/20/2018,AQS,2,31.8,ppb,29,Azusa,18,75,42602,Nitrogen dioxide (NO2),74,31080,"Los Angeles-Long Beach-Anaheim, CA",6,California,37,Los Angeles,34.1365,-117.92391
09/21/2018,AQS,2,27.7,ppb,25,Azusa,24,100,42602,Nitrogen dioxide (NO2),74,31080,"Los Angeles-Long Beach-Anaheim, CA",6,California,37,Los Angeles,34.1365,-117.92391
09/22/2018,AQS,2,26.7,ppb,25,Azusa,24,100,42602,Nitrogen dioxide (NO2),74,31080,"Los Angeles-Long Beach-Anaheim, CA",6,California,37,Los Angeles,34.1365,-117.92391
09/23/2018,AQS,2,26.5,ppb,25,Azusa,24,100,42602,Nitrogen dioxide (NO2),74,31080,"Los Angeles-Long Beach-Anaheim, CA",6,California,37,Los Angeles,34.1365,-117.92391
09/24/2018,AQS,2,19.2,ppb,18,Azusa,24,100,42602,Nitrogen dioxide (NO2),74,31080,"Los Angeles-Long Beach-Anaheim, CA",6,California,37,Los Angeles,34.1365,-117.92391
09/25/2018,AQS,2,23.7,ppb,22,Azusa,24,100,42602,Nitrogen dioxide (NO2),74,31080,"Los Angeles-Long Beach-Anaheim, CA",6,California,37,Los Angeles,34.1365,-117.92391
09/26/2018,AQS,2,30.3,ppb,28,Azusa,24,100,42602,Nitrogen dioxide (NO2),74,31080,"Los Angeles-Long Beach-Anaheim, CA",6,California,37,Los Angeles,34.1365,-117.92391
09/27/2018,AQS,2,42,ppb,40,Azusa,23,96,42602,Nitrogen dioxide (NO2),74,31080,"Los Angeles-Long Beach-Anaheim, CA",6,California,37,Los Angeles,34.1365,-117.92391
09/28/2018,AQS,2,27.2,ppb,25,Azusa,19,79,42602,Nitrogen dioxide (NO2),74,31080,"Los Angeles-Long Beach-Anaheim, CA",6,California,37,Los Angeles,34.1365,-117.92391
09/29/2018,AQS,2,19.2,ppb,18,Azusa,24,100,42602,Nitrogen dioxide (NO2),74,31080,"Los Angeles-Long Beach-Anaheim, CA",6,California,37,Los Angeles,34.1365,-117.92391
09/30/2018,AQS,2,25.6,ppb,24,Azusa,24,100,42602,Nitrogen dioxide (NO2),74,31080,"Los Angeles-Long Beach-Anaheim, CA",6,California,37,Los Angeles,34.1365,-117.92391
10/01/2018,AQS,2,31.2,ppb,29,Azusa,24,100,42602,Nitrogen dioxide (NO2),74,31080,"Los Angeles-Long Beach-Anaheim, CA",6,California,37,Los Angeles,34.1365,-117.92391
10/02/2018,AQS,2,33.4,ppb,31,Azusa,24,100,42602,Nitrogen dioxide (NO2),74,31080,"Los Angeles-Long Beach-Anaheim, CA",6,California,37,Los Angeles,34.1365,-117.92391
10/03/2018,AQS,2,19.5,ppb,18,Azusa,24,100,42602,Nitrogen dioxide (NO2),74,31080,"Los Angeles-Long Beach-Anaheim, CA",6,California,37,Los Angeles,34.1365,-117.92391
10/04/2018,AQS,2,17.3,ppb,16,Azusa,24,100,42602,Nitrogen dioxide (NO2),74,31080,"Los Angeles-Long Beach-Anaheim, CA",6,California,37,Los Angeles,34.1365,-117.92391
10/05/2018,AQS,2,20.3,ppb,19,Azusa,24,100,42602,Nitrogen dioxide (NO2),74,31080,"Los Angeles-Long Beach-Anaheim, CA",6,California,37,Los Angeles,34.1365,-117.92391
10/06/2018,AQS,2,21.3,ppb,20,Azusa,24,100,42602,Nitrogen dioxide (NO2),74,31080,"Los Angeles-Long Beach-Anaheim, CA",6,California,37,Los Angeles,34.1365,-117.92391
10/07/2018,AQS,2,9.5,ppb,8,Azusa,24,100,42602,Nitrogen dioxide (NO2),74,31080,"Los Angeles-Long Beach-Anaheim, CA",6,California,37,Los Angeles,34.1365,-117.92391
10/08/2018,AQS,2,20.8,ppb,19,Azusa,24,100,42602,Nitrogen dioxide (NO2),74,31080,"Los Angeles-Long Beach-Anaheim, CA",6,California,37,Los Angeles,34.1365,-117.92391
10/09/2018,AQS,2,17.2,ppb,16,Azusa,24,100,42602,Nitrogen dioxide (NO2),74,31080,"Los Angeles-Long Beach-Anaheim, CA",6,California,37,Los Angeles,34.1365,-117.92391
10/10/2018,AQS,2,14,ppb,13,Azusa,24,100,42602,Nitrogen dioxide (NO2),74,31080,"Los Angeles-Long Beach-Anaheim, CA",6,California,37,Los Angeles,34.1365,-117.92391
10/11/2018,AQS,2,17.8,ppb,16,Azusa,24,100,42602,Nitrogen dioxide (NO2),74,31080,"Los Angeles-Long Beach-Anaheim, CA",6,California,37,Los Angeles,34.1365,-117.92391
10/12/2018,AQS,2,31.3,ppb,29,Azusa,24,100,42602,Nitrogen dioxide (NO2),74,31080,"Los Angeles-Long Beach-Anaheim, CA",6,California,37,Los Angeles,34.1365,-117.92391
10/13/2018,AQS,2,14.8,ppb,13,Azusa,24,100,42602,Nitrogen dioxide (NO2),74,31080,"Los Angeles-Long Beach-Anaheim, CA",6,California,37,Los Angeles,34.1365,-117.92391
10/14/2018,AQS,2,15.7,ppb,14,Azusa,24,100,42602,Nitrogen dioxide (NO2),74,31080,"Los Angeles-Long Beach-Anaheim, CA",6,California,37,Los Angeles,34.1365,-117.92391
10/15/2018,AQS,2,16.1,ppb,15,Azusa,24,100,42602,Nitrogen dioxide (NO2),74,31080,"Los Angeles-Long Beach-Anaheim, CA",6,California,37,Los Angeles,34.1365,-117.92391
10/16/2018,AQS,2,38.9,ppb,36,Azusa,24,100,42602,Nitrogen dioxide (NO2),74,31080,"Los Angeles-Long Beach-Anaheim, CA",6,California,37,Los Angeles,34.1365,-117.92391
10/17/2018,AQS,2,33.1,ppb,31,Azusa,24,100,42602,Nitrogen dioxide (NO2),74,31080,"Los Angeles-Long Beach-Anaheim, CA",6,California,37,Los Angeles,34.1365,-117.92391
10/18/2018,AQS,2,22.5,ppb,21,Azusa,24,100,42602,Nitrogen dioxide (NO2),74,31080,"Los Angeles-Long Beach-Anaheim, CA",6,California,37,Los Angeles,34.1365,-117.92391
10/19/2018,AQS,2,37.5,ppb,35,Azusa,24,100,42602,Nitrogen dioxide (NO2),74,31080,"Los Angeles-Long Beach-Anaheim, CA",6,California,37,Los Angeles,34.1365,-117.92391
10/20/2018,AQS,2,26.7,ppb,25,Azusa,24,100,42602,Nitrogen dioxide (NO2),74,31080,"Los Angeles-Long Beach-Anaheim, CA",6,California,37,Los Angeles,34.1365,-117.92391
10/21/2018,AQS,2,28.7,ppb,26,Azusa,24,100,42602,Nitrogen dioxide (NO2),74,31080,"Los Angeles-Long Beach-Anaheim, CA",6,California,37,Los Angeles,34.1365,-117.92391
10/22/2018,AQS,2,25.1,ppb,24,Azusa,24,100,42602,Nitrogen dioxide (NO2),74,31080,"Los Angeles-Long Beach-Anaheim, CA",6,California,37,Los Angeles,34.1365,-117.92391
10/23/2018,AQS,2,29.8,ppb,27,Azusa,24,100,42602,Nitrogen dioxide (NO2),74,31080,"Los Angeles-Long Beach-Anaheim, CA",6,California,37,Los Angeles,34.1365,-117.92391
10/24/2018,AQS,2,37.3,ppb,35,Azusa,24,100,42602,Nitrogen dioxide (NO2),74,31080,"Los Angeles-Long Beach-Anaheim, CA",6,California,37,Los Angeles,34.1365,-117.92391
10/25/2018,AQS,2,46,ppb,43,Azusa,24,100,42602,Nitrogen dioxide (NO2),74,31080,"Los Angeles-Long Beach-Anaheim, CA",6,California,37,Los Angeles,34.1365,-117.92391
10/26/2018,AQS,2,62.5,ppb,60,Azusa,24,100,42602,Nitrogen dioxide (NO2),74,31080,"Los Angeles-Long Beach-Anaheim, CA",6,California,37,Los Angeles,34.1365,-117.92391
10/27/2018,AQS,2,50.7,ppb,47,Azusa,24,100,42602,Nitrogen dioxide (NO2),74,31080,"Los Angeles-Long Beach-Anaheim, CA",6,California,37,Los Angeles,34.1365,-117.92391
10/28/2018,AQS,2,34.8,ppb,32,Azusa,24,100,42602,Nitrogen dioxide (NO2),74,31080,"Los Angeles-Long Beach-Anaheim, CA",6,California,37,Los Angeles,34.1365,-117.92391
10/29/2018,AQS,2,44.9,ppb,42,Azusa,24,100,42602,Nitrogen dioxide (NO2),74,31080,"Los Angeles-Long Beach-Anaheim, CA",6,California,37,Los Angeles,34.1365,-117.92391
10/30/2018,AQS,2,38.9,ppb,36,Azusa,24,100,42602,Nitrogen dioxide (NO2),74,31080,"Los Angeles-Long Beach-Anaheim, CA",6,California,37,Los Angeles,34.1365,-117.92391
10/31/2018,AQS,2,33.1,ppb,31,Azusa,24,100,42602,Nitrogen dioxide (NO2),74,31080,"Los Angeles-Long Beach-Anaheim, CA",6,California,37,Los Angeles,34.1365,-117.92391
11/01/2018,AQS,2,49.8,ppb,46,Azusa,24,100,42602,Nitrogen dioxide (NO2),74,31080,"Los Angeles-Long Beach-Anaheim, CA",6,California,37,Los Angeles,34.1365,-117.92391
11/02/2018,AQS,2,47.1,ppb,44,Azusa,20,83,42602,Nitrogen dioxide (NO2),74,31080,"Los Angeles-Long Beach-Anaheim, CA",6,California,37,Los Angeles,34.1365,-117.92391
11/03/2018,AQS,2,36.8,ppb,34,Azusa,24,100,42602,Nitrogen dioxide (NO2),74,31080,"Los Angeles-Long Beach-Anaheim, CA",6,California,37,Los Angeles,34.1365,-117.92391
11/04/2018,AQS,2,32.8,ppb,30,Azusa,24,100,42602,Nitrogen dioxide (NO2),74,31080,"Los Angeles-Long Beach-Anaheim, CA",6,California,37,Los Angeles,34.1365,-117.92391
11/05/2018,AQS,2,34.7,ppb,32,Azusa,24,100,42602,Nitrogen dioxide (NO2),74,31080,"Los Angeles-Long Beach-Anaheim, CA",6,California,37,Los Angeles,34.1365,-117.92391
11/06/2018,AQS,2,28,ppb,26,Azusa,24,100,42602,Nitrogen dioxide (NO2),74,31080,"Los Angeles-Long Beach-Anaheim, CA",6,California,37,Los Angeles,34.1365,-117.92391
11/07/2018,AQS,2,22.5,ppb,21,Azusa,24,100,42602,Nitrogen dioxide (NO2),74,31080,"Los Angeles-Long Beach-Anaheim, CA",6,California,37,Los Angeles,34.1365,-117.92391
11/08/2018,AQS,2,15.4,ppb,14,Azusa,24,100,42602,Nitrogen dioxide (NO2),74,31080,"Los Angeles-Long Beach-Anaheim, CA",6,California,37,Los Angeles,34.1365,-117.92391
11/09/2018,AQS,2,48.4,ppb,45,Azusa,24,100,42602,Nitrogen dioxide (NO2),74,31080,"Los Angeles-Long Beach-Anaheim, CA",6,California,37,Los Angeles,34.1365,-117.92391
11/10/2018,AQS,2,35.5,ppb,33,Azusa,24,100,42602,Nitrogen dioxide (NO2),74,31080,"Los Angeles-Long Beach-Anaheim, CA",6,California,37,Los Angeles,34.1365,-117.92391
11/11/2018,AQS,2,24.4,ppb,23,Azusa,24,100,42602,Nitrogen dioxide (NO2),74,31080,"Los Angeles-Long Beach-Anaheim, CA",6,California,37,Los Angeles,34.1365,-117.92391
11/12/2018,AQS,2,31.8,ppb,29,Azusa,24,100,42602,Nitrogen dioxide (NO2),74,31080,"Los Angeles-Long Beach-Anaheim, CA",6,California,37,Los Angeles,34.1365,-117.92391
11/13/2018,AQS,2,39.3,ppb,37,Azusa,24,100,42602,Nitrogen dioxide (NO2),74,31080,"Los Angeles-Long Beach-Anaheim, CA",6,California,37,Los Angeles,34.1365,-117.92391
11/14/2018,AQS,2,29.4,ppb,27,Azusa,24,100,42602,Nitrogen dioxide (NO2),74,31080,"Los Angeles-Long Beach-Anaheim, CA",6,California,37,Los Angeles,34.1365,-117.92391
11/15/2018,AQS,2,37.2,ppb,35,Azusa,24,100,42602,Nitrogen dioxide (NO2),74,31080,"Los Angeles-Long Beach-Anaheim, CA",6,California,37,Los Angeles,34.1365,-117.92391
11/16/2018,AQS,2,56.3,ppb,53,Azusa,24,100,42602,Nitrogen dioxide (NO2),74,31080,"Los Angeles-Long Beach-Anaheim, CA",6,California,37,Los Angeles,34.1365,-117.92391
11/17/2018,AQS,2,36.6,ppb,34,Azusa,24,100,42602,Nitrogen dioxide (NO2),74,31080,"Los Angeles-Long Beach-Anaheim, CA",6,California,37,Los Angeles,34.1365,-117.92391
11/18/2018,AQS,2,24.4,ppb,23,Azusa,24,100,42602,Nitrogen dioxide (NO2),74,31080,"Los Angeles-Long Beach-Anaheim, CA",6,California,37,Los Angeles,34.1365,-117.92391
11/19/2018,AQS,2,68.8,ppb,66,Azusa,24,100,42602,Nitrogen dioxide (NO2),74,31080,"Los Angeles-Long Beach-Anaheim, CA",6,California,37,Los Angeles,34.1365,-117.92391
11/20/2018,AQS,2,47.3,ppb,44,Azusa,24,100,42602,Nitrogen dioxide (NO2),74,31080,"Los Angeles-Long Beach-Anaheim, CA",6,California,37,Los Angeles,34.1365,-117.92391
11/21/2018,AQS,2,31.9,ppb,29,Azusa,24,100,42602,Nitrogen dioxide (NO2),74,31080,"Los Angeles-Long Beach-Anaheim, CA",6,California,37,Los Angeles,34.1365,-117.92391
11/22/2018,AQS,2,11.4,ppb,10,Azusa,24,100,42602,Nitrogen dioxide (NO2),74,31080,"Los Angeles-Long Beach-Anaheim, CA",6,California,37,Los Angeles,34.1365,-117.92391
11/23/2018,AQS,2,22.7,ppb,21,Azusa,24,100,42602,Nitrogen dioxide (NO2),74,31080,"Los Angeles-Long Beach-Anaheim, CA",6,California,37,Los Angeles,34.1365,-117.92391
11/24/2018,AQS,2,16.1,ppb,15,Azusa,24,100,42602,Nitrogen dioxide (NO2),74,31080,"Los Angeles-Long Beach-Anaheim, CA",6,California,37,Los Angeles,34.1365,-117.92391
11/25/2018,AQS,2,24.5,ppb,23,Azusa,24,100,42602,Nitrogen dioxide (NO2),74,31080,"Los Angeles-Long Beach-Anaheim, CA",6,California,37,Los Angeles,34.1365,-117.92391
11/26/2018,AQS,2,33.4,ppb,31,Azusa,24,100,42602,Nitrogen dioxide (NO2),74,31080,"Los Angeles-Long Beach-Anaheim, CA",6,California,37,Los Angeles,34.1365,-117.92391
11/27/2018,AQS,2,47.9,ppb,44,Azusa,24,100,42602,Nitrogen dioxide (NO2),74,31080,"Los Angeles-Long Beach-Anaheim, CA",6,California,37,Los Angeles,34.1365,-117.92391
11/28/2018,AQS,2,30.3,ppb,28,Azusa,23,96,42602,Nitrogen dioxide (NO2),74,31080,"Los Angeles-Long Beach-Anaheim, CA",6,California,37,Los Angeles,34.1365,-117.92391
11/29/2018,AQS,2,16.1,ppb,15,Azusa,21,88,42602,Nitrogen dioxide (NO2),74,31080,"Los Angeles-Long Beach-Anaheim, CA",6,California,37,Los Angeles,34.1365,-117.92391
11/30/2018,AQS,2,20.5,ppb,19,Azusa,24,100,42602,Nitrogen dioxide (NO2),74,31080,"Los Angeles-Long Beach-Anaheim, CA",6,California,37,Los Angeles,34.1365,-117.92391
12/01/2018,AQS,2,15.2,ppb,14,Azusa,24,100,42602,Nitrogen dioxide (NO2),74,31080,"Los Angeles-Long Beach-Anaheim, CA",6,California,37,Los Angeles,34.1365,-117.92391
12/02/2018,AQS,2,19.1,ppb,18,Azusa,24,100,42602,Nitrogen dioxide (NO2),74,31080,"Los Angeles-Long Beach-Anaheim, CA",6,California,37,Los Angeles,34.1365,-117.92391
12/03/2018,AQS,2,25.4,ppb,24,Azusa,24,100,42602,Nitrogen dioxide (NO2),74,31080,"Los Angeles-Long Beach-Anaheim, CA",6,California,37,Los Angeles,34.1365,-117.92391
12/04/2018,AQS,2,27,ppb,25,Azusa,24,100,42602,Nitrogen dioxide (NO2),74,31080,"Los Angeles-Long Beach-Anaheim, CA",6,California,37,Los Angeles,34.1365,-117.92391
12/05/2018,AQS,2,36.9,ppb,34,Azusa,18,75,42602,Nitrogen dioxide (NO2),74,31080,"Los Angeles-Long Beach-Anaheim, CA",6,California,37,Los Angeles,34.1365,-117.92391
12/06/2018,AQS,2,25.3,ppb,24,Azusa,22,92,42602,Nitrogen dioxide (NO2),74,31080,"Los Angeles-Long Beach-Anaheim, CA",6,California,37,Los Angeles,34.1365,-117.92391
12/07/2018,AQS,2,24.5,ppb,23,Azusa,24,100,42602,Nitrogen dioxide (NO2),74,31080,"Los Angeles-Long Beach-Anaheim, CA",6,California,37,Los Angeles,34.1365,-117.92391
12/08/2018,AQS,2,21.8,ppb,20,Azusa,24,100,42602,Nitrogen dioxide (NO2),74,31080,"Los Angeles-Long Beach-Anaheim, CA",6,California,37,Los Angeles,34.1365,-117.92391
12/09/2018,AQS,2,15,ppb,14,Azusa,24,100,42602,Nitrogen dioxide (NO2),74,31080,"Los Angeles-Long Beach-Anaheim, CA",6,California,37,Los Angeles,34.1365,-117.92391
12/10/2018,AQS,2,39,ppb,37,Azusa,24,100,42602,Nitrogen dioxide (NO2),74,31080,"Los Angeles-Long Beach-Anaheim, CA",6,California,37,Los Angeles,34.1365,-117.92391
12/11/2018,AQS,2,43.3,ppb,41,Azusa,18,75,42602,Nitrogen dioxide (NO2),74,31080,"Los Angeles-Long Beach-Anaheim, CA",6,California,37,Los Angeles,34.1365,-117.92391
12/12/2018,AQS,2,30.6,ppb,28,Azusa,24,100,42602,Nitrogen dioxide (NO2),74,31080,"Los Angeles-Long Beach-Anaheim, CA",6,California,37,Los Angeles,34.1365,-117.92391
12/13/2018,AQS,2,29.7,ppb,27,Azusa,24,100,42602,Nitrogen dioxide (NO2),74,31080,"Los Angeles-Long Beach-Anaheim, CA",6,California,37,Los Angeles,34.1365,-117.92391
12/14/2018,AQS,2,40.8,ppb,38,Azusa,24,100,42602,Nitrogen dioxide (NO2),74,31080,"Los Angeles-Long Beach-Anaheim, CA",6,California,37,Los Angeles,34.1365,-117.92391
12/15/2018,AQS,2,39.6,ppb,37,Azusa,24,100,42602,Nitrogen dioxide (NO2),74,31080,"Los Angeles-Long Beach-Anaheim, CA",6,California,37,Los Angeles,34.1365,-117.92391
12/16/2018,AQS,2,37.4,ppb,35,Azusa,24,100,42602,Nitrogen dioxide (NO2),74,31080,"Los Angeles-Long Beach-Anaheim, CA",6,California,37,Los Angeles,34.1365,-117.92391
12/17/2018,AQS,2,33.7,ppb,31,Azusa,24,100,42602,Nitrogen dioxide (NO2),74,31080,"Los Angeles-Long Beach-Anaheim, CA",6,California,37,Los Angeles,34.1365,-117.92391
12/18/2018,AQS,2,33.1,ppb,31,Azusa,24,100,42602,Nitrogen dioxide (NO2),74,31080,"Los Angeles-Long Beach-Anaheim, CA",6,California,37,Los Angeles,34.1365,-117.92391
12/19/2018,AQS,2,44.1,ppb,42,Azusa,24,100,42602,Nitrogen dioxide (NO2),74,31080,"Los Angeles-Long Beach-Anaheim, CA",6,California,37,Los Angeles,34.1365,-117.92391
12/20/2018,AQS,2,53.5,ppb,50,Azusa,24,100,42602,Nitrogen dioxide (NO2),74,31080,"Los Angeles-Long Beach-Anaheim, CA",6,California,37,Los Angeles,34.1365,-117.92391
12/21/2018,AQS,2,53.6,ppb,50,Azusa,24,100,42602,Nitrogen dioxide (NO2),74,31080,"Los Angeles-Long Beach-Anaheim, CA",6,California,37,Los Angeles,34.1365,-117.92391
12/22/2018,AQS,2,47.7,ppb,44,Azusa,24,100,42602,Nitrogen dioxide (NO2),74,31080,"Los Angeles-Long Beach-Anaheim, CA",6,California,37,Los Angeles,34.1365,-117.92391
12/23/2018,AQS,2,41.4,ppb,39,Azusa,24,100,42602,Nitrogen dioxide (NO2),74,31080,"Los Angeles-Long Beach-Anaheim, CA",6,California,37,Los Angeles,34.1365,-117.92391
12/24/2018,AQS,2,32,ppb,30,Azusa,24,100,42602,Nitrogen dioxide (NO2),74,31080,"Los Angeles-Long Beach-Anaheim, CA",6,California,37,Los Angeles,34.1365,-117.92391
12/25/2018,AQS,2,11.6,ppb,10,Azusa,24,100,42602,Nitrogen dioxide (NO2),74,31080,"Los Angeles-Long Beach-Anaheim, CA",6,California,37,Los Angeles,34.1365,-117.92391
12/26/2018,AQS,2,41.4,ppb,39,Azusa,24,100,42602,Nitrogen dioxide (NO2),74,31080,"Los Angeles-Long Beach-Anaheim, CA",6,California,37,Los Angeles,34.1365,-117.92391
12/27/2018,AQS,2,27.2,ppb,25,Azusa,24,100,42602,Nitrogen dioxide (NO2),74,31080,"Los Angeles-Long Beach-Anaheim, CA",6,California,37,Los Angeles,34.1365,-117.92391
12/28/2018,AQS,2,36,ppb,34,Azusa,24,100,42602,Nitrogen dioxide (NO2),74,31080,"Los Angeles-Long Beach-Anaheim, CA",6,California,37,Los Angeles,34.1365,-117.92391
12/29/2018,AQS,2,18.3,ppb,17,Azusa,24,100,42602,Nitrogen dioxide (NO2),74,31080,"Los Angeles-Long Beach-Anaheim, CA",6,California,37,Los Angeles,34.1365,-117.92391
12/30/2018,AQS,2,24.1,ppb,23,Azusa,24,100,42602,Nitrogen dioxide (NO2),74,31080,"Los Angeles-Long Beach-Anaheim, CA",6,California,37,Los Angeles,34.1365,-117.92391
12/31/2018,AQS,2,25.4,ppb,24,Azusa,24,100,42602,Nitrogen dioxide (NO2),74,31080,"Los Angeles-Long Beach-Anaheim, CA",6,California,37,Los Angeles,34.1365,-117.92391
01/01/2019,AQS,2,16.9,ppb,15,Azusa,24,100,42602,Nitrogen dioxide (NO2),74,31080,"Los Angeles-Long Beach-Anaheim, CA",6,California,37,Los Angeles,34.1365,-117.92391
01/02/2019,AQS,2,31.7,ppb,29,Azusa,24,100,42602,Nitrogen dioxide (NO2),74,31080,"Los Angeles-Long Beach-Anaheim, CA",6,California,37,Los Angeles,34.1365,-117.92391
01/03/2019,AQS,2,34.5,ppb,32,Azusa,24,100,42602,Nitrogen dioxide (NO2),74,31080,"Los Angeles-Long Beach-Anaheim, CA",6,California,37,Los Angeles,34.1365,-117.92391
01/04/2019,AQS,2,41.8,ppb,39,Azusa,24,100,42602,Nitrogen dioxide (NO2),74,31080,"Los Angeles-Long Beach-Anaheim, CA",6,California,37,Los Angeles,34.1365,-117.92391
01/05/2019,AQS,2,32.4,ppb,30,Azusa,24,100,42602,Nitrogen dioxide (NO2),74,31080,"Los Angeles-Long Beach-Anaheim, CA",6,California,37,Los Angeles,34.1365,-117.92391
01/06/2019,AQS,2,22.8,ppb,21,Azusa,24,100,42602,Nitrogen dioxide (NO2),74,31080,"Los Angeles-Long Beach-Anaheim, CA",6,California,37,Los Angeles,34.1365,-117.92391
01/07/2019,AQS,2,29.5,ppb,27,Azusa,24,100,42602,Nitrogen dioxide (NO2),74,31080,"Los Angeles-Long Beach-Anaheim, CA",6,California,37,Los Angeles,34.1365,-117.92391
01/08/2019,AQS,2,22,ppb,21,Azusa,24,100,42602,Nitrogen dioxide (NO2),74,31080,"Los Angeles-Long Beach-Anaheim, CA",6,California,37,Los Angeles,34.1365,-117.92391
01/09/2019,AQS,2,36,ppb,34,Azusa,24,100,42602,Nitrogen dioxide (NO2),74,31080,"Los Angeles-Long Beach-Anaheim, CA",6,California,37,Los Angeles,34.1365,-117.92391
01/10/2019,AQS,2,36.5,ppb,34,Azusa,21,88,42602,Nitrogen dioxide (NO2),74,31080,"Los Angeles-Long Beach-Anaheim, CA",6,California,37,Los Angeles,34.1365,-117.92391
01/11/2019,AQS,2,35.2,ppb,33,Azusa,24,100,42602,Nitrogen dioxide (NO2),74,31080,"Los Angeles-Long Beach-Anaheim, CA",6,California,37,Los Angeles,34.1365,-117.92391
01/12/2019,AQS,2,31,ppb,29,Azusa,24,100,42602,Nitrogen dioxide (NO2),74,31080,"Los Angeles-Long Beach-Anaheim, CA",6,California,37,Los Angeles,34.1365,-117.92391
01/13/2019,AQS,2,12.9,ppb,11,Azusa,24,100,42602,Nitrogen dioxide (NO2),74,31080,"Los Angeles-Long Beach-Anaheim, CA",6,California,37,Los Angeles,34.1365,-117.92391
01/14/2019,AQS,2,20,ppb,19,Azusa,24,100,42602,Nitrogen dioxide (NO2),74,31080,"Los Angeles-Long Beach-Anaheim, CA",6,California,37,Los Angeles,34.1365,-117.92391
01/15/2019,AQS,2,15.2,ppb,14,Azusa,24,100,42602,Nitrogen dioxide (NO2),74,31080,"Los Angeles-Long Beach-Anaheim, CA",6,California,37,Los Angeles,34.1365,-117.92391
01/16/2019,AQS,2,21.6,ppb,20,Azusa,24,100,42602,Nitrogen dioxide (NO2),74,31080,"Los Angeles-Long Beach-Anaheim, CA",6,California,37,Los Angeles,34.1365,-117.92391
01/17/2019,AQS,2,26.4,ppb,25,Azusa,24,100,42602,Nitrogen dioxide (NO2),74,31080,"Los Angeles-Long Beach-Anaheim, CA",6,California,37,Los Angeles,34.1365,-117.92391
01/18/2019,AQS,2,27,ppb,25,Azusa,24,100,42602,Nitrogen dioxide (NO2),74,31080,"Los Angeles-Long Beach-Anaheim, CA",6,California,37,Los Angeles,34.1365,-117.92391
01/19/2019,AQS,2,12.5,ppb,11,Azusa,24,100,42602,Nitrogen dioxide (NO2),74,31080,"Los Angeles-Long Beach-Anaheim, CA",6,California,37,Los Angeles,34.1365,-117.92391
01/20/2019,AQS,2,20.1,ppb,19,Azusa,24,100,42602,Nitrogen dioxide (NO2),74,31080,"Los Angeles-Long Beach-Anaheim, CA",6,California,37,Los Angeles,34.1365,-117.92391
01/21/2019,AQS,2,30.3,ppb,28,Azusa,24,100,42602,Nitrogen dioxide (NO2),74,31080,"Los Angeles-Long Beach-Anaheim, CA",6,California,37,Los Angeles,34.1365,-117.92391
01/22/2019,AQS,2,26,ppb,25,Azusa,24,100,42602,Nitrogen dioxide (NO2),74,31080,"Los Angeles-Long Beach-Anaheim, CA",6,California,37,Los Angeles,34.1365,-117.92391
01/23/2019,AQS,2,40.1,ppb,38,Azusa,24,100,42602,Nitrogen dioxide (NO2),74,31080,"Los Angeles-Long Beach-Anaheim, CA",6,California,37,Los Angeles,34.1365,-117.92391
01/24/2019,AQS,2,31.9,ppb,29,Azusa,24,100,42602,Nitrogen dioxide (NO2),74,31080,"Los Angeles-Long Beach-Anaheim, CA",6,California,37,Los Angeles,34.1365,-117.92391
01/25/2019,AQS,2,21.5,ppb,20,Azusa,24,100,42602,Nitrogen dioxide (NO2),74,31080,"Los Angeles-Long Beach-Anaheim, CA",6,California,37,Los Angeles,34.1365,-117.92391
01/26/2019,AQS,2,35.3,ppb,33,Azusa,24,100,42602,Nitrogen dioxide (NO2),74,31080,"Los Angeles-Long Beach-Anaheim, CA",6,California,37,Los Angeles,34.1365,-117.92391
01/27/2019,AQS,2,23.1,ppb,22,Azusa,24,100,42602,Nitrogen dioxide (NO2),74,31080,"Los Angeles-Long Beach-Anaheim, CA",6,California,37,Los Angeles,34.1365,-117.92391
01/28/2019,AQS,2,48.8,ppb,45,Azusa,24,100,42602,Nitrogen dioxide (NO2),74,31080,"Los Angeles-Long Beach-Anaheim, CA",6,California,37,Los Angeles,34.1365,-117.92391
01/29/2019,AQS,2,59.7,ppb,56,Azusa,24,100,42602,Nitrogen dioxide (NO2),74,31080,"Los Angeles-Long Beach-Anaheim, CA",6,California,37,Los Angeles,34.1365,-117.92391
01/30/2019,AQS,2,31.7,ppb,29,Azusa,24,100,42602,Nitrogen dioxide (NO2),74,31080,"Los Angeles-Long Beach-Anaheim, CA",6,California,37,Los Angeles,34.1365,-117.92391
01/31/2019,AQS,2,31.8,ppb,29,Azusa,24,100,42602,Nitrogen dioxide (NO2),74,31080,"Los Angeles-Long Beach-Anaheim, CA",6,California,37,Los Angeles,34.1365,-117.92391
02/01/2019,AQS,2,30,ppb,28,Azusa,24,100,42602,Nitrogen dioxide (NO2),74,31080,"Los Angeles-Long Beach-Anaheim, CA",6,California,37,Los Angeles,34.1365,-117.92391
02/02/2019,AQS,2,19.1,ppb,18,Azusa,24,100,42602,Nitrogen dioxide (NO2),74,31080,"Los Angeles-Long Beach-Anaheim, CA",6,California,37,Los Angeles,34.1365,-117.92391
02/03/2019,AQS,2,10.1,ppb,9,Azusa,24,100,42602,Nitrogen dioxide (NO2),74,31080,"Los Angeles-Long Beach-Anaheim, CA",6,California,37,Los Angeles,34.1365,-117.92391
02/04/2019,AQS,2,20.8,ppb,19,Azusa,24,100,42602,Nitrogen dioxide (NO2),74,31080,"Los Angeles-Long Beach-Anaheim, CA",6,California,37,Los Angeles,34.1365,-117.92391
02/05/2019,AQS,2,17.2,ppb,16,Azusa,23,96,42602,Nitrogen dioxide (NO2),74,31080,"Los Angeles-Long Beach-Anaheim, CA",6,California,37,Los Angeles,34.1365,-117.92391
02/06/2019,AQS,2,18.3,ppb,17,Azusa,22,92,42602,Nitrogen dioxide (NO2),74,31080,"Los Angeles-Long Beach-Anaheim, CA",6,California,37,Los Angeles,34.1365,-117.92391
02/07/2019,AQS,2,30.6,ppb,28,Azusa,24,100,42602,Nitrogen dioxide (NO2),74,31080,"Los Angeles-Long Beach-Anaheim, CA",6,California,37,Los Angeles,34.1365,-117.92391
02/08/2019,AQS,2,30.2,ppb,28,Azusa,24,100,42602,Nitrogen dioxide (NO2),74,31080,"Los Angeles-Long Beach-Anaheim, CA",6,California,37,Los Angeles,34.1365,-117.92391
02/09/2019,AQS,2,9.5,ppb,8,Azusa,24,100,42602,Nitrogen dioxide (NO2),74,31080,"Los Angeles-Long Beach-Anaheim, CA",6,California,37,Los Angeles,34.1365,-117.92391
02/10/2019,AQS,2,11.6,ppb,10,Azusa,24,100,42602,Nitrogen dioxide (NO2),74,31080,"Los Angeles-Long Beach-Anaheim, CA",6,California,37,Los Angeles,34.1365,-117.92391
02/11/2019,AQS,2,14.1,ppb,13,Azusa,24,100,42602,Nitrogen dioxide (NO2),74,31080,"Los Angeles-Long Beach-Anaheim, CA",6,California,37,Los Angeles,34.1365,-117.92391
02/12/2019,AQS,2,26,ppb,25,Azusa,24,100,42602,Nitrogen dioxide (NO2),74,31080,"Los Angeles-Long Beach-Anaheim, CA",6,California,37,Los Angeles,34.1365,-117.92391
02/13/2019,AQS,2,42.1,ppb,40,Azusa,24,100,42602,Nitrogen dioxide (NO2),74,31080,"Los Angeles-Long Beach-Anaheim, CA",6,California,37,Los Angeles,34.1365,-117.92391
02/14/2019,AQS,2,14.9,ppb,13,Azusa,24,100,42602,Nitrogen dioxide (NO2),74,31080,"Los Angeles-Long Beach-Anaheim, CA",6,California,37,Los Angeles,34.1365,-117.92391
02/15/2019,AQS,2,18,ppb,17,Azusa,24,100,42602,Nitrogen dioxide (NO2),74,31080,"Los Angeles-Long Beach-Anaheim, CA",6,California,37,Los Angeles,34.1365,-117.92391
02/16/2019,AQS,2,11.9,ppb,10,Azusa,24,100,42602,Nitrogen dioxide (NO2),74,31080,"Los Angeles-Long Beach-Anaheim, CA",6,California,37,Los Angeles,34.1365,-117.92391
02/17/2019,AQS,2,14,ppb,13,Azusa,24,100,42602,Nitrogen dioxide (NO2),74,31080,"Los Angeles-Long Beach-Anaheim, CA",6,California,37,Los Angeles,34.1365,-117.92391
02/18/2019,AQS,2,21.7,ppb,20,Azusa,24,100,42602,Nitrogen dioxide (NO2),74,31080,"Los Angeles-Long Beach-Anaheim, CA",6,California,37,Los Angeles,34.1365,-117.92391
02/19/2019,AQS,2,34.3,ppb,32,Azusa,23,96,42602,Nitrogen dioxide (NO2),74,31080,"Los Angeles-Long Beach-Anaheim, CA",6,California,37,Los Angeles,34.1365,-117.92391
02/20/2019,AQS,2,24.8,ppb,23,Azusa,24,100,42602,Nitrogen dioxide (NO2),74,31080,"Los Angeles-Long Beach-Anaheim, CA",6,California,37,Los Angeles,34.1365,-117.92391
02/21/2019,AQS,2,23.4,ppb,22,Azusa,24,100,42602,Nitrogen dioxide (NO2),74,31080,"Los Angeles-Long Beach-Anaheim, CA",6,California,37,Los Angeles,34.1365,-117.92391
02/22/2019,AQS,2,26.6,ppb,25,Azusa,24,100,42602,Nitrogen dioxide (NO2),74,31080,"Los Angeles-Long Beach-Anaheim, CA",6,California,37,Los Angeles,34.1365,-117.92391
02/23/2019,AQS,2,18.4,ppb,17,Azusa,24,100,42602,Nitrogen dioxide (NO2),74,31080,"Los Angeles-Long Beach-Anaheim, CA",6,California,37,Los Angeles,34.1365,-117.92391
02/24/2019,AQS,2,23.1,ppb,22,Azusa,24,100,42602,Nitrogen dioxide (NO2),74,31080,"Los Angeles-Long Beach-Anaheim, CA",6,California,37,Los Angeles,34.1365,-117.92391
02/25/2019,AQS,2,42,ppb,40,Azusa,24,100,42602,Nitrogen dioxide (NO2),74,31080,"Los Angeles-Long Beach-Anaheim, CA",6,California,37,Los Angeles,34.1365,-117.92391
02/26/2019,AQS,2,39.1,ppb,37,Azusa,24,100,42602,Nitrogen dioxide (NO2),74,31080,"Los Angeles-Long Beach-Anaheim, CA",6,California,37,Los Angeles,34.1365,-117.92391
02/27/2019,AQS,2,31.7,ppb,29,Azusa,24,100,42602,Nitrogen dioxide (NO2),74,31080,"Los Angeles-Long Beach-Anaheim, CA",6,California,37,Los Angeles,34.1365,-117.92391
02/28/2019,AQS,2,29.6,ppb,27,Azusa,24,100,42602,Nitrogen dioxide (NO2),74,31080,"Los Angeles-Long Beach-Anaheim, CA",6,California,37,Los Angeles,34.1365,-117.92391
03/01/2019,AQS,2,32.9,ppb,30,Azusa,24,100,42602,Nitrogen dioxide (NO2),74,31080,"Los Angeles-Long Beach-Anaheim, CA",6,California,37,Los Angeles,34.1365,-117.92391
03/02/2019,AQS,2,33.8,ppb,31,Azusa,24,100,42602,Nitrogen dioxide (NO2),74,31080,"Los Angeles-Long Beach-Anaheim, CA",6,California,37,Los Angeles,34.1365,-117.92391
03/03/2019,AQS,2,11.7,ppb,10,Azusa,24,100,42602,Nitrogen dioxide (NO2),74,31080,"Los Angeles-Long Beach-Anaheim, CA",6,California,37,Los Angeles,34.1365,-117.92391
03/04/2019,AQS,2,18.8,ppb,17,Azusa,24,100,42602,Nitrogen dioxide (NO2),74,31080,"Los Angeles-Long Beach-Anaheim, CA",6,California,37,Los Angeles,34.1365,-117.92391
03/05/2019,AQS,2,35.3,ppb,33,Azusa,24,100,42602,Nitrogen dioxide (NO2),74,31080,"Los Angeles-Long Beach-Anaheim, CA",6,California,37,Los Angeles,34.1365,-117.92391
03/06/2019,AQS,2,15.5,ppb,14,Azusa,22,92,42602,Nitrogen dioxide (NO2),74,31080,"Los Angeles-Long Beach-Anaheim, CA",6,California,37,Los Angeles,34.1365,-117.92391
03/07/2019,AQS,2,23.5,ppb,22,Azusa,24,100,42602,Nitrogen dioxide (NO2),74,31080,"Los Angeles-Long Beach-Anaheim, CA",6,California,37,Los Angeles,34.1365,-117.92391
03/08/2019,AQS,2,15.7,ppb,14,Azusa,24,100,42602,Nitrogen dioxide (NO2),74,31080,"Los Angeles-Long Beach-Anaheim, CA",6,California,37,Los Angeles,34.1365,-117.92391
03/09/2019,AQS,2,10.7,ppb,9,Azusa,24,100,42602,Nitrogen dioxide (NO2),74,31080,"Los Angeles-Long Beach-Anaheim, CA",6,California,37,Los Angeles,34.1365,-117.92391
03/10/2019,AQS,2,10.6,ppb,9,Azusa,24,100,42602,Nitrogen dioxide (NO2),74,31080,"Los Angeles-Long Beach-Anaheim, CA",6,California,37,Los Angeles,34.1365,-117.92391
03/11/2019,AQS,2,23.8,ppb,22,Azusa,24,100,42602,Nitrogen dioxide (NO2),74,31080,"Los Angeles-Long Beach-Anaheim, CA",6,California,37,Los Angeles,34.1365,-117.92391
03/12/2019,AQS,2,21.8,ppb,20,Azusa,24,100,42602,Nitrogen dioxide (NO2),74,31080,"Los Angeles-Long Beach-Anaheim, CA",6,California,37,Los Angeles,34.1365,-117.92391
03/13/2019,AQS,2,17.5,ppb,16,Azusa,24,100,42602,Nitrogen dioxide (NO2),74,31080,"Los Angeles-Long Beach-Anaheim, CA",6,California,37,Los Angeles,34.1365,-117.92391
03/14/2019,AQS,2,37.4,ppb,35,Azusa,24,100,42602,Nitrogen dioxide (NO2),74,31080,"Los Angeles-Long Beach-Anaheim, CA",6,California,37,Los Angeles,34.1365,-117.92391
03/15/2019,AQS,2,38.8,ppb,36,Azusa,24,100,42602,Nitrogen dioxide (NO2),74,31080,"Los Angeles-Long Beach-Anaheim, CA",6,California,37,Los Angeles,34.1365,-117.92391
03/16/2019,AQS,2,46.3,ppb,43,Azusa,24,100,42602,Nitrogen dioxide (NO2),74,31080,"Los Angeles-Long Beach-Anaheim, CA",6,California,37,Los Angeles,34.1365,-117.92391
03/17/2019,AQS,2,12.6,ppb,11,Azusa,24,100,42602,Nitrogen dioxide (NO2),74,31080,"Los Angeles-Long Beach-Anaheim, CA",6,California,37,Los Angeles,34.1365,-117.92391
03/18/2019,AQS,2,33.1,ppb,31,Azusa,24,100,42602,Nitrogen dioxide (NO2),74,31080,"Los Angeles-Long Beach-Anaheim, CA",6,California,37,Los Angeles,34.1365,-117.92391
03/19/2019,AQS,2,38,ppb,36,Azusa,18,75,42602,Nitrogen dioxide (NO2),74,31080,"Los Angeles-Long Beach-Anaheim, CA",6,California,37,Los Angeles,34.1365,-117.92391
03/20/2019,AQS,2,12.9,ppb,11,Azusa,24,100,42602,Nitrogen dioxide (NO2),74,31080,"Los Angeles-Long Beach-Anaheim, CA",6,California,37,Los Angeles,34.1365,-117.92391
03/21/2019,AQS,2,13.4,ppb,12,Azusa,24,100,42602,Nitrogen dioxide (NO2),74,31080,"Los Angeles-Long Beach-Anaheim, CA",6,California,37,Los Angeles,34.1365,-117.92391
03/22/2019,AQS,2,22.7,ppb,21,Azusa,24,100,42602,Nitrogen dioxide (NO2),74,31080,"Los Angeles-Long Beach-Anaheim, CA",6,California,37,Los Angeles,34.1365,-117.92391
03/23/2019,AQS,2,10.9,ppb,9,Azusa,24,100,42602,Nitrogen dioxide (NO2),74,31080,"Los Angeles-Long Beach-Anaheim, CA",6,California,37,Los Angeles,34.1365,-117.92391
03/24/2019,AQS,2,12.1,ppb,11,Azusa,24,100,42602,Nitrogen dioxide (NO2),74,31080,"Los Angeles-Long Beach-Anaheim, CA",6,California,37,Los Angeles,34.1365,-117.92391
03/25/2019,AQS,2,30.2,ppb,28,Azusa,24,100,42602,Nitrogen dioxide (NO2),74,31080,"Los Angeles-Long Beach-Anaheim, CA",6,California,37,Los Angeles,34.1365,-117.92391
03/26/2019,AQS,2,43.4,ppb,41,Azusa,24,100,42602,Nitrogen dioxide (NO2),74,31080,"Los Angeles-Long Beach-Anaheim, CA",6,California,37,Los Angeles,34.1365,-117.92391
03/27/2019,AQS,2,26,ppb,25,Azusa,24,100,42602,Nitrogen dioxide (NO2),74,31080,"Los Angeles-Long Beach-Anaheim, CA",6,California,37,Los Angeles,34.1365,-117.92391
03/28/2019,AQS,2,17.3,ppb,16,Azusa,24,100,42602,Nitrogen dioxide (NO2),74,31080,"Los Angeles-Long Beach-Anaheim, CA",6,California,37,Los Angeles,34.1365,-117.92391
03/29/2019,AQS,2,19.6,ppb,18,Azusa,24,100,42602,Nitrogen dioxide (NO2),74,31080,"Los Angeles-Long Beach-Anaheim, CA",6,California,37,Los Angeles,34.1365,-117.92391
03/30/2019,AQS,2,24.2,ppb,23,Azusa,24,100,42602,Nitrogen dioxide (NO2),74,31080,"Los Angeles-Long Beach-Anaheim, CA",6,California,37,Los Angeles,34.1365,-117.92391
03/31/2019,AQS,2,16.6,ppb,15,Azusa,24,100,42602,Nitrogen dioxide (NO2),74,31080,"Los Angeles-Long Beach-Anaheim, CA",6,California,37,Los Angeles,34.1365,-117.92391
04/01/2019,AQS,2,39.3,ppb,37,Azusa,24,100,42602,Nitrogen dioxide (NO2),74,31080,"Los Angeles-Long Beach-Anaheim, CA",6,California,37,Los Angeles,34.1365,-117.92391
04/02/2019,AQS,2,29.4,ppb,27,Azusa,24,100,42602,Nitrogen dioxide (NO2),74,31080,"Los Angeles-Long Beach-Anaheim, CA",6,California,37,Los Angeles,34.1365,-117.92391
04/03/2019,AQS,2,19.2,ppb,18,Azusa,24,100,42602,Nitrogen dioxide (NO2),74,31080,"Los Angeles-Long Beach-Anaheim, CA",6,California,37,Los Angeles,34.1365,-117.92391
04/04/2019,AQS,2,13.9,ppb,12,Azusa,24,100,42602,Nitrogen dioxide (NO2),74,31080,"Los Angeles-Long Beach-Anaheim, CA",6,California,37,Los Angeles,34.1365,-117.92391
04/05/2019,AQS,2,12.3,ppb,11,Azusa,24,100,42602,Nitrogen dioxide (NO2),74,31080,"Los Angeles-Long Beach-Anaheim, CA",6,California,37,Los Angeles,34.1365,-117.92391
04/06/2019,AQS,2,12.7,ppb,11,Azusa,24,100,42602,Nitrogen dioxide (NO2),74,31080,"Los Angeles-Long Beach-Anaheim, CA",6,California,37,Los Angeles,34.1365,-117.92391
04/07/2019,AQS,2,27.5,ppb,25,Azusa,24,100,42602,Nitrogen dioxide (NO2),74,31080,"Los Angeles-Long Beach-Anaheim, CA",6,California,37,Los Angeles,34.1365,-117.92391
04/08/2019,AQS,2,32.9,ppb,30,Azusa,24,100,42602,Nitrogen dioxide (NO2),74,31080,"Los Angeles-Long Beach-Anaheim, CA",6,California,37,Los Angeles,34.1365,-117.92391
04/09/2019,AQS,2,31.5,ppb,29,Azusa,24,100,42602,Nitrogen dioxide (NO2),74,31080,"Los Angeles-Long Beach-Anaheim, CA",6,California,37,Los Angeles,34.1365,-117.92391
04/10/2019,AQS,2,18.5,ppb,17,Azusa,24,100,42602,Nitrogen dioxide (NO2),74,31080,"Los Angeles-Long Beach-Anaheim, CA",6,California,37,Los Angeles,34.1365,-117.92391
04/11/2019,AQS,2,31,ppb,29,Azusa,24,100,42602,Nitrogen dioxide (NO2),74,31080,"Los Angeles-Long Beach-Anaheim, CA",6,California,37,Los Angeles,34.1365,-117.92391
04/12/2019,AQS,2,19.6,ppb,18,Azusa,24,100,42602,Nitrogen dioxide (NO2),74,31080,"Los Angeles-Long Beach-Anaheim, CA",6,California,37,Los Angeles,34.1365,-117.92391
04/13/2019,AQS,2,25.5,ppb,24,Azusa,24,100,42602,Nitrogen dioxide (NO2),74,31080,"Los Angeles-Long Beach-Anaheim, CA",6,California,37,Los Angeles,34.1365,-117.92391
04/14/2019,AQS,2,21.6,ppb,20,Azusa,24,100,42602,Nitrogen dioxide (NO2),74,31080,"Los Angeles-Long Beach-Anaheim, CA",6,California,37,Los Angeles,34.1365,-117.92391
04/15/2019,AQS,2,30.2,ppb,28,Azusa,24,100,42602,Nitrogen dioxide (NO2),74,31080,"Los Angeles-Long Beach-Anaheim, CA",6,California,37,Los Angeles,34.1365,-117.92391
04/16/2019,AQS,2,19.1,ppb,18,Azusa,24,100,42602,Nitrogen dioxide (NO2),74,31080,"Los Angeles-Long Beach-Anaheim, CA",6,California,37,Los Angeles,34.1365,-117.92391
04/17/2019,AQS,2,22.3,ppb,21,Azusa,23,96,42602,Nitrogen dioxide (NO2),74,31080,"Los Angeles-Long Beach-Anaheim, CA",6,California,37,Los Angeles,34.1365,-117.92391
04/18/2019,AQS,2,30.2,ppb,28,Azusa,24,100,42602,Nitrogen dioxide (NO2),74,31080,"Los Angeles-Long Beach-Anaheim, CA",6,California,37,Los Angeles,34.1365,-117.92391
04/19/2019,AQS,2,36.2,ppb,34,Azusa,24,100,42602,Nitrogen dioxide (NO2),74,31080,"Los Angeles-Long Beach-Anaheim, CA",6,California,37,Los Angeles,34.1365,-117.92391
04/20/2019,AQS,2,10.6,ppb,9,Azusa,24,100,42602,Nitrogen dioxide (NO2),74,31080,"Los Angeles-Long Beach-Anaheim, CA",6,California,37,Los Angeles,34.1365,-117.92391
04/21/2019,AQS,2,10.1,ppb,9,Azusa,24,100,42602,Nitrogen dioxide (NO2),74,31080,"Los Angeles-Long Beach-Anaheim, CA",6,California,37,Los Angeles,34.1365,-117.92391
04/22/2019,AQS,2,20.2,ppb,19,Azusa,24,100,42602,Nitrogen dioxide (NO2),74,31080,"Los Angeles-Long Beach-Anaheim, CA",6,California,37,Los Angeles,34.1365,-117.92391
04/23/2019,AQS,2,31.3,ppb,29,Azusa,24,100,42602,Nitrogen dioxide (NO2),74,31080,"Los Angeles-Long Beach-Anaheim, CA",6,California,37,Los Angeles,34.1365,-117.92391
04/24/2019,AQS,2,28.8,ppb,26,Azusa,23,96,42602,Nitrogen dioxide (NO2),74,31080,"Los Angeles-Long Beach-Anaheim, CA",6,California,37,Los Angeles,34.1365,-117.92391
04/25/2019,AQS,2,27,ppb,25,Azusa,24,100,42602,Nitrogen dioxide (NO2),74,31080,"Los Angeles-Long Beach-Anaheim, CA",6,California,37,Los Angeles,34.1365,-117.92391
04/26/2019,AQS,2,22.9,ppb,21,Azusa,23,96,42602,Nitrogen dioxide (NO2),74,31080,"Los Angeles-Long Beach-Anaheim, CA",6,California,37,Los Angeles,34.1365,-117.92391
04/27/2019,AQS,2,13,ppb,12,Azusa,24,100,42602,Nitrogen dioxide (NO2),74,31080,"Los Angeles-Long Beach-Anaheim, CA",6,California,37,Los Angeles,34.1365,-117.92391
04/28/2019,AQS,2,12,ppb,11,Azusa,24,100,42602,Nitrogen dioxide (NO2),74,31080,"Los Angeles-Long Beach-Anaheim, CA",6,California,37,Los Angeles,34.1365,-117.92391
04/29/2019,AQS,2,16.6,ppb,15,Azusa,24,100,42602,Nitrogen dioxide (NO2),74,31080,"Los Angeles-Long Beach-Anaheim, CA",6,California,37,Los Angeles,34.1365,-117.92391
04/30/2019,AQS,2,16.9,ppb,15,Azusa,23,96,42602,Nitrogen dioxide (NO2),74,31080,"Los Angeles-Long Beach-Anaheim, CA",6,California,37,Los Angeles,34.1365,-117.92391
05/01/2019,AQS,2,25.9,ppb,24,Azusa,19,79,42602,Nitrogen dioxide (NO2),74,31080,"Los Angeles-Long Beach-Anaheim, CA",6,California,37,Los Angeles,34.1365,-117.92391
05/02/2019,AQS,2,30.4,ppb,28,Azusa,24,100,42602,Nitrogen dioxide (NO2),74,31080,"Los Angeles-Long Beach-Anaheim, CA",6,California,37,Los Angeles,34.1365,-117.92391
05/03/2019,AQS,2,21.6,ppb,20,Azusa,24,100,42602,Nitrogen dioxide (NO2),74,31080,"Los Angeles-Long Beach-Anaheim, CA",6,California,37,Los Angeles,34.1365,-117.92391
05/04/2019,AQS,2,15,ppb,14,Azusa,24,100,42602,Nitrogen dioxide (NO2),74,31080,"Los Angeles-Long Beach-Anaheim, CA",6,California,37,Los Angeles,34.1365,-117.92391
05/05/2019,AQS,2,10,ppb,9,Azusa,24,100,42602,Nitrogen dioxide (NO2),74,31080,"Los Angeles-Long Beach-Anaheim, CA",6,California,37,Los Angeles,34.1365,-117.92391
05/06/2019,AQS,2,16.7,ppb,15,Azusa,24,100,42602,Nitrogen dioxide (NO2),74,31080,"Los Angeles-Long Beach-Anaheim, CA",6,California,37,Los Angeles,34.1365,-117.92391
05/07/2019,AQS,2,13.4,ppb,12,Azusa,24,100,42602,Nitrogen dioxide (NO2),74,31080,"Los Angeles-Long Beach-Anaheim, CA",6,California,37,Los Angeles,34.1365,-117.92391
05/08/2019,AQS,2,19.3,ppb,18,Azusa,24,100,42602,Nitrogen dioxide (NO2),74,31080,"Los Angeles-Long Beach-Anaheim, CA",6,California,37,Los Angeles,34.1365,-117.92391
05/09/2019,AQS,2,18,ppb,17,Azusa,24,100,42602,Nitrogen dioxide (NO2),74,31080,"Los Angeles-Long Beach-Anaheim, CA",6,California,37,Los Angeles,34.1365,-117.92391
05/10/2019,AQS,2,14.9,ppb,13,Azusa,24,100,42602,Nitrogen dioxide (NO2),74,31080,"Los Angeles-Long Beach-Anaheim, CA",6,California,37,Los Angeles,34.1365,-117.92391
05/11/2019,AQS,2,21.5,ppb,20,Azusa,24,100,42602,Nitrogen dioxide (NO2),74,31080,"Los Angeles-Long Beach-Anaheim, CA",6,California,37,Los Angeles,34.1365,-117.92391
05/12/2019,AQS,2,10.4,ppb,9,Azusa,24,100,42602,Nitrogen dioxide (NO2),74,31080,"Los Angeles-Long Beach-Anaheim, CA",6,California,37,Los Angeles,34.1365,-117.92391
05/13/2019,AQS,2,17.9,ppb,16,Azusa,24,100,42602,Nitrogen dioxide (NO2),74,31080,"Los Angeles-Long Beach-Anaheim, CA",6,California,37,Los Angeles,34.1365,-117.92391
05/14/2019,AQS,2,16.9,ppb,15,Azusa,24,100,42602,Nitrogen dioxide (NO2),74,31080,"Los Angeles-Long Beach-Anaheim, CA",6,California,37,Los Angeles,34.1365,-117.92391
05/15/2019,AQS,2,15.8,ppb,14,Azusa,24,100,42602,Nitrogen dioxide (NO2),74,31080,"Los Angeles-Long Beach-Anaheim, CA",6,California,37,Los Angeles,34.1365,-117.92391
05/16/2019,AQS,2,11.6,ppb,10,Azusa,18,75,42602,Nitrogen dioxide (NO2),74,31080,"Los Angeles-Long Beach-Anaheim, CA",6,California,37,Los Angeles,34.1365,-117.92391
05/17/2019,AQS,2,13.7,ppb,12,Azusa,24,100,42602,Nitrogen dioxide (NO2),74,31080,"Los Angeles-Long Beach-Anaheim, CA",6,California,37,Los Angeles,34.1365,-117.92391
05/18/2019,AQS,2,14.7,ppb,13,Azusa,24,100,42602,Nitrogen dioxide (NO2),74,31080,"Los Angeles-Long Beach-Anaheim, CA",6,California,37,Los Angeles,34.1365,-117.92391
05/19/2019,AQS,2,5.9,ppb,5,Azusa,24,100,42602,Nitrogen dioxide (NO2),74,31080,"Los Angeles-Long Beach-Anaheim, CA",6,California,37,Los Angeles,34.1365,-117.92391
05/20/2019,AQS,2,13.5,ppb,12,Azusa,24,100,42602,Nitrogen dioxide (NO2),74,31080,"Los Angeles-Long Beach-Anaheim, CA",6,California,37,Los Angeles,34.1365,-117.92391
05/21/2019,AQS,2,14.3,ppb,13,Azusa,24,100,42602,Nitrogen dioxide (NO2),74,31080,"Los Angeles-Long Beach-Anaheim, CA",6,California,37,Los Angeles,34.1365,-117.92391
05/22/2019,AQS,2,23.8,ppb,22,Azusa,24,100,42602,Nitrogen dioxide (NO2),74,31080,"Los Angeles-Long Beach-Anaheim, CA",6,California,37,Los Angeles,34.1365,-117.92391
05/23/2019,AQS,2,13.7,ppb,12,Azusa,22,92,42602,Nitrogen dioxide (NO2),74,31080,"Los Angeles-Long Beach-Anaheim, CA",6,California,37,Los Angeles,34.1365,-117.92391
05/24/2019,AQS,2,16.8,ppb,15,Azusa,18,75,42602,Nitrogen dioxide (NO2),74,31080,"Los Angeles-Long Beach-Anaheim, CA",6,California,37,Los Angeles,34.1365,-117.92391
05/25/2019,AQS,2,20.3,ppb,19,Azusa,24,100,42602,Nitrogen dioxide (NO2),74,31080,"Los Angeles-Long Beach-Anaheim, CA",6,California,37,Los Angeles,34.1365,-117.92391
05/26/2019,AQS,2,6.5,ppb,6,Azusa,24,100,42602,Nitrogen dioxide (NO2),74,31080,"Los Angeles-Long Beach-Anaheim, CA",6,California,37,Los Angeles,34.1365,-117.92391
05/27/2019,AQS,2,8.2,ppb,8,Azusa,24,100,42602,Nitrogen dioxide (NO2),74,31080,"Los Angeles-Long Beach-Anaheim, CA",6,California,37,Los Angeles,34.1365,-117.92391
05/28/2019,AQS,2,15.1,ppb,14,Azusa,19,79,42602,Nitrogen dioxide (NO2),74,31080,"Los Angeles-Long Beach-Anaheim, CA",6,California,37,Los Angeles,34.1365,-117.92391
05/30/2019,AQS,2,20.1,ppb,19,Azusa,22,92,42602,Nitrogen dioxide (NO2),74,31080,"Los Angeles-Long Beach-Anaheim, CA",6,California,37,Los Angeles,34.1365,-117.92391
05/31/2019,AQS,2,14.6,ppb,13,Azusa,20,83,42602,Nitrogen dioxide (NO2),74,31080,"Los Angeles-Long Beach-Anaheim, CA",6,California,37,Los Angeles,34.1365,-117.92391
06/01/2019,AQS,2,12.2,ppb,11,Azusa,24,100,42602,Nitrogen dioxide (NO2),74,31080,"Los Angeles-Long Beach-Anaheim, CA",6,California,37,Los Angeles,34.1365,-117.92391
06/02/2019,AQS,2,11,ppb,10,Azusa,24,100,42602,Nitrogen dioxide (NO2),74,31080,"Los Angeles-Long Beach-Anaheim, CA",6,California,37,Los Angeles,34.1365,-117.92391
06/03/2019,AQS,2,16.7,ppb,15,Azusa,24,100,42602,Nitrogen dioxide (NO2),74,31080,"Los Angeles-Long Beach-Anaheim, CA",6,California,37,Los Angeles,34.1365,-117.92391
06/04/2019,AQS,2,18.2,ppb,17,Azusa,24,100,42602,Nitrogen dioxide (NO2),74,31080,"Los Angeles-Long Beach-Anaheim, CA",6,California,37,Los Angeles,34.1365,-117.92391
06/05/2019,AQS,2,18.8,ppb,17,Azusa,24,100,42602,Nitrogen dioxide (NO2),74,31080,"Los Angeles-Long Beach-Anaheim, CA",6,California,37,Los Angeles,34.1365,-117.92391
06/06/2019,AQS,2,18.2,ppb,17,Azusa,24,100,42602,Nitrogen dioxide (NO2),74,31080,"Los Angeles-Long Beach-Anaheim, CA",6,California,37,Los Angeles,34.1365,-117.92391
06/07/2019,AQS,2,18.4,ppb,17,Azusa,24,100,42602,Nitrogen dioxide (NO2),74,31080,"Los Angeles-Long Beach-Anaheim, CA",6,California,37,Los Angeles,34.1365,-117.92391
06/08/2019,AQS,2,14,ppb,13,Azusa,24,100,42602,Nitrogen dioxide (NO2),74,31080,"Los Angeles-Long Beach-Anaheim, CA",6,California,37,Los Angeles,34.1365,-117.92391
06/09/2019,AQS,2,16.6,ppb,15,Azusa,24,100,42602,Nitrogen dioxide (NO2),74,31080,"Los Angeles-Long Beach-Anaheim, CA",6,California,37,Los Angeles,34.1365,-117.92391
06/10/2019,AQS,2,36.3,ppb,34,Azusa,24,100,42602,Nitrogen dioxide (NO2),74,31080,"Los Angeles-Long Beach-Anaheim, CA",6,California,37,Los Angeles,34.1365,-117.92391
06/11/2019,AQS,2,33.4,ppb,31,Azusa,24,100,42602,Nitrogen dioxide (NO2),74,31080,"Los Angeles-Long Beach-Anaheim, CA",6,California,37,Los Angeles,34.1365,-117.92391
06/12/2019,AQS,2,23,ppb,22,Azusa,24,100,42602,Nitrogen dioxide (NO2),74,31080,"Los Angeles-Long Beach-Anaheim, CA",6,California,37,Los Angeles,34.1365,-117.92391
06/13/2019,AQS,2,16.8,ppb,15,Azusa,24,100,42602,Nitrogen dioxide (NO2),74,31080,"Los Angeles-Long Beach-Anaheim, CA",6,California,37,Los Angeles,34.1365,-117.92391
06/14/2019,AQS,2,16.5,ppb,15,Azusa,24,100,42602,Nitrogen dioxide (NO2),74,31080,"Los Angeles-Long Beach-Anaheim, CA",6,California,37,Los Angeles,34.1365,-117.92391
06/15/2019,AQS,2,12.5,ppb,11,Azusa,24,100,42602,Nitrogen dioxide (NO2),74,31080,"Los Angeles-Long Beach-Anaheim, CA",6,California,37,Los Angeles,34.1365,-117.92391
06/16/2019,AQS,2,9,ppb,8,Azusa,24,100,42602,Nitrogen dioxide (NO2),74,31080,"Los Angeles-Long Beach-Anaheim, CA",6,California,37,Los Angeles,34.1365,-117.92391
06/17/2019,AQS,2,16.8,ppb,15,Azusa,24,100,42602,Nitrogen dioxide (NO2),74,31080,"Los Angeles-Long Beach-Anaheim, CA",6,California,37,Los Angeles,34.1365,-117.92391
06/18/2019,AQS,2,19.5,ppb,18,Azusa,24,100,42602,Nitrogen dioxide (NO2),74,31080,"Los Angeles-Long Beach-Anaheim, CA",6,California,37,Los Angeles,34.1365,-117.92391
06/19/2019,AQS,2,15.7,ppb,14,Azusa,24,100,42602,Nitrogen dioxide (NO2),74,31080,"Los Angeles-Long Beach-Anaheim, CA",6,California,37,Los Angeles,34.1365,-117.92391
06/20/2019,AQS,2,15.9,ppb,14,Azusa,24,100,42602,Nitrogen dioxide (NO2),74,31080,"Los Angeles-Long Beach-Anaheim, CA",6,California,37,Los Angeles,34.1365,-117.92391
06/21/2019,AQS,2,13.6,ppb,12,Azusa,24,100,42602,Nitrogen dioxide (NO2),74,31080,"Los Angeles-Long Beach-Anaheim, CA",6,California,37,Los Angeles,34.1365,-117.92391
06/22/2019,AQS,2,9.2,ppb,8,Azusa,24,100,42602,Nitrogen dioxide (NO2),74,31080,"Los Angeles-Long Beach-Anaheim, CA",6,California,37,Los Angeles,34.1365,-117.92391
06/23/2019,AQS,2,10,ppb,9,Azusa,24,100,42602,Nitrogen dioxide (NO2),74,31080,"Los Angeles-Long Beach-Anaheim, CA",6,California,37,Los Angeles,34.1365,-117.92391
06/24/2019,AQS,2,18.2,ppb,17,Azusa,24,100,42602,Nitrogen dioxide (NO2),74,31080,"Los Angeles-Long Beach-Anaheim, CA",6,California,37,Los Angeles,34.1365,-117.92391
06/25/2019,AQS,2,15.7,ppb,14,Azusa,24,100,42602,Nitrogen dioxide (NO2),74,31080,"Los Angeles-Long Beach-Anaheim, CA",6,California,37,Los Angeles,34.1365,-117.92391
06/26/2019,AQS,2,18.1,ppb,17,Azusa,24,100,42602,Nitrogen dioxide (NO2),74,31080,"Los Angeles-Long Beach-Anaheim, CA",6,California,37,Los Angeles,34.1365,-117.92391
06/27/2019,AQS,2,18.4,ppb,17,Azusa,21,88,42602,Nitrogen dioxide (NO2),74,31080,"Los Angeles-Long Beach-Anaheim, CA",6,California,37,Los Angeles,34.1365,-117.92391
06/28/2019,AQS,2,22.7,ppb,21,Azusa,24,100,42602,Nitrogen dioxide (NO2),74,31080,"Los Angeles-Long Beach-Anaheim, CA",6,California,37,Los Angeles,34.1365,-117.92391
06/29/2019,AQS,2,30.3,ppb,28,Azusa,24,100,42602,Nitrogen dioxide (NO2),74,31080,"Los Angeles-Long Beach-Anaheim, CA",6,California,37,Los Angeles,34.1365,-117.92391
06/30/2019,AQS,2,21.4,ppb,20,Azusa,24,100,42602,Nitrogen dioxide (NO2),74,31080,"Los Angeles-Long Beach-Anaheim, CA",6,California,37,Los Angeles,34.1365,-117.92391
07/01/2019,AQS,2,28.6,ppb,26,Azusa,24,100,42602,Nitrogen dioxide (NO2),74,31080,"Los Angeles-Long Beach-Anaheim, CA",6,California,37,Los Angeles,34.1365,-117.92391
07/02/2019,AQS,2,19.2,ppb,18,Azusa,24,100,42602,Nitrogen dioxide (NO2),74,31080,"Los Angeles-Long Beach-Anaheim, CA",6,California,37,Los Angeles,34.1365,-117.92391
07/03/2019,AQS,2,13.7,ppb,12,Azusa,24,100,42602,Nitrogen dioxide (NO2),74,31080,"Los Angeles-Long Beach-Anaheim, CA",6,California,37,Los Angeles,34.1365,-117.92391
07/04/2019,AQS,2,16.4,ppb,15,Azusa,24,100,42602,Nitrogen dioxide (NO2),74,31080,"Los Angeles-Long Beach-Anaheim, CA",6,California,37,Los Angeles,34.1365,-117.92391
07/05/2019,AQS,2,16.3,ppb,15,Azusa,24,100,42602,Nitrogen dioxide (NO2),74,31080,"Los Angeles-Long Beach-Anaheim, CA",6,California,37,Los Angeles,34.1365,-117.92391
07/06/2019,AQS,2,13.6,ppb,12,Azusa,24,100,42602,Nitrogen dioxide (NO2),74,31080,"Los Angeles-Long Beach-Anaheim, CA",6,California,37,Los Angeles,34.1365,-117.92391
07/07/2019,AQS,2,8.5,ppb,8,Azusa,24,100,42602,Nitrogen dioxide (NO2),74,31080,"Los Angeles-Long Beach-Anaheim, CA",6,California,37,Los Angeles,34.1365,-117.92391
07/08/2019,AQS,2,18.5,ppb,17,Azusa,24,100,42602,Nitrogen dioxide (NO2),74,31080,"Los Angeles-Long Beach-Anaheim, CA",6,California,37,Los Angeles,34.1365,-117.92391
07/09/2019,AQS,2,22.6,ppb,21,Azusa,24,100,42602,Nitrogen dioxide (NO2),74,31080,"Los Angeles-Long Beach-Anaheim, CA",6,California,37,Los Angeles,34.1365,-117.92391
07/10/2019,AQS,2,30.4,ppb,28,Azusa,24,100,42602,Nitrogen dioxide (NO2),74,31080,"Los Angeles-Long Beach-Anaheim, CA",6,California,37,Los Angeles,34.1365,-117.92391
07/11/2019,AQS,2,28.2,ppb,26,Azusa,24,100,42602,Nitrogen dioxide (NO2),74,31080,"Los Angeles-Long Beach-Anaheim, CA",6,California,37,Los Angeles,34.1365,-117.92391
07/12/2019,AQS,2,33.9,ppb,31,Azusa,24,100,42602,Nitrogen dioxide (NO2),74,31080,"Los Angeles-Long Beach-Anaheim, CA",6,California,37,Los Angeles,34.1365,-117.92391
07/13/2019,AQS,2,24.5,ppb,23,Azusa,24,100,42602,Nitrogen dioxide (NO2),74,31080,"Los Angeles-Long Beach-Anaheim, CA",6,California,37,Los Angeles,34.1365,-117.92391
07/14/2019,AQS,2,16.6,ppb,15,Azusa,24,100,42602,Nitrogen dioxide (NO2),74,31080,"Los Angeles-Long Beach-Anaheim, CA",6,California,37,Los Angeles,34.1365,-117.92391
07/15/2019,AQS,2,37,ppb,35,Azusa,24,100,42602,Nitrogen dioxide (NO2),74,31080,"Los Angeles-Long Beach-Anaheim, CA",6,California,37,Los Angeles,34.1365,-117.92391
07/16/2019,AQS,2,33.3,ppb,31,Azusa,24,100,42602,Nitrogen dioxide (NO2),74,31080,"Los Angeles-Long Beach-Anaheim, CA",6,California,37,Los Angeles,34.1365,-117.92391
07/17/2019,AQS,2,17.6,ppb,16,Azusa,22,92,42602,Nitrogen dioxide (NO2),74,31080,"Los Angeles-Long Beach-Anaheim, CA",6,California,37,Los Angeles,34.1365,-117.92391
07/18/2019,AQS,2,15,ppb,14,Azusa,24,100,42602,Nitrogen dioxide (NO2),74,31080,"Los Angeles-Long Beach-Anaheim, CA",6,California,37,Los Angeles,34.1365,-117.92391
07/19/2019,AQS,2,17.3,ppb,16,Azusa,21,88,42602,Nitrogen dioxide (NO2),74,31080,"Los Angeles-Long Beach-Anaheim, CA",6,California,37,Los Angeles,34.1365,-117.92391
07/20/2019,AQS,2,13.7,ppb,12,Azusa,24,100,42602,Nitrogen dioxide (NO2),74,31080,"Los Angeles-Long Beach-Anaheim, CA",6,California,37,Los Angeles,34.1365,-117.92391
07/21/2019,AQS,2,20.9,ppb,19,Azusa,24,100,42602,Nitrogen dioxide (NO2),74,31080,"Los Angeles-Long Beach-Anaheim, CA",6,California,37,Los Angeles,34.1365,-117.92391
07/22/2019,AQS,2,26.9,ppb,25,Azusa,24,100,42602,Nitrogen dioxide (NO2),74,31080,"Los Angeles-Long Beach-Anaheim, CA",6,California,37,Los Angeles,34.1365,-117.92391
07/23/2019,AQS,2,35.4,ppb,33,Azusa,24,100,42602,Nitrogen dioxide (NO2),74,31080,"Los Angeles-Long Beach-Anaheim, CA",6,California,37,Los Angeles,34.1365,-117.92391
07/24/2019,AQS,2,37.7,ppb,35,Azusa,24,100,42602,Nitrogen dioxide (NO2),74,31080,"Los Angeles-Long Beach-Anaheim, CA",6,California,37,Los Angeles,34.1365,-117.92391
07/25/2019,AQS,2,34.6,ppb,32,Azusa,24,100,42602,Nitrogen dioxide (NO2),74,31080,"Los Angeles-Long Beach-Anaheim, CA",6,California,37,Los Angeles,34.1365,-117.92391
07/26/2019,AQS,2,30.7,ppb,28,Azusa,24,100,42602,Nitrogen dioxide (NO2),74,31080,"Los Angeles-Long Beach-Anaheim, CA",6,California,37,Los Angeles,34.1365,-117.92391
07/27/2019,AQS,2,33.8,ppb,31,Azusa,24,100,42602,Nitrogen dioxide (NO2),74,31080,"Los Angeles-Long Beach-Anaheim, CA",6,California,37,Los Angeles,34.1365,-117.92391
07/28/2019,AQS,2,21.7,ppb,20,Azusa,24,100,42602,Nitrogen dioxide (NO2),74,31080,"Los Angeles-Long Beach-Anaheim, CA",6,California,37,Los Angeles,34.1365,-117.92391
07/29/2019,AQS,2,26.7,ppb,25,Azusa,24,100,42602,Nitrogen dioxide (NO2),74,31080,"Los Angeles-Long Beach-Anaheim, CA",6,California,37,Los Angeles,34.1365,-117.92391
07/30/2019,AQS,2,21.4,ppb,20,Azusa,24,100,42602,Nitrogen dioxide (NO2),74,31080,"Los Angeles-Long Beach-Anaheim, CA",6,California,37,Los Angeles,34.1365,-117.92391
07/31/2019,AQS,2,25.1,ppb,24,Azusa,24,100,42602,Nitrogen dioxide (NO2),74,31080,"Los Angeles-Long Beach-Anaheim, CA",6,California,37,Los Angeles,34.1365,-117.92391
08/01/2019,AQS,2,34.6,ppb,32,Azusa,24,100,42602,Nitrogen dioxide (NO2),74,31080,"Los Angeles-Long Beach-Anaheim, CA",6,California,37,Los Angeles,34.1365,-117.92391
08/02/2019,AQS,2,37.5,ppb,35,Azusa,24,100,42602,Nitrogen dioxide (NO2),74,31080,"Los Angeles-Long Beach-Anaheim, CA",6,California,37,Los Angeles,34.1365,-117.92391
08/03/2019,AQS,2,30.2,ppb,28,Azusa,24,100,42602,Nitrogen dioxide (NO2),74,31080,"Los Angeles-Long Beach-Anaheim, CA",6,California,37,Los Angeles,34.1365,-117.92391
08/04/2019,AQS,2,20.1,ppb,19,Azusa,24,100,42602,Nitrogen dioxide (NO2),74,31080,"Los Angeles-Long Beach-Anaheim, CA",6,California,37,Los Angeles,34.1365,-117.92391
08/05/2019,AQS,2,30.5,ppb,28,Azusa,24,100,42602,Nitrogen dioxide (NO2),74,31080,"Los Angeles-Long Beach-Anaheim, CA",6,California,37,Los Angeles,34.1365,-117.92391
08/06/2019,AQS,2,26.4,ppb,25,Azusa,24,100,42602,Nitrogen dioxide (NO2),74,31080,"Los Angeles-Long Beach-Anaheim, CA",6,California,37,Los Angeles,34.1365,-117.92391
08/07/2019,AQS,2,24.1,ppb,23,Azusa,19,79,42602,Nitrogen dioxide (NO2),74,31080,"Los Angeles-Long Beach-Anaheim, CA",6,California,37,Los Angeles,34.1365,-117.92391
08/08/2019,AQS,2,31.6,ppb,29,Azusa,24,100,42602,Nitrogen dioxide (NO2),74,31080,"Los Angeles-Long Beach-Anaheim, CA",6,California,37,Los Angeles,34.1365,-117.92391
08/09/2019,AQS,2,33.4,ppb,31,Azusa,24,100,42602,Nitrogen dioxide (NO2),74,31080,"Los Angeles-Long Beach-Anaheim, CA",6,California,37,Los Angeles,34.1365,-117.92391
08/10/2019,AQS,2,28.5,ppb,26,Azusa,24,100,42602,Nitrogen dioxide (NO2),74,31080,"Los Angeles-Long Beach-Anaheim, CA",6,California,37,Los Angeles,34.1365,-117.92391
08/11/2019,AQS,2,14.5,ppb,13,Azusa,24,100,42602,Nitrogen dioxide (NO2),74,31080,"Los Angeles-Long Beach-Anaheim, CA",6,California,37,Los Angeles,34.1365,-117.92391
08/12/2019,AQS,2,25.4,ppb,24,Azusa,24,100,42602,Nitrogen dioxide (NO2),74,31080,"Los Angeles-Long Beach-Anaheim, CA",6,California,37,Los Angeles,34.1365,-117.92391
08/13/2019,AQS,2,35.3,ppb,33,Azusa,24,100,42602,Nitrogen dioxide (NO2),74,31080,"Los Angeles-Long Beach-Anaheim, CA",6,California,37,Los Angeles,34.1365,-117.92391
08/14/2019,AQS,2,39.3,ppb,37,Azusa,24,100,42602,Nitrogen dioxide (NO2),74,31080,"Los Angeles-Long Beach-Anaheim, CA",6,California,37,Los Angeles,34.1365,-117.92391
08/15/2019,AQS,2,31.5,ppb,29,Azusa,24,100,42602,Nitrogen dioxide (NO2),74,31080,"Los Angeles-Long Beach-Anaheim, CA",6,California,37,Los Angeles,34.1365,-117.92391
08/16/2019,AQS,2,27.2,ppb,25,Azusa,24,100,42602,Nitrogen dioxide (NO2),74,31080,"Los Angeles-Long Beach-Anaheim, CA",6,California,37,Los Angeles,34.1365,-117.92391
08/17/2019,AQS,2,14.6,ppb,13,Azusa,24,100,42602,Nitrogen dioxide (NO2),74,31080,"Los Angeles-Long Beach-Anaheim, CA",6,California,37,Los Angeles,34.1365,-117.92391
08/18/2019,AQS,2,13.1,ppb,12,Azusa,24,100,42602,Nitrogen dioxide (NO2),74,31080,"Los Angeles-Long Beach-Anaheim, CA",6,California,37,Los Angeles,34.1365,-117.92391
08/19/2019,AQS,2,25.6,ppb,24,Azusa,24,100,42602,Nitrogen dioxide (NO2),74,31080,"Los Angeles-Long Beach-Anaheim, CA",6,California,37,Los Angeles,34.1365,-117.92391
08/20/2019,AQS,2,31,ppb,29,Azusa,24,100,42602,Nitrogen dioxide (NO2),74,31080,"Los Angeles-Long Beach-Anaheim, CA",6,California,37,Los Angeles,34.1365,-117.92391
08/21/2019,AQS,2,40.3,ppb,38,Azusa,24,100,42602,Nitrogen dioxide (NO2),74,31080,"Los Angeles-Long Beach-Anaheim, CA",6,California,37,Los Angeles,34.1365,-117.92391
08/22/2019,AQS,2,35.1,ppb,33,Azusa,24,100,42602,Nitrogen dioxide (NO2),74,31080,"Los Angeles-Long Beach-Anaheim, CA",6,California,37,Los Angeles,34.1365,-117.92391
08/23/2019,AQS,2,19.4,ppb,18,Azusa,24,100,42602,Nitrogen dioxide (NO2),74,31080,"Los Angeles-Long Beach-Anaheim, CA",6,California,37,Los Angeles,34.1365,-117.92391
08/24/2019,AQS,2,27.2,ppb,25,Azusa,24,100,42602,Nitrogen dioxide (NO2),74,31080,"Los Angeles-Long Beach-Anaheim, CA",6,California,37,Los Angeles,34.1365,-117.92391
08/25/2019,AQS,2,21.2,ppb,20,Azusa,24,100,42602,Nitrogen dioxide (NO2),74,31080,"Los Angeles-Long Beach-Anaheim, CA",6,California,37,Los Angeles,34.1365,-117.92391
08/26/2019,AQS,2,34.8,ppb,32,Azusa,24,100,42602,Nitrogen dioxide (NO2),74,31080,"Los Angeles-Long Beach-Anaheim, CA",6,California,37,Los Angeles,34.1365,-117.92391
08/27/2019,AQS,2,30.5,ppb,28,Azusa,24,100,42602,Nitrogen dioxide (NO2),74,31080,"Los Angeles-Long Beach-Anaheim, CA",6,California,37,Los Angeles,34.1365,-117.92391
08/28/2019,AQS,2,19.5,ppb,18,Azusa,24,100,42602,Nitrogen dioxide (NO2),74,31080,"Los Angeles-Long Beach-Anaheim, CA",6,California,37,Los Angeles,34.1365,-117.92391
08/29/2019,AQS,2,29.8,ppb,27,Azusa,22,92,42602,Nitrogen dioxide (NO2),74,31080,"Los Angeles-Long Beach-Anaheim, CA",6,California,37,Los Angeles,34.1365,-117.92391
08/30/2019,AQS,2,34.2,ppb,32,Azusa,21,88,42602,Nitrogen dioxide (NO2),74,31080,"Los Angeles-Long Beach-Anaheim, CA",6,California,37,Los Angeles,34.1365,-117.92391
08/31/2019,AQS,2,29,ppb,27,Azusa,24,100,42602,Nitrogen dioxide (NO2),74,31080,"Los Angeles-Long Beach-Anaheim, CA",6,California,37,Los Angeles,34.1365,-117.92391
09/01/2019,AQS,2,18.8,ppb,17,Azusa,24,100,42602,Nitrogen dioxide (NO2),74,31080,"Los Angeles-Long Beach-Anaheim, CA",6,California,37,Los Angeles,34.1365,-117.92391
09/02/2019,AQS,2,16.3,ppb,15,Azusa,24,100,42602,Nitrogen dioxide (NO2),74,31080,"Los Angeles-Long Beach-Anaheim, CA",6,California,37,Los Angeles,34.1365,-117.92391
09/03/2019,AQS,2,33.5,ppb,31,Azusa,24,100,42602,Nitrogen dioxide (NO2),74,31080,"Los Angeles-Long Beach-Anaheim, CA",6,California,37,Los Angeles,34.1365,-117.92391
09/04/2019,AQS,2,39.2,ppb,37,Azusa,24,100,42602,Nitrogen dioxide (NO2),74,31080,"Los Angeles-Long Beach-Anaheim, CA",6,California,37,Los Angeles,34.1365,-117.92391
09/05/2019,AQS,2,42.1,ppb,40,Azusa,24,100,42602,Nitrogen dioxide (NO2),74,31080,"Los Angeles-Long Beach-Anaheim, CA",6,California,37,Los Angeles,34.1365,-117.92391
09/06/2019,AQS,2,27.2,ppb,25,Azusa,24,100,42602,Nitrogen dioxide (NO2),74,31080,"Los Angeles-Long Beach-Anaheim, CA",6,California,37,Los Angeles,34.1365,-117.92391
09/07/2019,AQS,2,29,ppb,27,Azusa,24,100,42602,Nitrogen dioxide (NO2),74,31080,"Los Angeles-Long Beach-Anaheim, CA",6,California,37,Los Angeles,34.1365,-117.92391
09/08/2019,AQS,2,18.3,ppb,17,Azusa,24,100,42602,Nitrogen dioxide (NO2),74,31080,"Los Angeles-Long Beach-Anaheim, CA",6,California,37,Los Angeles,34.1365,-117.92391
09/09/2019,AQS,2,18.1,ppb,17,Azusa,24,100,42602,Nitrogen dioxide (NO2),74,31080,"Los Angeles-Long Beach-Anaheim, CA",6,California,37,Los Angeles,34.1365,-117.92391
09/10/2019,AQS,2,11.5,ppb,10,Azusa,24,100,42602,Nitrogen dioxide (NO2),74,31080,"Los Angeles-Long Beach-Anaheim, CA",6,California,37,Los Angeles,34.1365,-117.92391
09/11/2019,AQS,2,23.4,ppb,22,Azusa,24,100,42602,Nitrogen dioxide (NO2),74,31080,"Los Angeles-Long Beach-Anaheim, CA",6,California,37,Los Angeles,34.1365,-117.92391
09/12/2019,AQS,2,38.9,ppb,36,Azusa,24,100,42602,Nitrogen dioxide (NO2),74,31080,"Los Angeles-Long Beach-Anaheim, CA",6,California,37,Los Angeles,34.1365,-117.92391
09/13/2019,AQS,2,47.8,ppb,44,Azusa,24,100,42602,Nitrogen dioxide (NO2),74,31080,"Los Angeles-Long Beach-Anaheim, CA",6,California,37,Los Angeles,34.1365,-117.92391
09/14/2019,AQS,2,39.3,ppb,37,Azusa,24,100,42602,Nitrogen dioxide (NO2),74,31080,"Los Angeles-Long Beach-Anaheim, CA",6,California,37,Los Angeles,34.1365,-117.92391
09/15/2019,AQS,2,31.9,ppb,29,Azusa,24,100,42602,Nitrogen dioxide (NO2),74,31080,"Los Angeles-Long Beach-Anaheim, CA",6,California,37,Los Angeles,34.1365,-117.92391
09/16/2019,AQS,2,30.2,ppb,28,Azusa,24,100,42602,Nitrogen dioxide (NO2),74,31080,"Los Angeles-Long Beach-Anaheim, CA",6,California,37,Los Angeles,34.1365,-117.92391
09/17/2019,AQS,2,25.9,ppb,24,Azusa,24,100,42602,Nitrogen dioxide (NO2),74,31080,"Los Angeles-Long Beach-Anaheim, CA",6,California,37,Los Angeles,34.1365,-117.92391
09/18/2019,AQS,2,26.2,ppb,25,Azusa,24,100,42602,Nitrogen dioxide (NO2),74,31080,"Los Angeles-Long Beach-Anaheim, CA",6,California,37,Los Angeles,34.1365,-117.92391
09/19/2019,AQS,2,19.7,ppb,18,Azusa,24,100,42602,Nitrogen dioxide (NO2),74,31080,"Los Angeles-Long Beach-Anaheim, CA",6,California,37,Los Angeles,34.1365,-117.92391
09/20/2019,AQS,2,19.7,ppb,18,Azusa,24,100,42602,Nitrogen dioxide (NO2),74,31080,"Los Angeles-Long Beach-Anaheim, CA",6,California,37,Los Angeles,34.1365,-117.92391
09/21/2019,AQS,2,23.2,ppb,22,Azusa,24,100,42602,Nitrogen dioxide (NO2),74,31080,"Los Angeles-Long Beach-Anaheim, CA",6,California,37,Los Angeles,34.1365,-117.92391
09/22/2019,AQS,2,24,ppb,23,Azusa,24,100,42602,Nitrogen dioxide (NO2),74,31080,"Los Angeles-Long Beach-Anaheim, CA",6,California,37,Los Angeles,34.1365,-117.92391
09/23/2019,AQS,2,29.8,ppb,27,Azusa,24,100,42602,Nitrogen dioxide (NO2),74,31080,"Los Angeles-Long Beach-Anaheim, CA",6,California,37,Los Angeles,34.1365,-117.92391
09/24/2019,AQS,2,35.7,ppb,33,Azusa,24,100,42602,Nitrogen dioxide (NO2),74,31080,"Los Angeles-Long Beach-Anaheim, CA",6,California,37,Los Angeles,34.1365,-117.92391
09/25/2019,AQS,2,34.8,ppb,32,Azusa,24,100,42602,Nitrogen dioxide (NO2),74,31080,"Los Angeles-Long Beach-Anaheim, CA",6,California,37,Los Angeles,34.1365,-117.92391
09/26/2019,AQS,2,16.4,ppb,15,Azusa,24,100,42602,Nitrogen dioxide (NO2),74,31080,"Los Angeles-Long Beach-Anaheim, CA",6,California,37,Los Angeles,34.1365,-117.92391
09/27/2019,AQS,2,21.1,ppb,20,Azusa,24,100,42602,Nitrogen dioxide (NO2),74,31080,"Los Angeles-Long Beach-Anaheim, CA",6,California,37,Los Angeles,34.1365,-117.92391
09/28/2019,AQS,2,16.9,ppb,15,Azusa,24,100,42602,Nitrogen dioxide (NO2),74,31080,"Los Angeles-Long Beach-Anaheim, CA",6,California,37,Los Angeles,34.1365,-117.92391
09/29/2019,AQS,2,11.5,ppb,10,Azusa,24,100,42602,Nitrogen dioxide (NO2),74,31080,"Los Angeles-Long Beach-Anaheim, CA",6,California,37,Los Angeles,34.1365,-117.92391
09/30/2019,AQS,2,19.6,ppb,18,Azusa,24,100,42602,Nitrogen dioxide (NO2),74,31080,"Los Angeles-Long Beach-Anaheim, CA",6,California,37,Los Angeles,34.1365,-117.92391
10/01/2019,AQS,2,15.3,ppb,14,Azusa,24,100,42602,Nitrogen dioxide (NO2),74,31080,"Los Angeles-Long Beach-Anaheim, CA",6,California,37,Los Angeles,34.1365,-117.92391
10/02/2019,AQS,2,28.5,ppb,26,Azusa,24,100,42602,Nitrogen dioxide (NO2),74,31080,"Los Angeles-Long Beach-Anaheim, CA",6,California,37,Los Angeles,34.1365,-117.92391
10/03/2019,AQS,2,43.3,ppb,41,Azusa,24,100,42602,Nitrogen dioxide (NO2),74,31080,"Los Angeles-Long Beach-Anaheim, CA",6,California,37,Los Angeles,34.1365,-117.92391
10/04/2019,AQS,2,36.2,ppb,34,Azusa,24,100,42602,Nitrogen dioxide (NO2),74,31080,"Los Angeles-Long Beach-Anaheim, CA",6,California,37,Los Angeles,34.1365,-117.92391
10/05/2019,AQS,2,24.8,ppb,23,Azusa,24,100,42602,Nitrogen dioxide (NO2),74,31080,"Los Angeles-Long Beach-Anaheim, CA",6,California,37,Los Angeles,34.1365,-117.92391
10/06/2019,AQS,2,33.3,ppb,31,Azusa,24,100,42602,Nitrogen dioxide (NO2),74,31080,"Los Angeles-Long Beach-Anaheim, CA",6,California,37,Los Angeles,34.1365,-117.92391
10/07/2019,AQS,2,54.4,ppb,51,Azusa,24,100,42602,Nitrogen dioxide (NO2),74,31080,"Los Angeles-Long Beach-Anaheim, CA",6,California,37,Los Angeles,34.1365,-117.92391
10/08/2019,AQS,2,44,ppb,42,Azusa,24,100,42602,Nitrogen dioxide (NO2),74,31080,"Los Angeles-Long Beach-Anaheim, CA",6,California,37,Los Angeles,34.1365,-117.92391
10/09/2019,AQS,2,25.1,ppb,24,Azusa,24,100,42602,Nitrogen dioxide (NO2),74,31080,"Los Angeles-Long Beach-Anaheim, CA",6,California,37,Los Angeles,34.1365,-117.92391
10/10/2019,AQS,2,37.8,ppb,35,Azusa,24,100,42602,Nitrogen dioxide (NO2),74,31080,"Los Angeles-Long Beach-Anaheim, CA",6,California,37,Los Angeles,34.1365,-117.92391
10/11/2019,AQS,2,22.9,ppb,21,Azusa,24,100,42602,Nitrogen dioxide (NO2),74,31080,"Los Angeles-Long Beach-Anaheim, CA",6,California,37,Los Angeles,34.1365,-117.92391
10/12/2019,AQS,2,31.7,ppb,29,Azusa,24,100,42602,Nitrogen dioxide (NO2),74,31080,"Los Angeles-Long Beach-Anaheim, CA",6,California,37,Los Angeles,34.1365,-117.92391
10/13/2019,AQS,2,25.6,ppb,24,Azusa,24,100,42602,Nitrogen dioxide (NO2),74,31080,"Los Angeles-Long Beach-Anaheim, CA",6,California,37,Los Angeles,34.1365,-117.92391
10/14/2019,AQS,2,21,ppb,20,Azusa,24,100,42602,Nitrogen dioxide (NO2),74,31080,"Los Angeles-Long Beach-Anaheim, CA",6,California,37,Los Angeles,34.1365,-117.92391
10/15/2019,AQS,2,41.8,ppb,39,Azusa,24,100,42602,Nitrogen dioxide (NO2),74,31080,"Los Angeles-Long Beach-Anaheim, CA",6,California,37,Los Angeles,34.1365,-117.92391
10/16/2019,AQS,2,46.4,ppb,43,Azusa,24,100,42602,Nitrogen dioxide (NO2),74,31080,"Los Angeles-Long Beach-Anaheim, CA",6,California,37,Los Angeles,34.1365,-117.92391
10/17/2019,AQS,2,41.2,ppb,39,Azusa,24,100,42602,Nitrogen dioxide (NO2),74,31080,"Los Angeles-Long Beach-Anaheim, CA",6,California,37,Los Angeles,34.1365,-117.92391
10/18/2019,AQS,2,25.2,ppb,24,Azusa,24,100,42602,Nitrogen dioxide (NO2),74,31080,"Los Angeles-Long Beach-Anaheim, CA",6,California,37,Los Angeles,34.1365,-117.92391
10/19/2019,AQS,2,25.6,ppb,24,Azusa,24,100,42602,Nitrogen dioxide (NO2),74,31080,"Los Angeles-Long Beach-Anaheim, CA",6,California,37,Los Angeles,34.1365,-117.92391
10/20/2019,AQS,2,32.5,ppb,30,Azusa,24,100,42602,Nitrogen dioxide (NO2),74,31080,"Los Angeles-Long Beach-Anaheim, CA",6,California,37,Los Angeles,34.1365,-117.92391
10/21/2019,AQS,2,23.3,ppb,22,Azusa,24,100,42602,Nitrogen dioxide (NO2),74,31080,"Los Angeles-Long Beach-Anaheim, CA",6,California,37,Los Angeles,34.1365,-117.92391
10/22/2019,AQS,2,33.9,ppb,31,Azusa,24,100,42602,Nitrogen dioxide (NO2),74,31080,"Los Angeles-Long Beach-Anaheim, CA",6,California,37,Los Angeles,34.1365,-117.92391
10/23/2019,AQS,2,46.1,ppb,43,Azusa,24,100,42602,Nitrogen dioxide (NO2),74,31080,"Los Angeles-Long Beach-Anaheim, CA",6,California,37,Los Angeles,34.1365,-117.92391
10/24/2019,AQS,2,49.8,ppb,46,Azusa,24,100,42602,Nitrogen dioxide (NO2),74,31080,"Los Angeles-Long Beach-Anaheim, CA",6,California,37,Los Angeles,34.1365,-117.92391
10/25/2019,AQS,2,21.5,ppb,20,Azusa,24,100,42602,Nitrogen dioxide (NO2),74,31080,"Los Angeles-Long Beach-Anaheim, CA",6,California,37,Los Angeles,34.1365,-117.92391
10/26/2019,AQS,2,21.8,ppb,20,Azusa,24,100,42602,Nitrogen dioxide (NO2),74,31080,"Los Angeles-Long Beach-Anaheim, CA",6,California,37,Los Angeles,34.1365,-117.92391
10/27/2019,AQS,2,9.8,ppb,8,Azusa,24,100,42602,Nitrogen dioxide (NO2),74,31080,"Los Angeles-Long Beach-Anaheim, CA",6,California,37,Los Angeles,34.1365,-117.92391
10/28/2019,AQS,2,27.7,ppb,25,Azusa,24,100,42602,Nitrogen dioxide (NO2),74,31080,"Los Angeles-Long Beach-Anaheim, CA",6,California,37,Los Angeles,34.1365,-117.92391
10/29/2019,AQS,2,40.1,ppb,38,Azusa,24,100,42602,Nitrogen dioxide (NO2),74,31080,"Los Angeles-Long Beach-Anaheim, CA",6,California,37,Los Angeles,34.1365,-117.92391
10/30/2019,AQS,2,35.6,ppb,33,Azusa,24,100,42602,Nitrogen dioxide (NO2),74,31080,"Los Angeles-Long Beach-Anaheim, CA",6,California,37,Los Angeles,34.1365,-117.92391
10/31/2019,AQS,2,21,ppb,20,Azusa,24,100,42602,Nitrogen dioxide (NO2),74,31080,"Los Angeles-Long Beach-Anaheim, CA",6,California,37,Los Angeles,34.1365,-117.92391
11/01/2019,AQS,2,43.6,ppb,41,Azusa,21,88,42602,Nitrogen dioxide (NO2),74,31080,"Los Angeles-Long Beach-Anaheim, CA",6,California,37,Los Angeles,34.1365,-117.92391
11/02/2019,AQS,2,46.9,ppb,43,Azusa,24,100,42602,Nitrogen dioxide (NO2),74,31080,"Los Angeles-Long Beach-Anaheim, CA",6,California,37,Los Angeles,34.1365,-117.92391
11/03/2019,AQS,2,29,ppb,27,Azusa,24,100,42602,Nitrogen dioxide (NO2),74,31080,"Los Angeles-Long Beach-Anaheim, CA",6,California,37,Los Angeles,34.1365,-117.92391
11/04/2019,AQS,2,49.9,ppb,46,Azusa,24,100,42602,Nitrogen dioxide (NO2),74,31080,"Los Angeles-Long Beach-Anaheim, CA",6,California,37,Los Angeles,34.1365,-117.92391
11/05/2019,AQS,2,55.1,ppb,52,Azusa,24,100,42602,Nitrogen dioxide (NO2),74,31080,"Los Angeles-Long Beach-Anaheim, CA",6,California,37,Los Angeles,34.1365,-117.92391
11/06/2019,AQS,2,46,ppb,43,Azusa,24,100,42602,Nitrogen dioxide (NO2),74,31080,"Los Angeles-Long Beach-Anaheim, CA",6,California,37,Los Angeles,34.1365,-117.92391
11/07/2019,AQS,2,50.9,ppb,47,Azusa,24,100,42602,Nitrogen dioxide (NO2),74,31080,"Los Angeles-Long Beach-Anaheim, CA",6,California,37,Los Angeles,34.1365,-117.92391
11/08/2019,AQS,2,44,ppb,42,Azusa,24,100,42602,Nitrogen dioxide (NO2),74,31080,"Los Angeles-Long Beach-Anaheim, CA",6,California,37,Los Angeles,34.1365,-117.92391
11/09/2019,AQS,2,42.2,ppb,40,Azusa,24,100,42602,Nitrogen dioxide (NO2),74,31080,"Los Angeles-Long Beach-Anaheim, CA",6,California,37,Los Angeles,34.1365,-117.92391
11/10/2019,AQS,2,36.8,ppb,34,Azusa,24,100,42602,Nitrogen dioxide (NO2),74,31080,"Los Angeles-Long Beach-Anaheim, CA",6,California,37,Los Angeles,34.1365,-117.92391
11/11/2019,AQS,2,37.1,ppb,35,Azusa,24,100,42602,Nitrogen dioxide (NO2),74,31080,"Los Angeles-Long Beach-Anaheim, CA",6,California,37,Los Angeles,34.1365,-117.92391
11/12/2019,AQS,2,49.8,ppb,46,Azusa,24,100,42602,Nitrogen dioxide (NO2),74,31080,"Los Angeles-Long Beach-Anaheim, CA",6,California,37,Los Angeles,34.1365,-117.92391
11/13/2019,AQS,2,43.3,ppb,41,Azusa,24,100,42602,Nitrogen dioxide (NO2),74,31080,"Los Angeles-Long Beach-Anaheim, CA",6,California,37,Los Angeles,34.1365,-117.92391
11/14/2019,AQS,2,40.1,ppb,38,Azusa,24,100,42602,Nitrogen dioxide (NO2),74,31080,"Los Angeles-Long Beach-Anaheim, CA",6,California,37,Los Angeles,34.1365,-117.92391
11/15/2019,AQS,2,38,ppb,36,Azusa,24,100,42602,Nitrogen dioxide (NO2),74,31080,"Los Angeles-Long Beach-Anaheim, CA",6,California,37,Los Angeles,34.1365,-117.92391
11/16/2019,AQS,2,35,ppb,33,Azusa,24,100,42602,Nitrogen dioxide (NO2),74,31080,"Los Angeles-Long Beach-Anaheim, CA",6,California,37,Los Angeles,34.1365,-117.92391
11/17/2019,AQS,2,30.2,ppb,28,Azusa,24,100,42602,Nitrogen dioxide (NO2),74,31080,"Los Angeles-Long Beach-Anaheim, CA",6,California,37,Los Angeles,34.1365,-117.92391
11/18/2019,AQS,2,55.1,ppb,52,Azusa,24,100,42602,Nitrogen dioxide (NO2),74,31080,"Los Angeles-Long Beach-Anaheim, CA",6,California,37,Los Angeles,34.1365,-117.92391
11/19/2019,AQS,2,45.2,ppb,42,Azusa,24,100,42602,Nitrogen dioxide (NO2),74,31080,"Los Angeles-Long Beach-Anaheim, CA",6,California,37,Los Angeles,34.1365,-117.92391
11/20/2019,AQS,2,15.5,ppb,14,Azusa,24,100,42602,Nitrogen dioxide (NO2),74,31080,"Los Angeles-Long Beach-Anaheim, CA",6,California,37,Los Angeles,34.1365,-117.92391
11/21/2019,AQS,2,21.4,ppb,20,Azusa,24,100,42602,Nitrogen dioxide (NO2),74,31080,"Los Angeles-Long Beach-Anaheim, CA",6,California,37,Los Angeles,34.1365,-117.92391
11/22/2019,AQS,2,27.6,ppb,25,Azusa,24,100,42602,Nitrogen dioxide (NO2),74,31080,"Los Angeles-Long Beach-Anaheim, CA",6,California,37,Los Angeles,34.1365,-117.92391
11/23/2019,AQS,2,17.9,ppb,16,Azusa,24,100,42602,Nitrogen dioxide (NO2),74,31080,"Los Angeles-Long Beach-Anaheim, CA",6,California,37,Los Angeles,34.1365,-117.92391
11/24/2019,AQS,2,22.8,ppb,21,Azusa,24,100,42602,Nitrogen dioxide (NO2),74,31080,"Los Angeles-Long Beach-Anaheim, CA",6,California,37,Los Angeles,34.1365,-117.92391
11/25/2019,AQS,2,26.9,ppb,25,Azusa,24,100,42602,Nitrogen dioxide (NO2),74,31080,"Los Angeles-Long Beach-Anaheim, CA",6,California,37,Los Angeles,34.1365,-117.92391
11/26/2019,AQS,2,25.8,ppb,24,Azusa,24,100,42602,Nitrogen dioxide (NO2),74,31080,"Los Angeles-Long Beach-Anaheim, CA",6,California,37,Los Angeles,34.1365,-117.92391
11/27/2019,AQS,2,22.9,ppb,21,Azusa,24,100,42602,Nitrogen dioxide (NO2),74,31080,"Los Angeles-Long Beach-Anaheim, CA",6,California,37,Los Angeles,34.1365,-117.92391
11/28/2019,AQS,2,6,ppb,6,Azusa,24,100,42602,Nitrogen dioxide (NO2),74,31080,"Los Angeles-Long Beach-Anaheim, CA",6,California,37,Los Angeles,34.1365,-117.92391
11/29/2019,AQS,2,13.1,ppb,12,Azusa,24,100,42602,Nitrogen dioxide (NO2),74,31080,"Los Angeles-Long Beach-Anaheim, CA",6,California,37,Los Angeles,34.1365,-117.92391
11/30/2019,AQS,2,6.8,ppb,6,Azusa,24,100,42602,Nitrogen dioxide (NO2),74,31080,"Los Angeles-Long Beach-Anaheim, CA",6,California,37,Los Angeles,34.1365,-117.92391
12/01/2019,AQS,2,19.8,ppb,18,Azusa,24,100,42602,Nitrogen dioxide (NO2),74,31080,"Los Angeles-Long Beach-Anaheim, CA",6,California,37,Los Angeles,34.1365,-117.92391
12/02/2019,AQS,2,46.8,ppb,43,Azusa,24,100,42602,Nitrogen dioxide (NO2),74,31080,"Los Angeles-Long Beach-Anaheim, CA",6,California,37,Los Angeles,34.1365,-117.92391
12/03/2019,AQS,2,43.2,ppb,41,Azusa,24,100,42602,Nitrogen dioxide (NO2),74,31080,"Los Angeles-Long Beach-Anaheim, CA",6,California,37,Los Angeles,34.1365,-117.92391
12/04/2019,AQS,2,33.6,ppb,31,Azusa,24,100,42602,Nitrogen dioxide (NO2),74,31080,"Los Angeles-Long Beach-Anaheim, CA",6,California,37,Los Angeles,34.1365,-117.92391
12/05/2019,AQS,2,19.5,ppb,18,Azusa,24,100,42602,Nitrogen dioxide (NO2),74,31080,"Los Angeles-Long Beach-Anaheim, CA",6,California,37,Los Angeles,34.1365,-117.92391
12/06/2019,AQS,2,32.2,ppb,30,Azusa,24,100,42602,Nitrogen dioxide (NO2),74,31080,"Los Angeles-Long Beach-Anaheim, CA",6,California,37,Los Angeles,34.1365,-117.92391
12/07/2019,AQS,2,10.5,ppb,9,Azusa,24,100,42602,Nitrogen dioxide (NO2),74,31080,"Los Angeles-Long Beach-Anaheim, CA",6,California,37,Los Angeles,34.1365,-117.92391
12/08/2019,AQS,2,10.4,ppb,9,Azusa,24,100,42602,Nitrogen dioxide (NO2),74,31080,"Los Angeles-Long Beach-Anaheim, CA",6,California,37,Los Angeles,34.1365,-117.92391
12/09/2019,AQS,2,27.7,ppb,25,Azusa,24,100,42602,Nitrogen dioxide (NO2),74,31080,"Los Angeles-Long Beach-Anaheim, CA",6,California,37,Los Angeles,34.1365,-117.92391
12/10/2019,AQS,2,27.2,ppb,25,Azusa,24,100,42602,Nitrogen dioxide (NO2),74,31080,"Los Angeles-Long Beach-Anaheim, CA",6,California,37,Los Angeles,34.1365,-117.92391
12/11/2019,AQS,2,39.3,ppb,37,Azusa,24,100,42602,Nitrogen dioxide (NO2),74,31080,"Los Angeles-Long Beach-Anaheim, CA",6,California,37,Los Angeles,34.1365,-117.92391
12/12/2019,AQS,2,46.7,ppb,43,Azusa,24,100,42602,Nitrogen dioxide (NO2),74,31080,"Los Angeles-Long Beach-Anaheim, CA",6,California,37,Los Angeles,34.1365,-117.92391
12/13/2019,AQS,2,55.3,ppb,52,Azusa,24,100,42602,Nitrogen dioxide (NO2),74,31080,"Los Angeles-Long Beach-Anaheim, CA",6,California,37,Los Angeles,34.1365,-117.92391
12/14/2019,AQS,2,16.6,ppb,15,Azusa,24,100,42602,Nitrogen dioxide (NO2),74,31080,"Los Angeles-Long Beach-Anaheim, CA",6,California,37,Los Angeles,34.1365,-117.92391
12/15/2019,AQS,2,18.3,ppb,17,Azusa,24,100,42602,Nitrogen dioxide (NO2),74,31080,"Los Angeles-Long Beach-Anaheim, CA",6,California,37,Los Angeles,34.1365,-117.92391
12/16/2019,AQS,2,27.9,ppb,25,Azusa,24,100,42602,Nitrogen dioxide (NO2),74,31080,"Los Angeles-Long Beach-Anaheim, CA",6,California,37,Los Angeles,34.1365,-117.92391
12/17/2019,AQS,2,26.3,ppb,25,Azusa,24,100,42602,Nitrogen dioxide (NO2),74,31080,"Los Angeles-Long Beach-Anaheim, CA",6,California,37,Los Angeles,34.1365,-117.92391
12/18/2019,AQS,2,30.8,ppb,28,Azusa,24,100,42602,Nitrogen dioxide (NO2),74,31080,"Los Angeles-Long Beach-Anaheim, CA",6,California,37,Los Angeles,34.1365,-117.92391
12/19/2019,AQS,2,28.3,ppb,26,Azusa,24,100,42602,Nitrogen dioxide (NO2),74,31080,"Los Angeles-Long Beach-Anaheim, CA",6,California,37,Los Angeles,34.1365,-117.92391
12/20/2019,AQS,2,26.9,ppb,25,Azusa,24,100,42602,Nitrogen dioxide (NO2),74,31080,"Los Angeles-Long Beach-Anaheim, CA",6,California,37,Los Angeles,34.1365,-117.92391
12/21/2019,AQS,2,23.2,ppb,22,Azusa,24,100,42602,Nitrogen dioxide (NO2),74,31080,"Los Angeles-Long Beach-Anaheim, CA",6,California,37,Los Angeles,34.1365,-117.92391
12/22/2019,AQS,2,26.6,ppb,25,Azusa,24,100,42602,Nitrogen dioxide (NO2),74,31080,"Los Angeles-Long Beach-Anaheim, CA",6,California,37,Los Angeles,34.1365,-117.92391
12/23/2019,AQS,2,19.1,ppb,18,Azusa,24,100,42602,Nitrogen dioxide (NO2),74,31080,"Los Angeles-Long Beach-Anaheim, CA",6,California,37,Los Angeles,34.1365,-117.92391
12/24/2019,AQS,2,21.6,ppb,20,Azusa,24,100,42602,Nitrogen dioxide (NO2),74,31080,"Los Angeles-Long Beach-Anaheim, CA",6,California,37,Los Angeles,34.1365,-117.92391
12/25/2019,AQS,2,8.2,ppb,8,Azusa,24,100,42602,Nitrogen dioxide (NO2),74,31080,"Los Angeles-Long Beach-Anaheim, CA",6,California,37,Los Angeles,34.1365,-117.92391
12/26/2019,AQS,2,14.7,ppb,13,Azusa,24,100,42602,Nitrogen dioxide (NO2),74,31080,"Los Angeles-Long Beach-Anaheim, CA",6,California,37,Los Angeles,34.1365,-117.92391
12/27/2019,AQS,2,21.5,ppb,20,Azusa,24,100,42602,Nitrogen dioxide (NO2),74,31080,"Los Angeles-Long Beach-Anaheim, CA",6,California,37,Los Angeles,34.1365,-117.92391
12/28/2019,AQS,2,14.2,ppb,13,Azusa,24,100,42602,Nitrogen dioxide (NO2),74,31080,"Los Angeles-Long Beach-Anaheim, CA",6,California,37,Los Angeles,34.1365,-117.92391
12/29/2019,AQS,2,28.8,ppb,26,Azusa,24,100,42602,Nitrogen dioxide (NO2),74,31080,"Los Angeles-Long Beach-Anaheim, CA",6,California,37,Los Angeles,34.1365,-117.92391
12/30/2019,AQS,2,39.1,ppb,37,Azusa,24,100,42602,Nitrogen dioxide (NO2),74,31080,"Los Angeles-Long Beach-Anaheim, CA",6,California,37,Los Angeles,34.1365,-117.92391
12/31/2019,AQS,2,30.6,ppb,28,Azusa,24,100,42602,Nitrogen dioxide (NO2),74,31080,"Los Angeles-Long Beach-Anaheim, CA",6,California,37,Los Angeles,34.1365,-117.92391
01/01/2020,AQS,2,21.2,ppb,20,Azusa,24,100,42602,Nitrogen dioxide (NO2),74,31080,"Los Angeles-Long Beach-Anaheim, CA",6,California,37,Los Angeles,34.1365,-117.92391
01/02/2020,AQS,2,28.2,ppb,26,Azusa,24,100,42602,Nitrogen dioxide (NO2),74,31080,"Los Angeles-Long Beach-Anaheim, CA",6,California,37,Los Angeles,34.1365,-117.92391
01/03/2020,AQS,2,27.3,ppb,25,Azusa,24,100,42602,Nitrogen dioxide (NO2),74,31080,"Los Angeles-Long Beach-Anaheim, CA",6,California,37,Los Angeles,34.1365,-117.92391
01/04/2020,AQS,2,43.9,ppb,41,Azusa,24,100,42602,Nitrogen dioxide (NO2),74,31080,"Los Angeles-Long Beach-Anaheim, CA",6,California,37,Los Angeles,34.1365,-117.92391
01/05/2020,AQS,2,33.6,ppb,31,Azusa,24,100,42602,Nitrogen dioxide (NO2),74,31080,"Los Angeles-Long Beach-Anaheim, CA",6,California,37,Los Angeles,34.1365,-117.92391
01/06/2020,AQS,2,21.4,ppb,20,Azusa,24,100,42602,Nitrogen dioxide (NO2),74,31080,"Los Angeles-Long Beach-Anaheim, CA",6,California,37,Los Angeles,34.1365,-117.92391
01/07/2020,AQS,2,39.1,ppb,37,Azusa,24,100,42602,Nitrogen dioxide (NO2),74,31080,"Los Angeles-Long Beach-Anaheim, CA",6,California,37,Los Angeles,34.1365,-117.92391
01/08/2020,AQS,2,31.8,ppb,29,Azusa,24,100,42602,Nitrogen dioxide (NO2),74,31080,"Los Angeles-Long Beach-Anaheim, CA",6,California,37,Los Angeles,34.1365,-117.92391
01/09/2020,AQS,2,22.2,ppb,21,Azusa,24,100,42602,Nitrogen dioxide (NO2),74,31080,"Los Angeles-Long Beach-Anaheim, CA",6,California,37,Los Angeles,34.1365,-117.92391
01/10/2020,AQS,2,28.7,ppb,26,Azusa,24,100,42602,Nitrogen dioxide (NO2),74,31080,"Los Angeles-Long Beach-Anaheim, CA",6,California,37,Los Angeles,34.1365,-117.92391
01/11/2020,AQS,2,25.6,ppb,24,Azusa,24,100,42602,Nitrogen dioxide (NO2),74,31080,"Los Angeles-Long Beach-Anaheim, CA",6,California,37,Los Angeles,34.1365,-117.92391
01/12/2020,AQS,2,22.1,ppb,21,Azusa,24,100,42602,Nitrogen dioxide (NO2),74,31080,"Los Angeles-Long Beach-Anaheim, CA",6,California,37,Los Angeles,34.1365,-117.92391
01/13/2020,AQS,2,26,ppb,25,Azusa,24,100,42602,Nitrogen dioxide (NO2),74,31080,"Los Angeles-Long Beach-Anaheim, CA",6,California,37,Los Angeles,34.1365,-117.92391
01/14/2020,AQS,2,38.6,ppb,36,Azusa,24,100,42602,Nitrogen dioxide (NO2),74,31080,"Los Angeles-Long Beach-Anaheim, CA",6,California,37,Los Angeles,34.1365,-117.92391
01/15/2020,AQS,2,44.9,ppb,42,Azusa,24,100,42602,Nitrogen dioxide (NO2),74,31080,"Los Angeles-Long Beach-Anaheim, CA",6,California,37,Los Angeles,34.1365,-117.92391
01/16/2020,AQS,2,35.5,ppb,33,Azusa,24,100,42602,Nitrogen dioxide (NO2),74,31080,"Los Angeles-Long Beach-Anaheim, CA",6,California,37,Los Angeles,34.1365,-117.92391
01/17/2020,AQS,2,13.8,ppb,12,Azusa,24,100,42602,Nitrogen dioxide (NO2),74,31080,"Los Angeles-Long Beach-Anaheim, CA",6,California,37,Los Angeles,34.1365,-117.92391
01/18/2020,AQS,2,16.2,ppb,15,Azusa,24,100,42602,Nitrogen dioxide (NO2),74,31080,"Los Angeles-Long Beach-Anaheim, CA",6,California,37,Los Angeles,34.1365,-117.92391
01/19/2020,AQS,2,29.8,ppb,27,Azusa,24,100,42602,Nitrogen dioxide (NO2),74,31080,"Los Angeles-Long Beach-Anaheim, CA",6,California,37,Los Angeles,34.1365,-117.92391
01/20/2020,AQS,2,37.6,ppb,35,Azusa,24,100,42602,Nitrogen dioxide (NO2),74,31080,"Los Angeles-Long Beach-Anaheim, CA",6,California,37,Los Angeles,34.1365,-117.92391
01/21/2020,AQS,2,30.4,ppb,28,Azusa,24,100,42602,Nitrogen dioxide (NO2),74,31080,"Los Angeles-Long Beach-Anaheim, CA",6,California,37,Los Angeles,34.1365,-117.92391
01/22/2020,AQS,2,23.4,ppb,22,Azusa,24,100,42602,Nitrogen dioxide (NO2),74,31080,"Los Angeles-Long Beach-Anaheim, CA",6,California,37,Los Angeles,34.1365,-117.92391
01/23/2020,AQS,2,28.6,ppb,26,Azusa,24,100,42602,Nitrogen dioxide (NO2),74,31080,"Los Angeles-Long Beach-Anaheim, CA",6,California,37,Los Angeles,34.1365,-117.92391
01/24/2020,AQS,2,59.4,ppb,56,Azusa,24,100,42602,Nitrogen dioxide (NO2),74,31080,"Los Angeles-Long Beach-Anaheim, CA",6,California,37,Los Angeles,34.1365,-117.92391
01/25/2020,AQS,2,43.3,ppb,41,Azusa,24,100,42602,Nitrogen dioxide (NO2),74,31080,"Los Angeles-Long Beach-Anaheim, CA",6,California,37,Los Angeles,34.1365,-117.92391
01/26/2020,AQS,2,21.9,ppb,20,Azusa,24,100,42602,Nitrogen dioxide (NO2),74,31080,"Los Angeles-Long Beach-Anaheim, CA",6,California,37,Los Angeles,34.1365,-117.92391
01/27/2020,AQS,2,41.7,ppb,39,Azusa,24,100,42602,Nitrogen dioxide (NO2),74,31080,"Los Angeles-Long Beach-Anaheim, CA",6,California,37,Los Angeles,34.1365,-117.92391
01/28/2020,AQS,2,34.3,ppb,32,Azusa,24,100,42602,Nitrogen dioxide (NO2),74,31080,"Los Angeles-Long Beach-Anaheim, CA",6,California,37,Los Angeles,34.1365,-117.92391
01/29/2020,AQS,2,32.1,ppb,30,Azusa,24,100,42602,Nitrogen dioxide (NO2),74,31080,"Los Angeles-Long Beach-Anaheim, CA",6,California,37,Los Angeles,34.1365,-117.92391
01/30/2020,AQS,2,29.5,ppb,27,Azusa,24,100,42602,Nitrogen dioxide (NO2),74,31080,"Los Angeles-Long Beach-Anaheim, CA",6,California,37,Los Angeles,34.1365,-117.92391
01/31/2020,AQS,2,22.8,ppb,21,Azusa,24,100,42602,Nitrogen dioxide (NO2),74,31080,"Los Angeles-Long Beach-Anaheim, CA",6,California,37,Los Angeles,34.1365,-117.92391
02/01/2020,AQS,2,13.4,ppb,12,Azusa,24,100,42602,Nitrogen dioxide (NO2),74,31080,"Los Angeles-Long Beach-Anaheim, CA",6,California,37,Los Angeles,34.1365,-117.92391
02/02/2020,AQS,2,12.9,ppb,11,Azusa,24,100,42602,Nitrogen dioxide (NO2),74,31080,"Los Angeles-Long Beach-Anaheim, CA",6,California,37,Los Angeles,34.1365,-117.92391
02/03/2020,AQS,2,6,ppb,6,Azusa,24,100,42602,Nitrogen dioxide (NO2),74,31080,"Los Angeles-Long Beach-Anaheim, CA",6,California,37,Los Angeles,34.1365,-117.92391
02/04/2020,AQS,2,39.8,ppb,37,Azusa,24,100,42602,Nitrogen dioxide (NO2),74,31080,"Los Angeles-Long Beach-Anaheim, CA",6,California,37,Los Angeles,34.1365,-117.92391
02/05/2020,AQS,2,30.8,ppb,28,Azusa,24,100,42602,Nitrogen dioxide (NO2),74,31080,"Los Angeles-Long Beach-Anaheim, CA",6,California,37,Los Angeles,34.1365,-117.92391
02/06/2020,AQS,2,33.8,ppb,31,Azusa,24,100,42602,Nitrogen dioxide (NO2),74,31080,"Los Angeles-Long Beach-Anaheim, CA",6,California,37,Los Angeles,34.1365,-117.92391
02/07/2020,AQS,2,39.8,ppb,37,Azusa,24,100,42602,Nitrogen dioxide (NO2),74,31080,"Los Angeles-Long Beach-Anaheim, CA",6,California,37,Los Angeles,34.1365,-117.92391
02/08/2020,AQS,2,43.8,ppb,41,Azusa,24,100,42602,Nitrogen dioxide (NO2),74,31080,"Los Angeles-Long Beach-Anaheim, CA",6,California,37,Los Angeles,34.1365,-117.92391
02/09/2020,AQS,2,12.1,ppb,11,Azusa,24,100,42602,Nitrogen dioxide (NO2),74,31080,"Los Angeles-Long Beach-Anaheim, CA",6,California,37,Los Angeles,34.1365,-117.92391
02/10/2020,AQS,2,30.5,ppb,28,Azusa,24,100,42602,Nitrogen dioxide (NO2),74,31080,"Los Angeles-Long Beach-Anaheim, CA",6,California,37,Los Angeles,34.1365,-117.92391
02/11/2020,AQS,2,35.2,ppb,33,Azusa,24,100,42602,Nitrogen dioxide (NO2),74,31080,"Los Angeles-Long Beach-Anaheim, CA",6,California,37,Los Angeles,34.1365,-117.92391
02/12/2020,AQS,2,22,ppb,21,Azusa,24,100,42602,Nitrogen dioxide (NO2),74,31080,"Los Angeles-Long Beach-Anaheim, CA",6,California,37,Los Angeles,34.1365,-117.92391
02/13/2020,AQS,2,38.9,ppb,36,Azusa,24,100,42602,Nitrogen dioxide (NO2),74,31080,"Los Angeles-Long Beach-Anaheim, CA",6,California,37,Los Angeles,34.1365,-117.92391
02/14/2020,AQS,2,40.5,ppb,38,Azusa,24,100,42602,Nitrogen dioxide (NO2),74,31080,"Los Angeles-Long Beach-Anaheim, CA",6,California,37,Los Angeles,34.1365,-117.92391
02/15/2020,AQS,2,28.6,ppb,26,Azusa,24,100,42602,Nitrogen dioxide (NO2),74,31080,"Los Angeles-Long Beach-Anaheim, CA",6,California,37,Los Angeles,34.1365,-117.92391
02/16/2020,AQS,2,24.6,ppb,23,Azusa,24,100,42602,Nitrogen dioxide (NO2),74,31080,"Los Angeles-Long Beach-Anaheim, CA",6,California,37,Los Angeles,34.1365,-117.92391
02/17/2020,AQS,2,39.8,ppb,37,Azusa,24,100,42602,Nitrogen dioxide (NO2),74,31080,"Los Angeles-Long Beach-Anaheim, CA",6,California,37,Los Angeles,34.1365,-117.92391
02/18/2020,AQS,2,36.1,ppb,34,Azusa,24,100,42602,Nitrogen dioxide (NO2),74,31080,"Los Angeles-Long Beach-Anaheim, CA",6,California,37,Los Angeles,34.1365,-117.92391
02/19/2020,AQS,2,36.8,ppb,34,Azusa,24,100,42602,Nitrogen dioxide (NO2),74,31080,"Los Angeles-Long Beach-Anaheim, CA",6,California,37,Los Angeles,34.1365,-117.92391
02/20/2020,AQS,2,33.7,ppb,31,Azusa,23,96,42602,Nitrogen dioxide (NO2),74,31080,"Los Angeles-Long Beach-Anaheim, CA",6,California,37,Los Angeles,34.1365,-117.92391
02/22/2020,AQS,2,8.4,ppb,8,Azusa,24,100,42602,Nitrogen dioxide (NO2),74,31080,"Los Angeles-Long Beach-Anaheim, CA",6,California,37,Los Angeles,34.1365,-117.92391
02/23/2020,AQS,2,13.1,ppb,12,Azusa,24,100,42602,Nitrogen dioxide (NO2),74,31080,"Los Angeles-Long Beach-Anaheim, CA",6,California,37,Los Angeles,34.1365,-117.92391
02/24/2020,AQS,2,27.3,ppb,25,Azusa,24,100,42602,Nitrogen dioxide (NO2),74,31080,"Los Angeles-Long Beach-Anaheim, CA",6,California,37,Los Angeles,34.1365,-117.92391
02/25/2020,AQS,2,31.6,ppb,29,Azusa,19,79,42602,Nitrogen dioxide (NO2),74,31080,"Los Angeles-Long Beach-Anaheim, CA",6,California,37,Los Angeles,34.1365,-117.92391
02/26/2020,AQS,2,18.6,ppb,17,Azusa,24,100,42602,Nitrogen dioxide (NO2),74,31080,"Los Angeles-Long Beach-Anaheim, CA",6,California,37,Los Angeles,34.1365,-117.92391
02/27/2020,AQS,2,21.3,ppb,20,Azusa,24,100,42602,Nitrogen dioxide (NO2),74,31080,"Los Angeles-Long Beach-Anaheim, CA",6,California,37,Los Angeles,34.1365,-117.92391
02/28/2020,AQS,2,22.4,ppb,21,Azusa,24,100,42602,Nitrogen dioxide (NO2),74,31080,"Los Angeles-Long Beach-Anaheim, CA",6,California,37,Los Angeles,34.1365,-117.92391
02/29/2020,AQS,2,24.9,ppb,23,Azusa,24,100,42602,Nitrogen dioxide (NO2),74,31080,"Los Angeles-Long Beach-Anaheim, CA",6,California,37,Los Angeles,34.1365,-117.92391
03/01/2020,AQS,2,6,ppb,6,Azusa,24,100,42602,Nitrogen dioxide (NO2),74,31080,"Los Angeles-Long Beach-Anaheim, CA",6,California,37,Los Angeles,34.1365,-117.92391
03/02/2020,AQS,2,28.3,ppb,26,Azusa,24,100,42602,Nitrogen dioxide (NO2),74,31080,"Los Angeles-Long Beach-Anaheim, CA",6,California,37,Los Angeles,34.1365,-117.92391
03/03/2020,AQS,2,37,ppb,35,Azusa,24,100,42602,Nitrogen dioxide (NO2),74,31080,"Los Angeles-Long Beach-Anaheim, CA",6,California,37,Los Angeles,34.1365,-117.92391
03/04/2020,AQS,2,35.3,ppb,33,Azusa,24,100,42602,Nitrogen dioxide (NO2),74,31080,"Los Angeles-Long Beach-Anaheim, CA",6,California,37,Los Angeles,34.1365,-117.92391
03/05/2020,AQS,2,34.5,ppb,32,Azusa,24,100,42602,Nitrogen dioxide (NO2),74,31080,"Los Angeles-Long Beach-Anaheim, CA",6,California,37,Los Angeles,34.1365,-117.92391
03/06/2020,AQS,2,33.6,ppb,31,Azusa,24,100,42602,Nitrogen dioxide (NO2),74,31080,"Los Angeles-Long Beach-Anaheim, CA",6,California,37,Los Angeles,34.1365,-117.92391
03/07/2020,AQS,2,9.6,ppb,8,Azusa,24,100,42602,Nitrogen dioxide (NO2),74,31080,"Los Angeles-Long Beach-Anaheim, CA",6,California,37,Los Angeles,34.1365,-117.92391
03/08/2020,AQS,2,9.3,ppb,8,Azusa,24,100,42602,Nitrogen dioxide (NO2),74,31080,"Los Angeles-Long Beach-Anaheim, CA",6,California,37,Los Angeles,34.1365,-117.92391
03/09/2020,AQS,2,13.3,ppb,12,Azusa,24,100,42602,Nitrogen dioxide (NO2),74,31080,"Los Angeles-Long Beach-Anaheim, CA",6,California,37,Los Angeles,34.1365,-117.92391
03/10/2020,AQS,2,14.4,ppb,13,Azusa,24,100,42602,Nitrogen dioxide (NO2),74,31080,"Los Angeles-Long Beach-Anaheim, CA",6,California,37,Los Angeles,34.1365,-117.92391
03/11/2020,AQS,2,11.4,ppb,10,Azusa,24,100,42602,Nitrogen dioxide (NO2),74,31080,"Los Angeles-Long Beach-Anaheim, CA",6,California,37,Los Angeles,34.1365,-117.92391
03/12/2020,AQS,2,26.3,ppb,25,Azusa,24,100,42602,Nitrogen dioxide (NO2),74,31080,"Los Angeles-Long Beach-Anaheim, CA",6,California,37,Los Angeles,34.1365,-117.92391
03/13/2020,AQS,2,14.9,ppb,13,Azusa,24,100,42602,Nitrogen dioxide (NO2),74,31080,"Los Angeles-Long Beach-Anaheim, CA",6,California,37,Los Angeles,34.1365,-117.92391
03/14/2020,AQS,2,13.8,ppb,12,Azusa,24,100,42602,Nitrogen dioxide (NO2),74,31080,"Los Angeles-Long Beach-Anaheim, CA",6,California,37,Los Angeles,34.1365,-117.92391
03/15/2020,AQS,2,6.4,ppb,6,Azusa,24,100,42602,Nitrogen dioxide (NO2),74,31080,"Los Angeles-Long Beach-Anaheim, CA",6,California,37,Los Angeles,34.1365,-117.92391
03/16/2020,AQS,2,12.5,ppb,11,Azusa,24,100,42602,Nitrogen dioxide (NO2),74,31080,"Los Angeles-Long Beach-Anaheim, CA",6,California,37,Los Angeles,34.1365,-117.92391
03/17/2020,AQS,2,11.8,ppb,10,Azusa,24,100,42602,Nitrogen dioxide (NO2),74,31080,"Los Angeles-Long Beach-Anaheim, CA",6,California,37,Los Angeles,34.1365,-117.92391
03/18/2020,AQS,2,22.6,ppb,21,Azusa,24,100,42602,Nitrogen dioxide (NO2),74,31080,"Los Angeles-Long Beach-Anaheim, CA",6,California,37,Los Angeles,34.1365,-117.92391
03/20/2020,AQS,2,13.2,ppb,12,Azusa,24,100,42602,Nitrogen dioxide (NO2),74,31080,"Los Angeles-Long Beach-Anaheim, CA",6,California,37,Los Angeles,34.1365,-117.92391
03/21/2020,AQS,2,11.7,ppb,10,Azusa,24,100,42602,Nitrogen dioxide (NO2),74,31080,"Los Angeles-Long Beach-Anaheim, CA",6,California,37,Los Angeles,34.1365,-117.92391
03/22/2020,AQS,2,9.2,ppb,8,Azusa,24,100,42602,Nitrogen dioxide (NO2),74,31080,"Los Angeles-Long Beach-Anaheim, CA",6,California,37,Los Angeles,34.1365,-117.92391
03/23/2020,AQS,2,21.9,ppb,20,Azusa,24,100,42602,Nitrogen dioxide (NO2),74,31080,"Los Angeles-Long Beach-Anaheim, CA",6,California,37,Los Angeles,34.1365,-117.92391
03/24/2020,AQS,2,9.3,ppb,8,Azusa,20,83,42602,Nitrogen dioxide (NO2),74,31080,"Los Angeles-Long Beach-Anaheim, CA",6,California,37,Los Angeles,34.1365,-117.92391
03/25/2020,AQS,2,9.4,ppb,8,Azusa,22,92,42602,Nitrogen dioxide (NO2),74,31080,"Los Angeles-Long Beach-Anaheim, CA",6,California,37,Los Angeles,34.1365,-117.92391
03/26/2020,AQS,2,7.7,ppb,7,Azusa,24,100,42602,Nitrogen dioxide (NO2),74,31080,"Los Angeles-Long Beach-Anaheim, CA",6,California,37,Los Angeles,34.1365,-117.92391
03/27/2020,AQS,2,9.5,ppb,8,Azusa,24,100,42602,Nitrogen dioxide (NO2),74,31080,"Los Angeles-Long Beach-Anaheim, CA",6,California,37,Los Angeles,34.1365,-117.92391
03/28/2020,AQS,2,8.5,ppb,8,Azusa,24,100,42602,Nitrogen dioxide (NO2),74,31080,"Los Angeles-Long Beach-Anaheim, CA",6,California,37,Los Angeles,34.1365,-117.92391
03/29/2020,AQS,2,5.6,ppb,5,Azusa,24,100,42602,Nitrogen dioxide (NO2),74,31080,"Los Angeles-Long Beach-Anaheim, CA",6,California,37,Los Angeles,34.1365,-117.92391
03/30/2020,AQS,2,18.1,ppb,17,Azusa,24,100,42602,Nitrogen dioxide (NO2),74,31080,"Los Angeles-Long Beach-Anaheim, CA",6,California,37,Los Angeles,34.1365,-117.92391
03/31/2020,AQS,2,38,ppb,36,Azusa,24,100,42602,Nitrogen dioxide (NO2),74,31080,"Los Angeles-Long Beach-Anaheim, CA",6,California,37,Los Angeles,34.1365,-117.92391
04/01/2020,AQS,2,24.6,ppb,23,Azusa,24,100,42602,Nitrogen dioxide (NO2),74,31080,"Los Angeles-Long Beach-Anaheim, CA",6,California,37,Los Angeles,34.1365,-117.92391
04/02/2020,AQS,2,12.6,ppb,11,Azusa,24,100,42602,Nitrogen dioxide (NO2),74,31080,"Los Angeles-Long Beach-Anaheim, CA",6,California,37,Los Angeles,34.1365,-117.92391
04/03/2020,AQS,2,11.6,ppb,10,Azusa,24,100,42602,Nitrogen dioxide (NO2),74,31080,"Los Angeles-Long Beach-Anaheim, CA",6,California,37,Los Angeles,34.1365,-117.92391
04/04/2020,AQS,2,16.1,ppb,15,Azusa,24,100,42602,Nitrogen dioxide (NO2),74,31080,"Los Angeles-Long Beach-Anaheim, CA",6,California,37,Los Angeles,34.1365,-117.92391
04/05/2020,AQS,2,4.6,ppb,4,Azusa,24,100,42602,Nitrogen dioxide (NO2),74,31080,"Los Angeles-Long Beach-Anaheim, CA",6,California,37,Los Angeles,34.1365,-117.92391
04/06/2020,AQS,2,10.6,ppb,9,Azusa,24,100,42602,Nitrogen dioxide (NO2),74,31080,"Los Angeles-Long Beach-Anaheim, CA",6,California,37,Los Angeles,34.1365,-117.92391
04/07/2020,AQS,2,12.2,ppb,11,Azusa,24,100,42602,Nitrogen dioxide (NO2),74,31080,"Los Angeles-Long Beach-Anaheim, CA",6,California,37,Los Angeles,34.1365,-117.92391
04/08/2020,AQS,2,15.8,ppb,14,Azusa,24,100,42602,Nitrogen dioxide (NO2),74,31080,"Los Angeles-Long Beach-Anaheim, CA",6,California,37,Los Angeles,34.1365,-117.92391
04/09/2020,AQS,2,6.4,ppb,6,Azusa,24,100,42602,Nitrogen dioxide (NO2),74,31080,"Los Angeles-Long Beach-Anaheim, CA",6,California,37,Los Angeles,34.1365,-117.92391
04/10/2020,AQS,2,8.7,ppb,8,Azusa,24,100,42602,Nitrogen dioxide (NO2),74,31080,"Los Angeles-Long Beach-Anaheim, CA",6,California,37,Los Angeles,34.1365,-117.92391
04/11/2020,AQS,2,9.5,ppb,8,Azusa,24,100,42602,Nitrogen dioxide (NO2),74,31080,"Los Angeles-Long Beach-Anaheim, CA",6,California,37,Los Angeles,34.1365,-117.92391
04/12/2020,AQS,2,4.6,ppb,4,Azusa,24,100,42602,Nitrogen dioxide (NO2),74,31080,"Los Angeles-Long Beach-Anaheim, CA",6,California,37,Los Angeles,34.1365,-117.92391
04/13/2020,AQS,2,15.8,ppb,14,Azusa,24,100,42602,Nitrogen dioxide (NO2),74,31080,"Los Angeles-Long Beach-Anaheim, CA",6,California,37,Los Angeles,34.1365,-117.92391
04/14/2020,AQS,2,15.6,ppb,14,Azusa,24,100,42602,Nitrogen dioxide (NO2),74,31080,"Los Angeles-Long Beach-Anaheim, CA",6,California,37,Los Angeles,34.1365,-117.92391
04/15/2020,AQS,2,24.6,ppb,23,Azusa,24,100,42602,Nitrogen dioxide (NO2),74,31080,"Los Angeles-Long Beach-Anaheim, CA",6,California,37,Los Angeles,34.1365,-117.92391
04/16/2020,AQS,2,16.9,ppb,15,Azusa,24,100,42602,Nitrogen dioxide (NO2),74,31080,"Los Angeles-Long Beach-Anaheim, CA",6,California,37,Los Angeles,34.1365,-117.92391
04/17/2020,AQS,2,17.4,ppb,16,Azusa,24,100,42602,Nitrogen dioxide (NO2),74,31080,"Los Angeles-Long Beach-Anaheim, CA",6,California,37,Los Angeles,34.1365,-117.92391
04/18/2020,AQS,2,8.7,ppb,8,Azusa,24,100,42602,Nitrogen dioxide (NO2),74,31080,"Los Angeles-Long Beach-Anaheim, CA",6,California,37,Los Angeles,34.1365,-117.92391
04/19/2020,AQS,2,7.8,ppb,7,Azusa,24,100,42602,Nitrogen dioxide (NO2),74,31080,"Los Angeles-Long Beach-Anaheim, CA",6,California,37,Los Angeles,34.1365,-117.92391
04/20/2020,AQS,2,11.5,ppb,10,Azusa,24,100,42602,Nitrogen dioxide (NO2),74,31080,"Los Angeles-Long Beach-Anaheim, CA",6,California,37,Los Angeles,34.1365,-117.92391
04/21/2020,AQS,2,17,ppb,16,Azusa,24,100,42602,Nitrogen dioxide (NO2),74,31080,"Los Angeles-Long Beach-Anaheim, CA",6,California,37,Los Angeles,34.1365,-117.92391
04/22/2020,AQS,2,17.1,ppb,16,Azusa,24,100,42602,Nitrogen dioxide (NO2),74,31080,"Los Angeles-Long Beach-Anaheim, CA",6,California,37,Los Angeles,34.1365,-117.92391
04/23/2020,AQS,2,32.5,ppb,30,Azusa,24,100,42602,Nitrogen dioxide (NO2),74,31080,"Los Angeles-Long Beach-Anaheim, CA",6,California,37,Los Angeles,34.1365,-117.92391
04/24/2020,AQS,2,25.6,ppb,24,Azusa,24,100,42602,Nitrogen dioxide (NO2),74,31080,"Los Angeles-Long Beach-Anaheim, CA",6,California,37,Los Angeles,34.1365,-117.92391
04/25/2020,AQS,2,29,ppb,27,Azusa,24,100,42602,Nitrogen dioxide (NO2),74,31080,"Los Angeles-Long Beach-Anaheim, CA",6,California,37,Los Angeles,34.1365,-117.92391
04/26/2020,AQS,2,19.6,ppb,18,Azusa,24,100,42602,Nitrogen dioxide (NO2),74,31080,"Los Angeles-Long Beach-Anaheim, CA",6,California,37,Los Angeles,34.1365,-117.92391
04/27/2020,AQS,2,23.6,ppb,22,Azusa,24,100,42602,Nitrogen dioxide (NO2),74,31080,"Los Angeles-Long Beach-Anaheim, CA",6,California,37,Los Angeles,34.1365,-117.92391
04/28/2020,AQS,2,25.1,ppb,24,Azusa,24,100,42602,Nitrogen dioxide (NO2),74,31080,"Los Angeles-Long Beach-Anaheim, CA",6,California,37,Los Angeles,34.1365,-117.92391
04/29/2020,AQS,2,17.6,ppb,16,Azusa,24,100,42602,Nitrogen dioxide (NO2),74,31080,"Los Angeles-Long Beach-Anaheim, CA",6,California,37,Los Angeles,34.1365,-117.92391
04/30/2020,AQS,2,16.2,ppb,15,Azusa,24,100,42602,Nitrogen dioxide (NO2),74,31080,"Los Angeles-Long Beach-Anaheim, CA",6,California,37,Los Angeles,34.1365,-117.92391
05/01/2020,AQS,2,13.1,ppb,12,Azusa,24,100,42602,Nitrogen dioxide (NO2),74,31080,"Los Angeles-Long Beach-Anaheim, CA",6,California,37,Los Angeles,34.1365,-117.92391
05/02/2020,AQS,2,13,ppb,12,Azusa,24,100,42602,Nitrogen dioxide (NO2),74,31080,"Los Angeles-Long Beach-Anaheim, CA",6,California,37,Los Angeles,34.1365,-117.92391
05/03/2020,AQS,2,9.7,ppb,8,Azusa,24,100,42602,Nitrogen dioxide (NO2),74,31080,"Los Angeles-Long Beach-Anaheim, CA",6,California,37,Los Angeles,34.1365,-117.92391
05/04/2020,AQS,2,17.1,ppb,16,Azusa,24,100,42602,Nitrogen dioxide (NO2),74,31080,"Los Angeles-Long Beach-Anaheim, CA",6,California,37,Los Angeles,34.1365,-117.92391
05/05/2020,AQS,2,35.6,ppb,33,Azusa,24,100,42602,Nitrogen dioxide (NO2),74,31080,"Los Angeles-Long Beach-Anaheim, CA",6,California,37,Los Angeles,34.1365,-117.92391
05/06/2020,AQS,2,45.4,ppb,42,Azusa,24,100,42602,Nitrogen dioxide (NO2),74,31080,"Los Angeles-Long Beach-Anaheim, CA",6,California,37,Los Angeles,34.1365,-117.92391
05/07/2020,AQS,2,43.1,ppb,41,Azusa,24,100,42602,Nitrogen dioxide (NO2),74,31080,"Los Angeles-Long Beach-Anaheim, CA",6,California,37,Los Angeles,34.1365,-117.92391
05/08/2020,AQS,2,34.1,ppb,32,Azusa,24,100,42602,Nitrogen dioxide (NO2),74,31080,"Los Angeles-Long Beach-Anaheim, CA",6,California,37,Los Angeles,34.1365,-117.92391
05/09/2020,AQS,2,21.4,ppb,20,Azusa,24,100,42602,Nitrogen dioxide (NO2),74,31080,"Los Angeles-Long Beach-Anaheim, CA",6,California,37,Los Angeles,34.1365,-117.92391
05/10/2020,AQS,2,9.5,ppb,8,Azusa,24,100,42602,Nitrogen dioxide (NO2),74,31080,"Los Angeles-Long Beach-Anaheim, CA",6,California,37,Los Angeles,34.1365,-117.92391
05/11/2020,AQS,2,13.6,ppb,12,Azusa,24,100,42602,Nitrogen dioxide (NO2),74,31080,"Los Angeles-Long Beach-Anaheim, CA",6,California,37,Los Angeles,34.1365,-117.92391
05/12/2020,AQS,2,10.4,ppb,9,Azusa,21,88,42602,Nitrogen dioxide (NO2),74,31080,"Los Angeles-Long Beach-Anaheim, CA",6,California,37,Los Angeles,34.1365,-117.92391
05/13/2020,AQS,2,10.5,ppb,9,Azusa,24,100,42602,Nitrogen dioxide (NO2),74,31080,"Los Angeles-Long Beach-Anaheim, CA",6,California,37,Los Angeles,34.1365,-117.92391
05/14/2020,AQS,2,10,ppb,9,Azusa,24,100,42602,Nitrogen dioxide (NO2),74,31080,"Los Angeles-Long Beach-Anaheim, CA",6,California,37,Los Angeles,34.1365,-117.92391
05/15/2020,AQS,2,13.9,ppb,12,Azusa,24,100,42602,Nitrogen dioxide (NO2),74,31080,"Los Angeles-Long Beach-Anaheim, CA",6,California,37,Los Angeles,34.1365,-117.92391
05/16/2020,AQS,2,21,ppb,20,Azusa,24,100,42602,Nitrogen dioxide (NO2),74,31080,"Los Angeles-Long Beach-Anaheim, CA",6,California,37,Los Angeles,34.1365,-117.92391
05/17/2020,AQS,2,7,ppb,7,Azusa,24,100,42602,Nitrogen dioxide (NO2),74,31080,"Los Angeles-Long Beach-Anaheim, CA",6,California,37,Los Angeles,34.1365,-117.92391
05/18/2020,AQS,2,8.5,ppb,8,Azusa,24,100,42602,Nitrogen dioxide (NO2),74,31080,"Los Angeles-Long Beach-Anaheim, CA",6,California,37,Los Angeles,34.1365,-117.92391
05/19/2020,AQS,2,11.8,ppb,10,Azusa,24,100,42602,Nitrogen dioxide (NO2),74,31080,"Los Angeles-Long Beach-Anaheim, CA",6,California,37,Los Angeles,34.1365,-117.92391
05/20/2020,AQS,2,13.8,ppb,12,Azusa,24,100,42602,Nitrogen dioxide (NO2),74,31080,"Los Angeles-Long Beach-Anaheim, CA",6,California,37,Los Angeles,34.1365,-117.92391
05/21/2020,AQS,2,23.1,ppb,22,Azusa,24,100,42602,Nitrogen dioxide (NO2),74,31080,"Los Angeles-Long Beach-Anaheim, CA",6,California,37,Los Angeles,34.1365,-117.92391
05/22/2020,AQS,2,15.5,ppb,14,Azusa,24,100,42602,Nitrogen dioxide (NO2),74,31080,"Los Angeles-Long Beach-Anaheim, CA",6,California,37,Los Angeles,34.1365,-117.92391
05/23/2020,AQS,2,7.6,ppb,7,Azusa,24,100,42602,Nitrogen dioxide (NO2),74,31080,"Los Angeles-Long Beach-Anaheim, CA",6,California,37,Los Angeles,34.1365,-117.92391
05/24/2020,AQS,2,10.8,ppb,9,Azusa,24,100,42602,Nitrogen dioxide (NO2),74,31080,"Los Angeles-Long Beach-Anaheim, CA",6,California,37,Los Angeles,34.1365,-117.92391
05/25/2020,AQS,2,14.1,ppb,13,Azusa,24,100,42602,Nitrogen dioxide (NO2),74,31080,"Los Angeles-Long Beach-Anaheim, CA",6,California,37,Los Angeles,34.1365,-117.92391
05/26/2020,AQS,2,27,ppb,25,Azusa,24,100,42602,Nitrogen dioxide (NO2),74,31080,"Los Angeles-Long Beach-Anaheim, CA",6,California,37,Los Angeles,34.1365,-117.92391
05/27/2020,AQS,2,28.9,ppb,26,Azusa,24,100,42602,Nitrogen dioxide (NO2),74,31080,"Los Angeles-Long Beach-Anaheim, CA",6,California,37,Los Angeles,34.1365,-117.92391
05/28/2020,AQS,2,16.6,ppb,15,Azusa,24,100,42602,Nitrogen dioxide (NO2),74,31080,"Los Angeles-Long Beach-Anaheim, CA",6,California,37,Los Angeles,34.1365,-117.92391
05/29/2020,AQS,2,12.2,ppb,11,Azusa,24,100,42602,Nitrogen dioxide (NO2),74,31080,"Los Angeles-Long Beach-Anaheim, CA",6,California,37,Los Angeles,34.1365,-117.92391
05/30/2020,AQS,2,9,ppb,8,Azusa,24,100,42602,Nitrogen dioxide (NO2),74,31080,"Los Angeles-Long Beach-Anaheim, CA",6,California,37,Los Angeles,34.1365,-117.92391
05/31/2020,AQS,2,9.5,ppb,8,Azusa,24,100,42602,Nitrogen dioxide (NO2),74,31080,"Los Angeles-Long Beach-Anaheim, CA",6,California,37,Los Angeles,34.1365,-117.92391
06/01/2020,AQS,2,18,ppb,17,Azusa,24,100,42602,Nitrogen dioxide (NO2),74,31080,"Los Angeles-Long Beach-Anaheim, CA",6,California,37,Los Angeles,34.1365,-117.92391
06/02/2020,AQS,2,23.1,ppb,22,Azusa,24,100,42602,Nitrogen dioxide (NO2),74,31080,"Los Angeles-Long Beach-Anaheim, CA",6,California,37,Los Angeles,34.1365,-117.92391
06/03/2020,AQS,2,30.3,ppb,28,Azusa,24,100,42602,Nitrogen dioxide (NO2),74,31080,"Los Angeles-Long Beach-Anaheim, CA",6,California,37,Los Angeles,34.1365,-117.92391
06/04/2020,AQS,2,14.7,ppb,13,Azusa,24,100,42602,Nitrogen dioxide (NO2),74,31080,"Los Angeles-Long Beach-Anaheim, CA",6,California,37,Los Angeles,34.1365,-117.92391
06/05/2020,AQS,2,10.2,ppb,9,Azusa,24,100,42602,Nitrogen dioxide (NO2),74,31080,"Los Angeles-Long Beach-Anaheim, CA",6,California,37,Los Angeles,34.1365,-117.92391
06/06/2020,AQS,2,8.1,ppb,8,Azusa,24,100,42602,Nitrogen dioxide (NO2),74,31080,"Los Angeles-Long Beach-Anaheim, CA",6,California,37,Los Angeles,34.1365,-117.92391
06/07/2020,AQS,2,7.2,ppb,7,Azusa,24,100,42602,Nitrogen dioxide (NO2),74,31080,"Los Angeles-Long Beach-Anaheim, CA",6,California,37,Los Angeles,34.1365,-117.92391
06/08/2020,AQS,2,20,ppb,19,Azusa,24,100,42602,Nitrogen dioxide (NO2),74,31080,"Los Angeles-Long Beach-Anaheim, CA",6,California,37,Los Angeles,34.1365,-117.92391
06/09/2020,AQS,2,16.5,ppb,15,Azusa,24,100,42602,Nitrogen dioxide (NO2),74,31080,"Los Angeles-Long Beach-Anaheim, CA",6,California,37,Los Angeles,34.1365,-117.92391
06/10/2020,AQS,2,25.1,ppb,24,Azusa,24,100,42602,Nitrogen dioxide (NO2),74,31080,"Los Angeles-Long Beach-Anaheim, CA",6,California,37,Los Angeles,34.1365,-117.92391
06/11/2020,AQS,2,39.3,ppb,37,Azusa,24,100,42602,Nitrogen dioxide (NO2),74,31080,"Los Angeles-Long Beach-Anaheim, CA",6,California,37,Los Angeles,34.1365,-117.92391
06/12/2020,AQS,2,14.3,ppb,13,Azusa,24,100,42602,Nitrogen dioxide (NO2),74,31080,"Los Angeles-Long Beach-Anaheim, CA",6,California,37,Los Angeles,34.1365,-117.92391
06/13/2020,AQS,2,10.4,ppb,9,Azusa,24,100,42602,Nitrogen dioxide (NO2),74,31080,"Los Angeles-Long Beach-Anaheim, CA",6,California,37,Los Angeles,34.1365,-117.92391
06/14/2020,AQS,2,12.7,ppb,11,Azusa,24,100,42602,Nitrogen dioxide (NO2),74,31080,"Los Angeles-Long Beach-Anaheim, CA",6,California,37,Los Angeles,34.1365,-117.92391
06/15/2020,AQS,2,18.1,ppb,17,Azusa,24,100,42602,Nitrogen dioxide (NO2),74,31080,"Los Angeles-Long Beach-Anaheim, CA",6,California,37,Los Angeles,34.1365,-117.92391
06/16/2020,AQS,2,10.7,ppb,9,Azusa,24,100,42602,Nitrogen dioxide (NO2),74,31080,"Los Angeles-Long Beach-Anaheim, CA",6,California,37,Los Angeles,34.1365,-117.92391
06/17/2020,AQS,2,12.4,ppb,11,Azusa,24,100,42602,Nitrogen dioxide (NO2),74,31080,"Los Angeles-Long Beach-Anaheim, CA",6,California,37,Los Angeles,34.1365,-117.92391
06/18/2020,AQS,2,16.4,ppb,15,Azusa,24,100,42602,Nitrogen dioxide (NO2),74,31080,"Los Angeles-Long Beach-Anaheim, CA",6,California,37,Los Angeles,34.1365,-117.92391
06/19/2020,AQS,2,10.9,ppb,9,Azusa,24,100,42602,Nitrogen dioxide (NO2),74,31080,"Los Angeles-Long Beach-Anaheim, CA",6,California,37,Los Angeles,34.1365,-117.92391
06/20/2020,AQS,2,7.3,ppb,7,Azusa,24,100,42602,Nitrogen dioxide (NO2),74,31080,"Los Angeles-Long Beach-Anaheim, CA",6,California,37,Los Angeles,34.1365,-117.92391
06/21/2020,AQS,2,8.6,ppb,8,Azusa,24,100,42602,Nitrogen dioxide (NO2),74,31080,"Los Angeles-Long Beach-Anaheim, CA",6,California,37,Los Angeles,34.1365,-117.92391
06/22/2020,AQS,2,16.5,ppb,15,Azusa,24,100,42602,Nitrogen dioxide (NO2),74,31080,"Los Angeles-Long Beach-Anaheim, CA",6,California,37,Los Angeles,34.1365,-117.92391
06/23/2020,AQS,2,18.6,ppb,17,Azusa,24,100,42602,Nitrogen dioxide (NO2),74,31080,"Los Angeles-Long Beach-Anaheim, CA",6,California,37,Los Angeles,34.1365,-117.92391
06/24/2020,AQS,2,13.7,ppb,12,Azusa,24,100,42602,Nitrogen dioxide (NO2),74,31080,"Los Angeles-Long Beach-Anaheim, CA",6,California,37,Los Angeles,34.1365,-117.92391
06/25/2020,AQS,2,13.5,ppb,12,Azusa,24,100,42602,Nitrogen dioxide (NO2),74,31080,"Los Angeles-Long Beach-Anaheim, CA",6,California,37,Los Angeles,34.1365,-117.92391
06/26/2020,AQS,2,17.3,ppb,16,Azusa,24,100,42602,Nitrogen dioxide (NO2),74,31080,"Los Angeles-Long Beach-Anaheim, CA",6,California,37,Los Angeles,34.1365,-117.92391
06/27/2020,AQS,2,19.4,ppb,18,Azusa,24,100,42602,Nitrogen dioxide (NO2),74,31080,"Los Angeles-Long Beach-Anaheim, CA",6,California,37,Los Angeles,34.1365,-117.92391
06/28/2020,AQS,2,5.3,ppb,5,Azusa,24,100,42602,Nitrogen dioxide (NO2),74,31080,"Los Angeles-Long Beach-Anaheim, CA",6,California,37,Los Angeles,34.1365,-117.92391
06/29/2020,AQS,2,19.8,ppb,18,Azusa,24,100,42602,Nitrogen dioxide (NO2),74,31080,"Los Angeles-Long Beach-Anaheim, CA",6,California,37,Los Angeles,34.1365,-117.92391
06/30/2020,AQS,2,23.3,ppb,22,Azusa,22,92,42602,Nitrogen dioxide (NO2),74,31080,"Los Angeles-Long Beach-Anaheim, CA",6,California,37,Los Angeles,34.1365,-117.92391
07/02/2020,AQS,2,14.1,ppb,13,Azusa,24,100,42602,Nitrogen dioxide (NO2),74,31080,"Los Angeles-Long Beach-Anaheim, CA",6,California,37,Los Angeles,34.1365,-117.92391
07/03/2020,AQS,2,20.7,ppb,19,Azusa,24,100,42602,Nitrogen dioxide (NO2),74,31080,"Los Angeles-Long Beach-Anaheim, CA",6,California,37,Los Angeles,34.1365,-117.92391
07/04/2020,AQS,2,17.5,ppb,16,Azusa,24,100,42602,Nitrogen dioxide (NO2),74,31080,"Los Angeles-Long Beach-Anaheim, CA",6,California,37,Los Angeles,34.1365,-117.92391
07/05/2020,AQS,2,26.8,ppb,25,Azusa,24,100,42602,Nitrogen dioxide (NO2),74,31080,"Los Angeles-Long Beach-Anaheim, CA",6,California,37,Los Angeles,34.1365,-117.92391
07/06/2020,AQS,2,30.3,ppb,28,Azusa,24,100,42602,Nitrogen dioxide (NO2),74,31080,"Los Angeles-Long Beach-Anaheim, CA",6,California,37,Los Angeles,34.1365,-117.92391
07/07/2020,AQS,2,26.1,ppb,25,Azusa,24,100,42602,Nitrogen dioxide (NO2),74,31080,"Los Angeles-Long Beach-Anaheim, CA",6,California,37,Los Angeles,34.1365,-117.92391
07/08/2020,AQS,2,13.8,ppb,12,Azusa,24,100,42602,Nitrogen dioxide (NO2),74,31080,"Los Angeles-Long Beach-Anaheim, CA",6,California,37,Los Angeles,34.1365,-117.92391
07/09/2020,AQS,2,19.7,ppb,18,Azusa,24,100,42602,Nitrogen dioxide (NO2),74,31080,"Los Angeles-Long Beach-Anaheim, CA",6,California,37,Los Angeles,34.1365,-117.92391
07/10/2020,AQS,2,24.6,ppb,23,Azusa,24,100,42602,Nitrogen dioxide (NO2),74,31080,"Los Angeles-Long Beach-Anaheim, CA",6,California,37,Los Angeles,34.1365,-117.92391
07/11/2020,AQS,2,31.6,ppb,29,Azusa,24,100,42602,Nitrogen dioxide (NO2),74,31080,"Los Angeles-Long Beach-Anaheim, CA",6,California,37,Los Angeles,34.1365,-117.92391
07/12/2020,AQS,2,15.9,ppb,14,Azusa,24,100,42602,Nitrogen dioxide (NO2),74,31080,"Los Angeles-Long Beach-Anaheim, CA",6,California,37,Los Angeles,34.1365,-117.92391
07/13/2020,AQS,2,21.8,ppb,20,Azusa,24,100,42602,Nitrogen dioxide (NO2),74,31080,"Los Angeles-Long Beach-Anaheim, CA",6,California,37,Los Angeles,34.1365,-117.92391
07/14/2020,AQS,2,13.3,ppb,12,Azusa,24,100,42602,Nitrogen dioxide (NO2),74,31080,"Los Angeles-Long Beach-Anaheim, CA",6,California,37,Los Angeles,34.1365,-117.92391
07/15/2020,AQS,2,15.3,ppb,14,Azusa,24,100,42602,Nitrogen dioxide (NO2),74,31080,"Los Angeles-Long Beach-Anaheim, CA",6,California,37,Los Angeles,34.1365,-117.92391
07/16/2020,AQS,2,15.6,ppb,14,Azusa,24,100,42602,Nitrogen dioxide (NO2),74,31080,"Los Angeles-Long Beach-Anaheim, CA",6,California,37,Los Angeles,34.1365,-117.92391
07/17/2020,AQS,2,16.9,ppb,15,Azusa,24,100,42602,Nitrogen dioxide (NO2),74,31080,"Los Angeles-Long Beach-Anaheim, CA",6,California,37,Los Angeles,34.1365,-117.92391
07/18/2020,AQS,2,15.4,ppb,14,Azusa,24,100,42602,Nitrogen dioxide (NO2),74,31080,"Los Angeles-Long Beach-Anaheim, CA",6,California,37,Los Angeles,34.1365,-117.92391
07/19/2020,AQS,2,13.6,ppb,12,Azusa,24,100,42602,Nitrogen dioxide (NO2),74,31080,"Los Angeles-Long Beach-Anaheim, CA",6,California,37,Los Angeles,34.1365,-117.92391
07/20/2020,AQS,2,19.5,ppb,18,Azusa,24,100,42602,Nitrogen dioxide (NO2),74,31080,"Los Angeles-Long Beach-Anaheim, CA",6,California,37,Los Angeles,34.1365,-117.92391
07/21/2020,AQS,2,18,ppb,17,Azusa,24,100,42602,Nitrogen dioxide (NO2),74,31080,"Los Angeles-Long Beach-Anaheim, CA",6,California,37,Los Angeles,34.1365,-117.92391
07/22/2020,AQS,2,18.1,ppb,17,Azusa,24,100,42602,Nitrogen dioxide (NO2),74,31080,"Los Angeles-Long Beach-Anaheim, CA",6,California,37,Los Angeles,34.1365,-117.92391
07/23/2020,AQS,2,15.1,ppb,14,Azusa,24,100,42602,Nitrogen dioxide (NO2),74,31080,"Los Angeles-Long Beach-Anaheim, CA",6,California,37,Los Angeles,34.1365,-117.92391
07/24/2020,AQS,2,16.9,ppb,15,Azusa,24,100,42602,Nitrogen dioxide (NO2),74,31080,"Los Angeles-Long Beach-Anaheim, CA",6,California,37,Los Angeles,34.1365,-117.92391
07/25/2020,AQS,2,12.8,ppb,11,Azusa,24,100,42602,Nitrogen dioxide (NO2),74,31080,"Los Angeles-Long Beach-Anaheim, CA",6,California,37,Los Angeles,34.1365,-117.92391
07/26/2020,AQS,2,13.7,ppb,12,Azusa,24,100,42602,Nitrogen dioxide (NO2),74,31080,"Los Angeles-Long Beach-Anaheim, CA",6,California,37,Los Angeles,34.1365,-117.92391
07/27/2020,AQS,2,19.5,ppb,18,Azusa,24,100,42602,Nitrogen dioxide (NO2),74,31080,"Los Angeles-Long Beach-Anaheim, CA",6,California,37,Los Angeles,34.1365,-117.92391
07/28/2020,AQS,2,22.9,ppb,21,Azusa,24,100,42602,Nitrogen dioxide (NO2),74,31080,"Los Angeles-Long Beach-Anaheim, CA",6,California,37,Los Angeles,34.1365,-117.92391
07/29/2020,AQS,2,24.1,ppb,23,Azusa,24,100,42602,Nitrogen dioxide (NO2),74,31080,"Los Angeles-Long Beach-Anaheim, CA",6,California,37,Los Angeles,34.1365,-117.92391
07/30/2020,AQS,2,26.5,ppb,25,Azusa,24,100,42602,Nitrogen dioxide (NO2),74,31080,"Los Angeles-Long Beach-Anaheim, CA",6,California,37,Los Angeles,34.1365,-117.92391
07/31/2020,AQS,2,41.4,ppb,39,Azusa,24,100,42602,Nitrogen dioxide (NO2),74,31080,"Los Angeles-Long Beach-Anaheim, CA",6,California,37,Los Angeles,34.1365,-117.92391
08/01/2020,AQS,2,29.1,ppb,27,Azusa,24,100,42602,Nitrogen dioxide (NO2),74,31080,"Los Angeles-Long Beach-Anaheim, CA",6,California,37,Los Angeles,34.1365,-117.92391
08/02/2020,AQS,2,18.2,ppb,17,Azusa,24,100,42602,Nitrogen dioxide (NO2),74,31080,"Los Angeles-Long Beach-Anaheim, CA",6,California,37,Los Angeles,34.1365,-117.92391
08/03/2020,AQS,2,26.3,ppb,25,Azusa,24,100,42602,Nitrogen dioxide (NO2),74,31080,"Los Angeles-Long Beach-Anaheim, CA",6,California,37,Los Angeles,34.1365,-117.92391
08/04/2020,AQS,2,13.9,ppb,12,Azusa,24,100,42602,Nitrogen dioxide (NO2),74,31080,"Los Angeles-Long Beach-Anaheim, CA",6,California,37,Los Angeles,34.1365,-117.92391
08/05/2020,AQS,2,13.4,ppb,12,Azusa,24,100,42602,Nitrogen dioxide (NO2),74,31080,"Los Angeles-Long Beach-Anaheim, CA",6,California,37,Los Angeles,34.1365,-117.92391
08/06/2020,AQS,2,20.1,ppb,19,Azusa,24,100,42602,Nitrogen dioxide (NO2),74,31080,"Los Angeles-Long Beach-Anaheim, CA",6,California,37,Los Angeles,34.1365,-117.92391
08/07/2020,AQS,2,24.5,ppb,23,Azusa,24,100,42602,Nitrogen dioxide (NO2),74,31080,"Los Angeles-Long Beach-Anaheim, CA",6,California,37,Los Angeles,34.1365,-117.92391
08/08/2020,AQS,2,22.9,ppb,21,Azusa,24,100,42602,Nitrogen dioxide (NO2),74,31080,"Los Angeles-Long Beach-Anaheim, CA",6,California,37,Los Angeles,34.1365,-117.92391
08/09/2020,AQS,2,15.4,ppb,14,Azusa,24,100,42602,Nitrogen dioxide (NO2),74,31080,"Los Angeles-Long Beach-Anaheim, CA",6,California,37,Los Angeles,34.1365,-117.92391
08/10/2020,AQS,2,25.6,ppb,24,Azusa,24,100,42602,Nitrogen dioxide (NO2),74,31080,"Los Angeles-Long Beach-Anaheim, CA",6,California,37,Los Angeles,34.1365,-117.92391
08/11/2020,AQS,2,27.1,ppb,25,Azusa,24,100,42602,Nitrogen dioxide (NO2),74,31080,"Los Angeles-Long Beach-Anaheim, CA",6,California,37,Los Angeles,34.1365,-117.92391
08/12/2020,AQS,2,35.5,ppb,33,Azusa,24,100,42602,Nitrogen dioxide (NO2),74,31080,"Los Angeles-Long Beach-Anaheim, CA",6,California,37,Los Angeles,34.1365,-117.92391
08/13/2020,AQS,2,32.2,ppb,30,Azusa,24,100,42602,Nitrogen dioxide (NO2),74,31080,"Los Angeles-Long Beach-Anaheim, CA",6,California,37,Los Angeles,34.1365,-117.92391
08/14/2020,AQS,2,44.9,ppb,42,Azusa,24,100,42602,Nitrogen dioxide (NO2),74,31080,"Los Angeles-Long Beach-Anaheim, CA",6,California,37,Los Angeles,34.1365,-117.92391
08/15/2020,AQS,2,25.6,ppb,24,Azusa,24,100,42602,Nitrogen dioxide (NO2),74,31080,"Los Angeles-Long Beach-Anaheim, CA",6,California,37,Los Angeles,34.1365,-117.92391
08/16/2020,AQS,2,11.2,ppb,10,Azusa,24,100,42602,Nitrogen dioxide (NO2),74,31080,"Los Angeles-Long Beach-Anaheim, CA",6,California,37,Los Angeles,34.1365,-117.92391
08/17/2020,AQS,2,22.5,ppb,21,Azusa,24,100,42602,Nitrogen dioxide (NO2),74,31080,"Los Angeles-Long Beach-Anaheim, CA",6,California,37,Los Angeles,34.1365,-117.92391
08/18/2020,AQS,2,30,ppb,28,Azusa,24,100,42602,Nitrogen dioxide (NO2),74,31080,"Los Angeles-Long Beach-Anaheim, CA",6,California,37,Los Angeles,34.1365,-117.92391
08/19/2020,AQS,2,33.6,ppb,31,Azusa,24,100,42602,Nitrogen dioxide (NO2),74,31080,"Los Angeles-Long Beach-Anaheim, CA",6,California,37,Los Angeles,34.1365,-117.92391
08/20/2020,AQS,2,28.4,ppb,26,Azusa,24,100,42602,Nitrogen dioxide (NO2),74,31080,"Los Angeles-Long Beach-Anaheim, CA",6,California,37,Los Angeles,34.1365,-117.92391
08/21/2020,AQS,2,30.8,ppb,28,Azusa,24,100,42602,Nitrogen dioxide (NO2),74,31080,"Los Angeles-Long Beach-Anaheim, CA",6,California,37,Los Angeles,34.1365,-117.92391
08/22/2020,AQS,2,23.5,ppb,22,Azusa,24,100,42602,Nitrogen dioxide (NO2),74,31080,"Los Angeles-Long Beach-Anaheim, CA",6,California,37,Los Angeles,34.1365,-117.92391
08/23/2020,AQS,2,9.4,ppb,8,Azusa,24,100,42602,Nitrogen dioxide (NO2),74,31080,"Los Angeles-Long Beach-Anaheim, CA",6,California,37,Los Angeles,34.1365,-117.92391
08/24/2020,AQS,2,14.9,ppb,13,Azusa,24,100,42602,Nitrogen dioxide (NO2),74,31080,"Los Angeles-Long Beach-Anaheim, CA",6,California,37,Los Angeles,34.1365,-117.92391
08/25/2020,AQS,2,19.9,ppb,18,Azusa,24,100,42602,Nitrogen dioxide (NO2),74,31080,"Los Angeles-Long Beach-Anaheim, CA",6,California,37,Los Angeles,34.1365,-117.92391
08/26/2020,AQS,2,23.9,ppb,22,Azusa,24,100,42602,Nitrogen dioxide (NO2),74,31080,"Los Angeles-Long Beach-Anaheim, CA",6,California,37,Los Angeles,34.1365,-117.92391
09/12/2020,AQS,2,41.5,ppb,39,Azusa,24,100,42602,Nitrogen dioxide (NO2),74,31080,"Los Angeles-Long Beach-Anaheim, CA",6,California,37,Los Angeles,34.1365,-117.92391
09/13/2020,AQS,2,29.1,ppb,27,Azusa,24,100,42602,Nitrogen dioxide (NO2),74,31080,"Los Angeles-Long Beach-Anaheim, CA",6,California,37,Los Angeles,34.1365,-117.92391
09/14/2020,AQS,2,60.5,ppb,57,Azusa,24,100,42602,Nitrogen dioxide (NO2),74,31080,"Los Angeles-Long Beach-Anaheim, CA",6,California,37,Los Angeles,34.1365,-117.92391
09/15/2020,AQS,2,64.8,ppb,62,Azusa,21,88,42602,Nitrogen dioxide (NO2),74,31080,"Los Angeles-Long Beach-Anaheim, CA",6,California,37,Los Angeles,34.1365,-117.92391
09/16/2020,AQS,2,63.1,ppb,61,Azusa,24,100,42602,Nitrogen dioxide (NO2),74,31080,"Los Angeles-Long Beach-Anaheim, CA",6,California,37,Los Angeles,34.1365,-117.92391
09/17/2020,AQS,2,54.1,ppb,51,Azusa,24,100,42602,Nitrogen dioxide (NO2),74,31080,"Los Angeles-Long Beach-Anaheim, CA",6,California,37,Los Angeles,34.1365,-117.92391
09/18/2020,AQS,2,52.9,ppb,49,Azusa,24,100,42602,Nitrogen dioxide (NO2),74,31080,"Los Angeles-Long Beach-Anaheim, CA",6,California,37,Los Angeles,34.1365,-117.92391
09/19/2020,AQS,2,38.1,ppb,36,Azusa,24,100,42602,Nitrogen dioxide (NO2),74,31080,"Los Angeles-Long Beach-Anaheim, CA",6,California,37,Los Angeles,34.1365,-117.92391
09/20/2020,AQS,2,22.8,ppb,21,Azusa,24,100,42602,Nitrogen dioxide (NO2),74,31080,"Los Angeles-Long Beach-Anaheim, CA",6,California,37,Los Angeles,34.1365,-117.92391
09/21/2020,AQS,2,23,ppb,22,Azusa,24,100,42602,Nitrogen dioxide (NO2),74,31080,"Los Angeles-Long Beach-Anaheim, CA",6,California,37,Los Angeles,34.1365,-117.92391
09/22/2020,AQS,2,26.3,ppb,25,Azusa,24,100,42602,Nitrogen dioxide (NO2),74,31080,"Los Angeles-Long Beach-Anaheim, CA",6,California,37,Los Angeles,34.1365,-117.92391
09/23/2020,AQS,2,40,ppb,38,Azusa,24,100,42602,Nitrogen dioxide (NO2),74,31080,"Los Angeles-Long Beach-Anaheim, CA",6,California,37,Los Angeles,34.1365,-117.92391
09/24/2020,AQS,2,50.4,ppb,47,Azusa,24,100,42602,Nitrogen dioxide (NO2),74,31080,"Los Angeles-Long Beach-Anaheim, CA",6,California,37,Los Angeles,34.1365,-117.92391
09/25/2020,AQS,2,30.1,ppb,28,Azusa,24,100,42602,Nitrogen dioxide (NO2),74,31080,"Los Angeles-Long Beach-Anaheim, CA",6,California,37,Los Angeles,34.1365,-117.92391
09/26/2020,AQS,2,15.2,ppb,14,Azusa,24,100,42602,Nitrogen dioxide (NO2),74,31080,"Los Angeles-Long Beach-Anaheim, CA",6,California,37,Los Angeles,34.1365,-117.92391
09/27/2020,AQS,2,9.9,ppb,8,Azusa,24,100,42602,Nitrogen dioxide (NO2),74,31080,"Los Angeles-Long Beach-Anaheim, CA",6,California,37,Los Angeles,34.1365,-117.92391
09/28/2020,AQS,2,32.8,ppb,30,Azusa,24,100,42602,Nitrogen dioxide (NO2),74,31080,"Los Angeles-Long Beach-Anaheim, CA",6,California,37,Los Angeles,34.1365,-117.92391
09/29/2020,AQS,2,49.4,ppb,46,Azusa,24,100,42602,Nitrogen dioxide (NO2),74,31080,"Los Angeles-Long Beach-Anaheim, CA",6,California,37,Los Angeles,34.1365,-117.92391
09/30/2020,AQS,2,50.1,ppb,47,Azusa,24,100,42602,Nitrogen dioxide (NO2),74,31080,"Los Angeles-Long Beach-Anaheim, CA",6,California,37,Los Angeles,34.1365,-117.92391
10/01/2020,AQS,2,47.3,ppb,44,Azusa,24,100,42602,Nitrogen dioxide (NO2),74,31080,"Los Angeles-Long Beach-Anaheim, CA",6,California,37,Los Angeles,34.1365,-117.92391
10/02/2020,AQS,2,35.9,ppb,33,Azusa,24,100,42602,Nitrogen dioxide (NO2),74,31080,"Los Angeles-Long Beach-Anaheim, CA",6,California,37,Los Angeles,34.1365,-117.92391
10/03/2020,AQS,2,34.1,ppb,32,Azusa,24,100,42602,Nitrogen dioxide (NO2),74,31080,"Los Angeles-Long Beach-Anaheim, CA",6,California,37,Los Angeles,34.1365,-117.92391
10/04/2020,AQS,2,31.4,ppb,29,Azusa,24,100,42602,Nitrogen dioxide (NO2),74,31080,"Los Angeles-Long Beach-Anaheim, CA",6,California,37,Los Angeles,34.1365,-117.92391
10/05/2020,AQS,2,40.6,ppb,38,Azusa,24,100,42602,Nitrogen dioxide (NO2),74,31080,"Los Angeles-Long Beach-Anaheim, CA",6,California,37,Los Angeles,34.1365,-117.92391
10/06/2020,AQS,2,52.6,ppb,49,Azusa,24,100,42602,Nitrogen dioxide (NO2),74,31080,"Los Angeles-Long Beach-Anaheim, CA",6,California,37,Los Angeles,34.1365,-117.92391
10/07/2020,AQS,2,50.3,ppb,47,Azusa,24,100,42602,Nitrogen dioxide (NO2),74,31080,"Los Angeles-Long Beach-Anaheim, CA",6,California,37,Los Angeles,34.1365,-117.92391
10/08/2020,AQS,2,15.6,ppb,14,Azusa,24,100,42602,Nitrogen dioxide (NO2),74,31080,"Los Angeles-Long Beach-Anaheim, CA",6,California,37,Los Angeles,34.1365,-117.92391
10/09/2020,AQS,2,15.9,ppb,14,Azusa,24,100,42602,Nitrogen dioxide (NO2),74,31080,"Los Angeles-Long Beach-Anaheim, CA",6,California,37,Los Angeles,34.1365,-117.92391
10/10/2020,AQS,2,10.8,ppb,9,Azusa,24,100,42602,Nitrogen dioxide (NO2),74,31080,"Los Angeles-Long Beach-Anaheim, CA",6,California,37,Los Angeles,34.1365,-117.92391
10/11/2020,AQS,2,17.8,ppb,16,Azusa,24,100,42602,Nitrogen dioxide (NO2),74,31080,"Los Angeles-Long Beach-Anaheim, CA",6,California,37,Los Angeles,34.1365,-117.92391
10/12/2020,AQS,2,34.4,ppb,32,Azusa,24,100,42602,Nitrogen dioxide (NO2),74,31080,"Los Angeles-Long Beach-Anaheim, CA",6,California,37,Los Angeles,34.1365,-117.92391
10/13/2020,AQS,2,42.5,ppb,40,Azusa,24,100,42602,Nitrogen dioxide (NO2),74,31080,"Los Angeles-Long Beach-Anaheim, CA",6,California,37,Los Angeles,34.1365,-117.92391
10/14/2020,AQS,2,49.1,ppb,46,Azusa,21,88,42602,Nitrogen dioxide (NO2),74,31080,"Los Angeles-Long Beach-Anaheim, CA",6,California,37,Los Angeles,34.1365,-117.92391
10/15/2020,AQS,2,46.5,ppb,43,Azusa,24,100,42602,Nitrogen dioxide (NO2),74,31080,"Los Angeles-Long Beach-Anaheim, CA",6,California,37,Los Angeles,34.1365,-117.92391
10/16/2020,AQS,2,54.7,ppb,51,Azusa,24,100,42602,Nitrogen dioxide (NO2),74,31080,"Los Angeles-Long Beach-Anaheim, CA",6,California,37,Los Angeles,34.1365,-117.92391
10/17/2020,AQS,2,37.3,ppb,35,Azusa,24,100,42602,Nitrogen dioxide (NO2),74,31080,"Los Angeles-Long Beach-Anaheim, CA",6,California,37,Los Angeles,34.1365,-117.92391
10/18/2020,AQS,2,23.7,ppb,22,Azusa,24,100,42602,Nitrogen dioxide (NO2),74,31080,"Los Angeles-Long Beach-Anaheim, CA",6,California,37,Los Angeles,34.1365,-117.92391
10/19/2020,AQS,2,25.4,ppb,24,Azusa,24,100,42602,Nitrogen dioxide (NO2),74,31080,"Los Angeles-Long Beach-Anaheim, CA",6,California,37,Los Angeles,34.1365,-117.92391
10/20/2020,AQS,2,25.3,ppb,24,Azusa,24,100,42602,Nitrogen dioxide (NO2),74,31080,"Los Angeles-Long Beach-Anaheim, CA",6,California,37,Los Angeles,34.1365,-117.92391
10/21/2020,AQS,2,22.2,ppb,21,Azusa,24,100,42602,Nitrogen dioxide (NO2),74,31080,"Los Angeles-Long Beach-Anaheim, CA",6,California,37,Los Angeles,34.1365,-117.92391
10/22/2020,AQS,2,17,ppb,16,Azusa,24,100,42602,Nitrogen dioxide (NO2),74,31080,"Los Angeles-Long Beach-Anaheim, CA",6,California,37,Los Angeles,34.1365,-117.92391
10/23/2020,AQS,2,17.8,ppb,16,Azusa,24,100,42602,Nitrogen dioxide (NO2),74,31080,"Los Angeles-Long Beach-Anaheim, CA",6,California,37,Los Angeles,34.1365,-117.92391
10/24/2020,AQS,2,11.8,ppb,10,Azusa,24,100,42602,Nitrogen dioxide (NO2),74,31080,"Los Angeles-Long Beach-Anaheim, CA",6,California,37,Los Angeles,34.1365,-117.92391
10/25/2020,AQS,2,11.6,ppb,10,Azusa,24,100,42602,Nitrogen dioxide (NO2),74,31080,"Los Angeles-Long Beach-Anaheim, CA",6,California,37,Los Angeles,34.1365,-117.92391
10/26/2020,AQS,2,31.4,ppb,29,Azusa,24,100,42602,Nitrogen dioxide (NO2),74,31080,"Los Angeles-Long Beach-Anaheim, CA",6,California,37,Los Angeles,34.1365,-117.92391
10/27/2020,AQS,2,29.7,ppb,27,Azusa,24,100,42602,Nitrogen dioxide (NO2),74,31080,"Los Angeles-Long Beach-Anaheim, CA",6,California,37,Los Angeles,34.1365,-117.92391
10/28/2020,AQS,2,37.1,ppb,35,Azusa,24,100,42602,Nitrogen dioxide (NO2),74,31080,"Los Angeles-Long Beach-Anaheim, CA",6,California,37,Los Angeles,34.1365,-117.92391
10/29/2020,AQS,2,43,ppb,41,Azusa,24,100,42602,Nitrogen dioxide (NO2),74,31080,"Los Angeles-Long Beach-Anaheim, CA",6,California,37,Los Angeles,34.1365,-117.92391
10/30/2020,AQS,2,50.6,ppb,47,Azusa,24,100,42602,Nitrogen dioxide (NO2),74,31080,"Los Angeles-Long Beach-Anaheim, CA",6,California,37,Los Angeles,34.1365,-117.92391
10/31/2020,AQS,2,44.4,ppb,42,Azusa,24,100,42602,Nitrogen dioxide (NO2),74,31080,"Los Angeles-Long Beach-Anaheim, CA",6,California,37,Los Angeles,34.1365,-117.92391
11/01/2020,AQS,2,35.9,ppb,33,Azusa,24,100,42602,Nitrogen dioxide (NO2),74,31080,"Los Angeles-Long Beach-Anaheim, CA",6,California,37,Los Angeles,34.1365,-117.92391
11/02/2020,AQS,2,45.5,ppb,42,Azusa,24,100,42602,Nitrogen dioxide (NO2),74,31080,"Los Angeles-Long Beach-Anaheim, CA",6,California,37,Los Angeles,34.1365,-117.92391
11/03/2020,AQS,2,37.1,ppb,35,Azusa,24,100,42602,Nitrogen dioxide (NO2),74,31080,"Los Angeles-Long Beach-Anaheim, CA",6,California,37,Los Angeles,34.1365,-117.92391
11/04/2020,AQS,2,45.7,ppb,42,Azusa,21,88,42602,Nitrogen dioxide (NO2),74,31080,"Los Angeles-Long Beach-Anaheim, CA",6,California,37,Los Angeles,34.1365,-117.92391
11/05/2020,AQS,2,50.9,ppb,47,Azusa,24,100,42602,Nitrogen dioxide (NO2),74,31080,"Los Angeles-Long Beach-Anaheim, CA",6,California,37,Los Angeles,34.1365,-117.92391
11/06/2020,AQS,2,36.1,ppb,34,Azusa,24,100,42602,Nitrogen dioxide (NO2),74,31080,"Los Angeles-Long Beach-Anaheim, CA",6,California,37,Los Angeles,34.1365,-117.92391
11/07/2020,AQS,2,12.8,ppb,11,Azusa,24,100,42602,Nitrogen dioxide (NO2),74,31080,"Los Angeles-Long Beach-Anaheim, CA",6,California,37,Los Angeles,34.1365,-117.92391
11/08/2020,AQS,2,9,ppb,8,Azusa,24,100,42602,Nitrogen dioxide (NO2),74,31080,"Los Angeles-Long Beach-Anaheim, CA",6,California,37,Los Angeles,34.1365,-117.92391
11/09/2020,AQS,2,27.2,ppb,25,Azusa,24,100,42602,Nitrogen dioxide (NO2),74,31080,"Los Angeles-Long Beach-Anaheim, CA",6,California,37,Los Angeles,34.1365,-117.92391
11/10/2020,AQS,2,24.1,ppb,23,Azusa,24,100,42602,Nitrogen dioxide (NO2),74,31080,"Los Angeles-Long Beach-Anaheim, CA",6,California,37,Los Angeles,34.1365,-117.92391
11/11/2020,AQS,2,31.6,ppb,29,Azusa,24,100,42602,Nitrogen dioxide (NO2),74,31080,"Los Angeles-Long Beach-Anaheim, CA",6,California,37,Los Angeles,34.1365,-117.92391
11/12/2020,AQS,2,35,ppb,33,Azusa,24,100,42602,Nitrogen dioxide (NO2),74,31080,"Los Angeles-Long Beach-Anaheim, CA",6,California,37,Los Angeles,34.1365,-117.92391
11/13/2020,AQS,2,36.9,ppb,34,Azusa,24,100,42602,Nitrogen dioxide (NO2),74,31080,"Los Angeles-Long Beach-Anaheim, CA",6,California,37,Los Angeles,34.1365,-117.92391
11/14/2020,AQS,2,29.5,ppb,27,Azusa,24,100,42602,Nitrogen dioxide (NO2),74,31080,"Los Angeles-Long Beach-Anaheim, CA",6,California,37,Los Angeles,34.1365,-117.92391
11/15/2020,AQS,2,18.3,ppb,17,Azusa,24,100,42602,Nitrogen dioxide (NO2),74,31080,"Los Angeles-Long Beach-Anaheim, CA",6,California,37,Los Angeles,34.1365,-117.92391
11/16/2020,AQS,2,45.4,ppb,42,Azusa,24,100,42602,Nitrogen dioxide (NO2),74,31080,"Los Angeles-Long Beach-Anaheim, CA",6,California,37,Los Angeles,34.1365,-117.92391
11/17/2020,AQS,2,47.7,ppb,44,Azusa,24,100,42602,Nitrogen dioxide (NO2),74,31080,"Los Angeles-Long Beach-Anaheim, CA",6,California,37,Los Angeles,34.1365,-117.92391
11/18/2020,AQS,2,40.2,ppb,38,Azusa,24,100,42602,Nitrogen dioxide (NO2),74,31080,"Los Angeles-Long Beach-Anaheim, CA",6,California,37,Los Angeles,34.1365,-117.92391
11/19/2020,AQS,2,34.1,ppb,32,Azusa,24,100,42602,Nitrogen dioxide (NO2),74,31080,"Los Angeles-Long Beach-Anaheim, CA",6,California,37,Los Angeles,34.1365,-117.92391
11/20/2020,AQS,2,47.8,ppb,44,Azusa,24,100,42602,Nitrogen dioxide (NO2),74,31080,"Los Angeles-Long Beach-Anaheim, CA",6,California,37,Los Angeles,34.1365,-117.92391
11/21/2020,AQS,2,39.8,ppb,37,Azusa,24,100,42602,Nitrogen dioxide (NO2),74,31080,"Los Angeles-Long Beach-Anaheim, CA",6,California,37,Los Angeles,34.1365,-117.92391
11/22/2020,AQS,2,27.8,ppb,25,Azusa,24,100,42602,Nitrogen dioxide (NO2),74,31080,"Los Angeles-Long Beach-Anaheim, CA",6,California,37,Los Angeles,34.1365,-117.92391
11/23/2020,AQS,2,27.9,ppb,25,Azusa,24,100,42602,Nitrogen dioxide (NO2),74,31080,"Los Angeles-Long Beach-Anaheim, CA",6,California,37,Los Angeles,34.1365,-117.92391
11/24/2020,AQS,2,40,ppb,38,Azusa,24,100,42602,Nitrogen dioxide (NO2),74,31080,"Los Angeles-Long Beach-Anaheim, CA",6,California,37,Los Angeles,34.1365,-117.92391
11/25/2020,AQS,2,35,ppb,33,Azusa,24,100,42602,Nitrogen dioxide (NO2),74,31080,"Los Angeles-Long Beach-Anaheim, CA",6,California,37,Los Angeles,34.1365,-117.92391
11/26/2020,AQS,2,21.4,ppb,20,Azusa,24,100,42602,Nitrogen dioxide (NO2),74,31080,"Los Angeles-Long Beach-Anaheim, CA",6,California,37,Los Angeles,34.1365,-117.92391
11/27/2020,AQS,2,21.7,ppb,20,Azusa,24,100,42602,Nitrogen dioxide (NO2),74,31080,"Los Angeles-Long Beach-Anaheim, CA",6,California,37,Los Angeles,34.1365,-117.92391
11/28/2020,AQS,2,15.7,ppb,14,Azusa,24,100,42602,Nitrogen dioxide (NO2),74,31080,"Los Angeles-Long Beach-Anaheim, CA",6,California,37,Los Angeles,34.1365,-117.92391
11/29/2020,AQS,2,24.2,ppb,23,Azusa,24,100,42602,Nitrogen dioxide (NO2),74,31080,"Los Angeles-Long Beach-Anaheim, CA",6,California,37,Los Angeles,34.1365,-117.92391
11/30/2020,AQS,2,36.4,ppb,34,Azusa,24,100,42602,Nitrogen dioxide (NO2),74,31080,"Los Angeles-Long Beach-Anaheim, CA",6,California,37,Los Angeles,34.1365,-117.92391
12/01/2020,AQS,2,39.9,ppb,37,Azusa,24,100,42602,Nitrogen dioxide (NO2),74,31080,"Los Angeles-Long Beach-Anaheim, CA",6,California,37,Los Angeles,34.1365,-117.92391
12/02/2020,AQS,2,63,ppb,61,Azusa,24,100,42602,Nitrogen dioxide (NO2),74,31080,"Los Angeles-Long Beach-Anaheim, CA",6,California,37,Los Angeles,34.1365,-117.92391
12/03/2020,AQS,2,27.7,ppb,25,Azusa,24,100,42602,Nitrogen dioxide (NO2),74,31080,"Los Angeles-Long Beach-Anaheim, CA",6,California,37,Los Angeles,34.1365,-117.92391
12/04/2020,AQS,2,34.8,ppb,32,Azusa,24,100,42602,Nitrogen dioxide (NO2),74,31080,"Los Angeles-Long Beach-Anaheim, CA",6,California,37,Los Angeles,34.1365,-117.92391
12/05/2020,AQS,2,25.3,ppb,24,Azusa,24,100,42602,Nitrogen dioxide (NO2),74,31080,"Los Angeles-Long Beach-Anaheim, CA",6,California,37,Los Angeles,34.1365,-117.92391
12/06/2020,AQS,2,25.8,ppb,24,Azusa,24,100,42602,Nitrogen dioxide (NO2),74,31080,"Los Angeles-Long Beach-Anaheim, CA",6,California,37,Los Angeles,34.1365,-117.92391
12/07/2020,AQS,2,38.6,ppb,36,Azusa,24,100,42602,Nitrogen dioxide (NO2),74,31080,"Los Angeles-Long Beach-Anaheim, CA",6,California,37,Los Angeles,34.1365,-117.92391
12/08/2020,AQS,2,33,ppb,31,Azusa,24,100,42602,Nitrogen dioxide (NO2),74,31080,"Los Angeles-Long Beach-Anaheim, CA",6,California,37,Los Angeles,34.1365,-117.92391
12/09/2020,AQS,2,36.8,ppb,34,Azusa,24,100,42602,Nitrogen dioxide (NO2),74,31080,"Los Angeles-Long Beach-Anaheim, CA",6,California,37,Los Angeles,34.1365,-117.92391
12/10/2020,AQS,2,30,ppb,28,Azusa,24,100,42602,Nitrogen dioxide (NO2),74,31080,"Los Angeles-Long Beach-Anaheim, CA",6,California,37,Los Angeles,34.1365,-117.92391
12/11/2020,AQS,2,30.5,ppb,28,Azusa,24,100,42602,Nitrogen dioxide (NO2),74,31080,"Los Angeles-Long Beach-Anaheim, CA",6,California,37,Los Angeles,34.1365,-117.92391
12/12/2020,AQS,2,20,ppb,19,Azusa,24,100,42602,Nitrogen dioxide (NO2),74,31080,"Los Angeles-Long Beach-Anaheim, CA",6,California,37,Los Angeles,34.1365,-117.92391
12/13/2020,AQS,2,19.4,ppb,18,Azusa,24,100,42602,Nitrogen dioxide (NO2),74,31080,"Los Angeles-Long Beach-Anaheim, CA",6,California,37,Los Angeles,34.1365,-117.92391
12/14/2020,AQS,2,19.5,ppb,18,Azusa,24,100,42602,Nitrogen dioxide (NO2),74,31080,"Los Angeles-Long Beach-Anaheim, CA",6,California,37,Los Angeles,34.1365,-117.92391
12/15/2020,AQS,2,37.6,ppb,35,Azusa,24,100,42602,Nitrogen dioxide (NO2),74,31080,"Los Angeles-Long Beach-Anaheim, CA",6,California,37,Los Angeles,34.1365,-117.92391
12/16/2020,AQS,2,40,ppb,38,Azusa,24,100,42602,Nitrogen dioxide (NO2),74,31080,"Los Angeles-Long Beach-Anaheim, CA",6,California,37,Los Angeles,34.1365,-117.92391
12/17/2020,AQS,2,37.8,ppb,35,Azusa,24,100,42602,Nitrogen dioxide (NO2),74,31080,"Los Angeles-Long Beach-Anaheim, CA",6,California,37,Los Angeles,34.1365,-117.92391
12/18/2020,AQS,2,21.6,ppb,20,Azusa,24,100,42602,Nitrogen dioxide (NO2),74,31080,"Los Angeles-Long Beach-Anaheim, CA",6,California,37,Los Angeles,34.1365,-117.92391
12/19/2020,AQS,2,23.3,ppb,22,Azusa,24,100,42602,Nitrogen dioxide (NO2),74,31080,"Los Angeles-Long Beach-Anaheim, CA",6,California,37,Los Angeles,34.1365,-117.92391
12/20/2020,AQS,2,11.1,ppb,10,Azusa,24,100,42602,Nitrogen dioxide (NO2),74,31080,"Los Angeles-Long Beach-Anaheim, CA",6,California,37,Los Angeles,34.1365,-117.92391
12/21/2020,AQS,2,40.7,ppb,38,Azusa,24,100,42602,Nitrogen dioxide (NO2),74,31080,"Los Angeles-Long Beach-Anaheim, CA",6,California,37,Los Angeles,34.1365,-117.92391
12/22/2020,AQS,2,28.5,ppb,26,Azusa,22,92,42602,Nitrogen dioxide (NO2),74,31080,"Los Angeles-Long Beach-Anaheim, CA",6,California,37,Los Angeles,34.1365,-117.92391
12/23/2020,AQS,2,36.4,ppb,34,Azusa,22,92,42602,Nitrogen dioxide (NO2),74,31080,"Los Angeles-Long Beach-Anaheim, CA",6,California,37,Los Angeles,34.1365,-117.92391
12/24/2020,AQS,2,21.6,ppb,20,Azusa,24,100,42602,Nitrogen dioxide (NO2),74,31080,"Los Angeles-Long Beach-Anaheim, CA",6,California,37,Los Angeles,34.1365,-117.92391
12/25/2020,AQS,2,21.8,ppb,20,Azusa,24,100,42602,Nitrogen dioxide (NO2),74,31080,"Los Angeles-Long Beach-Anaheim, CA",6,California,37,Los Angeles,34.1365,-117.92391
12/26/2020,AQS,2,19.1,ppb,18,Azusa,24,100,42602,Nitrogen dioxide (NO2),74,31080,"Los Angeles-Long Beach-Anaheim, CA",6,California,37,Los Angeles,34.1365,-117.92391
12/27/2020,AQS,2,21.6,ppb,20,Azusa,24,100,42602,Nitrogen dioxide (NO2),74,31080,"Los Angeles-Long Beach-Anaheim, CA",6,California,37,Los Angeles,34.1365,-117.92391
12/28/2020,AQS,2,12.8,ppb,11,Azusa,24,100,42602,Nitrogen dioxide (NO2),74,31080,"Los Angeles-Long Beach-Anaheim, CA",6,California,37,Los Angeles,34.1365,-117.92391
12/29/2020,AQS,2,20.8,ppb,19,Azusa,24,100,42602,Nitrogen dioxide (NO2),74,31080,"Los Angeles-Long Beach-Anaheim, CA",6,California,37,Los Angeles,34.1365,-117.92391
12/30/2020,AQS,2,25.8,ppb,24,Azusa,24,100,42602,Nitrogen dioxide (NO2),74,31080,"Los Angeles-Long Beach-Anaheim, CA",6,California,37,Los Angeles,34.1365,-117.92391
12/31/2020,AQS,2,20.1,ppb,19,Azusa,24,100,42602,Nitrogen dioxide (NO2),74,31080,"Los Angeles-Long Beach-Anaheim, CA",6,California,37,Los Angeles,34.1365,-117.92391
01/01/2021,AQS,2,14.7,ppb,13,Azusa,24,100,42602,Nitrogen dioxide (NO2),74,31080,"Los Angeles-Long Beach-Anaheim, CA",6,California,37,Los Angeles,34.1365,-117.92391
01/02/2021,AQS,2,26.8,ppb,25,Azusa,24,100,42602,Nitrogen dioxide (NO2),74,31080,"Los Angeles-Long Beach-Anaheim, CA",6,California,37,Los Angeles,34.1365,-117.92391
01/03/2021,AQS,2,18.1,ppb,17,Azusa,24,100,42602,Nitrogen dioxide (NO2),74,31080,"Los Angeles-Long Beach-Anaheim, CA",6,California,37,Los Angeles,34.1365,-117.92391
01/04/2021,AQS,2,24.8,ppb,23,Azusa,24,100,42602,Nitrogen dioxide (NO2),74,31080,"Los Angeles-Long Beach-Anaheim, CA",6,California,37,Los Angeles,34.1365,-117.92391
01/05/2021,AQS,2,44.6,ppb,42,Azusa,24,100,42602,Nitrogen dioxide (NO2),74,31080,"Los Angeles-Long Beach-Anaheim, CA",6,California,37,Los Angeles,34.1365,-117.92391
01/06/2021,AQS,2,52.8,ppb,49,Azusa,24,100,42602,Nitrogen dioxide (NO2),74,31080,"Los Angeles-Long Beach-Anaheim, CA",6,California,37,Los Angeles,34.1365,-117.92391
01/07/2021,AQS,2,44,ppb,42,Azusa,24,100,42602,Nitrogen dioxide (NO2),74,31080,"Los Angeles-Long Beach-Anaheim, CA",6,California,37,Los Angeles,34.1365,-117.92391
01/08/2021,AQS,2,48.3,ppb,45,Azusa,24,100,42602,Nitrogen dioxide (NO2),74,31080,"Los Angeles-Long Beach-Anaheim, CA",6,California,37,Los Angeles,34.1365,-117.92391
01/09/2021,AQS,2,22.8,ppb,21,Azusa,24,100,42602,Nitrogen dioxide (NO2),74,31080,"Los Angeles-Long Beach-Anaheim, CA",6,California,37,Los Angeles,34.1365,-117.92391
01/10/2021,AQS,2,20.5,ppb,19,Azusa,24,100,42602,Nitrogen dioxide (NO2),74,31080,"Los Angeles-Long Beach-Anaheim, CA",6,California,37,Los Angeles,34.1365,-117.92391
01/11/2021,AQS,2,21.3,ppb,20,Azusa,24,100,42602,Nitrogen dioxide (NO2),74,31080,"Los Angeles-Long Beach-Anaheim, CA",6,California,37,Los Angeles,34.1365,-117.92391
01/12/2021,AQS,2,35.5,ppb,33,Azusa,24,100,42602,Nitrogen dioxide (NO2),74,31080,"Los Angeles-Long Beach-Anaheim, CA",6,California,37,Los Angeles,34.1365,-117.92391
01/13/2021,AQS,2,29.3,ppb,27,Azusa,24,100,42602,Nitrogen dioxide (NO2),74,31080,"Los Angeles-Long Beach-Anaheim, CA",6,California,37,Los Angeles,34.1365,-117.92391
01/14/2021,AQS,2,36.8,ppb,34,Azusa,24,100,42602,Nitrogen dioxide (NO2),74,31080,"Los Angeles-Long Beach-Anaheim, CA",6,California,37,Los Angeles,34.1365,-117.92391
01/15/2021,AQS,2,30.6,ppb,28,Azusa,24,100,42602,Nitrogen dioxide (NO2),74,31080,"Los Angeles-Long Beach-Anaheim, CA",6,California,37,Los Angeles,34.1365,-117.92391
01/16/2021,AQS,2,43.5,ppb,41,Azusa,24,100,42602,Nitrogen dioxide (NO2),74,31080,"Los Angeles-Long Beach-Anaheim, CA",6,California,37,Los Angeles,34.1365,-117.92391
01/17/2021,AQS,2,9.7,ppb,8,Azusa,24,100,42602,Nitrogen dioxide (NO2),74,31080,"Los Angeles-Long Beach-Anaheim, CA",6,California,37,Los Angeles,34.1365,-117.92391
01/18/2021,AQS,2,41.3,ppb,39,Azusa,24,100,42602,Nitrogen dioxide (NO2),74,31080,"Los Angeles-Long Beach-Anaheim, CA",6,California,37,Los Angeles,34.1365,-117.92391
01/19/2021,AQS,2,17.7,ppb,16,Azusa,24,100,42602,Nitrogen dioxide (NO2),74,31080,"Los Angeles-Long Beach-Anaheim, CA",6,California,37,Los Angeles,34.1365,-117.92391
01/20/2021,AQS,2,21.3,ppb,20,Azusa,24,100,42602,Nitrogen dioxide (NO2),74,31080,"Los Angeles-Long Beach-Anaheim, CA",6,California,37,Los Angeles,34.1365,-117.92391
01/21/2021,AQS,2,25.6,ppb,24,Azusa,24,100,42602,Nitrogen dioxide (NO2),74,31080,"Los Angeles-Long Beach-Anaheim, CA",6,California,37,Los Angeles,34.1365,-117.92391
01/22/2021,AQS,2,21.8,ppb,20,Azusa,24,100,42602,Nitrogen dioxide (NO2),74,31080,"Los Angeles-Long Beach-Anaheim, CA",6,California,37,Los Angeles,34.1365,-117.92391
01/23/2021,AQS,2,18.1,ppb,17,Azusa,24,100,42602,Nitrogen dioxide (NO2),74,31080,"Los Angeles-Long Beach-Anaheim, CA",6,California,37,Los Angeles,34.1365,-117.92391
01/24/2021,AQS,2,9.1,ppb,8,Azusa,24,100,42602,Nitrogen dioxide (NO2),74,31080,"Los Angeles-Long Beach-Anaheim, CA",6,California,37,Los Angeles,34.1365,-117.92391
01/25/2021,AQS,2,14.1,ppb,13,Azusa,24,100,42602,Nitrogen dioxide (NO2),74,31080,"Los Angeles-Long Beach-Anaheim, CA",6,California,37,Los Angeles,34.1365,-117.92391
01/26/2021,AQS,2,25.4,ppb,24,Azusa,24,100,42602,Nitrogen dioxide (NO2),74,31080,"Los Angeles-Long Beach-Anaheim, CA",6,California,37,Los Angeles,34.1365,-117.92391
01/27/2021,AQS,2,18,ppb,17,Azusa,24,100,42602,Nitrogen dioxide (NO2),74,31080,"Los Angeles-Long Beach-Anaheim, CA",6,California,37,Los Angeles,34.1365,-117.92391
01/28/2021,AQS,2,29.2,ppb,27,Azusa,24,100,42602,Nitrogen dioxide (NO2),74,31080,"Los Angeles-Long Beach-Anaheim, CA",6,California,37,Los Angeles,34.1365,-117.92391
01/29/2021,AQS,2,12.9,ppb,11,Azusa,24,100,42602,Nitrogen dioxide (NO2),74,31080,"Los Angeles-Long Beach-Anaheim, CA",6,California,37,Los Angeles,34.1365,-117.92391
01/30/2021,AQS,2,18,ppb,17,Azusa,24,100,42602,Nitrogen dioxide (NO2),74,31080,"Los Angeles-Long Beach-Anaheim, CA",6,California,37,Los Angeles,34.1365,-117.92391
01/31/2021,AQS,2,21,ppb,20,Azusa,24,100,42602,Nitrogen dioxide (NO2),74,31080,"Los Angeles-Long Beach-Anaheim, CA",6,California,37,Los Angeles,34.1365,-117.92391
02/01/2021,AQS,2,41.2,ppb,39,Azusa,24,100,42602,Nitrogen dioxide (NO2),74,31080,"Los Angeles-Long Beach-Anaheim, CA",6,California,37,Los Angeles,34.1365,-117.92391
02/02/2021,AQS,2,36.7,ppb,34,Azusa,24,100,42602,Nitrogen dioxide (NO2),74,31080,"Los Angeles-Long Beach-Anaheim, CA",6,California,37,Los Angeles,34.1365,-117.92391
02/03/2021,AQS,2,28.4,ppb,26,Azusa,24,100,42602,Nitrogen dioxide (NO2),74,31080,"Los Angeles-Long Beach-Anaheim, CA",6,California,37,Los Angeles,34.1365,-117.92391
02/04/2021,AQS,2,25.8,ppb,24,Azusa,24,100,42602,Nitrogen dioxide (NO2),74,31080,"Los Angeles-Long Beach-Anaheim, CA",6,California,37,Los Angeles,34.1365,-117.92391
02/05/2021,AQS,2,26.7,ppb,25,Azusa,24,100,42602,Nitrogen dioxide (NO2),74,31080,"Los Angeles-Long Beach-Anaheim, CA",6,California,37,Los Angeles,34.1365,-117.92391
02/06/2021,AQS,2,39,ppb,37,Azusa,24,100,42602,Nitrogen dioxide (NO2),74,31080,"Los Angeles-Long Beach-Anaheim, CA",6,California,37,Los Angeles,34.1365,-117.92391
02/07/2021,AQS,2,31.5,ppb,29,Azusa,24,100,42602,Nitrogen dioxide (NO2),74,31080,"Los Angeles-Long Beach-Anaheim, CA",6,California,37,Los Angeles,34.1365,-117.92391
02/08/2021,AQS,2,24.9,ppb,23,Azusa,24,100,42602,Nitrogen dioxide (NO2),74,31080,"Los Angeles-Long Beach-Anaheim, CA",6,California,37,Los Angeles,34.1365,-117.92391
02/09/2021,AQS,2,19.3,ppb,18,Azusa,24,100,42602,Nitrogen dioxide (NO2),74,31080,"Los Angeles-Long Beach-Anaheim, CA",6,California,37,Los Angeles,34.1365,-117.92391
02/10/2021,AQS,2,21.6,ppb,20,Azusa,24,100,42602,Nitrogen dioxide (NO2),74,31080,"Los Angeles-Long Beach-Anaheim, CA",6,California,37,Los Angeles,34.1365,-117.92391
02/11/2021,AQS,2,27.5,ppb,25,Azusa,19,79,42602,Nitrogen dioxide (NO2),74,31080,"Los Angeles-Long Beach-Anaheim, CA",6,California,37,Los Angeles,34.1365,-117.92391
02/12/2021,AQS,2,26.7,ppb,25,Azusa,19,79,42602,Nitrogen dioxide (NO2),74,31080,"Los Angeles-Long Beach-Anaheim, CA",6,California,37,Los Angeles,34.1365,-117.92391
02/13/2021,AQS,2,24.4,ppb,23,Azusa,24,100,42602,Nitrogen dioxide (NO2),74,31080,"Los Angeles-Long Beach-Anaheim, CA",6,California,37,Los Angeles,34.1365,-117.92391
02/14/2021,AQS,2,12.4,ppb,11,Azusa,24,100,42602,Nitrogen dioxide (NO2),74,31080,"Los Angeles-Long Beach-Anaheim, CA",6,California,37,Los Angeles,34.1365,-117.92391
02/15/2021,AQS,2,22.1,ppb,21,Azusa,24,100,42602,Nitrogen dioxide (NO2),74,31080,"Los Angeles-Long Beach-Anaheim, CA",6,California,37,Los Angeles,34.1365,-117.92391
02/16/2021,AQS,2,22.1,ppb,21,Azusa,21,88,42602,Nitrogen dioxide (NO2),74,31080,"Los Angeles-Long Beach-Anaheim, CA",6,California,37,Los Angeles,34.1365,-117.92391
02/17/2021,AQS,2,20.5,ppb,19,Azusa,24,100,42602,Nitrogen dioxide (NO2),74,31080,"Los Angeles-Long Beach-Anaheim, CA",6,California,37,Los Angeles,34.1365,-117.92391
02/18/2021,AQS,2,24.9,ppb,23,Azusa,24,100,42602,Nitrogen dioxide (NO2),74,31080,"Los Angeles-Long Beach-Anaheim, CA",6,California,37,Los Angeles,34.1365,-117.92391
02/19/2021,AQS,2,40.8,ppb,38,Azusa,24,100,42602,Nitrogen dioxide (NO2),74,31080,"Los Angeles-Long Beach-Anaheim, CA",6,California,37,Los Angeles,34.1365,-117.92391
02/20/2021,AQS,2,29.3,ppb,27,Azusa,24,100,42602,Nitrogen dioxide (NO2),74,31080,"Los Angeles-Long Beach-Anaheim, CA",6,California,37,Los Angeles,34.1365,-117.92391
02/21/2021,AQS,2,23.7,ppb,22,Azusa,24,100,42602,Nitrogen dioxide (NO2),74,31080,"Los Angeles-Long Beach-Anaheim, CA",6,California,37,Los Angeles,34.1365,-117.92391
02/22/2021,AQS,2,21,ppb,20,Azusa,24,100,42602,Nitrogen dioxide (NO2),74,31080,"Los Angeles-Long Beach-Anaheim, CA",6,California,37,Los Angeles,34.1365,-117.92391
02/23/2021,AQS,2,39.1,ppb,37,Azusa,24,100,42602,Nitrogen dioxide (NO2),74,31080,"Los Angeles-Long Beach-Anaheim, CA",6,California,37,Los Angeles,34.1365,-117.92391
02/24/2021,AQS,2,34.2,ppb,32,Azusa,24,100,42602,Nitrogen dioxide (NO2),74,31080,"Los Angeles-Long Beach-Anaheim, CA",6,California,37,Los Angeles,34.1365,-117.92391
02/26/2021,AQS,2,37.9,ppb,35,Azusa,24,100,42602,Nitrogen dioxide (NO2),74,31080,"Los Angeles-Long Beach-Anaheim, CA",6,California,37,Los Angeles,34.1365,-117.92391
02/27/2021,AQS,2,25.6,ppb,24,Azusa,24,100,42602,Nitrogen dioxide (NO2),74,31080,"Los Angeles-Long Beach-Anaheim, CA",6,California,37,Los Angeles,34.1365,-117.92391
02/28/2021,AQS,2,21.2,ppb,20,Azusa,24,100,42602,Nitrogen dioxide (NO2),74,31080,"Los Angeles-Long Beach-Anaheim, CA",6,California,37,Los Angeles,34.1365,-117.92391
03/01/2021,AQS,2,29.2,ppb,27,Azusa,24,100,42602,Nitrogen dioxide (NO2),74,31080,"Los Angeles-Long Beach-Anaheim, CA",6,California,37,Los Angeles,34.1365,-117.92391
03/02/2021,AQS,2,41.8,ppb,39,Azusa,24,100,42602,Nitrogen dioxide (NO2),74,31080,"Los Angeles-Long Beach-Anaheim, CA",6,California,37,Los Angeles,34.1365,-117.92391
03/03/2021,AQS,2,41.4,ppb,39,Azusa,24,100,42602,Nitrogen dioxide (NO2),74,31080,"Los Angeles-Long Beach-Anaheim, CA",6,California,37,Los Angeles,34.1365,-117.92391
03/04/2021,AQS,2,32.4,ppb,30,Azusa,24,100,42602,Nitrogen dioxide (NO2),74,31080,"Los Angeles-Long Beach-Anaheim, CA",6,California,37,Los Angeles,34.1365,-117.92391
03/05/2021,AQS,2,35.9,ppb,33,Azusa,24,100,42602,Nitrogen dioxide (NO2),74,31080,"Los Angeles-Long Beach-Anaheim, CA",6,California,37,Los Angeles,34.1365,-117.92391
03/06/2021,AQS,2,36.1,ppb,34,Azusa,24,100,42602,Nitrogen dioxide (NO2),74,31080,"Los Angeles-Long Beach-Anaheim, CA",6,California,37,Los Angeles,34.1365,-117.92391
03/07/2021,AQS,2,10.5,ppb,9,Azusa,24,100,42602,Nitrogen dioxide (NO2),74,31080,"Los Angeles-Long Beach-Anaheim, CA",6,California,37,Los Angeles,34.1365,-117.92391
03/08/2021,AQS,2,11.8,ppb,10,Azusa,24,100,42602,Nitrogen dioxide (NO2),74,31080,"Los Angeles-Long Beach-Anaheim, CA",6,California,37,Los Angeles,34.1365,-117.92391
03/09/2021,AQS,2,18.6,ppb,17,Azusa,22,92,42602,Nitrogen dioxide (NO2),74,31080,"Los Angeles-Long Beach-Anaheim, CA",6,California,37,Los Angeles,34.1365,-117.92391
03/10/2021,AQS,2,15.7,ppb,14,Azusa,23,96,42602,Nitrogen dioxide (NO2),74,31080,"Los Angeles-Long Beach-Anaheim, CA",6,California,37,Los Angeles,34.1365,-117.92391
03/11/2021,AQS,2,8,ppb,8,Azusa,24,100,42602,Nitrogen dioxide (NO2),74,31080,"Los Angeles-Long Beach-Anaheim, CA",6,California,37,Los Angeles,34.1365,-117.92391
03/12/2021,AQS,2,28.5,ppb,26,Azusa,24,100,42602,Nitrogen dioxide (NO2),74,31080,"Los Angeles-Long Beach-Anaheim, CA",6,California,37,Los Angeles,34.1365,-117.92391
03/13/2021,AQS,2,10.5,ppb,9,Azusa,24,100,42602,Nitrogen dioxide (NO2),74,31080,"Los Angeles-Long Beach-Anaheim, CA",6,California,37,Los Angeles,34.1365,-117.92391
03/14/2021,AQS,2,8,ppb,8,Azusa,24,100,42602,Nitrogen dioxide (NO2),74,31080,"Los Angeles-Long Beach-Anaheim, CA",6,California,37,Los Angeles,34.1365,-117.92391
03/15/2021,AQS,2,15.5,ppb,14,Azusa,24,100,42602,Nitrogen dioxide (NO2),74,31080,"Los Angeles-Long Beach-Anaheim, CA",6,California,37,Los Angeles,34.1365,-117.92391
03/16/2021,AQS,2,23.1,ppb,22,Azusa,24,100,42602,Nitrogen dioxide (NO2),74,31080,"Los Angeles-Long Beach-Anaheim, CA",6,California,37,Los Angeles,34.1365,-117.92391
03/17/2021,AQS,2,23.3,ppb,22,Azusa,24,100,42602,Nitrogen dioxide (NO2),74,31080,"Los Angeles-Long Beach-Anaheim, CA",6,California,37,Los Angeles,34.1365,-117.92391
03/18/2021,AQS,2,27.3,ppb,25,Azusa,24,100,42602,Nitrogen dioxide (NO2),74,31080,"Los Angeles-Long Beach-Anaheim, CA",6,California,37,Los Angeles,34.1365,-117.92391
03/19/2021,AQS,2,32.6,ppb,30,Azusa,24,100,42602,Nitrogen dioxide (NO2),74,31080,"Los Angeles-Long Beach-Anaheim, CA",6,California,37,Los Angeles,34.1365,-117.92391
03/20/2021,AQS,2,11.4,ppb,10,Azusa,24,100,42602,Nitrogen dioxide (NO2),74,31080,"Los Angeles-Long Beach-Anaheim, CA",6,California,37,Los Angeles,34.1365,-117.92391
03/21/2021,AQS,2,14.4,ppb,13,Azusa,24,100,42602,Nitrogen dioxide (NO2),74,31080,"Los Angeles-Long Beach-Anaheim, CA",6,California,37,Los Angeles,34.1365,-117.92391
03/22/2021,AQS,2,17.5,ppb,16,Azusa,24,100,42602,Nitrogen dioxide (NO2),74,31080,"Los Angeles-Long Beach-Anaheim, CA",6,California,37,Los Angeles,34.1365,-117.92391
03/23/2021,AQS,2,13.6,ppb,12,Azusa,24,100,42602,Nitrogen dioxide (NO2),74,31080,"Los Angeles-Long Beach-Anaheim, CA",6,California,37,Los Angeles,34.1365,-117.92391
03/24/2021,AQS,2,24.4,ppb,23,Azusa,24,100,42602,Nitrogen dioxide (NO2),74,31080,"Los Angeles-Long Beach-Anaheim, CA",6,California,37,Los Angeles,34.1365,-117.92391
03/25/2021,AQS,2,11.4,ppb,10,Azusa,22,92,42602,Nitrogen dioxide (NO2),74,31080,"Los Angeles-Long Beach-Anaheim, CA",6,California,37,Los Angeles,34.1365,-117.92391
03/26/2021,AQS,2,16.9,ppb,15,Azusa,24,100,42602,Nitrogen dioxide (NO2),74,31080,"Los Angeles-Long Beach-Anaheim, CA",6,California,37,Los Angeles,34.1365,-117.92391
03/27/2021,AQS,2,33.2,ppb,31,Azusa,24,100,42602,Nitrogen dioxide (NO2),74,31080,"Los Angeles-Long Beach-Anaheim, CA",6,California,37,Los Angeles,34.1365,-117.92391
03/28/2021,AQS,2,20.1,ppb,19,Azusa,24,100,42602,Nitrogen dioxide (NO2),74,31080,"Los Angeles-Long Beach-Anaheim, CA",6,California,37,Los Angeles,34.1365,-117.92391
03/29/2021,AQS,2,40.3,ppb,38,Azusa,24,100,42602,Nitrogen dioxide (NO2),74,31080,"Los Angeles-Long Beach-Anaheim, CA",6,California,37,Los Angeles,34.1365,-117.92391
03/30/2021,AQS,2,25.6,ppb,24,Azusa,24,100,42602,Nitrogen dioxide (NO2),74,31080,"Los Angeles-Long Beach-Anaheim, CA",6,California,37,Los Angeles,34.1365,-117.92391
03/31/2021,AQS,2,29.5,ppb,27,Azusa,24,100,42602,Nitrogen dioxide (NO2),74,31080,"Los Angeles-Long Beach-Anaheim, CA",6,California,37,Los Angeles,34.1365,-117.92391
04/01/2021,AQS,2,51,ppb,48,Azusa,24,100,42602,Nitrogen dioxide (NO2),74,31080,"Los Angeles-Long Beach-Anaheim, CA",6,California,37,Los Angeles,34.1365,-117.92391
04/02/2021,AQS,2,30.4,ppb,28,Azusa,24,100,42602,Nitrogen dioxide (NO2),74,31080,"Los Angeles-Long Beach-Anaheim, CA",6,California,37,Los Angeles,34.1365,-117.92391
04/03/2021,AQS,2,23.7,ppb,22,Azusa,24,100,42602,Nitrogen dioxide (NO2),74,31080,"Los Angeles-Long Beach-Anaheim, CA",6,California,37,Los Angeles,34.1365,-117.92391
04/04/2021,AQS,2,28.8,ppb,26,Azusa,24,100,42602,Nitrogen dioxide (NO2),74,31080,"Los Angeles-Long Beach-Anaheim, CA",6,California,37,Los Angeles,34.1365,-117.92391
04/05/2021,AQS,2,24.8,ppb,23,Azusa,24,100,42602,Nitrogen dioxide (NO2),74,31080,"Los Angeles-Long Beach-Anaheim, CA",6,California,37,Los Angeles,34.1365,-117.92391
04/06/2021,AQS,2,20.7,ppb,19,Azusa,24,100,42602,Nitrogen dioxide (NO2),74,31080,"Los Angeles-Long Beach-Anaheim, CA",6,California,37,Los Angeles,34.1365,-117.92391
04/07/2021,AQS,2,33.3,ppb,31,Azusa,24,100,42602,Nitrogen dioxide (NO2),74,31080,"Los Angeles-Long Beach-Anaheim, CA",6,California,37,Los Angeles,34.1365,-117.92391
04/08/2021,AQS,2,30.8,ppb,28,Azusa,24,100,42602,Nitrogen dioxide (NO2),74,31080,"Los Angeles-Long Beach-Anaheim, CA",6,California,37,Los Angeles,34.1365,-117.92391
04/09/2021,AQS,2,28.3,ppb,26,Azusa,24,100,42602,Nitrogen dioxide (NO2),74,31080,"Los Angeles-Long Beach-Anaheim, CA",6,California,37,Los Angeles,34.1365,-117.92391
04/10/2021,AQS,2,26.6,ppb,25,Azusa,24,100,42602,Nitrogen dioxide (NO2),74,31080,"Los Angeles-Long Beach-Anaheim, CA",6,California,37,Los Angeles,34.1365,-117.92391
04/11/2021,AQS,2,12.1,ppb,11,Azusa,24,100,42602,Nitrogen dioxide (NO2),74,31080,"Los Angeles-Long Beach-Anaheim, CA",6,California,37,Los Angeles,34.1365,-117.92391
04/12/2021,AQS,2,12.8,ppb,11,Azusa,24,100,42602,Nitrogen dioxide (NO2),74,31080,"Los Angeles-Long Beach-Anaheim, CA",6,California,37,Los Angeles,34.1365,-117.92391
04/13/2021,AQS,2,18,ppb,17,Azusa,24,100,42602,Nitrogen dioxide (NO2),74,31080,"Los Angeles-Long Beach-Anaheim, CA",6,California,37,Los Angeles,34.1365,-117.92391
04/14/2021,AQS,2,12.5,ppb,11,Azusa,24,100,42602,Nitrogen dioxide (NO2),74,31080,"Los Angeles-Long Beach-Anaheim, CA",6,California,37,Los Angeles,34.1365,-117.92391
04/15/2021,AQS,2,27.3,ppb,25,Azusa,24,100,42602,Nitrogen dioxide (NO2),74,31080,"Los Angeles-Long Beach-Anaheim, CA",6,California,37,Los Angeles,34.1365,-117.92391
04/16/2021,AQS,2,22.9,ppb,21,Azusa,24,100,42602,Nitrogen dioxide (NO2),74,31080,"Los Angeles-Long Beach-Anaheim, CA",6,California,37,Los Angeles,34.1365,-117.92391
04/17/2021,AQS,2,16.2,ppb,15,Azusa,24,100,42602,Nitrogen dioxide (NO2),74,31080,"Los Angeles-Long Beach-Anaheim, CA",6,California,37,Los Angeles,34.1365,-117.92391
04/18/2021,AQS,2,21.9,ppb,20,Azusa,24,100,42602,Nitrogen dioxide (NO2),74,31080,"Los Angeles-Long Beach-Anaheim, CA",6,California,37,Los Angeles,34.1365,-117.92391
04/19/2021,AQS,2,45.8,ppb,42,Azusa,24,100,42602,Nitrogen dioxide (NO2),74,31080,"Los Angeles-Long Beach-Anaheim, CA",6,California,37,Los Angeles,34.1365,-117.92391
04/20/2021,AQS,2,22.1,ppb,21,Azusa,24,100,42602,Nitrogen dioxide (NO2),74,31080,"Los Angeles-Long Beach-Anaheim, CA",6,California,37,Los Angeles,34.1365,-117.92391
04/21/2021,AQS,2,10.5,ppb,9,Azusa,24,100,42602,Nitrogen dioxide (NO2),74,31080,"Los Angeles-Long Beach-Anaheim, CA",6,California,37,Los Angeles,34.1365,-117.92391
04/22/2021,AQS,2,16.2,ppb,15,Azusa,24,100,42602,Nitrogen dioxide (NO2),74,31080,"Los Angeles-Long Beach-Anaheim, CA",6,California,37,Los Angeles,34.1365,-117.92391
04/23/2021,AQS,2,12.5,ppb,11,Azusa,24,100,42602,Nitrogen dioxide (NO2),74,31080,"Los Angeles-Long Beach-Anaheim, CA",6,California,37,Los Angeles,34.1365,-117.92391
04/24/2021,AQS,2,12.1,ppb,11,Azusa,24,100,42602,Nitrogen dioxide (NO2),74,31080,"Los Angeles-Long Beach-Anaheim, CA",6,California,37,Los Angeles,34.1365,-117.92391
04/25/2021,AQS,2,9.5,ppb,8,Azusa,24,100,42602,Nitrogen dioxide (NO2),74,31080,"Los Angeles-Long Beach-Anaheim, CA",6,California,37,Los Angeles,34.1365,-117.92391
04/26/2021,AQS,2,14.7,ppb,13,Azusa,24,100,42602,Nitrogen dioxide (NO2),74,31080,"Los Angeles-Long Beach-Anaheim, CA",6,California,37,Los Angeles,34.1365,-117.92391
04/27/2021,AQS,2,13.4,ppb,12,Azusa,24,100,42602,Nitrogen dioxide (NO2),74,31080,"Los Angeles-Long Beach-Anaheim, CA",6,California,37,Los Angeles,34.1365,-117.92391
04/28/2021,AQS,2,23.4,ppb,22,Azusa,24,100,42602,Nitrogen dioxide (NO2),74,31080,"Los Angeles-Long Beach-Anaheim, CA",6,California,37,Los Angeles,34.1365,-117.92391
04/29/2021,AQS,2,35.8,ppb,33,Azusa,24,100,42602,Nitrogen dioxide (NO2),74,31080,"Los Angeles-Long Beach-Anaheim, CA",6,California,37,Los Angeles,34.1365,-117.92391
04/30/2021,AQS,2,45.2,ppb,42,Azusa,24,100,42602,Nitrogen dioxide (NO2),74,31080,"Los Angeles-Long Beach-Anaheim, CA",6,California,37,Los Angeles,34.1365,-117.92391
05/01/2021,AQS,2,30.1,ppb,28,Azusa,24,100,42602,Nitrogen dioxide (NO2),74,31080,"Los Angeles-Long Beach-Anaheim, CA",6,California,37,Los Angeles,34.1365,-117.92391
05/02/2021,AQS,2,9.1,ppb,8,Azusa,24,100,42602,Nitrogen dioxide (NO2),74,31080,"Los Angeles-Long Beach-Anaheim, CA",6,California,37,Los Angeles,34.1365,-117.92391
05/03/2021,AQS,2,18.2,ppb,17,Azusa,24,100,42602,Nitrogen dioxide (NO2),74,31080,"Los Angeles-Long Beach-Anaheim, CA",6,California,37,Los Angeles,34.1365,-117.92391
05/04/2021,AQS,2,21.8,ppb,20,Azusa,24,100,42602,Nitrogen dioxide (NO2),74,31080,"Los Angeles-Long Beach-Anaheim, CA",6,California,37,Los Angeles,34.1365,-117.92391
05/05/2021,AQS,2,27.9,ppb,25,Azusa,24,100,42602,Nitrogen dioxide (NO2),74,31080,"Los Angeles-Long Beach-Anaheim, CA",6,California,37,Los Angeles,34.1365,-117.92391
05/06/2021,AQS,2,14.6,ppb,13,Azusa,24,100,42602,Nitrogen dioxide (NO2),74,31080,"Los Angeles-Long Beach-Anaheim, CA",6,California,37,Los Angeles,34.1365,-117.92391
05/07/2021,AQS,2,11.7,ppb,10,Azusa,23,96,42602,Nitrogen dioxide (NO2),74,31080,"Los Angeles-Long Beach-Anaheim, CA",6,California,37,Los Angeles,34.1365,-117.92391
05/08/2021,AQS,2,12.8,ppb,11,Azusa,24,100,42602,Nitrogen dioxide (NO2),74,31080,"Los Angeles-Long Beach-Anaheim, CA",6,California,37,Los Angeles,34.1365,-117.92391
05/09/2021,AQS,2,8,ppb,8,Azusa,24,100,42602,Nitrogen dioxide (NO2),74,31080,"Los Angeles-Long Beach-Anaheim, CA",6,California,37,Los Angeles,34.1365,-117.92391
05/10/2021,AQS,2,16.4,ppb,15,Azusa,24,100,42602,Nitrogen dioxide (NO2),74,31080,"Los Angeles-Long Beach-Anaheim, CA",6,California,37,Los Angeles,34.1365,-117.92391
05/11/2021,AQS,2,15.7,ppb,14,Azusa,24,100,42602,Nitrogen dioxide (NO2),74,31080,"Los Angeles-Long Beach-Anaheim, CA",6,California,37,Los Angeles,34.1365,-117.92391
05/12/2021,AQS,2,15,ppb,14,Azusa,19,79,42602,Nitrogen dioxide (NO2),74,31080,"Los Angeles-Long Beach-Anaheim, CA",6,California,37,Los Angeles,34.1365,-117.92391
05/13/2021,AQS,2,14.8,ppb,13,Azusa,24,100,42602,Nitrogen dioxide (NO2),74,31080,"Los Angeles-Long Beach-Anaheim, CA",6,California,37,Los Angeles,34.1365,-117.92391
05/14/2021,AQS,2,12.1,ppb,11,Azusa,24,100,42602,Nitrogen dioxide (NO2),74,31080,"Los Angeles-Long Beach-Anaheim, CA",6,California,37,Los Angeles,34.1365,-117.92391
05/15/2021,AQS,2,6.4,ppb,6,Azusa,24,100,42602,Nitrogen dioxide (NO2),74,31080,"Los Angeles-Long Beach-Anaheim, CA",6,California,37,Los Angeles,34.1365,-117.92391
05/16/2021,AQS,2,5.7,ppb,5,Azusa,24,100,42602,Nitrogen dioxide (NO2),74,31080,"Los Angeles-Long Beach-Anaheim, CA",6,California,37,Los Angeles,34.1365,-117.92391
05/17/2021,AQS,2,14.2,ppb,13,Azusa,24,100,42602,Nitrogen dioxide (NO2),74,31080,"Los Angeles-Long Beach-Anaheim, CA",6,California,37,Los Angeles,34.1365,-117.92391
05/18/2021,AQS,2,19.4,ppb,18,Azusa,24,100,42602,Nitrogen dioxide (NO2),74,31080,"Los Angeles-Long Beach-Anaheim, CA",6,California,37,Los Angeles,34.1365,-117.92391
05/19/2021,AQS,2,16.9,ppb,15,Azusa,24,100,42602,Nitrogen dioxide (NO2),74,31080,"Los Angeles-Long Beach-Anaheim, CA",6,California,37,Los Angeles,34.1365,-117.92391
05/20/2021,AQS,2,18.8,ppb,17,Azusa,24,100,42602,Nitrogen dioxide (NO2),74,31080,"Los Angeles-Long Beach-Anaheim, CA",6,California,37,Los Angeles,34.1365,-117.92391
05/21/2021,AQS,2,12.1,ppb,11,Azusa,24,100,42602,Nitrogen dioxide (NO2),74,31080,"Los Angeles-Long Beach-Anaheim, CA",6,California,37,Los Angeles,34.1365,-117.92391
05/22/2021,AQS,2,12.4,ppb,11,Azusa,24,100,42602,Nitrogen dioxide (NO2),74,31080,"Los Angeles-Long Beach-Anaheim, CA",6,California,37,Los Angeles,34.1365,-117.92391
05/23/2021,AQS,2,17.1,ppb,16,Azusa,24,100,42602,Nitrogen dioxide (NO2),74,31080,"Los Angeles-Long Beach-Anaheim, CA",6,California,37,Los Angeles,34.1365,-117.92391
05/24/2021,AQS,2,35.6,ppb,33,Azusa,24,100,42602,Nitrogen dioxide (NO2),74,31080,"Los Angeles-Long Beach-Anaheim, CA",6,California,37,Los Angeles,34.1365,-117.92391
05/25/2021,AQS,2,34.7,ppb,32,Azusa,24,100,42602,Nitrogen dioxide (NO2),74,31080,"Los Angeles-Long Beach-Anaheim, CA",6,California,37,Los Angeles,34.1365,-117.92391
05/26/2021,AQS,2,22.1,ppb,21,Azusa,24,100,42602,Nitrogen dioxide (NO2),74,31080,"Los Angeles-Long Beach-Anaheim, CA",6,California,37,Los Angeles,34.1365,-117.92391
05/27/2021,AQS,2,14.1,ppb,13,Azusa,24,100,42602,Nitrogen dioxide (NO2),74,31080,"Los Angeles-Long Beach-Anaheim, CA",6,California,37,Los Angeles,34.1365,-117.92391
05/28/2021,AQS,2,19,ppb,18,Azusa,24,100,42602,Nitrogen dioxide (NO2),74,31080,"Los Angeles-Long Beach-Anaheim, CA",6,California,37,Los Angeles,34.1365,-117.92391
05/29/2021,AQS,2,10.3,ppb,9,Azusa,24,100,42602,Nitrogen dioxide (NO2),74,31080,"Los Angeles-Long Beach-Anaheim, CA",6,California,37,Los Angeles,34.1365,-117.92391
05/30/2021,AQS,2,8.7,ppb,8,Azusa,24,100,42602,Nitrogen dioxide (NO2),74,31080,"Los Angeles-Long Beach-Anaheim, CA",6,California,37,Los Angeles,34.1365,-117.92391
05/31/2021,AQS,2,10.7,ppb,9,Azusa,24,100,42602,Nitrogen dioxide (NO2),74,31080,"Los Angeles-Long Beach-Anaheim, CA",6,California,37,Los Angeles,34.1365,-117.92391
06/01/2021,AQS,2,19.8,ppb,18,Azusa,24,100,42602,Nitrogen dioxide (NO2),74,31080,"Los Angeles-Long Beach-Anaheim, CA",6,California,37,Los Angeles,34.1365,-117.92391
06/02/2021,AQS,2,20.9,ppb,19,Azusa,24,100,42602,Nitrogen dioxide (NO2),74,31080,"Los Angeles-Long Beach-Anaheim, CA",6,California,37,Los Angeles,34.1365,-117.92391
06/03/2021,AQS,2,16.1,ppb,15,Azusa,24,100,42602,Nitrogen dioxide (NO2),74,31080,"Los Angeles-Long Beach-Anaheim, CA",6,California,37,Los Angeles,34.1365,-117.92391
06/04/2021,AQS,2,16.9,ppb,15,Azusa,21,88,42602,Nitrogen dioxide (NO2),74,31080,"Los Angeles-Long Beach-Anaheim, CA",6,California,37,Los Angeles,34.1365,-117.92391
06/05/2021,AQS,2,13.8,ppb,12,Azusa,24,100,42602,Nitrogen dioxide (NO2),74,31080,"Los Angeles-Long Beach-Anaheim, CA",6,California,37,Los Angeles,34.1365,-117.92391
06/06/2021,AQS,2,11.3,ppb,10,Azusa,24,100,42602,Nitrogen dioxide (NO2),74,31080,"Los Angeles-Long Beach-Anaheim, CA",6,California,37,Los Angeles,34.1365,-117.92391
06/07/2021,AQS,2,12.1,ppb,11,Azusa,24,100,42602,Nitrogen dioxide (NO2),74,31080,"Los Angeles-Long Beach-Anaheim, CA",6,California,37,Los Angeles,34.1365,-117.92391
06/08/2021,AQS,2,11.7,ppb,10,Azusa,24,100,42602,Nitrogen dioxide (NO2),74,31080,"Los Angeles-Long Beach-Anaheim, CA",6,California,37,Los Angeles,34.1365,-117.92391
06/09/2021,AQS,2,18.4,ppb,17,Azusa,24,100,42602,Nitrogen dioxide (NO2),74,31080,"Los Angeles-Long Beach-Anaheim, CA",6,California,37,Los Angeles,34.1365,-117.92391
06/10/2021,AQS,2,19.7,ppb,18,Azusa,24,100,42602,Nitrogen dioxide (NO2),74,31080,"Los Angeles-Long Beach-Anaheim, CA",6,California,37,Los Angeles,34.1365,-117.92391
06/11/2021,AQS,2,29.7,ppb,27,Azusa,24,100,42602,Nitrogen dioxide (NO2),74,31080,"Los Angeles-Long Beach-Anaheim, CA",6,California,37,Los Angeles,34.1365,-117.92391
06/12/2021,AQS,2,33.8,ppb,31,Azusa,24,100,42602,Nitrogen dioxide (NO2),74,31080,"Los Angeles-Long Beach-Anaheim, CA",6,California,37,Los Angeles,34.1365,-117.92391
06/13/2021,AQS,2,17.1,ppb,16,Azusa,24,100,42602,Nitrogen dioxide (NO2),74,31080,"Los Angeles-Long Beach-Anaheim, CA",6,California,37,Los Angeles,34.1365,-117.92391
06/14/2021,AQS,2,22.4,ppb,21,Azusa,24,100,42602,Nitrogen dioxide (NO2),74,31080,"Los Angeles-Long Beach-Anaheim, CA",6,California,37,Los Angeles,34.1365,-117.92391
06/15/2021,AQS,2,33.2,ppb,31,Azusa,24,100,42602,Nitrogen dioxide (NO2),74,31080,"Los Angeles-Long Beach-Anaheim, CA",6,California,37,Los Angeles,34.1365,-117.92391
06/16/2021,AQS,2,21.1,ppb,20,Azusa,24,100,42602,Nitrogen dioxide (NO2),74,31080,"Los Angeles-Long Beach-Anaheim, CA",6,California,37,Los Angeles,34.1365,-117.92391
06/17/2021,AQS,2,25.5,ppb,24,Azusa,24,100,42602,Nitrogen dioxide (NO2),74,31080,"Los Angeles-Long Beach-Anaheim, CA",6,California,37,Los Angeles,34.1365,-117.92391
06/18/2021,AQS,2,18.5,ppb,17,Azusa,24,100,42602,Nitrogen dioxide (NO2),74,31080,"Los Angeles-Long Beach-Anaheim, CA",6,California,37,Los Angeles,34.1365,-117.92391
06/19/2021,AQS,2,13.7,ppb,12,Azusa,24,100,42602,Nitrogen dioxide (NO2),74,31080,"Los Angeles-Long Beach-Anaheim, CA",6,California,37,Los Angeles,34.1365,-117.92391
06/20/2021,AQS,2,14.5,ppb,13,Azusa,24,100,42602,Nitrogen dioxide (NO2),74,31080,"Los Angeles-Long Beach-Anaheim, CA",6,California,37,Los Angeles,34.1365,-117.92391
06/21/2021,AQS,2,17.2,ppb,16,Azusa,24,100,42602,Nitrogen dioxide (NO2),74,31080,"Los Angeles-Long Beach-Anaheim, CA",6,California,37,Los Angeles,34.1365,-117.92391
06/22/2021,AQS,2,18.3,ppb,17,Azusa,24,100,42602,Nitrogen dioxide (NO2),74,31080,"Los Angeles-Long Beach-Anaheim, CA",6,California,37,Los Angeles,34.1365,-117.92391
06/23/2021,AQS,2,17.6,ppb,16,Azusa,24,100,42602,Nitrogen dioxide (NO2),74,31080,"Los Angeles-Long Beach-Anaheim, CA",6,California,37,Los Angeles,34.1365,-117.92391
06/24/2021,AQS,2,15.3,ppb,14,Azusa,22,92,42602,Nitrogen dioxide (NO2),74,31080,"Los Angeles-Long Beach-Anaheim, CA",6,California,37,Los Angeles,34.1365,-117.92391
06/25/2021,AQS,2,21.3,ppb,20,Azusa,24,100,42602,Nitrogen dioxide (NO2),74,31080,"Los Angeles-Long Beach-Anaheim, CA",6,California,37,Los Angeles,34.1365,-117.92391
06/26/2021,AQS,2,25,ppb,24,Azusa,24,100,42602,Nitrogen dioxide (NO2),74,31080,"Los Angeles-Long Beach-Anaheim, CA",6,California,37,Los Angeles,34.1365,-117.92391
06/27/2021,AQS,2,16.4,ppb,15,Azusa,24,100,42602,Nitrogen dioxide (NO2),74,31080,"Los Angeles-Long Beach-Anaheim, CA",6,California,37,Los Angeles,34.1365,-117.92391
06/28/2021,AQS,2,21.4,ppb,20,Azusa,24,100,42602,Nitrogen dioxide (NO2),74,31080,"Los Angeles-Long Beach-Anaheim, CA",6,California,37,Los Angeles,34.1365,-117.92391
06/29/2021,AQS,2,14.6,ppb,13,Azusa,24,100,42602,Nitrogen dioxide (NO2),74,31080,"Los Angeles-Long Beach-Anaheim, CA",6,California,37,Los Angeles,34.1365,-117.92391
06/30/2021,AQS,2,15.9,ppb,14,Azusa,24,100,42602,Nitrogen dioxide (NO2),74,31080,"Los Angeles-Long Beach-Anaheim, CA",6,California,37,Los Angeles,34.1365,-117.92391
07/01/2021,AQS,2,19.2,ppb,18,Azusa,24,100,42602,Nitrogen dioxide (NO2),74,31080,"Los Angeles-Long Beach-Anaheim, CA",6,California,37,Los Angeles,34.1365,-117.92391
07/02/2021,AQS,2,24.3,ppb,23,Azusa,24,100,42602,Nitrogen dioxide (NO2),74,31080,"Los Angeles-Long Beach-Anaheim, CA",6,California,37,Los Angeles,34.1365,-117.92391
07/03/2021,AQS,2,17.9,ppb,16,Azusa,24,100,42602,Nitrogen dioxide (NO2),74,31080,"Los Angeles-Long Beach-Anaheim, CA",6,California,37,Los Angeles,34.1365,-117.92391
07/04/2021,AQS,2,22.6,ppb,21,Azusa,24,100,42602,Nitrogen dioxide (NO2),74,31080,"Los Angeles-Long Beach-Anaheim, CA",6,California,37,Los Angeles,34.1365,-117.92391
07/05/2021,AQS,2,23.4,ppb,22,Azusa,24,100,42602,Nitrogen dioxide (NO2),74,31080,"Los Angeles-Long Beach-Anaheim, CA",6,California,37,Los Angeles,34.1365,-117.92391
07/06/2021,AQS,2,21.7,ppb,20,Azusa,24,100,42602,Nitrogen dioxide (NO2),74,31080,"Los Angeles-Long Beach-Anaheim, CA",6,California,37,Los Angeles,34.1365,-117.92391
07/07/2021,AQS,2,21.5,ppb,20,Azusa,24,100,42602,Nitrogen dioxide (NO2),74,31080,"Los Angeles-Long Beach-Anaheim, CA",6,California,37,Los Angeles,34.1365,-117.92391
07/08/2021,AQS,2,25.7,ppb,24,Azusa,24,100,42602,Nitrogen dioxide (NO2),74,31080,"Los Angeles-Long Beach-Anaheim, CA",6,California,37,Los Angeles,34.1365,-117.92391
07/09/2021,AQS,2,26.7,ppb,25,Azusa,24,100,42602,Nitrogen dioxide (NO2),74,31080,"Los Angeles-Long Beach-Anaheim, CA",6,California,37,Los Angeles,34.1365,-117.92391
07/10/2021,AQS,2,23.7,ppb,22,Azusa,24,100,42602,Nitrogen dioxide (NO2),74,31080,"Los Angeles-Long Beach-Anaheim, CA",6,California,37,Los Angeles,34.1365,-117.92391
07/11/2021,AQS,2,10.9,ppb,9,Azusa,24,100,42602,Nitrogen dioxide (NO2),74,31080,"Los Angeles-Long Beach-Anaheim, CA",6,California,37,Los Angeles,34.1365,-117.92391
07/12/2021,AQS,2,14.5,ppb,13,Azusa,24,100,42602,Nitrogen dioxide (NO2),74,31080,"Los Angeles-Long Beach-Anaheim, CA",6,California,37,Los Angeles,34.1365,-117.92391
07/13/2021,AQS,2,20.4,ppb,19,Azusa,24,100,42602,Nitrogen dioxide (NO2),74,31080,"Los Angeles-Long Beach-Anaheim, CA",6,California,37,Los Angeles,34.1365,-117.92391
07/14/2021,AQS,2,18.6,ppb,17,Azusa,24,100,42602,Nitrogen dioxide (NO2),74,31080,"Los Angeles-Long Beach-Anaheim, CA",6,California,37,Los Angeles,34.1365,-117.92391
07/15/2021,AQS,2,15.8,ppb,14,Azusa,24,100,42602,Nitrogen dioxide (NO2),74,31080,"Los Angeles-Long Beach-Anaheim, CA",6,California,37,Los Angeles,34.1365,-117.92391
07/16/2021,AQS,2,19.5,ppb,18,Azusa,24,100,42602,Nitrogen dioxide (NO2),74,31080,"Los Angeles-Long Beach-Anaheim, CA",6,California,37,Los Angeles,34.1365,-117.92391
07/17/2021,AQS,2,19.3,ppb,18,Azusa,24,100,42602,Nitrogen dioxide (NO2),74,31080,"Los Angeles-Long Beach-Anaheim, CA",6,California,37,Los Angeles,34.1365,-117.92391
07/18/2021,AQS,2,16.7,ppb,15,Azusa,24,100,42602,Nitrogen dioxide (NO2),74,31080,"Los Angeles-Long Beach-Anaheim, CA",6,California,37,Los Angeles,34.1365,-117.92391
07/19/2021,AQS,2,19.6,ppb,18,Azusa,24,100,42602,Nitrogen dioxide (NO2),74,31080,"Los Angeles-Long Beach-Anaheim, CA",6,California,37,Los Angeles,34.1365,-117.92391
07/20/2021,AQS,2,27.2,ppb,25,Azusa,24,100,42602,Nitrogen dioxide (NO2),74,31080,"Los Angeles-Long Beach-Anaheim, CA",6,California,37,Los Angeles,34.1365,-117.92391
07/21/2021,AQS,2,24.5,ppb,23,Azusa,24,100,42602,Nitrogen dioxide (NO2),74,31080,"Los Angeles-Long Beach-Anaheim, CA",6,California,37,Los Angeles,34.1365,-117.92391
07/22/2021,AQS,2,24.8,ppb,23,Azusa,24,100,42602,Nitrogen dioxide (NO2),74,31080,"Los Angeles-Long Beach-Anaheim, CA",6,California,37,Los Angeles,34.1365,-117.92391
07/23/2021,AQS,2,15.5,ppb,14,Azusa,24,100,42602,Nitrogen dioxide (NO2),74,31080,"Los Angeles-Long Beach-Anaheim, CA",6,California,37,Los Angeles,34.1365,-117.92391
07/24/2021,AQS,2,13.8,ppb,12,Azusa,24,100,42602,Nitrogen dioxide (NO2),74,31080,"Los Angeles-Long Beach-Anaheim, CA",6,California,37,Los Angeles,34.1365,-117.92391
07/25/2021,AQS,2,11.9,ppb,10,Azusa,24,100,42602,Nitrogen dioxide (NO2),74,31080,"Los Angeles-Long Beach-Anaheim, CA",6,California,37,Los Angeles,34.1365,-117.92391
07/26/2021,AQS,2,21.2,ppb,20,Azusa,24,100,42602,Nitrogen dioxide (NO2),74,31080,"Los Angeles-Long Beach-Anaheim, CA",6,California,37,Los Angeles,34.1365,-117.92391
07/27/2021,AQS,2,22.7,ppb,21,Azusa,24,100,42602,Nitrogen dioxide (NO2),74,31080,"Los Angeles-Long Beach-Anaheim, CA",6,California,37,Los Angeles,34.1365,-117.92391
07/28/2021,AQS,2,24.2,ppb,23,Azusa,24,100,42602,Nitrogen dioxide (NO2),74,31080,"Los Angeles-Long Beach-Anaheim, CA",6,California,37,Los Angeles,34.1365,-117.92391
07/29/2021,AQS,2,28.1,ppb,26,Azusa,24,100,42602,Nitrogen dioxide (NO2),74,31080,"Los Angeles-Long Beach-Anaheim, CA",6,California,37,Los Angeles,34.1365,-117.92391
07/30/2021,AQS,2,27.4,ppb,25,Azusa,24,100,42602,Nitrogen dioxide (NO2),74,31080,"Los Angeles-Long Beach-Anaheim, CA",6,California,37,Los Angeles,34.1365,-117.92391
07/31/2021,AQS,2,26.6,ppb,25,Azusa,24,100,42602,Nitrogen dioxide (NO2),74,31080,"Los Angeles-Long Beach-Anaheim, CA",6,California,37,Los Angeles,34.1365,-117.92391
08/01/2021,AQS,2,17.9,ppb,16,Azusa,24,100,42602,Nitrogen dioxide (NO2),74,31080,"Los Angeles-Long Beach-Anaheim, CA",6,California,37,Los Angeles,34.1365,-117.92391
08/02/2021,AQS,2,31.2,ppb,29,Azusa,24,100,42602,Nitrogen dioxide (NO2),74,31080,"Los Angeles-Long Beach-Anaheim, CA",6,California,37,Los Angeles,34.1365,-117.92391
08/03/2021,AQS,2,30.6,ppb,28,Azusa,24,100,42602,Nitrogen dioxide (NO2),74,31080,"Los Angeles-Long Beach-Anaheim, CA",6,California,37,Los Angeles,34.1365,-117.92391
08/04/2021,AQS,2,27.2,ppb,25,Azusa,24,100,42602,Nitrogen dioxide (NO2),74,31080,"Los Angeles-Long Beach-Anaheim, CA",6,California,37,Los Angeles,34.1365,-117.92391
08/11/2021,AQS,2,28.3,ppb,26,Azusa,24,100,42602,Nitrogen dioxide (NO2),74,31080,"Los Angeles-Long Beach-Anaheim, CA",6,California,37,Los Angeles,34.1365,-117.92391
08/12/2021,AQS,2,35.1,ppb,33,Azusa,24,100,42602,Nitrogen dioxide (NO2),74,31080,"Los Angeles-Long Beach-Anaheim, CA",6,California,37,Los Angeles,34.1365,-117.92391
08/13/2021,AQS,2,28.6,ppb,26,Azusa,24,100,42602,Nitrogen dioxide (NO2),74,31080,"Los Angeles-Long Beach-Anaheim, CA",6,California,37,Los Angeles,34.1365,-117.92391
08/14/2021,AQS,2,27.7,ppb,25,Azusa,24,100,42602,Nitrogen dioxide (NO2),74,31080,"Los Angeles-Long Beach-Anaheim, CA",6,California,37,Los Angeles,34.1365,-117.92391
08/15/2021,AQS,2,22.4,ppb,21,Azusa,24,100,42602,Nitrogen dioxide (NO2),74,31080,"Los Angeles-Long Beach-Anaheim, CA",6,California,37,Los Angeles,34.1365,-117.92391
08/16/2021,AQS,2,24,ppb,23,Azusa,24,100,42602,Nitrogen dioxide (NO2),74,31080,"Los Angeles-Long Beach-Anaheim, CA",6,California,37,Los Angeles,34.1365,-117.92391
08/17/2021,AQS,2,17.4,ppb,16,Azusa,24,100,42602,Nitrogen dioxide (NO2),74,31080,"Los Angeles-Long Beach-Anaheim, CA",6,California,37,Los Angeles,34.1365,-117.92391
08/18/2021,AQS,2,11.2,ppb,10,Azusa,24,100,42602,Nitrogen dioxide (NO2),74,31080,"Los Angeles-Long Beach-Anaheim, CA",6,California,37,Los Angeles,34.1365,-117.92391
08/19/2021,AQS,2,18,ppb,17,Azusa,24,100,42602,Nitrogen dioxide (NO2),74,31080,"Los Angeles-Long Beach-Anaheim, CA",6,California,37,Los Angeles,34.1365,-117.92391
08/20/2021,AQS,2,18.2,ppb,17,Azusa,24,100,42602,Nitrogen dioxide (NO2),74,31080,"Los Angeles-Long Beach-Anaheim, CA",6,California,37,Los Angeles,34.1365,-117.92391
08/21/2021,AQS,2,10.5,ppb,9,Azusa,24,100,42602,Nitrogen dioxide (NO2),74,31080,"Los Angeles-Long Beach-Anaheim, CA",6,California,37,Los Angeles,34.1365,-117.92391
08/22/2021,AQS,2,9.8,ppb,8,Azusa,24,100,42602,Nitrogen dioxide (NO2),74,31080,"Los Angeles-Long Beach-Anaheim, CA",6,California,37,Los Angeles,34.1365,-117.92391
08/23/2021,AQS,2,16.3,ppb,15,Azusa,24,100,42602,Nitrogen dioxide (NO2),74,31080,"Los Angeles-Long Beach-Anaheim, CA",6,California,37,Los Angeles,34.1365,-117.92391
08/24/2021,AQS,2,27,ppb,25,Azusa,24,100,42602,Nitrogen dioxide (NO2),74,31080,"Los Angeles-Long Beach-Anaheim, CA",6,California,37,Los Angeles,34.1365,-117.92391
08/25/2021,AQS,2,31,ppb,29,Azusa,24,100,42602,Nitrogen dioxide (NO2),74,31080,"Los Angeles-Long Beach-Anaheim, CA",6,California,37,Los Angeles,34.1365,-117.92391
08/26/2021,AQS,2,40.4,ppb,38,Azusa,24,100,42602,Nitrogen dioxide (NO2),74,31080,"Los Angeles-Long Beach-Anaheim, CA",6,California,37,Los Angeles,34.1365,-117.92391
08/27/2021,AQS,2,38.9,ppb,36,Azusa,24,100,42602,Nitrogen dioxide (NO2),74,31080,"Los Angeles-Long Beach-Anaheim, CA",6,California,37,Los Angeles,34.1365,-117.92391
08/28/2021,AQS,2,36.4,ppb,34,Azusa,24,100,42602,Nitrogen dioxide (NO2),74,31080,"Los Angeles-Long Beach-Anaheim, CA",6,California,37,Los Angeles,34.1365,-117.92391
08/29/2021,AQS,2,23.5,ppb,22,Azusa,24,100,42602,Nitrogen dioxide (NO2),74,31080,"Los Angeles-Long Beach-Anaheim, CA",6,California,37,Los Angeles,34.1365,-117.92391
08/30/2021,AQS,2,27.7,ppb,25,Azusa,24,100,42602,Nitrogen dioxide (NO2),74,31080,"Los Angeles-Long Beach-Anaheim, CA",6,California,37,Los Angeles,34.1365,-117.92391
08/31/2021,AQS,2,21.5,ppb,20,Azusa,24,100,42602,Nitrogen dioxide (NO2),74,31080,"Los Angeles-Long Beach-Anaheim, CA",6,California,37,Los Angeles,34.1365,-117.92391
09/01/2021,AQS,2,15.2,ppb,14,Azusa,24,100,42602,Nitrogen dioxide (NO2),74,31080,"Los Angeles-Long Beach-Anaheim, CA",6,California,37,Los Angeles,34.1365,-117.92391
09/02/2021,AQS,2,14.6,ppb,13,Azusa,24,100,42602,Nitrogen dioxide (NO2),74,31080,"Los Angeles-Long Beach-Anaheim, CA",6,California,37,Los Angeles,34.1365,-117.92391
09/03/2021,AQS,2,27.5,ppb,25,Azusa,24,100,42602,Nitrogen dioxide (NO2),74,31080,"Los Angeles-Long Beach-Anaheim, CA",6,California,37,Los Angeles,34.1365,-117.92391
09/04/2021,AQS,2,32.5,ppb,30,Azusa,24,100,42602,Nitrogen dioxide (NO2),74,31080,"Los Angeles-Long Beach-Anaheim, CA",6,California,37,Los Angeles,34.1365,-117.92391
09/05/2021,AQS,2,32.4,ppb,30,Azusa,24,100,42602,Nitrogen dioxide (NO2),74,31080,"Los Angeles-Long Beach-Anaheim, CA",6,California,37,Los Angeles,34.1365,-117.92391
09/06/2021,AQS,2,9.7,ppb,8,Azusa,24,100,42602,Nitrogen dioxide (NO2),74,31080,"Los Angeles-Long Beach-Anaheim, CA",6,California,37,Los Angeles,34.1365,-117.92391
09/07/2021,AQS,2,19.2,ppb,18,Azusa,24,100,42602,Nitrogen dioxide (NO2),74,31080,"Los Angeles-Long Beach-Anaheim, CA",6,California,37,Los Angeles,34.1365,-117.92391
09/08/2021,AQS,2,27.9,ppb,25,Azusa,24,100,42602,Nitrogen dioxide (NO2),74,31080,"Los Angeles-Long Beach-Anaheim, CA",6,California,37,Los Angeles,34.1365,-117.92391
09/09/2021,AQS,2,30.2,ppb,28,Azusa,24,100,42602,Nitrogen dioxide (NO2),74,31080,"Los Angeles-Long Beach-Anaheim, CA",6,California,37,Los Angeles,34.1365,-117.92391
09/10/2021,AQS,2,31.7,ppb,29,Azusa,24,100,42602,Nitrogen dioxide (NO2),74,31080,"Los Angeles-Long Beach-Anaheim, CA",6,California,37,Los Angeles,34.1365,-117.92391
09/11/2021,AQS,2,29.5,ppb,27,Azusa,24,100,42602,Nitrogen dioxide (NO2),74,31080,"Los Angeles-Long Beach-Anaheim, CA",6,California,37,Los Angeles,34.1365,-117.92391
09/12/2021,AQS,2,26.3,ppb,25,Azusa,24,100,42602,Nitrogen dioxide (NO2),74,31080,"Los Angeles-Long Beach-Anaheim, CA",6,California,37,Los Angeles,34.1365,-117.92391
09/13/2021,AQS,2,39.9,ppb,37,Azusa,24,100,42602,Nitrogen dioxide (NO2),74,31080,"Los Angeles-Long Beach-Anaheim, CA",6,California,37,Los Angeles,34.1365,-117.92391
09/14/2021,AQS,2,34.5,ppb,32,Azusa,24,100,42602,Nitrogen dioxide (NO2),74,31080,"Los Angeles-Long Beach-Anaheim, CA",6,California,37,Los Angeles,34.1365,-117.92391
09/15/2021,AQS,2,21.6,ppb,20,Azusa,24,100,42602,Nitrogen dioxide (NO2),74,31080,"Los Angeles-Long Beach-Anaheim, CA",6,California,37,Los Angeles,34.1365,-117.92391
09/16/2021,AQS,2,18.8,ppb,17,Azusa,24,100,42602,Nitrogen dioxide (NO2),74,31080,"Los Angeles-Long Beach-Anaheim, CA",6,California,37,Los Angeles,34.1365,-117.92391
09/17/2021,AQS,2,17.6,ppb,16,Azusa,21,88,42602,Nitrogen dioxide (NO2),74,31080,"Los Angeles-Long Beach-Anaheim, CA",6,California,37,Los Angeles,34.1365,-117.92391
09/18/2021,AQS,2,15.1,ppb,14,Azusa,24,100,42602,Nitrogen dioxide (NO2),74,31080,"Los Angeles-Long Beach-Anaheim, CA",6,California,37,Los Angeles,34.1365,-117.92391
09/19/2021,AQS,2,22.4,ppb,21,Azusa,24,100,42602,Nitrogen dioxide (NO2),74,31080,"Los Angeles-Long Beach-Anaheim, CA",6,California,37,Los Angeles,34.1365,-117.92391
09/20/2021,AQS,2,32.3,ppb,30,Azusa,24,100,42602,Nitrogen dioxide (NO2),74,31080,"Los Angeles-Long Beach-Anaheim, CA",6,California,37,Los Angeles,34.1365,-117.92391
09/21/2021,AQS,2,34.5,ppb,32,Azusa,24,100,42602,Nitrogen dioxide (NO2),74,31080,"Los Angeles-Long Beach-Anaheim, CA",6,California,37,Los Angeles,34.1365,-117.92391
09/22/2021,AQS,2,44,ppb,42,Azusa,24,100,42602,Nitrogen dioxide (NO2),74,31080,"Los Angeles-Long Beach-Anaheim, CA",6,California,37,Los Angeles,34.1365,-117.92391
09/23/2021,AQS,2,32.1,ppb,30,Azusa,24,100,42602,Nitrogen dioxide (NO2),74,31080,"Los Angeles-Long Beach-Anaheim, CA",6,California,37,Los Angeles,34.1365,-117.92391
09/24/2021,AQS,2,30.5,ppb,28,Azusa,24,100,42602,Nitrogen dioxide (NO2),74,31080,"Los Angeles-Long Beach-Anaheim, CA",6,California,37,Los Angeles,34.1365,-117.92391
09/25/2021,AQS,2,28.1,ppb,26,Azusa,24,100,42602,Nitrogen dioxide (NO2),74,31080,"Los Angeles-Long Beach-Anaheim, CA",6,California,37,Los Angeles,34.1365,-117.92391
09/26/2021,AQS,2,11.1,ppb,10,Azusa,24,100,42602,Nitrogen dioxide (NO2),74,31080,"Los Angeles-Long Beach-Anaheim, CA",6,California,37,Los Angeles,34.1365,-117.92391
09/27/2021,AQS,2,19.6,ppb,18,Azusa,24,100,42602,Nitrogen dioxide (NO2),74,31080,"Los Angeles-Long Beach-Anaheim, CA",6,California,37,Los Angeles,34.1365,-117.92391
09/28/2021,AQS,2,14.1,ppb,13,Azusa,24,100,42602,Nitrogen dioxide (NO2),74,31080,"Los Angeles-Long Beach-Anaheim, CA",6,California,37,Los Angeles,34.1365,-117.92391
09/29/2021,AQS,2,20.2,ppb,19,Azusa,24,100,42602,Nitrogen dioxide (NO2),74,31080,"Los Angeles-Long Beach-Anaheim, CA",6,California,37,Los Angeles,34.1365,-117.92391
09/30/2021,AQS,2,43.1,ppb,41,Azusa,24,100,42602,Nitrogen dioxide (NO2),74,31080,"Los Angeles-Long Beach-Anaheim, CA",6,California,37,Los Angeles,34.1365,-117.92391
10/01/2021,AQS,2,33.4,ppb,31,Azusa,24,100,42602,Nitrogen dioxide (NO2),74,31080,"Los Angeles-Long Beach-Anaheim, CA",6,California,37,Los Angeles,34.1365,-117.92391
10/02/2021,AQS,2,39.9,ppb,37,Azusa,24,100,42602,Nitrogen dioxide (NO2),74,31080,"Los Angeles-Long Beach-Anaheim, CA",6,California,37,Los Angeles,34.1365,-117.92391
10/03/2021,AQS,2,29.9,ppb,27,Azusa,24,100,42602,Nitrogen dioxide (NO2),74,31080,"Los Angeles-Long Beach-Anaheim, CA",6,California,37,Los Angeles,34.1365,-117.92391
10/04/2021,AQS,2,41.9,ppb,39,Azusa,24,100,42602,Nitrogen dioxide (NO2),74,31080,"Los Angeles-Long Beach-Anaheim, CA",6,California,37,Los Angeles,34.1365,-117.92391
10/05/2021,AQS,2,22.5,ppb,21,Azusa,24,100,42602,Nitrogen dioxide (NO2),74,31080,"Los Angeles-Long Beach-Anaheim, CA",6,California,37,Los Angeles,34.1365,-117.92391
10/06/2021,AQS,2,19,ppb,18,Azusa,24,100,42602,Nitrogen dioxide (NO2),74,31080,"Los Angeles-Long Beach-Anaheim, CA",6,California,37,Los Angeles,34.1365,-117.92391
10/07/2021,AQS,2,19.1,ppb,18,Azusa,24,100,42602,Nitrogen dioxide (NO2),74,31080,"Los Angeles-Long Beach-Anaheim, CA",6,California,37,Los Angeles,34.1365,-117.92391
10/08/2021,AQS,2,19.4,ppb,18,Azusa,24,100,42602,Nitrogen dioxide (NO2),74,31080,"Los Angeles-Long Beach-Anaheim, CA",6,California,37,Los Angeles,34.1365,-117.92391
10/09/2021,AQS,2,20.3,ppb,19,Azusa,24,100,42602,Nitrogen dioxide (NO2),74,31080,"Los Angeles-Long Beach-Anaheim, CA",6,California,37,Los Angeles,34.1365,-117.92391
10/10/2021,AQS,2,20.8,ppb,19,Azusa,24,100,42602,Nitrogen dioxide (NO2),74,31080,"Los Angeles-Long Beach-Anaheim, CA",6,California,37,Los Angeles,34.1365,-117.92391
10/11/2021,AQS,2,23.7,ppb,22,Azusa,24,100,42602,Nitrogen dioxide (NO2),74,31080,"Los Angeles-Long Beach-Anaheim, CA",6,California,37,Los Angeles,34.1365,-117.92391
10/12/2021,AQS,2,20.9,ppb,19,Azusa,24,100,42602,Nitrogen dioxide (NO2),74,31080,"Los Angeles-Long Beach-Anaheim, CA",6,California,37,Los Angeles,34.1365,-117.92391
10/13/2021,AQS,2,28.4,ppb,26,Azusa,24,100,42602,Nitrogen dioxide (NO2),74,31080,"Los Angeles-Long Beach-Anaheim, CA",6,California,37,Los Angeles,34.1365,-117.92391
10/14/2021,AQS,2,47.1,ppb,44,Azusa,24,100,42602,Nitrogen dioxide (NO2),74,31080,"Los Angeles-Long Beach-Anaheim, CA",6,California,37,Los Angeles,34.1365,-117.92391
10/15/2021,AQS,2,21.4,ppb,20,Azusa,24,100,42602,Nitrogen dioxide (NO2),74,31080,"Los Angeles-Long Beach-Anaheim, CA",6,California,37,Los Angeles,34.1365,-117.92391
10/16/2021,AQS,2,24.7,ppb,23,Azusa,24,100,42602,Nitrogen dioxide (NO2),74,31080,"Los Angeles-Long Beach-Anaheim, CA",6,California,37,Los Angeles,34.1365,-117.92391
10/17/2021,AQS,2,25.2,ppb,24,Azusa,24,100,42602,Nitrogen dioxide (NO2),74,31080,"Los Angeles-Long Beach-Anaheim, CA",6,California,37,Los Angeles,34.1365,-117.92391
10/18/2021,AQS,2,12.6,ppb,11,Azusa,24,100,42602,Nitrogen dioxide (NO2),74,31080,"Los Angeles-Long Beach-Anaheim, CA",6,California,37,Los Angeles,34.1365,-117.92391
10/19/2021,AQS,2,31.1,ppb,29,Azusa,24,100,42602,Nitrogen dioxide (NO2),74,31080,"Los Angeles-Long Beach-Anaheim, CA",6,California,37,Los Angeles,34.1365,-117.92391
10/20/2021,AQS,2,28.9,ppb,26,Azusa,24,100,42602,Nitrogen dioxide (NO2),74,31080,"Los Angeles-Long Beach-Anaheim, CA",6,California,37,Los Angeles,34.1365,-117.92391
10/21/2021,AQS,2,44.1,ppb,42,Azusa,24,100,42602,Nitrogen dioxide (NO2),74,31080,"Los Angeles-Long Beach-Anaheim, CA",6,California,37,Los Angeles,34.1365,-117.92391
10/22/2021,AQS,2,32,ppb,30,Azusa,24,100,42602,Nitrogen dioxide (NO2),74,31080,"Los Angeles-Long Beach-Anaheim, CA",6,California,37,Los Angeles,34.1365,-117.92391
10/23/2021,AQS,2,12.6,ppb,11,Azusa,24,100,42602,Nitrogen dioxide (NO2),74,31080,"Los Angeles-Long Beach-Anaheim, CA",6,California,37,Los Angeles,34.1365,-117.92391
10/24/2021,AQS,2,13.2,ppb,12,Azusa,24,100,42602,Nitrogen dioxide (NO2),74,31080,"Los Angeles-Long Beach-Anaheim, CA",6,California,37,Los Angeles,34.1365,-117.92391
10/25/2021,AQS,2,20.1,ppb,19,Azusa,24,100,42602,Nitrogen dioxide (NO2),74,31080,"Los Angeles-Long Beach-Anaheim, CA",6,California,37,Los Angeles,34.1365,-117.92391
10/26/2021,AQS,2,33.8,ppb,31,Azusa,24,100,42602,Nitrogen dioxide (NO2),74,31080,"Los Angeles-Long Beach-Anaheim, CA",6,California,37,Los Angeles,34.1365,-117.92391
10/27/2021,AQS,2,37.7,ppb,35,Azusa,24,100,42602,Nitrogen dioxide (NO2),74,31080,"Los Angeles-Long Beach-Anaheim, CA",6,California,37,Los Angeles,34.1365,-117.92391
10/28/2021,AQS,2,34.5,ppb,32,Azusa,24,100,42602,Nitrogen dioxide (NO2),74,31080,"Los Angeles-Long Beach-Anaheim, CA",6,California,37,Los Angeles,34.1365,-117.92391
10/29/2021,AQS,2,41.7,ppb,39,Azusa,24,100,42602,Nitrogen dioxide (NO2),74,31080,"Los Angeles-Long Beach-Anaheim, CA",6,California,37,Los Angeles,34.1365,-117.92391
10/30/2021,AQS,2,32.3,ppb,30,Azusa,24,100,42602,Nitrogen dioxide (NO2),74,31080,"Los Angeles-Long Beach-Anaheim, CA",6,California,37,Los Angeles,34.1365,-117.92391
10/31/2021,AQS,2,19.4,ppb,18,Azusa,24,100,42602,Nitrogen dioxide (NO2),74,31080,"Los Angeles-Long Beach-Anaheim, CA",6,California,37,Los Angeles,34.1365,-117.92391
11/01/2021,AQS,2,33.2,ppb,31,Azusa,24,100,42602,Nitrogen dioxide (NO2),74,31080,"Los Angeles-Long Beach-Anaheim, CA",6,California,37,Los Angeles,34.1365,-117.92391
11/02/2021,AQS,2,35.8,ppb,33,Azusa,24,100,42602,Nitrogen dioxide (NO2),74,31080,"Los Angeles-Long Beach-Anaheim, CA",6,California,37,Los Angeles,34.1365,-117.92391
11/03/2021,AQS,2,45.4,ppb,42,Azusa,24,100,42602,Nitrogen dioxide (NO2),74,31080,"Los Angeles-Long Beach-Anaheim, CA",6,California,37,Los Angeles,34.1365,-117.92391
11/04/2021,AQS,2,50.3,ppb,47,Azusa,24,100,42602,Nitrogen dioxide (NO2),74,31080,"Los Angeles-Long Beach-Anaheim, CA",6,California,37,Los Angeles,34.1365,-117.92391
11/05/2021,AQS,2,47.2,ppb,44,Azusa,24,100,42602,Nitrogen dioxide (NO2),74,31080,"Los Angeles-Long Beach-Anaheim, CA",6,California,37,Los Angeles,34.1365,-117.92391
11/06/2021,AQS,2,25.6,ppb,24,Azusa,24,100,42602,Nitrogen dioxide (NO2),74,31080,"Los Angeles-Long Beach-Anaheim, CA",6,California,37,Los Angeles,34.1365,-117.92391
11/07/2021,AQS,2,23.8,ppb,22,Azusa,24,100,42602,Nitrogen dioxide (NO2),74,31080,"Los Angeles-Long Beach-Anaheim, CA",6,California,37,Los Angeles,34.1365,-117.92391
11/08/2021,AQS,2,23.7,ppb,22,Azusa,24,100,42602,Nitrogen dioxide (NO2),74,31080,"Los Angeles-Long Beach-Anaheim, CA",6,California,37,Los Angeles,34.1365,-117.92391
11/09/2021,AQS,2,24.5,ppb,23,Azusa,24,100,42602,Nitrogen dioxide (NO2),74,31080,"Los Angeles-Long Beach-Anaheim, CA",6,California,37,Los Angeles,34.1365,-117.92391
11/10/2021,AQS,2,51.5,ppb,48,Azusa,24,100,42602,Nitrogen dioxide (NO2),74,31080,"Los Angeles-Long Beach-Anaheim, CA",6,California,37,Los Angeles,34.1365,-117.92391
11/11/2021,AQS,2,25.1,ppb,24,Azusa,24,100,42602,Nitrogen dioxide (NO2),74,31080,"Los Angeles-Long Beach-Anaheim, CA",6,California,37,Los Angeles,34.1365,-117.92391
11/12/2021,AQS,2,33.2,ppb,31,Azusa,24,100,42602,Nitrogen dioxide (NO2),74,31080,"Los Angeles-Long Beach-Anaheim, CA",6,California,37,Los Angeles,34.1365,-117.92391
11/13/2021,AQS,2,29.7,ppb,27,Azusa,24,100,42602,Nitrogen dioxide (NO2),74,31080,"Los Angeles-Long Beach-Anaheim, CA",6,California,37,Los Angeles,34.1365,-117.92391
11/14/2021,AQS,2,31.4,ppb,29,Azusa,24,100,42602,Nitrogen dioxide (NO2),74,31080,"Los Angeles-Long Beach-Anaheim, CA",6,California,37,Los Angeles,34.1365,-117.92391
11/15/2021,AQS,2,55,ppb,52,Azusa,24,100,42602,Nitrogen dioxide (NO2),74,31080,"Los Angeles-Long Beach-Anaheim, CA",6,California,37,Los Angeles,34.1365,-117.92391
11/16/2021,AQS,2,41.2,ppb,39,Azusa,24,100,42602,Nitrogen dioxide (NO2),74,31080,"Los Angeles-Long Beach-Anaheim, CA",6,California,37,Los Angeles,34.1365,-117.92391
11/17/2021,AQS,2,37.9,ppb,35,Azusa,20,83,42602,Nitrogen dioxide (NO2),74,31080,"Los Angeles-Long Beach-Anaheim, CA",6,California,37,Los Angeles,34.1365,-117.92391
11/19/2021,AQS,2,38.8,ppb,36,Azusa,20,83,42602,Nitrogen dioxide (NO2),74,31080,"Los Angeles-Long Beach-Anaheim, CA",6,California,37,Los Angeles,34.1365,-117.92391
11/20/2021,AQS,2,35.3,ppb,33,Azusa,24,100,42602,Nitrogen dioxide (NO2),74,31080,"Los Angeles-Long Beach-Anaheim, CA",6,California,37,Los Angeles,34.1365,-117.92391
11/21/2021,AQS,2,34.7,ppb,32,Azusa,24,100,42602,Nitrogen dioxide (NO2),74,31080,"Los Angeles-Long Beach-Anaheim, CA",6,California,37,Los Angeles,34.1365,-117.92391
11/22/2021,AQS,2,31.7,ppb,29,Azusa,24,100,42602,Nitrogen dioxide (NO2),74,31080,"Los Angeles-Long Beach-Anaheim, CA",6,California,37,Los Angeles,34.1365,-117.92391
11/23/2021,AQS,2,35.8,ppb,33,Azusa,24,100,42602,Nitrogen dioxide (NO2),74,31080,"Los Angeles-Long Beach-Anaheim, CA",6,California,37,Los Angeles,34.1365,-117.92391
11/24/2021,AQS,2,32.1,ppb,30,Azusa,24,100,42602,Nitrogen dioxide (NO2),74,31080,"Los Angeles-Long Beach-Anaheim, CA",6,California,37,Los Angeles,34.1365,-117.92391
11/25/2021,AQS,2,18.8,ppb,17,Azusa,24,100,42602,Nitrogen dioxide (NO2),74,31080,"Los Angeles-Long Beach-Anaheim, CA",6,California,37,Los Angeles,34.1365,-117.92391
11/26/2021,AQS,2,14.2,ppb,13,Azusa,24,100,42602,Nitrogen dioxide (NO2),74,31080,"Los Angeles-Long Beach-Anaheim, CA",6,California,37,Los Angeles,34.1365,-117.92391
11/27/2021,AQS,2,24.2,ppb,23,Azusa,24,100,42602,Nitrogen dioxide (NO2),74,31080,"Los Angeles-Long Beach-Anaheim, CA",6,California,37,Los Angeles,34.1365,-117.92391
11/28/2021,AQS,2,39.1,ppb,37,Azusa,24,100,42602,Nitrogen dioxide (NO2),74,31080,"Los Angeles-Long Beach-Anaheim, CA",6,California,37,Los Angeles,34.1365,-117.92391
11/29/2021,AQS,2,67.2,ppb,65,Azusa,24,100,42602,Nitrogen dioxide (NO2),74,31080,"Los Angeles-Long Beach-Anaheim, CA",6,California,37,Los Angeles,34.1365,-117.92391
11/30/2021,AQS,2,78.1,ppb,77,Azusa,24,100,42602,Nitrogen dioxide (NO2),74,31080,"Los Angeles-Long Beach-Anaheim, CA",6,California,37,Los Angeles,34.1365,-117.92391
12/01/2021,AQS,2,69.7,ppb,67,Azusa,24,100,42602,Nitrogen dioxide (NO2),74,31080,"Los Angeles-Long Beach-Anaheim, CA",6,California,37,Los Angeles,34.1365,-117.92391
12/02/2021,AQS,2,59.1,ppb,56,Azusa,24,100,42602,Nitrogen dioxide (NO2),74,31080,"Los Angeles-Long Beach-Anaheim, CA",6,California,37,Los Angeles,34.1365,-117.92391
12/03/2021,AQS,2,46.2,ppb,43,Azusa,24,100,42602,Nitrogen dioxide (NO2),74,31080,"Los Angeles-Long Beach-Anaheim, CA",6,California,37,Los Angeles,34.1365,-117.92391
12/04/2021,AQS,2,33.8,ppb,31,Azusa,24,100,42602,Nitrogen dioxide (NO2),74,31080,"Los Angeles-Long Beach-Anaheim, CA",6,California,37,Los Angeles,34.1365,-117.92391
12/05/2021,AQS,2,33.5,ppb,31,Azusa,24,100,42602,Nitrogen dioxide (NO2),74,31080,"Los Angeles-Long Beach-Anaheim, CA",6,California,37,Los Angeles,34.1365,-117.92391
12/06/2021,AQS,2,41.5,ppb,39,Azusa,24,100,42602,Nitrogen dioxide (NO2),74,31080,"Los Angeles-Long Beach-Anaheim, CA",6,California,37,Los Angeles,34.1365,-117.92391
12/07/2021,AQS,2,27.7,ppb,25,Azusa,24,100,42602,Nitrogen dioxide (NO2),74,31080,"Los Angeles-Long Beach-Anaheim, CA",6,California,37,Los Angeles,34.1365,-117.92391
12/08/2021,AQS,2,26.9,ppb,25,Azusa,24,100,42602,Nitrogen dioxide (NO2),74,31080,"Los Angeles-Long Beach-Anaheim, CA",6,California,37,Los Angeles,34.1365,-117.92391
12/09/2021,AQS,2,20.6,ppb,19,Azusa,22,92,42602,Nitrogen dioxide (NO2),74,31080,"Los Angeles-Long Beach-Anaheim, CA",6,California,37,Los Angeles,34.1365,-117.92391
12/10/2021,AQS,2,21.9,ppb,20,Azusa,24,100,42602,Nitrogen dioxide (NO2),74,31080,"Los Angeles-Long Beach-Anaheim, CA",6,California,37,Los Angeles,34.1365,-117.92391
12/11/2021,AQS,2,26,ppb,25,Azusa,24,100,42602,Nitrogen dioxide (NO2),74,31080,"Los Angeles-Long Beach-Anaheim, CA",6,California,37,Los Angeles,34.1365,-117.92391
12/12/2021,AQS,2,29.2,ppb,27,Azusa,24,100,42602,Nitrogen dioxide (NO2),74,31080,"Los Angeles-Long Beach-Anaheim, CA",6,California,37,Los Angeles,34.1365,-117.92391
12/13/2021,AQS,2,37.5,ppb,35,Azusa,24,100,42602,Nitrogen dioxide (NO2),74,31080,"Los Angeles-Long Beach-Anaheim, CA",6,California,37,Los Angeles,34.1365,-117.92391
12/14/2021,AQS,2,18.6,ppb,17,Azusa,20,83,42602,Nitrogen dioxide (NO2),74,31080,"Los Angeles-Long Beach-Anaheim, CA",6,California,37,Los Angeles,34.1365,-117.92391
12/15/2021,AQS,2,25.9,ppb,24,Azusa,24,100,42602,Nitrogen dioxide (NO2),74,31080,"Los Angeles-Long Beach-Anaheim, CA",6,California,37,Los Angeles,34.1365,-117.92391
12/16/2021,AQS,2,31.6,ppb,29,Azusa,18,75,42602,Nitrogen dioxide (NO2),74,31080,"Los Angeles-Long Beach-Anaheim, CA",6,California,37,Los Angeles,34.1365,-117.92391
12/17/2021,AQS,2,22.7,ppb,21,Azusa,24,100,42602,Nitrogen dioxide (NO2),74,31080,"Los Angeles-Long Beach-Anaheim, CA",6,California,37,Los Angeles,34.1365,-117.92391
12/18/2021,AQS,2,31.4,ppb,29,Azusa,24,100,42602,Nitrogen dioxide (NO2),74,31080,"Los Angeles-Long Beach-Anaheim, CA",6,California,37,Los Angeles,34.1365,-117.92391
12/19/2021,AQS,2,31.8,ppb,29,Azusa,24,100,42602,Nitrogen dioxide (NO2),74,31080,"Los Angeles-Long Beach-Anaheim, CA",6,California,37,Los Angeles,34.1365,-117.92391
12/20/2021,AQS,2,45.1,ppb,42,Azusa,24,100,42602,Nitrogen dioxide (NO2),74,31080,"Los Angeles-Long Beach-Anaheim, CA",6,California,37,Los Angeles,34.1365,-117.92391
12/21/2021,AQS,2,47.3,ppb,44,Azusa,24,100,42602,Nitrogen dioxide (NO2),74,31080,"Los Angeles-Long Beach-Anaheim, CA",6,California,37,Los Angeles,34.1365,-117.92391
12/22/2021,AQS,2,47.9,ppb,44,Azusa,24,100,42602,Nitrogen dioxide (NO2),74,31080,"Los Angeles-Long Beach-Anaheim, CA",6,California,37,Los Angeles,34.1365,-117.92391
12/23/2021,AQS,2,27.7,ppb,25,Azusa,24,100,42602,Nitrogen dioxide (NO2),74,31080,"Los Angeles-Long Beach-Anaheim, CA",6,California,37,Los Angeles,34.1365,-117.92391
12/24/2021,AQS,2,18.9,ppb,17,Azusa,24,100,42602,Nitrogen dioxide (NO2),74,31080,"Los Angeles-Long Beach-Anaheim, CA",6,California,37,Los Angeles,34.1365,-117.92391
12/25/2021,AQS,2,11.3,ppb,10,Azusa,24,100,42602,Nitrogen dioxide (NO2),74,31080,"Los Angeles-Long Beach-Anaheim, CA",6,California,37,Los Angeles,34.1365,-117.92391
12/26/2021,AQS,2,14.7,ppb,13,Azusa,24,100,42602,Nitrogen dioxide (NO2),74,31080,"Los Angeles-Long Beach-Anaheim, CA",6,California,37,Los Angeles,34.1365,-117.92391
12/27/2021,AQS,2,20,ppb,19,Azusa,24,100,42602,Nitrogen dioxide (NO2),74,31080,"Los Angeles-Long Beach-Anaheim, CA",6,California,37,Los Angeles,34.1365,-117.92391
12/28/2021,AQS,2,22.6,ppb,21,Azusa,24,100,42602,Nitrogen dioxide (NO2),74,31080,"Los Angeles-Long Beach-Anaheim, CA",6,California,37,Los Angeles,34.1365,-117.92391
12/29/2021,AQS,2,15.3,ppb,14,Azusa,24,100,42602,Nitrogen dioxide (NO2),74,31080,"Los Angeles-Long Beach-Anaheim, CA",6,California,37,Los Angeles,34.1365,-117.92391
12/30/2021,AQS,2,14.7,ppb,13,Azusa,24,100,42602,Nitrogen dioxide (NO2),74,31080,"Los Angeles-Long Beach-Anaheim, CA",6,California,37,Los Angeles,34.1365,-117.92391
12/31/2021,AQS,2,20.3,ppb,19,Azusa,24,100,42602,Nitrogen dioxide (NO2),74,31080,"Los Angeles-Long Beach-Anaheim, CA",6,California,37,Los Angeles,34.1365,-117.92391
01/01/2022,AQS,2,13.4,ppb,12,Azusa,24,100,42602,Nitrogen dioxide (NO2),74,31080,"Los Angeles-Long Beach-Anaheim, CA",6,California,37,Los Angeles,34.1365,-117.92391
01/02/2022,AQS,2,10.9,ppb,9,Azusa,24,100,42602,Nitrogen dioxide (NO2),74,31080,"Los Angeles-Long Beach-Anaheim, CA",6,California,37,Los Angeles,34.1365,-117.92391
01/03/2022,AQS,2,31.5,ppb,29,Azusa,24,100,42602,Nitrogen dioxide (NO2),74,31080,"Los Angeles-Long Beach-Anaheim, CA",6,California,37,Los Angeles,34.1365,-117.92391
01/04/2022,AQS,2,33.1,ppb,31,Azusa,24,100,42602,Nitrogen dioxide (NO2),74,31080,"Los Angeles-Long Beach-Anaheim, CA",6,California,37,Los Angeles,34.1365,-117.92391
01/05/2022,AQS,2,40.6,ppb,38,Azusa,24,100,42602,Nitrogen dioxide (NO2),74,31080,"Los Angeles-Long Beach-Anaheim, CA",6,California,37,Los Angeles,34.1365,-117.92391
01/06/2022,AQS,2,46.1,ppb,43,Azusa,24,100,42602,Nitrogen dioxide (NO2),74,31080,"Los Angeles-Long Beach-Anaheim, CA",6,California,37,Los Angeles,34.1365,-117.92391
01/07/2022,AQS,2,43.5,ppb,41,Azusa,24,100,42602,Nitrogen dioxide (NO2),74,31080,"Los Angeles-Long Beach-Anaheim, CA",6,California,37,Los Angeles,34.1365,-117.92391
01/08/2022,AQS,2,19.6,ppb,18,Azusa,24,100,42602,Nitrogen dioxide (NO2),74,31080,"Los Angeles-Long Beach-Anaheim, CA",6,California,37,Los Angeles,34.1365,-117.92391
01/09/2022,AQS,2,17.9,ppb,16,Azusa,24,100,42602,Nitrogen dioxide (NO2),74,31080,"Los Angeles-Long Beach-Anaheim, CA",6,California,37,Los Angeles,34.1365,-117.92391
01/10/2022,AQS,2,22.6,ppb,21,Azusa,24,100,42602,Nitrogen dioxide (NO2),74,31080,"Los Angeles-Long Beach-Anaheim, CA",6,California,37,Los Angeles,34.1365,-117.92391
01/11/2022,AQS,2,23,ppb,22,Azusa,24,100,42602,Nitrogen dioxide (NO2),74,31080,"Los Angeles-Long Beach-Anaheim, CA",6,California,37,Los Angeles,34.1365,-117.92391
01/12/2022,AQS,2,23.7,ppb,22,Azusa,24,100,42602,Nitrogen dioxide (NO2),74,31080,"Los Angeles-Long Beach-Anaheim, CA",6,California,37,Los Angeles,34.1365,-117.92391
01/13/2022,AQS,2,46,ppb,43,Azusa,24,100,42602,Nitrogen dioxide (NO2),74,31080,"Los Angeles-Long Beach-Anaheim, CA",6,California,37,Los Angeles,34.1365,-117.92391
01/14/2022,AQS,2,47.2,ppb,44,Azusa,24,100,42602,Nitrogen dioxide (NO2),74,31080,"Los Angeles-Long Beach-Anaheim, CA",6,California,37,Los Angeles,34.1365,-117.92391
01/15/2022,AQS,2,39.3,ppb,37,Azusa,24,100,42602,Nitrogen dioxide (NO2),74,31080,"Los Angeles-Long Beach-Anaheim, CA",6,California,37,Los Angeles,34.1365,-117.92391
01/16/2022,AQS,2,21.7,ppb,20,Azusa,24,100,42602,Nitrogen dioxide (NO2),74,31080,"Los Angeles-Long Beach-Anaheim, CA",6,California,37,Los Angeles,34.1365,-117.92391
01/17/2022,AQS,2,30.2,ppb,28,Azusa,24,100,42602,Nitrogen dioxide (NO2),74,31080,"Los Angeles-Long Beach-Anaheim, CA",6,California,37,Los Angeles,34.1365,-117.92391
01/18/2022,AQS,2,25.5,ppb,24,Azusa,24,100,42602,Nitrogen dioxide (NO2),74,31080,"Los Angeles-Long Beach-Anaheim, CA",6,California,37,Los Angeles,34.1365,-117.92391
01/19/2022,AQS,2,26.5,ppb,25,Azusa,24,100,42602,Nitrogen dioxide (NO2),74,31080,"Los Angeles-Long Beach-Anaheim, CA",6,California,37,Los Angeles,34.1365,-117.92391
01/20/2022,AQS,2,21,ppb,20,Azusa,24,100,42602,Nitrogen dioxide (NO2),74,31080,"Los Angeles-Long Beach-Anaheim, CA",6,California,37,Los Angeles,34.1365,-117.92391
01/21/2022,AQS,2,34,ppb,32,Azusa,24,100,42602,Nitrogen dioxide (NO2),74,31080,"Los Angeles-Long Beach-Anaheim, CA",6,California,37,Los Angeles,34.1365,-117.92391
01/22/2022,AQS,2,13.5,ppb,12,Azusa,24,100,42602,Nitrogen dioxide (NO2),74,31080,"Los Angeles-Long Beach-Anaheim, CA",6,California,37,Los Angeles,34.1365,-117.92391
01/23/2022,AQS,2,22.8,ppb,21,Azusa,24,100,42602,Nitrogen dioxide (NO2),74,31080,"Los Angeles-Long Beach-Anaheim, CA",6,California,37,Los Angeles,34.1365,-117.92391
01/24/2022,AQS,2,36.3,ppb,34,Azusa,24,100,42602,Nitrogen dioxide (NO2),74,31080,"Los Angeles-Long Beach-Anaheim, CA",6,California,37,Los Angeles,34.1365,-117.92391
01/25/2022,AQS,2,37.6,ppb,35,Azusa,22,92,42602,Nitrogen dioxide (NO2),74,31080,"Los Angeles-Long Beach-Anaheim, CA",6,California,37,Los Angeles,34.1365,-117.92391
01/26/2022,AQS,2,23.4,ppb,22,Azusa,24,100,42602,Nitrogen dioxide (NO2),74,31080,"Los Angeles-Long Beach-Anaheim, CA",6,California,37,Los Angeles,34.1365,-117.92391
01/27/2022,AQS,2,20.6,ppb,19,Azusa,24,100,42602,Nitrogen dioxide (NO2),74,31080,"Los Angeles-Long Beach-Anaheim, CA",6,California,37,Los Angeles,34.1365,-117.92391
01/28/2022,AQS,2,24.7,ppb,23,Azusa,24,100,42602,Nitrogen dioxide (NO2),74,31080,"Los Angeles-Long Beach-Anaheim, CA",6,California,37,Los Angeles,34.1365,-117.92391
01/29/2022,AQS,2,26.2,ppb,25,Azusa,24,100,42602,Nitrogen dioxide (NO2),74,31080,"Los Angeles-Long Beach-Anaheim, CA",6,California,37,Los Angeles,34.1365,-117.92391
01/30/2022,AQS,2,24.1,ppb,23,Azusa,24,100,42602,Nitrogen dioxide (NO2),74,31080,"Los Angeles-Long Beach-Anaheim, CA",6,California,37,Los Angeles,34.1365,-117.92391
01/31/2022,AQS,2,42.7,ppb,40,Azusa,24,100,42602,Nitrogen dioxide (NO2),74,31080,"Los Angeles-Long Beach-Anaheim, CA",6,California,37,Los Angeles,34.1365,-117.92391
02/01/2022,AQS,2,29.4,ppb,27,Azusa,24,100,42602,Nitrogen dioxide (NO2),74,31080,"Los Angeles-Long Beach-Anaheim, CA",6,California,37,Los Angeles,34.1365,-117.92391
02/02/2022,AQS,2,33.8,ppb,31,Azusa,24,100,42602,Nitrogen dioxide (NO2),74,31080,"Los Angeles-Long Beach-Anaheim, CA",6,California,37,Los Angeles,34.1365,-117.92391
02/03/2022,AQS,2,27.9,ppb,25,Azusa,24,100,42602,Nitrogen dioxide (NO2),74,31080,"Los Angeles-Long Beach-Anaheim, CA",6,California,37,Los Angeles,34.1365,-117.92391
02/04/2022,AQS,2,24.4,ppb,23,Azusa,24,100,42602,Nitrogen dioxide (NO2),74,31080,"Los Angeles-Long Beach-Anaheim, CA",6,California,37,Los Angeles,34.1365,-117.92391
02/05/2022,AQS,2,16.9,ppb,15,Azusa,24,100,42602,Nitrogen dioxide (NO2),74,31080,"Los Angeles-Long Beach-Anaheim, CA",6,California,37,Los Angeles,34.1365,-117.92391
02/06/2022,AQS,2,27.2,ppb,25,Azusa,24,100,42602,Nitrogen dioxide (NO2),74,31080,"Los Angeles-Long Beach-Anaheim, CA",6,California,37,Los Angeles,34.1365,-117.92391
02/07/2022,AQS,2,30.3,ppb,28,Azusa,24,100,42602,Nitrogen dioxide (NO2),74,31080,"Los Angeles-Long Beach-Anaheim, CA",6,California,37,Los Angeles,34.1365,-117.92391
02/08/2022,AQS,2,27.4,ppb,25,Azusa,24,100,42602,Nitrogen dioxide (NO2),74,31080,"Los Angeles-Long Beach-Anaheim, CA",6,California,37,Los Angeles,34.1365,-117.92391
02/09/2022,AQS,2,39.5,ppb,37,Azusa,24,100,42602,Nitrogen dioxide (NO2),74,31080,"Los Angeles-Long Beach-Anaheim, CA",6,California,37,Los Angeles,34.1365,-117.92391
02/10/2022,AQS,2,27.9,ppb,25,Azusa,24,100,42602,Nitrogen dioxide (NO2),74,31080,"Los Angeles-Long Beach-Anaheim, CA",6,California,37,Los Angeles,34.1365,-117.92391
02/11/2022,AQS,2,32.5,ppb,30,Azusa,24,100,42602,Nitrogen dioxide (NO2),74,31080,"Los Angeles-Long Beach-Anaheim, CA",6,California,37,Los Angeles,34.1365,-117.92391
02/12/2022,AQS,2,20,ppb,19,Azusa,24,100,42602,Nitrogen dioxide (NO2),74,31080,"Los Angeles-Long Beach-Anaheim, CA",6,California,37,Los Angeles,34.1365,-117.92391
02/13/2022,AQS,2,15.9,ppb,14,Azusa,24,100,42602,Nitrogen dioxide (NO2),74,31080,"Los Angeles-Long Beach-Anaheim, CA",6,California,37,Los Angeles,34.1365,-117.92391
02/14/2022,AQS,2,36.5,ppb,34,Azusa,24,100,42602,Nitrogen dioxide (NO2),74,31080,"Los Angeles-Long Beach-Anaheim, CA",6,California,37,Los Angeles,34.1365,-117.92391
02/15/2022,AQS,2,11.9,ppb,10,Azusa,24,100,42602,Nitrogen dioxide (NO2),74,31080,"Los Angeles-Long Beach-Anaheim, CA",6,California,37,Los Angeles,34.1365,-117.92391
02/16/2022,AQS,2,20.6,ppb,19,Azusa,24,100,42602,Nitrogen dioxide (NO2),74,31080,"Los Angeles-Long Beach-Anaheim, CA",6,California,37,Los Angeles,34.1365,-117.92391
02/17/2022,AQS,2,31.6,ppb,29,Azusa,24,100,42602,Nitrogen dioxide (NO2),74,31080,"Los Angeles-Long Beach-Anaheim, CA",6,California,37,Los Angeles,34.1365,-117.92391
02/18/2022,AQS,2,16.9,ppb,15,Azusa,24,100,42602,Nitrogen dioxide (NO2),74,31080,"Los Angeles-Long Beach-Anaheim, CA",6,California,37,Los Angeles,34.1365,-117.92391
02/19/2022,AQS,2,28.8,ppb,26,Azusa,24,100,42602,Nitrogen dioxide (NO2),74,31080,"Los Angeles-Long Beach-Anaheim, CA",6,California,37,Los Angeles,34.1365,-117.92391
02/20/2022,AQS,2,25.6,ppb,24,Azusa,24,100,42602,Nitrogen dioxide (NO2),74,31080,"Los Angeles-Long Beach-Anaheim, CA",6,California,37,Los Angeles,34.1365,-117.92391
02/21/2022,AQS,2,11.2,ppb,10,Azusa,24,100,42602,Nitrogen dioxide (NO2),74,31080,"Los Angeles-Long Beach-Anaheim, CA",6,California,37,Los Angeles,34.1365,-117.92391
02/22/2022,AQS,2,11,ppb,10,Azusa,24,100,42602,Nitrogen dioxide (NO2),74,31080,"Los Angeles-Long Beach-Anaheim, CA",6,California,37,Los Angeles,34.1365,-117.92391
02/23/2022,AQS,2,11,ppb,10,Azusa,24,100,42602,Nitrogen dioxide (NO2),74,31080,"Los Angeles-Long Beach-Anaheim, CA",6,California,37,Los Angeles,34.1365,-117.92391
02/24/2022,AQS,2,19.7,ppb,18,Azusa,24,100,42602,Nitrogen dioxide (NO2),74,31080,"Los Angeles-Long Beach-Anaheim, CA",6,California,37,Los Angeles,34.1365,-117.92391
02/25/2022,AQS,2,24.6,ppb,23,Azusa,24,100,42602,Nitrogen dioxide (NO2),74,31080,"Los Angeles-Long Beach-Anaheim, CA",6,California,37,Los Angeles,34.1365,-117.92391
02/26/2022,AQS,2,18.3,ppb,17,Azusa,24,100,42602,Nitrogen dioxide (NO2),74,31080,"Los Angeles-Long Beach-Anaheim, CA",6,California,37,Los Angeles,34.1365,-117.92391
02/27/2022,AQS,2,14.4,ppb,13,Azusa,24,100,42602,Nitrogen dioxide (NO2),74,31080,"Los Angeles-Long Beach-Anaheim, CA",6,California,37,Los Angeles,34.1365,-117.92391
02/28/2022,AQS,2,31.9,ppb,29,Azusa,24,100,42602,Nitrogen dioxide (NO2),74,31080,"Los Angeles-Long Beach-Anaheim, CA",6,California,37,Los Angeles,34.1365,-117.92391
03/01/2022,AQS,2,39.1,ppb,37,Azusa,24,100,42602,Nitrogen dioxide (NO2),74,31080,"Los Angeles-Long Beach-Anaheim, CA",6,California,37,Los Angeles,34.1365,-117.92391
03/02/2022,AQS,2,44.1,ppb,42,Azusa,20,83,42602,Nitrogen dioxide (NO2),74,31080,"Los Angeles-Long Beach-Anaheim, CA",6,California,37,Los Angeles,34.1365,-117.92391
03/04/2022,AQS,2,12.1,ppb,11,Azusa,24,100,42602,Nitrogen dioxide (NO2),74,31080,"Los Angeles-Long Beach-Anaheim, CA",6,California,37,Los Angeles,34.1365,-117.92391
03/05/2022,AQS,2,15.9,ppb,14,Azusa,24,100,42602,Nitrogen dioxide (NO2),74,31080,"Los Angeles-Long Beach-Anaheim, CA",6,California,37,Los Angeles,34.1365,-117.92391
03/06/2022,AQS,2,14,ppb,13,Azusa,24,100,42602,Nitrogen dioxide (NO2),74,31080,"Los Angeles-Long Beach-Anaheim, CA",6,California,37,Los Angeles,34.1365,-117.92391
03/07/2022,AQS,2,21.9,ppb,20,Azusa,24,100,42602,Nitrogen dioxide (NO2),74,31080,"Los Angeles-Long Beach-Anaheim, CA",6,California,37,Los Angeles,34.1365,-117.92391
03/08/2022,AQS,2,22.1,ppb,21,Azusa,24,100,42602,Nitrogen dioxide (NO2),74,31080,"Los Angeles-Long Beach-Anaheim, CA",6,California,37,Los Angeles,34.1365,-117.92391
03/09/2022,AQS,2,24.1,ppb,23,Azusa,24,100,42602,Nitrogen dioxide (NO2),74,31080,"Los Angeles-Long Beach-Anaheim, CA",6,California,37,Los Angeles,34.1365,-117.92391
03/10/2022,AQS,2,23.5,ppb,22,Azusa,24,100,42602,Nitrogen dioxide (NO2),74,31080,"Los Angeles-Long Beach-Anaheim, CA",6,California,37,Los Angeles,34.1365,-117.92391
03/11/2022,AQS,2,19.9,ppb,18,Azusa,24,100,42602,Nitrogen dioxide (NO2),74,31080,"Los Angeles-Long Beach-Anaheim, CA",6,California,37,Los Angeles,34.1365,-117.92391
03/12/2022,AQS,2,20.6,ppb,19,Azusa,24,100,42602,Nitrogen dioxide (NO2),74,31080,"Los Angeles-Long Beach-Anaheim, CA",6,California,37,Los Angeles,34.1365,-117.92391
03/13/2022,AQS,2,16.8,ppb,15,Azusa,24,100,42602,Nitrogen dioxide (NO2),74,31080,"Los Angeles-Long Beach-Anaheim, CA",6,California,37,Los Angeles,34.1365,-117.92391
03/14/2022,AQS,2,37.5,ppb,35,Azusa,24,100,42602,Nitrogen dioxide (NO2),74,31080,"Los Angeles-Long Beach-Anaheim, CA",6,California,37,Los Angeles,34.1365,-117.92391
03/25/2022,AQS,2,41.4,ppb,39,Azusa,24,100,42602,Nitrogen dioxide (NO2),74,31080,"Los Angeles-Long Beach-Anaheim, CA",6,California,37,Los Angeles,34.1365,-117.92391
03/26/2022,AQS,2,24.5,ppb,23,Azusa,24,100,42602,Nitrogen dioxide (NO2),74,31080,"Los Angeles-Long Beach-Anaheim, CA",6,California,37,Los Angeles,34.1365,-117.92391
03/27/2022,AQS,2,7,ppb,7,Azusa,24,100,42602,Nitrogen dioxide (NO2),74,31080,"Los Angeles-Long Beach-Anaheim, CA",6,California,37,Los Angeles,34.1365,-117.92391
03/28/2022,AQS,2,12.6,ppb,11,Azusa,24,100,42602,Nitrogen dioxide (NO2),74,31080,"Los Angeles-Long Beach-Anaheim, CA",6,California,37,Los Angeles,34.1365,-117.92391
03/29/2022,AQS,2,16.6,ppb,15,Azusa,24,100,42602,Nitrogen dioxide (NO2),74,31080,"Los Angeles-Long Beach-Anaheim, CA",6,California,37,Los Angeles,34.1365,-117.92391
03/30/2022,AQS,2,16,ppb,15,Azusa,24,100,42602,Nitrogen dioxide (NO2),74,31080,"Los Angeles-Long Beach-Anaheim, CA",6,California,37,Los Angeles,34.1365,-117.92391
03/31/2022,AQS,2,13,ppb,12,Azusa,24,100,42602,Nitrogen dioxide (NO2),74,31080,"Los Angeles-Long Beach-Anaheim, CA",6,California,37,Los Angeles,34.1365,-117.92391
04/01/2022,AQS,2,24.7,ppb,23,Azusa,24,100,42602,Nitrogen dioxide (NO2),74,31080,"Los Angeles-Long Beach-Anaheim, CA",6,California,37,Los Angeles,34.1365,-117.92391
04/02/2022,AQS,2,15.5,ppb,14,Azusa,24,100,42602,Nitrogen dioxide (NO2),74,31080,"Los Angeles-Long Beach-Anaheim, CA",6,California,37,Los Angeles,34.1365,-117.92391
04/03/2022,AQS,2,12.1,ppb,11,Azusa,24,100,42602,Nitrogen dioxide (NO2),74,31080,"Los Angeles-Long Beach-Anaheim, CA",6,California,37,Los Angeles,34.1365,-117.92391
04/04/2022,AQS,2,24.1,ppb,23,Azusa,24,100,42602,Nitrogen dioxide (NO2),74,31080,"Los Angeles-Long Beach-Anaheim, CA",6,California,37,Los Angeles,34.1365,-117.92391
04/06/2022,AQS,2,28,ppb,26,Azusa,24,100,42602,Nitrogen dioxide (NO2),74,31080,"Los Angeles-Long Beach-Anaheim, CA",6,California,37,Los Angeles,34.1365,-117.92391
04/07/2022,AQS,2,23.5,ppb,22,Azusa,24,100,42602,Nitrogen dioxide (NO2),74,31080,"Los Angeles-Long Beach-Anaheim, CA",6,California,37,Los Angeles,34.1365,-117.92391
04/08/2022,AQS,2,15.7,ppb,14,Azusa,22,92,42602,Nitrogen dioxide (NO2),74,31080,"Los Angeles-Long Beach-Anaheim, CA",6,California,37,Los Angeles,34.1365,-117.92391
04/09/2022,AQS,2,27.6,ppb,25,Azusa,24,100,42602,Nitrogen dioxide (NO2),74,31080,"Los Angeles-Long Beach-Anaheim, CA",6,California,37,Los Angeles,34.1365,-117.92391
04/10/2022,AQS,2,7.3,ppb,7,Azusa,24,100,42602,Nitrogen dioxide (NO2),74,31080,"Los Angeles-Long Beach-Anaheim, CA",6,California,37,Los Angeles,34.1365,-117.92391
04/11/2022,AQS,2,15.8,ppb,14,Azusa,24,100,42602,Nitrogen dioxide (NO2),74,31080,"Los Angeles-Long Beach-Anaheim, CA",6,California,37,Los Angeles,34.1365,-117.92391
04/12/2022,AQS,2,15.9,ppb,14,Azusa,22,92,42602,Nitrogen dioxide (NO2),74,31080,"Los Angeles-Long Beach-Anaheim, CA",6,California,37,Los Angeles,34.1365,-117.92391
04/13/2022,AQS,2,19.2,ppb,18,Azusa,24,100,42602,Nitrogen dioxide (NO2),74,31080,"Los Angeles-Long Beach-Anaheim, CA",6,California,37,Los Angeles,34.1365,-117.92391
04/14/2022,AQS,2,17.4,ppb,16,Azusa,24,100,42602,Nitrogen dioxide (NO2),74,31080,"Los Angeles-Long Beach-Anaheim, CA",6,California,37,Los Angeles,34.1365,-117.92391
04/15/2022,AQS,2,15,ppb,14,Azusa,24,100,42602,Nitrogen dioxide (NO2),74,31080,"Los Angeles-Long Beach-Anaheim, CA",6,California,37,Los Angeles,34.1365,-117.92391
04/16/2022,AQS,2,13,ppb,12,Azusa,24,100,42602,Nitrogen dioxide (NO2),74,31080,"Los Angeles-Long Beach-Anaheim, CA",6,California,37,Los Angeles,34.1365,-117.92391
04/17/2022,AQS,2,10.9,ppb,9,Azusa,24,100,42602,Nitrogen dioxide (NO2),74,31080,"Los Angeles-Long Beach-Anaheim, CA",6,California,37,Los Angeles,34.1365,-117.92391
04/18/2022,AQS,2,27.7,ppb,25,Azusa,24,100,42602,Nitrogen dioxide (NO2),74,31080,"Los Angeles-Long Beach-Anaheim, CA",6,California,37,Los Angeles,34.1365,-117.92391
04/19/2022,AQS,2,23.7,ppb,22,Azusa,24,100,42602,Nitrogen dioxide (NO2),74,31080,"Los Angeles-Long Beach-Anaheim, CA",6,California,37,Los Angeles,34.1365,-117.92391
04/20/2022,AQS,2,13.9,ppb,12,Azusa,24,100,42602,Nitrogen dioxide (NO2),74,31080,"Los Angeles-Long Beach-Anaheim, CA",6,California,37,Los Angeles,34.1365,-117.92391
04/21/2022,AQS,2,17.7,ppb,16,Azusa,22,92,42602,Nitrogen dioxide (NO2),74,31080,"Los Angeles-Long Beach-Anaheim, CA",6,California,37,Los Angeles,34.1365,-117.92391
04/22/2022,AQS,2,13.9,ppb,12,Azusa,20,83,42602,Nitrogen dioxide (NO2),74,31080,"Los Angeles-Long Beach-Anaheim, CA",6,California,37,Los Angeles,34.1365,-117.92391
04/23/2022,AQS,2,16.5,ppb,15,Azusa,24,100,42602,Nitrogen dioxide (NO2),74,31080,"Los Angeles-Long Beach-Anaheim, CA",6,California,37,Los Angeles,34.1365,-117.92391
04/24/2022,AQS,2,10.6,ppb,9,Azusa,24,100,42602,Nitrogen dioxide (NO2),74,31080,"Los Angeles-Long Beach-Anaheim, CA",6,California,37,Los Angeles,34.1365,-117.92391
04/25/2022,AQS,2,16.2,ppb,15,Azusa,24,100,42602,Nitrogen dioxide (NO2),74,31080,"Los Angeles-Long Beach-Anaheim, CA",6,California,37,Los Angeles,34.1365,-117.92391
04/26/2022,AQS,2,47.9,ppb,44,Azusa,24,100,42602,Nitrogen dioxide (NO2),74,31080,"Los Angeles-Long Beach-Anaheim, CA",6,California,37,Los Angeles,34.1365,-117.92391
04/27/2022,AQS,2,14.8,ppb,13,Azusa,24,100,42602,Nitrogen dioxide (NO2),74,31080,"Los Angeles-Long Beach-Anaheim, CA",6,California,37,Los Angeles,34.1365,-117.92391
04/28/2022,AQS,2,12.8,ppb,11,Azusa,24,100,42602,Nitrogen dioxide (NO2),74,31080,"Los Angeles-Long Beach-Anaheim, CA",6,California,37,Los Angeles,34.1365,-117.92391
04/29/2022,AQS,2,18,ppb,17,Azusa,24,100,42602,Nitrogen dioxide (NO2),74,31080,"Los Angeles-Long Beach-Anaheim, CA",6,California,37,Los Angeles,34.1365,-117.92391
04/30/2022,AQS,2,15.9,ppb,14,Azusa,24,100,42602,Nitrogen dioxide (NO2),74,31080,"Los Angeles-Long Beach-Anaheim, CA",6,California,37,Los Angeles,34.1365,-117.92391
05/01/2022,AQS,2,10.2,ppb,9,Azusa,24,100,42602,Nitrogen dioxide (NO2),74,31080,"Los Angeles-Long Beach-Anaheim, CA",6,California,37,Los Angeles,34.1365,-117.92391
05/02/2022,AQS,2,12,ppb,11,Azusa,24,100,42602,Nitrogen dioxide (NO2),74,31080,"Los Angeles-Long Beach-Anaheim, CA",6,California,37,Los Angeles,34.1365,-117.92391
05/03/2022,AQS,2,13.7,ppb,12,Azusa,24,100,42602,Nitrogen dioxide (NO2),74,31080,"Los Angeles-Long Beach-Anaheim, CA",6,California,37,Los Angeles,34.1365,-117.92391
05/04/2022,AQS,2,25.7,ppb,24,Azusa,24,100,42602,Nitrogen dioxide (NO2),74,31080,"Los Angeles-Long Beach-Anaheim, CA",6,California,37,Los Angeles,34.1365,-117.92391
05/05/2022,AQS,2,33.9,ppb,31,Azusa,24,100,42602,Nitrogen dioxide (NO2),74,31080,"Los Angeles-Long Beach-Anaheim, CA",6,California,37,Los Angeles,34.1365,-117.92391
05/06/2022,AQS,2,33.8,ppb,31,Azusa,24,100,42602,Nitrogen dioxide (NO2),74,31080,"Los Angeles-Long Beach-Anaheim, CA",6,California,37,Los Angeles,34.1365,-117.92391
05/07/2022,AQS,2,12.8,ppb,11,Azusa,24,100,42602,Nitrogen dioxide (NO2),74,31080,"Los Angeles-Long Beach-Anaheim, CA",6,California,37,Los Angeles,34.1365,-117.92391
05/08/2022,AQS,2,7.8,ppb,7,Azusa,24,100,42602,Nitrogen dioxide (NO2),74,31080,"Los Angeles-Long Beach-Anaheim, CA",6,California,37,Los Angeles,34.1365,-117.92391
05/09/2022,AQS,2,15.4,ppb,14,Azusa,24,100,42602,Nitrogen dioxide (NO2),74,31080,"Los Angeles-Long Beach-Anaheim, CA",6,California,37,Los Angeles,34.1365,-117.92391
05/10/2022,AQS,2,12.7,ppb,11,Azusa,24,100,42602,Nitrogen dioxide (NO2),74,31080,"Los Angeles-Long Beach-Anaheim, CA",6,California,37,Los Angeles,34.1365,-117.92391
05/11/2022,AQS,2,10,ppb,9,Azusa,18,75,42602,Nitrogen dioxide (NO2),74,31080,"Los Angeles-Long Beach-Anaheim, CA",6,California,37,Los Angeles,34.1365,-117.92391
05/12/2022,AQS,2,25.2,ppb,24,Azusa,24,100,42602,Nitrogen dioxide (NO2),74,31080,"Los Angeles-Long Beach-Anaheim, CA",6,California,37,Los Angeles,34.1365,-117.92391
05/13/2022,AQS,2,22,ppb,21,Azusa,24,100,42602,Nitrogen dioxide (NO2),74,31080,"Los Angeles-Long Beach-Anaheim, CA",6,California,37,Los Angeles,34.1365,-117.92391
05/14/2022,AQS,2,44.7,ppb,42,Azusa,24,100,42602,Nitrogen dioxide (NO2),74,31080,"Los Angeles-Long Beach-Anaheim, CA",6,California,37,Los Angeles,34.1365,-117.92391
05/15/2022,AQS,2,30.5,ppb,28,Azusa,24,100,42602,Nitrogen dioxide (NO2),74,31080,"Los Angeles-Long Beach-Anaheim, CA",6,California,37,Los Angeles,34.1365,-117.92391
05/16/2022,AQS,2,14,ppb,13,Azusa,24,100,42602,Nitrogen dioxide (NO2),74,31080,"Los Angeles-Long Beach-Anaheim, CA",6,California,37,Los Angeles,34.1365,-117.92391
05/17/2022,AQS,2,18,ppb,17,Azusa,24,100,42602,Nitrogen dioxide (NO2),74,31080,"Los Angeles-Long Beach-Anaheim, CA",6,California,37,Los Angeles,34.1365,-117.92391
05/18/2022,AQS,2,14.7,ppb,13,Azusa,24,100,42602,Nitrogen dioxide (NO2),74,31080,"Los Angeles-Long Beach-Anaheim, CA",6,California,37,Los Angeles,34.1365,-117.92391
05/19/2022,AQS,2,12.5,ppb,11,Azusa,24,100,42602,Nitrogen dioxide (NO2),74,31080,"Los Angeles-Long Beach-Anaheim, CA",6,California,37,Los Angeles,34.1365,-117.92391
05/20/2022,AQS,2,13.3,ppb,12,Azusa,24,100,42602,Nitrogen dioxide (NO2),74,31080,"Los Angeles-Long Beach-Anaheim, CA",6,California,37,Los Angeles,34.1365,-117.92391
05/21/2022,AQS,2,9.8,ppb,8,Azusa,24,100,42602,Nitrogen dioxide (NO2),74,31080,"Los Angeles-Long Beach-Anaheim, CA",6,California,37,Los Angeles,34.1365,-117.92391
05/22/2022,AQS,2,13.1,ppb,12,Azusa,24,100,42602,Nitrogen dioxide (NO2),74,31080,"Los Angeles-Long Beach-Anaheim, CA",6,California,37,Los Angeles,34.1365,-117.92391
05/23/2022,AQS,2,15,ppb,14,Azusa,24,100,42602,Nitrogen dioxide (NO2),74,31080,"Los Angeles-Long Beach-Anaheim, CA",6,California,37,Los Angeles,34.1365,-117.92391
05/24/2022,AQS,2,17.3,ppb,16,Azusa,24,100,42602,Nitrogen dioxide (NO2),74,31080,"Los Angeles-Long Beach-Anaheim, CA",6,California,37,Los Angeles,34.1365,-117.92391
05/25/2022,AQS,2,22.5,ppb,21,Azusa,24,100,42602,Nitrogen dioxide (NO2),74,31080,"Los Angeles-Long Beach-Anaheim, CA",6,California,37,Los Angeles,34.1365,-117.92391
05/26/2022,AQS,2,15,ppb,14,Azusa,24,100,42602,Nitrogen dioxide (NO2),74,31080,"Los Angeles-Long Beach-Anaheim, CA",6,California,37,Los Angeles,34.1365,-117.92391
05/27/2022,AQS,2,12.6,ppb,11,Azusa,24,100,42602,Nitrogen dioxide (NO2),74,31080,"Los Angeles-Long Beach-Anaheim, CA",6,California,37,Los Angeles,34.1365,-117.92391
05/28/2022,AQS,2,9.1,ppb,8,Azusa,24,100,42602,Nitrogen dioxide (NO2),74,31080,"Los Angeles-Long Beach-Anaheim, CA",6,California,37,Los Angeles,34.1365,-117.92391
05/29/2022,AQS,2,10.1,ppb,9,Azusa,24,100,42602,Nitrogen dioxide (NO2),74,31080,"Los Angeles-Long Beach-Anaheim, CA",6,California,37,Los Angeles,34.1365,-117.92391
05/30/2022,AQS,2,9.1,ppb,8,Azusa,24,100,42602,Nitrogen dioxide (NO2),74,31080,"Los Angeles-Long Beach-Anaheim, CA",6,California,37,Los Angeles,34.1365,-117.92391
05/31/2022,AQS,2,20.9,ppb,19,Azusa,24,100,42602,Nitrogen dioxide (NO2),74,31080,"Los Angeles-Long Beach-Anaheim, CA",6,California,37,Los Angeles,34.1365,-117.92391
06/01/2022,AQS,2,23.2,ppb,22,Azusa,24,100,42602,Nitrogen dioxide (NO2),74,31080,"Los Angeles-Long Beach-Anaheim, CA",6,California,37,Los Angeles,34.1365,-117.92391
06/02/2022,AQS,2,16,ppb,15,Azusa,24,100,42602,Nitrogen dioxide (NO2),74,31080,"Los Angeles-Long Beach-Anaheim, CA",6,California,37,Los Angeles,34.1365,-117.92391
06/03/2022,AQS,2,13.7,ppb,12,Azusa,24,100,42602,Nitrogen dioxide (NO2),74,31080,"Los Angeles-Long Beach-Anaheim, CA",6,California,37,Los Angeles,34.1365,-117.92391
06/04/2022,AQS,2,14.7,ppb,13,Azusa,24,100,42602,Nitrogen dioxide (NO2),74,31080,"Los Angeles-Long Beach-Anaheim, CA",6,California,37,Los Angeles,34.1365,-117.92391
06/05/2022,AQS,2,11.5,ppb,10,Azusa,24,100,42602,Nitrogen dioxide (NO2),74,31080,"Los Angeles-Long Beach-Anaheim, CA",6,California,37,Los Angeles,34.1365,-117.92391
06/06/2022,AQS,2,18.2,ppb,17,Azusa,24,100,42602,Nitrogen dioxide (NO2),74,31080,"Los Angeles-Long Beach-Anaheim, CA",6,California,37,Los Angeles,34.1365,-117.92391
06/07/2022,AQS,2,16.1,ppb,15,Azusa,24,100,42602,Nitrogen dioxide (NO2),74,31080,"Los Angeles-Long Beach-Anaheim, CA",6,California,37,Los Angeles,34.1365,-117.92391
06/08/2022,AQS,2,15.7,ppb,14,Azusa,24,100,42602,Nitrogen dioxide (NO2),74,31080,"Los Angeles-Long Beach-Anaheim, CA",6,California,37,Los Angeles,34.1365,-117.92391
06/09/2022,AQS,2,17.4,ppb,16,Azusa,24,100,42602,Nitrogen dioxide (NO2),74,31080,"Los Angeles-Long Beach-Anaheim, CA",6,California,37,Los Angeles,34.1365,-117.92391
06/10/2022,AQS,2,29.2,ppb,27,Azusa,24,100,42602,Nitrogen dioxide (NO2),74,31080,"Los Angeles-Long Beach-Anaheim, CA",6,California,37,Los Angeles,34.1365,-117.92391
06/11/2022,AQS,2,19.1,ppb,18,Azusa,24,100,42602,Nitrogen dioxide (NO2),74,31080,"Los Angeles-Long Beach-Anaheim, CA",6,California,37,Los Angeles,34.1365,-117.92391
06/12/2022,AQS,2,17.8,ppb,16,Azusa,24,100,42602,Nitrogen dioxide (NO2),74,31080,"Los Angeles-Long Beach-Anaheim, CA",6,California,37,Los Angeles,34.1365,-117.92391
06/13/2022,AQS,2,13.5,ppb,12,Azusa,24,100,42602,Nitrogen dioxide (NO2),74,31080,"Los Angeles-Long Beach-Anaheim, CA",6,California,37,Los Angeles,34.1365,-117.92391
06/14/2022,AQS,2,16.8,ppb,15,Azusa,24,100,42602,Nitrogen dioxide (NO2),74,31080,"Los Angeles-Long Beach-Anaheim, CA",6,California,37,Los Angeles,34.1365,-117.92391
06/15/2022,AQS,2,16.8,ppb,15,Azusa,24,100,42602,Nitrogen dioxide (NO2),74,31080,"Los Angeles-Long Beach-Anaheim, CA",6,California,37,Los Angeles,34.1365,-117.92391
06/16/2022,AQS,2,15.6,ppb,14,Azusa,22,92,42602,Nitrogen dioxide (NO2),74,31080,"Los Angeles-Long Beach-Anaheim, CA",6,California,37,Los Angeles,34.1365,-117.92391
06/17/2022,AQS,2,14,ppb,13,Azusa,21,88,42602,Nitrogen dioxide (NO2),74,31080,"Los Angeles-Long Beach-Anaheim, CA",6,California,37,Los Angeles,34.1365,-117.92391
06/18/2022,AQS,2,9.3,ppb,8,Azusa,24,100,42602,Nitrogen dioxide (NO2),74,31080,"Los Angeles-Long Beach-Anaheim, CA",6,California,37,Los Angeles,34.1365,-117.92391
06/19/2022,AQS,2,10.2,ppb,9,Azusa,24,100,42602,Nitrogen dioxide (NO2),74,31080,"Los Angeles-Long Beach-Anaheim, CA",6,California,37,Los Angeles,34.1365,-117.92391
06/20/2022,AQS,2,25.6,ppb,24,Azusa,24,100,42602,Nitrogen dioxide (NO2),74,31080,"Los Angeles-Long Beach-Anaheim, CA",6,California,37,Los Angeles,34.1365,-117.92391
06/21/2022,AQS,2,25,ppb,24,Azusa,24,100,42602,Nitrogen dioxide (NO2),74,31080,"Los Angeles-Long Beach-Anaheim, CA",6,California,37,Los Angeles,34.1365,-117.92391
06/22/2022,AQS,2,30.3,ppb,28,Azusa,24,100,42602,Nitrogen dioxide (NO2),74,31080,"Los Angeles-Long Beach-Anaheim, CA",6,California,37,Los Angeles,34.1365,-117.92391
06/23/2022,AQS,2,29.4,ppb,27,Azusa,24,100,42602,Nitrogen dioxide (NO2),74,31080,"Los Angeles-Long Beach-Anaheim, CA",6,California,37,Los Angeles,34.1365,-117.92391
06/24/2022,AQS,2,34.3,ppb,32,Azusa,24,100,42602,Nitrogen dioxide (NO2),74,31080,"Los Angeles-Long Beach-Anaheim, CA",6,California,37,Los Angeles,34.1365,-117.92391
06/25/2022,AQS,2,25.9,ppb,24,Azusa,24,100,42602,Nitrogen dioxide (NO2),74,31080,"Los Angeles-Long Beach-Anaheim, CA",6,California,37,Los Angeles,34.1365,-117.92391
06/26/2022,AQS,2,22.7,ppb,21,Azusa,24,100,42602,Nitrogen dioxide (NO2),74,31080,"Los Angeles-Long Beach-Anaheim, CA",6,California,37,Los Angeles,34.1365,-117.92391
06/27/2022,AQS,2,34.1,ppb,32,Azusa,24,100,42602,Nitrogen dioxide (NO2),74,31080,"Los Angeles-Long Beach-Anaheim, CA",6,California,37,Los Angeles,34.1365,-117.92391
06/28/2022,AQS,2,32.3,ppb,30,Azusa,24,100,42602,Nitrogen dioxide (NO2),74,31080,"Los Angeles-Long Beach-Anaheim, CA",6,California,37,Los Angeles,34.1365,-117.92391
06/29/2022,AQS,2,23.6,ppb,22,Azusa,24,100,42602,Nitrogen dioxide (NO2),74,31080,"Los Angeles-Long Beach-Anaheim, CA",6,California,37,Los Angeles,34.1365,-117.92391
06/30/2022,AQS,2,20.7,ppb,19,Azusa,24,100,42602,Nitrogen dioxide (NO2),74,31080,"Los Angeles-Long Beach-Anaheim, CA",6,California,37,Los Angeles,34.1365,-117.92391
07/01/2022,AQS,2,26.5,ppb,25,Azusa,24,100,42602,Nitrogen dioxide (NO2),74,31080,"Los Angeles-Long Beach-Anaheim, CA",6,California,37,Los Angeles,34.1365,-117.92391
07/02/2022,AQS,2,21,ppb,20,Azusa,24,100,42602,Nitrogen dioxide (NO2),74,31080,"Los Angeles-Long Beach-Anaheim, CA",6,California,37,Los Angeles,34.1365,-117.92391
07/03/2022,AQS,2,14.7,ppb,13,Azusa,24,100,42602,Nitrogen dioxide (NO2),74,31080,"Los Angeles-Long Beach-Anaheim, CA",6,California,37,Los Angeles,34.1365,-117.92391
07/04/2022,AQS,2,15.9,ppb,14,Azusa,24,100,42602,Nitrogen dioxide (NO2),74,31080,"Los Angeles-Long Beach-Anaheim, CA",6,California,37,Los Angeles,34.1365,-117.92391
07/05/2022,AQS,2,20.2,ppb,19,Azusa,24,100,42602,Nitrogen dioxide (NO2),74,31080,"Los Angeles-Long Beach-Anaheim, CA",6,California,37,Los Angeles,34.1365,-117.92391
07/06/2022,AQS,2,18.3,ppb,17,Azusa,24,100,42602,Nitrogen dioxide (NO2),74,31080,"Los Angeles-Long Beach-Anaheim, CA",6,California,37,Los Angeles,34.1365,-117.92391
07/07/2022,AQS,2,21,ppb,20,Azusa,24,100,42602,Nitrogen dioxide (NO2),74,31080,"Los Angeles-Long Beach-Anaheim, CA",6,California,37,Los Angeles,34.1365,-117.92391
07/08/2022,AQS,2,22.1,ppb,21,Azusa,24,100,42602,Nitrogen dioxide (NO2),74,31080,"Los Angeles-Long Beach-Anaheim, CA",6,California,37,Los Angeles,34.1365,-117.92391
07/09/2022,AQS,2,21.9,ppb,20,Azusa,24,100,42602,Nitrogen dioxide (NO2),74,31080,"Los Angeles-Long Beach-Anaheim, CA",6,California,37,Los Angeles,34.1365,-117.92391
07/10/2022,AQS,2,22.5,ppb,21,Azusa,24,100,42602,Nitrogen dioxide (NO2),74,31080,"Los Angeles-Long Beach-Anaheim, CA",6,California,37,Los Angeles,34.1365,-117.92391
07/11/2022,AQS,2,21.4,ppb,20,Azusa,24,100,42602,Nitrogen dioxide (NO2),74,31080,"Los Angeles-Long Beach-Anaheim, CA",6,California,37,Los Angeles,34.1365,-117.92391
07/12/2022,AQS,2,19.4,ppb,18,Azusa,24,100,42602,Nitrogen dioxide (NO2),74,31080,"Los Angeles-Long Beach-Anaheim, CA",6,California,37,Los Angeles,34.1365,-117.92391
07/13/2022,AQS,2,18.3,ppb,17,Azusa,24,100,42602,Nitrogen dioxide (NO2),74,31080,"Los Angeles-Long Beach-Anaheim, CA",6,California,37,Los Angeles,34.1365,-117.92391
07/14/2022,AQS,2,21,ppb,20,Azusa,24,100,42602,Nitrogen dioxide (NO2),74,31080,"Los Angeles-Long Beach-Anaheim, CA",6,California,37,Los Angeles,34.1365,-117.92391
07/15/2022,AQS,2,21.8,ppb,20,Azusa,24,100,42602,Nitrogen dioxide (NO2),74,31080,"Los Angeles-Long Beach-Anaheim, CA",6,California,37,Los Angeles,34.1365,-117.92391
07/16/2022,AQS,2,23,ppb,22,Azusa,24,100,42602,Nitrogen dioxide (NO2),74,31080,"Los Angeles-Long Beach-Anaheim, CA",6,California,37,Los Angeles,34.1365,-117.92391
07/17/2022,AQS,2,22.1,ppb,21,Azusa,24,100,42602,Nitrogen dioxide (NO2),74,31080,"Los Angeles-Long Beach-Anaheim, CA",6,California,37,Los Angeles,34.1365,-117.92391
07/18/2022,AQS,2,20.9,ppb,19,Azusa,24,100,42602,Nitrogen dioxide (NO2),74,31080,"Los Angeles-Long Beach-Anaheim, CA",6,California,37,Los Angeles,34.1365,-117.92391
07/19/2022,AQS,2,24.2,ppb,23,Azusa,24,100,42602,Nitrogen dioxide (NO2),74,31080,"Los Angeles-Long Beach-Anaheim, CA",6,California,37,Los Angeles,34.1365,-117.92391
07/20/2022,AQS,2,26.7,ppb,25,Azusa,24,100,42602,Nitrogen dioxide (NO2),74,31080,"Los Angeles-Long Beach-Anaheim, CA",6,California,37,Los Angeles,34.1365,-117.92391
07/21/2022,AQS,2,29.1,ppb,27,Azusa,24,100,42602,Nitrogen dioxide (NO2),74,31080,"Los Angeles-Long Beach-Anaheim, CA",6,California,37,Los Angeles,34.1365,-117.92391
07/22/2022,AQS,2,18.1,ppb,17,Azusa,21,88,42602,Nitrogen dioxide (NO2),74,31080,"Los Angeles-Long Beach-Anaheim, CA",6,California,37,Los Angeles,34.1365,-117.92391
07/23/2022,AQS,2,12,ppb,11,Azusa,24,100,42602,Nitrogen dioxide (NO2),74,31080,"Los Angeles-Long Beach-Anaheim, CA",6,California,37,Los Angeles,34.1365,-117.92391
07/24/2022,AQS,2,10.8,ppb,9,Azusa,24,100,42602,Nitrogen dioxide (NO2),74,31080,"Los Angeles-Long Beach-Anaheim, CA",6,California,37,Los Angeles,34.1365,-117.92391
07/25/2022,AQS,2,13.8,ppb,12,Azusa,24,100,42602,Nitrogen dioxide (NO2),74,31080,"Los Angeles-Long Beach-Anaheim, CA",6,California,37,Los Angeles,34.1365,-117.92391
07/26/2022,AQS,2,14.2,ppb,13,Azusa,21,88,42602,Nitrogen dioxide (NO2),74,31080,"Los Angeles-Long Beach-Anaheim, CA",6,California,37,Los Angeles,34.1365,-117.92391
07/27/2022,AQS,2,23.8,ppb,22,Azusa,24,100,42602,Nitrogen dioxide (NO2),74,31080,"Los Angeles-Long Beach-Anaheim, CA",6,California,37,Los Angeles,34.1365,-117.92391
07/28/2022,AQS,2,24.3,ppb,23,Azusa,24,100,42602,Nitrogen dioxide (NO2),74,31080,"Los Angeles-Long Beach-Anaheim, CA",6,California,37,Los Angeles,34.1365,-117.92391
07/29/2022,AQS,2,18.1,ppb,17,Azusa,24,100,42602,Nitrogen dioxide (NO2),74,31080,"Los Angeles-Long Beach-Anaheim, CA",6,California,37,Los Angeles,34.1365,-117.92391
07/30/2022,AQS,2,16.4,ppb,15,Azusa,24,100,42602,Nitrogen dioxide (NO2),74,31080,"Los Angeles-Long Beach-Anaheim, CA",6,California,37,Los Angeles,34.1365,-117.92391
07/31/2022,AQS,2,15.1,ppb,14,Azusa,24,100,42602,Nitrogen dioxide (NO2),74,31080,"Los Angeles-Long Beach-Anaheim, CA",6,California,37,Los Angeles,34.1365,-117.92391
08/01/2022,AQS,2,23.5,ppb,22,Azusa,24,100,42602,Nitrogen dioxide (NO2),74,31080,"Los Angeles-Long Beach-Anaheim, CA",6,California,37,Los Angeles,34.1365,-117.92391
08/02/2022,AQS,2,20.3,ppb,19,Azusa,24,100,42602,Nitrogen dioxide (NO2),74,31080,"Los Angeles-Long Beach-Anaheim, CA",6,California,37,Los Angeles,34.1365,-117.92391
08/03/2022,AQS,2,23.1,ppb,22,Azusa,24,100,42602,Nitrogen dioxide (NO2),74,31080,"Los Angeles-Long Beach-Anaheim, CA",6,California,37,Los Angeles,34.1365,-117.92391
08/04/2022,AQS,2,23,ppb,22,Azusa,24,100,42602,Nitrogen dioxide (NO2),74,31080,"Los Angeles-Long Beach-Anaheim, CA",6,California,37,Los Angeles,34.1365,-117.92391
08/05/2022,AQS,2,23.9,ppb,22,Azusa,24,100,42602,Nitrogen dioxide (NO2),74,31080,"Los Angeles-Long Beach-Anaheim, CA",6,California,37,Los Angeles,34.1365,-117.92391
08/06/2022,AQS,2,16.3,ppb,15,Azusa,24,100,42602,Nitrogen dioxide (NO2),74,31080,"Los Angeles-Long Beach-Anaheim, CA",6,California,37,Los Angeles,34.1365,-117.92391
08/07/2022,AQS,2,16.2,ppb,15,Azusa,24,100,42602,Nitrogen dioxide (NO2),74,31080,"Los Angeles-Long Beach-Anaheim, CA",6,California,37,Los Angeles,34.1365,-117.92391
08/08/2022,AQS,2,21.8,ppb,20,Azusa,24,100,42602,Nitrogen dioxide (NO2),74,31080,"Los Angeles-Long Beach-Anaheim, CA",6,California,37,Los Angeles,34.1365,-117.92391
08/09/2022,AQS,2,26.6,ppb,25,Azusa,21,88,42602,Nitrogen dioxide (NO2),74,31080,"Los Angeles-Long Beach-Anaheim, CA",6,California,37,Los Angeles,34.1365,-117.92391
08/10/2022,AQS,2,30.8,ppb,28,Azusa,21,88,42602,Nitrogen dioxide (NO2),74,31080,"Los Angeles-Long Beach-Anaheim, CA",6,California,37,Los Angeles,34.1365,-117.92391
08/11/2022,AQS,2,32.9,ppb,30,Azusa,24,100,42602,Nitrogen dioxide (NO2),74,31080,"Los Angeles-Long Beach-Anaheim, CA",6,California,37,Los Angeles,34.1365,-117.92391
08/12/2022,AQS,2,31.5,ppb,29,Azusa,24,100,42602,Nitrogen dioxide (NO2),74,31080,"Los Angeles-Long Beach-Anaheim, CA",6,California,37,Los Angeles,34.1365,-117.92391
08/13/2022,AQS,2,27.8,ppb,25,Azusa,24,100,42602,Nitrogen dioxide (NO2),74,31080,"Los Angeles-Long Beach-Anaheim, CA",6,California,37,Los Angeles,34.1365,-117.92391
08/14/2022,AQS,2,17.9,ppb,16,Azusa,24,100,42602,Nitrogen dioxide (NO2),74,31080,"Los Angeles-Long Beach-Anaheim, CA",6,California,37,Los Angeles,34.1365,-117.92391
08/15/2022,AQS,2,32.9,ppb,30,Azusa,24,100,42602,Nitrogen dioxide (NO2),74,31080,"Los Angeles-Long Beach-Anaheim, CA",6,California,37,Los Angeles,34.1365,-117.92391
08/16/2022,AQS,2,33.2,ppb,31,Azusa,22,92,42602,Nitrogen dioxide (NO2),74,31080,"Los Angeles-Long Beach-Anaheim, CA",6,California,37,Los Angeles,34.1365,-117.92391
08/17/2022,AQS,2,30.5,ppb,28,Azusa,24,100,42602,Nitrogen dioxide (NO2),74,31080,"Los Angeles-Long Beach-Anaheim, CA",6,California,37,Los Angeles,34.1365,-117.92391
08/18/2022,AQS,2,28.7,ppb,26,Azusa,24,100,42602,Nitrogen dioxide (NO2),74,31080,"Los Angeles-Long Beach-Anaheim, CA",6,California,37,Los Angeles,34.1365,-117.92391
08/19/2022,AQS,2,26.6,ppb,25,Azusa,24,100,42602,Nitrogen dioxide (NO2),74,31080,"Los Angeles-Long Beach-Anaheim, CA",6,California,37,Los Angeles,34.1365,-117.92391
08/20/2022,AQS,2,11.7,ppb,10,Azusa,24,100,42602,Nitrogen dioxide (NO2),74,31080,"Los Angeles-Long Beach-Anaheim, CA",6,California,37,Los Angeles,34.1365,-117.92391
08/21/2022,AQS,2,12.1,ppb,11,Azusa,24,100,42602,Nitrogen dioxide (NO2),74,31080,"Los Angeles-Long Beach-Anaheim, CA",6,California,37,Los Angeles,34.1365,-117.92391
08/22/2022,AQS,2,19.6,ppb,18,Azusa,24,100,42602,Nitrogen dioxide (NO2),74,31080,"Los Angeles-Long Beach-Anaheim, CA",6,California,37,Los Angeles,34.1365,-117.92391
08/23/2022,AQS,2,24.7,ppb,23,Azusa,24,100,42602,Nitrogen dioxide (NO2),74,31080,"Los Angeles-Long Beach-Anaheim, CA",6,California,37,Los Angeles,34.1365,-117.92391
08/24/2022,AQS,2,19.9,ppb,18,Azusa,24,100,42602,Nitrogen dioxide (NO2),74,31080,"Los Angeles-Long Beach-Anaheim, CA",6,California,37,Los Angeles,34.1365,-117.92391
08/25/2022,AQS,2,21.2,ppb,20,Azusa,24,100,42602,Nitrogen dioxide (NO2),74,31080,"Los Angeles-Long Beach-Anaheim, CA",6,California,37,Los Angeles,34.1365,-117.92391
08/26/2022,AQS,2,28.1,ppb,26,Azusa,24,100,42602,Nitrogen dioxide (NO2),74,31080,"Los Angeles-Long Beach-Anaheim, CA",6,California,37,Los Angeles,34.1365,-117.92391
08/27/2022,AQS,2,25.2,ppb,24,Azusa,24,100,42602,Nitrogen dioxide (NO2),74,31080,"Los Angeles-Long Beach-Anaheim, CA",6,California,37,Los Angeles,34.1365,-117.92391
08/28/2022,AQS,2,11.5,ppb,10,Azusa,24,100,42602,Nitrogen dioxide (NO2),74,31080,"Los Angeles-Long Beach-Anaheim, CA",6,California,37,Los Angeles,34.1365,-117.92391
08/29/2022,AQS,2,23,ppb,22,Azusa,24,100,42602,Nitrogen dioxide (NO2),74,31080,"Los Angeles-Long Beach-Anaheim, CA",6,California,37,Los Angeles,34.1365,-117.92391
08/30/2022,AQS,2,31.8,ppb,29,Azusa,24,100,42602,Nitrogen dioxide (NO2),74,31080,"Los Angeles-Long Beach-Anaheim, CA",6,California,37,Los Angeles,34.1365,-117.92391
08/31/2022,AQS,2,37.2,ppb,35,Azusa,24,100,42602,Nitrogen dioxide (NO2),74,31080,"Los Angeles-Long Beach-Anaheim, CA",6,California,37,Los Angeles,34.1365,-117.92391
09/01/2022,AQS,2,42.9,ppb,40,Azusa,24,100,42602,Nitrogen dioxide (NO2),74,31080,"Los Angeles-Long Beach-Anaheim, CA",6,California,37,Los Angeles,34.1365,-117.92391
09/02/2022,AQS,2,33.8,ppb,31,Azusa,24,100,42602,Nitrogen dioxide (NO2),74,31080,"Los Angeles-Long Beach-Anaheim, CA",6,California,37,Los Angeles,34.1365,-117.92391
09/03/2022,AQS,2,28.3,ppb,26,Azusa,24,100,42602,Nitrogen dioxide (NO2),74,31080,"Los Angeles-Long Beach-Anaheim, CA",6,California,37,Los Angeles,34.1365,-117.92391
09/04/2022,AQS,2,19,ppb,18,Azusa,24,100,42602,Nitrogen dioxide (NO2),74,31080,"Los Angeles-Long Beach-Anaheim, CA",6,California,37,Los Angeles,34.1365,-117.92391
09/05/2022,AQS,2,22.1,ppb,21,Azusa,24,100,42602,Nitrogen dioxide (NO2),74,31080,"Los Angeles-Long Beach-Anaheim, CA",6,California,37,Los Angeles,34.1365,-117.92391
09/06/2022,AQS,2,26.1,ppb,25,Azusa,24,100,42602,Nitrogen dioxide (NO2),74,31080,"Los Angeles-Long Beach-Anaheim, CA",6,California,37,Los Angeles,34.1365,-117.92391
09/07/2022,AQS,2,36.1,ppb,34,Azusa,24,100,42602,Nitrogen dioxide (NO2),74,31080,"Los Angeles-Long Beach-Anaheim, CA",6,California,37,Los Angeles,34.1365,-117.92391
09/08/2022,AQS,2,40.2,ppb,38,Azusa,24,100,42602,Nitrogen dioxide (NO2),74,31080,"Los Angeles-Long Beach-Anaheim, CA",6,California,37,Los Angeles,34.1365,-117.92391
09/09/2022,AQS,2,18.2,ppb,17,Azusa,24,100,42602,Nitrogen dioxide (NO2),74,31080,"Los Angeles-Long Beach-Anaheim, CA",6,California,37,Los Angeles,34.1365,-117.92391
09/10/2022,AQS,2,20.1,ppb,19,Azusa,24,100,42602,Nitrogen dioxide (NO2),74,31080,"Los Angeles-Long Beach-Anaheim, CA",6,California,37,Los Angeles,34.1365,-117.92391
09/11/2022,AQS,2,8,ppb,8,Azusa,24,100,42602,Nitrogen dioxide (NO2),74,31080,"Los Angeles-Long Beach-Anaheim, CA",6,California,37,Los Angeles,34.1365,-117.92391
09/12/2022,AQS,2,16.3,ppb,15,Azusa,24,100,42602,Nitrogen dioxide (NO2),74,31080,"Los Angeles-Long Beach-Anaheim, CA",6,California,37,Los Angeles,34.1365,-117.92391
09/13/2022,AQS,2,21.7,ppb,20,Azusa,24,100,42602,Nitrogen dioxide (NO2),74,31080,"Los Angeles-Long Beach-Anaheim, CA",6,California,37,Los Angeles,34.1365,-117.92391
09/14/2022,AQS,2,15.8,ppb,14,Azusa,24,100,42602,Nitrogen dioxide (NO2),74,31080,"Los Angeles-Long Beach-Anaheim, CA",6,California,37,Los Angeles,34.1365,-117.92391
09/15/2022,AQS,2,16.2,ppb,15,Azusa,24,100,42602,Nitrogen dioxide (NO2),74,31080,"Los Angeles-Long Beach-Anaheim, CA",6,California,37,Los Angeles,34.1365,-117.92391
09/16/2022,AQS,2,17.2,ppb,16,Azusa,24,100,42602,Nitrogen dioxide (NO2),74,31080,"Los Angeles-Long Beach-Anaheim, CA",6,California,37,Los Angeles,34.1365,-117.92391
09/17/2022,AQS,2,15.5,ppb,14,Azusa,24,100,42602,Nitrogen dioxide (NO2),74,31080,"Los Angeles-Long Beach-Anaheim, CA",6,California,37,Los Angeles,34.1365,-117.92391
09/18/2022,AQS,2,7.6,ppb,7,Azusa,24,100,42602,Nitrogen dioxide (NO2),74,31080,"Los Angeles-Long Beach-Anaheim, CA",6,California,37,Los Angeles,34.1365,-117.92391
09/19/2022,AQS,2,11.6,ppb,10,Azusa,24,100,42602,Nitrogen dioxide (NO2),74,31080,"Los Angeles-Long Beach-Anaheim, CA",6,California,37,Los Angeles,34.1365,-117.92391
09/20/2022,AQS,2,14.7,ppb,13,Azusa,24,100,42602,Nitrogen dioxide (NO2),74,31080,"Los Angeles-Long Beach-Anaheim, CA",6,California,37,Los Angeles,34.1365,-117.92391
09/21/2022,AQS,2,18.1,ppb,17,Azusa,24,100,42602,Nitrogen dioxide (NO2),74,31080,"Los Angeles-Long Beach-Anaheim, CA",6,California,37,Los Angeles,34.1365,-117.92391
09/22/2022,AQS,2,31.4,ppb,29,Azusa,24,100,42602,Nitrogen dioxide (NO2),74,31080,"Los Angeles-Long Beach-Anaheim, CA",6,California,37,Los Angeles,34.1365,-117.92391
09/23/2022,AQS,2,37,ppb,35,Azusa,24,100,42602,Nitrogen dioxide (NO2),74,31080,"Los Angeles-Long Beach-Anaheim, CA",6,California,37,Los Angeles,34.1365,-117.92391
09/24/2022,AQS,2,33,ppb,31,Azusa,24,100,42602,Nitrogen dioxide (NO2),74,31080,"Los Angeles-Long Beach-Anaheim, CA",6,California,37,Los Angeles,34.1365,-117.92391
09/25/2022,AQS,2,24.4,ppb,23,Azusa,24,100,42602,Nitrogen dioxide (NO2),74,31080,"Los Angeles-Long Beach-Anaheim, CA",6,California,37,Los Angeles,34.1365,-117.92391
09/26/2022,AQS,2,34,ppb,32,Azusa,24,100,42602,Nitrogen dioxide (NO2),74,31080,"Los Angeles-Long Beach-Anaheim, CA",6,California,37,Los Angeles,34.1365,-117.92391
09/27/2022,AQS,2,42.3,ppb,40,Azusa,24,100,42602,Nitrogen dioxide (NO2),74,31080,"Los Angeles-Long Beach-Anaheim, CA",6,California,37,Los Angeles,34.1365,-117.92391
09/28/2022,AQS,2,44.3,ppb,42,Azusa,24,100,42602,Nitrogen dioxide (NO2),74,31080,"Los Angeles-Long Beach-Anaheim, CA",6,California,37,Los Angeles,34.1365,-117.92391
09/29/2022,AQS,2,30.8,ppb,28,Azusa,24,100,42602,Nitrogen dioxide (NO2),74,31080,"Los Angeles-Long Beach-Anaheim, CA",6,California,37,Los Angeles,34.1365,-117.92391
01/01/2023,AQS,1,21.8,ppb,20,Pico Rivera #2,24,100,42602,Nitrogen dioxide (NO2),99,31080,"Los Angeles-Long Beach-Anaheim, CA",6,California,37,Los Angeles,34.01029,-118.0685
01/02/2023,AQS,1,20.1,ppb,19,Pico Rivera #2,24,100,42602,Nitrogen dioxide (NO2),99,31080,"Los Angeles-Long Beach-Anaheim, CA",6,California,37,Los Angeles,34.01029,-118.0685
01/03/2023,AQS,1,16.6,ppb,15,Pico Rivera #2,24,100,42602,Nitrogen dioxide (NO2),99,31080,"Los Angeles-Long Beach-Anaheim, CA",6,California,37,Los Angeles,34.01029,-118.0685
01/04/2023,AQS,1,15.4,ppb,14,Pico Rivera #2,24,100,42602,Nitrogen dioxide (NO2),99,31080,"Los Angeles-Long Beach-Anaheim, CA",6,California,37,Los Angeles,34.01029,-118.0685
01/05/2023,AQS,1,22.6,ppb,21,Pico Rivera #2,24,100,42602,Nitrogen dioxide (NO2),99,31080,"Los Angeles-Long Beach-Anaheim, CA",6,California,37,Los Angeles,34.01029,-118.0685
01/06/2023,AQS,1,38.3,ppb,36,Pico Rivera #2,24,100,42602,Nitrogen dioxide (NO2),99,31080,"Los Angeles-Long Beach-Anaheim, CA",6,California,37,Los Angeles,34.01029,-118.0685
01/07/2023,AQS,1,35.8,ppb,33,Pico Rivera #2,24,100,42602,Nitrogen dioxide (NO2),99,31080,"Los Angeles-Long Beach-Anaheim, CA",6,California,37,Los Angeles,34.01029,-118.0685
01/08/2023,AQS,1,36,ppb,34,Pico Rivera #2,24,100,42602,Nitrogen dioxide (NO2),99,31080,"Los Angeles-Long Beach-Anaheim, CA",6,California,37,Los Angeles,34.01029,-118.0685
01/09/2023,AQS,1,23.8,ppb,22,Pico Rivera #2,24,100,42602,Nitrogen dioxide (NO2),99,31080,"Los Angeles-Long Beach-Anaheim, CA",6,California,37,Los Angeles,34.01029,-118.0685
01/10/2023,AQS,1,29,ppb,27,Pico Rivera #2,24,100,42602,Nitrogen dioxide (NO2),99,31080,"Los Angeles-Long Beach-Anaheim, CA",6,California,37,Los Angeles,34.01029,-118.0685
01/11/2023,AQS,1,32.7,ppb,30,Pico Rivera #2,24,100,42602,Nitrogen dioxide (NO2),99,31080,"Los Angeles-Long Beach-Anaheim, CA",6,California,37,Los Angeles,34.01029,-118.0685
01/12/2023,AQS,1,30.5,ppb,28,Pico Rivera #2,22,92,42602,Nitrogen dioxide (NO2),99,31080,"Los Angeles-Long Beach-Anaheim, CA",6,California,37,Los Angeles,34.01029,-118.0685
01/13/2023,AQS,1,41.4,ppb,39,Pico Rivera #2,24,100,42602,Nitrogen dioxide (NO2),99,31080,"Los Angeles-Long Beach-Anaheim, CA",6,California,37,Los Angeles,34.01029,-118.0685
01/14/2023,AQS,1,28.6,ppb,26,Pico Rivera #2,24,100,42602,Nitrogen dioxide (NO2),99,31080,"Los Angeles-Long Beach-Anaheim, CA",6,California,37,Los Angeles,34.01029,-118.0685
01/15/2023,AQS,1,14.8,ppb,13,Pico Rivera #2,24,100,42602,Nitrogen dioxide (NO2),99,31080,"Los Angeles-Long Beach-Anaheim, CA",6,California,37,Los Angeles,34.01029,-118.0685
01/16/2023,AQS,1,20.2,ppb,19,Pico Rivera #2,24,100,42602,Nitrogen dioxide (NO2),99,31080,"Los Angeles-Long Beach-Anaheim, CA",6,California,37,Los Angeles,34.01029,-118.0685
01/17/2023,AQS,1,30.2,ppb,28,Pico Rivera #2,24,100,42602,Nitrogen dioxide (NO2),99,31080,"Los Angeles-Long Beach-Anaheim, CA",6,California,37,Los Angeles,34.01029,-118.0685
01/18/2023,AQS,1,35.4,ppb,33,Pico Rivera #2,24,100,42602,Nitrogen dioxide (NO2),99,31080,"Los Angeles-Long Beach-Anaheim, CA",6,California,37,Los Angeles,34.01029,-118.0685
01/19/2023,AQS,1,29.2,ppb,27,Pico Rivera #2,24,100,42602,Nitrogen dioxide (NO2),99,31080,"Los Angeles-Long Beach-Anaheim, CA",6,California,37,Los Angeles,34.01029,-118.0685
01/20/2023,AQS,1,31.1,ppb,29,Pico Rivera #2,24,100,42602,Nitrogen dioxide (NO2),99,31080,"Los Angeles-Long Beach-Anaheim, CA",6,California,37,Los Angeles,34.01029,-118.0685
01/21/2023,AQS,1,33,ppb,31,Pico Rivera #2,24,100,42602,Nitrogen dioxide (NO2),99,31080,"Los Angeles-Long Beach-Anaheim, CA",6,California,37,Los Angeles,34.01029,-118.0685
01/22/2023,AQS,1,26.4,ppb,25,Pico Rivera #2,24,100,42602,Nitrogen dioxide (NO2),99,31080,"Los Angeles-Long Beach-Anaheim, CA",6,California,37,Los Angeles,34.01029,-118.0685
01/23/2023,AQS,1,40.1,ppb,38,Pico Rivera #2,24,100,42602,Nitrogen dioxide (NO2),99,31080,"Los Angeles-Long Beach-Anaheim, CA",6,California,37,Los Angeles,34.01029,-118.0685
01/24/2023,AQS,1,45.6,ppb,42,Pico Rivera #2,24,100,42602,Nitrogen dioxide (NO2),99,31080,"Los Angeles-Long Beach-Anaheim, CA",6,California,37,Los Angeles,34.01029,-118.0685
01/25/2023,AQS,1,49.6,ppb,46,Pico Rivera #2,24,100,42602,Nitrogen dioxide (NO2),99,31080,"Los Angeles-Long Beach-Anaheim, CA",6,California,37,Los Angeles,34.01029,-118.0685
01/26/2023,AQS,1,38.2,ppb,36,Pico Rivera #2,24,100,42602,Nitrogen dioxide (NO2),99,31080,"Los Angeles-Long Beach-Anaheim, CA",6,California,37,Los Angeles,34.01029,-118.0685
01/27/2023,AQS,1,41.1,ppb,39,Pico Rivera #2,24,100,42602,Nitrogen dioxide (NO2),99,31080,"Los Angeles-Long Beach-Anaheim, CA",6,California,37,Los Angeles,34.01029,-118.0685
01/28/2023,AQS,1,28.8,ppb,26,Pico Rivera #2,24,100,42602,Nitrogen dioxide (NO2),99,31080,"Los Angeles-Long Beach-Anaheim, CA",6,California,37,Los Angeles,34.01029,-118.0685
01/29/2023,AQS,1,10.2,ppb,9,Pico Rivera #2,24,100,42602,Nitrogen dioxide (NO2),99,31080,"Los Angeles-Long Beach-Anaheim, CA",6,California,37,Los Angeles,34.01029,-118.0685
01/30/2023,AQS,1,32.1,ppb,30,Pico Rivera #2,24,100,42602,Nitrogen dioxide (NO2),99,31080,"Los Angeles-Long Beach-Anaheim, CA",6,California,37,Los Angeles,34.01029,-118.0685
01/31/2023,AQS,1,40.8,ppb,38,Pico Rivera #2,24,100,42602,Nitrogen dioxide (NO2),99,31080,"Los Angeles-Long Beach-Anaheim, CA",6,California,37,Los Angeles,34.01029,-118.0685
02/01/2023,AQS,1,39.5,ppb,37,Pico Rivera #2,24,100,42602,Nitrogen dioxide (NO2),99,31080,"Los Angeles-Long Beach-Anaheim, CA",6,California,37,Los Angeles,34.01029,-118.0685
02/02/2023,AQS,1,48.7,ppb,45,Pico Rivera #2,24,100,42602,Nitrogen dioxide (NO2),99,31080,"Los Angeles-Long Beach-Anaheim, CA",6,California,37,Los Angeles,34.01029,-118.0685
02/03/2023,AQS,1,41.2,ppb,39,Pico Rivera #2,24,100,42602,Nitrogen dioxide (NO2),99,31080,"Los Angeles-Long Beach-Anaheim, CA",6,California,37,Los Angeles,34.01029,-118.0685
02/04/2023,AQS,1,33.4,ppb,31,Pico Rivera #2,24,100,42602,Nitrogen dioxide (NO2),99,31080,"Los Angeles-Long Beach-Anaheim, CA",6,California,37,Los Angeles,34.01029,-118.0685
02/05/2023,AQS,1,26.4,ppb,25,Pico Rivera #2,24,100,42602,Nitrogen dioxide (NO2),99,31080,"Los Angeles-Long Beach-Anaheim, CA",6,California,37,Los Angeles,34.01029,-118.0685
02/06/2023,AQS,1,32.8,ppb,30,Pico Rivera #2,24,100,42602,Nitrogen dioxide (NO2),99,31080,"Los Angeles-Long Beach-Anaheim, CA",6,California,37,Los Angeles,34.01029,-118.0685
02/07/2023,AQS,1,36.3,ppb,34,Pico Rivera #2,24,100,42602,Nitrogen dioxide (NO2),99,31080,"Los Angeles-Long Beach-Anaheim, CA",6,California,37,Los Angeles,34.01029,-118.0685
02/08/2023,AQS,1,42.5,ppb,40,Pico Rivera #2,24,100,42602,Nitrogen dioxide (NO2),99,31080,"Los Angeles-Long Beach-Anaheim, CA",6,California,37,Los Angeles,34.01029,-118.0685
02/09/2023,AQS,1,49.7,ppb,46,Pico Rivera #2,24,100,42602,Nitrogen dioxide (NO2),99,31080,"Los Angeles-Long Beach-Anaheim, CA",6,California,37,Los Angeles,34.01029,-118.0685
02/10/2023,AQS,1,45.9,ppb,42,Pico Rivera #2,22,92,42602,Nitrogen dioxide (NO2),99,31080,"Los Angeles-Long Beach-Anaheim, CA",6,California,37,Los Angeles,34.01029,-118.0685
02/11/2023,AQS,1,33.2,ppb,31,Pico Rivera #2,24,100,42602,Nitrogen dioxide (NO2),99,31080,"Los Angeles-Long Beach-Anaheim, CA",6,California,37,Los Angeles,34.01029,-118.0685
02/12/2023,AQS,1,22.6,ppb,21,Pico Rivera #2,24,100,42602,Nitrogen dioxide (NO2),99,31080,"Los Angeles-Long Beach-Anaheim, CA",6,California,37,Los Angeles,34.01029,-118.0685
02/13/2023,AQS,1,25.9,ppb,24,Pico Rivera #2,24,100,42602,Nitrogen dioxide (NO2),99,31080,"Los Angeles-Long Beach-Anaheim, CA",6,California,37,Los Angeles,34.01029,-118.0685
02/14/2023,AQS,1,18.8,ppb,17,Pico Rivera #2,24,100,42602,Nitrogen dioxide (NO2),99,31080,"Los Angeles-Long Beach-Anaheim, CA",6,California,37,Los Angeles,34.01029,-118.0685
02/15/2023,AQS,1,35.4,ppb,33,Pico Rivera #2,24,100,42602,Nitrogen dioxide (NO2),99,31080,"Los Angeles-Long Beach-Anaheim, CA",6,California,37,Los Angeles,34.01029,-118.0685
02/16/2023,AQS,1,42,ppb,40,Pico Rivera #2,24,100,42602,Nitrogen dioxide (NO2),99,31080,"Los Angeles-Long Beach-Anaheim, CA",6,California,37,Los Angeles,34.01029,-118.0685
02/17/2023,AQS,1,42.6,ppb,40,Pico Rivera #2,24,100,42602,Nitrogen dioxide (NO2),99,31080,"Los Angeles-Long Beach-Anaheim, CA",6,California,37,Los Angeles,34.01029,-118.0685
02/18/2023,AQS,1,37.8,ppb,35,Pico Rivera #2,24,100,42602,Nitrogen dioxide (NO2),99,31080,"Los Angeles-Long Beach-Anaheim, CA",6,California,37,Los Angeles,34.01029,-118.0685
02/19/2023,AQS,1,34.1,ppb,32,Pico Rivera #2,24,100,42602,Nitrogen dioxide (NO2),99,31080,"Los Angeles-Long Beach-Anaheim, CA",6,California,37,Los Angeles,34.01029,-118.0685
02/20/2023,AQS,1,39.4,ppb,37,Pico Rivera #2,24,100,42602,Nitrogen dioxide (NO2),99,31080,"Los Angeles-Long Beach-Anaheim, CA",6,California,37,Los Angeles,34.01029,-118.0685
02/21/2023,AQS,1,38.8,ppb,36,Pico Rivera #2,24,100,42602,Nitrogen dioxide (NO2),99,31080,"Los Angeles-Long Beach-Anaheim, CA",6,California,37,Los Angeles,34.01029,-118.0685
02/22/2023,AQS,1,18.4,ppb,17,Pico Rivera #2,24,100,42602,Nitrogen dioxide (NO2),99,31080,"Los Angeles-Long Beach-Anaheim, CA",6,California,37,Los Angeles,34.01029,-118.0685
02/23/2023,AQS,1,18.6,ppb,17,Pico Rivera #2,24,100,42602,Nitrogen dioxide (NO2),99,31080,"Los Angeles-Long Beach-Anaheim, CA",6,California,37,Los Angeles,34.01029,-118.0685
02/24/2023,AQS,1,13.5,ppb,12,Pico Rivera #2,24,100,42602,Nitrogen dioxide (NO2),99,31080,"Los Angeles-Long Beach-Anaheim, CA",6,California,37,Los Angeles,34.01029,-118.0685
02/25/2023,AQS,1,11.4,ppb,10,Pico Rivera #2,24,100,42602,Nitrogen dioxide (NO2),99,31080,"Los Angeles-Long Beach-Anaheim, CA",6,California,37,Los Angeles,34.01029,-118.0685
02/26/2023,AQS,1,26.1,ppb,25,Pico Rivera #2,24,100,42602,Nitrogen dioxide (NO2),99,31080,"Los Angeles-Long Beach-Anaheim, CA",6,California,37,Los Angeles,34.01029,-118.0685
02/27/2023,AQS,1,29.5,ppb,27,Pico Rivera #2,24,100,42602,Nitrogen dioxide (NO2),99,31080,"Los Angeles-Long Beach-Anaheim, CA",6,California,37,Los Angeles,34.01029,-118.0685
02/28/2023,AQS,1,26.2,ppb,25,Pico Rivera #2,24,100,42602,Nitrogen dioxide (NO2),99,31080,"Los Angeles-Long Beach-Anaheim, CA",6,California,37,Los Angeles,34.01029,-118.0685
03/01/2023,AQS,1,13,ppb,12,Pico Rivera #2,24,100,42602,Nitrogen dioxide (NO2),99,31080,"Los Angeles-Long Beach-Anaheim, CA",6,California,37,Los Angeles,34.01029,-118.0685
03/02/2023,AQS,1,33.7,ppb,31,Pico Rivera #2,24,100,42602,Nitrogen dioxide (NO2),99,31080,"Los Angeles-Long Beach-Anaheim, CA",6,California,37,Los Angeles,34.01029,-118.0685
03/03/2023,AQS,1,31.6,ppb,29,Pico Rivera #2,24,100,42602,Nitrogen dioxide (NO2),99,31080,"Los Angeles-Long Beach-Anaheim, CA",6,California,37,Los Angeles,34.01029,-118.0685
03/04/2023,AQS,1,23.9,ppb,22,Pico Rivera #2,24,100,42602,Nitrogen dioxide (NO2),99,31080,"Los Angeles-Long Beach-Anaheim, CA",6,California,37,Los Angeles,34.01029,-118.0685
03/05/2023,AQS,1,21.7,ppb,20,Pico Rivera #2,24,100,42602,Nitrogen dioxide (NO2),99,31080,"Los Angeles-Long Beach-Anaheim, CA",6,California,37,Los Angeles,34.01029,-118.0685
03/06/2023,AQS,1,28.5,ppb,26,Pico Rivera #2,24,100,42602,Nitrogen dioxide (NO2),99,31080,"Los Angeles-Long Beach-Anaheim, CA",6,California,37,Los Angeles,34.01029,-118.0685
03/07/2023,AQS,1,25.7,ppb,24,Pico Rivera #2,24,100,42602,Nitrogen dioxide (NO2),99,31080,"Los Angeles-Long Beach-Anaheim, CA",6,California,37,Los Angeles,34.01029,-118.0685
03/08/2023,AQS,1,35.4,ppb,33,Pico Rivera #2,24,100,42602,Nitrogen dioxide (NO2),99,31080,"Los Angeles-Long Beach-Anaheim, CA",6,California,37,Los Angeles,34.01029,-118.0685
03/09/2023,AQS,1,28.9,ppb,26,Pico Rivera #2,24,100,42602,Nitrogen dioxide (NO2),99,31080,"Los Angeles-Long Beach-Anaheim, CA",6,California,37,Los Angeles,34.01029,-118.0685
03/10/2023,AQS,1,22,ppb,21,Pico Rivera #2,24,100,42602,Nitrogen dioxide (NO2),99,31080,"Los Angeles-Long Beach-Anaheim, CA",6,California,37,Los Angeles,34.01029,-118.0685
03/11/2023,AQS,1,18.8,ppb,17,Pico Rivera #2,24,100,42602,Nitrogen dioxide (NO2),99,31080,"Los Angeles-Long Beach-Anaheim, CA",6,California,37,Los Angeles,34.01029,-118.0685
03/12/2023,AQS,1,17.5,ppb,16,Pico Rivera #2,24,100,42602,Nitrogen dioxide (NO2),99,31080,"Los Angeles-Long Beach-Anaheim, CA",6,California,37,Los Angeles,34.01029,-118.0685
03/13/2023,AQS,1,18.1,ppb,17,Pico Rivera #2,24,100,42602,Nitrogen dioxide (NO2),99,31080,"Los Angeles-Long Beach-Anaheim, CA",6,California,37,Los Angeles,34.01029,-118.0685
03/14/2023,AQS,1,19.1,ppb,18,Pico Rivera #2,19,79,42602,Nitrogen dioxide (NO2),99,31080,"Los Angeles-Long Beach-Anaheim, CA",6,California,37,Los Angeles,34.01029,-118.0685
03/15/2023,AQS,1,17,ppb,16,Pico Rivera #2,24,100,42602,Nitrogen dioxide (NO2),99,31080,"Los Angeles-Long Beach-Anaheim, CA",6,California,37,Los Angeles,34.01029,-118.0685
03/16/2023,AQS,1,26,ppb,25,Pico Rivera #2,24,100,42602,Nitrogen dioxide (NO2),99,31080,"Los Angeles-Long Beach-Anaheim, CA",6,California,37,Los Angeles,34.01029,-118.0685
03/17/2023,AQS,1,26.1,ppb,25,Pico Rivera #2,21,88,42602,Nitrogen dioxide (NO2),99,31080,"Los Angeles-Long Beach-Anaheim, CA",6,California,37,Los Angeles,34.01029,-118.0685
03/18/2023,AQS,1,35,ppb,33,Pico Rivera #2,24,100,42602,Nitrogen dioxide (NO2),99,31080,"Los Angeles-Long Beach-Anaheim, CA",6,California,37,Los Angeles,34.01029,-118.0685
03/19/2023,AQS,1,29,ppb,27,Pico Rivera #2,24,100,42602,Nitrogen dioxide (NO2),99,31080,"Los Angeles-Long Beach-Anaheim, CA",6,California,37,Los Angeles,34.01029,-118.0685
03/20/2023,AQS,1,16.5,ppb,15,Pico Rivera #2,24,100,42602,Nitrogen dioxide (NO2),99,31080,"Los Angeles-Long Beach-Anaheim, CA",6,California,37,Los Angeles,34.01029,-118.0685
03/21/2023,AQS,1,13.9,ppb,12,Pico Rivera #2,24,100,42602,Nitrogen dioxide (NO2),99,31080,"Los Angeles-Long Beach-Anaheim, CA",6,California,37,Los Angeles,34.01029,-118.0685
03/22/2023,AQS,1,30.9,ppb,28,Pico Rivera #2,19,79,42602,Nitrogen dioxide (NO2),99,31080,"Los Angeles-Long Beach-Anaheim, CA",6,California,37,Los Angeles,34.01029,-118.0685
03/23/2023,AQS,1,25.7,ppb,24,Pico Rivera #2,24,100,42602,Nitrogen dioxide (NO2),99,31080,"Los Angeles-Long Beach-Anaheim, CA",6,California,37,Los Angeles,34.01029,-118.0685
03/24/2023,AQS,1,30.6,ppb,28,Pico Rivera #2,18,75,42602,Nitrogen dioxide (NO2),99,31080,"Los Angeles-Long Beach-Anaheim, CA",6,California,37,Los Angeles,34.01029,-118.0685
03/25/2023,AQS,1,26.5,ppb,25,Pico Rivera #2,24,100,42602,Nitrogen dioxide (NO2),99,31080,"Los Angeles-Long Beach-Anaheim, CA",6,California,37,Los Angeles,34.01029,-118.0685
03/26/2023,AQS,1,26.7,ppb,25,Pico Rivera #2,24,100,42602,Nitrogen dioxide (NO2),99,31080,"Los Angeles-Long Beach-Anaheim, CA",6,California,37,Los Angeles,34.01029,-118.0685
03/27/2023,AQS,1,40.4,ppb,38,Pico Rivera #2,24,100,42602,Nitrogen dioxide (NO2),99,31080,"Los Angeles-Long Beach-Anaheim, CA",6,California,37,Los Angeles,34.01029,-118.0685
03/28/2023,AQS,1,35.4,ppb,33,Pico Rivera #2,20,83,42602,Nitrogen dioxide (NO2),99,31080,"Los Angeles-Long Beach-Anaheim, CA",6,California,37,Los Angeles,34.01029,-118.0685
03/29/2023,AQS,1,15.7,ppb,14,Pico Rivera #2,19,79,42602,Nitrogen dioxide (NO2),99,31080,"Los Angeles-Long Beach-Anaheim, CA",6,California,37,Los Angeles,34.01029,-118.0685
03/30/2023,AQS,1,28.4,ppb,26,Pico Rivera #2,24,100,42602,Nitrogen dioxide (NO2),99,31080,"Los Angeles-Long Beach-Anaheim, CA",6,California,37,Los Angeles,34.01029,-118.0685
03/31/2023,AQS,1,27.4,ppb,25,Pico Rivera #2,24,100,42602,Nitrogen dioxide (NO2),99,31080,"Los Angeles-Long Beach-Anaheim, CA",6,California,37,Los Angeles,34.01029,-118.0685
04/01/2023,AQS,1,22.6,ppb,21,Pico Rivera #2,24,100,42602,Nitrogen dioxide (NO2),99,31080,"Los Angeles-Long Beach-Anaheim, CA",6,California,37,Los Angeles,34.01029,-118.0685
04/02/2023,AQS,1,18.2,ppb,17,Pico Rivera #2,24,100,42602,Nitrogen dioxide (NO2),99,31080,"Los Angeles-Long Beach-Anaheim, CA",6,California,37,Los Angeles,34.01029,-118.0685
04/03/2023,AQS,1,12.6,ppb,11,Pico Rivera #2,24,100,42602,Nitrogen dioxide (NO2),99,31080,"Los Angeles-Long Beach-Anaheim, CA",6,California,37,Los Angeles,34.01029,-118.0685
04/04/2023,AQS,1,15.9,ppb,14,Pico Rivera #2,24,100,42602,Nitrogen dioxide (NO2),99,31080,"Los Angeles-Long Beach-Anaheim, CA",6,California,37,Los Angeles,34.01029,-118.0685
04/05/2023,AQS,1,33,ppb,31,Pico Rivera #2,24,100,42602,Nitrogen dioxide (NO2),99,31080,"Los Angeles-Long Beach-Anaheim, CA",6,California,37,Los Angeles,34.01029,-118.0685
04/06/2023,AQS,1,34.4,ppb,32,Pico Rivera #2,18,75,42602,Nitrogen dioxide (NO2),99,31080,"Los Angeles-Long Beach-Anaheim, CA",6,California,37,Los Angeles,34.01029,-118.0685
04/07/2023,AQS,1,35.3,ppb,33,Pico Rivera #2,24,100,42602,Nitrogen dioxide (NO2),99,31080,"Los Angeles-Long Beach-Anaheim, CA",6,California,37,Los Angeles,34.01029,-118.0685
04/08/2023,AQS,1,22.6,ppb,21,Pico Rivera #2,24,100,42602,Nitrogen dioxide (NO2),99,31080,"Los Angeles-Long Beach-Anaheim, CA",6,California,37,Los Angeles,34.01029,-118.0685
04/09/2023,AQS,1,22.8,ppb,21,Pico Rivera #2,24,100,42602,Nitrogen dioxide (NO2),99,31080,"Los Angeles-Long Beach-Anaheim, CA",6,California,37,Los Angeles,34.01029,-118.0685
04/10/2023,AQS,1,28,ppb,26,Pico Rivera #2,24,100,42602,Nitrogen dioxide (NO2),99,31080,"Los Angeles-Long Beach-Anaheim, CA",6,California,37,Los Angeles,34.01029,-118.0685
04/11/2023,AQS,1,20.6,ppb,19,Pico Rivera #2,24,100,42602,Nitrogen dioxide (NO2),99,31080,"Los Angeles-Long Beach-Anaheim, CA",6,California,37,Los Angeles,34.01029,-118.0685
04/12/2023,AQS,1,7.3,ppb,7,Pico Rivera #2,24,100,42602,Nitrogen dioxide (NO2),99,31080,"Los Angeles-Long Beach-Anaheim, CA",6,California,37,Los Angeles,34.01029,-118.0685
04/13/2023,AQS,1,15.2,ppb,14,Pico Rivera #2,24,100,42602,Nitrogen dioxide (NO2),99,31080,"Los Angeles-Long Beach-Anaheim, CA",6,California,37,Los Angeles,34.01029,-118.0685
04/14/2023,AQS,1,29.2,ppb,27,Pico Rivera #2,24,100,42602,Nitrogen dioxide (NO2),99,31080,"Los Angeles-Long Beach-Anaheim, CA",6,California,37,Los Angeles,34.01029,-118.0685
04/15/2023,AQS,1,25.2,ppb,24,Pico Rivera #2,24,100,42602,Nitrogen dioxide (NO2),99,31080,"Los Angeles-Long Beach-Anaheim, CA",6,California,37,Los Angeles,34.01029,-118.0685
04/16/2023,AQS,1,24.3,ppb,23,Pico Rivera #2,24,100,42602,Nitrogen dioxide (NO2),99,31080,"Los Angeles-Long Beach-Anaheim, CA",6,California,37,Los Angeles,34.01029,-118.0685
04/17/2023,AQS,1,8.5,ppb,8,Pico Rivera #2,24,100,42602,Nitrogen dioxide (NO2),99,31080,"Los Angeles-Long Beach-Anaheim, CA",6,California,37,Los Angeles,34.01029,-118.0685
04/18/2023,AQS,1,17,ppb,16,Pico Rivera #2,24,100,42602,Nitrogen dioxide (NO2),99,31080,"Los Angeles-Long Beach-Anaheim, CA",6,California,37,Los Angeles,34.01029,-118.0685
04/19/2023,AQS,1,33.2,ppb,31,Pico Rivera #2,24,100,42602,Nitrogen dioxide (NO2),99,31080,"Los Angeles-Long Beach-Anaheim, CA",6,California,37,Los Angeles,34.01029,-118.0685
04/20/2023,AQS,1,46.5,ppb,43,Pico Rivera #2,24,100,42602,Nitrogen dioxide (NO2),99,31080,"Los Angeles-Long Beach-Anaheim, CA",6,California,37,Los Angeles,34.01029,-118.0685
04/21/2023,AQS,1,43.3,ppb,41,Pico Rivera #2,24,100,42602,Nitrogen dioxide (NO2),99,31080,"Los Angeles-Long Beach-Anaheim, CA",6,California,37,Los Angeles,34.01029,-118.0685
04/22/2023,AQS,1,33.9,ppb,31,Pico Rivera #2,24,100,42602,Nitrogen dioxide (NO2),99,31080,"Los Angeles-Long Beach-Anaheim, CA",6,California,37,Los Angeles,34.01029,-118.0685
04/23/2023,AQS,1,11.6,ppb,10,Pico Rivera #2,24,100,42602,Nitrogen dioxide (NO2),99,31080,"Los Angeles-Long Beach-Anaheim, CA",6,California,37,Los Angeles,34.01029,-118.0685
04/24/2023,AQS,1,15,ppb,14,Pico Rivera #2,24,100,42602,Nitrogen dioxide (NO2),99,31080,"Los Angeles-Long Beach-Anaheim, CA",6,California,37,Los Angeles,34.01029,-118.0685
04/25/2023,AQS,1,18,ppb,17,Pico Rivera #2,18,75,42602,Nitrogen dioxide (NO2),99,31080,"Los Angeles-Long Beach-Anaheim, CA",6,California,37,Los Angeles,34.01029,-118.0685
04/26/2023,AQS,1,31.3,ppb,29,Pico Rivera #2,24,100,42602,Nitrogen dioxide (NO2),99,31080,"Los Angeles-Long Beach-Anaheim, CA",6,California,37,Los Angeles,34.01029,-118.0685
04/27/2023,AQS,1,21.3,ppb,20,Pico Rivera #2,24,100,42602,Nitrogen dioxide (NO2),99,31080,"Los Angeles-Long Beach-Anaheim, CA",6,California,37,Los Angeles,34.01029,-118.0685
04/28/2023,AQS,1,21.9,ppb,20,Pico Rivera #2,24,100,42602,Nitrogen dioxide (NO2),99,31080,"Los Angeles-Long Beach-Anaheim, CA",6,California,37,Los Angeles,34.01029,-118.0685
04/29/2023,AQS,1,19,ppb,18,Pico Rivera #2,24,100,42602,Nitrogen dioxide (NO2),99,31080,"Los Angeles-Long Beach-Anaheim, CA",6,California,37,Los Angeles,34.01029,-118.0685
04/30/2023,AQS,1,8.2,ppb,8,Pico Rivera #2,24,100,42602,Nitrogen dioxide (NO2),99,31080,"Los Angeles-Long Beach-Anaheim, CA",6,California,37,Los Angeles,34.01029,-118.0685
05/01/2023,AQS,1,10.4,ppb,9,Pico Rivera #2,24,100,42602,Nitrogen dioxide (NO2),99,31080,"Los Angeles-Long Beach-Anaheim, CA",6,California,37,Los Angeles,34.01029,-118.0685
05/02/2023,AQS,1,19,ppb,18,Pico Rivera #2,19,79,42602,Nitrogen dioxide (NO2),99,31080,"Los Angeles-Long Beach-Anaheim, CA",6,California,37,Los Angeles,34.01029,-118.0685
05/03/2023,AQS,1,28.4,ppb,26,Pico Rivera #2,24,100,42602,Nitrogen dioxide (NO2),99,31080,"Los Angeles-Long Beach-Anaheim, CA",6,California,37,Los Angeles,34.01029,-118.0685
05/04/2023,AQS,1,21.8,ppb,20,Pico Rivera #2,18,75,42602,Nitrogen dioxide (NO2),99,31080,"Los Angeles-Long Beach-Anaheim, CA",6,California,37,Los Angeles,34.01029,-118.0685
05/05/2023,AQS,1,23.5,ppb,22,Pico Rivera #2,24,100,42602,Nitrogen dioxide (NO2),99,31080,"Los Angeles-Long Beach-Anaheim, CA",6,California,37,Los Angeles,34.01029,-118.0685
05/06/2023,AQS,1,20.6,ppb,19,Pico Rivera #2,24,100,42602,Nitrogen dioxide (NO2),99,31080,"Los Angeles-Long Beach-Anaheim, CA",6,California,37,Los Angeles,34.01029,-118.0685
05/07/2023,AQS,1,21.2,ppb,20,Pico Rivera #2,24,100,42602,Nitrogen dioxide (NO2),99,31080,"Los Angeles-Long Beach-Anaheim, CA",6,California,37,Los Angeles,34.01029,-118.0685
05/08/2023,AQS,1,20.6,ppb,19,Pico Rivera #2,24,100,42602,Nitrogen dioxide (NO2),99,31080,"Los Angeles-Long Beach-Anaheim, CA",6,California,37,Los Angeles,34.01029,-118.0685
05/09/2023,AQS,1,24.9,ppb,23,Pico Rivera #2,24,100,42602,Nitrogen dioxide (NO2),99,31080,"Los Angeles-Long Beach-Anaheim, CA",6,California,37,Los Angeles,34.01029,-118.0685
05/10/2023,AQS,1,13.2,ppb,12,Pico Rivera #2,24,100,42602,Nitrogen dioxide (NO2),99,31080,"Los Angeles-Long Beach-Anaheim, CA",6,California,37,Los Angeles,34.01029,-118.0685
05/11/2023,AQS,1,25.4,ppb,24,Pico Rivera #2,24,100,42602,Nitrogen dioxide (NO2),99,31080,"Los Angeles-Long Beach-Anaheim, CA",6,California,37,Los Angeles,34.01029,-118.0685
05/12/2023,AQS,1,26.5,ppb,25,Pico Rivera #2,22,92,42602,Nitrogen dioxide (NO2),99,31080,"Los Angeles-Long Beach-Anaheim, CA",6,California,37,Los Angeles,34.01029,-118.0685
05/13/2023,AQS,1,17.6,ppb,16,Pico Rivera #2,24,100,42602,Nitrogen dioxide (NO2),99,31080,"Los Angeles-Long Beach-Anaheim, CA",6,California,37,Los Angeles,34.01029,-118.0685
05/14/2023,AQS,1,7.4,ppb,7,Pico Rivera #2,24,100,42602,Nitrogen dioxide (NO2),99,31080,"Los Angeles-Long Beach-Anaheim, CA",6,California,37,Los Angeles,34.01029,-118.0685
05/15/2023,AQS,1,16.9,ppb,15,Pico Rivera #2,24,100,42602,Nitrogen dioxide (NO2),99,31080,"Los Angeles-Long Beach-Anaheim, CA",6,California,37,Los Angeles,34.01029,-118.0685
05/16/2023,AQS,1,20.8,ppb,19,Pico Rivera #2,22,92,42602,Nitrogen dioxide (NO2),99,31080,"Los Angeles-Long Beach-Anaheim, CA",6,California,37,Los Angeles,34.01029,-118.0685
05/17/2023,AQS,1,21.1,ppb,20,Pico Rivera #2,24,100,42602,Nitrogen dioxide (NO2),99,31080,"Los Angeles-Long Beach-Anaheim, CA",6,California,37,Los Angeles,34.01029,-118.0685
05/18/2023,AQS,1,28.6,ppb,26,Pico Rivera #2,19,79,42602,Nitrogen dioxide (NO2),99,31080,"Los Angeles-Long Beach-Anaheim, CA",6,California,37,Los Angeles,34.01029,-118.0685
05/19/2023,AQS,1,11.8,ppb,10,Pico Rivera #2,24,100,42602,Nitrogen dioxide (NO2),99,31080,"Los Angeles-Long Beach-Anaheim, CA",6,California,37,Los Angeles,34.01029,-118.0685
05/20/2023,AQS,1,9.6,ppb,8,Pico Rivera #2,24,100,42602,Nitrogen dioxide (NO2),99,31080,"Los Angeles-Long Beach-Anaheim, CA",6,California,37,Los Angeles,34.01029,-118.0685
05/21/2023,AQS,1,11,ppb,10,Pico Rivera #2,24,100,42602,Nitrogen dioxide (NO2),99,31080,"Los Angeles-Long Beach-Anaheim, CA",6,California,37,Los Angeles,34.01029,-118.0685
05/22/2023,AQS,1,13.5,ppb,12,Pico Rivera #2,24,100,42602,Nitrogen dioxide (NO2),99,31080,"Los Angeles-Long Beach-Anaheim, CA",6,California,37,Los Angeles,34.01029,-118.0685
05/23/2023,AQS,1,11.8,ppb,10,Pico Rivera #2,24,100,42602,Nitrogen dioxide (NO2),99,31080,"Los Angeles-Long Beach-Anaheim, CA",6,California,37,Los Angeles,34.01029,-118.0685
05/24/2023,AQS,1,13.5,ppb,12,Pico Rivera #2,18,75,42602,Nitrogen dioxide (NO2),99,31080,"Los Angeles-Long Beach-Anaheim, CA",6,California,37,Los Angeles,34.01029,-118.0685
05/26/2023,AQS,1,13.7,ppb,12,Pico Rivera #2,24,100,42602,Nitrogen dioxide (NO2),99,31080,"Los Angeles-Long Beach-Anaheim, CA",6,California,37,Los Angeles,34.01029,-118.0685
05/27/2023,AQS,1,12.5,ppb,11,Pico Rivera #2,24,100,42602,Nitrogen dioxide (NO2),99,31080,"Los Angeles-Long Beach-Anaheim, CA",6,California,37,Los Angeles,34.01029,-118.0685
05/28/2023,AQS,1,14.4,ppb,13,Pico Rivera #2,24,100,42602,Nitrogen dioxide (NO2),99,31080,"Los Angeles-Long Beach-Anaheim, CA",6,California,37,Los Angeles,34.01029,-118.0685
05/29/2023,AQS,1,9.3,ppb,8,Pico Rivera #2,24,100,42602,Nitrogen dioxide (NO2),99,31080,"Los Angeles-Long Beach-Anaheim, CA",6,California,37,Los Angeles,34.01029,-118.0685
05/30/2023,AQS,1,13.3,ppb,12,Pico Rivera #2,24,100,42602,Nitrogen dioxide (NO2),99,31080,"Los Angeles-Long Beach-Anaheim, CA",6,California,37,Los Angeles,34.01029,-118.0685
05/31/2023,AQS,1,11.6,ppb,10,Pico Rivera #2,21,88,42602,Nitrogen dioxide (NO2),99,31080,"Los Angeles-Long Beach-Anaheim, CA",6,California,37,Los Angeles,34.01029,-118.0685
06/01/2023,AQS,1,18.5,ppb,17,Pico Rivera #2,24,100,42602,Nitrogen dioxide (NO2),99,31080,"Los Angeles-Long Beach-Anaheim, CA",6,California,37,Los Angeles,34.01029,-118.0685
06/02/2023,AQS,1,29.3,ppb,27,Pico Rivera #2,24,100,42602,Nitrogen dioxide (NO2),99,31080,"Los Angeles-Long Beach-Anaheim, CA",6,California,37,Los Angeles,34.01029,-118.0685
06/03/2023,AQS,1,26.1,ppb,25,Pico Rivera #2,24,100,42602,Nitrogen dioxide (NO2),99,31080,"Los Angeles-Long Beach-Anaheim, CA",6,California,37,Los Angeles,34.01029,-118.0685
06/04/2023,AQS,1,9.3,ppb,8,Pico Rivera #2,24,100,42602,Nitrogen dioxide (NO2),99,31080,"Los Angeles-Long Beach-Anaheim, CA",6,California,37,Los Angeles,34.01029,-118.0685
06/05/2023,AQS,1,10.3,ppb,9,Pico Rivera #2,24,100,42602,Nitrogen dioxide (NO2),99,31080,"Los Angeles-Long Beach-Anaheim, CA",6,California,37,Los Angeles,34.01029,-118.0685
06/06/2023,AQS,1,15.4,ppb,14,Pico Rivera #2,24,100,42602,Nitrogen dioxide (NO2),99,31080,"Los Angeles-Long Beach-Anaheim, CA",6,California,37,Los Angeles,34.01029,-118.0685
06/07/2023,AQS,1,23.3,ppb,22,Pico Rivera #2,24,100,42602,Nitrogen dioxide (NO2),99,31080,"Los Angeles-Long Beach-Anaheim, CA",6,California,37,Los Angeles,34.01029,-118.0685
06/08/2023,AQS,1,20.7,ppb,19,Pico Rivera #2,24,100,42602,Nitrogen dioxide (NO2),99,31080,"Los Angeles-Long Beach-Anaheim, CA",6,California,37,Los Angeles,34.01029,-118.0685
06/09/2023,AQS,1,13.1,ppb,12,Pico Rivera #2,24,100,42602,Nitrogen dioxide (NO2),99,31080,"Los Angeles-Long Beach-Anaheim, CA",6,California,37,Los Angeles,34.01029,-118.0685
06/10/2023,AQS,1,14.9,ppb,13,Pico Rivera #2,24,100,42602,Nitrogen dioxide (NO2),99,31080,"Los Angeles-Long Beach-Anaheim, CA",6,California,37,Los Angeles,34.01029,-118.0685
06/11/2023,AQS,1,8.4,ppb,8,Pico Rivera #2,24,100,42602,Nitrogen dioxide (NO2),99,31080,"Los Angeles-Long Beach-Anaheim, CA",6,California,37,Los Angeles,34.01029,-118.0685
06/12/2023,AQS,1,13.1,ppb,12,Pico Rivera #2,24,100,42602,Nitrogen dioxide (NO2),99,31080,"Los Angeles-Long Beach-Anaheim, CA",6,California,37,Los Angeles,34.01029,-118.0685
06/13/2023,AQS,1,13.9,ppb,12,Pico Rivera #2,24,100,42602,Nitrogen dioxide (NO2),99,31080,"Los Angeles-Long Beach-Anaheim, CA",6,California,37,Los Angeles,34.01029,-118.0685
06/14/2023,AQS,1,22.3,ppb,21,Pico Rivera #2,24,100,42602,Nitrogen dioxide (NO2),99,31080,"Los Angeles-Long Beach-Anaheim, CA",6,California,37,Los Angeles,34.01029,-118.0685
06/15/2023,AQS,1,16.2,ppb,15,Pico Rivera #2,24,100,42602,Nitrogen dioxide (NO2),99,31080,"Los Angeles-Long Beach-Anaheim, CA",6,California,37,Los Angeles,34.01029,-118.0685
06/16/2023,AQS,1,17,ppb,16,Pico Rivera #2,24,100,42602,Nitrogen dioxide (NO2),99,31080,"Los Angeles-Long Beach-Anaheim, CA",6,California,37,Los Angeles,34.01029,-118.0685
06/17/2023,AQS,1,13.7,ppb,12,Pico Rivera #2,24,100,42602,Nitrogen dioxide (NO2),99,31080,"Los Angeles-Long Beach-Anaheim, CA",6,California,37,Los Angeles,34.01029,-118.0685
06/18/2023,AQS,1,6.7,ppb,6,Pico Rivera #2,24,100,42602,Nitrogen dioxide (NO2),99,31080,"Los Angeles-Long Beach-Anaheim, CA",6,California,37,Los Angeles,34.01029,-118.0685
06/19/2023,AQS,1,12.9,ppb,11,Pico Rivera #2,24,100,42602,Nitrogen dioxide (NO2),99,31080,"Los Angeles-Long Beach-Anaheim, CA",6,California,37,Los Angeles,34.01029,-118.0685
06/20/2023,AQS,1,22,ppb,21,Pico Rivera #2,24,100,42602,Nitrogen dioxide (NO2),99,31080,"Los Angeles-Long Beach-Anaheim, CA",6,California,37,Los Angeles,34.01029,-118.0685
06/21/2023,AQS,1,26.3,ppb,25,Pico Rivera #2,24,100,42602,Nitrogen dioxide (NO2),99,31080,"Los Angeles-Long Beach-Anaheim, CA",6,California,37,Los Angeles,34.01029,-118.0685
06/22/2023,AQS,1,18.3,ppb,17,Pico Rivera #2,24,100,42602,Nitrogen dioxide (NO2),99,31080,"Los Angeles-Long Beach-Anaheim, CA",6,California,37,Los Angeles,34.01029,-118.0685
06/23/2023,AQS,1,21.4,ppb,20,Pico Rivera #2,24,100,42602,Nitrogen dioxide (NO2),99,31080,"Los Angeles-Long Beach-Anaheim, CA",6,California,37,Los Angeles,34.01029,-118.0685
06/24/2023,AQS,1,18.7,ppb,17,Pico Rivera #2,24,100,42602,Nitrogen dioxide (NO2),99,31080,"Los Angeles-Long Beach-Anaheim, CA",6,California,37,Los Angeles,34.01029,-118.0685
06/25/2023,AQS,1,15.3,ppb,14,Pico Rivera #2,24,100,42602,Nitrogen dioxide (NO2),99,31080,"Los Angeles-Long Beach-Anaheim, CA",6,California,37,Los Angeles,34.01029,-118.0685
06/26/2023,AQS,1,28.5,ppb,26,Pico Rivera #2,24,100,42602,Nitrogen dioxide (NO2),99,31080,"Los Angeles-Long Beach-Anaheim, CA",6,California,37,Los Angeles,34.01029,-118.0685
06/27/2023,AQS,1,16.5,ppb,15,Pico Rivera #2,24,100,42602,Nitrogen dioxide (NO2),99,31080,"Los Angeles-Long Beach-Anaheim, CA",6,California,37,Los Angeles,34.01029,-118.0685
06/28/2023,AQS,1,20.9,ppb,19,Pico Rivera #2,24,100,42602,Nitrogen dioxide (NO2),99,31080,"Los Angeles-Long Beach-Anaheim, CA",6,California,37,Los Angeles,34.01029,-118.0685
06/29/2023,AQS,1,17.9,ppb,16,Pico Rivera #2,22,92,42602,Nitrogen dioxide (NO2),99,31080,"Los Angeles-Long Beach-Anaheim, CA",6,California,37,Los Angeles,34.01029,-118.0685
06/30/2023,AQS,1,24.3,ppb,23,Pico Rivera #2,21,88,42602,Nitrogen dioxide (NO2),99,31080,"Los Angeles-Long Beach-Anaheim, CA",6,California,37,Los Angeles,34.01029,-118.0685
07/01/2023,AQS,1,11.5,ppb,10,Pico Rivera #2,24,100,42602,Nitrogen dioxide (NO2),99,31080,"Los Angeles-Long Beach-Anaheim, CA",6,California,37,Los Angeles,34.01029,-118.0685
07/02/2023,AQS,1,21.7,ppb,20,Pico Rivera #2,24,100,42602,Nitrogen dioxide (NO2),99,31080,"Los Angeles-Long Beach-Anaheim, CA",6,California,37,Los Angeles,34.01029,-118.0685
07/03/2023,AQS,1,19.9,ppb,18,Pico Rivera #2,24,100,42602,Nitrogen dioxide (NO2),99,31080,"Los Angeles-Long Beach-Anaheim, CA",6,California,37,Los Angeles,34.01029,-118.0685
07/04/2023,AQS,1,21,ppb,20,Pico Rivera #2,24,100,42602,Nitrogen dioxide (NO2),99,31080,"Los Angeles-Long Beach-Anaheim, CA",6,California,37,Los Angeles,34.01029,-118.0685
07/05/2023,AQS,1,19.5,ppb,18,Pico Rivera #2,24,100,42602,Nitrogen dioxide (NO2),99,31080,"Los Angeles-Long Beach-Anaheim, CA",6,California,37,Los Angeles,34.01029,-118.0685
07/06/2023,AQS,1,20.8,ppb,19,Pico Rivera #2,21,88,42602,Nitrogen dioxide (NO2),99,31080,"Los Angeles-Long Beach-Anaheim, CA",6,California,37,Los Angeles,34.01029,-118.0685
07/07/2023,AQS,1,21.1,ppb,20,Pico Rivera #2,21,88,42602,Nitrogen dioxide (NO2),99,31080,"Los Angeles-Long Beach-Anaheim, CA",6,California,37,Los Angeles,34.01029,-118.0685
07/08/2023,AQS,1,15,ppb,14,Pico Rivera #2,24,100,42602,Nitrogen dioxide (NO2),99,31080,"Los Angeles-Long Beach-Anaheim, CA",6,California,37,Los Angeles,34.01029,-118.0685
07/09/2023,AQS,1,11.3,ppb,10,Pico Rivera #2,24,100,42602,Nitrogen dioxide (NO2),99,31080,"Los Angeles-Long Beach-Anaheim, CA",6,California,37,Los Angeles,34.01029,-118.0685
07/10/2023,AQS,1,22.4,ppb,21,Pico Rivera #2,24,100,42602,Nitrogen dioxide (NO2),99,31080,"Los Angeles-Long Beach-Anaheim, CA",6,California,37,Los Angeles,34.01029,-118.0685
07/11/2023,AQS,1,23.3,ppb,22,Pico Rivera #2,24,100,42602,Nitrogen dioxide (NO2),99,31080,"Los Angeles-Long Beach-Anaheim, CA",6,California,37,Los Angeles,34.01029,-118.0685
07/12/2023,AQS,1,39.3,ppb,37,Pico Rivera #2,24,100,42602,Nitrogen dioxide (NO2),99,31080,"Los Angeles-Long Beach-Anaheim, CA",6,California,37,Los Angeles,34.01029,-118.0685
07/13/2023,AQS,1,31.2,ppb,29,Pico Rivera #2,20,83,42602,Nitrogen dioxide (NO2),99,31080,"Los Angeles-Long Beach-Anaheim, CA",6,California,37,Los Angeles,34.01029,-118.0685
07/14/2023,AQS,1,32.3,ppb,30,Pico Rivera #2,24,100,42602,Nitrogen dioxide (NO2),99,31080,"Los Angeles-Long Beach-Anaheim, CA",6,California,37,Los Angeles,34.01029,-118.0685
07/15/2023,AQS,1,35.2,ppb,33,Pico Rivera #2,24,100,42602,Nitrogen dioxide (NO2),99,31080,"Los Angeles-Long Beach-Anaheim, CA",6,California,37,Los Angeles,34.01029,-118.0685
07/16/2023,AQS,1,18.8,ppb,17,Pico Rivera #2,24,100,42602,Nitrogen dioxide (NO2),99,31080,"Los Angeles-Long Beach-Anaheim, CA",6,California,37,Los Angeles,34.01029,-118.0685
07/17/2023,AQS,1,22.3,ppb,21,Pico Rivera #2,24,100,42602,Nitrogen dioxide (NO2),99,31080,"Los Angeles-Long Beach-Anaheim, CA",6,California,37,Los Angeles,34.01029,-118.0685
07/18/2023,AQS,1,28,ppb,26,Pico Rivera #2,24,100,42602,Nitrogen dioxide (NO2),99,31080,"Los Angeles-Long Beach-Anaheim, CA",6,California,37,Los Angeles,34.01029,-118.0685
07/19/2023,AQS,1,25,ppb,24,Pico Rivera #2,24,100,42602,Nitrogen dioxide (NO2),99,31080,"Los Angeles-Long Beach-Anaheim, CA",6,California,37,Los Angeles,34.01029,-118.0685
07/20/2023,AQS,1,27.7,ppb,25,Pico Rivera #2,24,100,42602,Nitrogen dioxide (NO2),99,31080,"Los Angeles-Long Beach-Anaheim, CA",6,California,37,Los Angeles,34.01029,-118.0685
07/21/2023,AQS,1,27.6,ppb,25,Pico Rivera #2,24,100,42602,Nitrogen dioxide (NO2),99,31080,"Los Angeles-Long Beach-Anaheim, CA",6,California,37,Los Angeles,34.01029,-118.0685
07/22/2023,AQS,1,24,ppb,23,Pico Rivera #2,24,100,42602,Nitrogen dioxide (NO2),99,31080,"Los Angeles-Long Beach-Anaheim, CA",6,California,37,Los Angeles,34.01029,-118.0685
07/23/2023,AQS,1,21.8,ppb,20,Pico Rivera #2,24,100,42602,Nitrogen dioxide (NO2),99,31080,"Los Angeles-Long Beach-Anaheim, CA",6,California,37,Los Angeles,34.01029,-118.0685
07/24/2023,AQS,1,26,ppb,25,Pico Rivera #2,24,100,42602,Nitrogen dioxide (NO2),99,31080,"Los Angeles-Long Beach-Anaheim, CA",6,California,37,Los Angeles,34.01029,-118.0685
07/25/2023,AQS,1,27.7,ppb,25,Pico Rivera #2,24,100,42602,Nitrogen dioxide (NO2),99,31080,"Los Angeles-Long Beach-Anaheim, CA",6,California,37,Los Angeles,34.01029,-118.0685
07/26/2023,AQS,1,23.4,ppb,22,Pico Rivera #2,24,100,42602,Nitrogen dioxide (NO2),99,31080,"Los Angeles-Long Beach-Anaheim, CA",6,California,37,Los Angeles,34.01029,-118.0685
07/27/2023,AQS,1,20.2,ppb,19,Pico Rivera #2,24,100,42602,Nitrogen dioxide (NO2),99,31080,"Los Angeles-Long Beach-Anaheim, CA",6,California,37,Los Angeles,34.01029,-118.0685
07/28/2023,AQS,1,16.2,ppb,15,Pico Rivera #2,24,100,42602,Nitrogen dioxide (NO2),99,31080,"Los Angeles-Long Beach-Anaheim, CA",6,California,37,Los Angeles,34.01029,-118.0685
07/29/2023,AQS,1,19.1,ppb,18,Pico Rivera #2,24,100,42602,Nitrogen dioxide (NO2),99,31080,"Los Angeles-Long Beach-Anaheim, CA",6,California,37,Los Angeles,34.01029,-118.0685
07/30/2023,AQS,1,16.2,ppb,15,Pico Rivera #2,24,100,42602,Nitrogen dioxide (NO2),99,31080,"Los Angeles-Long Beach-Anaheim, CA",6,California,37,Los Angeles,34.01029,-118.0685
07/31/2023,AQS,1,18.9,ppb,17,Pico Rivera #2,24,100,42602,Nitrogen dioxide (NO2),99,31080,"Los Angeles-Long Beach-Anaheim, CA",6,California,37,Los Angeles,34.01029,-118.0685
08/01/2023,AQS,1,25.3,ppb,24,Pico Rivera #2,24,100,42602,Nitrogen dioxide (NO2),99,31080,"Los Angeles-Long Beach-Anaheim, CA",6,California,37,Los Angeles,34.01029,-118.0685
08/02/2023,AQS,1,20,ppb,19,Pico Rivera #2,24,100,42602,Nitrogen dioxide (NO2),99,31080,"Los Angeles-Long Beach-Anaheim, CA",6,California,37,Los Angeles,34.01029,-118.0685
08/03/2023,AQS,1,23.5,ppb,22,Pico Rivera #2,24,100,42602,Nitrogen dioxide (NO2),99,31080,"Los Angeles-Long Beach-Anaheim, CA",6,California,37,Los Angeles,34.01029,-118.0685
08/04/2023,AQS,1,21.7,ppb,20,Pico Rivera #2,24,100,42602,Nitrogen dioxide (NO2),99,31080,"Los Angeles-Long Beach-Anaheim, CA",6,California,37,Los Angeles,34.01029,-118.0685
08/05/2023,AQS,1,20.8,ppb,19,Pico Rivera #2,24,100,42602,Nitrogen dioxide (NO2),99,31080,"Los Angeles-Long Beach-Anaheim, CA",6,California,37,Los Angeles,34.01029,-118.0685
08/06/2023,AQS,1,11.8,ppb,10,Pico Rivera #2,24,100,42602,Nitrogen dioxide (NO2),99,31080,"Los Angeles-Long Beach-Anaheim, CA",6,California,37,Los Angeles,34.01029,-118.0685
08/07/2023,AQS,1,18.8,ppb,17,Pico Rivera #2,24,100,42602,Nitrogen dioxide (NO2),99,31080,"Los Angeles-Long Beach-Anaheim, CA",6,California,37,Los Angeles,34.01029,-118.0685
08/08/2023,AQS,1,26.2,ppb,25,Pico Rivera #2,19,79,42602,Nitrogen dioxide (NO2),99,31080,"Los Angeles-Long Beach-Anaheim, CA",6,California,37,Los Angeles,34.01029,-118.0685
08/09/2023,AQS,1,20,ppb,19,Pico Rivera #2,18,75,42602,Nitrogen dioxide (NO2),99,31080,"Los Angeles-Long Beach-Anaheim, CA",6,California,37,Los Angeles,34.01029,-118.0685
08/10/2023,AQS,1,17.9,ppb,16,Pico Rivera #2,24,100,42602,Nitrogen dioxide (NO2),99,31080,"Los Angeles-Long Beach-Anaheim, CA",6,California,37,Los Angeles,34.01029,-118.0685
08/11/2023,AQS,1,19.9,ppb,18,Pico Rivera #2,21,88,42602,Nitrogen dioxide (NO2),99,31080,"Los Angeles-Long Beach-Anaheim, CA",6,California,37,Los Angeles,34.01029,-118.0685
08/12/2023,AQS,1,20.9,ppb,19,Pico Rivera #2,24,100,42602,Nitrogen dioxide (NO2),99,31080,"Los Angeles-Long Beach-Anaheim, CA",6,California,37,Los Angeles,34.01029,-118.0685
08/13/2023,AQS,1,16.6,ppb,15,Pico Rivera #2,24,100,42602,Nitrogen dioxide (NO2),99,31080,"Los Angeles-Long Beach-Anaheim, CA",6,California,37,Los Angeles,34.01029,-118.0685
08/14/2023,AQS,1,15.6,ppb,14,Pico Rivera #2,24,100,42602,Nitrogen dioxide (NO2),99,31080,"Los Angeles-Long Beach-Anaheim, CA",6,California,37,Los Angeles,34.01029,-118.0685
08/15/2023,AQS,1,23.4,ppb,22,Pico Rivera #2,24,100,42602,Nitrogen dioxide (NO2),99,31080,"Los Angeles-Long Beach-Anaheim, CA",6,California,37,Los Angeles,34.01029,-118.0685
08/16/2023,AQS,1,29.1,ppb,27,Pico Rivera #2,24,100,42602,Nitrogen dioxide (NO2),99,31080,"Los Angeles-Long Beach-Anaheim, CA",6,California,37,Los Angeles,34.01029,-118.0685
08/17/2023,AQS,1,26.7,ppb,25,Pico Rivera #2,24,100,42602,Nitrogen dioxide (NO2),99,31080,"Los Angeles-Long Beach-Anaheim, CA",6,California,37,Los Angeles,34.01029,-118.0685
08/18/2023,AQS,1,25,ppb,24,Pico Rivera #2,24,100,42602,Nitrogen dioxide (NO2),99,31080,"Los Angeles-Long Beach-Anaheim, CA",6,California,37,Los Angeles,34.01029,-118.0685
08/19/2023,AQS,1,23.2,ppb,22,Pico Rivera #2,24,100,42602,Nitrogen dioxide (NO2),99,31080,"Los Angeles-Long Beach-Anaheim, CA",6,California,37,Los Angeles,34.01029,-118.0685
08/20/2023,AQS,1,26.8,ppb,25,Pico Rivera #2,24,100,42602,Nitrogen dioxide (NO2),99,31080,"Los Angeles-Long Beach-Anaheim, CA",6,California,37,Los Angeles,34.01029,-118.0685
08/21/2023,AQS,1,15,ppb,14,Pico Rivera #2,24,100,42602,Nitrogen dioxide (NO2),99,31080,"Los Angeles-Long Beach-Anaheim, CA",6,California,37,Los Angeles,34.01029,-118.0685
08/22/2023,AQS,1,19.7,ppb,18,Pico Rivera #2,24,100,42602,Nitrogen dioxide (NO2),99,31080,"Los Angeles-Long Beach-Anaheim, CA",6,California,37,Los Angeles,34.01029,-118.0685
08/23/2023,AQS,1,29.1,ppb,27,Pico Rivera #2,24,100,42602,Nitrogen dioxide (NO2),99,31080,"Los Angeles-Long Beach-Anaheim, CA",6,California,37,Los Angeles,34.01029,-118.0685
08/24/2023,AQS,1,17.1,ppb,16,Pico Rivera #2,24,100,42602,Nitrogen dioxide (NO2),99,31080,"Los Angeles-Long Beach-Anaheim, CA",6,California,37,Los Angeles,34.01029,-118.0685
08/25/2023,AQS,1,23.8,ppb,22,Pico Rivera #2,24,100,42602,Nitrogen dioxide (NO2),99,31080,"Los Angeles-Long Beach-Anaheim, CA",6,California,37,Los Angeles,34.01029,-118.0685
08/26/2023,AQS,1,27.1,ppb,25,Pico Rivera #2,24,100,42602,Nitrogen dioxide (NO2),99,31080,"Los Angeles-Long Beach-Anaheim, CA",6,California,37,Los Angeles,34.01029,-118.0685
08/27/2023,AQS,1,29,ppb,27,Pico Rivera #2,24,100,42602,Nitrogen dioxide (NO2),99,31080,"Los Angeles-Long Beach-Anaheim, CA",6,California,37,Los Angeles,34.01029,-118.0685
08/28/2023,AQS,1,38.2,ppb,36,Pico Rivera #2,24,100,42602,Nitrogen dioxide (NO2),99,31080,"Los Angeles-Long Beach-Anaheim, CA",6,California,37,Los Angeles,34.01029,-118.0685
08/29/2023,AQS,1,41.1,ppb,39,Pico Rivera #2,24,100,42602,Nitrogen dioxide (NO2),99,31080,"Los Angeles-Long Beach-Anaheim, CA",6,California,37,Los Angeles,34.01029,-118.0685
08/30/2023,AQS,1,43.4,ppb,41,Pico Rivera #2,24,100,42602,Nitrogen dioxide (NO2),99,31080,"Los Angeles-Long Beach-Anaheim, CA",6,California,37,Los Angeles,34.01029,-118.0685
08/31/2023,AQS,1,17.6,ppb,16,Pico Rivera #2,24,100,42602,Nitrogen dioxide (NO2),99,31080,"Los Angeles-Long Beach-Anaheim, CA",6,California,37,Los Angeles,34.01029,-118.0685
09/01/2023,AQS,1,21.3,ppb,20,Pico Rivera #2,24,100,42602,Nitrogen dioxide (NO2),99,31080,"Los Angeles-Long Beach-Anaheim, CA",6,California,37,Los Angeles,34.01029,-118.0685
09/02/2023,AQS,1,11.7,ppb,10,Pico Rivera #2,24,100,42602,Nitrogen dioxide (NO2),99,31080,"Los Angeles-Long Beach-Anaheim, CA",6,California,37,Los Angeles,34.01029,-118.0685
09/03/2023,AQS,1,10.4,ppb,9,Pico Rivera #2,24,100,42602,Nitrogen dioxide (NO2),99,31080,"Los Angeles-Long Beach-Anaheim, CA",6,California,37,Los Angeles,34.01029,-118.0685
09/04/2023,AQS,1,19.6,ppb,18,Pico Rivera #2,24,100,42602,Nitrogen dioxide (NO2),99,31080,"Los Angeles-Long Beach-Anaheim, CA",6,California,37,Los Angeles,34.01029,-118.0685
09/05/2023,AQS,1,17,ppb,16,Pico Rivera #2,24,100,42602,Nitrogen dioxide (NO2),99,31080,"Los Angeles-Long Beach-Anaheim, CA",6,California,37,Los Angeles,34.01029,-118.0685
09/06/2023,AQS,1,17.8,ppb,16,Pico Rivera #2,24,100,42602,Nitrogen dioxide (NO2),99,31080,"Los Angeles-Long Beach-Anaheim, CA",6,California,37,Los Angeles,34.01029,-118.0685
09/07/2023,AQS,1,26.8,ppb,25,Pico Rivera #2,24,100,42602,Nitrogen dioxide (NO2),99,31080,"Los Angeles-Long Beach-Anaheim, CA",6,California,37,Los Angeles,34.01029,-118.0685
09/08/2023,AQS,1,34.6,ppb,32,Pico Rivera #2,24,100,42602,Nitrogen dioxide (NO2),99,31080,"Los Angeles-Long Beach-Anaheim, CA",6,California,37,Los Angeles,34.01029,-118.0685
09/09/2023,AQS,1,36.6,ppb,34,Pico Rivera #2,24,100,42602,Nitrogen dioxide (NO2),99,31080,"Los Angeles-Long Beach-Anaheim, CA",6,California,37,Los Angeles,34.01029,-118.0685
09/10/2023,AQS,1,14.5,ppb,13,Pico Rivera #2,24,100,42602,Nitrogen dioxide (NO2),99,31080,"Los Angeles-Long Beach-Anaheim, CA",6,California,37,Los Angeles,34.01029,-118.0685
09/11/2023,AQS,1,30.6,ppb,28,Pico Rivera #2,24,100,42602,Nitrogen dioxide (NO2),99,31080,"Los Angeles-Long Beach-Anaheim, CA",6,California,37,Los Angeles,34.01029,-118.0685
09/12/2023,AQS,1,27.5,ppb,25,Pico Rivera #2,24,100,42602,Nitrogen dioxide (NO2),99,31080,"Los Angeles-Long Beach-Anaheim, CA",6,California,37,Los Angeles,34.01029,-118.0685
09/13/2023,AQS,1,15.5,ppb,14,Pico Rivera #2,24,100,42602,Nitrogen dioxide (NO2),99,31080,"Los Angeles-Long Beach-Anaheim, CA",6,California,37,Los Angeles,34.01029,-118.0685
09/14/2023,AQS,1,15.5,ppb,14,Pico Rivera #2,24,100,42602,Nitrogen dioxide (NO2),99,31080,"Los Angeles-Long Beach-Anaheim, CA",6,California,37,Los Angeles,34.01029,-118.0685
09/15/2023,AQS,1,14.1,ppb,13,Pico Rivera #2,24,100,42602,Nitrogen dioxide (NO2),99,31080,"Los Angeles-Long Beach-Anaheim, CA",6,California,37,Los Angeles,34.01029,-118.0685
09/16/2023,AQS,1,12.3,ppb,11,Pico Rivera #2,24,100,42602,Nitrogen dioxide (NO2),99,31080,"Los Angeles-Long Beach-Anaheim, CA",6,California,37,Los Angeles,34.01029,-118.0685
09/17/2023,AQS,1,14.2,ppb,13,Pico Rivera #2,24,100,42602,Nitrogen dioxide (NO2),99,31080,"Los Angeles-Long Beach-Anaheim, CA",6,California,37,Los Angeles,34.01029,-118.0685
09/18/2023,AQS,1,19.8,ppb,18,Pico Rivera #2,24,100,42602,Nitrogen dioxide (NO2),99,31080,"Los Angeles-Long Beach-Anaheim, CA",6,California,37,Los Angeles,34.01029,-118.0685
09/19/2023,AQS,1,21.1,ppb,20,Pico Rivera #2,24,100,42602,Nitrogen dioxide (NO2),99,31080,"Los Angeles-Long Beach-Anaheim, CA",6,California,37,Los Angeles,34.01029,-118.0685
09/20/2023,AQS,1,12,ppb,11,Pico Rivera #2,24,100,42602,Nitrogen dioxide (NO2),99,31080,"Los Angeles-Long Beach-Anaheim, CA",6,California,37,Los Angeles,34.01029,-118.0685
09/21/2023,AQS,1,25.4,ppb,24,Pico Rivera #2,24,100,42602,Nitrogen dioxide (NO2),99,31080,"Los Angeles-Long Beach-Anaheim, CA",6,California,37,Los Angeles,34.01029,-118.0685
09/22/2023,AQS,1,26.1,ppb,25,Pico Rivera #2,24,100,42602,Nitrogen dioxide (NO2),99,31080,"Los Angeles-Long Beach-Anaheim, CA",6,California,37,Los Angeles,34.01029,-118.0685
09/23/2023,AQS,1,21.8,ppb,20,Pico Rivera #2,24,100,42602,Nitrogen dioxide (NO2),99,31080,"Los Angeles-Long Beach-Anaheim, CA",6,California,37,Los Angeles,34.01029,-118.0685
09/24/2023,AQS,1,17.9,ppb,16,Pico Rivera #2,24,100,42602,Nitrogen dioxide (NO2),99,31080,"Los Angeles-Long Beach-Anaheim, CA",6,California,37,Los Angeles,34.01029,-118.0685
09/25/2023,AQS,1,26.1,ppb,25,Pico Rivera #2,24,100,42602,Nitrogen dioxide (NO2),99,31080,"Los Angeles-Long Beach-Anaheim, CA",6,California,37,Los Angeles,34.01029,-118.0685
09/26/2023,AQS,1,32,ppb,30,Pico Rivera #2,24,100,42602,Nitrogen dioxide (NO2),99,31080,"Los Angeles-Long Beach-Anaheim, CA",6,California,37,Los Angeles,34.01029,-118.0685
09/27/2023,AQS,1,25.2,ppb,24,Pico Rivera #2,24,100,42602,Nitrogen dioxide (NO2),99,31080,"Los Angeles-Long Beach-Anaheim, CA",6,California,37,Los Angeles,34.01029,-118.0685
09/28/2023,AQS,1,14.7,ppb,13,Pico Rivera #2,24,100,42602,Nitrogen dioxide (NO2),99,31080,"Los Angeles-Long Beach-Anaheim, CA",6,California,37,Los Angeles,34.01029,-118.0685
09/29/2023,AQS,1,10.9,ppb,9,Pico Rivera #2,20,83,42602,Nitrogen dioxide (NO2),99,31080,"Los Angeles-Long Beach-Anaheim, CA",6,California,37,Los Angeles,34.01029,-118.0685
09/30/2023,AQS,1,18.7,ppb,17,Pico Rivera #2,24,100,42602,Nitrogen dioxide (NO2),99,31080,"Los Angeles-Long Beach-Anaheim, CA",6,California,37,Los Angeles,34.01029,-118.0685
10/01/2023,AQS,1,19.1,ppb,18,Pico Rivera #2,24,100,42602,Nitrogen dioxide (NO2),99,31080,"Los Angeles-Long Beach-Anaheim, CA",6,California,37,Los Angeles,34.01029,-118.0685
10/02/2023,AQS,1,22.8,ppb,21,Pico Rivera #2,24,100,42602,Nitrogen dioxide (NO2),99,31080,"Los Angeles-Long Beach-Anaheim, CA",6,California,37,Los Angeles,34.01029,-118.0685
10/04/2023,AQS,1,35.2,ppb,33,Pico Rivera #2,18,75,42602,Nitrogen dioxide (NO2),99,31080,"Los Angeles-Long Beach-Anaheim, CA",6,California,37,Los Angeles,34.01029,-118.0685
10/05/2023,AQS,1,36.3,ppb,34,Pico Rivera #2,24,100,42602,Nitrogen dioxide (NO2),99,31080,"Los Angeles-Long Beach-Anaheim, CA",6,California,37,Los Angeles,34.01029,-118.0685
10/06/2023,AQS,1,52,ppb,49,Pico Rivera #2,24,100,42602,Nitrogen dioxide (NO2),99,31080,"Los Angeles-Long Beach-Anaheim, CA",6,California,37,Los Angeles,34.01029,-118.0685
10/07/2023,AQS,1,38.5,ppb,36,Pico Rivera #2,24,100,42602,Nitrogen dioxide (NO2),99,31080,"Los Angeles-Long Beach-Anaheim, CA",6,California,37,Los Angeles,34.01029,-118.0685
10/08/2023,AQS,1,26.9,ppb,25,Pico Rivera #2,24,100,42602,Nitrogen dioxide (NO2),99,31080,"Los Angeles-Long Beach-Anaheim, CA",6,California,37,Los Angeles,34.01029,-118.0685
10/09/2023,AQS,1,30.4,ppb,28,Pico Rivera #2,24,100,42602,Nitrogen dioxide (NO2),99,31080,"Los Angeles-Long Beach-Anaheim, CA",6,California,37,Los Angeles,34.01029,-118.0685
10/10/2023,AQS,1,24.9,ppb,23,Pico Rivera #2,23,96,42602,Nitrogen dioxide (NO2),99,31080,"Los Angeles-Long Beach-Anaheim, CA",6,California,37,Los Angeles,34.01029,-118.0685
10/11/2023,AQS,1,26.4,ppb,25,Pico Rivera #2,24,100,42602,Nitrogen dioxide (NO2),99,31080,"Los Angeles-Long Beach-Anaheim, CA",6,California,37,Los Angeles,34.01029,-118.0685
10/12/2023,AQS,1,24.2,ppb,23,Pico Rivera #2,24,100,42602,Nitrogen dioxide (NO2),99,31080,"Los Angeles-Long Beach-Anaheim, CA",6,California,37,Los Angeles,34.01029,-118.0685
10/13/2023,AQS,1,25.9,ppb,24,Pico Rivera #2,24,100,42602,Nitrogen dioxide (NO2),99,31080,"Los Angeles-Long Beach-Anaheim, CA",6,California,37,Los Angeles,34.01029,-118.0685
10/14/2023,AQS,1,30.2,ppb,28,Pico Rivera #2,24,100,42602,Nitrogen dioxide (NO2),99,31080,"Los Angeles-Long Beach-Anaheim, CA",6,California,37,Los Angeles,34.01029,-118.0685
10/15/2023,AQS,1,32.6,ppb,30,Pico Rivera #2,24,100,42602,Nitrogen dioxide (NO2),99,31080,"Los Angeles-Long Beach-Anaheim, CA",6,California,37,Los Angeles,34.01029,-118.0685
10/16/2023,AQS,1,39.2,ppb,37,Pico Rivera #2,24,100,42602,Nitrogen dioxide (NO2),99,31080,"Los Angeles-Long Beach-Anaheim, CA",6,California,37,Los Angeles,34.01029,-118.0685
10/17/2023,AQS,1,27.6,ppb,25,Pico Rivera #2,24,100,42602,Nitrogen dioxide (NO2),99,31080,"Los Angeles-Long Beach-Anaheim, CA",6,California,37,Los Angeles,34.01029,-118.0685
10/19/2023,AQS,1,40.1,ppb,38,Pico Rivera #2,22,92,42602,Nitrogen dioxide (NO2),99,31080,"Los Angeles-Long Beach-Anaheim, CA",6,California,37,Los Angeles,34.01029,-118.0685
10/20/2023,AQS,1,55.4,ppb,52,Pico Rivera #2,24,100,42602,Nitrogen dioxide (NO2),99,31080,"Los Angeles-Long Beach-Anaheim, CA",6,California,37,Los Angeles,34.01029,-118.0685
10/21/2023,AQS,1,36,ppb,34,Pico Rivera #2,24,100,42602,Nitrogen dioxide (NO2),99,31080,"Los Angeles-Long Beach-Anaheim, CA",6,California,37,Los Angeles,34.01029,-118.0685
10/22/2023,AQS,1,20.4,ppb,19,Pico Rivera #2,24,100,42602,Nitrogen dioxide (NO2),99,31080,"Los Angeles-Long Beach-Anaheim, CA",6,California,37,Los Angeles,34.01029,-118.0685
10/23/2023,AQS,1,25.3,ppb,24,Pico Rivera #2,24,100,42602,Nitrogen dioxide (NO2),99,31080,"Los Angeles-Long Beach-Anaheim, CA",6,California,37,Los Angeles,34.01029,-118.0685
10/24/2023,AQS,1,24.8,ppb,23,Pico Rivera #2,24,100,42602,Nitrogen dioxide (NO2),99,31080,"Los Angeles-Long Beach-Anaheim, CA",6,California,37,Los Angeles,34.01029,-118.0685
10/25/2023,AQS,1,13.9,ppb,12,Pico Rivera #2,22,92,42602,Nitrogen dioxide (NO2),99,31080,"Los Angeles-Long Beach-Anaheim, CA",6,California,37,Los Angeles,34.01029,-118.0685
10/26/2023,AQS,1,35.9,ppb,33,Pico Rivera #2,24,100,42602,Nitrogen dioxide (NO2),99,31080,"Los Angeles-Long Beach-Anaheim, CA",6,California,37,Los Angeles,34.01029,-118.0685
10/27/2023,AQS,1,30.4,ppb,28,Pico Rivera #2,24,100,42602,Nitrogen dioxide (NO2),99,31080,"Los Angeles-Long Beach-Anaheim, CA",6,California,37,Los Angeles,34.01029,-118.0685
10/28/2023,AQS,1,28.9,ppb,26,Pico Rivera #2,24,100,42602,Nitrogen dioxide (NO2),99,31080,"Los Angeles-Long Beach-Anaheim, CA",6,California,37,Los Angeles,34.01029,-118.0685
10/29/2023,AQS,1,34.1,ppb,32,Pico Rivera #2,24,100,42602,Nitrogen dioxide (NO2),99,31080,"Los Angeles-Long Beach-Anaheim, CA",6,California,37,Los Angeles,34.01029,-118.0685
10/30/2023,AQS,1,46.3,ppb,43,Pico Rivera #2,24,100,42602,Nitrogen dioxide (NO2),99,31080,"Los Angeles-Long Beach-Anaheim, CA",6,California,37,Los Angeles,34.01029,-118.0685
10/31/2023,AQS,1,48.9,ppb,45,Pico Rivera #2,24,100,42602,Nitrogen dioxide (NO2),99,31080,"Los Angeles-Long Beach-Anaheim, CA",6,California,37,Los Angeles,34.01029,-118.0685
11/01/2023,AQS,1,48.2,ppb,45,Pico Rivera #2,24,100,42602,Nitrogen dioxide (NO2),99,31080,"Los Angeles-Long Beach-Anaheim, CA",6,California,37,Los Angeles,34.01029,-118.0685
11/02/2023,AQS,1,58.1,ppb,55,Pico Rivera #2,24,100,42602,Nitrogen dioxide (NO2),99,31080,"Los Angeles-Long Beach-Anaheim, CA",6,California,37,Los Angeles,34.01029,-118.0685
11/03/2023,AQS,1,50.4,ppb,47,Pico Rivera #2,21,88,42602,Nitrogen dioxide (NO2),99,31080,"Los Angeles-Long Beach-Anaheim, CA",6,California,37,Los Angeles,34.01029,-118.0685
11/04/2023,AQS,1,50.9,ppb,47,Pico Rivera #2,24,100,42602,Nitrogen dioxide (NO2),99,31080,"Los Angeles-Long Beach-Anaheim, CA",6,California,37,Los Angeles,34.01029,-118.0685
11/05/2023,AQS,1,36,ppb,34,Pico Rivera #2,24,100,42602,Nitrogen dioxide (NO2),99,31080,"Los Angeles-Long Beach-Anaheim, CA",6,California,37,Los Angeles,34.01029,-118.0685
11/06/2023,AQS,1,41.1,ppb,39,Pico Rivera #2,24,100,42602,Nitrogen dioxide (NO2),99,31080,"Los Angeles-Long Beach-Anaheim, CA",6,California,37,Los Angeles,34.01029,-118.0685
11/07/2023,AQS,1,27.1,ppb,25,Pico Rivera #2,24,100,42602,Nitrogen dioxide (NO2),99,31080,"Los Angeles-Long Beach-Anaheim, CA",6,California,37,Los Angeles,34.01029,-118.0685
11/08/2023,AQS,1,35.8,ppb,33,Pico Rivera #2,24,100,42602,Nitrogen dioxide (NO2),99,31080,"Los Angeles-Long Beach-Anaheim, CA",6,California,37,Los Angeles,34.01029,-118.0685
11/09/2023,AQS,1,42.5,ppb,40,Pico Rivera #2,24,100,42602,Nitrogen dioxide (NO2),99,31080,"Los Angeles-Long Beach-Anaheim, CA",6,California,37,Los Angeles,34.01029,-118.0685
11/10/2023,AQS,1,45.6,ppb,42,Pico Rivera #2,24,100,42602,Nitrogen dioxide (NO2),99,31080,"Los Angeles-Long Beach-Anaheim, CA",6,California,37,Los Angeles,34.01029,-118.0685
11/11/2023,AQS,1,48,ppb,45,Pico Rivera #2,24,100,42602,Nitrogen dioxide (NO2),99,31080,"Los Angeles-Long Beach-Anaheim, CA",6,California,37,Los Angeles,34.01029,-118.0685
11/12/2023,AQS,1,42.6,ppb,40,Pico Rivera #2,24,100,42602,Nitrogen dioxide (NO2),99,31080,"Los Angeles-Long Beach-Anaheim, CA",6,California,37,Los Angeles,34.01029,-118.0685
11/13/2023,AQS,1,49.6,ppb,46,Pico Rivera #2,24,100,42602,Nitrogen dioxide (NO2),99,31080,"Los Angeles-Long Beach-Anaheim, CA",6,California,37,Los Angeles,34.01029,-118.0685
11/14/2023,AQS,1,56.4,ppb,53,Pico Rivera #2,24,100,42602,Nitrogen dioxide (NO2),99,31080,"Los Angeles-Long Beach-Anaheim, CA",6,California,37,Los Angeles,34.01029,-118.0685
11/15/2023,AQS,1,53.4,ppb,50,Pico Rivera #2,24,100,42602,Nitrogen dioxide (NO2),99,31080,"Los Angeles-Long Beach-Anaheim, CA",6,California,37,Los Angeles,34.01029,-118.0685
11/16/2023,AQS,1,28.2,ppb,26,Pico Rivera #2,24,100,42602,Nitrogen dioxide (NO2),99,31080,"Los Angeles-Long Beach-Anaheim, CA",6,California,37,Los Angeles,34.01029,-118.0685
11/17/2023,AQS,1,20.4,ppb,19,Pico Rivera #2,24,100,42602,Nitrogen dioxide (NO2),99,31080,"Los Angeles-Long Beach-Anaheim, CA",6,California,37,Los Angeles,34.01029,-118.0685
11/18/2023,AQS,1,13.5,ppb,12,Pico Rivera #2,24,100,42602,Nitrogen dioxide (NO2),99,31080,"Los Angeles-Long Beach-Anaheim, CA",6,California,37,Los Angeles,34.01029,-118.0685
11/19/2023,AQS,1,27.9,ppb,25,Pico Rivera #2,24,100,42602,Nitrogen dioxide (NO2),99,31080,"Los Angeles-Long Beach-Anaheim, CA",6,California,37,Los Angeles,34.01029,-118.0685
11/20/2023,AQS,1,43.1,ppb,41,Pico Rivera #2,24,100,42602,Nitrogen dioxide (NO2),99,31080,"Los Angeles-Long Beach-Anaheim, CA",6,California,37,Los Angeles,34.01029,-118.0685
11/21/2023,AQS,1,37.5,ppb,35,Pico Rivera #2,24,100,42602,Nitrogen dioxide (NO2),99,31080,"Los Angeles-Long Beach-Anaheim, CA",6,California,37,Los Angeles,34.01029,-118.0685
11/22/2023,AQS,1,45.3,ppb,42,Pico Rivera #2,24,100,42602,Nitrogen dioxide (NO2),99,31080,"Los Angeles-Long Beach-Anaheim, CA",6,California,37,Los Angeles,34.01029,-118.0685
11/23/2023,AQS,1,34.6,ppb,32,Pico Rivera #2,24,100,42602,Nitrogen dioxide (NO2),99,31080,"Los Angeles-Long Beach-Anaheim, CA",6,California,37,Los Angeles,34.01029,-118.0685
11/24/2023,AQS,1,21.8,ppb,20,Pico Rivera #2,24,100,42602,Nitrogen dioxide (NO2),99,31080,"Los Angeles-Long Beach-Anaheim, CA",6,California,37,Los Angeles,34.01029,-118.0685
11/25/2023,AQS,1,28.6,ppb,26,Pico Rivera #2,24,100,42602,Nitrogen dioxide (NO2),99,31080,"Los Angeles-Long Beach-Anaheim, CA",6,California,37,Los Angeles,34.01029,-118.0685
11/26/2023,AQS,1,28,ppb,26,Pico Rivera #2,24,100,42602,Nitrogen dioxide (NO2),99,31080,"Los Angeles-Long Beach-Anaheim, CA",6,California,37,Los Angeles,34.01029,-118.0685
11/27/2023,AQS,1,43.4,ppb,41,Pico Rivera #2,24,100,42602,Nitrogen dioxide (NO2),99,31080,"Los Angeles-Long Beach-Anaheim, CA",6,California,37,Los Angeles,34.01029,-118.0685
11/28/2023,AQS,1,40.2,ppb,38,Pico Rivera #2,24,100,42602,Nitrogen dioxide (NO2),99,31080,"Los Angeles-Long Beach-Anaheim, CA",6,California,37,Los Angeles,34.01029,-118.0685
11/29/2023,AQS,1,35.8,ppb,33,Pico Rivera #2,24,100,42602,Nitrogen dioxide (NO2),99,31080,"Los Angeles-Long Beach-Anaheim, CA",6,California,37,Los Angeles,34.01029,-118.0685
11/30/2023,AQS,1,25.7,ppb,24,Pico Rivera #2,24,100,42602,Nitrogen dioxide (NO2),99,31080,"Los Angeles-Long Beach-Anaheim, CA",6,California,37,Los Angeles,34.01029,-118.0685
12/01/2023,AQS,1,32.5,ppb,30,Pico Rivera #2,24,100,42602,Nitrogen dioxide (NO2),99,31080,"Los Angeles-Long Beach-Anaheim, CA",6,California,37,Los Angeles,34.01029,-118.0685
12/02/2023,AQS,1,30.1,ppb,28,Pico Rivera #2,24,100,42602,Nitrogen dioxide (NO2),99,31080,"Los Angeles-Long Beach-Anaheim, CA",6,California,37,Los Angeles,34.01029,-118.0685
12/03/2023,AQS,1,34.2,ppb,32,Pico Rivera #2,24,100,42602,Nitrogen dioxide (NO2),99,31080,"Los Angeles-Long Beach-Anaheim, CA",6,California,37,Los Angeles,34.01029,-118.0685
12/04/2023,AQS,1,49.2,ppb,46,Pico Rivera #2,24,100,42602,Nitrogen dioxide (NO2),99,31080,"Los Angeles-Long Beach-Anaheim, CA",6,California,37,Los Angeles,34.01029,-118.0685
12/05/2023,AQS,1,44.4,ppb,42,Pico Rivera #2,24,100,42602,Nitrogen dioxide (NO2),99,31080,"Los Angeles-Long Beach-Anaheim, CA",6,California,37,Los Angeles,34.01029,-118.0685
12/06/2023,AQS,1,37.6,ppb,35,Pico Rivera #2,24,100,42602,Nitrogen dioxide (NO2),99,31080,"Los Angeles-Long Beach-Anaheim, CA",6,California,37,Los Angeles,34.01029,-118.0685
12/07/2023,AQS,1,33.7,ppb,31,Pico Rivera #2,24,100,42602,Nitrogen dioxide (NO2),99,31080,"Los Angeles-Long Beach-Anaheim, CA",6,California,37,Los Angeles,34.01029,-118.0685
12/08/2023,AQS,1,37.9,ppb,35,Pico Rivera #2,19,79,42602,Nitrogen dioxide (NO2),99,31080,"Los Angeles-Long Beach-Anaheim, CA",6,California,37,Los Angeles,34.01029,-118.0685
12/09/2023,AQS,1,30.1,ppb,28,Pico Rivera #2,24,100,42602,Nitrogen dioxide (NO2),99,31080,"Los Angeles-Long Beach-Anaheim, CA",6,California,37,Los Angeles,34.01029,-118.0685
12/10/2023,AQS,1,35.5,ppb,33,Pico Rivera #2,24,100,42602,Nitrogen dioxide (NO2),99,31080,"Los Angeles-Long Beach-Anaheim, CA",6,California,37,Los Angeles,34.01029,-118.0685
12/11/2023,AQS,1,38.3,ppb,36,Pico Rivera #2,24,100,42602,Nitrogen dioxide (NO2),99,31080,"Los Angeles-Long Beach-Anaheim, CA",6,California,37,Los Angeles,34.01029,-118.0685
12/13/2023,AQS,1,37.5,ppb,35,Pico Rivera #2,22,92,42602,Nitrogen dioxide (NO2),99,31080,"Los Angeles-Long Beach-Anaheim, CA",6,California,37,Los Angeles,34.01029,-118.0685
12/14/2023,AQS,1,42.5,ppb,40,Pico Rivera #2,20,83,42602,Nitrogen dioxide (NO2),99,31080,"Los Angeles-Long Beach-Anaheim, CA",6,California,37,Los Angeles,34.01029,-118.0685
12/15/2023,AQS,1,41.7,ppb,39,Pico Rivera #2,24,100,42602,Nitrogen dioxide (NO2),99,31080,"Los Angeles-Long Beach-Anaheim, CA",6,California,37,Los Angeles,34.01029,-118.0685
12/16/2023,AQS,1,37.6,ppb,35,Pico Rivera #2,24,100,42602,Nitrogen dioxide (NO2),99,31080,"Los Angeles-Long Beach-Anaheim, CA",6,California,37,Los Angeles,34.01029,-118.0685
12/17/2023,AQS,1,46.3,ppb,43,Pico Rivera #2,24,100,42602,Nitrogen dioxide (NO2),99,31080,"Los Angeles-Long Beach-Anaheim, CA",6,California,37,Los Angeles,34.01029,-118.0685
12/18/2023,AQS,1,48.7,ppb,45,Pico Rivera #2,24,100,42602,Nitrogen dioxide (NO2),99,31080,"Los Angeles-Long Beach-Anaheim, CA",6,California,37,Los Angeles,34.01029,-118.0685
12/19/2023,AQS,1,30.1,ppb,28,Pico Rivera #2,24,100,42602,Nitrogen dioxide (NO2),99,31080,"Los Angeles-Long Beach-Anaheim, CA",6,California,37,Los Angeles,34.01029,-118.0685
12/20/2023,AQS,1,21.8,ppb,20,Pico Rivera #2,24,100,42602,Nitrogen dioxide (NO2),99,31080,"Los Angeles-Long Beach-Anaheim, CA",6,California,37,Los Angeles,34.01029,-118.0685
12/21/2023,AQS,1,23.4,ppb,22,Pico Rivera #2,24,100,42602,Nitrogen dioxide (NO2),99,31080,"Los Angeles-Long Beach-Anaheim, CA",6,California,37,Los Angeles,34.01029,-118.0685
12/22/2023,AQS,1,24.6,ppb,23,Pico Rivera #2,24,100,42602,Nitrogen dioxide (NO2),99,31080,"Los Angeles-Long Beach-Anaheim, CA",6,California,37,Los Angeles,34.01029,-118.0685
12/23/2023,AQS,1,24.8,ppb,23,Pico Rivera #2,24,100,42602,Nitrogen dioxide (NO2),99,31080,"Los Angeles-Long Beach-Anaheim, CA",6,California,37,Los Angeles,34.01029,-118.0685
12/24/2023,AQS,1,24.2,ppb,23,Pico Rivera #2,24,100,42602,Nitrogen dioxide (NO2),99,31080,"Los Angeles-Long Beach-Anaheim, CA",6,California,37,Los Angeles,34.01029,-118.0685
12/25/2023,AQS,1,21.9,ppb,20,Pico Rivera #2,24,100,42602,Nitrogen dioxide (NO2),99,31080,"Los Angeles-Long Beach-Anaheim, CA",6,California,37,Los Angeles,34.01029,-118.0685
12/26/2023,AQS,1,47.8,ppb,44,Pico Rivera #2,24,100,42602,Nitrogen dioxide (NO2),99,31080,"Los Angeles-Long Beach-Anaheim, CA",6,California,37,Los Angeles,34.01029,-118.0685
12/27/2023,AQS,1,37.4,ppb,35,Pico Rivera #2,24,100,42602,Nitrogen dioxide (NO2),99,31080,"Los Angeles-Long Beach-Anaheim, CA",6,California,37,Los Angeles,34.01029,-118.0685
12/28/2023,AQS,1,33.7,ppb,31,Pico Rivera #2,24,100,42602,Nitrogen dioxide (NO2),99,31080,"Los Angeles-Long Beach-Anaheim, CA",6,California,37,Los Angeles,34.01029,-118.0685
12/29/2023,AQS,1,34.4,ppb,32,Pico Rivera #2,24,100,42602,Nitrogen dioxide (NO2),99,31080,"Los Angeles-Long Beach-Anaheim, CA",6,California,37,Los Angeles,34.01029,-118.0685
12/30/2023,AQS,1,25.5,ppb,24,Pico Rivera #2,24,100,42602,Nitrogen dioxide (NO2),99,31080,"Los Angeles-Long Beach-Anaheim, CA",6,California,37,Los Angeles,34.01029,-118.0685
12/31/2023,AQS,1,22.9,ppb,21,Pico Rivera #2,24,100,42602,Nitrogen dioxide (NO2),99,31080,"Los Angeles-Long Beach-Anaheim, CA",6,California,37,Los Angeles,34.01029,-118.0685
01/01/2024,AQS,1,27.5,ppb,25,Pico Rivera #2,24,100,42602,Nitrogen dioxide (NO2),99,31080,"Los Angeles-Long Beach-Anaheim, CA",6,California,37,Los Angeles,34.01029,-118.0685
01/02/2024,AQS,1,31,ppb,29,Pico Rivera #2,19,79,42602,Nitrogen dioxide (NO2),99,31080,"Los Angeles-Long Beach-Anaheim, CA",6,California,37,Los Angeles,34.01029,-118.0685
01/03/2024,AQS,1,30.2,ppb,28,Pico Rivera #2,24,100,42602,Nitrogen dioxide (NO2),99,31080,"Los Angeles-Long Beach-Anaheim, CA",6,California,37,Los Angeles,34.01029,-118.0685
01/04/2024,AQS,1,35.2,ppb,33,Pico Rivera #2,24,100,42602,Nitrogen dioxide (NO2),99,31080,"Los Angeles-Long Beach-Anaheim, CA",6,California,37,Los Angeles,34.01029,-118.0685
01/05/2024,AQS,1,41.4,ppb,39,Pico Rivera #2,24,100,42602,Nitrogen dioxide (NO2),99,31080,"Los Angeles-Long Beach-Anaheim, CA",6,California,37,Los Angeles,34.01029,-118.0685
01/06/2024,AQS,1,28.7,ppb,26,Pico Rivera #2,24,100,42602,Nitrogen dioxide (NO2),99,31080,"Los Angeles-Long Beach-Anaheim, CA",6,California,37,Los Angeles,34.01029,-118.0685
01/07/2024,AQS,1,7.9,ppb,7,Pico Rivera #2,24,100,42602,Nitrogen dioxide (NO2),99,31080,"Los Angeles-Long Beach-Anaheim, CA",6,California,37,Los Angeles,34.01029,-118.0685
01/08/2024,AQS,1,37.3,ppb,35,Pico Rivera #2,24,100,42602,Nitrogen dioxide (NO2),99,31080,"Los Angeles-Long Beach-Anaheim, CA",6,California,37,Los Angeles,34.01029,-118.0685
01/09/2024,AQS,1,41.9,ppb,39,Pico Rivera #2,24,100,42602,Nitrogen dioxide (NO2),99,31080,"Los Angeles-Long Beach-Anaheim, CA",6,California,37,Los Angeles,34.01029,-118.0685
01/10/2024,AQS,1,31.9,ppb,29,Pico Rivera #2,24,100,42602,Nitrogen dioxide (NO2),99,31080,"Los Angeles-Long Beach-Anaheim, CA",6,California,37,Los Angeles,34.01029,-118.0685
01/11/2024,AQS,1,39.2,ppb,37,Pico Rivera #2,24,100,42602,Nitrogen dioxide (NO2),99,31080,"Los Angeles-Long Beach-Anaheim, CA",6,California,37,Los Angeles,34.01029,-118.0685
01/12/2024,AQS,1,38.5,ppb,36,Pico Rivera #2,24,100,42602,Nitrogen dioxide (NO2),99,31080,"Los Angeles-Long Beach-Anaheim, CA",6,California,37,Los Angeles,34.01029,-118.0685
01/13/2024,AQS,1,33.5,ppb,31,Pico Rivera #2,24,100,42602,Nitrogen dioxide (NO2),99,31080,"Los Angeles-Long Beach-Anaheim, CA",6,California,37,Los Angeles,34.01029,-118.0685
01/14/2024,AQS,1,27.9,ppb,25,Pico Rivera #2,24,100,42602,Nitrogen dioxide (NO2),99,31080,"Los Angeles-Long Beach-Anaheim, CA",6,California,37,Los Angeles,34.01029,-118.0685
01/15/2024,AQS,1,36.6,ppb,34,Pico Rivera #2,24,100,42602,Nitrogen dioxide (NO2),99,31080,"Los Angeles-Long Beach-Anaheim, CA",6,California,37,Los Angeles,34.01029,-118.0685
01/16/2024,AQS,1,36.6,ppb,34,Pico Rivera #2,24,100,42602,Nitrogen dioxide (NO2),99,31080,"Los Angeles-Long Beach-Anaheim, CA",6,California,37,Los Angeles,34.01029,-118.0685
01/17/2024,AQS,1,31.3,ppb,29,Pico Rivera #2,24,100,42602,Nitrogen dioxide (NO2),99,31080,"Los Angeles-Long Beach-Anaheim, CA",6,California,37,Los Angeles,34.01029,-118.0685
01/18/2024,AQS,1,33.1,ppb,31,Pico Rivera #2,24,100,42602,Nitrogen dioxide (NO2),99,31080,"Los Angeles-Long Beach-Anaheim, CA",6,California,37,Los Angeles,34.01029,-118.0685
01/19/2024,AQS,1,41.3,ppb,39,Pico Rivera #2,24,100,42602,Nitrogen dioxide (NO2),99,31080,"Los Angeles-Long Beach-Anaheim, CA",6,California,37,Los Angeles,34.01029,-118.0685
01/20/2024,AQS,1,31.6,ppb,29,Pico Rivera #2,24,100,42602,Nitrogen dioxide (NO2),99,31080,"Los Angeles-Long Beach-Anaheim, CA",6,California,37,Los Angeles,34.01029,-118.0685
01/21/2024,AQS,1,16.8,ppb,15,Pico Rivera #2,24,100,42602,Nitrogen dioxide (NO2),99,31080,"Los Angeles-Long Beach-Anaheim, CA",6,California,37,Los Angeles,34.01029,-118.0685
01/22/2024,AQS,1,33.4,ppb,31,Pico Rivera #2,24,100,42602,Nitrogen dioxide (NO2),99,31080,"Los Angeles-Long Beach-Anaheim, CA",6,California,37,Los Angeles,34.01029,-118.0685
01/23/2024,AQS,1,25.2,ppb,24,Pico Rivera #2,24,100,42602,Nitrogen dioxide (NO2),99,31080,"Los Angeles-Long Beach-Anaheim, CA",6,California,37,Los Angeles,34.01029,-118.0685
01/24/2024,AQS,1,24.4,ppb,23,Pico Rivera #2,24,100,42602,Nitrogen dioxide (NO2),99,31080,"Los Angeles-Long Beach-Anaheim, CA",6,California,37,Los Angeles,34.01029,-118.0685
01/25/2024,AQS,1,27.6,ppb,25,Pico Rivera #2,24,100,42602,Nitrogen dioxide (NO2),99,31080,"Los Angeles-Long Beach-Anaheim, CA",6,California,37,Los Angeles,34.01029,-118.0685
01/26/2024,AQS,1,42.1,ppb,40,Pico Rivera #2,24,100,42602,Nitrogen dioxide (NO2),99,31080,"Los Angeles-Long Beach-Anaheim, CA",6,California,37,Los Angeles,34.01029,-118.0685
01/27/2024,AQS,1,44.9,ppb,42,Pico Rivera #2,24,100,42602,Nitrogen dioxide (NO2),99,31080,"Los Angeles-Long Beach-Anaheim, CA",6,California,37,Los Angeles,34.01029,-118.0685
01/28/2024,AQS,1,33.6,ppb,31,Pico Rivera #2,24,100,42602,Nitrogen dioxide (NO2),99,31080,"Los Angeles-Long Beach-Anaheim, CA",6,California,37,Los Angeles,34.01029,-118.0685
01/29/2024,AQS,1,47.5,ppb,44,Pico Rivera #2,24,100,42602,Nitrogen dioxide (NO2),99,31080,"Los Angeles-Long Beach-Anaheim, CA",6,California,37,Los Angeles,34.01029,-118.0685
01/30/2024,AQS,1,52.1,ppb,49,Pico Rivera #2,18,75,42602,Nitrogen dioxide (NO2),99,31080,"Los Angeles-Long Beach-Anaheim, CA",6,California,37,Los Angeles,34.01029,-118.0685
01/31/2024,AQS,1,43.8,ppb,41,Pico Rivera #2,24,100,42602,Nitrogen dioxide (NO2),99,31080,"Los Angeles-Long Beach-Anaheim, CA",6,California,37,Los Angeles,34.01029,-118.0685
02/01/2024,AQS,1,28.3,ppb,26,Pico Rivera #2,24,100,42602,Nitrogen dioxide (NO2),99,31080,"Los Angeles-Long Beach-Anaheim, CA",6,California,37,Los Angeles,34.01029,-118.0685
02/02/2024,AQS,1,28.5,ppb,26,Pico Rivera #2,24,100,42602,Nitrogen dioxide (NO2),99,31080,"Los Angeles-Long Beach-Anaheim, CA",6,California,37,Los Angeles,34.01029,-118.0685
02/03/2024,AQS,1,21.1,ppb,20,Pico Rivera #2,24,100,42602,Nitrogen dioxide (NO2),99,31080,"Los Angeles-Long Beach-Anaheim, CA",6,California,37,Los Angeles,34.01029,-118.0685
02/04/2024,AQS,1,11.1,ppb,10,Pico Rivera #2,24,100,42602,Nitrogen dioxide (NO2),99,31080,"Los Angeles-Long Beach-Anaheim, CA",6,California,37,Los Angeles,34.01029,-118.0685
02/05/2024,AQS,1,23.8,ppb,22,Pico Rivera #2,24,100,42602,Nitrogen dioxide (NO2),99,31080,"Los Angeles-Long Beach-Anaheim, CA",6,California,37,Los Angeles,34.01029,-118.0685
02/06/2024,AQS,1,29,ppb,27,Pico Rivera #2,24,100,42602,Nitrogen dioxide (NO2),99,31080,"Los Angeles-Long Beach-Anaheim, CA",6,California,37,Los Angeles,34.01029,-118.0685
02/07/2024,AQS,1,27.2,ppb,25,Pico Rivera #2,24,100,42602,Nitrogen dioxide (NO2),99,31080,"Los Angeles-Long Beach-Anaheim, CA",6,California,37,Los Angeles,34.01029,-118.0685
02/08/2024,AQS,1,27.1,ppb,25,Pico Rivera #2,24,100,42602,Nitrogen dioxide (NO2),99,31080,"Los Angeles-Long Beach-Anaheim, CA",6,California,37,Los Angeles,34.01029,-118.0685
02/09/2024,AQS,1,30.9,ppb,28,Pico Rivera #2,24,100,42602,Nitrogen dioxide (NO2),99,31080,"Los Angeles-Long Beach-Anaheim, CA",6,California,37,Los Angeles,34.01029,-118.0685
02/10/2024,AQS,1,29.5,ppb,27,Pico Rivera #2,24,100,42602,Nitrogen dioxide (NO2),99,31080,"Los Angeles-Long Beach-Anaheim, CA",6,California,37,Los Angeles,34.01029,-118.0685
02/11/2024,AQS,1,29,ppb,27,Pico Rivera #2,24,100,42602,Nitrogen dioxide (NO2),99,31080,"Los Angeles-Long Beach-Anaheim, CA",6,California,37,Los Angeles,34.01029,-118.0685
02/12/2024,AQS,1,42.6,ppb,40,Pico Rivera #2,24,100,42602,Nitrogen dioxide (NO2),99,31080,"Los Angeles-Long Beach-Anaheim, CA",6,California,37,Los Angeles,34.01029,-118.0685
02/13/2024,AQS,1,35.7,ppb,33,Pico Rivera #2,24,100,42602,Nitrogen dioxide (NO2),99,31080,"Los Angeles-Long Beach-Anaheim, CA",6,California,37,Los Angeles,34.01029,-118.0685
02/14/2024,AQS,1,31.1,ppb,29,Pico Rivera #2,24,100,42602,Nitrogen dioxide (NO2),99,31080,"Los Angeles-Long Beach-Anaheim, CA",6,California,37,Los Angeles,34.01029,-118.0685
02/15/2024,AQS,1,27.9,ppb,25,Pico Rivera #2,24,100,42602,Nitrogen dioxide (NO2),99,31080,"Los Angeles-Long Beach-Anaheim, CA",6,California,37,Los Angeles,34.01029,-118.0685
02/16/2024,AQS,1,28.4,ppb,26,Pico Rivera #2,24,100,42602,Nitrogen dioxide (NO2),99,31080,"Los Angeles-Long Beach-Anaheim, CA",6,California,37,Los Angeles,34.01029,-118.0685
02/17/2024,AQS,1,23.5,ppb,22,Pico Rivera #2,24,100,42602,Nitrogen dioxide (NO2),99,31080,"Los Angeles-Long Beach-Anaheim, CA",6,California,37,Los Angeles,34.01029,-118.0685
02/18/2024,AQS,1,20.5,ppb,19,Pico Rivera #2,24,100,42602,Nitrogen dioxide (NO2),99,31080,"Los Angeles-Long Beach-Anaheim, CA",6,California,37,Los Angeles,34.01029,-118.0685
02/19/2024,AQS,1,17.9,ppb,16,Pico Rivera #2,24,100,42602,Nitrogen dioxide (NO2),99,31080,"Los Angeles-Long Beach-Anaheim, CA",6,California,37,Los Angeles,34.01029,-118.0685
02/20/2024,AQS,1,22.8,ppb,21,Pico Rivera #2,24,100,42602,Nitrogen dioxide (NO2),99,31080,"Los Angeles-Long Beach-Anaheim, CA",6,California,37,Los Angeles,34.01029,-118.0685
02/21/2024,AQS,1,28.8,ppb,26,Pico Rivera #2,22,92,42602,Nitrogen dioxide (NO2),99,31080,"Los Angeles-Long Beach-Anaheim, CA",6,California,37,Los Angeles,34.01029,-118.0685
02/22/2024,AQS,1,30.6,ppb,28,Pico Rivera #2,24,100,42602,Nitrogen dioxide (NO2),99,31080,"Los Angeles-Long Beach-Anaheim, CA",6,California,37,Los Angeles,34.01029,-118.0685
02/23/2024,AQS,1,48.2,ppb,45,Pico Rivera #2,20,83,42602,Nitrogen dioxide (NO2),99,31080,"Los Angeles-Long Beach-Anaheim, CA",6,California,37,Los Angeles,34.01029,-118.0685
02/24/2024,AQS,1,31.8,ppb,29,Pico Rivera #2,24,100,42602,Nitrogen dioxide (NO2),99,31080,"Los Angeles-Long Beach-Anaheim, CA",6,California,37,Los Angeles,34.01029,-118.0685
02/25/2024,AQS,1,27.5,ppb,25,Pico Rivera #2,24,100,42602,Nitrogen dioxide (NO2),99,31080,"Los Angeles-Long Beach-Anaheim, CA",6,California,37,Los Angeles,34.01029,-118.0685
02/26/2024,AQS,1,27.9,ppb,25,Pico Rivera #2,24,100,42602,Nitrogen dioxide (NO2),99,31080,"Los Angeles-Long Beach-Anaheim, CA",6,California,37,Los Angeles,34.01029,-118.0685
02/27/2024,AQS,1,32.2,ppb,30,Pico Rivera #2,24,100,42602,Nitrogen dioxide (NO2),99,31080,"Los Angeles-Long Beach-Anaheim, CA",6,California,37,Los Angeles,34.01029,-118.0685
02/28/2024,AQS,1,29.4,ppb,27,Pico Rivera #2,24,100,42602,Nitrogen dioxide (NO2),99,31080,"Los Angeles-Long Beach-Anaheim, CA",6,California,37,Los Angeles,34.01029,-118.0685
02/29/2024,AQS,1,24.5,ppb,23,Pico Rivera #2,24,100,42602,Nitrogen dioxide (NO2),99,31080,"Los Angeles-Long Beach-Anaheim, CA",6,California,37,Los Angeles,34.01029,-118.0685
03/01/2024,AQS,1,27.8,ppb,25,Pico Rivera #2,24,100,42602,Nitrogen dioxide (NO2),99,31080,"Los Angeles-Long Beach-Anaheim, CA",6,California,37,Los Angeles,34.01029,-118.0685
03/02/2024,AQS,1,12.8,ppb,11,Pico Rivera #2,24,100,42602,Nitrogen dioxide (NO2),99,31080,"Los Angeles-Long Beach-Anaheim, CA",6,California,37,Los Angeles,34.01029,-118.0685
03/03/2024,AQS,1,14,ppb,13,Pico Rivera #2,24,100,42602,Nitrogen dioxide (NO2),99,31080,"Los Angeles-Long Beach-Anaheim, CA",6,California,37,Los Angeles,34.01029,-118.0685
03/04/2024,AQS,1,30.3,ppb,28,Pico Rivera #2,24,100,42602,Nitrogen dioxide (NO2),99,31080,"Los Angeles-Long Beach-Anaheim, CA",6,California,37,Los Angeles,34.01029,-118.0685
03/05/2024,AQS,1,25.2,ppb,24,Pico Rivera #2,24,100,42602,Nitrogen dioxide (NO2),99,31080,"Los Angeles-Long Beach-Anaheim, CA",6,California,37,Los Angeles,34.01029,-118.0685
03/06/2024,AQS,1,25,ppb,24,Pico Rivera #2,24,100,42602,Nitrogen dioxide (NO2),99,31080,"Los Angeles-Long Beach-Anaheim, CA",6,California,37,Los Angeles,34.01029,-118.0685
03/07/2024,AQS,1,26.8,ppb,25,Pico Rivera #2,24,100,42602,Nitrogen dioxide (NO2),99,31080,"Los Angeles-Long Beach-Anaheim, CA",6,California,37,Los Angeles,34.01029,-118.0685
03/08/2024,AQS,1,31.3,ppb,29,Pico Rivera #2,24,100,42602,Nitrogen dioxide (NO2),99,31080,"Los Angeles-Long Beach-Anaheim, CA",6,California,37,Los Angeles,34.01029,-118.0685
03/09/2024,AQS,1,24.7,ppb,23,Pico Rivera #2,24,100,42602,Nitrogen dioxide (NO2),99,31080,"Los Angeles-Long Beach-Anaheim, CA",6,California,37,Los Angeles,34.01029,-118.0685
03/10/2024,AQS,1,20.3,ppb,19,Pico Rivera #2,24,100,42602,Nitrogen dioxide (NO2),99,31080,"Los Angeles-Long Beach-Anaheim, CA",6,California,37,Los Angeles,34.01029,-118.0685
03/11/2024,AQS,1,25.8,ppb,24,Pico Rivera #2,24,100,42602,Nitrogen dioxide (NO2),99,31080,"Los Angeles-Long Beach-Anaheim, CA",6,California,37,Los Angeles,34.01029,-118.0685
03/12/2024,AQS,1,26,ppb,25,Pico Rivera #2,24,100,42602,Nitrogen dioxide (NO2),99,31080,"Los Angeles-Long Beach-Anaheim, CA",6,California,37,Los Angeles,34.01029,-118.0685
03/13/2024,AQS,1,21.4,ppb,20,Pico Rivera #2,24,100,42602,Nitrogen dioxide (NO2),99,31080,"Los Angeles-Long Beach-Anaheim, CA",6,California,37,Los Angeles,34.01029,-118.0685
03/14/2024,AQS,1,26,ppb,25,Pico Rivera #2,24,100,42602,Nitrogen dioxide (NO2),99,31080,"Los Angeles-Long Beach-Anaheim, CA",6,California,37,Los Angeles,34.01029,-118.0685
03/15/2024,AQS,1,35,ppb,33,Pico Rivera #2,24,100,42602,Nitrogen dioxide (NO2),99,31080,"Los Angeles-Long Beach-Anaheim, CA",6,California,37,Los Angeles,34.01029,-118.0685
03/16/2024,AQS,1,24,ppb,23,Pico Rivera #2,24,100,42602,Nitrogen dioxide (NO2),99,31080,"Los Angeles-Long Beach-Anaheim, CA",6,California,37,Los Angeles,34.01029,-118.0685
03/17/2024,AQS,1,24.9,ppb,23,Pico Rivera #2,24,100,42602,Nitrogen dioxide (NO2),99,31080,"Los Angeles-Long Beach-Anaheim, CA",6,California,37,Los Angeles,34.01029,-118.0685
03/18/2024,AQS,1,31.7,ppb,29,Pico Rivera #2,24,100,42602,Nitrogen dioxide (NO2),99,31080,"Los Angeles-Long Beach-Anaheim, CA",6,California,37,Los Angeles,34.01029,-118.0685
03/19/2024,AQS,1,30.2,ppb,28,Pico Rivera #2,24,100,42602,Nitrogen dioxide (NO2),99,31080,"Los Angeles-Long Beach-Anaheim, CA",6,California,37,Los Angeles,34.01029,-118.0685
03/20/2024,AQS,1,26.2,ppb,25,Pico Rivera #2,24,100,42602,Nitrogen dioxide (NO2),99,31080,"Los Angeles-Long Beach-Anaheim, CA",6,California,37,Los Angeles,34.01029,-118.0685
03/21/2024,AQS,1,30.8,ppb,28,Pico Rivera #2,24,100,42602,Nitrogen dioxide (NO2),99,31080,"Los Angeles-Long Beach-Anaheim, CA",6,California,37,Los Angeles,34.01029,-118.0685
03/22/2024,AQS,1,25,ppb,24,Pico Rivera #2,24,100,42602,Nitrogen dioxide (NO2),99,31080,"Los Angeles-Long Beach-Anaheim, CA",6,California,37,Los Angeles,34.01029,-118.0685
03/23/2024,AQS,1,9.9,ppb,8,Pico Rivera #2,24,100,42602,Nitrogen dioxide (NO2),99,31080,"Los Angeles-Long Beach-Anaheim, CA",6,California,37,Los Angeles,34.01029,-118.0685
03/24/2024,AQS,1,13.6,ppb,12,Pico Rivera #2,24,100,42602,Nitrogen dioxide (NO2),99,31080,"Los Angeles-Long Beach-Anaheim, CA",6,California,37,Los Angeles,34.01029,-118.0685
03/25/2024,AQS,1,23.9,ppb,22,Pico Rivera #2,24,100,42602,Nitrogen dioxide (NO2),99,31080,"Los Angeles-Long Beach-Anaheim, CA",6,California,37,Los Angeles,34.01029,-118.0685
03/26/2024,AQS,1,31.6,ppb,29,Pico Rivera #2,19,79,42602,Nitrogen dioxide (NO2),99,31080,"Los Angeles-Long Beach-Anaheim, CA",6,California,37,Los Angeles,34.01029,-118.0685
03/27/2024,AQS,1,33.5,ppb,31,Pico Rivera #2,24,100,42602,Nitrogen dioxide (NO2),99,31080,"Los Angeles-Long Beach-Anaheim, CA",6,California,37,Los Angeles,34.01029,-118.0685
03/28/2024,AQS,1,27.2,ppb,25,Pico Rivera #2,24,100,42602,Nitrogen dioxide (NO2),99,31080,"Los Angeles-Long Beach-Anaheim, CA",6,California,37,Los Angeles,34.01029,-118.0685
03/29/2024,AQS,1,20,ppb,19,Pico Rivera #2,24,100,42602,Nitrogen dioxide (NO2),99,31080,"Los Angeles-Long Beach-Anaheim, CA",6,California,37,Los Angeles,34.01029,-118.0685
03/30/2024,AQS,1,8.9,ppb,8,Pico Rivera #2,24,100,42602,Nitrogen dioxide (NO2),99,31080,"Los Angeles-Long Beach-Anaheim, CA",6,California,37,Los Angeles,34.01029,-118.0685
03/31/2024,AQS,1,17.2,ppb,16,Pico Rivera #2,24,100,42602,Nitrogen dioxide (NO2),99,31080,"Los Angeles-Long Beach-Anaheim, CA",6,California,37,Los Angeles,34.01029,-118.0685
04/01/2024,AQS,1,21.4,ppb,20,Pico Rivera #2,24,100,42602,Nitrogen dioxide (NO2),99,31080,"Los Angeles-Long Beach-Anaheim, CA",6,California,37,Los Angeles,34.01029,-118.0685
04/02/2024,AQS,1,28.1,ppb,26,Pico Rivera #2,24,100,42602,Nitrogen dioxide (NO2),99,31080,"Los Angeles-Long Beach-Anaheim, CA",6,California,37,Los Angeles,34.01029,-118.0685
04/03/2024,AQS,1,29.7,ppb,27,Pico Rivera #2,24,100,42602,Nitrogen dioxide (NO2),99,31080,"Los Angeles-Long Beach-Anaheim, CA",6,California,37,Los Angeles,34.01029,-118.0685
04/04/2024,AQS,1,11.5,ppb,10,Pico Rivera #2,24,100,42602,Nitrogen dioxide (NO2),99,31080,"Los Angeles-Long Beach-Anaheim, CA",6,California,37,Los Angeles,34.01029,-118.0685
04/05/2024,AQS,1,24.7,ppb,23,Pico Rivera #2,24,100,42602,Nitrogen dioxide (NO2),99,31080,"Los Angeles-Long Beach-Anaheim, CA",6,California,37,Los Angeles,34.01029,-118.0685
04/06/2024,AQS,1,25.6,ppb,24,Pico Rivera #2,24,100,42602,Nitrogen dioxide (NO2),99,31080,"Los Angeles-Long Beach-Anaheim, CA",6,California,37,Los Angeles,34.01029,-118.0685
04/07/2024,AQS,1,23.6,ppb,22,Pico Rivera #2,24,100,42602,Nitrogen dioxide (NO2),99,31080,"Los Angeles-Long Beach-Anaheim, CA",6,California,37,Los Angeles,34.01029,-118.0685
04/08/2024,AQS,1,25.7,ppb,24,Pico Rivera #2,24,100,42602,Nitrogen dioxide (NO2),99,31080,"Los Angeles-Long Beach-Anaheim, CA",6,California,37,Los Angeles,34.01029,-118.0685
04/09/2024,AQS,1,33.9,ppb,31,Pico Rivera #2,24,100,42602,Nitrogen dioxide (NO2),99,31080,"Los Angeles-Long Beach-Anaheim, CA",6,California,37,Los Angeles,34.01029,-118.0685
04/10/2024,AQS,1,40.9,ppb,38,Pico Rivera #2,24,100,42602,Nitrogen dioxide (NO2),99,31080,"Los Angeles-Long Beach-Anaheim, CA",6,California,37,Los Angeles,34.01029,-118.0685
04/11/2024,AQS,1,39.1,ppb,37,Pico Rivera #2,24,100,42602,Nitrogen dioxide (NO2),99,31080,"Los Angeles-Long Beach-Anaheim, CA",6,California,37,Los Angeles,34.01029,-118.0685
04/12/2024,AQS,1,9.1,ppb,8,Pico Rivera #2,24,100,42602,Nitrogen dioxide (NO2),99,31080,"Los Angeles-Long Beach-Anaheim, CA",6,California,37,Los Angeles,34.01029,-118.0685
04/13/2024,AQS,1,12,ppb,11,Pico Rivera #2,24,100,42602,Nitrogen dioxide (NO2),99,31080,"Los Angeles-Long Beach-Anaheim, CA",6,California,37,Los Angeles,34.01029,-118.0685
04/14/2024,AQS,1,23.5,ppb,22,Pico Rivera #2,24,100,42602,Nitrogen dioxide (NO2),99,31080,"Los Angeles-Long Beach-Anaheim, CA",6,California,37,Los Angeles,34.01029,-118.0685
04/15/2024,AQS,1,27.8,ppb,25,Pico Rivera #2,24,100,42602,Nitrogen dioxide (NO2),99,31080,"Los Angeles-Long Beach-Anaheim, CA",6,California,37,Los Angeles,34.01029,-118.0685
04/16/2024,AQS,1,29.8,ppb,27,Pico Rivera #2,24,100,42602,Nitrogen dioxide (NO2),99,31080,"Los Angeles-Long Beach-Anaheim, CA",6,California,37,Los Angeles,34.01029,-118.0685
04/17/2024,AQS,1,31.8,ppb,29,Pico Rivera #2,24,100,42602,Nitrogen dioxide (NO2),99,31080,"Los Angeles-Long Beach-Anaheim, CA",6,California,37,Los Angeles,34.01029,-118.0685
04/18/2024,AQS,1,19.7,ppb,18,Pico Rivera #2,24,100,42602,Nitrogen dioxide (NO2),99,31080,"Los Angeles-Long Beach-Anaheim, CA",6,California,37,Los Angeles,34.01029,-118.0685
04/19/2024,AQS,1,11.7,ppb,10,Pico Rivera #2,24,100,42602,Nitrogen dioxide (NO2),99,31080,"Los Angeles-Long Beach-Anaheim, CA",6,California,37,Los Angeles,34.01029,-118.0685
04/20/2024,AQS,1,17.6,ppb,16,Pico Rivera #2,24,100,42602,Nitrogen dioxide (NO2),99,31080,"Los Angeles-Long Beach-Anaheim, CA",6,California,37,Los Angeles,34.01029,-118.0685
04/21/2024,AQS,1,22.1,ppb,21,Pico Rivera #2,24,100,42602,Nitrogen dioxide (NO2),99,31080,"Los Angeles-Long Beach-Anaheim, CA",6,California,37,Los Angeles,34.01029,-118.0685
04/22/2024,AQS,1,11.6,ppb,10,Pico Rivera #2,24,100,42602,Nitrogen dioxide (NO2),99,31080,"Los Angeles-Long Beach-Anaheim, CA",6,California,37,Los Angeles,34.01029,-118.0685
04/23/2024,AQS,1,16.4,ppb,15,Pico Rivera #2,24,100,42602,Nitrogen dioxide (NO2),99,31080,"Los Angeles-Long Beach-Anaheim, CA",6,California,37,Los Angeles,34.01029,-118.0685
04/24/2024,AQS,1,19.1,ppb,18,Pico Rivera #2,24,100,42602,Nitrogen dioxide (NO2),99,31080,"Los Angeles-Long Beach-Anaheim, CA",6,California,37,Los Angeles,34.01029,-118.0685
04/25/2024,AQS,1,9.7,ppb,8,Pico Rivera #2,24,100,42602,Nitrogen dioxide (NO2),99,31080,"Los Angeles-Long Beach-Anaheim, CA",6,California,37,Los Angeles,34.01029,-118.0685
04/26/2024,AQS,1,11.8,ppb,10,Pico Rivera #2,24,100,42602,Nitrogen dioxide (NO2),99,31080,"Los Angeles-Long Beach-Anaheim, CA",6,California,37,Los Angeles,34.01029,-118.0685
04/27/2024,AQS,1,19.3,ppb,18,Pico Rivera #2,24,100,42602,Nitrogen dioxide (NO2),99,31080,"Los Angeles-Long Beach-Anaheim, CA",6,California,37,Los Angeles,34.01029,-118.0685
04/28/2024,AQS,1,20.3,ppb,19,Pico Rivera #2,24,100,42602,Nitrogen dioxide (NO2),99,31080,"Los Angeles-Long Beach-Anaheim, CA",6,California,37,Los Angeles,34.01029,-118.0685
04/29/2024,AQS,1,21.5,ppb,20,Pico Rivera #2,24,100,42602,Nitrogen dioxide (NO2),99,31080,"Los Angeles-Long Beach-Anaheim, CA",6,California,37,Los Angeles,34.01029,-118.0685
04/30/2024,AQS,1,18.3,ppb,17,Pico Rivera #2,24,100,42602,Nitrogen dioxide (NO2),99,31080,"Los Angeles-Long Beach-Anaheim, CA",6,California,37,Los Angeles,34.01029,-118.0685
05/01/2024,AQS,1,18.4,ppb,17,Pico Rivera #2,22,92,42602,Nitrogen dioxide (NO2),99,31080,"Los Angeles-Long Beach-Anaheim, CA",6,California,37,Los Angeles,34.01029,-118.0685
05/03/2024,AQS,1,14.8,ppb,13,Pico Rivera #2,24,100,42602,Nitrogen dioxide (NO2),99,31080,"Los Angeles-Long Beach-Anaheim, CA",6,California,37,Los Angeles,34.01029,-118.0685
05/04/2024,AQS,1,20.4,ppb,19,Pico Rivera #2,24,100,42602,Nitrogen dioxide (NO2),99,31080,"Los Angeles-Long Beach-Anaheim, CA",6,California,37,Los Angeles,34.01029,-118.0685
05/05/2024,AQS,1,10.4,ppb,9,Pico Rivera #2,24,100,42602,Nitrogen dioxide (NO2),99,31080,"Los Angeles-Long Beach-Anaheim, CA",6,California,37,Los Angeles,34.01029,-118.0685
05/06/2024,AQS,1,28.7,ppb,26,Pico Rivera #2,24,100,42602,Nitrogen dioxide (NO2),99,31080,"Los Angeles-Long Beach-Anaheim, CA",6,California,37,Los Angeles,34.01029,-118.0685
05/07/2024,AQS,1,28,ppb,26,Pico Rivera #2,24,100,42602,Nitrogen dioxide (NO2),99,31080,"Los Angeles-Long Beach-Anaheim, CA",6,California,37,Los Angeles,34.01029,-118.0685
05/08/2024,AQS,1,17.9,ppb,16,Pico Rivera #2,24,100,42602,Nitrogen dioxide (NO2),99,31080,"Los Angeles-Long Beach-Anaheim, CA",6,California,37,Los Angeles,34.01029,-118.0685
05/09/2024,AQS,1,15.2,ppb,14,Pico Rivera #2,19,79,42602,Nitrogen dioxide (NO2),99,31080,"Los Angeles-Long Beach-Anaheim, CA",6,California,37,Los Angeles,34.01029,-118.0685
05/10/2024,AQS,1,11.2,ppb,10,Pico Rivera #2,19,79,42602,Nitrogen dioxide (NO2),99,31080,"Los Angeles-Long Beach-Anaheim, CA",6,California,37,Los Angeles,34.01029,-118.0685
05/11/2024,AQS,1,11.5,ppb,10,Pico Rivera #2,24,100,42602,Nitrogen dioxide (NO2),99,31080,"Los Angeles-Long Beach-Anaheim, CA",6,California,37,Los Angeles,34.01029,-118.0685
05/12/2024,AQS,1,12.9,ppb,11,Pico Rivera #2,24,100,42602,Nitrogen dioxide (NO2),99,31080,"Los Angeles-Long Beach-Anaheim, CA",6,California,37,Los Angeles,34.01029,-118.0685
05/13/2024,AQS,1,10,ppb,9,Pico Rivera #2,24,100,42602,Nitrogen dioxide (NO2),99,31080,"Los Angeles-Long Beach-Anaheim, CA",6,California,37,Los Angeles,34.01029,-118.0685
05/14/2024,AQS,1,13.7,ppb,12,Pico Rivera #2,20,83,42602,Nitrogen dioxide (NO2),99,31080,"Los Angeles-Long Beach-Anaheim, CA",6,California,37,Los Angeles,34.01029,-118.0685
05/15/2024,AQS,1,18.4,ppb,17,Pico Rivera #2,24,100,42602,Nitrogen dioxide (NO2),99,31080,"Los Angeles-Long Beach-Anaheim, CA",6,California,37,Los Angeles,34.01029,-118.0685
05/16/2024,AQS,1,14.6,ppb,13,Pico Rivera #2,24,100,42602,Nitrogen dioxide (NO2),99,31080,"Los Angeles-Long Beach-Anaheim, CA",6,California,37,Los Angeles,34.01029,-118.0685
05/18/2024,AQS,1,15.5,ppb,14,Pico Rivera #2,24,100,42602,Nitrogen dioxide (NO2),99,31080,"Los Angeles-Long Beach-Anaheim, CA",6,California,37,Los Angeles,34.01029,-118.0685
05/19/2024,AQS,1,13.3,ppb,12,Pico Rivera #2,24,100,42602,Nitrogen dioxide (NO2),99,31080,"Los Angeles-Long Beach-Anaheim, CA",6,California,37,Los Angeles,34.01029,-118.0685
05/20/2024,AQS,1,12.8,ppb,11,Pico Rivera #2,24,100,42602,Nitrogen dioxide (NO2),99,31080,"Los Angeles-Long Beach-Anaheim, CA",6,California,37,Los Angeles,34.01029,-118.0685
05/21/2024,AQS,1,15.7,ppb,14,Pico Rivera #2,24,100,42602,Nitrogen dioxide (NO2),99,31080,"Los Angeles-Long Beach-Anaheim, CA",6,California,37,Los Angeles,34.01029,-118.0685
05/22/2024,AQS,1,12.6,ppb,11,Pico Rivera #2,18,75,42602,Nitrogen dioxide (NO2),99,31080,"Los Angeles-Long Beach-Anaheim, CA",6,California,37,Los Angeles,34.01029,-118.0685
05/23/2024,AQS,1,21.1,ppb,20,Pico Rivera #2,20,83,42602,Nitrogen dioxide (NO2),99,31080,"Los Angeles-Long Beach-Anaheim, CA",6,California,37,Los Angeles,34.01029,-118.0685
05/24/2024,AQS,1,16.7,ppb,15,Pico Rivera #2,21,88,42602,Nitrogen dioxide (NO2),99,31080,"Los Angeles-Long Beach-Anaheim, CA",6,California,37,Los Angeles,34.01029,-118.0685
05/25/2024,AQS,1,14.8,ppb,13,Pico Rivera #2,24,100,42602,Nitrogen dioxide (NO2),99,31080,"Los Angeles-Long Beach-Anaheim, CA",6,California,37,Los Angeles,34.01029,-118.0685
05/26/2024,AQS,1,19.4,ppb,18,Pico Rivera #2,24,100,42602,Nitrogen dioxide (NO2),99,31080,"Los Angeles-Long Beach-Anaheim, CA",6,California,37,Los Angeles,34.01029,-118.0685
05/27/2024,AQS,1,17.2,ppb,16,Pico Rivera #2,24,100,42602,Nitrogen dioxide (NO2),99,31080,"Los Angeles-Long Beach-Anaheim, CA",6,California,37,Los Angeles,34.01029,-118.0685
05/28/2024,AQS,1,16.6,ppb,15,Pico Rivera #2,24,100,42602,Nitrogen dioxide (NO2),99,31080,"Los Angeles-Long Beach-Anaheim, CA",6,California,37,Los Angeles,34.01029,-118.0685
05/29/2024,AQS,1,16.1,ppb,15,Pico Rivera #2,24,100,42602,Nitrogen dioxide (NO2),99,31080,"Los Angeles-Long Beach-Anaheim, CA",6,California,37,Los Angeles,34.01029,-118.0685
05/30/2024,AQS,1,14.6,ppb,13,Pico Rivera #2,24,100,42602,Nitrogen dioxide (NO2),99,31080,"Los Angeles-Long Beach-Anaheim, CA",6,California,37,Los Angeles,34.01029,-118.0685
05/31/2024,AQS,1,15.3,ppb,14,Pico Rivera #2,24,100,42602,Nitrogen dioxide (NO2),99,31080,"Los Angeles-Long Beach-Anaheim, CA",6,California,37,Los Angeles,34.01029,-118.0685
06/01/2024,AQS,1,11.5,ppb,10,Pico Rivera #2,24,100,42602,Nitrogen dioxide (NO2),99,31080,"Los Angeles-Long Beach-Anaheim, CA",6,California,37,Los Angeles,34.01029,-118.0685
06/02/2024,AQS,1,16.8,ppb,15,Pico Rivera #2,24,100,42602,Nitrogen dioxide (NO2),99,31080,"Los Angeles-Long Beach-Anaheim, CA",6,California,37,Los Angeles,34.01029,-118.0685
06/03/2024,AQS,1,17.4,ppb,16,Pico Rivera #2,24,100,42602,Nitrogen dioxide (NO2),99,31080,"Los Angeles-Long Beach-Anaheim, CA",6,California,37,Los Angeles,34.01029,-118.0685
06/04/2024,AQS,1,12.7,ppb,11,Pico Rivera #2,24,100,42602,Nitrogen dioxide (NO2),99,31080,"Los Angeles-Long Beach-Anaheim, CA",6,California,37,Los Angeles,34.01029,-118.0685
06/05/2024,AQS,1,13.6,ppb,12,Pico Rivera #2,24,100,42602,Nitrogen dioxide (NO2),99,31080,"Los Angeles-Long Beach-Anaheim, CA",6,California,37,Los Angeles,34.01029,-118.0685
06/06/2024,AQS,1,22.3,ppb,21,Pico Rivera #2,24,100,42602,Nitrogen dioxide (NO2),99,31080,"Los Angeles-Long Beach-Anaheim, CA",6,California,37,Los Angeles,34.01029,-118.0685
06/07/2024,AQS,1,11.2,ppb,10,Pico Rivera #2,24,100,42602,Nitrogen dioxide (NO2),99,31080,"Los Angeles-Long Beach-Anaheim, CA",6,California,37,Los Angeles,34.01029,-118.0685
06/08/2024,AQS,1,6.4,ppb,6,Pico Rivera #2,24,100,42602,Nitrogen dioxide (NO2),99,31080,"Los Angeles-Long Beach-Anaheim, CA",6,California,37,Los Angeles,34.01029,-118.0685
06/09/2024,AQS,1,16.5,ppb,15,Pico Rivera #2,24,100,42602,Nitrogen dioxide (NO2),99,31080,"Los Angeles-Long Beach-Anaheim, CA",6,California,37,Los Angeles,34.01029,-118.0685
06/10/2024,AQS,1,18.3,ppb,17,Pico Rivera #2,24,100,42602,Nitrogen dioxide (NO2),99,31080,"Los Angeles-Long Beach-Anaheim, CA",6,California,37,Los Angeles,34.01029,-118.0685
06/11/2024,AQS,1,15,ppb,14,Pico Rivera #2,24,100,42602,Nitrogen dioxide (NO2),99,31080,"Los Angeles-Long Beach-Anaheim, CA",6,California,37,Los Angeles,34.01029,-118.0685
06/12/2024,AQS,1,13.2,ppb,12,Pico Rivera #2,24,100,42602,Nitrogen dioxide (NO2),99,31080,"Los Angeles-Long Beach-Anaheim, CA",6,California,37,Los Angeles,34.01029,-118.0685
06/13/2024,AQS,1,16.3,ppb,15,Pico Rivera #2,24,100,42602,Nitrogen dioxide (NO2),99,31080,"Los Angeles-Long Beach-Anaheim, CA",6,California,37,Los Angeles,34.01029,-118.0685
06/14/2024,AQS,1,18.7,ppb,17,Pico Rivera #2,22,92,42602,Nitrogen dioxide (NO2),99,31080,"Los Angeles-Long Beach-Anaheim, CA",6,California,37,Los Angeles,34.01029,-118.0685
06/15/2024,AQS,1,30.1,ppb,28,Pico Rivera #2,22,92,42602,Nitrogen dioxide (NO2),99,31080,"Los Angeles-Long Beach-Anaheim, CA",6,California,37,Los Angeles,34.01029,-118.0685
06/16/2024,AQS,1,11.1,ppb,10,Pico Rivera #2,24,100,42602,Nitrogen dioxide (NO2),99,31080,"Los Angeles-Long Beach-Anaheim, CA",6,California,37,Los Angeles,34.01029,-118.0685
06/17/2024,AQS,1,8.4,ppb,8,Pico Rivera #2,24,100,42602,Nitrogen dioxide (NO2),99,31080,"Los Angeles-Long Beach-Anaheim, CA",6,California,37,Los Angeles,34.01029,-118.0685
06/18/2024,AQS,1,8,ppb,8,Pico Rivera #2,20,83,42602,Nitrogen dioxide (NO2),99,31080,"Los Angeles-Long Beach-Anaheim, CA",6,California,37,Los Angeles,34.01029,-118.0685
06/19/2024,AQS,1,15.7,ppb,14,Pico Rivera #2,24,100,42602,Nitrogen dioxide (NO2),99,31080,"Los Angeles-Long Beach-Anaheim, CA",6,California,37,Los Angeles,34.01029,-118.0685
06/20/2024,AQS,1,26.2,ppb,25,Pico Rivera #2,23,96,42602,Nitrogen dioxide (NO2),99,31080,"Los Angeles-Long Beach-Anaheim, CA",6,California,37,Los Angeles,34.01029,-118.0685
06/22/2024,AQS,1,22.3,ppb,21,Pico Rivera #2,24,100,42602,Nitrogen dioxide (NO2),99,31080,"Los Angeles-Long Beach-Anaheim, CA",6,California,37,Los Angeles,34.01029,-118.0685
06/23/2024,AQS,1,31,ppb,29,Pico Rivera #2,24,100,42602,Nitrogen dioxide (NO2),99,31080,"Los Angeles-Long Beach-Anaheim, CA",6,California,37,Los Angeles,34.01029,-118.0685
06/24/2024,AQS,1,27.9,ppb,25,Pico Rivera #2,24,100,42602,Nitrogen dioxide (NO2),99,31080,"Los Angeles-Long Beach-Anaheim, CA",6,California,37,Los Angeles,34.01029,-118.0685
06/25/2024,AQS,1,25.8,ppb,24,Pico Rivera #2,18,75,42602,Nitrogen dioxide (NO2),99,31080,"Los Angeles-Long Beach-Anaheim, CA",6,California,37,Los Angeles,34.01029,-118.0685
06/26/2024,AQS,1,28.9,ppb,26,Pico Rivera #2,22,92,42602,Nitrogen dioxide (NO2),99,31080,"Los Angeles-Long Beach-Anaheim, CA",6,California,37,Los Angeles,34.01029,-118.0685
06/27/2024,AQS,1,23.2,ppb,22,Pico Rivera #2,24,100,42602,Nitrogen dioxide (NO2),99,31080,"Los Angeles-Long Beach-Anaheim, CA",6,California,37,Los Angeles,34.01029,-118.0685
06/28/2024,AQS,1,26,ppb,25,Pico Rivera #2,24,100,42602,Nitrogen dioxide (NO2),99,31080,"Los Angeles-Long Beach-Anaheim, CA",6,California,37,Los Angeles,34.01029,-118.0685
06/29/2024,AQS,1,22.2,ppb,21,Pico Rivera #2,24,100,42602,Nitrogen dioxide (NO2),99,31080,"Los Angeles-Long Beach-Anaheim, CA",6,California,37,Los Angeles,34.01029,-118.0685
06/30/2024,AQS,1,24.6,ppb,23,Pico Rivera #2,24,100,42602,Nitrogen dioxide (NO2),99,31080,"Los Angeles-Long Beach-Anaheim, CA",6,California,37,Los Angeles,34.01029,-118.0685
07/01/2024,AQS,1,16.2,ppb,15,Pico Rivera #2,24,100,42602,Nitrogen dioxide (NO2),99,31080,"Los Angeles-Long Beach-Anaheim, CA",6,California,37,Los Angeles,34.01029,-118.0685
07/02/2024,AQS,1,23.8,ppb,22,Pico Rivera #2,23,96,42602,Nitrogen dioxide (NO2),99,31080,"Los Angeles-Long Beach-Anaheim, CA",6,California,37,Los Angeles,34.01029,-118.0685
07/03/2024,AQS,1,35.9,ppb,33,Pico Rivera #2,24,100,42602,Nitrogen dioxide (NO2),99,31080,"Los Angeles-Long Beach-Anaheim, CA",6,California,37,Los Angeles,34.01029,-118.0685
07/04/2024,AQS,1,28.2,ppb,26,Pico Rivera #2,24,100,42602,Nitrogen dioxide (NO2),99,31080,"Los Angeles-Long Beach-Anaheim, CA",6,California,37,Los Angeles,34.01029,-118.0685
07/05/2024,AQS,1,19.9,ppb,18,Pico Rivera #2,22,92,42602,Nitrogen dioxide (NO2),99,31080,"Los Angeles-Long Beach-Anaheim, CA",6,California,37,Los Angeles,34.01029,-118.0685
07/06/2024,AQS,1,8.7,ppb,8,Pico Rivera #2,24,100,42602,Nitrogen dioxide (NO2),99,31080,"Los Angeles-Long Beach-Anaheim, CA",6,California,37,Los Angeles,34.01029,-118.0685
07/07/2024,AQS,1,15.8,ppb,14,Pico Rivera #2,24,100,42602,Nitrogen dioxide (NO2),99,31080,"Los Angeles-Long Beach-Anaheim, CA",6,California,37,Los Angeles,34.01029,-118.0685
07/08/2024,AQS,1,22.9,ppb,21,Pico Rivera #2,24,100,42602,Nitrogen dioxide (NO2),99,31080,"Los Angeles-Long Beach-Anaheim, CA",6,California,37,Los Angeles,34.01029,-118.0685
07/09/2024,AQS,1,29.1,ppb,27,Pico Rivera #2,24,100,42602,Nitrogen dioxide (NO2),99,31080,"Los Angeles-Long Beach-Anaheim, CA",6,California,37,Los Angeles,34.01029,-118.0685
07/10/2024,AQS,1,38.5,ppb,36,Pico Rivera #2,24,100,42602,Nitrogen dioxide (NO2),99,31080,"Los Angeles-Long Beach-Anaheim, CA",6,California,37,Los Angeles,34.01029,-118.0685
07/11/2024,AQS,1,23,ppb,22,Pico Rivera #2,24,100,42602,Nitrogen dioxide (NO2),99,31080,"Los Angeles-Long Beach-Anaheim, CA",6,California,37,Los Angeles,34.01029,-118.0685
07/12/2024,AQS,1,18,ppb,17,Pico Rivera #2,19,79,42602,Nitrogen dioxide (NO2),99,31080,"Los Angeles-Long Beach-Anaheim, CA",6,California,37,Los Angeles,34.01029,-118.0685
07/13/2024,AQS,1,17.9,ppb,16,Pico Rivera #2,24,100,42602,Nitrogen dioxide (NO2),99,31080,"Los Angeles-Long Beach-Anaheim, CA",6,California,37,Los Angeles,34.01029,-118.0685
07/14/2024,AQS,1,25.2,ppb,24,Pico Rivera #2,24,100,42602,Nitrogen dioxide (NO2),99,31080,"Los Angeles-Long Beach-Anaheim, CA",6,California,37,Los Angeles,34.01029,-118.0685
07/15/2024,AQS,1,18.7,ppb,17,Pico Rivera #2,24,100,42602,Nitrogen dioxide (NO2),99,31080,"Los Angeles-Long Beach-Anaheim, CA",6,California,37,Los Angeles,34.01029,-118.0685
07/16/2024,AQS,1,16.2,ppb,15,Pico Rivera #2,24,100,42602,Nitrogen dioxide (NO2),99,31080,"Los Angeles-Long Beach-Anaheim, CA",6,California,37,Los Angeles,34.01029,-118.0685
07/17/2024,AQS,1,22.7,ppb,21,Pico Rivera #2,24,100,42602,Nitrogen dioxide (NO2),99,31080,"Los Angeles-Long Beach-Anaheim, CA",6,California,37,Los Angeles,34.01029,-118.0685
07/18/2024,AQS,1,19.9,ppb,18,Pico Rivera #2,24,100,42602,Nitrogen dioxide (NO2),99,31080,"Los Angeles-Long Beach-Anaheim, CA",6,California,37,Los Angeles,34.01029,-118.0685
07/19/2024,AQS,1,23.4,ppb,22,Pico Rivera #2,22,92,42602,Nitrogen dioxide (NO2),99,31080,"Los Angeles-Long Beach-Anaheim, CA",6,California,37,Los Angeles,34.01029,-118.0685
07/20/2024,AQS,1,35.7,ppb,33,Pico Rivera #2,24,100,42602,Nitrogen dioxide (NO2),99,31080,"Los Angeles-Long Beach-Anaheim, CA",6,California,37,Los Angeles,34.01029,-118.0685
07/21/2024,AQS,1,13.5,ppb,12,Pico Rivera #2,24,100,42602,Nitrogen dioxide (NO2),99,31080,"Los Angeles-Long Beach-Anaheim, CA",6,California,37,Los Angeles,34.01029,-118.0685
07/22/2024,AQS,1,25.3,ppb,24,Pico Rivera #2,24,100,42602,Nitrogen dioxide (NO2),99,31080,"Los Angeles-Long Beach-Anaheim, CA",6,California,37,Los Angeles,34.01029,-118.0685
07/23/2024,AQS,1,27.1,ppb,25,Pico Rivera #2,24,100,42602,Nitrogen dioxide (NO2),99,31080,"Los Angeles-Long Beach-Anaheim, CA",6,California,37,Los Angeles,34.01029,-118.0685
07/24/2024,AQS,1,22.6,ppb,21,Pico Rivera #2,24,100,42602,Nitrogen dioxide (NO2),99,31080,"Los Angeles-Long Beach-Anaheim, CA",6,California,37,Los Angeles,34.01029,-118.0685
07/25/2024,AQS,1,28.7,ppb,26,Pico Rivera #2,24,100,42602,Nitrogen dioxide (NO2),99,31080,"Los Angeles-Long Beach-Anaheim, CA",6,California,37,Los Angeles,34.01029,-118.0685
07/26/2024,AQS,1,30,ppb,28,Pico Rivera #2,24,100,42602,Nitrogen dioxide (NO2),99,31080,"Los Angeles-Long Beach-Anaheim, CA",6,California,37,Los Angeles,34.01029,-118.0685
07/27/2024,AQS,1,15.9,ppb,14,Pico Rivera #2,24,100,42602,Nitrogen dioxide (NO2),99,31080,"Los Angeles-Long Beach-Anaheim, CA",6,California,37,Los Angeles,34.01029,-118.0685
07/28/2024,AQS,1,23.7,ppb,22,Pico Rivera #2,24,100,42602,Nitrogen dioxide (NO2),99,31080,"Los Angeles-Long Beach-Anaheim, CA",6,California,37,Los Angeles,34.01029,-118.0685
07/29/2024,AQS,1,27.4,ppb,25,Pico Rivera #2,24,100,42602,Nitrogen dioxide (NO2),99,31080,"Los Angeles-Long Beach-Anaheim, CA",6,California,37,Los Angeles,34.01029,-118.0685
07/30/2024,AQS,1,27.9,ppb,25,Pico Rivera #2,24,100,42602,Nitrogen dioxide (NO2),99,31080,"Los Angeles-Long Beach-Anaheim, CA",6,California,37,Los Angeles,34.01029,-118.0685
07/31/2024,AQS,1,31.6,ppb,29,Pico Rivera #2,21,88,42602,Nitrogen dioxide (NO2),99,31080,"Los Angeles-Long Beach-Anaheim, CA",6,California,37,Los Angeles,34.01029,-118.0685
08/01/2024,AQS,1,30.2,ppb,28,Pico Rivera #2,24,100,42602,Nitrogen dioxide (NO2),99,31080,"Los Angeles-Long Beach-Anaheim, CA",6,California,37,Los Angeles,34.01029,-118.0685
08/02/2024,AQS,1,30.8,ppb,28,Pico Rivera #2,24,100,42602,Nitrogen dioxide (NO2),99,31080,"Los Angeles-Long Beach-Anaheim, CA",6,California,37,Los Angeles,34.01029,-118.0685
08/03/2024,AQS,1,32.7,ppb,30,Pico Rivera #2,24,100,42602,Nitrogen dioxide (NO2),99,31080,"Los Angeles-Long Beach-Anaheim, CA",6,California,37,Los Angeles,34.01029,-118.0685
08/04/2024,AQS,1,27.9,ppb,25,Pico Rivera #2,24,100,42602,Nitrogen dioxide (NO2),99,31080,"Los Angeles-Long Beach-Anaheim, CA",6,California,37,Los Angeles,34.01029,-118.0685
08/05/2024,AQS,1,31.1,ppb,29,Pico Rivera #2,24,100,42602,Nitrogen dioxide (NO2),99,31080,"Los Angeles-Long Beach-Anaheim, CA",6,California,37,Los Angeles,34.01029,-118.0685
08/06/2024,AQS,1,25.5,ppb,24,Pico Rivera #2,24,100,42602,Nitrogen dioxide (NO2),99,31080,"Los Angeles-Long Beach-Anaheim, CA",6,California,37,Los Angeles,34.01029,-118.0685
08/07/2024,AQS,1,17.7,ppb,16,Pico Rivera #2,24,100,42602,Nitrogen dioxide (NO2),99,31080,"Los Angeles-Long Beach-Anaheim, CA",6,California,37,Los Angeles,34.01029,-118.0685
08/08/2024,AQS,1,27.2,ppb,25,Pico Rivera #2,24,100,42602,Nitrogen dioxide (NO2),99,31080,"Los Angeles-Long Beach-Anaheim, CA",6,California,37,Los Angeles,34.01029,-118.0685
08/09/2024,AQS,1,26.3,ppb,25,Pico Rivera #2,24,100,42602,Nitrogen dioxide (NO2),99,31080,"Los Angeles-Long Beach-Anaheim, CA",6,California,37,Los Angeles,34.01029,-118.0685
08/10/2024,AQS,1,23.1,ppb,22,Pico Rivera #2,24,100,42602,Nitrogen dioxide (NO2),99,31080,"Los Angeles-Long Beach-Anaheim, CA",6,California,37,Los Angeles,34.01029,-118.0685
08/11/2024,AQS,1,21.7,ppb,20,Pico Rivera #2,24,100,42602,Nitrogen dioxide (NO2),99,31080,"Los Angeles-Long Beach-Anaheim, CA",6,California,37,Los Angeles,34.01029,-118.0685
08/12/2024,AQS,1,34.7,ppb,32,Pico Rivera #2,24,100,42602,Nitrogen dioxide (NO2),99,31080,"Los Angeles-Long Beach-Anaheim, CA",6,California,37,Los Angeles,34.01029,-118.0685
08/13/2024,AQS,1,29.1,ppb,27,Pico Rivera #2,24,100,42602,Nitrogen dioxide (NO2),99,31080,"Los Angeles-Long Beach-Anaheim, CA",6,California,37,Los Angeles,34.01029,-118.0685
08/14/2024,AQS,1,29,ppb,27,Pico Rivera #2,22,92,42602,Nitrogen dioxide (NO2),99,31080,"Los Angeles-Long Beach-Anaheim, CA",6,California,37,Los Angeles,34.01029,-118.0685
08/15/2024,AQS,1,30.9,ppb,28,Pico Rivera #2,24,100,42602,Nitrogen dioxide (NO2),99,31080,"Los Angeles-Long Beach-Anaheim, CA",6,California,37,Los Angeles,34.01029,-118.0685
08/16/2024,AQS,1,18.1,ppb,17,Pico Rivera #2,24,100,42602,Nitrogen dioxide (NO2),99,31080,"Los Angeles-Long Beach-Anaheim, CA",6,California,37,Los Angeles,34.01029,-118.0685
08/17/2024,AQS,1,15.4,ppb,14,Pico Rivera #2,24,100,42602,Nitrogen dioxide (NO2),99,31080,"Los Angeles-Long Beach-Anaheim, CA",6,California,37,Los Angeles,34.01029,-118.0685
08/18/2024,AQS,1,22.2,ppb,21,Pico Rivera #2,24,100,42602,Nitrogen dioxide (NO2),99,31080,"Los Angeles-Long Beach-Anaheim, CA",6,California,37,Los Angeles,34.01029,-118.0685
08/19/2024,AQS,1,28.9,ppb,26,Pico Rivera #2,24,100,42602,Nitrogen dioxide (NO2),99,31080,"Los Angeles-Long Beach-Anaheim, CA",6,California,37,Los Angeles,34.01029,-118.0685
08/20/2024,AQS,1,32.7,ppb,30,Pico Rivera #2,24,100,42602,Nitrogen dioxide (NO2),99,31080,"Los Angeles-Long Beach-Anaheim, CA",6,California,37,Los Angeles,34.01029,-118.0685
08/21/2024,AQS,1,31.9,ppb,29,Pico Rivera #2,24,100,42602,Nitrogen dioxide (NO2),99,31080,"Los Angeles-Long Beach-Anaheim, CA",6,California,37,Los Angeles,34.01029,-118.0685
08/22/2024,AQS,1,21,ppb,20,Pico Rivera #2,24,100,42602,Nitrogen dioxide (NO2),99,31080,"Los Angeles-Long Beach-Anaheim, CA",6,California,37,Los Angeles,34.01029,-118.0685
08/23/2024,AQS,1,22.5,ppb,21,Pico Rivera #2,24,100,42602,Nitrogen dioxide (NO2),99,31080,"Los Angeles-Long Beach-Anaheim, CA",6,California,37,Los Angeles,34.01029,-118.0685
08/24/2024,AQS,1,20,ppb,19,Pico Rivera #2,24,100,42602,Nitrogen dioxide (NO2),99,31080,"Los Angeles-Long Beach-Anaheim, CA",6,California,37,Los Angeles,34.01029,-118.0685
08/25/2024,AQS,1,25.1,ppb,24,Pico Rivera #2,24,100,42602,Nitrogen dioxide (NO2),99,31080,"Los Angeles-Long Beach-Anaheim, CA",6,California,37,Los Angeles,34.01029,-118.0685
08/26/2024,AQS,1,28.2,ppb,26,Pico Rivera #2,24,100,42602,Nitrogen dioxide (NO2),99,31080,"Los Angeles-Long Beach-Anaheim, CA",6,California,37,Los Angeles,34.01029,-118.0685
08/27/2024,AQS,1,29.5,ppb,27,Pico Rivera #2,24,100,42602,Nitrogen dioxide (NO2),99,31080,"Los Angeles-Long Beach-Anaheim, CA",6,California,37,Los Angeles,34.01029,-118.0685
08/28/2024,AQS,1,21.6,ppb,20,Pico Rivera #2,24,100,42602,Nitrogen dioxide (NO2),99,31080,"Los Angeles-Long Beach-Anaheim, CA",6,California,37,Los Angeles,34.01029,-118.0685
08/29/2024,AQS,1,21.5,ppb,20,Pico Rivera #2,24,100,42602,Nitrogen dioxide (NO2),99,31080,"Los Angeles-Long Beach-Anaheim, CA",6,California,37,Los Angeles,34.01029,-118.0685
08/30/2024,AQS,1,27.7,ppb,25,Pico Rivera #2,24,100,42602,Nitrogen dioxide (NO2),99,31080,"Los Angeles-Long Beach-Anaheim, CA",6,California,37,Los Angeles,34.01029,-118.0685
08/31/2024,AQS,1,27,ppb,25,Pico Rivera #2,24,100,42602,Nitrogen dioxide (NO2),99,31080,"Los Angeles-Long Beach-Anaheim, CA",6,California,37,Los Angeles,34.01029,-118.0685
09/01/2024,AQS,1,24.7,ppb,23,Pico Rivera #2,24,100,42602,Nitrogen dioxide (NO2),99,31080,"Los Angeles-Long Beach-Anaheim, CA",6,California,37,Los Angeles,34.01029,-118.0685
09/02/2024,AQS,1,17.9,ppb,16,Pico Rivera #2,24,100,42602,Nitrogen dioxide (NO2),99,31080,"Los Angeles-Long Beach-Anaheim, CA",6,California,37,Los Angeles,34.01029,-118.0685
09/03/2024,AQS,1,24.2,ppb,23,Pico Rivera #2,24,100,42602,Nitrogen dioxide (NO2),99,31080,"Los Angeles-Long Beach-Anaheim, CA",6,California,37,Los Angeles,34.01029,-118.0685
09/04/2024,AQS,1,41.3,ppb,39,Pico Rivera #2,24,100,42602,Nitrogen dioxide (NO2),99,31080,"Los Angeles-Long Beach-Anaheim, CA",6,California,37,Los Angeles,34.01029,-118.0685
09/05/2024,AQS,1,37.3,ppb,35,Pico Rivera #2,24,100,42602,Nitrogen dioxide (NO2),99,31080,"Los Angeles-Long Beach-Anaheim, CA",6,California,37,Los Angeles,34.01029,-118.0685
09/06/2024,AQS,1,32.4,ppb,30,Pico Rivera #2,24,100,42602,Nitrogen dioxide (NO2),99,31080,"Los Angeles-Long Beach-Anaheim, CA",6,California,37,Los Angeles,34.01029,-118.0685
09/07/2024,AQS,1,31.4,ppb,29,Pico Rivera #2,24,100,42602,Nitrogen dioxide (NO2),99,31080,"Los Angeles-Long Beach-Anaheim, CA",6,California,37,Los Angeles,34.01029,-118.0685
09/08/2024,AQS,1,37.6,ppb,35,Pico Rivera #2,24,100,42602,Nitrogen dioxide (NO2),99,31080,"Los Angeles-Long Beach-Anaheim, CA",6,California,37,Los Angeles,34.01029,-118.0685
09/09/2024,AQS,1,62.1,ppb,60,Pico Rivera #2,24,100,42602,Nitrogen dioxide (NO2),99,31080,"Los Angeles-Long Beach-Anaheim, CA",6,California,37,Los Angeles,34.01029,-118.0685
09/10/2024,AQS,1,27.9,ppb,25,Pico Rivera #2,24,100,42602,Nitrogen dioxide (NO2),99,31080,"Los Angeles-Long Beach-Anaheim, CA",6,California,37,Los Angeles,34.01029,-118.0685
09/11/2024,AQS,1,24.7,ppb,23,Pico Rivera #2,24,100,42602,Nitrogen dioxide (NO2),99,31080,"Los Angeles-Long Beach-Anaheim, CA",6,California,37,Los Angeles,34.01029,-118.0685
09/12/2024,AQS,1,12.6,ppb,11,Pico Rivera #2,24,100,42602,Nitrogen dioxide (NO2),99,31080,"Los Angeles-Long Beach-Anaheim, CA",6,California,37,Los Angeles,34.01029,-118.0685
09/13/2024,AQS,1,17.9,ppb,16,Pico Rivera #2,24,100,42602,Nitrogen dioxide (NO2),99,31080,"Los Angeles-Long Beach-Anaheim, CA",6,California,37,Los Angeles,34.01029,-118.0685
09/14/2024,AQS,1,14,ppb,13,Pico Rivera #2,24,100,42602,Nitrogen dioxide (NO2),99,31080,"Los Angeles-Long Beach-Anaheim, CA",6,California,37,Los Angeles,34.01029,-118.0685
09/15/2024,AQS,1,13.8,ppb,12,Pico Rivera #2,24,100,42602,Nitrogen dioxide (NO2),99,31080,"Los Angeles-Long Beach-Anaheim, CA",6,California,37,Los Angeles,34.01029,-118.0685
09/16/2024,AQS,1,11,ppb,10,Pico Rivera #2,24,100,42602,Nitrogen dioxide (NO2),99,31080,"Los Angeles-Long Beach-Anaheim, CA",6,California,37,Los Angeles,34.01029,-118.0685
09/17/2024,AQS,1,23.2,ppb,22,Pico Rivera #2,24,100,42602,Nitrogen dioxide (NO2),99,31080,"Los Angeles-Long Beach-Anaheim, CA",6,California,37,Los Angeles,34.01029,-118.0685
09/18/2024,AQS,1,29.1,ppb,27,Pico Rivera #2,24,100,42602,Nitrogen dioxide (NO2),99,31080,"Los Angeles-Long Beach-Anaheim, CA",6,California,37,Los Angeles,34.01029,-118.0685
09/19/2024,AQS,1,23.3,ppb,22,Pico Rivera #2,18,75,42602,Nitrogen dioxide (NO2),99,31080,"Los Angeles-Long Beach-Anaheim, CA",6,California,37,Los Angeles,34.01029,-118.0685
09/20/2024,AQS,1,21.3,ppb,20,Pico Rivera #2,24,100,42602,Nitrogen dioxide (NO2),99,31080,"Los Angeles-Long Beach-Anaheim, CA",6,California,37,Los Angeles,34.01029,-118.0685
09/21/2024,AQS,1,21.4,ppb,20,Pico Rivera #2,24,100,42602,Nitrogen dioxide (NO2),99,31080,"Los Angeles-Long Beach-Anaheim, CA",6,California,37,Los Angeles,34.01029,-118.0685
09/22/2024,AQS,1,19.1,ppb,18,Pico Rivera #2,24,100,42602,Nitrogen dioxide (NO2),99,31080,"Los Angeles-Long Beach-Anaheim, CA",6,California,37,Los Angeles,34.01029,-118.0685
09/23/2024,AQS,1,36.3,ppb,34,Pico Rivera #2,24,100,42602,Nitrogen dioxide (NO2),99,31080,"Los Angeles-Long Beach-Anaheim, CA",6,California,37,Los Angeles,34.01029,-118.0685
09/24/2024,AQS,1,19.5,ppb,18,Pico Rivera #2,24,100,42602,Nitrogen dioxide (NO2),99,31080,"Los Angeles-Long Beach-Anaheim, CA",6,California,37,Los Angeles,34.01029,-118.0685
09/25/2024,AQS,1,23.5,ppb,22,Pico Rivera #2,24,100,42602,Nitrogen dioxide (NO2),99,31080,"Los Angeles-Long Beach-Anaheim, CA",6,California,37,Los Angeles,34.01029,-118.0685
09/26/2024,AQS,1,26.8,ppb,25,Pico Rivera #2,24,100,42602,Nitrogen dioxide (NO2),99,31080,"Los Angeles-Long Beach-Anaheim, CA",6,California,37,Los Angeles,34.01029,-118.0685
09/27/2024,AQS,1,24.7,ppb,23,Pico Rivera #2,24,100,42602,Nitrogen dioxide (NO2),99,31080,"Los Angeles-Long Beach-Anaheim, CA",6,California,37,Los Angeles,34.01029,-118.0685
09/28/2024,AQS,1,19.7,ppb,18,Pico Rivera #2,24,100,42602,Nitrogen dioxide (NO2),99,31080,"Los Angeles-Long Beach-Anaheim, CA",6,California,37,Los Angeles,34.01029,-118.0685
09/29/2024,AQS,1,27.3,ppb,25,Pico Rivera #2,24,100,42602,Nitrogen dioxide (NO2),99,31080,"Los Angeles-Long Beach-Anaheim, CA",6,California,37,Los Angeles,34.01029,-118.0685
09/30/2024,AQS,1,30,ppb,28,Pico Rivera #2,24,100,42602,Nitrogen dioxide (NO2),99,31080,"Los Angeles-Long Beach-Anaheim, CA",6,California,37,Los Angeles,34.01029,-118.0685
10/01/2024,AQS,1,41.6,ppb,39,Pico Rivera #2,24,100,42602,Nitrogen dioxide (NO2),99,31080,"Los Angeles-Long Beach-Anaheim, CA",6,California,37,Los Angeles,34.01029,-118.0685
10/02/2024,AQS,1,40.1,ppb,38,Pico Rivera #2,24,100,42602,Nitrogen dioxide (NO2),99,31080,"Los Angeles-Long Beach-Anaheim, CA",6,California,37,Los Angeles,34.01029,-118.0685
10/03/2024,AQS,1,25.8,ppb,24,Pico Rivera #2,24,100,42602,Nitrogen dioxide (NO2),99,31080,"Los Angeles-Long Beach-Anaheim, CA",6,California,37,Los Angeles,34.01029,-118.0685
10/04/2024,AQS,1,25.1,ppb,24,Pico Rivera #2,24,100,42602,Nitrogen dioxide (NO2),99,31080,"Los Angeles-Long Beach-Anaheim, CA",6,California,37,Los Angeles,34.01029,-118.0685
10/05/2024,AQS,1,28,ppb,26,Pico Rivera #2,24,100,42602,Nitrogen dioxide (NO2),99,31080,"Los Angeles-Long Beach-Anaheim, CA",6,California,37,Los Angeles,34.01029,-118.0685
10/06/2024,AQS,1,29.2,ppb,27,Pico Rivera #2,24,100,42602,Nitrogen dioxide (NO2),99,31080,"Los Angeles-Long Beach-Anaheim, CA",6,California,37,Los Angeles,34.01029,-118.0685
10/07/2024,AQS,1,43.2,ppb,41,Pico Rivera #2,24,100,42602,Nitrogen dioxide (NO2),99,31080,"Los Angeles-Long Beach-Anaheim, CA",6,California,37,Los Angeles,34.01029,-118.0685
10/08/2024,AQS,1,43.9,ppb,41,Pico Rivera #2,24,100,42602,Nitrogen dioxide (NO2),99,31080,"Los Angeles-Long Beach-Anaheim, CA",6,California,37,Los Angeles,34.01029,-118.0685
10/09/2024,AQS,1,31.7,ppb,29,Pico Rivera #2,24,100,42602,Nitrogen dioxide (NO2),99,31080,"Los Angeles-Long Beach-Anaheim, CA",6,California,37,Los Angeles,34.01029,-118.0685
10/10/2024,AQS,1,31.5,ppb,29,Pico Rivera #2,24,100,42602,Nitrogen dioxide (NO2),99,31080,"Los Angeles-Long Beach-Anaheim, CA",6,California,37,Los Angeles,34.01029,-118.0685
10/11/2024,AQS,1,40.8,ppb,38,Pico Rivera #2,19,79,42602,Nitrogen dioxide (NO2),99,31080,"Los Angeles-Long Beach-Anaheim, CA",6,California,37,Los Angeles,34.01029,-118.0685
10/12/2024,AQS,1,31.5,ppb,29,Pico Rivera #2,24,100,42602,Nitrogen dioxide (NO2),99,31080,"Los Angeles-Long Beach-Anaheim, CA",6,California,37,Los Angeles,34.01029,-118.0685
10/13/2024,AQS,1,22.7,ppb,21,Pico Rivera #2,24,100,42602,Nitrogen dioxide (NO2),99,31080,"Los Angeles-Long Beach-Anaheim, CA",6,California,37,Los Angeles,34.01029,-118.0685
10/14/2024,AQS,1,24.3,ppb,23,Pico Rivera #2,24,100,42602,Nitrogen dioxide (NO2),99,31080,"Los Angeles-Long Beach-Anaheim, CA",6,California,37,Los Angeles,34.01029,-118.0685
10/15/2024,AQS,1,16.7,ppb,15,Pico Rivera #2,19,79,42602,Nitrogen dioxide (NO2),99,31080,"Los Angeles-Long Beach-Anaheim, CA",6,California,37,Los Angeles,34.01029,-118.0685
10/16/2024,AQS,1,20.6,ppb,19,Pico Rivera #2,24,100,42602,Nitrogen dioxide (NO2),99,31080,"Los Angeles-Long Beach-Anaheim, CA",6,California,37,Los Angeles,34.01029,-118.0685
10/17/2024,AQS,1,18.3,ppb,17,Pico Rivera #2,24,100,42602,Nitrogen dioxide (NO2),99,31080,"Los Angeles-Long Beach-Anaheim, CA",6,California,37,Los Angeles,34.01029,-118.0685
10/18/2024,AQS,1,33.7,ppb,31,Pico Rivera #2,24,100,42602,Nitrogen dioxide (NO2),99,31080,"Los Angeles-Long Beach-Anaheim, CA",6,California,37,Los Angeles,34.01029,-118.0685
10/19/2024,AQS,1,38.3,ppb,36,Pico Rivera #2,24,100,42602,Nitrogen dioxide (NO2),99,31080,"Los Angeles-Long Beach-Anaheim, CA",6,California,37,Los Angeles,34.01029,-118.0685
10/20/2024,AQS,1,34,ppb,32,Pico Rivera #2,24,100,42602,Nitrogen dioxide (NO2),99,31080,"Los Angeles-Long Beach-Anaheim, CA",6,California,37,Los Angeles,34.01029,-118.0685
10/21/2024,AQS,1,41.9,ppb,39,Pico Rivera #2,24,100,42602,Nitrogen dioxide (NO2),99,31080,"Los Angeles-Long Beach-Anaheim, CA",6,California,37,Los Angeles,34.01029,-118.0685
10/22/2024,AQS,1,45.8,ppb,42,Pico Rivera #2,24,100,42602,Nitrogen dioxide (NO2),99,31080,"Los Angeles-Long Beach-Anaheim, CA",6,California,37,Los Angeles,34.01029,-118.0685
10/23/2024,AQS,1,47.8,ppb,44,Pico Rivera #2,24,100,42602,Nitrogen dioxide (NO2),99,31080,"Los Angeles-Long Beach-Anaheim, CA",6,California,37,Los Angeles,34.01029,-118.0685
10/24/2024,AQS,1,46.1,ppb,43,Pico Rivera #2,24,100,42602,Nitrogen dioxide (NO2),99,31080,"Los Angeles-Long Beach-Anaheim, CA",6,California,37,Los Angeles,34.01029,-118.0685
10/25/2024,AQS,1,40.3,ppb,38,Pico Rivera #2,24,100,42602,Nitrogen dioxide (NO2),99,31080,"Los Angeles-Long Beach-Anaheim, CA",6,California,37,Los Angeles,34.01029,-118.0685
10/26/2024,AQS,1,38.3,ppb,36,Pico Rivera #2,24,100,42602,Nitrogen dioxide (NO2),99,31080,"Los Angeles-Long Beach-Anaheim, CA",6,California,37,Los Angeles,34.01029,-118.0685
10/27/2024,AQS,1,30.9,ppb,28,Pico Rivera #2,24,100,42602,Nitrogen dioxide (NO2),99,31080,"Los Angeles-Long Beach-Anaheim, CA",6,California,37,Los Angeles,34.01029,-118.0685
10/28/2024,AQS,1,24.5,ppb,23,Pico Rivera #2,24,100,42602,Nitrogen dioxide (NO2),99,31080,"Los Angeles-Long Beach-Anaheim, CA",6,California,37,Los Angeles,34.01029,-118.0685
10/29/2024,AQS,1,28.3,ppb,26,Pico Rivera #2,24,100,42602,Nitrogen dioxide (NO2),99,31080,"Los Angeles-Long Beach-Anaheim, CA",6,California,37,Los Angeles,34.01029,-118.0685
10/30/2024,AQS,1,39.6,ppb,37,Pico Rivera #2,24,100,42602,Nitrogen dioxide (NO2),99,31080,"Los Angeles-Long Beach-Anaheim, CA",6,California,37,Los Angeles,34.01029,-118.0685
10/31/2024,AQS,1,37.6,ppb,35,Pico Rivera #2,24,100,42602,Nitrogen dioxide (NO2),99,31080,"Los Angeles-Long Beach-Anaheim, CA",6,California,37,Los Angeles,34.01029,-118.0685
11/01/2024,AQS,1,42.1,ppb,40,Pico Rivera #2,24,100,42602,Nitrogen dioxide (NO2),99,31080,"Los Angeles-Long Beach-Anaheim, CA",6,California,37,Los Angeles,34.01029,-118.0685
11/02/2024,AQS,1,26.3,ppb,25,Pico Rivera #2,24,100,42602,Nitrogen dioxide (NO2),99,31080,"Los Angeles-Long Beach-Anaheim, CA",6,California,37,Los Angeles,34.01029,-118.0685
11/03/2024,AQS,1,25.3,ppb,24,Pico Rivera #2,24,100,42602,Nitrogen dioxide (NO2),99,31080,"Los Angeles-Long Beach-Anaheim, CA",6,California,37,Los Angeles,34.01029,-118.0685
11/04/2024,AQS,1,38.8,ppb,36,Pico Rivera #2,24,100,42602,Nitrogen dioxide (NO2),99,31080,"Los Angeles-Long Beach-Anaheim, CA",6,California,37,Los Angeles,34.01029,-118.0685
11/05/2024,AQS,1,35.3,ppb,33,Pico Rivera #2,24,100,42602,Nitrogen dioxide (NO2),99,31080,"Los Angeles-Long Beach-Anaheim, CA",6,California,37,Los Angeles,34.01029,-118.0685
11/06/2024,AQS,1,32.4,ppb,30,Pico Rivera #2,21,88,42602,Nitrogen dioxide (NO2),99,31080,"Los Angeles-Long Beach-Anaheim, CA",6,California,37,Los Angeles,34.01029,-118.0685
11/07/2024,AQS,1,37.1,ppb,35,Pico Rivera #2,24,100,42602,Nitrogen dioxide (NO2),99,31080,"Los Angeles-Long Beach-Anaheim, CA",6,California,37,Los Angeles,34.01029,-118.0685
11/08/2024,AQS,1,40.3,ppb,38,Pico Rivera #2,24,100,42602,Nitrogen dioxide (NO2),99,31080,"Los Angeles-Long Beach-Anaheim, CA",6,California,37,Los Angeles,34.01029,-118.0685
11/09/2024,AQS,1,42,ppb,40,Pico Rivera #2,24,100,42602,Nitrogen dioxide (NO2),99,31080,"Los Angeles-Long Beach-Anaheim, CA",6,California,37,Los Angeles,34.01029,-118.0685
11/10/2024,AQS,1,44.9,ppb,42,Pico Rivera #2,24,100,42602,Nitrogen dioxide (NO2),99,31080,"Los Angeles-Long Beach-Anaheim, CA",6,California,37,Los Angeles,34.01029,-118.0685
11/11/2024,AQS,1,43.1,ppb,41,Pico Rivera #2,24,100,42602,Nitrogen dioxide (NO2),99,31080,"Los Angeles-Long Beach-Anaheim, CA",6,California,37,Los Angeles,34.01029,-118.0685
11/12/2024,AQS,1,39.6,ppb,37,Pico Rivera #2,24,100,42602,Nitrogen dioxide (NO2),99,31080,"Los Angeles-Long Beach-Anaheim, CA",6,California,37,Los Angeles,34.01029,-118.0685
11/13/2024,AQS,1,44.3,ppb,42,Pico Rivera #2,24,100,42602,Nitrogen dioxide (NO2),99,31080,"Los Angeles-Long Beach-Anaheim, CA",6,California,37,Los Angeles,34.01029,-118.0685
11/14/2024,AQS,1,38.8,ppb,36,Pico Rivera #2,19,79,42602,Nitrogen dioxide (NO2),99,31080,"Los Angeles-Long Beach-Anaheim, CA",6,California,37,Los Angeles,34.01029,-118.0685
11/15/2024,AQS,1,26.8,ppb,25,Pico Rivera #2,19,79,42602,Nitrogen dioxide (NO2),99,31080,"Los Angeles-Long Beach-Anaheim, CA",6,California,37,Los Angeles,34.01029,-118.0685
11/16/2024,AQS,1,25.9,ppb,24,Pico Rivera #2,24,100,42602,Nitrogen dioxide (NO2),99,31080,"Los Angeles-Long Beach-Anaheim, CA",6,California,37,Los Angeles,34.01029,-118.0685
11/17/2024,AQS,1,26,ppb,25,Pico Rivera #2,24,100,42602,Nitrogen dioxide (NO2),99,31080,"Los Angeles-Long Beach-Anaheim, CA",6,California,37,Los Angeles,34.01029,-118.0685
11/18/2024,AQS,1,31.7,ppb,29,Pico Rivera #2,24,100,42602,Nitrogen dioxide (NO2),99,31080,"Los Angeles-Long Beach-Anaheim, CA",6,California,37,Los Angeles,34.01029,-118.0685
11/19/2024,AQS,1,39.9,ppb,37,Pico Rivera #2,24,100,42602,Nitrogen dioxide (NO2),99,31080,"Los Angeles-Long Beach-Anaheim, CA",6,California,37,Los Angeles,34.01029,-118.0685
11/20/2024,AQS,1,53,ppb,50,Pico Rivera #2,24,100,42602,Nitrogen dioxide (NO2),99,31080,"Los Angeles-Long Beach-Anaheim, CA",6,California,37,Los Angeles,34.01029,-118.0685
11/21/2024,AQS,1,45.2,ppb,42,Pico Rivera #2,20,83,42602,Nitrogen dioxide (NO2),99,31080,"Los Angeles-Long Beach-Anaheim, CA",6,California,37,Los Angeles,34.01029,-118.0685
11/22/2024,AQS,1,44.6,ppb,42,Pico Rivera #2,18,75,42602,Nitrogen dioxide (NO2),99,31080,"Los Angeles-Long Beach-Anaheim, CA",6,California,37,Los Angeles,34.01029,-118.0685
11/23/2024,AQS,1,32.2,ppb,30,Pico Rivera #2,24,100,42602,Nitrogen dioxide (NO2),99,31080,"Los Angeles-Long Beach-Anaheim, CA",6,California,37,Los Angeles,34.01029,-118.0685
11/24/2024,AQS,1,21.1,ppb,20,Pico Rivera #2,24,100,42602,Nitrogen dioxide (NO2),99,31080,"Los Angeles-Long Beach-Anaheim, CA",6,California,37,Los Angeles,34.01029,-118.0685
11/25/2024,AQS,1,33.6,ppb,31,Pico Rivera #2,24,100,42602,Nitrogen dioxide (NO2),99,31080,"Los Angeles-Long Beach-Anaheim, CA",6,California,37,Los Angeles,34.01029,-118.0685
11/26/2024,AQS,1,33.8,ppb,31,Pico Rivera #2,18,75,42602,Nitrogen dioxide (NO2),99,31080,"Los Angeles-Long Beach-Anaheim, CA",6,California,37,Los Angeles,34.01029,-118.0685
11/27/2024,AQS,1,24.8,ppb,23,Pico Rivera #2,20,83,42602,Nitrogen dioxide (NO2),99,31080,"Los Angeles-Long Beach-Anaheim, CA",6,California,37,Los Angeles,34.01029,-118.0685
11/28/2024,AQS,1,24.6,ppb,23,Pico Rivera #2,24,100,42602,Nitrogen dioxide (NO2),99,31080,"Los Angeles-Long Beach-Anaheim, CA",6,California,37,Los Angeles,34.01029,-118.0685
11/29/2024,AQS,1,33.9,ppb,31,Pico Rivera #2,24,100,42602,Nitrogen dioxide (NO2),99,31080,"Los Angeles-Long Beach-Anaheim, CA",6,California,37,Los Angeles,34.01029,-118.0685
11/30/2024,AQS,1,37.6,ppb,35,Pico Rivera #2,24,100,42602,Nitrogen dioxide (NO2),99,31080,"Los Angeles-Long Beach-Anaheim, CA",6,California,37,Los Angeles,34.01029,-118.0685
12/01/2024,AQS,1,38.3,ppb,36,Pico Rivera #2,24,100,42602,Nitrogen dioxide (NO2),99,31080,"Los Angeles-Long Beach-Anaheim, CA",6,California,37,Los Angeles,34.01029,-118.0685
12/02/2024,AQS,1,48.1,ppb,45,Pico Rivera #2,24,100,42602,Nitrogen dioxide (NO2),99,31080,"Los Angeles-Long Beach-Anaheim, CA",6,California,37,Los Angeles,34.01029,-118.0685
12/03/2024,AQS,1,43.1,ppb,41,Pico Rivera #2,23,96,42602,Nitrogen dioxide (NO2),99,31080,"Los Angeles-Long Beach-Anaheim, CA",6,California,37,Los Angeles,34.01029,-118.0685
12/04/2024,AQS,1,36.9,ppb,34,Pico Rivera #2,24,100,42602,Nitrogen dioxide (NO2),99,31080,"Los Angeles-Long Beach-Anaheim, CA",6,California,37,Los Angeles,34.01029,-118.0685
12/05/2024,AQS,1,48.2,ppb,45,Pico Rivera #2,24,100,42602,Nitrogen dioxide (NO2),99,31080,"Los Angeles-Long Beach-Anaheim, CA",6,California,37,Los Angeles,34.01029,-118.0685
12/06/2024,AQS,1,62.1,ppb,60,Pico Rivera #2,24,100,42602,Nitrogen dioxide (NO2),99,31080,"Los Angeles-Long Beach-Anaheim, CA",6,California,37,Los Angeles,34.01029,-118.0685
12/07/2024,AQS,1,46.6,ppb,43,Pico Rivera #2,24,100,42602,Nitrogen dioxide (NO2),99,31080,"Los Angeles-Long Beach-Anaheim, CA",6,California,37,Los Angeles,34.01029,-118.0685
12/08/2024,AQS,1,33.6,ppb,31,Pico Rivera #2,24,100,42602,Nitrogen dioxide (NO2),99,31080,"Los Angeles-Long Beach-Anaheim, CA",6,California,37,Los Angeles,34.01029,-118.0685
12/09/2024,AQS,1,47.9,ppb,44,Pico Rivera #2,24,100,42602,Nitrogen dioxide (NO2),99,31080,"Los Angeles-Long Beach-Anaheim, CA",6,California,37,Los Angeles,34.01029,-118.0685
12/10/2024,AQS,1,46.2,ppb,43,Pico Rivera #2,24,100,42602,Nitrogen dioxide (NO2),99,31080,"Los Angeles-Long Beach-Anaheim, CA",6,California,37,Los Angeles,34.01029,-118.0685
12/11/2024,AQS,1,40.8,ppb,38,Pico Rivera #2,24,100,42602,Nitrogen dioxide (NO2),99,31080,"Los Angeles-Long Beach-Anaheim, CA",6,California,37,Los Angeles,34.01029,-118.0685
12/12/2024,AQS,1,38.8,ppb,36,Pico Rivera #2,24,100,42602,Nitrogen dioxide (NO2),99,31080,"Los Angeles-Long Beach-Anaheim, CA",6,California,37,Los Angeles,34.01029,-118.0685
12/13/2024,AQS,1,38.4,ppb,36,Pico Rivera #2,24,100,42602,Nitrogen dioxide (NO2),99,31080,"Los Angeles-Long Beach-Anaheim, CA",6,California,37,Los Angeles,34.01029,-118.0685
12/14/2024,AQS,1,28.3,ppb,26,Pico Rivera #2,24,100,42602,Nitrogen dioxide (NO2),99,31080,"Los Angeles-Long Beach-Anaheim, CA",6,California,37,Los Angeles,34.01029,-118.0685
12/15/2024,AQS,1,29.9,ppb,27,Pico Rivera #2,24,100,42602,Nitrogen dioxide (NO2),99,31080,"Los Angeles-Long Beach-Anaheim, CA",6,California,37,Los Angeles,34.01029,-118.0685
12/16/2024,AQS,1,42.7,ppb,40,Pico Rivera #2,24,100,42602,Nitrogen dioxide (NO2),99,31080,"Los Angeles-Long Beach-Anaheim, CA",6,California,37,Los Angeles,34.01029,-118.0685
12/17/2024,AQS,1,54,ppb,51,Pico Rivera #2,24,100,42602,Nitrogen dioxide (NO2),99,31080,"Los Angeles-Long Beach-Anaheim, CA",6,California,37,Los Angeles,34.01029,-118.0685
12/18/2024,AQS,1,45.8,ppb,42,Pico Rivera #2,24,100,42602,Nitrogen dioxide (NO2),99,31080,"Los Angeles-Long Beach-Anaheim, CA",6,California,37,Los Angeles,34.01029,-118.0685
12/19/2024,AQS,1,50.8,ppb,47,Pico Rivera #2,21,88,42602,Nitrogen dioxide (NO2),99,31080,"Los Angeles-Long Beach-Anaheim, CA",6,California,37,Los Angeles,34.01029,-118.0685
12/20/2024,AQS,1,54.8,ppb,51,Pico Rivera #2,24,100,42602,Nitrogen dioxide (NO2),99,31080,"Los Angeles-Long Beach-Anaheim, CA",6,California,37,Los Angeles,34.01029,-118.0685
12/21/2024,AQS,1,44.3,ppb,42,Pico Rivera #2,24,100,42602,Nitrogen dioxide (NO2),99,31080,"Los Angeles-Long Beach-Anaheim, CA",6,California,37,Los Angeles,34.01029,-118.0685
12/22/2024,AQS,1,41.2,ppb,39,Pico Rivera #2,24,100,42602,Nitrogen dioxide (NO2),99,31080,"Los Angeles-Long Beach-Anaheim, CA",6,California,37,Los Angeles,34.01029,-118.0685
12/23/2024,AQS,1,42.3,ppb,40,Pico Rivera #2,24,100,42602,Nitrogen dioxide (NO2),99,31080,"Los Angeles-Long Beach-Anaheim, CA",6,California,37,Los Angeles,34.01029,-118.0685
12/24/2024,AQS,1,27.4,ppb,25,Pico Rivera #2,18,75,42602,Nitrogen dioxide (NO2),99,31080,"Los Angeles-Long Beach-Anaheim, CA",6,California,37,Los Angeles,34.01029,-118.0685
12/25/2024,AQS,1,34.6,ppb,32,Pico Rivera #2,24,100,42602,Nitrogen dioxide (NO2),99,31080,"Los Angeles-Long Beach-Anaheim, CA",6,California,37,Los Angeles,34.01029,-118.0685
12/26/2024,AQS,1,26.5,ppb,25,Pico Rivera #2,19,79,42602,Nitrogen dioxide (NO2),99,31080,"Los Angeles-Long Beach-Anaheim, CA",6,California,37,Los Angeles,34.01029,-118.0685
12/27/2024,AQS,1,28.4,ppb,26,Pico Rivera #2,24,100,42602,Nitrogen dioxide (NO2),99,31080,"Los Angeles-Long Beach-Anaheim, CA",6,California,37,Los Angeles,34.01029,-118.0685
12/28/2024,AQS,1,25.4,ppb,24,Pico Rivera #2,24,100,42602,Nitrogen dioxide (NO2),99,31080,"Los Angeles-Long Beach-Anaheim, CA",6,California,37,Los Angeles,34.01029,-118.0685
12/29/2024,AQS,1,24.8,ppb,23,Pico Rivera #2,24,100,42602,Nitrogen dioxide (NO2),99,31080,"Los Angeles-Long Beach-Anaheim, CA",6,California,37,Los Angeles,34.01029,-118.0685
12/30/2024,AQS,1,30.2,ppb,28,Pico Rivera #2,24,100,42602,Nitrogen dioxide (NO2),99,31080,"Los Angeles-Long Beach-Anaheim, CA",6,California,37,Los Angeles,34.01029,-118.0685
12/31/2024,AQS,1,41.9,ppb,39,Pico Rivera #2,24,100,42602,Nitrogen dioxide (NO2),99,31080,"Los Angeles-Long Beach-Anaheim, CA",6,California,37,Los Angeles,34.01029,-118.0685
01/01/2025,AQS,1,31.2,ppb,29,Pico Rivera #2,24,100,42602,Nitrogen dioxide (NO2),99,31080,"Los Angeles-Long Beach-Anaheim, CA",6,California,37,Los Angeles,34.01029,-118.0685
01/02/2025,AQS,1,60.4,ppb,57,Pico Rivera #2,24,100,42602,Nitrogen dioxide (NO2),99,31080,"Los Angeles-Long Beach-Anaheim, CA",6,California,37,Los Angeles,34.01029,-118.0685
01/03/2025,AQS,1,52.7,ppb,49,Pico Rivera #2,24,100,42602,Nitrogen dioxide (NO2),99,31080,"Los Angeles-Long Beach-Anaheim, CA",6,California,37,Los Angeles,34.01029,-118.0685
01/04/2025,AQS,1,31.8,ppb,29,Pico Rivera #2,24,100,42602,Nitrogen dioxide (NO2),99,31080,"Los Angeles-Long Beach-Anaheim, CA",6,California,37,Los Angeles,34.01029,-118.0685
01/05/2025,AQS,1,39.5,ppb,37,Pico Rivera #2,24,100,42602,Nitrogen dioxide (NO2),99,31080,"Los Angeles-Long Beach-Anaheim, CA",6,California,37,Los Angeles,34.01029,-118.0685
01/06/2025,AQS,1,44.1,ppb,42,Pico Rivera #2,24,100,42602,Nitrogen dioxide (NO2),99,31080,"Los Angeles-Long Beach-Anaheim, CA",6,California,37,Los Angeles,34.01029,-118.0685
01/07/2025,AQS,1,32.7,ppb,30,Pico Rivera #2,24,100,42602,Nitrogen dioxide (NO2),99,31080,"Los Angeles-Long Beach-Anaheim, CA",6,California,37,Los Angeles,34.01029,-118.0685
01/08/2025,AQS,1,40.7,ppb,38,Pico Rivera #2,24,100,42602,Nitrogen dioxide (NO2),99,31080,"Los Angeles-Long Beach-Anaheim, CA",6,California,37,Los Angeles,34.01029,-118.0685
01/09/2025,AQS,1,51.7,ppb,48,Pico Rivera #2,24,100,42602,Nitrogen dioxide (NO2),99,31080,"Los Angeles-Long Beach-Anaheim, CA",6,California,37,Los Angeles,34.01029,-118.0685
01/10/2025,AQS,1,48.7,ppb,45,Pico Rivera #2,24,100,42602,Nitrogen dioxide (NO2),99,31080,"Los Angeles-Long Beach-Anaheim, CA",6,California,37,Los Angeles,34.01029,-118.0685
01/11/2025,AQS,1,41.6,ppb,39,Pico Rivera #2,24,100,42602,Nitrogen dioxide (NO2),99,31080,"Los Angeles-Long Beach-Anaheim, CA",6,California,37,Los Angeles,34.01029,-118.0685
01/12/2025,AQS,1,35.1,ppb,33,Pico Rivera #2,24,100,42602,Nitrogen dioxide (NO2),99,31080,"Los Angeles-Long Beach-Anaheim, CA",6,California,37,Los Angeles,34.01029,-118.0685
01/13/2025,AQS,1,40.1,ppb,38,Pico Rivera #2,24,100,42602,Nitrogen dioxide (NO2),99,31080,"Los Angeles-Long Beach-Anaheim, CA",6,California,37,Los Angeles,34.01029,-118.0685
01/14/2025,AQS,1,40.1,ppb,38,Pico Rivera #2,24,100,42602,Nitrogen dioxide (NO2),99,31080,"Los Angeles-Long Beach-Anaheim, CA",6,California,37,Los Angeles,34.01029,-118.0685
01/15/2025,AQS,1,39.3,ppb,37,Pico Rivera #2,24,100,42602,Nitrogen dioxide (NO2),99,31080,"Los Angeles-Long Beach-Anaheim, CA",6,California,37,Los Angeles,34.01029,-118.0685
01/16/2025,AQS,1,37,ppb,35,Pico Rivera #2,24,100,42602,Nitrogen dioxide (NO2),99,31080,"Los Angeles-Long Beach-Anaheim, CA",6,California,37,Los Angeles,34.01029,-118.0685
01/17/2025,AQS,1,31.7,ppb,29,Pico Rivera #2,24,100,42602,Nitrogen dioxide (NO2),99,31080,"Los Angeles-Long Beach-Anaheim, CA",6,California,37,Los Angeles,34.01029,-118.0685
01/18/2025,AQS,1,26.3,ppb,25,Pico Rivera #2,24,100,42602,Nitrogen dioxide (NO2),99,31080,"Los Angeles-Long Beach-Anaheim, CA",6,California,37,Los Angeles,34.01029,-118.0685
01/19/2025,AQS,1,24.5,ppb,23,Pico Rivera #2,24,100,42602,Nitrogen dioxide (NO2),99,31080,"Los Angeles-Long Beach-Anaheim, CA",6,California,37,Los Angeles,34.01029,-118.0685
01/20/2025,AQS,1,34.6,ppb,32,Pico Rivera #2,24,100,42602,Nitrogen dioxide (NO2),99,31080,"Los Angeles-Long Beach-Anaheim, CA",6,California,37,Los Angeles,34.01029,-118.0685
01/21/2025,AQS,1,44.5,ppb,42,Pico Rivera #2,24,100,42602,Nitrogen dioxide (NO2),99,31080,"Los Angeles-Long Beach-Anaheim, CA",6,California,37,Los Angeles,34.01029,-118.0685
01/22/2025,AQS,1,43.4,ppb,41,Pico Rivera #2,24,100,42602,Nitrogen dioxide (NO2),99,31080,"Los Angeles-Long Beach-Anaheim, CA",6,California,37,Los Angeles,34.01029,-118.0685
01/23/2025,AQS,1,43.9,ppb,41,Pico Rivera #2,24,100,42602,Nitrogen dioxide (NO2),99,31080,"Los Angeles-Long Beach-Anaheim, CA",6,California,37,Los Angeles,34.01029,-118.0685
01/24/2025,AQS,1,43.4,ppb,41,Pico Rivera #2,24,100,42602,Nitrogen dioxide (NO2),99,31080,"Los Angeles-Long Beach-Anaheim, CA",6,California,37,Los Angeles,34.01029,-118.0685
01/25/2025,AQS,1,36.9,ppb,34,Pico Rivera #2,24,100,42602,Nitrogen dioxide (NO2),99,31080,"Los Angeles-Long Beach-Anaheim, CA",6,California,37,Los Angeles,34.01029,-118.0685
01/26/2025,AQS,1,14.6,ppb,13,Pico Rivera #2,24,100,42602,Nitrogen dioxide (NO2),99,31080,"Los Angeles-Long Beach-Anaheim, CA",6,California,37,Los Angeles,34.01029,-118.0685
01/27/2025,AQS,1,31,ppb,29,Pico Rivera #2,24,100,42602,Nitrogen dioxide (NO2),99,31080,"Los Angeles-Long Beach-Anaheim, CA",6,California,37,Los Angeles,34.01029,-118.0685
01/28/2025,AQS,1,25.5,ppb,24,Pico Rivera #2,24,100,42602,Nitrogen dioxide (NO2),99,31080,"Los Angeles-Long Beach-Anaheim, CA",6,California,37,Los Angeles,34.01029,-118.0685
01/29/2025,AQS,1,35.2,ppb,33,Pico Rivera #2,24,100,42602,Nitrogen dioxide (NO2),99,31080,"Los Angeles-Long Beach-Anaheim, CA",6,California,37,Los Angeles,34.01029,-118.0685
01/30/2025,AQS,1,35.2,ppb,33,Pico Rivera #2,24,100,42602,Nitrogen dioxide (NO2),99,31080,"Los Angeles-Long Beach-Anaheim, CA",6,California,37,Los Angeles,34.01029,-118.0685
01/31/2025,AQS,1,30.5,ppb,28,Pico Rivera #2,24,100,42602,Nitrogen dioxide (NO2),99,31080,"Los Angeles-Long Beach-Anaheim, CA",6,California,37,Los Angeles,34.01029,-118.0685
02/01/2025,AQS,1,29.4,ppb,27,Pico Rivera #2,24,100,42602,Nitrogen dioxide (NO2),99,31080,"Los Angeles-Long Beach-Anaheim, CA",6,California,37,Los Angeles,34.01029,-118.0685
02/02/2025,AQS,1,29.1,ppb,27,Pico Rivera #2,24,100,42602,Nitrogen dioxide (NO2),99,31080,"Los Angeles-Long Beach-Anaheim, CA",6,California,37,Los Angeles,34.01029,-118.0685
02/03/2025,AQS,1,33.6,ppb,31,Pico Rivera #2,24,100,42602,Nitrogen dioxide (NO2),99,31080,"Los Angeles-Long Beach-Anaheim, CA",6,California,37,Los Angeles,34.01029,-118.0685
02/04/2025,AQS,1,23.5,ppb,22,Pico Rivera #2,24,100,42602,Nitrogen dioxide (NO2),99,31080,"Los Angeles-Long Beach-Anaheim, CA",6,California,37,Los Angeles,34.01029,-118.0685
02/05/2025,AQS,1,22.7,ppb,21,Pico Rivera #2,24,100,42602,Nitrogen dioxide (NO2),99,31080,"Los Angeles-Long Beach-Anaheim, CA",6,California,37,Los Angeles,34.01029,-118.0685
02/06/2025,AQS,1,14.5,ppb,13,Pico Rivera #2,24,100,42602,Nitrogen dioxide (NO2),99,31080,"Los Angeles-Long Beach-Anaheim, CA",6,California,37,Los Angeles,34.01029,-118.0685
02/07/2025,AQS,1,15.8,ppb,14,Pico Rivera #2,22,92,42602,Nitrogen dioxide (NO2),99,31080,"Los Angeles-Long Beach-Anaheim, CA",6,California,37,Los Angeles,34.01029,-118.0685
02/08/2025,AQS,1,24.7,ppb,23,Pico Rivera #2,24,100,42602,Nitrogen dioxide (NO2),99,31080,"Los Angeles-Long Beach-Anaheim, CA",6,California,37,Los Angeles,34.01029,-118.0685
02/09/2025,AQS,1,24.7,ppb,23,Pico Rivera #2,24,100,42602,Nitrogen dioxide (NO2),99,31080,"Los Angeles-Long Beach-Anaheim, CA",6,California,37,Los Angeles,34.01029,-118.0685
02/10/2025,AQS,1,25.5,ppb,24,Pico Rivera #2,24,100,42602,Nitrogen dioxide (NO2),99,31080,"Los Angeles-Long Beach-Anaheim, CA",6,California,37,Los Angeles,34.01029,-118.0685
02/11/2025,AQS,1,19.6,ppb,18,Pico Rivera #2,24,100,42602,Nitrogen dioxide (NO2),99,31080,"Los Angeles-Long Beach-Anaheim, CA",6,California,37,Los Angeles,34.01029,-118.0685
02/12/2025,AQS,1,14.4,ppb,13,Pico Rivera #2,24,100,42602,Nitrogen dioxide (NO2),99,31080,"Los Angeles-Long Beach-Anaheim, CA",6,California,37,Los Angeles,34.01029,-118.0685
02/13/2025,AQS,1,20,ppb,19,Pico Rivera #2,24,100,42602,Nitrogen dioxide (NO2),99,31080,"Los Angeles-Long Beach-Anaheim, CA",6,California,37,Los Angeles,34.01029,-118.0685
02/14/2025,AQS,1,20.3,ppb,19,Pico Rivera #2,24,100,42602,Nitrogen dioxide (NO2),99,31080,"Los Angeles-Long Beach-Anaheim, CA",6,California,37,Los Angeles,34.01029,-118.0685
02/15/2025,AQS,1,27.8,ppb,25,Pico Rivera #2,24,100,42602,Nitrogen dioxide (NO2),99,31080,"Los Angeles-Long Beach-Anaheim, CA",6,California,37,Los Angeles,34.01029,-118.0685
02/16/2025,AQS,1,28.3,ppb,26,Pico Rivera #2,24,100,42602,Nitrogen dioxide (NO2),99,31080,"Los Angeles-Long Beach-Anaheim, CA",6,California,37,Los Angeles,34.01029,-118.0685
02/17/2025,AQS,1,30,ppb,28,Pico Rivera #2,24,100,42602,Nitrogen dioxide (NO2),99,31080,"Los Angeles-Long Beach-Anaheim, CA",6,California,37,Los Angeles,34.01029,-118.0685
02/18/2025,AQS,1,30.9,ppb,28,Pico Rivera #2,24,100,42602,Nitrogen dioxide (NO2),99,31080,"Los Angeles-Long Beach-Anaheim, CA",6,California,37,Los Angeles,34.01029,-118.0685
02/19/2025,AQS,1,32.7,ppb,30,Pico Rivera #2,24,100,42602,Nitrogen dioxide (NO2),99,31080,"Los Angeles-Long Beach-Anaheim, CA",6,California,37,Los Angeles,34.01029,-118.0685
02/20/2025,AQS,1,41.7,ppb,39,Pico Rivera #2,22,92,42602,Nitrogen dioxide (NO2),99,31080,"Los Angeles-Long Beach-Anaheim, CA",6,California,37,Los Angeles,34.01029,-118.0685
02/21/2025,AQS,1,37.4,ppb,35,Pico Rivera #2,24,100,42602,Nitrogen dioxide (NO2),99,31080,"Los Angeles-Long Beach-Anaheim, CA",6,California,37,Los Angeles,34.01029,-118.0685
02/22/2025,AQS,1,34.9,ppb,32,Pico Rivera #2,24,100,42602,Nitrogen dioxide (NO2),99,31080,"Los Angeles-Long Beach-Anaheim, CA",6,California,37,Los Angeles,34.01029,-118.0685
02/23/2025,AQS,1,35.1,ppb,33,Pico Rivera #2,24,100,42602,Nitrogen dioxide (NO2),99,31080,"Los Angeles-Long Beach-Anaheim, CA",6,California,37,Los Angeles,34.01029,-118.0685
02/24/2025,AQS,1,38.5,ppb,36,Pico Rivera #2,24,100,42602,Nitrogen dioxide (NO2),99,31080,"Los Angeles-Long Beach-Anaheim, CA",6,California,37,Los Angeles,34.01029,-118.0685
02/25/2025,AQS,1,34.4,ppb,32,Pico Rivera #2,24,100,42602,Nitrogen dioxide (NO2),99,31080,"Los Angeles-Long Beach-Anaheim, CA",6,California,37,Los Angeles,34.01029,-118.0685
02/26/2025,AQS,1,61.8,ppb,58,Pico Rivera #2,24,100,42602,Nitrogen dioxide (NO2),99,31080,"Los Angeles-Long Beach-Anaheim, CA",6,California,37,Los Angeles,34.01029,-118.0685
02/27/2025,AQS,1,50.1,ppb,47,Pico Rivera #2,24,100,42602,Nitrogen dioxide (NO2),99,31080,"Los Angeles-Long Beach-Anaheim, CA",6,California,37,Los Angeles,34.01029,-118.0685
02/28/2025,AQS,1,37.9,ppb,35,Pico Rivera #2,24,100,42602,Nitrogen dioxide (NO2),99,31080,"Los Angeles-Long Beach-Anaheim, CA",6,California,37,Los Angeles,34.01029,-118.0685
03/01/2025,AQS,1,10.3,ppb,9,Pico Rivera #2,24,100,42602,Nitrogen dioxide (NO2),99,31080,"Los Angeles-Long Beach-Anaheim, CA",6,California,37,Los Angeles,34.01029,-118.0685
03/02/2025,AQS,1,15.6,ppb,14,Pico Rivera #2,24,100,42602,Nitrogen dioxide (NO2),99,31080,"Los Angeles-Long Beach-Anaheim, CA",6,California,37,Los Angeles,34.01029,-118.0685
03/03/2025,AQS,1,29.9,ppb,27,Pico Rivera #2,24,100,42602,Nitrogen dioxide (NO2),99,31080,"Los Angeles-Long Beach-Anaheim, CA",6,California,37,Los Angeles,34.01029,-118.0685
03/04/2025,AQS,1,25.6,ppb,24,Pico Rivera #2,24,100,42602,Nitrogen dioxide (NO2),99,31080,"Los Angeles-Long Beach-Anaheim, CA",6,California,37,Los Angeles,34.01029,-118.0685
03/05/2025,AQS,1,28.3,ppb,26,Pico Rivera #2,24,100,42602,Nitrogen dioxide (NO2),99,31080,"Los Angeles-Long Beach-Anaheim, CA",6,California,37,Los Angeles,34.01029,-118.0685
03/06/2025,AQS,1,24.8,ppb,23,Pico Rivera #2,24,100,42602,Nitrogen dioxide (NO2),99,31080,"Los Angeles-Long Beach-Anaheim, CA",6,California,37,Los Angeles,34.01029,-118.0685
03/07/2025,AQS,1,22.4,ppb,21,Pico Rivera #2,24,100,42602,Nitrogen dioxide (NO2),99,31080,"Los Angeles-Long Beach-Anaheim, CA",6,California,37,Los Angeles,34.01029,-118.0685
03/08/2025,AQS,1,25.7,ppb,24,Pico Rivera #2,24,100,42602,Nitrogen dioxide (NO2),99,31080,"Los Angeles-Long Beach-Anaheim, CA",6,California,37,Los Angeles,34.01029,-118.0685
03/09/2025,AQS,1,29.4,ppb,27,Pico Rivera #2,24,100,42602,Nitrogen dioxide (NO2),99,31080,"Los Angeles-Long Beach-Anaheim, CA",6,California,37,Los Angeles,34.01029,-118.0685
03/10/2025,AQS,1,33,ppb,31,Pico Rivera #2,24,100,42602,Nitrogen dioxide (NO2),99,31080,"Los Angeles-Long Beach-Anaheim, CA",6,California,37,Los Angeles,34.01029,-118.0685
03/11/2025,AQS,1,27.1,ppb,25,Pico Rivera #2,24,100,42602,Nitrogen dioxide (NO2),99,31080,"Los Angeles-Long Beach-Anaheim, CA",6,California,37,Los Angeles,34.01029,-118.0685
03/12/2025,AQS,1,24.1,ppb,23,Pico Rivera #2,24,100,42602,Nitrogen dioxide (NO2),99,31080,"Los Angeles-Long Beach-Anaheim, CA",6,California,37,Los Angeles,34.01029,-118.0685
03/13/2025,AQS,1,14.5,ppb,13,Pico Rivera #2,24,100,42602,Nitrogen dioxide (NO2),99,31080,"Los Angeles-Long Beach-Anaheim, CA",6,California,37,Los Angeles,34.01029,-118.0685
03/14/2025,AQS,1,26.4,ppb,25,Pico Rivera #2,24,100,42602,Nitrogen dioxide (NO2),99,31080,"Los Angeles-Long Beach-Anaheim, CA",6,California,37,Los Angeles,34.01029,-118.0685
03/15/2025,AQS,1,22.4,ppb,21,Pico Rivera #2,24,100,42602,Nitrogen dioxide (NO2),99,31080,"Los Angeles-Long Beach-Anaheim, CA",6,California,37,Los Angeles,34.01029,-118.0685
03/16/2025,AQS,1,20.8,ppb,19,Pico Rivera #2,24,100,42602,Nitrogen dioxide (NO2),99,31080,"Los Angeles-Long Beach-Anaheim, CA",6,California,37,Los Angeles,34.01029,-118.0685
03/17/2025,AQS,1,24.9,ppb,23,Pico Rivera #2,24,100,42602,Nitrogen dioxide (NO2),99,31080,"Los Angeles-Long Beach-Anaheim, CA",6,California,37,Los Angeles,34.01029,-118.0685
03/18/2025,AQS,1,27.7,ppb,25,Pico Rivera #2,24,100,42602,Nitrogen dioxide (NO2),99,31080,"Los Angeles-Long Beach-Anaheim, CA",6,California,37,Los Angeles,34.01029,-118.0685
03/19/2025,AQS,1,35.5,ppb,33,Pico Rivera #2,24,100,42602,Nitrogen dioxide (NO2),99,31080,"Los Angeles-Long Beach-Anaheim, CA",6,California,37,Los Angeles,34.01029,-118.0685
03/20/2025,AQS,1,34.9,ppb,32,Pico Rivera #2,24,100,42602,Nitrogen dioxide (NO2),99,31080,"Los Angeles-Long Beach-Anaheim, CA",6,California,37,Los Angeles,34.01029,-118.0685
03/21/2025,AQS,1,33.3,ppb,31,Pico Rivera #2,24,100,42602,Nitrogen dioxide (NO2),99,31080,"Los Angeles-Long Beach-Anaheim, CA",6,California,37,Los Angeles,34.01029,-118.0685
03/22/2025,AQS,1,26,ppb,25,Pico Rivera #2,24,100,42602,Nitrogen dioxide (NO2),99,31080,"Los Angeles-Long Beach-Anaheim, CA",6,California,37,Los Angeles,34.01029,-118.0685
03/23/2025,AQS,1,24.7,ppb,23,Pico Rivera #2,24,100,42602,Nitrogen dioxide (NO2),99,31080,"Los Angeles-Long Beach-Anaheim, CA",6,California,37,Los Angeles,34.01029,-118.0685
03/24/2025,AQS,1,28.6,ppb,26,Pico Rivera #2,24,100,42602,Nitrogen dioxide (NO2),99,31080,"Los Angeles-Long Beach-Anaheim, CA",6,California,37,Los Angeles,34.01029,-118.0685
03/25/2025,AQS,1,23.8,ppb,22,Pico Rivera #2,24,100,42602,Nitrogen dioxide (NO2),99,31080,"Los Angeles-Long Beach-Anaheim, CA",6,California,37,Los Angeles,34.01029,-118.0685
03/26/2025,AQS,1,14,ppb,13,Pico Rivera #2,24,100,42602,Nitrogen dioxide (NO2),99,31080,"Los Angeles-Long Beach-Anaheim, CA",6,California,37,Los Angeles,34.01029,-118.0685
03/27/2025,AQS,1,15.9,ppb,14,Pico Rivera #2,23,96,42602,Nitrogen dioxide (NO2),99,31080,"Los Angeles-Long Beach-Anaheim, CA",6,California,37,Los Angeles,34.01029,-118.0685
03/28/2025,AQS,1,28,ppb,26,Pico Rivera #2,24,100,42602,Nitrogen dioxide (NO2),99,31080,"Los Angeles-Long Beach-Anaheim, CA",6,California,37,Los Angeles,34.01029,-118.0685
03/29/2025,AQS,1,20.4,ppb,19,Pico Rivera #2,24,100,42602,Nitrogen dioxide (NO2),99,31080,"Los Angeles-Long Beach-Anaheim, CA",6,California,37,Los Angeles,34.01029,-118.0685
03/30/2025,AQS,1,7,ppb,7,Pico Rivera #2,24,100,42602,Nitrogen dioxide (NO2),99,31080,"Los Angeles-Long Beach-Anaheim, CA",6,California,37,Los Angeles,34.01029,-118.0685
03/31/2025,AQS,1,12.8,ppb,11,Pico Rivera #2,24,100,42602,Nitrogen dioxide (NO2),99,31080,"Los Angeles-Long Beach-Anaheim, CA",6,California,37,Los Angeles,34.01029,-118.0685
04/01/2025,AQS,1,29.5,ppb,27,Pico Rivera #2,24,100,42602,Nitrogen dioxide (NO2),99,31080,"Los Angeles-Long Beach-Anaheim, CA",6,California,37,Los Angeles,34.01029,-118.0685
04/02/2025,AQS,1,24.6,ppb,23,Pico Rivera #2,18,75,42602,Nitrogen dioxide (NO2),99,31080,"Los Angeles-Long Beach-Anaheim, CA",6,California,37,Los Angeles,34.01029,-118.0685
04/03/2025,AQS,1,19.7,ppb,18,Pico Rivera #2,18,75,42602,Nitrogen dioxide (NO2),99,31080,"Los Angeles-Long Beach-Anaheim, CA",6,California,37,Los Angeles,34.01029,-118.0685
04/04/2025,AQS,1,31.6,ppb,29,Pico Rivera #2,24,100,42602,Nitrogen dioxide (NO2),99,31080,"Los Angeles-Long Beach-Anaheim, CA",6,California,37,Los Angeles,34.01029,-118.0685
04/05/2025,AQS,1,29,ppb,27,Pico Rivera #2,24,100,42602,Nitrogen dioxide (NO2),99,31080,"Los Angeles-Long Beach-Anaheim, CA",6,California,37,Los Angeles,34.01029,-118.0685
04/06/2025,AQS,1,30.7,ppb,28,Pico Rivera #2,24,100,42602,Nitrogen dioxide (NO2),99,31080,"Los Angeles-Long Beach-Anaheim, CA",6,California,37,Los Angeles,34.01029,-118.0685
04/07/2025,AQS,1,35.3,ppb,33,Pico Rivera #2,24,100,42602,Nitrogen dioxide (NO2),99,31080,"Los Angeles-Long Beach-Anaheim, CA",6,California,37,Los Angeles,34.01029,-118.0685
04/08/2025,AQS,1,30.7,ppb,28,Pico Rivera #2,24,100,42602,Nitrogen dioxide (NO2),99,31080,"Los Angeles-Long Beach-Anaheim, CA",6,California,37,Los Angeles,34.01029,-118.0685
04/09/2025,AQS,1,34.5,ppb,32,Pico Rivera #2,21,88,42602,Nitrogen dioxide (NO2),99,31080,"Los Angeles-Long Beach-Anaheim, CA",6,California,37,Los Angeles,34.01029,-118.0685
04/10/2025,AQS,1,37.3,ppb,35,Pico Rivera #2,24,100,42602,Nitrogen dioxide (NO2),99,31080,"Los Angeles-Long Beach-Anaheim, CA",6,California,37,Los Angeles,34.01029,-118.0685
04/11/2025,AQS,1,33.5,ppb,31,Pico Rivera #2,24,100,42602,Nitrogen dioxide (NO2),99,31080,"Los Angeles-Long Beach-Anaheim, CA",6,California,37,Los Angeles,34.01029,-118.0685
04/12/2025,AQS,1,16.9,ppb,15,Pico Rivera #2,24,100,42602,Nitrogen dioxide (NO2),99,31080,"Los Angeles-Long Beach-Anaheim, CA",6,California,37,Los Angeles,34.01029,-118.0685
04/13/2025,AQS,1,12.9,ppb,11,Pico Rivera #2,24,100,42602,Nitrogen dioxide (NO2),99,31080,"Los Angeles-Long Beach-Anaheim, CA",6,California,37,Los Angeles,34.01029,-118.0685
04/14/2025,AQS,1,16,ppb,15,Pico Rivera #2,23,96,42602,Nitrogen dioxide (NO2),99,31080,"Los Angeles-Long Beach-Anaheim, CA",6,California,37,Los Angeles,34.01029,-118.0685
04/15/2025,AQS,1,14.5,ppb,13,Pico Rivera #2,24,100,42602,Nitrogen dioxide (NO2),99,31080,"Los Angeles-Long Beach-Anaheim, CA",6,California,37,Los Angeles,34.01029,-118.0685
04/16/2025,AQS,1,13.2,ppb,12,Pico Rivera #2,24,100,42602,Nitrogen dioxide (NO2),99,31080,"Los Angeles-Long Beach-Anaheim, CA",6,California,37,Los Angeles,34.01029,-118.0685
04/17/2025,AQS,1,16.4,ppb,15,Pico Rivera #2,18,75,42602,Nitrogen dioxide (NO2),99,31080,"Los Angeles-Long Beach-Anaheim, CA",6,California,37,Los Angeles,34.01029,-118.0685
04/18/2025,AQS,1,16.8,ppb,15,Pico Rivera #2,24,100,42602,Nitrogen dioxide (NO2),99,31080,"Los Angeles-Long Beach-Anaheim, CA",6,California,37,Los Angeles,34.01029,-118.0685
04/19/2025,AQS,1,24.6,ppb,23,Pico Rivera #2,24,100,42602,Nitrogen dioxide (NO2),99,31080,"Los Angeles-Long Beach-Anaheim, CA",6,California,37,Los Angeles,34.01029,-118.0685
04/20/2025,AQS,1,21.3,ppb,20,Pico Rivera #2,24,100,42602,Nitrogen dioxide (NO2),99,31080,"Los Angeles-Long Beach-Anaheim, CA",6,California,37,Los Angeles,34.01029,-118.0685
04/21/2025,AQS,1,23.8,ppb,22,Pico Rivera #2,24,100,42602,Nitrogen dioxide (NO2),99,31080,"Los Angeles-Long Beach-Anaheim, CA",6,California,37,Los Angeles,34.01029,-118.0685
04/22/2025,AQS,1,22,ppb,21,Pico Rivera #2,20,83,42602,Nitrogen dioxide (NO2),99,31080,"Los Angeles-Long Beach-Anaheim, CA",6,California,37,Los Angeles,34.01029,-118.0685
04/23/2025,AQS,1,11.1,ppb,10,Pico Rivera #2,24,100,42602,Nitrogen dioxide (NO2),99,31080,"Los Angeles-Long Beach-Anaheim, CA",6,California,37,Los Angeles,34.01029,-118.0685
04/24/2025,AQS,1,14.2,ppb,13,Pico Rivera #2,24,100,42602,Nitrogen dioxide (NO2),99,31080,"Los Angeles-Long Beach-Anaheim, CA",6,California,37,Los Angeles,34.01029,-118.0685
04/25/2025,AQS,1,12.8,ppb,11,Pico Rivera #2,24,100,42602,Nitrogen dioxide (NO2),99,31080,"Los Angeles-Long Beach-Anaheim, CA",6,California,37,Los Angeles,34.01029,-118.0685
04/26/2025,AQS,1,20.1,ppb,19,Pico Rivera #2,24,100,42602,Nitrogen dioxide (NO2),99,31080,"Los Angeles-Long Beach-Anaheim, CA",6,California,37,Los Angeles,34.01029,-118.0685
04/27/2025,AQS,1,16.7,ppb,15,Pico Rivera #2,24,100,42602,Nitrogen dioxide (NO2),99,31080,"Los Angeles-Long Beach-Anaheim, CA",6,California,37,Los Angeles,34.01029,-118.0685
04/28/2025,AQS,1,28.7,ppb,26,Pico Rivera #2,24,100,42602,Nitrogen dioxide (NO2),99,31080,"Los Angeles-Long Beach-Anaheim, CA",6,California,37,Los Angeles,34.01029,-118.0685
04/29/2025,AQS,1,24.6,ppb,23,Pico Rivera #2,23,96,42602,Nitrogen dioxide (NO2),99,31080,"Los Angeles-Long Beach-Anaheim, CA",6,California,37,Los Angeles,34.01029,-118.0685
04/30/2025,AQS,1,15.1,ppb,14,Pico Rivera #2,20,83,42602,Nitrogen dioxide (NO2),99,31080,"Los Angeles-Long Beach-Anaheim, CA",6,California,37,Los Angeles,34.01029,-118.0685
05/01/2025,AQS,1,14.1,ppb,13,Pico Rivera #2,20,83,42602,Nitrogen dioxide (NO2),99,31080,"Los Angeles-Long Beach-Anaheim, CA",6,California,37,Los Angeles,34.01029,-118.0685
05/02/2025,AQS,1,20.8,ppb,19,Pico Rivera #2,24,100,42602,Nitrogen dioxide (NO2),99,31080,"Los Angeles-Long Beach-Anaheim, CA",6,California,37,Los Angeles,34.01029,-118.0685
05/03/2025,AQS,1,9.9,ppb,8,Pico Rivera #2,24,100,42602,Nitrogen dioxide (NO2),99,31080,"Los Angeles-Long Beach-Anaheim, CA",6,California,37,Los Angeles,34.01029,-118.0685
05/04/2025,AQS,1,5.8,ppb,5,Pico Rivera #2,24,100,42602,Nitrogen dioxide (NO2),99,31080,"Los Angeles-Long Beach-Anaheim, CA",6,California,37,Los Angeles,34.01029,-118.0685
05/05/2025,AQS,1,8.3,ppb,8,Pico Rivera #2,24,100,42602,Nitrogen dioxide (NO2),99,31080,"Los Angeles-Long Beach-Anaheim, CA",6,California,37,Los Angeles,34.01029,-118.0685
05/06/2025,AQS,1,12.7,ppb,11,Pico Rivera #2,24,100,42602,Nitrogen dioxide (NO2),99,31080,"Los Angeles-Long Beach-Anaheim, CA",6,California,37,Los Angeles,34.01029,-118.0685
05/07/2025,AQS,1,22.7,ppb,21,Pico Rivera #2,24,100,42602,Nitrogen dioxide (NO2),99,31080,"Los Angeles-Long Beach-Anaheim, CA",6,California,37,Los Angeles,34.01029,-118.0685
05/08/2025,AQS,1,24.6,ppb,23,Pico Rivera #2,21,88,42602,Nitrogen dioxide (NO2),99,31080,"Los Angeles-Long Beach-Anaheim, CA",6,California,37,Los Angeles,34.01029,-118.0685
05/09/2025,AQS,1,34.3,ppb,32,Pico Rivera #2,24,100,42602,Nitrogen dioxide (NO2),99,31080,"Los Angeles-Long Beach-Anaheim, CA",6,California,37,Los Angeles,34.01029,-118.0685
05/10/2025,AQS,1,24.8,ppb,23,Pico Rivera #2,24,100,42602,Nitrogen dioxide (NO2),99,31080,"Los Angeles-Long Beach-Anaheim, CA",6,California,37,Los Angeles,34.01029,-118.0685
05/11/2025,AQS,1,23.8,ppb,22,Pico Rivera #2,24,100,42602,Nitrogen dioxide (NO2),99,31080,"Los Angeles-Long Beach-Anaheim, CA",6,California,37,Los Angeles,34.01029,-118.0685
05/12/2025,AQS,1,6.1,ppb,6,Pico Rivera #2,24,100,42602,Nitrogen dioxide (NO2),99,31080,"Los Angeles-Long Beach-Anaheim, CA",6,California,37,Los Angeles,34.01029,-118.0685
05/13/2025,AQS,1,11.9,ppb,10,Pico Rivera #2,24,100,42602,Nitrogen dioxide (NO2),99,31080,"Los Angeles-Long Beach-Anaheim, CA",6,California,37,Los Angeles,34.01029,-118.0685
05/14/2025,AQS,1,21.2,ppb,20,Pico Rivera #2,23,96,42602,Nitrogen dioxide (NO2),99,31080,"Los Angeles-Long Beach-Anaheim, CA",6,California,37,Los Angeles,34.01029,-118.0685
05/15/2025,AQS,1,19.6,ppb,18,Pico Rivera #2,24,100,42602,Nitrogen dioxide (NO2),99,31080,"Los Angeles-Long Beach-Anaheim, CA",6,California,37,Los Angeles,34.01029,-118.0685
05/16/2025,AQS,1,17.3,ppb,16,Pico Rivera #2,24,100,42602,Nitrogen dioxide (NO2),99,31080,"Los Angeles-Long Beach-Anaheim, CA",6,California,37,Los Angeles,34.01029,-118.0685
05/17/2025,AQS,1,9.3,ppb,8,Pico Rivera #2,24,100,42602,Nitrogen dioxide (NO2),99,31080,"Los Angeles-Long Beach-Anaheim, CA",6,California,37,Los Angeles,34.01029,-118.0685
05/18/2025,AQS,1,18.7,ppb,17,Pico Rivera #2,24,100,42602,Nitrogen dioxide (NO2),99,31080,"Los Angeles-Long Beach-Anaheim, CA",6,California,37,Los Angeles,34.01029,-118.0685
05/19/2025,AQS,1,20.5,ppb,19,Pico Rivera #2,24,100,42602,Nitrogen dioxide (NO2),99,31080,"Los Angeles-Long Beach-Anaheim, CA",6,California,37,Los Angeles,34.01029,-118.0685
05/20/2025,AQS,1,24.7,ppb,23,Pico Rivera #2,24,100,42602,Nitrogen dioxide (NO2),99,31080,"Los Angeles-Long Beach-Anaheim, CA",6,California,37,Los Angeles,34.01029,-118.0685
05/21/2025,AQS,1,25.3,ppb,24,Pico Rivera #2,24,100,42602,Nitrogen dioxide (NO2),99,31080,"Los Angeles-Long Beach-Anaheim, CA",6,California,37,Los Angeles,34.01029,-118.0685
05/22/2025,AQS,1,11.6,ppb,10,Pico Rivera #2,24,100,42602,Nitrogen dioxide (NO2),99,31080,"Los Angeles-Long Beach-Anaheim, CA",6,California,37,Los Angeles,34.01029,-118.0685
05/23/2025,AQS,1,12.9,ppb,11,Pico Rivera #2,24,100,42602,Nitrogen dioxide (NO2),99,31080,"Los Angeles-Long Beach-Anaheim, CA",6,California,37,Los Angeles,34.01029,-118.0685
05/24/2025,AQS,1,6.2,ppb,6,Pico Rivera #2,24,100,42602,Nitrogen dioxide (NO2),99,31080,"Los Angeles-Long Beach-Anaheim, CA",6,California,37,Los Angeles,34.01029,-118.0685
05/25/2025,AQS,1,12.2,ppb,11,Pico Rivera #2,24,100,42602,Nitrogen dioxide (NO2),99,31080,"Los Angeles-Long Beach-Anaheim, CA",6,California,37,Los Angeles,34.01029,-118.0685
05/26/2025,AQS,1,17.8,ppb,16,Pico Rivera #2,24,100,42602,Nitrogen dioxide (NO2),99,31080,"Los Angeles-Long Beach-Anaheim, CA",6,California,37,Los Angeles,34.01029,-118.0685
05/27/2025,AQS,1,12.7,ppb,11,Pico Rivera #2,24,100,42602,Nitrogen dioxide (NO2),99,31080,"Los Angeles-Long Beach-Anaheim, CA",6,California,37,Los Angeles,34.01029,-118.0685
05/28/2025,AQS,1,13.5,ppb,12,Pico Rivera #2,24,100,42602,Nitrogen dioxide (NO2),99,31080,"Los Angeles-Long Beach-Anaheim, CA",6,California,37,Los Angeles,34.01029,-118.0685
05/29/2025,AQS,1,21.6,ppb,20,Pico Rivera #2,24,100,42602,Nitrogen dioxide (NO2),99,31080,"Los Angeles-Long Beach-Anaheim, CA",6,California,37,Los Angeles,34.01029,-118.0685
05/30/2025,AQS,1,19.4,ppb,18,Pico Rivera #2,24,100,42602,Nitrogen dioxide (NO2),99,31080,"Los Angeles-Long Beach-Anaheim, CA",6,California,37,Los Angeles,34.01029,-118.0685
05/31/2025,AQS,1,21.3,ppb,20,Pico Rivera #2,24,100,42602,Nitrogen dioxide (NO2),99,31080,"Los Angeles-Long Beach-Anaheim, CA",6,California,37,Los Angeles,34.01029,-118.0685
