Date,Source,POC,Daily Max 8-hour Ozone Concentration,Units,Daily AQI Value,Local Site Name,Daily Obs Count,Percent Complete,AQS Parameter Code,AQS Parameter Description,Method Code,CBSA Code,CBSA Name,State FIPS Code,State,County FIPS Code,County,Site Latitude,Site Longitude
01/01/2015,AQS,1,0.035,ppm,32,Azusa,17,100,44201,Ozone,87,31080,"Los Angeles-Long Beach-Anaheim, CA",6,California,37,Los Angeles,34.1365,-117.92391
01/02/2015,AQS,1,0.03,ppm,28,Azusa,17,100,44201,Ozone,87,31080,"Los Angeles-Long Beach-Anaheim, CA",6,California,37,Los Angeles,34.1365,-117.92391
01/03/2015,AQS,1,0.035,ppm,32,Azusa,17,100,44201,Ozone,87,31080,"Los Angeles-Long Beach-Anaheim, CA",6,California,37,Los Angeles,34.1365,-117.92391
01/04/2015,AQS,1,0.034,ppm,31,Azusa,17,100,44201,Ozone,87,31080,"Los Angeles-Long Beach-Anaheim, CA",6,California,37,Los Angeles,34.1365,-117.92391
01/05/2015,AQS,1,0.029,ppm,27,Azusa,17,100,44201,Ozone,87,31080,"Los Angeles-Long Beach-Anaheim, CA",6,California,37,Los Angeles,34.1365,-117.92391
01/07/2015,AQS,1,0.022,ppm,20,Azusa,17,100,44201,Ozone,87,31080,"Los Angeles-Long Beach-Anaheim, CA",6,California,37,Los Angeles,34.1365,-117.92391
01/08/2015,AQS,1,0.014,ppm,13,Azusa,17,100,44201,Ozone,87,31080,"Los Angeles-Long Beach-Anaheim, CA",6,California,37,Los Angeles,34.1365,-117.92391
01/09/2015,AQS,1,0.013,ppm,12,Azusa,17,100,44201,Ozone,87,31080,"Los Angeles-Long Beach-Anaheim, CA",6,California,37,Los Angeles,34.1365,-117.92391
01/10/2015,AQS,1,0.011,ppm,10,Azusa,17,100,44201,Ozone,87,31080,"Los Angeles-Long Beach-Anaheim, CA",6,California,37,Los Angeles,34.1365,-117.92391
01/11/2015,AQS,1,0.019,ppm,18,Azusa,17,100,44201,Ozone,87,31080,"Los Angeles-Long Beach-Anaheim, CA",6,California,37,Los Angeles,34.1365,-117.92391
01/12/2015,AQS,1,0.018,ppm,17,Azusa,17,100,44201,Ozone,87,31080,"Los Angeles-Long Beach-Anaheim, CA",6,California,37,Los Angeles,34.1365,-117.92391
01/13/2015,AQS,1,0.025,ppm,23,Azusa,17,100,44201,Ozone,87,31080,"Los Angeles-Long Beach-Anaheim, CA",6,California,37,Los Angeles,34.1365,-117.92391
01/14/2015,AQS,1,0.029,ppm,27,Azusa,17,100,44201,Ozone,87,31080,"Los Angeles-Long Beach-Anaheim, CA",6,California,37,Los Angeles,34.1365,-117.92391
01/15/2015,AQS,1,0.027,ppm,25,Azusa,17,100,44201,Ozone,87,31080,"Los Angeles-Long Beach-Anaheim, CA",6,California,37,Los Angeles,34.1365,-117.92391
01/17/2015,AQS,1,0.035,ppm,32,Azusa,17,100,44201,Ozone,87,31080,"Los Angeles-Long Beach-Anaheim, CA",6,California,37,Los Angeles,34.1365,-117.92391
01/18/2015,AQS,1,0.033,ppm,31,Azusa,17,100,44201,Ozone,87,31080,"Los Angeles-Long Beach-Anaheim, CA",6,California,37,Los Angeles,34.1365,-117.92391
01/19/2015,AQS,1,0.028,ppm,26,Azusa,17,100,44201,Ozone,87,31080,"Los Angeles-Long Beach-Anaheim, CA",6,California,37,Los Angeles,34.1365,-117.92391
01/20/2015,AQS,1,0.008,ppm,7,Azusa,17,100,44201,Ozone,87,31080,"Los Angeles-Long Beach-Anaheim, CA",6,California,37,Los Angeles,34.1365,-117.92391
01/21/2015,AQS,1,0.027,ppm,25,Azusa,17,100,44201,Ozone,87,31080,"Los Angeles-Long Beach-Anaheim, CA",6,California,37,Los Angeles,34.1365,-117.92391
01/22/2015,AQS,1,0.025,ppm,23,Azusa,17,100,44201,Ozone,87,31080,"Los Angeles-Long Beach-Anaheim, CA",6,California,37,Los Angeles,34.1365,-117.92391
01/23/2015,AQS,1,0.03,ppm,28,Azusa,17,100,44201,Ozone,87,31080,"Los Angeles-Long Beach-Anaheim, CA",6,California,37,Los Angeles,34.1365,-117.92391
01/24/2015,AQS,1,0.039,ppm,36,Azusa,17,100,44201,Ozone,87,31080,"Los Angeles-Long Beach-Anaheim, CA",6,California,37,Los Angeles,34.1365,-117.92391
01/25/2015,AQS,1,0.044,ppm,41,Azusa,17,100,44201,Ozone,87,31080,"Los Angeles-Long Beach-Anaheim, CA",6,California,37,Los Angeles,34.1365,-117.92391
01/26/2015,AQS,1,0.031,ppm,29,Azusa,17,100,44201,Ozone,87,31080,"Los Angeles-Long Beach-Anaheim, CA",6,California,37,Los Angeles,34.1365,-117.92391
01/27/2015,AQS,1,0.029,ppm,27,Azusa,17,100,44201,Ozone,87,31080,"Los Angeles-Long Beach-Anaheim, CA",6,California,37,Los Angeles,34.1365,-117.92391
01/28/2015,AQS,1,0.025,ppm,23,Azusa,17,100,44201,Ozone,87,31080,"Los Angeles-Long Beach-Anaheim, CA",6,California,37,Los Angeles,34.1365,-117.92391
01/29/2015,AQS,1,0.022,ppm,20,Azusa,17,100,44201,Ozone,87,31080,"Los Angeles-Long Beach-Anaheim, CA",6,California,37,Los Angeles,34.1365,-117.92391
01/30/2015,AQS,1,0.02,ppm,19,Azusa,17,100,44201,Ozone,87,31080,"Los Angeles-Long Beach-Anaheim, CA",6,California,37,Los Angeles,34.1365,-117.92391
01/31/2015,AQS,1,0.03,ppm,28,Azusa,17,100,44201,Ozone,87,31080,"Los Angeles-Long Beach-Anaheim, CA",6,California,37,Los Angeles,34.1365,-117.92391
02/01/2015,AQS,1,0.036,ppm,33,Azusa,17,100,44201,Ozone,87,31080,"Los Angeles-Long Beach-Anaheim, CA",6,California,37,Los Angeles,34.1365,-117.92391
02/02/2015,AQS,1,0.026,ppm,24,Azusa,17,100,44201,Ozone,87,31080,"Los Angeles-Long Beach-Anaheim, CA",6,California,37,Los Angeles,34.1365,-117.92391
02/03/2015,AQS,1,0.024,ppm,22,Azusa,17,100,44201,Ozone,87,31080,"Los Angeles-Long Beach-Anaheim, CA",6,California,37,Los Angeles,34.1365,-117.92391
02/04/2015,AQS,1,0.028,ppm,26,Azusa,17,100,44201,Ozone,87,31080,"Los Angeles-Long Beach-Anaheim, CA",6,California,37,Los Angeles,34.1365,-117.92391
02/05/2015,AQS,1,0.028,ppm,26,Azusa,17,100,44201,Ozone,87,31080,"Los Angeles-Long Beach-Anaheim, CA",6,California,37,Los Angeles,34.1365,-117.92391
02/06/2015,AQS,1,0.037,ppm,34,Azusa,17,100,44201,Ozone,87,31080,"Los Angeles-Long Beach-Anaheim, CA",6,California,37,Los Angeles,34.1365,-117.92391
02/07/2015,AQS,1,0.025,ppm,23,Azusa,17,100,44201,Ozone,87,31080,"Los Angeles-Long Beach-Anaheim, CA",6,California,37,Los Angeles,34.1365,-117.92391
02/08/2015,AQS,1,0.029,ppm,27,Azusa,17,100,44201,Ozone,87,31080,"Los Angeles-Long Beach-Anaheim, CA",6,California,37,Los Angeles,34.1365,-117.92391
02/09/2015,AQS,1,0.023,ppm,21,Azusa,17,100,44201,Ozone,87,31080,"Los Angeles-Long Beach-Anaheim, CA",6,California,37,Los Angeles,34.1365,-117.92391
02/10/2015,AQS,1,0.036,ppm,33,Azusa,17,100,44201,Ozone,87,31080,"Los Angeles-Long Beach-Anaheim, CA",6,California,37,Los Angeles,34.1365,-117.92391
02/11/2015,AQS,1,0.041,ppm,38,Azusa,17,100,44201,Ozone,87,31080,"Los Angeles-Long Beach-Anaheim, CA",6,California,37,Los Angeles,34.1365,-117.92391
02/14/2015,AQS,1,0.046,ppm,43,Azusa,17,100,44201,Ozone,87,31080,"Los Angeles-Long Beach-Anaheim, CA",6,California,37,Los Angeles,34.1365,-117.92391
02/15/2015,AQS,1,0.058,ppm,61,Azusa,17,100,44201,Ozone,87,31080,"Los Angeles-Long Beach-Anaheim, CA",6,California,37,Los Angeles,34.1365,-117.92391
02/16/2015,AQS,1,0.043,ppm,40,Azusa,17,100,44201,Ozone,87,31080,"Los Angeles-Long Beach-Anaheim, CA",6,California,37,Los Angeles,34.1365,-117.92391
02/17/2015,AQS,1,0.041,ppm,38,Azusa,13,76,44201,Ozone,87,31080,"Los Angeles-Long Beach-Anaheim, CA",6,California,37,Los Angeles,34.1365,-117.92391
02/18/2015,AQS,1,0.034,ppm,31,Azusa,17,100,44201,Ozone,87,31080,"Los Angeles-Long Beach-Anaheim, CA",6,California,37,Los Angeles,34.1365,-117.92391
02/19/2015,AQS,1,0.042,ppm,39,Azusa,14,82,44201,Ozone,87,31080,"Los Angeles-Long Beach-Anaheim, CA",6,California,37,Los Angeles,34.1365,-117.92391
02/20/2015,AQS,1,0.033,ppm,31,Azusa,17,100,44201,Ozone,87,31080,"Los Angeles-Long Beach-Anaheim, CA",6,California,37,Los Angeles,34.1365,-117.92391
02/21/2015,AQS,1,0.042,ppm,39,Azusa,17,100,44201,Ozone,87,31080,"Los Angeles-Long Beach-Anaheim, CA",6,California,37,Los Angeles,34.1365,-117.92391
02/22/2015,AQS,1,0.035,ppm,32,Azusa,17,100,44201,Ozone,87,31080,"Los Angeles-Long Beach-Anaheim, CA",6,California,37,Los Angeles,34.1365,-117.92391
02/23/2015,AQS,1,0.034,ppm,31,Azusa,17,100,44201,Ozone,87,31080,"Los Angeles-Long Beach-Anaheim, CA",6,California,37,Los Angeles,34.1365,-117.92391
02/26/2015,AQS,1,0.035,ppm,32,Azusa,17,100,44201,Ozone,87,31080,"Los Angeles-Long Beach-Anaheim, CA",6,California,37,Los Angeles,34.1365,-117.92391
02/28/2015,AQS,1,0.038,ppm,35,Azusa,17,100,44201,Ozone,87,31080,"Los Angeles-Long Beach-Anaheim, CA",6,California,37,Los Angeles,34.1365,-117.92391
03/01/2015,AQS,1,0.035,ppm,32,Azusa,17,100,44201,Ozone,87,31080,"Los Angeles-Long Beach-Anaheim, CA",6,California,37,Los Angeles,34.1365,-117.92391
03/02/2015,AQS,1,0.034,ppm,31,Azusa,17,100,44201,Ozone,87,31080,"Los Angeles-Long Beach-Anaheim, CA",6,California,37,Los Angeles,34.1365,-117.92391
03/03/2015,AQS,1,0.036,ppm,33,Azusa,17,100,44201,Ozone,87,31080,"Los Angeles-Long Beach-Anaheim, CA",6,California,37,Los Angeles,34.1365,-117.92391
03/04/2015,AQS,1,0.038,ppm,35,Azusa,17,100,44201,Ozone,87,31080,"Los Angeles-Long Beach-Anaheim, CA",6,California,37,Los Angeles,34.1365,-117.92391
03/05/2015,AQS,1,0.041,ppm,38,Azusa,17,100,44201,Ozone,87,31080,"Los Angeles-Long Beach-Anaheim, CA",6,California,37,Los Angeles,34.1365,-117.92391
03/06/2015,AQS,1,0.044,ppm,41,Azusa,17,100,44201,Ozone,87,31080,"Los Angeles-Long Beach-Anaheim, CA",6,California,37,Los Angeles,34.1365,-117.92391
03/07/2015,AQS,1,0.047,ppm,44,Azusa,17,100,44201,Ozone,87,31080,"Los Angeles-Long Beach-Anaheim, CA",6,California,37,Los Angeles,34.1365,-117.92391
03/08/2015,AQS,1,0.052,ppm,48,Azusa,17,100,44201,Ozone,87,31080,"Los Angeles-Long Beach-Anaheim, CA",6,California,37,Los Angeles,34.1365,-117.92391
03/09/2015,AQS,1,0.042,ppm,39,Azusa,17,100,44201,Ozone,87,31080,"Los Angeles-Long Beach-Anaheim, CA",6,California,37,Los Angeles,34.1365,-117.92391
03/10/2015,AQS,1,0.045,ppm,42,Azusa,17,100,44201,Ozone,87,31080,"Los Angeles-Long Beach-Anaheim, CA",6,California,37,Los Angeles,34.1365,-117.92391
03/11/2015,AQS,1,0.029,ppm,27,Azusa,17,100,44201,Ozone,87,31080,"Los Angeles-Long Beach-Anaheim, CA",6,California,37,Los Angeles,34.1365,-117.92391
03/12/2015,AQS,1,0.045,ppm,42,Azusa,17,100,44201,Ozone,87,31080,"Los Angeles-Long Beach-Anaheim, CA",6,California,37,Los Angeles,34.1365,-117.92391
03/13/2015,AQS,1,0.045,ppm,42,Azusa,17,100,44201,Ozone,87,31080,"Los Angeles-Long Beach-Anaheim, CA",6,California,37,Los Angeles,34.1365,-117.92391
03/14/2015,AQS,1,0.056,ppm,54,Azusa,17,100,44201,Ozone,87,31080,"Los Angeles-Long Beach-Anaheim, CA",6,California,37,Los Angeles,34.1365,-117.92391
03/15/2015,AQS,1,0.059,ppm,64,Azusa,17,100,44201,Ozone,87,31080,"Los Angeles-Long Beach-Anaheim, CA",6,California,37,Los Angeles,34.1365,-117.92391
03/16/2015,AQS,1,0.054,ppm,50,Azusa,14,82,44201,Ozone,87,31080,"Los Angeles-Long Beach-Anaheim, CA",6,California,37,Los Angeles,34.1365,-117.92391
03/17/2015,AQS,1,0.051,ppm,47,Azusa,17,100,44201,Ozone,87,31080,"Los Angeles-Long Beach-Anaheim, CA",6,California,37,Los Angeles,34.1365,-117.92391
03/18/2015,AQS,1,0.04,ppm,37,Azusa,17,100,44201,Ozone,87,31080,"Los Angeles-Long Beach-Anaheim, CA",6,California,37,Los Angeles,34.1365,-117.92391
03/19/2015,AQS,1,0.045,ppm,42,Azusa,17,100,44201,Ozone,87,31080,"Los Angeles-Long Beach-Anaheim, CA",6,California,37,Los Angeles,34.1365,-117.92391
03/20/2015,AQS,1,0.052,ppm,48,Azusa,17,100,44201,Ozone,87,31080,"Los Angeles-Long Beach-Anaheim, CA",6,California,37,Los Angeles,34.1365,-117.92391
03/21/2015,AQS,1,0.056,ppm,54,Azusa,17,100,44201,Ozone,87,31080,"Los Angeles-Long Beach-Anaheim, CA",6,California,37,Los Angeles,34.1365,-117.92391
03/22/2015,AQS,1,0.048,ppm,44,Azusa,17,100,44201,Ozone,87,31080,"Los Angeles-Long Beach-Anaheim, CA",6,California,37,Los Angeles,34.1365,-117.92391
03/23/2015,AQS,1,0.036,ppm,33,Azusa,17,100,44201,Ozone,87,31080,"Los Angeles-Long Beach-Anaheim, CA",6,California,37,Los Angeles,34.1365,-117.92391
03/24/2015,AQS,1,0.043,ppm,40,Azusa,15,88,44201,Ozone,87,31080,"Los Angeles-Long Beach-Anaheim, CA",6,California,37,Los Angeles,34.1365,-117.92391
03/25/2015,AQS,1,0.046,ppm,43,Azusa,17,100,44201,Ozone,87,31080,"Los Angeles-Long Beach-Anaheim, CA",6,California,37,Los Angeles,34.1365,-117.92391
03/26/2015,AQS,1,0.05,ppm,46,Azusa,17,100,44201,Ozone,87,31080,"Los Angeles-Long Beach-Anaheim, CA",6,California,37,Los Angeles,34.1365,-117.92391
03/27/2015,AQS,1,0.052,ppm,48,Azusa,17,100,44201,Ozone,87,31080,"Los Angeles-Long Beach-Anaheim, CA",6,California,37,Los Angeles,34.1365,-117.92391
03/28/2015,AQS,1,0.054,ppm,50,Azusa,17,100,44201,Ozone,87,31080,"Los Angeles-Long Beach-Anaheim, CA",6,California,37,Los Angeles,34.1365,-117.92391
03/29/2015,AQS,1,0.055,ppm,51,Azusa,17,100,44201,Ozone,87,31080,"Los Angeles-Long Beach-Anaheim, CA",6,California,37,Los Angeles,34.1365,-117.92391
03/30/2015,AQS,1,0.05,ppm,46,Azusa,17,100,44201,Ozone,87,31080,"Los Angeles-Long Beach-Anaheim, CA",6,California,37,Los Angeles,34.1365,-117.92391
03/31/2015,AQS,1,0.042,ppm,39,Azusa,17,100,44201,Ozone,87,31080,"Los Angeles-Long Beach-Anaheim, CA",6,California,37,Los Angeles,34.1365,-117.92391
04/01/2015,AQS,1,0.049,ppm,45,Azusa,17,100,44201,Ozone,87,31080,"Los Angeles-Long Beach-Anaheim, CA",6,California,37,Los Angeles,34.1365,-117.92391
04/02/2015,AQS,1,0.053,ppm,49,Azusa,17,100,44201,Ozone,87,31080,"Los Angeles-Long Beach-Anaheim, CA",6,California,37,Los Angeles,34.1365,-117.92391
04/03/2015,AQS,1,0.056,ppm,54,Azusa,17,100,44201,Ozone,87,31080,"Los Angeles-Long Beach-Anaheim, CA",6,California,37,Los Angeles,34.1365,-117.92391
04/04/2015,AQS,1,0.063,ppm,77,Azusa,17,100,44201,Ozone,87,31080,"Los Angeles-Long Beach-Anaheim, CA",6,California,37,Los Angeles,34.1365,-117.92391
04/05/2015,AQS,1,0.052,ppm,48,Azusa,17,100,44201,Ozone,87,31080,"Los Angeles-Long Beach-Anaheim, CA",6,California,37,Los Angeles,34.1365,-117.92391
04/06/2015,AQS,1,0.046,ppm,43,Azusa,17,100,44201,Ozone,87,31080,"Los Angeles-Long Beach-Anaheim, CA",6,California,37,Los Angeles,34.1365,-117.92391
04/07/2015,AQS,1,0.038,ppm,35,Azusa,17,100,44201,Ozone,87,31080,"Los Angeles-Long Beach-Anaheim, CA",6,California,37,Los Angeles,34.1365,-117.92391
04/08/2015,AQS,1,0.041,ppm,38,Azusa,17,100,44201,Ozone,87,31080,"Los Angeles-Long Beach-Anaheim, CA",6,California,37,Los Angeles,34.1365,-117.92391
04/09/2015,AQS,1,0.045,ppm,42,Azusa,16,94,44201,Ozone,87,31080,"Los Angeles-Long Beach-Anaheim, CA",6,California,37,Los Angeles,34.1365,-117.92391
04/10/2015,AQS,1,0.049,ppm,45,Azusa,17,100,44201,Ozone,87,31080,"Los Angeles-Long Beach-Anaheim, CA",6,California,37,Los Angeles,34.1365,-117.92391
04/11/2015,AQS,1,0.055,ppm,51,Azusa,17,100,44201,Ozone,87,31080,"Los Angeles-Long Beach-Anaheim, CA",6,California,37,Los Angeles,34.1365,-117.92391
04/12/2015,AQS,1,0.064,ppm,80,Azusa,17,100,44201,Ozone,87,31080,"Los Angeles-Long Beach-Anaheim, CA",6,California,37,Los Angeles,34.1365,-117.92391
04/13/2015,AQS,1,0.05,ppm,46,Azusa,17,100,44201,Ozone,87,31080,"Los Angeles-Long Beach-Anaheim, CA",6,California,37,Los Angeles,34.1365,-117.92391
04/14/2015,AQS,1,0.046,ppm,43,Azusa,17,100,44201,Ozone,87,31080,"Los Angeles-Long Beach-Anaheim, CA",6,California,37,Los Angeles,34.1365,-117.92391
04/15/2015,AQS,1,0.056,ppm,54,Azusa,17,100,44201,Ozone,87,31080,"Los Angeles-Long Beach-Anaheim, CA",6,California,37,Los Angeles,34.1365,-117.92391
04/16/2015,AQS,1,0.054,ppm,50,Azusa,17,100,44201,Ozone,87,31080,"Los Angeles-Long Beach-Anaheim, CA",6,California,37,Los Angeles,34.1365,-117.92391
04/17/2015,AQS,1,0.057,ppm,58,Azusa,17,100,44201,Ozone,87,31080,"Los Angeles-Long Beach-Anaheim, CA",6,California,37,Los Angeles,34.1365,-117.92391
04/18/2015,AQS,1,0.062,ppm,74,Azusa,17,100,44201,Ozone,87,31080,"Los Angeles-Long Beach-Anaheim, CA",6,California,37,Los Angeles,34.1365,-117.92391
04/19/2015,AQS,1,0.064,ppm,80,Azusa,17,100,44201,Ozone,87,31080,"Los Angeles-Long Beach-Anaheim, CA",6,California,37,Los Angeles,34.1365,-117.92391
04/20/2015,AQS,1,0.045,ppm,42,Azusa,17,100,44201,Ozone,87,31080,"Los Angeles-Long Beach-Anaheim, CA",6,California,37,Los Angeles,34.1365,-117.92391
04/21/2015,AQS,1,0.039,ppm,36,Azusa,17,100,44201,Ozone,87,31080,"Los Angeles-Long Beach-Anaheim, CA",6,California,37,Los Angeles,34.1365,-117.92391
04/22/2015,AQS,1,0.041,ppm,38,Azusa,17,100,44201,Ozone,87,31080,"Los Angeles-Long Beach-Anaheim, CA",6,California,37,Los Angeles,34.1365,-117.92391
04/23/2015,AQS,1,0.039,ppm,36,Azusa,17,100,44201,Ozone,87,31080,"Los Angeles-Long Beach-Anaheim, CA",6,California,37,Los Angeles,34.1365,-117.92391
04/24/2015,AQS,1,0.031,ppm,29,Azusa,17,100,44201,Ozone,87,31080,"Los Angeles-Long Beach-Anaheim, CA",6,California,37,Los Angeles,34.1365,-117.92391
04/25/2015,AQS,1,0.033,ppm,31,Azusa,17,100,44201,Ozone,87,31080,"Los Angeles-Long Beach-Anaheim, CA",6,California,37,Los Angeles,34.1365,-117.92391
04/26/2015,AQS,1,0.049,ppm,45,Azusa,17,100,44201,Ozone,87,31080,"Los Angeles-Long Beach-Anaheim, CA",6,California,37,Los Angeles,34.1365,-117.92391
04/28/2015,AQS,1,0.063,ppm,77,Azusa,17,100,44201,Ozone,87,31080,"Los Angeles-Long Beach-Anaheim, CA",6,California,37,Los Angeles,34.1365,-117.92391
04/29/2015,AQS,1,0.07,ppm,100,Azusa,17,100,44201,Ozone,87,31080,"Los Angeles-Long Beach-Anaheim, CA",6,California,37,Los Angeles,34.1365,-117.92391
04/30/2015,AQS,1,0.061,ppm,71,Azusa,17,100,44201,Ozone,87,31080,"Los Angeles-Long Beach-Anaheim, CA",6,California,37,Los Angeles,34.1365,-117.92391
05/02/2015,AQS,1,0.054,ppm,50,Azusa,17,100,44201,Ozone,87,31080,"Los Angeles-Long Beach-Anaheim, CA",6,California,37,Los Angeles,34.1365,-117.92391
05/03/2015,AQS,1,0.063,ppm,77,Azusa,14,82,44201,Ozone,87,31080,"Los Angeles-Long Beach-Anaheim, CA",6,California,37,Los Angeles,34.1365,-117.92391
05/04/2015,AQS,1,0.049,ppm,45,Azusa,14,82,44201,Ozone,87,31080,"Los Angeles-Long Beach-Anaheim, CA",6,California,37,Los Angeles,34.1365,-117.92391
05/05/2015,AQS,1,0.047,ppm,44,Azusa,14,82,44201,Ozone,87,31080,"Los Angeles-Long Beach-Anaheim, CA",6,California,37,Los Angeles,34.1365,-117.92391
05/06/2015,AQS,1,0.045,ppm,42,Azusa,14,82,44201,Ozone,87,31080,"Los Angeles-Long Beach-Anaheim, CA",6,California,37,Los Angeles,34.1365,-117.92391
05/07/2015,AQS,1,0.047,ppm,44,Azusa,14,82,44201,Ozone,87,31080,"Los Angeles-Long Beach-Anaheim, CA",6,California,37,Los Angeles,34.1365,-117.92391
05/08/2015,AQS,1,0.042,ppm,39,Azusa,17,100,44201,Ozone,87,31080,"Los Angeles-Long Beach-Anaheim, CA",6,California,37,Los Angeles,34.1365,-117.92391
05/09/2015,AQS,1,0.039,ppm,36,Azusa,17,100,44201,Ozone,87,31080,"Los Angeles-Long Beach-Anaheim, CA",6,California,37,Los Angeles,34.1365,-117.92391
05/10/2015,AQS,1,0.062,ppm,74,Azusa,17,100,44201,Ozone,87,31080,"Los Angeles-Long Beach-Anaheim, CA",6,California,37,Los Angeles,34.1365,-117.92391
05/11/2015,AQS,1,0.056,ppm,54,Azusa,17,100,44201,Ozone,87,31080,"Los Angeles-Long Beach-Anaheim, CA",6,California,37,Los Angeles,34.1365,-117.92391
05/12/2015,AQS,1,0.055,ppm,51,Azusa,17,100,44201,Ozone,87,31080,"Los Angeles-Long Beach-Anaheim, CA",6,California,37,Los Angeles,34.1365,-117.92391
05/13/2015,AQS,1,0.054,ppm,50,Azusa,17,100,44201,Ozone,87,31080,"Los Angeles-Long Beach-Anaheim, CA",6,California,37,Los Angeles,34.1365,-117.92391
05/14/2015,AQS,1,0.04,ppm,37,Azusa,17,100,44201,Ozone,87,31080,"Los Angeles-Long Beach-Anaheim, CA",6,California,37,Los Angeles,34.1365,-117.92391
05/15/2015,AQS,1,0.045,ppm,42,Azusa,17,100,44201,Ozone,87,31080,"Los Angeles-Long Beach-Anaheim, CA",6,California,37,Los Angeles,34.1365,-117.92391
05/16/2015,AQS,1,0.048,ppm,44,Azusa,17,100,44201,Ozone,87,31080,"Los Angeles-Long Beach-Anaheim, CA",6,California,37,Los Angeles,34.1365,-117.92391
05/17/2015,AQS,1,0.058,ppm,61,Azusa,14,82,44201,Ozone,87,31080,"Los Angeles-Long Beach-Anaheim, CA",6,California,37,Los Angeles,34.1365,-117.92391
05/18/2015,AQS,1,0.049,ppm,45,Azusa,17,100,44201,Ozone,87,31080,"Los Angeles-Long Beach-Anaheim, CA",6,California,37,Los Angeles,34.1365,-117.92391
05/19/2015,AQS,1,0.051,ppm,47,Azusa,17,100,44201,Ozone,87,31080,"Los Angeles-Long Beach-Anaheim, CA",6,California,37,Los Angeles,34.1365,-117.92391
05/20/2015,AQS,1,0.054,ppm,50,Azusa,17,100,44201,Ozone,87,31080,"Los Angeles-Long Beach-Anaheim, CA",6,California,37,Los Angeles,34.1365,-117.92391
05/21/2015,AQS,1,0.045,ppm,42,Azusa,17,100,44201,Ozone,87,31080,"Los Angeles-Long Beach-Anaheim, CA",6,California,37,Los Angeles,34.1365,-117.92391
05/22/2015,AQS,1,0.032,ppm,30,Azusa,17,100,44201,Ozone,87,31080,"Los Angeles-Long Beach-Anaheim, CA",6,California,37,Los Angeles,34.1365,-117.92391
05/23/2015,AQS,1,0.042,ppm,39,Azusa,17,100,44201,Ozone,87,31080,"Los Angeles-Long Beach-Anaheim, CA",6,California,37,Los Angeles,34.1365,-117.92391
05/24/2015,AQS,1,0.05,ppm,46,Azusa,17,100,44201,Ozone,87,31080,"Los Angeles-Long Beach-Anaheim, CA",6,California,37,Los Angeles,34.1365,-117.92391
05/25/2015,AQS,1,0.054,ppm,50,Azusa,17,100,44201,Ozone,87,31080,"Los Angeles-Long Beach-Anaheim, CA",6,California,37,Los Angeles,34.1365,-117.92391
05/26/2015,AQS,1,0.043,ppm,40,Azusa,17,100,44201,Ozone,87,31080,"Los Angeles-Long Beach-Anaheim, CA",6,California,37,Los Angeles,34.1365,-117.92391
05/27/2015,AQS,1,0.052,ppm,48,Azusa,14,82,44201,Ozone,87,31080,"Los Angeles-Long Beach-Anaheim, CA",6,California,37,Los Angeles,34.1365,-117.92391
05/28/2015,AQS,1,0.057,ppm,58,Azusa,17,100,44201,Ozone,87,31080,"Los Angeles-Long Beach-Anaheim, CA",6,California,37,Los Angeles,34.1365,-117.92391
05/29/2015,AQS,1,0.071,ppm,101,Azusa,17,100,44201,Ozone,87,31080,"Los Angeles-Long Beach-Anaheim, CA",6,California,37,Los Angeles,34.1365,-117.92391
05/30/2015,AQS,1,0.08,ppm,133,Azusa,17,100,44201,Ozone,87,31080,"Los Angeles-Long Beach-Anaheim, CA",6,California,37,Los Angeles,34.1365,-117.92391
05/31/2015,AQS,1,0.078,ppm,126,Azusa,17,100,44201,Ozone,87,31080,"Los Angeles-Long Beach-Anaheim, CA",6,California,37,Los Angeles,34.1365,-117.92391
06/01/2015,AQS,1,0.066,ppm,87,Azusa,14,82,44201,Ozone,87,31080,"Los Angeles-Long Beach-Anaheim, CA",6,California,37,Los Angeles,34.1365,-117.92391
06/02/2015,AQS,1,0.046,ppm,43,Azusa,14,82,44201,Ozone,87,31080,"Los Angeles-Long Beach-Anaheim, CA",6,California,37,Los Angeles,34.1365,-117.92391
06/03/2015,AQS,1,0.039,ppm,36,Azusa,17,100,44201,Ozone,87,31080,"Los Angeles-Long Beach-Anaheim, CA",6,California,37,Los Angeles,34.1365,-117.92391
06/04/2015,AQS,1,0.039,ppm,36,Azusa,17,100,44201,Ozone,87,31080,"Los Angeles-Long Beach-Anaheim, CA",6,California,37,Los Angeles,34.1365,-117.92391
06/05/2015,AQS,1,0.051,ppm,47,Azusa,17,100,44201,Ozone,87,31080,"Los Angeles-Long Beach-Anaheim, CA",6,California,37,Los Angeles,34.1365,-117.92391
06/06/2015,AQS,1,0.056,ppm,54,Azusa,17,100,44201,Ozone,87,31080,"Los Angeles-Long Beach-Anaheim, CA",6,California,37,Los Angeles,34.1365,-117.92391
06/07/2015,AQS,1,0.069,ppm,97,Azusa,17,100,44201,Ozone,87,31080,"Los Angeles-Long Beach-Anaheim, CA",6,California,37,Los Angeles,34.1365,-117.92391
06/08/2015,AQS,1,0.073,ppm,108,Azusa,14,82,44201,Ozone,87,31080,"Los Angeles-Long Beach-Anaheim, CA",6,California,37,Los Angeles,34.1365,-117.92391
06/09/2015,AQS,1,0.032,ppm,30,Azusa,14,82,44201,Ozone,87,31080,"Los Angeles-Long Beach-Anaheim, CA",6,California,37,Los Angeles,34.1365,-117.92391
06/10/2015,AQS,1,0.043,ppm,40,Azusa,17,100,44201,Ozone,87,31080,"Los Angeles-Long Beach-Anaheim, CA",6,California,37,Los Angeles,34.1365,-117.92391
06/11/2015,AQS,1,0.043,ppm,40,Azusa,17,100,44201,Ozone,87,31080,"Los Angeles-Long Beach-Anaheim, CA",6,California,37,Los Angeles,34.1365,-117.92391
06/12/2015,AQS,1,0.041,ppm,38,Azusa,17,100,44201,Ozone,87,31080,"Los Angeles-Long Beach-Anaheim, CA",6,California,37,Los Angeles,34.1365,-117.92391
06/13/2015,AQS,1,0.048,ppm,44,Azusa,17,100,44201,Ozone,87,31080,"Los Angeles-Long Beach-Anaheim, CA",6,California,37,Los Angeles,34.1365,-117.92391
06/14/2015,AQS,1,0.07,ppm,100,Azusa,17,100,44201,Ozone,87,31080,"Los Angeles-Long Beach-Anaheim, CA",6,California,37,Los Angeles,34.1365,-117.92391
06/15/2015,AQS,1,0.075,ppm,115,Azusa,17,100,44201,Ozone,87,31080,"Los Angeles-Long Beach-Anaheim, CA",6,California,37,Los Angeles,34.1365,-117.92391
06/16/2015,AQS,1,0.077,ppm,122,Azusa,17,100,44201,Ozone,87,31080,"Los Angeles-Long Beach-Anaheim, CA",6,California,37,Los Angeles,34.1365,-117.92391
06/17/2015,AQS,1,0.094,ppm,172,Azusa,14,82,44201,Ozone,87,31080,"Los Angeles-Long Beach-Anaheim, CA",6,California,37,Los Angeles,34.1365,-117.92391
06/18/2015,AQS,1,0.085,ppm,150,Azusa,17,100,44201,Ozone,87,31080,"Los Angeles-Long Beach-Anaheim, CA",6,California,37,Los Angeles,34.1365,-117.92391
06/19/2015,AQS,1,0.086,ppm,151,Azusa,17,100,44201,Ozone,87,31080,"Los Angeles-Long Beach-Anaheim, CA",6,California,37,Los Angeles,34.1365,-117.92391
06/20/2015,AQS,1,0.096,ppm,177,Azusa,17,100,44201,Ozone,87,31080,"Los Angeles-Long Beach-Anaheim, CA",6,California,37,Los Angeles,34.1365,-117.92391
06/21/2015,AQS,1,0.07,ppm,100,Azusa,17,100,44201,Ozone,87,31080,"Los Angeles-Long Beach-Anaheim, CA",6,California,37,Los Angeles,34.1365,-117.92391
06/22/2015,AQS,1,0.074,ppm,112,Azusa,17,100,44201,Ozone,87,31080,"Los Angeles-Long Beach-Anaheim, CA",6,California,37,Los Angeles,34.1365,-117.92391
06/23/2015,AQS,1,0.072,ppm,105,Azusa,14,82,44201,Ozone,87,31080,"Los Angeles-Long Beach-Anaheim, CA",6,California,37,Los Angeles,34.1365,-117.92391
06/24/2015,AQS,1,0.063,ppm,77,Azusa,14,82,44201,Ozone,87,31080,"Los Angeles-Long Beach-Anaheim, CA",6,California,37,Los Angeles,34.1365,-117.92391
06/25/2015,AQS,1,0.069,ppm,97,Azusa,17,100,44201,Ozone,87,31080,"Los Angeles-Long Beach-Anaheim, CA",6,California,37,Los Angeles,34.1365,-117.92391
06/26/2015,AQS,1,0.068,ppm,93,Azusa,17,100,44201,Ozone,87,31080,"Los Angeles-Long Beach-Anaheim, CA",6,California,37,Los Angeles,34.1365,-117.92391
06/27/2015,AQS,1,0.035,ppm,32,Azusa,17,100,44201,Ozone,87,31080,"Los Angeles-Long Beach-Anaheim, CA",6,California,37,Los Angeles,34.1365,-117.92391
06/28/2015,AQS,1,0.086,ppm,151,Azusa,14,82,44201,Ozone,87,31080,"Los Angeles-Long Beach-Anaheim, CA",6,California,37,Los Angeles,34.1365,-117.92391
06/29/2015,AQS,1,0.06,ppm,67,Azusa,14,82,44201,Ozone,87,31080,"Los Angeles-Long Beach-Anaheim, CA",6,California,37,Los Angeles,34.1365,-117.92391
06/30/2015,AQS,1,0.064,ppm,80,Azusa,17,100,44201,Ozone,87,31080,"Los Angeles-Long Beach-Anaheim, CA",6,California,37,Los Angeles,34.1365,-117.92391
07/01/2015,AQS,1,0.042,ppm,39,Azusa,17,100,44201,Ozone,87,31080,"Los Angeles-Long Beach-Anaheim, CA",6,California,37,Los Angeles,34.1365,-117.92391
07/02/2015,AQS,1,0.053,ppm,49,Azusa,17,100,44201,Ozone,87,31080,"Los Angeles-Long Beach-Anaheim, CA",6,California,37,Los Angeles,34.1365,-117.92391
07/03/2015,AQS,1,0.063,ppm,77,Azusa,16,94,44201,Ozone,87,31080,"Los Angeles-Long Beach-Anaheim, CA",6,California,37,Los Angeles,34.1365,-117.92391
07/04/2015,AQS,1,0.058,ppm,61,Azusa,17,100,44201,Ozone,87,31080,"Los Angeles-Long Beach-Anaheim, CA",6,California,37,Los Angeles,34.1365,-117.92391
07/05/2015,AQS,1,0.052,ppm,48,Azusa,17,100,44201,Ozone,87,31080,"Los Angeles-Long Beach-Anaheim, CA",6,California,37,Los Angeles,34.1365,-117.92391
07/06/2015,AQS,1,0.046,ppm,43,Azusa,17,100,44201,Ozone,87,31080,"Los Angeles-Long Beach-Anaheim, CA",6,California,37,Los Angeles,34.1365,-117.92391
07/07/2015,AQS,1,0.055,ppm,51,Azusa,17,100,44201,Ozone,87,31080,"Los Angeles-Long Beach-Anaheim, CA",6,California,37,Los Angeles,34.1365,-117.92391
07/08/2015,AQS,1,0.042,ppm,39,Azusa,17,100,44201,Ozone,87,31080,"Los Angeles-Long Beach-Anaheim, CA",6,California,37,Los Angeles,34.1365,-117.92391
07/09/2015,AQS,1,0.035,ppm,32,Azusa,17,100,44201,Ozone,87,31080,"Los Angeles-Long Beach-Anaheim, CA",6,California,37,Los Angeles,34.1365,-117.92391
07/10/2015,AQS,1,0.041,ppm,38,Azusa,17,100,44201,Ozone,87,31080,"Los Angeles-Long Beach-Anaheim, CA",6,California,37,Los Angeles,34.1365,-117.92391
07/11/2015,AQS,1,0.054,ppm,50,Azusa,17,100,44201,Ozone,87,31080,"Los Angeles-Long Beach-Anaheim, CA",6,California,37,Los Angeles,34.1365,-117.92391
07/12/2015,AQS,1,0.058,ppm,61,Azusa,17,100,44201,Ozone,87,31080,"Los Angeles-Long Beach-Anaheim, CA",6,California,37,Los Angeles,34.1365,-117.92391
07/13/2015,AQS,1,0.054,ppm,50,Azusa,17,100,44201,Ozone,87,31080,"Los Angeles-Long Beach-Anaheim, CA",6,California,37,Los Angeles,34.1365,-117.92391
07/14/2015,AQS,1,0.048,ppm,44,Azusa,17,100,44201,Ozone,87,31080,"Los Angeles-Long Beach-Anaheim, CA",6,California,37,Los Angeles,34.1365,-117.92391
07/15/2015,AQS,1,0.055,ppm,51,Azusa,17,100,44201,Ozone,87,31080,"Los Angeles-Long Beach-Anaheim, CA",6,California,37,Los Angeles,34.1365,-117.92391
07/18/2015,AQS,1,0.035,ppm,32,Azusa,17,100,44201,Ozone,87,31080,"Los Angeles-Long Beach-Anaheim, CA",6,California,37,Los Angeles,34.1365,-117.92391
07/19/2015,AQS,1,0.045,ppm,42,Azusa,17,100,44201,Ozone,87,31080,"Los Angeles-Long Beach-Anaheim, CA",6,California,37,Los Angeles,34.1365,-117.92391
07/20/2015,AQS,1,0.036,ppm,33,Azusa,17,100,44201,Ozone,87,31080,"Los Angeles-Long Beach-Anaheim, CA",6,California,37,Los Angeles,34.1365,-117.92391
07/21/2015,AQS,1,0.027,ppm,25,Azusa,14,82,44201,Ozone,87,31080,"Los Angeles-Long Beach-Anaheim, CA",6,California,37,Los Angeles,34.1365,-117.92391
07/22/2015,AQS,1,0.044,ppm,41,Azusa,17,100,44201,Ozone,87,31080,"Los Angeles-Long Beach-Anaheim, CA",6,California,37,Los Angeles,34.1365,-117.92391
07/24/2015,AQS,1,0.057,ppm,58,Azusa,15,88,44201,Ozone,87,31080,"Los Angeles-Long Beach-Anaheim, CA",6,California,37,Los Angeles,34.1365,-117.92391
07/25/2015,AQS,1,0.067,ppm,90,Azusa,17,100,44201,Ozone,87,31080,"Los Angeles-Long Beach-Anaheim, CA",6,California,37,Los Angeles,34.1365,-117.92391
07/26/2015,AQS,1,0.048,ppm,44,Azusa,17,100,44201,Ozone,87,31080,"Los Angeles-Long Beach-Anaheim, CA",6,California,37,Los Angeles,34.1365,-117.92391
07/27/2015,AQS,1,0.051,ppm,47,Azusa,17,100,44201,Ozone,87,31080,"Los Angeles-Long Beach-Anaheim, CA",6,California,37,Los Angeles,34.1365,-117.92391
07/29/2015,AQS,1,0.076,ppm,119,Azusa,16,94,44201,Ozone,87,31080,"Los Angeles-Long Beach-Anaheim, CA",6,California,37,Los Angeles,34.1365,-117.92391
07/30/2015,AQS,1,0.063,ppm,77,Azusa,17,100,44201,Ozone,87,31080,"Los Angeles-Long Beach-Anaheim, CA",6,California,37,Los Angeles,34.1365,-117.92391
07/31/2015,AQS,1,0.065,ppm,84,Azusa,17,100,44201,Ozone,87,31080,"Los Angeles-Long Beach-Anaheim, CA",6,California,37,Los Angeles,34.1365,-117.92391
08/01/2015,AQS,1,0.071,ppm,101,Azusa,17,100,44201,Ozone,87,31080,"Los Angeles-Long Beach-Anaheim, CA",6,California,37,Los Angeles,34.1365,-117.92391
08/02/2015,AQS,1,0.074,ppm,112,Azusa,17,100,44201,Ozone,87,31080,"Los Angeles-Long Beach-Anaheim, CA",6,California,37,Los Angeles,34.1365,-117.92391
08/03/2015,AQS,1,0.064,ppm,80,Azusa,14,82,44201,Ozone,87,31080,"Los Angeles-Long Beach-Anaheim, CA",6,California,37,Los Angeles,34.1365,-117.92391
08/04/2015,AQS,1,0.068,ppm,93,Azusa,17,100,44201,Ozone,87,31080,"Los Angeles-Long Beach-Anaheim, CA",6,California,37,Los Angeles,34.1365,-117.92391
08/05/2015,AQS,1,0.058,ppm,61,Azusa,17,100,44201,Ozone,87,31080,"Los Angeles-Long Beach-Anaheim, CA",6,California,37,Los Angeles,34.1365,-117.92391
08/06/2015,AQS,1,0.042,ppm,39,Azusa,17,100,44201,Ozone,87,31080,"Los Angeles-Long Beach-Anaheim, CA",6,California,37,Los Angeles,34.1365,-117.92391
08/07/2015,AQS,1,0.056,ppm,54,Azusa,17,100,44201,Ozone,87,31080,"Los Angeles-Long Beach-Anaheim, CA",6,California,37,Los Angeles,34.1365,-117.92391
08/08/2015,AQS,1,0.061,ppm,71,Azusa,17,100,44201,Ozone,87,31080,"Los Angeles-Long Beach-Anaheim, CA",6,California,37,Los Angeles,34.1365,-117.92391
08/09/2015,AQS,1,0.064,ppm,80,Azusa,17,100,44201,Ozone,87,31080,"Los Angeles-Long Beach-Anaheim, CA",6,California,37,Los Angeles,34.1365,-117.92391
08/10/2015,AQS,1,0.054,ppm,50,Azusa,17,100,44201,Ozone,87,31080,"Los Angeles-Long Beach-Anaheim, CA",6,California,37,Los Angeles,34.1365,-117.92391
08/11/2015,AQS,1,0.063,ppm,77,Azusa,17,100,44201,Ozone,87,31080,"Los Angeles-Long Beach-Anaheim, CA",6,California,37,Los Angeles,34.1365,-117.92391
08/12/2015,AQS,1,0.066,ppm,87,Azusa,14,82,44201,Ozone,87,31080,"Los Angeles-Long Beach-Anaheim, CA",6,California,37,Los Angeles,34.1365,-117.92391
08/13/2015,AQS,1,0.058,ppm,61,Azusa,17,100,44201,Ozone,87,31080,"Los Angeles-Long Beach-Anaheim, CA",6,California,37,Los Angeles,34.1365,-117.92391
08/14/2015,AQS,1,0.06,ppm,67,Azusa,14,82,44201,Ozone,87,31080,"Los Angeles-Long Beach-Anaheim, CA",6,California,37,Los Angeles,34.1365,-117.92391
08/15/2015,AQS,1,0.078,ppm,126,Azusa,17,100,44201,Ozone,87,31080,"Los Angeles-Long Beach-Anaheim, CA",6,California,37,Los Angeles,34.1365,-117.92391
08/16/2015,AQS,1,0.083,ppm,143,Azusa,13,76,44201,Ozone,87,31080,"Los Angeles-Long Beach-Anaheim, CA",6,California,37,Los Angeles,34.1365,-117.92391
08/17/2015,AQS,1,0.058,ppm,61,Azusa,17,100,44201,Ozone,87,31080,"Los Angeles-Long Beach-Anaheim, CA",6,California,37,Los Angeles,34.1365,-117.92391
09/02/2015,AQS,1,0.061,ppm,71,Azusa,17,100,44201,Ozone,87,31080,"Los Angeles-Long Beach-Anaheim, CA",6,California,37,Los Angeles,34.1365,-117.92391
09/03/2015,AQS,1,0.05,ppm,46,Azusa,17,100,44201,Ozone,87,31080,"Los Angeles-Long Beach-Anaheim, CA",6,California,37,Los Angeles,34.1365,-117.92391
09/04/2015,AQS,1,0.055,ppm,51,Azusa,17,100,44201,Ozone,87,31080,"Los Angeles-Long Beach-Anaheim, CA",6,California,37,Los Angeles,34.1365,-117.92391
09/05/2015,AQS,1,0.071,ppm,101,Azusa,17,100,44201,Ozone,87,31080,"Los Angeles-Long Beach-Anaheim, CA",6,California,37,Los Angeles,34.1365,-117.92391
09/06/2015,AQS,1,0.07,ppm,100,Azusa,17,100,44201,Ozone,87,31080,"Los Angeles-Long Beach-Anaheim, CA",6,California,37,Los Angeles,34.1365,-117.92391
09/07/2015,AQS,1,0.059,ppm,64,Azusa,17,100,44201,Ozone,87,31080,"Los Angeles-Long Beach-Anaheim, CA",6,California,37,Los Angeles,34.1365,-117.92391
09/08/2015,AQS,1,0.052,ppm,48,Azusa,17,100,44201,Ozone,87,31080,"Los Angeles-Long Beach-Anaheim, CA",6,California,37,Los Angeles,34.1365,-117.92391
09/09/2015,AQS,1,0.059,ppm,64,Azusa,17,100,44201,Ozone,87,31080,"Los Angeles-Long Beach-Anaheim, CA",6,California,37,Los Angeles,34.1365,-117.92391
09/10/2015,AQS,1,0.058,ppm,61,Azusa,17,100,44201,Ozone,87,31080,"Los Angeles-Long Beach-Anaheim, CA",6,California,37,Los Angeles,34.1365,-117.92391
09/11/2015,AQS,1,0.062,ppm,74,Azusa,17,100,44201,Ozone,87,31080,"Los Angeles-Long Beach-Anaheim, CA",6,California,37,Los Angeles,34.1365,-117.92391
09/12/2015,AQS,1,0.044,ppm,41,Azusa,17,100,44201,Ozone,87,31080,"Los Angeles-Long Beach-Anaheim, CA",6,California,37,Los Angeles,34.1365,-117.92391
09/13/2015,AQS,1,0.059,ppm,64,Azusa,17,100,44201,Ozone,87,31080,"Los Angeles-Long Beach-Anaheim, CA",6,California,37,Los Angeles,34.1365,-117.92391
09/14/2015,AQS,1,0.038,ppm,35,Azusa,17,100,44201,Ozone,87,31080,"Los Angeles-Long Beach-Anaheim, CA",6,California,37,Los Angeles,34.1365,-117.92391
09/15/2015,AQS,1,0.021,ppm,19,Azusa,17,100,44201,Ozone,87,31080,"Los Angeles-Long Beach-Anaheim, CA",6,California,37,Los Angeles,34.1365,-117.92391
09/16/2015,AQS,1,0.041,ppm,38,Azusa,17,100,44201,Ozone,87,31080,"Los Angeles-Long Beach-Anaheim, CA",6,California,37,Los Angeles,34.1365,-117.92391
09/17/2015,AQS,1,0.05,ppm,46,Azusa,17,100,44201,Ozone,87,31080,"Los Angeles-Long Beach-Anaheim, CA",6,California,37,Los Angeles,34.1365,-117.92391
09/18/2015,AQS,1,0.068,ppm,93,Azusa,17,100,44201,Ozone,87,31080,"Los Angeles-Long Beach-Anaheim, CA",6,California,37,Los Angeles,34.1365,-117.92391
09/19/2015,AQS,1,0.092,ppm,166,Azusa,17,100,44201,Ozone,87,31080,"Los Angeles-Long Beach-Anaheim, CA",6,California,37,Los Angeles,34.1365,-117.92391
09/20/2015,AQS,1,0.079,ppm,129,Azusa,17,100,44201,Ozone,87,31080,"Los Angeles-Long Beach-Anaheim, CA",6,California,37,Los Angeles,34.1365,-117.92391
09/21/2015,AQS,1,0.046,ppm,43,Azusa,17,100,44201,Ozone,87,31080,"Los Angeles-Long Beach-Anaheim, CA",6,California,37,Los Angeles,34.1365,-117.92391
09/22/2015,AQS,1,0.061,ppm,71,Azusa,17,100,44201,Ozone,87,31080,"Los Angeles-Long Beach-Anaheim, CA",6,California,37,Los Angeles,34.1365,-117.92391
09/23/2015,AQS,1,0.069,ppm,97,Azusa,17,100,44201,Ozone,87,31080,"Los Angeles-Long Beach-Anaheim, CA",6,California,37,Los Angeles,34.1365,-117.92391
09/24/2015,AQS,1,0.088,ppm,156,Azusa,17,100,44201,Ozone,87,31080,"Los Angeles-Long Beach-Anaheim, CA",6,California,37,Los Angeles,34.1365,-117.92391
09/25/2015,AQS,1,0.078,ppm,126,Azusa,17,100,44201,Ozone,87,31080,"Los Angeles-Long Beach-Anaheim, CA",6,California,37,Los Angeles,34.1365,-117.92391
09/26/2015,AQS,1,0.072,ppm,105,Azusa,17,100,44201,Ozone,87,31080,"Los Angeles-Long Beach-Anaheim, CA",6,California,37,Los Angeles,34.1365,-117.92391
09/27/2015,AQS,1,0.079,ppm,129,Azusa,17,100,44201,Ozone,87,31080,"Los Angeles-Long Beach-Anaheim, CA",6,California,37,Los Angeles,34.1365,-117.92391
09/28/2015,AQS,1,0.061,ppm,71,Azusa,17,100,44201,Ozone,87,31080,"Los Angeles-Long Beach-Anaheim, CA",6,California,37,Los Angeles,34.1365,-117.92391
09/29/2015,AQS,1,0.053,ppm,49,Azusa,17,100,44201,Ozone,87,31080,"Los Angeles-Long Beach-Anaheim, CA",6,California,37,Los Angeles,34.1365,-117.92391
09/30/2015,AQS,1,0.077,ppm,122,Azusa,14,82,44201,Ozone,87,31080,"Los Angeles-Long Beach-Anaheim, CA",6,California,37,Los Angeles,34.1365,-117.92391
10/01/2015,AQS,1,0.052,ppm,48,Azusa,17,100,44201,Ozone,87,31080,"Los Angeles-Long Beach-Anaheim, CA",6,California,37,Los Angeles,34.1365,-117.92391
10/02/2015,AQS,1,0.051,ppm,47,Azusa,17,100,44201,Ozone,87,31080,"Los Angeles-Long Beach-Anaheim, CA",6,California,37,Los Angeles,34.1365,-117.92391
10/03/2015,AQS,1,0.061,ppm,71,Azusa,17,100,44201,Ozone,87,31080,"Los Angeles-Long Beach-Anaheim, CA",6,California,37,Los Angeles,34.1365,-117.92391
10/04/2015,AQS,1,0.045,ppm,42,Azusa,14,82,44201,Ozone,87,31080,"Los Angeles-Long Beach-Anaheim, CA",6,California,37,Los Angeles,34.1365,-117.92391
10/05/2015,AQS,1,0.041,ppm,38,Azusa,14,82,44201,Ozone,87,31080,"Los Angeles-Long Beach-Anaheim, CA",6,California,37,Los Angeles,34.1365,-117.92391
10/06/2015,AQS,1,0.052,ppm,48,Azusa,17,100,44201,Ozone,87,31080,"Los Angeles-Long Beach-Anaheim, CA",6,California,37,Los Angeles,34.1365,-117.92391
10/07/2015,AQS,1,0.055,ppm,51,Azusa,17,100,44201,Ozone,87,31080,"Los Angeles-Long Beach-Anaheim, CA",6,California,37,Los Angeles,34.1365,-117.92391
10/08/2015,AQS,1,0.063,ppm,77,Azusa,17,100,44201,Ozone,87,31080,"Los Angeles-Long Beach-Anaheim, CA",6,California,37,Los Angeles,34.1365,-117.92391
10/09/2015,AQS,1,0.06,ppm,67,Azusa,17,100,44201,Ozone,87,31080,"Los Angeles-Long Beach-Anaheim, CA",6,California,37,Los Angeles,34.1365,-117.92391
10/10/2015,AQS,1,0.061,ppm,71,Azusa,17,100,44201,Ozone,87,31080,"Los Angeles-Long Beach-Anaheim, CA",6,California,37,Los Angeles,34.1365,-117.92391
10/11/2015,AQS,1,0.071,ppm,101,Azusa,17,100,44201,Ozone,87,31080,"Los Angeles-Long Beach-Anaheim, CA",6,California,37,Los Angeles,34.1365,-117.92391
10/12/2015,AQS,1,0.058,ppm,61,Azusa,17,100,44201,Ozone,87,31080,"Los Angeles-Long Beach-Anaheim, CA",6,California,37,Los Angeles,34.1365,-117.92391
10/13/2015,AQS,1,0.047,ppm,44,Azusa,17,100,44201,Ozone,87,31080,"Los Angeles-Long Beach-Anaheim, CA",6,California,37,Los Angeles,34.1365,-117.92391
10/14/2015,AQS,1,0.033,ppm,31,Azusa,17,100,44201,Ozone,87,31080,"Los Angeles-Long Beach-Anaheim, CA",6,California,37,Los Angeles,34.1365,-117.92391
10/15/2015,AQS,1,0.028,ppm,26,Azusa,17,100,44201,Ozone,87,31080,"Los Angeles-Long Beach-Anaheim, CA",6,California,37,Los Angeles,34.1365,-117.92391
10/17/2015,AQS,1,0.05,ppm,46,Azusa,17,100,44201,Ozone,87,31080,"Los Angeles-Long Beach-Anaheim, CA",6,California,37,Los Angeles,34.1365,-117.92391
10/18/2015,AQS,1,0.04,ppm,37,Azusa,17,100,44201,Ozone,87,31080,"Los Angeles-Long Beach-Anaheim, CA",6,California,37,Los Angeles,34.1365,-117.92391
10/19/2015,AQS,1,0.038,ppm,35,Azusa,17,100,44201,Ozone,87,31080,"Los Angeles-Long Beach-Anaheim, CA",6,California,37,Los Angeles,34.1365,-117.92391
10/20/2015,AQS,1,0.041,ppm,38,Azusa,17,100,44201,Ozone,87,31080,"Los Angeles-Long Beach-Anaheim, CA",6,California,37,Los Angeles,34.1365,-117.92391
10/24/2015,AQS,1,0.057,ppm,58,Azusa,17,100,44201,Ozone,87,31080,"Los Angeles-Long Beach-Anaheim, CA",6,California,37,Los Angeles,34.1365,-117.92391
10/25/2015,AQS,1,0.043,ppm,40,Azusa,17,100,44201,Ozone,87,31080,"Los Angeles-Long Beach-Anaheim, CA",6,California,37,Los Angeles,34.1365,-117.92391
10/26/2015,AQS,1,0.056,ppm,54,Azusa,17,100,44201,Ozone,87,31080,"Los Angeles-Long Beach-Anaheim, CA",6,California,37,Los Angeles,34.1365,-117.92391
10/27/2015,AQS,1,0.042,ppm,39,Azusa,17,100,44201,Ozone,87,31080,"Los Angeles-Long Beach-Anaheim, CA",6,California,37,Los Angeles,34.1365,-117.92391
10/28/2015,AQS,1,0.034,ppm,31,Azusa,17,100,44201,Ozone,87,31080,"Los Angeles-Long Beach-Anaheim, CA",6,California,37,Los Angeles,34.1365,-117.92391
10/29/2015,AQS,1,0.045,ppm,42,Azusa,17,100,44201,Ozone,87,31080,"Los Angeles-Long Beach-Anaheim, CA",6,California,37,Los Angeles,34.1365,-117.92391
10/30/2015,AQS,1,0.04,ppm,37,Azusa,17,100,44201,Ozone,87,31080,"Los Angeles-Long Beach-Anaheim, CA",6,California,37,Los Angeles,34.1365,-117.92391
10/31/2015,AQS,1,0.053,ppm,49,Azusa,17,100,44201,Ozone,87,31080,"Los Angeles-Long Beach-Anaheim, CA",6,California,37,Los Angeles,34.1365,-117.92391
11/01/2015,AQS,1,0.069,ppm,97,Azusa,17,100,44201,Ozone,87,31080,"Los Angeles-Long Beach-Anaheim, CA",6,California,37,Los Angeles,34.1365,-117.92391
11/02/2015,AQS,1,0.038,ppm,35,Azusa,17,100,44201,Ozone,87,31080,"Los Angeles-Long Beach-Anaheim, CA",6,California,37,Los Angeles,34.1365,-117.92391
11/03/2015,AQS,1,0.034,ppm,31,Azusa,17,100,44201,Ozone,87,31080,"Los Angeles-Long Beach-Anaheim, CA",6,California,37,Los Angeles,34.1365,-117.92391
11/04/2015,AQS,1,0.038,ppm,35,Azusa,17,100,44201,Ozone,87,31080,"Los Angeles-Long Beach-Anaheim, CA",6,California,37,Los Angeles,34.1365,-117.92391
11/06/2015,AQS,1,0.037,ppm,34,Azusa,17,100,44201,Ozone,87,31080,"Los Angeles-Long Beach-Anaheim, CA",6,California,37,Los Angeles,34.1365,-117.92391
11/07/2015,AQS,1,0.043,ppm,40,Azusa,17,100,44201,Ozone,87,31080,"Los Angeles-Long Beach-Anaheim, CA",6,California,37,Los Angeles,34.1365,-117.92391
11/08/2015,AQS,1,0.053,ppm,49,Azusa,17,100,44201,Ozone,87,31080,"Los Angeles-Long Beach-Anaheim, CA",6,California,37,Los Angeles,34.1365,-117.92391
11/09/2015,AQS,1,0.033,ppm,31,Azusa,17,100,44201,Ozone,87,31080,"Los Angeles-Long Beach-Anaheim, CA",6,California,37,Los Angeles,34.1365,-117.92391
11/10/2015,AQS,1,0.041,ppm,38,Azusa,17,100,44201,Ozone,87,31080,"Los Angeles-Long Beach-Anaheim, CA",6,California,37,Los Angeles,34.1365,-117.92391
11/11/2015,AQS,1,0.041,ppm,38,Azusa,17,100,44201,Ozone,87,31080,"Los Angeles-Long Beach-Anaheim, CA",6,California,37,Los Angeles,34.1365,-117.92391
11/12/2015,AQS,1,0.039,ppm,36,Azusa,17,100,44201,Ozone,87,31080,"Los Angeles-Long Beach-Anaheim, CA",6,California,37,Los Angeles,34.1365,-117.92391
11/13/2015,AQS,1,0.034,ppm,31,Azusa,17,100,44201,Ozone,87,31080,"Los Angeles-Long Beach-Anaheim, CA",6,California,37,Los Angeles,34.1365,-117.92391
11/14/2015,AQS,1,0.038,ppm,35,Azusa,17,100,44201,Ozone,87,31080,"Los Angeles-Long Beach-Anaheim, CA",6,California,37,Los Angeles,34.1365,-117.92391
11/15/2015,AQS,1,0.05,ppm,46,Azusa,17,100,44201,Ozone,87,31080,"Los Angeles-Long Beach-Anaheim, CA",6,California,37,Los Angeles,34.1365,-117.92391
11/16/2015,AQS,1,0.041,ppm,38,Azusa,17,100,44201,Ozone,87,31080,"Los Angeles-Long Beach-Anaheim, CA",6,California,37,Los Angeles,34.1365,-117.92391
11/17/2015,AQS,1,0.03,ppm,28,Azusa,17,100,44201,Ozone,87,31080,"Los Angeles-Long Beach-Anaheim, CA",6,California,37,Los Angeles,34.1365,-117.92391
11/18/2015,AQS,1,0.031,ppm,29,Azusa,17,100,44201,Ozone,87,31080,"Los Angeles-Long Beach-Anaheim, CA",6,California,37,Los Angeles,34.1365,-117.92391
11/19/2015,AQS,1,0.034,ppm,31,Azusa,17,100,44201,Ozone,87,31080,"Los Angeles-Long Beach-Anaheim, CA",6,California,37,Los Angeles,34.1365,-117.92391
11/21/2015,AQS,1,0.043,ppm,40,Azusa,17,100,44201,Ozone,87,31080,"Los Angeles-Long Beach-Anaheim, CA",6,California,37,Los Angeles,34.1365,-117.92391
11/22/2015,AQS,1,0.045,ppm,42,Azusa,17,100,44201,Ozone,87,31080,"Los Angeles-Long Beach-Anaheim, CA",6,California,37,Los Angeles,34.1365,-117.92391
11/23/2015,AQS,1,0.029,ppm,27,Azusa,17,100,44201,Ozone,87,31080,"Los Angeles-Long Beach-Anaheim, CA",6,California,37,Los Angeles,34.1365,-117.92391
11/24/2015,AQS,1,0.041,ppm,38,Azusa,17,100,44201,Ozone,87,31080,"Los Angeles-Long Beach-Anaheim, CA",6,California,37,Los Angeles,34.1365,-117.92391
11/25/2015,AQS,1,0.035,ppm,32,Azusa,17,100,44201,Ozone,87,31080,"Los Angeles-Long Beach-Anaheim, CA",6,California,37,Los Angeles,34.1365,-117.92391
11/26/2015,AQS,1,0.039,ppm,36,Azusa,17,100,44201,Ozone,87,31080,"Los Angeles-Long Beach-Anaheim, CA",6,California,37,Los Angeles,34.1365,-117.92391
11/27/2015,AQS,1,0.034,ppm,31,Azusa,17,100,44201,Ozone,87,31080,"Los Angeles-Long Beach-Anaheim, CA",6,California,37,Los Angeles,34.1365,-117.92391
11/28/2015,AQS,1,0.038,ppm,35,Azusa,17,100,44201,Ozone,87,31080,"Los Angeles-Long Beach-Anaheim, CA",6,California,37,Los Angeles,34.1365,-117.92391
11/29/2015,AQS,1,0.04,ppm,37,Azusa,17,100,44201,Ozone,87,31080,"Los Angeles-Long Beach-Anaheim, CA",6,California,37,Los Angeles,34.1365,-117.92391
11/30/2015,AQS,1,0.033,ppm,31,Azusa,17,100,44201,Ozone,87,31080,"Los Angeles-Long Beach-Anaheim, CA",6,California,37,Los Angeles,34.1365,-117.92391
12/01/2015,AQS,1,0.035,ppm,32,Azusa,17,100,44201,Ozone,87,31080,"Los Angeles-Long Beach-Anaheim, CA",6,California,37,Los Angeles,34.1365,-117.92391
12/02/2015,AQS,1,0.033,ppm,31,Azusa,17,100,44201,Ozone,87,31080,"Los Angeles-Long Beach-Anaheim, CA",6,California,37,Los Angeles,34.1365,-117.92391
12/03/2015,AQS,1,0.022,ppm,20,Azusa,17,100,44201,Ozone,87,31080,"Los Angeles-Long Beach-Anaheim, CA",6,California,37,Los Angeles,34.1365,-117.92391
12/04/2015,AQS,1,0.021,ppm,19,Azusa,17,100,44201,Ozone,87,31080,"Los Angeles-Long Beach-Anaheim, CA",6,California,37,Los Angeles,34.1365,-117.92391
12/05/2015,AQS,1,0.039,ppm,36,Azusa,17,100,44201,Ozone,87,31080,"Los Angeles-Long Beach-Anaheim, CA",6,California,37,Los Angeles,34.1365,-117.92391
12/06/2015,AQS,1,0.04,ppm,37,Azusa,17,100,44201,Ozone,87,31080,"Los Angeles-Long Beach-Anaheim, CA",6,California,37,Los Angeles,34.1365,-117.92391
12/07/2015,AQS,1,0.031,ppm,29,Azusa,17,100,44201,Ozone,87,31080,"Los Angeles-Long Beach-Anaheim, CA",6,California,37,Los Angeles,34.1365,-117.92391
12/08/2015,AQS,1,0.028,ppm,26,Azusa,17,100,44201,Ozone,87,31080,"Los Angeles-Long Beach-Anaheim, CA",6,California,37,Los Angeles,34.1365,-117.92391
12/09/2015,AQS,1,0.014,ppm,13,Azusa,17,100,44201,Ozone,87,31080,"Los Angeles-Long Beach-Anaheim, CA",6,California,37,Los Angeles,34.1365,-117.92391
12/10/2015,AQS,1,0.022,ppm,20,Azusa,17,100,44201,Ozone,87,31080,"Los Angeles-Long Beach-Anaheim, CA",6,California,37,Los Angeles,34.1365,-117.92391
12/11/2015,AQS,1,0.038,ppm,35,Azusa,17,100,44201,Ozone,87,31080,"Los Angeles-Long Beach-Anaheim, CA",6,California,37,Los Angeles,34.1365,-117.92391
12/12/2015,AQS,1,0.033,ppm,31,Azusa,17,100,44201,Ozone,87,31080,"Los Angeles-Long Beach-Anaheim, CA",6,California,37,Los Angeles,34.1365,-117.92391
12/13/2015,AQS,1,0.039,ppm,36,Azusa,17,100,44201,Ozone,87,31080,"Los Angeles-Long Beach-Anaheim, CA",6,California,37,Los Angeles,34.1365,-117.92391
12/14/2015,AQS,1,0.04,ppm,37,Azusa,17,100,44201,Ozone,87,31080,"Los Angeles-Long Beach-Anaheim, CA",6,California,37,Los Angeles,34.1365,-117.92391
12/15/2015,AQS,1,0.029,ppm,27,Azusa,17,100,44201,Ozone,87,31080,"Los Angeles-Long Beach-Anaheim, CA",6,California,37,Los Angeles,34.1365,-117.92391
12/16/2015,AQS,1,0.025,ppm,23,Azusa,17,100,44201,Ozone,87,31080,"Los Angeles-Long Beach-Anaheim, CA",6,California,37,Los Angeles,34.1365,-117.92391
12/17/2015,AQS,1,0.022,ppm,20,Azusa,17,100,44201,Ozone,87,31080,"Los Angeles-Long Beach-Anaheim, CA",6,California,37,Los Angeles,34.1365,-117.92391
12/18/2015,AQS,1,0.023,ppm,21,Azusa,17,100,44201,Ozone,87,31080,"Los Angeles-Long Beach-Anaheim, CA",6,California,37,Los Angeles,34.1365,-117.92391
12/19/2015,AQS,1,0.033,ppm,31,Azusa,17,100,44201,Ozone,87,31080,"Los Angeles-Long Beach-Anaheim, CA",6,California,37,Los Angeles,34.1365,-117.92391
12/20/2015,AQS,1,0.034,ppm,31,Azusa,17,100,44201,Ozone,87,31080,"Los Angeles-Long Beach-Anaheim, CA",6,California,37,Los Angeles,34.1365,-117.92391
12/21/2015,AQS,1,0.024,ppm,22,Azusa,17,100,44201,Ozone,87,31080,"Los Angeles-Long Beach-Anaheim, CA",6,California,37,Los Angeles,34.1365,-117.92391
12/22/2015,AQS,1,0.015,ppm,14,Azusa,17,100,44201,Ozone,87,31080,"Los Angeles-Long Beach-Anaheim, CA",6,California,37,Los Angeles,34.1365,-117.92391
12/23/2015,AQS,1,0.021,ppm,19,Azusa,17,100,44201,Ozone,87,31080,"Los Angeles-Long Beach-Anaheim, CA",6,California,37,Los Angeles,34.1365,-117.92391
12/24/2015,AQS,1,0.031,ppm,29,Azusa,17,100,44201,Ozone,87,31080,"Los Angeles-Long Beach-Anaheim, CA",6,California,37,Los Angeles,34.1365,-117.92391
12/25/2015,AQS,1,0.04,ppm,37,Azusa,17,100,44201,Ozone,87,31080,"Los Angeles-Long Beach-Anaheim, CA",6,California,37,Los Angeles,34.1365,-117.92391
12/26/2015,AQS,1,0.035,ppm,32,Azusa,17,100,44201,Ozone,87,31080,"Los Angeles-Long Beach-Anaheim, CA",6,California,37,Los Angeles,34.1365,-117.92391
12/27/2015,AQS,1,0.033,ppm,31,Azusa,17,100,44201,Ozone,87,31080,"Los Angeles-Long Beach-Anaheim, CA",6,California,37,Los Angeles,34.1365,-117.92391
12/28/2015,AQS,1,0.028,ppm,26,Azusa,17,100,44201,Ozone,87,31080,"Los Angeles-Long Beach-Anaheim, CA",6,California,37,Los Angeles,34.1365,-117.92391
12/29/2015,AQS,1,0.028,ppm,26,Azusa,17,100,44201,Ozone,87,31080,"Los Angeles-Long Beach-Anaheim, CA",6,California,37,Los Angeles,34.1365,-117.92391
12/30/2015,AQS,1,0.026,ppm,24,Azusa,17,100,44201,Ozone,87,31080,"Los Angeles-Long Beach-Anaheim, CA",6,California,37,Los Angeles,34.1365,-117.92391
01/01/2016,AQS,1,0.043,ppm,40,Azusa,17,100,44201,Ozone,87,31080,"Los Angeles-Long Beach-Anaheim, CA",6,California,37,Los Angeles,34.1365,-117.92391
01/02/2016,AQS,1,0.031,ppm,29,Azusa,17,100,44201,Ozone,87,31080,"Los Angeles-Long Beach-Anaheim, CA",6,California,37,Los Angeles,34.1365,-117.92391
01/03/2016,AQS,1,0.043,ppm,40,Azusa,17,100,44201,Ozone,87,31080,"Los Angeles-Long Beach-Anaheim, CA",6,California,37,Los Angeles,34.1365,-117.92391
01/04/2016,AQS,1,0.035,ppm,32,Azusa,17,100,44201,Ozone,87,31080,"Los Angeles-Long Beach-Anaheim, CA",6,California,37,Los Angeles,34.1365,-117.92391
01/05/2016,AQS,1,0.023,ppm,21,Azusa,17,100,44201,Ozone,87,31080,"Los Angeles-Long Beach-Anaheim, CA",6,California,37,Los Angeles,34.1365,-117.92391
01/06/2016,AQS,1,0.033,ppm,31,Azusa,17,100,44201,Ozone,87,31080,"Los Angeles-Long Beach-Anaheim, CA",6,California,37,Los Angeles,34.1365,-117.92391
01/07/2016,AQS,1,0.035,ppm,32,Azusa,17,100,44201,Ozone,87,31080,"Los Angeles-Long Beach-Anaheim, CA",6,California,37,Los Angeles,34.1365,-117.92391
01/08/2016,AQS,1,0.027,ppm,25,Azusa,17,100,44201,Ozone,87,31080,"Los Angeles-Long Beach-Anaheim, CA",6,California,37,Los Angeles,34.1365,-117.92391
01/09/2016,AQS,1,0.032,ppm,30,Azusa,17,100,44201,Ozone,87,31080,"Los Angeles-Long Beach-Anaheim, CA",6,California,37,Los Angeles,34.1365,-117.92391
01/10/2016,AQS,1,0.03,ppm,28,Azusa,17,100,44201,Ozone,87,31080,"Los Angeles-Long Beach-Anaheim, CA",6,California,37,Los Angeles,34.1365,-117.92391
01/11/2016,AQS,1,0.031,ppm,29,Azusa,17,100,44201,Ozone,87,31080,"Los Angeles-Long Beach-Anaheim, CA",6,California,37,Los Angeles,34.1365,-117.92391
01/12/2016,AQS,1,0.029,ppm,27,Azusa,17,100,44201,Ozone,87,31080,"Los Angeles-Long Beach-Anaheim, CA",6,California,37,Los Angeles,34.1365,-117.92391
01/13/2016,AQS,1,0.013,ppm,12,Azusa,17,100,44201,Ozone,87,31080,"Los Angeles-Long Beach-Anaheim, CA",6,California,37,Los Angeles,34.1365,-117.92391
01/14/2016,AQS,1,0.022,ppm,20,Azusa,17,100,44201,Ozone,87,31080,"Los Angeles-Long Beach-Anaheim, CA",6,California,37,Los Angeles,34.1365,-117.92391
01/15/2016,AQS,1,0.024,ppm,22,Azusa,17,100,44201,Ozone,87,31080,"Los Angeles-Long Beach-Anaheim, CA",6,California,37,Los Angeles,34.1365,-117.92391
01/16/2016,AQS,1,0.029,ppm,27,Azusa,17,100,44201,Ozone,87,31080,"Los Angeles-Long Beach-Anaheim, CA",6,California,37,Los Angeles,34.1365,-117.92391
01/17/2016,AQS,1,0.035,ppm,32,Azusa,17,100,44201,Ozone,87,31080,"Los Angeles-Long Beach-Anaheim, CA",6,California,37,Los Angeles,34.1365,-117.92391
01/18/2016,AQS,1,0.016,ppm,15,Azusa,17,100,44201,Ozone,87,31080,"Los Angeles-Long Beach-Anaheim, CA",6,California,37,Los Angeles,34.1365,-117.92391
01/19/2016,AQS,1,0.015,ppm,14,Azusa,17,100,44201,Ozone,87,31080,"Los Angeles-Long Beach-Anaheim, CA",6,California,37,Los Angeles,34.1365,-117.92391
01/20/2016,AQS,1,0.024,ppm,22,Azusa,17,100,44201,Ozone,87,31080,"Los Angeles-Long Beach-Anaheim, CA",6,California,37,Los Angeles,34.1365,-117.92391
01/21/2016,AQS,1,0.026,ppm,24,Azusa,17,100,44201,Ozone,87,31080,"Los Angeles-Long Beach-Anaheim, CA",6,California,37,Los Angeles,34.1365,-117.92391
01/22/2016,AQS,1,0.02,ppm,19,Azusa,17,100,44201,Ozone,87,31080,"Los Angeles-Long Beach-Anaheim, CA",6,California,37,Los Angeles,34.1365,-117.92391
01/23/2016,AQS,1,0.021,ppm,19,Azusa,17,100,44201,Ozone,87,31080,"Los Angeles-Long Beach-Anaheim, CA",6,California,37,Los Angeles,34.1365,-117.92391
01/24/2016,AQS,1,0.04,ppm,37,Azusa,17,100,44201,Ozone,87,31080,"Los Angeles-Long Beach-Anaheim, CA",6,California,37,Los Angeles,34.1365,-117.92391
01/25/2016,AQS,1,0.036,ppm,33,Azusa,17,100,44201,Ozone,87,31080,"Los Angeles-Long Beach-Anaheim, CA",6,California,37,Los Angeles,34.1365,-117.92391
01/26/2016,AQS,1,0.031,ppm,29,Azusa,17,100,44201,Ozone,87,31080,"Los Angeles-Long Beach-Anaheim, CA",6,California,37,Los Angeles,34.1365,-117.92391
01/27/2016,AQS,1,0.029,ppm,27,Azusa,17,100,44201,Ozone,87,31080,"Los Angeles-Long Beach-Anaheim, CA",6,California,37,Los Angeles,34.1365,-117.92391
01/28/2016,AQS,1,0.024,ppm,22,Azusa,17,100,44201,Ozone,87,31080,"Los Angeles-Long Beach-Anaheim, CA",6,California,37,Los Angeles,34.1365,-117.92391
01/29/2016,AQS,1,0.022,ppm,20,Azusa,17,100,44201,Ozone,87,31080,"Los Angeles-Long Beach-Anaheim, CA",6,California,37,Los Angeles,34.1365,-117.92391
01/30/2016,AQS,1,0.032,ppm,30,Azusa,17,100,44201,Ozone,87,31080,"Los Angeles-Long Beach-Anaheim, CA",6,California,37,Los Angeles,34.1365,-117.92391
01/31/2016,AQS,1,0.035,ppm,32,Azusa,17,100,44201,Ozone,87,31080,"Los Angeles-Long Beach-Anaheim, CA",6,California,37,Los Angeles,34.1365,-117.92391
02/01/2016,AQS,1,0.041,ppm,38,Azusa,17,100,44201,Ozone,87,31080,"Los Angeles-Long Beach-Anaheim, CA",6,California,37,Los Angeles,34.1365,-117.92391
02/02/2016,AQS,1,0.029,ppm,27,Azusa,17,100,44201,Ozone,87,31080,"Los Angeles-Long Beach-Anaheim, CA",6,California,37,Los Angeles,34.1365,-117.92391
02/03/2016,AQS,1,0.031,ppm,29,Azusa,17,100,44201,Ozone,87,31080,"Los Angeles-Long Beach-Anaheim, CA",6,California,37,Los Angeles,34.1365,-117.92391
02/04/2016,AQS,1,0.033,ppm,31,Azusa,17,100,44201,Ozone,87,31080,"Los Angeles-Long Beach-Anaheim, CA",6,California,37,Los Angeles,34.1365,-117.92391
02/06/2016,AQS,1,0.044,ppm,41,Azusa,17,100,44201,Ozone,87,31080,"Los Angeles-Long Beach-Anaheim, CA",6,California,37,Los Angeles,34.1365,-117.92391
02/07/2016,AQS,1,0.052,ppm,48,Azusa,17,100,44201,Ozone,87,31080,"Los Angeles-Long Beach-Anaheim, CA",6,California,37,Los Angeles,34.1365,-117.92391
02/08/2016,AQS,1,0.041,ppm,38,Azusa,17,100,44201,Ozone,87,31080,"Los Angeles-Long Beach-Anaheim, CA",6,California,37,Los Angeles,34.1365,-117.92391
02/09/2016,AQS,1,0.037,ppm,34,Azusa,17,100,44201,Ozone,87,31080,"Los Angeles-Long Beach-Anaheim, CA",6,California,37,Los Angeles,34.1365,-117.92391
02/10/2016,AQS,1,0.038,ppm,35,Azusa,17,100,44201,Ozone,87,31080,"Los Angeles-Long Beach-Anaheim, CA",6,California,37,Los Angeles,34.1365,-117.92391
02/11/2016,AQS,1,0.041,ppm,38,Azusa,17,100,44201,Ozone,87,31080,"Los Angeles-Long Beach-Anaheim, CA",6,California,37,Los Angeles,34.1365,-117.92391
02/13/2016,AQS,1,0.062,ppm,74,Azusa,17,100,44201,Ozone,87,31080,"Los Angeles-Long Beach-Anaheim, CA",6,California,37,Los Angeles,34.1365,-117.92391
02/14/2016,AQS,1,0.057,ppm,58,Azusa,17,100,44201,Ozone,87,31080,"Los Angeles-Long Beach-Anaheim, CA",6,California,37,Los Angeles,34.1365,-117.92391
02/15/2016,AQS,1,0.051,ppm,47,Azusa,17,100,44201,Ozone,87,31080,"Los Angeles-Long Beach-Anaheim, CA",6,California,37,Los Angeles,34.1365,-117.92391
02/16/2016,AQS,1,0.054,ppm,50,Azusa,14,82,44201,Ozone,87,31080,"Los Angeles-Long Beach-Anaheim, CA",6,California,37,Los Angeles,34.1365,-117.92391
02/17/2016,AQS,1,0.041,ppm,38,Azusa,17,100,44201,Ozone,87,31080,"Los Angeles-Long Beach-Anaheim, CA",6,California,37,Los Angeles,34.1365,-117.92391
02/18/2016,AQS,1,0.031,ppm,29,Azusa,17,100,44201,Ozone,87,31080,"Los Angeles-Long Beach-Anaheim, CA",6,California,37,Los Angeles,34.1365,-117.92391
02/19/2016,AQS,1,0.036,ppm,33,Azusa,17,100,44201,Ozone,87,31080,"Los Angeles-Long Beach-Anaheim, CA",6,California,37,Los Angeles,34.1365,-117.92391
02/20/2016,AQS,1,0.042,ppm,39,Azusa,17,100,44201,Ozone,87,31080,"Los Angeles-Long Beach-Anaheim, CA",6,California,37,Los Angeles,34.1365,-117.92391
02/21/2016,AQS,1,0.057,ppm,58,Azusa,17,100,44201,Ozone,87,31080,"Los Angeles-Long Beach-Anaheim, CA",6,California,37,Los Angeles,34.1365,-117.92391
02/22/2016,AQS,1,0.053,ppm,49,Azusa,17,100,44201,Ozone,87,31080,"Los Angeles-Long Beach-Anaheim, CA",6,California,37,Los Angeles,34.1365,-117.92391
02/23/2016,AQS,1,0.043,ppm,40,Azusa,17,100,44201,Ozone,87,31080,"Los Angeles-Long Beach-Anaheim, CA",6,California,37,Los Angeles,34.1365,-117.92391
02/24/2016,AQS,1,0.053,ppm,49,Azusa,17,100,44201,Ozone,87,31080,"Los Angeles-Long Beach-Anaheim, CA",6,California,37,Los Angeles,34.1365,-117.92391
02/25/2016,AQS,1,0.049,ppm,45,Azusa,17,100,44201,Ozone,87,31080,"Los Angeles-Long Beach-Anaheim, CA",6,California,37,Los Angeles,34.1365,-117.92391
02/26/2016,AQS,1,0.043,ppm,40,Azusa,17,100,44201,Ozone,87,31080,"Los Angeles-Long Beach-Anaheim, CA",6,California,37,Los Angeles,34.1365,-117.92391
02/27/2016,AQS,1,0.064,ppm,80,Azusa,17,100,44201,Ozone,87,31080,"Los Angeles-Long Beach-Anaheim, CA",6,California,37,Los Angeles,34.1365,-117.92391
02/28/2016,AQS,1,0.072,ppm,105,Azusa,17,100,44201,Ozone,87,31080,"Los Angeles-Long Beach-Anaheim, CA",6,California,37,Los Angeles,34.1365,-117.92391
02/29/2016,AQS,1,0.057,ppm,58,Azusa,17,100,44201,Ozone,87,31080,"Los Angeles-Long Beach-Anaheim, CA",6,California,37,Los Angeles,34.1365,-117.92391
03/01/2016,AQS,1,0.048,ppm,44,Azusa,17,100,44201,Ozone,87,31080,"Los Angeles-Long Beach-Anaheim, CA",6,California,37,Los Angeles,34.1365,-117.92391
03/02/2016,AQS,1,0.046,ppm,43,Azusa,17,100,44201,Ozone,87,31080,"Los Angeles-Long Beach-Anaheim, CA",6,California,37,Los Angeles,34.1365,-117.92391
03/03/2016,AQS,1,0.042,ppm,39,Azusa,17,100,44201,Ozone,87,31080,"Los Angeles-Long Beach-Anaheim, CA",6,California,37,Los Angeles,34.1365,-117.92391
03/04/2016,AQS,1,0.034,ppm,31,Azusa,17,100,44201,Ozone,87,31080,"Los Angeles-Long Beach-Anaheim, CA",6,California,37,Los Angeles,34.1365,-117.92391
03/05/2016,AQS,1,0.035,ppm,32,Azusa,17,100,44201,Ozone,87,31080,"Los Angeles-Long Beach-Anaheim, CA",6,California,37,Los Angeles,34.1365,-117.92391
03/06/2016,AQS,1,0.044,ppm,41,Azusa,17,100,44201,Ozone,87,31080,"Los Angeles-Long Beach-Anaheim, CA",6,California,37,Los Angeles,34.1365,-117.92391
03/07/2016,AQS,1,0.036,ppm,33,Azusa,17,100,44201,Ozone,87,31080,"Los Angeles-Long Beach-Anaheim, CA",6,California,37,Los Angeles,34.1365,-117.92391
03/08/2016,AQS,1,0.039,ppm,36,Azusa,17,100,44201,Ozone,87,31080,"Los Angeles-Long Beach-Anaheim, CA",6,California,37,Los Angeles,34.1365,-117.92391
03/10/2016,AQS,1,0.035,ppm,32,Azusa,13,76,44201,Ozone,87,31080,"Los Angeles-Long Beach-Anaheim, CA",6,California,37,Los Angeles,34.1365,-117.92391
03/11/2016,AQS,1,0.034,ppm,31,Azusa,17,100,44201,Ozone,87,31080,"Los Angeles-Long Beach-Anaheim, CA",6,California,37,Los Angeles,34.1365,-117.92391
03/12/2016,AQS,1,0.044,ppm,41,Azusa,17,100,44201,Ozone,87,31080,"Los Angeles-Long Beach-Anaheim, CA",6,California,37,Los Angeles,34.1365,-117.92391
03/13/2016,AQS,1,0.045,ppm,42,Azusa,17,100,44201,Ozone,87,31080,"Los Angeles-Long Beach-Anaheim, CA",6,California,37,Los Angeles,34.1365,-117.92391
03/14/2016,AQS,1,0.035,ppm,32,Azusa,17,100,44201,Ozone,87,31080,"Los Angeles-Long Beach-Anaheim, CA",6,California,37,Los Angeles,34.1365,-117.92391
03/15/2016,AQS,1,0.042,ppm,39,Azusa,17,100,44201,Ozone,87,31080,"Los Angeles-Long Beach-Anaheim, CA",6,California,37,Los Angeles,34.1365,-117.92391
03/16/2016,AQS,1,0.054,ppm,50,Azusa,17,100,44201,Ozone,87,31080,"Los Angeles-Long Beach-Anaheim, CA",6,California,37,Los Angeles,34.1365,-117.92391
03/17/2016,AQS,1,0.06,ppm,67,Azusa,17,100,44201,Ozone,87,31080,"Los Angeles-Long Beach-Anaheim, CA",6,California,37,Los Angeles,34.1365,-117.92391
03/18/2016,AQS,1,0.058,ppm,61,Azusa,17,100,44201,Ozone,87,31080,"Los Angeles-Long Beach-Anaheim, CA",6,California,37,Los Angeles,34.1365,-117.92391
03/19/2016,AQS,1,0.066,ppm,87,Azusa,17,100,44201,Ozone,87,31080,"Los Angeles-Long Beach-Anaheim, CA",6,California,37,Los Angeles,34.1365,-117.92391
03/20/2016,AQS,1,0.067,ppm,90,Azusa,17,100,44201,Ozone,87,31080,"Los Angeles-Long Beach-Anaheim, CA",6,California,37,Los Angeles,34.1365,-117.92391
03/21/2016,AQS,1,0.035,ppm,32,Azusa,17,100,44201,Ozone,87,31080,"Los Angeles-Long Beach-Anaheim, CA",6,California,37,Los Angeles,34.1365,-117.92391
03/22/2016,AQS,1,0.05,ppm,46,Azusa,17,100,44201,Ozone,87,31080,"Los Angeles-Long Beach-Anaheim, CA",6,California,37,Los Angeles,34.1365,-117.92391
03/23/2016,AQS,1,0.045,ppm,42,Azusa,17,100,44201,Ozone,87,31080,"Los Angeles-Long Beach-Anaheim, CA",6,California,37,Los Angeles,34.1365,-117.92391
03/24/2016,AQS,1,0.048,ppm,44,Azusa,17,100,44201,Ozone,87,31080,"Los Angeles-Long Beach-Anaheim, CA",6,California,37,Los Angeles,34.1365,-117.92391
03/25/2016,AQS,1,0.052,ppm,48,Azusa,17,100,44201,Ozone,87,31080,"Los Angeles-Long Beach-Anaheim, CA",6,California,37,Los Angeles,34.1365,-117.92391
03/26/2016,AQS,1,0.066,ppm,87,Azusa,17,100,44201,Ozone,87,31080,"Los Angeles-Long Beach-Anaheim, CA",6,California,37,Los Angeles,34.1365,-117.92391
03/27/2016,AQS,1,0.064,ppm,80,Azusa,17,100,44201,Ozone,87,31080,"Los Angeles-Long Beach-Anaheim, CA",6,California,37,Los Angeles,34.1365,-117.92391
03/28/2016,AQS,1,0.041,ppm,38,Azusa,17,100,44201,Ozone,87,31080,"Los Angeles-Long Beach-Anaheim, CA",6,California,37,Los Angeles,34.1365,-117.92391
03/29/2016,AQS,1,0.042,ppm,39,Azusa,17,100,44201,Ozone,87,31080,"Los Angeles-Long Beach-Anaheim, CA",6,California,37,Los Angeles,34.1365,-117.92391
03/30/2016,AQS,1,0.042,ppm,39,Azusa,17,100,44201,Ozone,87,31080,"Los Angeles-Long Beach-Anaheim, CA",6,California,37,Los Angeles,34.1365,-117.92391
03/31/2016,AQS,1,0.041,ppm,38,Azusa,17,100,44201,Ozone,87,31080,"Los Angeles-Long Beach-Anaheim, CA",6,California,37,Los Angeles,34.1365,-117.92391
04/01/2016,AQS,1,0.047,ppm,44,Azusa,17,100,44201,Ozone,87,31080,"Los Angeles-Long Beach-Anaheim, CA",6,California,37,Los Angeles,34.1365,-117.92391
04/02/2016,AQS,1,0.071,ppm,101,Azusa,17,100,44201,Ozone,87,31080,"Los Angeles-Long Beach-Anaheim, CA",6,California,37,Los Angeles,34.1365,-117.92391
04/03/2016,AQS,1,0.066,ppm,87,Azusa,17,100,44201,Ozone,87,31080,"Los Angeles-Long Beach-Anaheim, CA",6,California,37,Los Angeles,34.1365,-117.92391
04/04/2016,AQS,1,0.053,ppm,49,Azusa,17,100,44201,Ozone,87,31080,"Los Angeles-Long Beach-Anaheim, CA",6,California,37,Los Angeles,34.1365,-117.92391
04/05/2016,AQS,1,0.065,ppm,84,Azusa,17,100,44201,Ozone,87,31080,"Los Angeles-Long Beach-Anaheim, CA",6,California,37,Los Angeles,34.1365,-117.92391
04/06/2016,AQS,1,0.048,ppm,44,Azusa,17,100,44201,Ozone,87,31080,"Los Angeles-Long Beach-Anaheim, CA",6,California,37,Los Angeles,34.1365,-117.92391
04/07/2016,AQS,1,0.021,ppm,19,Azusa,17,100,44201,Ozone,87,31080,"Los Angeles-Long Beach-Anaheim, CA",6,California,37,Los Angeles,34.1365,-117.92391
04/08/2016,AQS,1,0.027,ppm,25,Azusa,17,100,44201,Ozone,87,31080,"Los Angeles-Long Beach-Anaheim, CA",6,California,37,Los Angeles,34.1365,-117.92391
04/09/2016,AQS,1,0.032,ppm,30,Azusa,17,100,44201,Ozone,87,31080,"Los Angeles-Long Beach-Anaheim, CA",6,California,37,Los Angeles,34.1365,-117.92391
04/10/2016,AQS,1,0.034,ppm,31,Azusa,17,100,44201,Ozone,87,31080,"Los Angeles-Long Beach-Anaheim, CA",6,California,37,Los Angeles,34.1365,-117.92391
04/11/2016,AQS,1,0.045,ppm,42,Azusa,17,100,44201,Ozone,87,31080,"Los Angeles-Long Beach-Anaheim, CA",6,California,37,Los Angeles,34.1365,-117.92391
04/12/2016,AQS,1,0.042,ppm,39,Azusa,17,100,44201,Ozone,87,31080,"Los Angeles-Long Beach-Anaheim, CA",6,California,37,Los Angeles,34.1365,-117.92391
04/13/2016,AQS,1,0.043,ppm,40,Azusa,17,100,44201,Ozone,87,31080,"Los Angeles-Long Beach-Anaheim, CA",6,California,37,Los Angeles,34.1365,-117.92391
04/14/2016,AQS,1,0.046,ppm,43,Azusa,17,100,44201,Ozone,87,31080,"Los Angeles-Long Beach-Anaheim, CA",6,California,37,Los Angeles,34.1365,-117.92391
04/15/2016,AQS,1,0.053,ppm,49,Azusa,17,100,44201,Ozone,87,31080,"Los Angeles-Long Beach-Anaheim, CA",6,California,37,Los Angeles,34.1365,-117.92391
04/16/2016,AQS,1,0.058,ppm,61,Azusa,17,100,44201,Ozone,87,31080,"Los Angeles-Long Beach-Anaheim, CA",6,California,37,Los Angeles,34.1365,-117.92391
04/17/2016,AQS,1,0.069,ppm,97,Azusa,17,100,44201,Ozone,87,31080,"Los Angeles-Long Beach-Anaheim, CA",6,California,37,Los Angeles,34.1365,-117.92391
04/18/2016,AQS,1,0.066,ppm,87,Azusa,17,100,44201,Ozone,87,31080,"Los Angeles-Long Beach-Anaheim, CA",6,California,37,Los Angeles,34.1365,-117.92391
04/20/2016,AQS,1,0.065,ppm,84,Azusa,14,82,44201,Ozone,87,31080,"Los Angeles-Long Beach-Anaheim, CA",6,California,37,Los Angeles,34.1365,-117.92391
04/21/2016,AQS,1,0.055,ppm,51,Azusa,17,100,44201,Ozone,87,31080,"Los Angeles-Long Beach-Anaheim, CA",6,California,37,Los Angeles,34.1365,-117.92391
04/22/2016,AQS,1,0.04,ppm,37,Azusa,17,100,44201,Ozone,87,31080,"Los Angeles-Long Beach-Anaheim, CA",6,California,37,Los Angeles,34.1365,-117.92391
04/23/2016,AQS,1,0.059,ppm,64,Azusa,17,100,44201,Ozone,87,31080,"Los Angeles-Long Beach-Anaheim, CA",6,California,37,Los Angeles,34.1365,-117.92391
04/24/2016,AQS,1,0.063,ppm,77,Azusa,17,100,44201,Ozone,87,31080,"Los Angeles-Long Beach-Anaheim, CA",6,California,37,Los Angeles,34.1365,-117.92391
04/25/2016,AQS,1,0.048,ppm,44,Azusa,17,100,44201,Ozone,87,31080,"Los Angeles-Long Beach-Anaheim, CA",6,California,37,Los Angeles,34.1365,-117.92391
04/26/2016,AQS,1,0.055,ppm,51,Azusa,17,100,44201,Ozone,87,31080,"Los Angeles-Long Beach-Anaheim, CA",6,California,37,Los Angeles,34.1365,-117.92391
04/27/2016,AQS,1,0.053,ppm,49,Azusa,17,100,44201,Ozone,87,31080,"Los Angeles-Long Beach-Anaheim, CA",6,California,37,Los Angeles,34.1365,-117.92391
04/28/2016,AQS,1,0.049,ppm,45,Azusa,17,100,44201,Ozone,87,31080,"Los Angeles-Long Beach-Anaheim, CA",6,California,37,Los Angeles,34.1365,-117.92391
04/29/2016,AQS,1,0.049,ppm,45,Azusa,17,100,44201,Ozone,87,31080,"Los Angeles-Long Beach-Anaheim, CA",6,California,37,Los Angeles,34.1365,-117.92391
04/30/2016,AQS,1,0.05,ppm,46,Azusa,17,100,44201,Ozone,87,31080,"Los Angeles-Long Beach-Anaheim, CA",6,California,37,Los Angeles,34.1365,-117.92391
05/01/2016,AQS,1,0.06,ppm,67,Azusa,17,100,44201,Ozone,87,31080,"Los Angeles-Long Beach-Anaheim, CA",6,California,37,Los Angeles,34.1365,-117.92391
05/02/2016,AQS,1,0.053,ppm,49,Azusa,17,100,44201,Ozone,87,31080,"Los Angeles-Long Beach-Anaheim, CA",6,California,37,Los Angeles,34.1365,-117.92391
05/03/2016,AQS,1,0.057,ppm,58,Azusa,17,100,44201,Ozone,87,31080,"Los Angeles-Long Beach-Anaheim, CA",6,California,37,Los Angeles,34.1365,-117.92391
05/04/2016,AQS,1,0.051,ppm,47,Azusa,17,100,44201,Ozone,87,31080,"Los Angeles-Long Beach-Anaheim, CA",6,California,37,Los Angeles,34.1365,-117.92391
05/06/2016,AQS,1,0.039,ppm,36,Azusa,17,100,44201,Ozone,87,31080,"Los Angeles-Long Beach-Anaheim, CA",6,California,37,Los Angeles,34.1365,-117.92391
05/07/2016,AQS,1,0.043,ppm,40,Azusa,17,100,44201,Ozone,87,31080,"Los Angeles-Long Beach-Anaheim, CA",6,California,37,Los Angeles,34.1365,-117.92391
05/08/2016,AQS,1,0.04,ppm,37,Azusa,17,100,44201,Ozone,87,31080,"Los Angeles-Long Beach-Anaheim, CA",6,California,37,Los Angeles,34.1365,-117.92391
05/09/2016,AQS,1,0.034,ppm,31,Azusa,17,100,44201,Ozone,87,31080,"Los Angeles-Long Beach-Anaheim, CA",6,California,37,Los Angeles,34.1365,-117.92391
05/10/2016,AQS,1,0.045,ppm,42,Azusa,17,100,44201,Ozone,87,31080,"Los Angeles-Long Beach-Anaheim, CA",6,California,37,Los Angeles,34.1365,-117.92391
05/11/2016,AQS,1,0.052,ppm,48,Azusa,17,100,44201,Ozone,87,31080,"Los Angeles-Long Beach-Anaheim, CA",6,California,37,Los Angeles,34.1365,-117.92391
05/12/2016,AQS,1,0.062,ppm,74,Azusa,17,100,44201,Ozone,87,31080,"Los Angeles-Long Beach-Anaheim, CA",6,California,37,Los Angeles,34.1365,-117.92391
05/13/2016,AQS,1,0.059,ppm,64,Azusa,17,100,44201,Ozone,87,31080,"Los Angeles-Long Beach-Anaheim, CA",6,California,37,Los Angeles,34.1365,-117.92391
05/14/2016,AQS,1,0.05,ppm,46,Azusa,17,100,44201,Ozone,87,31080,"Los Angeles-Long Beach-Anaheim, CA",6,California,37,Los Angeles,34.1365,-117.92391
05/15/2016,AQS,1,0.035,ppm,32,Azusa,17,100,44201,Ozone,87,31080,"Los Angeles-Long Beach-Anaheim, CA",6,California,37,Los Angeles,34.1365,-117.92391
05/16/2016,AQS,1,0.032,ppm,30,Azusa,17,100,44201,Ozone,87,31080,"Los Angeles-Long Beach-Anaheim, CA",6,California,37,Los Angeles,34.1365,-117.92391
05/17/2016,AQS,1,0.047,ppm,44,Azusa,17,100,44201,Ozone,87,31080,"Los Angeles-Long Beach-Anaheim, CA",6,California,37,Los Angeles,34.1365,-117.92391
05/18/2016,AQS,1,0.048,ppm,44,Azusa,17,100,44201,Ozone,87,31080,"Los Angeles-Long Beach-Anaheim, CA",6,California,37,Los Angeles,34.1365,-117.92391
05/19/2016,AQS,1,0.05,ppm,46,Azusa,17,100,44201,Ozone,87,31080,"Los Angeles-Long Beach-Anaheim, CA",6,California,37,Los Angeles,34.1365,-117.92391
05/20/2016,AQS,1,0.048,ppm,44,Azusa,17,100,44201,Ozone,87,31080,"Los Angeles-Long Beach-Anaheim, CA",6,California,37,Los Angeles,34.1365,-117.92391
05/21/2016,AQS,1,0.046,ppm,43,Azusa,17,100,44201,Ozone,87,31080,"Los Angeles-Long Beach-Anaheim, CA",6,California,37,Los Angeles,34.1365,-117.92391
05/22/2016,AQS,1,0.051,ppm,47,Azusa,17,100,44201,Ozone,87,31080,"Los Angeles-Long Beach-Anaheim, CA",6,California,37,Los Angeles,34.1365,-117.92391
05/23/2016,AQS,1,0.044,ppm,41,Azusa,17,100,44201,Ozone,87,31080,"Los Angeles-Long Beach-Anaheim, CA",6,California,37,Los Angeles,34.1365,-117.92391
05/24/2016,AQS,1,0.037,ppm,34,Azusa,17,100,44201,Ozone,87,31080,"Los Angeles-Long Beach-Anaheim, CA",6,California,37,Los Angeles,34.1365,-117.92391
05/25/2016,AQS,1,0.032,ppm,30,Azusa,17,100,44201,Ozone,87,31080,"Los Angeles-Long Beach-Anaheim, CA",6,California,37,Los Angeles,34.1365,-117.92391
05/26/2016,AQS,1,0.042,ppm,39,Azusa,17,100,44201,Ozone,87,31080,"Los Angeles-Long Beach-Anaheim, CA",6,California,37,Los Angeles,34.1365,-117.92391
05/27/2016,AQS,1,0.051,ppm,47,Azusa,17,100,44201,Ozone,87,31080,"Los Angeles-Long Beach-Anaheim, CA",6,California,37,Los Angeles,34.1365,-117.92391
05/28/2016,AQS,1,0.058,ppm,61,Azusa,17,100,44201,Ozone,87,31080,"Los Angeles-Long Beach-Anaheim, CA",6,California,37,Los Angeles,34.1365,-117.92391
05/29/2016,AQS,1,0.051,ppm,47,Azusa,17,100,44201,Ozone,87,31080,"Los Angeles-Long Beach-Anaheim, CA",6,California,37,Los Angeles,34.1365,-117.92391
05/30/2016,AQS,1,0.064,ppm,80,Azusa,17,100,44201,Ozone,87,31080,"Los Angeles-Long Beach-Anaheim, CA",6,California,37,Los Angeles,34.1365,-117.92391
05/31/2016,AQS,1,0.053,ppm,49,Azusa,17,100,44201,Ozone,87,31080,"Los Angeles-Long Beach-Anaheim, CA",6,California,37,Los Angeles,34.1365,-117.92391
06/01/2016,AQS,1,0.056,ppm,54,Azusa,16,94,44201,Ozone,87,31080,"Los Angeles-Long Beach-Anaheim, CA",6,California,37,Los Angeles,34.1365,-117.92391
06/02/2016,AQS,1,0.088,ppm,156,Azusa,17,100,44201,Ozone,87,31080,"Los Angeles-Long Beach-Anaheim, CA",6,California,37,Los Angeles,34.1365,-117.92391
06/03/2016,AQS,1,0.087,ppm,154,Azusa,17,100,44201,Ozone,87,31080,"Los Angeles-Long Beach-Anaheim, CA",6,California,37,Los Angeles,34.1365,-117.92391
06/04/2016,AQS,1,0.106,ppm,201,Azusa,17,100,44201,Ozone,87,31080,"Los Angeles-Long Beach-Anaheim, CA",6,California,37,Los Angeles,34.1365,-117.92391
06/05/2016,AQS,1,0.065,ppm,84,Azusa,17,100,44201,Ozone,87,31080,"Los Angeles-Long Beach-Anaheim, CA",6,California,37,Los Angeles,34.1365,-117.92391
06/06/2016,AQS,1,0.048,ppm,44,Azusa,17,100,44201,Ozone,87,31080,"Los Angeles-Long Beach-Anaheim, CA",6,California,37,Los Angeles,34.1365,-117.92391
06/07/2016,AQS,1,0.055,ppm,51,Azusa,17,100,44201,Ozone,87,31080,"Los Angeles-Long Beach-Anaheim, CA",6,California,37,Los Angeles,34.1365,-117.92391
06/08/2016,AQS,1,0.061,ppm,71,Azusa,17,100,44201,Ozone,87,31080,"Los Angeles-Long Beach-Anaheim, CA",6,California,37,Los Angeles,34.1365,-117.92391
06/09/2016,AQS,1,0.053,ppm,49,Azusa,17,100,44201,Ozone,87,31080,"Los Angeles-Long Beach-Anaheim, CA",6,California,37,Los Angeles,34.1365,-117.92391
06/10/2016,AQS,1,0.054,ppm,50,Azusa,14,82,44201,Ozone,87,31080,"Los Angeles-Long Beach-Anaheim, CA",6,California,37,Los Angeles,34.1365,-117.92391
06/11/2016,AQS,1,0.028,ppm,26,Azusa,14,82,44201,Ozone,87,31080,"Los Angeles-Long Beach-Anaheim, CA",6,California,37,Los Angeles,34.1365,-117.92391
06/12/2016,AQS,1,0.046,ppm,43,Azusa,14,82,44201,Ozone,87,31080,"Los Angeles-Long Beach-Anaheim, CA",6,California,37,Los Angeles,34.1365,-117.92391
06/13/2016,AQS,1,0.041,ppm,38,Azusa,14,82,44201,Ozone,87,31080,"Los Angeles-Long Beach-Anaheim, CA",6,California,37,Los Angeles,34.1365,-117.92391
06/14/2016,AQS,1,0.05,ppm,46,Azusa,14,82,44201,Ozone,87,31080,"Los Angeles-Long Beach-Anaheim, CA",6,California,37,Los Angeles,34.1365,-117.92391
06/15/2016,AQS,1,0.054,ppm,50,Azusa,14,82,44201,Ozone,87,31080,"Los Angeles-Long Beach-Anaheim, CA",6,California,37,Los Angeles,34.1365,-117.92391
06/16/2016,AQS,1,0.061,ppm,71,Azusa,14,82,44201,Ozone,87,31080,"Los Angeles-Long Beach-Anaheim, CA",6,California,37,Los Angeles,34.1365,-117.92391
06/17/2016,AQS,1,0.075,ppm,115,Azusa,14,82,44201,Ozone,87,31080,"Los Angeles-Long Beach-Anaheim, CA",6,California,37,Los Angeles,34.1365,-117.92391
06/18/2016,AQS,1,0.076,ppm,119,Azusa,14,82,44201,Ozone,87,31080,"Los Angeles-Long Beach-Anaheim, CA",6,California,37,Los Angeles,34.1365,-117.92391
06/19/2016,AQS,1,0.082,ppm,140,Azusa,14,82,44201,Ozone,87,31080,"Los Angeles-Long Beach-Anaheim, CA",6,California,37,Los Angeles,34.1365,-117.92391
06/20/2016,AQS,1,0.073,ppm,108,Azusa,14,82,44201,Ozone,87,31080,"Los Angeles-Long Beach-Anaheim, CA",6,California,37,Los Angeles,34.1365,-117.92391
06/21/2016,AQS,1,0.053,ppm,49,Azusa,14,82,44201,Ozone,87,31080,"Los Angeles-Long Beach-Anaheim, CA",6,California,37,Los Angeles,34.1365,-117.92391
06/22/2016,AQS,1,0.059,ppm,64,Azusa,17,100,44201,Ozone,87,31080,"Los Angeles-Long Beach-Anaheim, CA",6,California,37,Los Angeles,34.1365,-117.92391
06/23/2016,AQS,1,0.068,ppm,93,Azusa,17,100,44201,Ozone,87,31080,"Los Angeles-Long Beach-Anaheim, CA",6,California,37,Los Angeles,34.1365,-117.92391
06/24/2016,AQS,1,0.067,ppm,90,Azusa,17,100,44201,Ozone,87,31080,"Los Angeles-Long Beach-Anaheim, CA",6,California,37,Los Angeles,34.1365,-117.92391
06/25/2016,AQS,1,0.086,ppm,151,Azusa,17,100,44201,Ozone,87,31080,"Los Angeles-Long Beach-Anaheim, CA",6,California,37,Los Angeles,34.1365,-117.92391
06/26/2016,AQS,1,0.097,ppm,179,Azusa,14,82,44201,Ozone,87,31080,"Los Angeles-Long Beach-Anaheim, CA",6,California,37,Los Angeles,34.1365,-117.92391
06/27/2016,AQS,1,0.082,ppm,140,Azusa,14,82,44201,Ozone,87,31080,"Los Angeles-Long Beach-Anaheim, CA",6,California,37,Los Angeles,34.1365,-117.92391
06/28/2016,AQS,1,0.078,ppm,126,Azusa,17,100,44201,Ozone,87,31080,"Los Angeles-Long Beach-Anaheim, CA",6,California,37,Los Angeles,34.1365,-117.92391
06/29/2016,AQS,1,0.091,ppm,164,Azusa,15,88,44201,Ozone,87,31080,"Los Angeles-Long Beach-Anaheim, CA",6,California,37,Los Angeles,34.1365,-117.92391
06/30/2016,AQS,1,0.067,ppm,90,Azusa,17,100,44201,Ozone,87,31080,"Los Angeles-Long Beach-Anaheim, CA",6,California,37,Los Angeles,34.1365,-117.92391
07/01/2016,AQS,1,0.06,ppm,67,Azusa,17,100,44201,Ozone,87,31080,"Los Angeles-Long Beach-Anaheim, CA",6,California,37,Los Angeles,34.1365,-117.92391
07/02/2016,AQS,1,0.065,ppm,84,Azusa,17,100,44201,Ozone,87,31080,"Los Angeles-Long Beach-Anaheim, CA",6,California,37,Los Angeles,34.1365,-117.92391
07/03/2016,AQS,1,0.063,ppm,77,Azusa,17,100,44201,Ozone,87,31080,"Los Angeles-Long Beach-Anaheim, CA",6,California,37,Los Angeles,34.1365,-117.92391
07/04/2016,AQS,1,0.061,ppm,71,Azusa,17,100,44201,Ozone,87,31080,"Los Angeles-Long Beach-Anaheim, CA",6,California,37,Los Angeles,34.1365,-117.92391
07/05/2016,AQS,1,0.063,ppm,77,Azusa,17,100,44201,Ozone,87,31080,"Los Angeles-Long Beach-Anaheim, CA",6,California,37,Los Angeles,34.1365,-117.92391
07/06/2016,AQS,1,0.068,ppm,93,Azusa,17,100,44201,Ozone,87,31080,"Los Angeles-Long Beach-Anaheim, CA",6,California,37,Los Angeles,34.1365,-117.92391
07/07/2016,AQS,1,0.071,ppm,101,Azusa,17,100,44201,Ozone,87,31080,"Los Angeles-Long Beach-Anaheim, CA",6,California,37,Los Angeles,34.1365,-117.92391
07/08/2016,AQS,1,0.073,ppm,108,Azusa,17,100,44201,Ozone,87,31080,"Los Angeles-Long Beach-Anaheim, CA",6,California,37,Los Angeles,34.1365,-117.92391
07/09/2016,AQS,1,0.077,ppm,122,Azusa,17,100,44201,Ozone,87,31080,"Los Angeles-Long Beach-Anaheim, CA",6,California,37,Los Angeles,34.1365,-117.92391
07/10/2016,AQS,1,0.066,ppm,87,Azusa,17,100,44201,Ozone,87,31080,"Los Angeles-Long Beach-Anaheim, CA",6,California,37,Los Angeles,34.1365,-117.92391
07/11/2016,AQS,1,0.065,ppm,84,Azusa,17,100,44201,Ozone,87,31080,"Los Angeles-Long Beach-Anaheim, CA",6,California,37,Los Angeles,34.1365,-117.92391
07/12/2016,AQS,1,0.069,ppm,97,Azusa,17,100,44201,Ozone,87,31080,"Los Angeles-Long Beach-Anaheim, CA",6,California,37,Los Angeles,34.1365,-117.92391
07/13/2016,AQS,1,0.082,ppm,140,Azusa,17,100,44201,Ozone,87,31080,"Los Angeles-Long Beach-Anaheim, CA",6,California,37,Los Angeles,34.1365,-117.92391
07/14/2016,AQS,1,0.083,ppm,143,Azusa,17,100,44201,Ozone,87,31080,"Los Angeles-Long Beach-Anaheim, CA",6,California,37,Los Angeles,34.1365,-117.92391
07/15/2016,AQS,1,0.071,ppm,101,Azusa,17,100,44201,Ozone,87,31080,"Los Angeles-Long Beach-Anaheim, CA",6,California,37,Los Angeles,34.1365,-117.92391
07/16/2016,AQS,1,0.078,ppm,126,Azusa,17,100,44201,Ozone,87,31080,"Los Angeles-Long Beach-Anaheim, CA",6,California,37,Los Angeles,34.1365,-117.92391
07/17/2016,AQS,1,0.077,ppm,122,Azusa,17,100,44201,Ozone,87,31080,"Los Angeles-Long Beach-Anaheim, CA",6,California,37,Los Angeles,34.1365,-117.92391
07/19/2016,AQS,1,0.071,ppm,101,Azusa,17,100,44201,Ozone,87,31080,"Los Angeles-Long Beach-Anaheim, CA",6,California,37,Los Angeles,34.1365,-117.92391
07/20/2016,AQS,1,0.069,ppm,97,Azusa,17,100,44201,Ozone,87,31080,"Los Angeles-Long Beach-Anaheim, CA",6,California,37,Los Angeles,34.1365,-117.92391
07/21/2016,AQS,1,0.064,ppm,80,Azusa,17,100,44201,Ozone,87,31080,"Los Angeles-Long Beach-Anaheim, CA",6,California,37,Los Angeles,34.1365,-117.92391
07/22/2016,AQS,1,0.086,ppm,151,Azusa,17,100,44201,Ozone,87,31080,"Los Angeles-Long Beach-Anaheim, CA",6,California,37,Los Angeles,34.1365,-117.92391
07/23/2016,AQS,1,0.095,ppm,174,Azusa,17,100,44201,Ozone,87,31080,"Los Angeles-Long Beach-Anaheim, CA",6,California,37,Los Angeles,34.1365,-117.92391
07/24/2016,AQS,1,0.06,ppm,67,Azusa,17,100,44201,Ozone,87,31080,"Los Angeles-Long Beach-Anaheim, CA",6,California,37,Los Angeles,34.1365,-117.92391
07/25/2016,AQS,1,0.062,ppm,74,Azusa,17,100,44201,Ozone,87,31080,"Los Angeles-Long Beach-Anaheim, CA",6,California,37,Los Angeles,34.1365,-117.92391
07/26/2016,AQS,1,0.069,ppm,97,Azusa,17,100,44201,Ozone,87,31080,"Los Angeles-Long Beach-Anaheim, CA",6,California,37,Los Angeles,34.1365,-117.92391
07/27/2016,AQS,1,0.056,ppm,54,Azusa,17,100,44201,Ozone,87,31080,"Los Angeles-Long Beach-Anaheim, CA",6,California,37,Los Angeles,34.1365,-117.92391
07/28/2016,AQS,1,0.072,ppm,105,Azusa,17,100,44201,Ozone,87,31080,"Los Angeles-Long Beach-Anaheim, CA",6,California,37,Los Angeles,34.1365,-117.92391
07/29/2016,AQS,1,0.079,ppm,129,Azusa,17,100,44201,Ozone,87,31080,"Los Angeles-Long Beach-Anaheim, CA",6,California,37,Los Angeles,34.1365,-117.92391
07/30/2016,AQS,1,0.061,ppm,71,Azusa,17,100,44201,Ozone,87,31080,"Los Angeles-Long Beach-Anaheim, CA",6,California,37,Los Angeles,34.1365,-117.92391
07/31/2016,AQS,1,0.052,ppm,48,Azusa,17,100,44201,Ozone,87,31080,"Los Angeles-Long Beach-Anaheim, CA",6,California,37,Los Angeles,34.1365,-117.92391
08/01/2016,AQS,1,0.056,ppm,54,Azusa,17,100,44201,Ozone,87,31080,"Los Angeles-Long Beach-Anaheim, CA",6,California,37,Los Angeles,34.1365,-117.92391
08/02/2016,AQS,1,0.064,ppm,80,Azusa,17,100,44201,Ozone,87,31080,"Los Angeles-Long Beach-Anaheim, CA",6,California,37,Los Angeles,34.1365,-117.92391
08/03/2016,AQS,1,0.052,ppm,48,Azusa,17,100,44201,Ozone,87,31080,"Los Angeles-Long Beach-Anaheim, CA",6,California,37,Los Angeles,34.1365,-117.92391
08/04/2016,AQS,1,0.057,ppm,58,Azusa,17,100,44201,Ozone,87,31080,"Los Angeles-Long Beach-Anaheim, CA",6,California,37,Los Angeles,34.1365,-117.92391
08/05/2016,AQS,1,0.062,ppm,74,Azusa,17,100,44201,Ozone,87,31080,"Los Angeles-Long Beach-Anaheim, CA",6,California,37,Los Angeles,34.1365,-117.92391
08/06/2016,AQS,1,0.072,ppm,105,Azusa,17,100,44201,Ozone,87,31080,"Los Angeles-Long Beach-Anaheim, CA",6,California,37,Los Angeles,34.1365,-117.92391
08/07/2016,AQS,1,0.077,ppm,122,Azusa,17,100,44201,Ozone,87,31080,"Los Angeles-Long Beach-Anaheim, CA",6,California,37,Los Angeles,34.1365,-117.92391
08/08/2016,AQS,1,0.068,ppm,93,Azusa,17,100,44201,Ozone,87,31080,"Los Angeles-Long Beach-Anaheim, CA",6,California,37,Los Angeles,34.1365,-117.92391
08/09/2016,AQS,1,0.068,ppm,93,Azusa,17,100,44201,Ozone,87,31080,"Los Angeles-Long Beach-Anaheim, CA",6,California,37,Los Angeles,34.1365,-117.92391
08/10/2016,AQS,1,0.071,ppm,101,Azusa,17,100,44201,Ozone,87,31080,"Los Angeles-Long Beach-Anaheim, CA",6,California,37,Los Angeles,34.1365,-117.92391
08/11/2016,AQS,1,0.064,ppm,80,Azusa,17,100,44201,Ozone,87,31080,"Los Angeles-Long Beach-Anaheim, CA",6,California,37,Los Angeles,34.1365,-117.92391
08/12/2016,AQS,1,0.061,ppm,71,Azusa,17,100,44201,Ozone,87,31080,"Los Angeles-Long Beach-Anaheim, CA",6,California,37,Los Angeles,34.1365,-117.92391
08/13/2016,AQS,1,0.074,ppm,112,Azusa,17,100,44201,Ozone,87,31080,"Los Angeles-Long Beach-Anaheim, CA",6,California,37,Los Angeles,34.1365,-117.92391
08/14/2016,AQS,1,0.087,ppm,154,Azusa,17,100,44201,Ozone,87,31080,"Los Angeles-Long Beach-Anaheim, CA",6,California,37,Los Angeles,34.1365,-117.92391
08/15/2016,AQS,1,0.065,ppm,84,Azusa,17,100,44201,Ozone,87,31080,"Los Angeles-Long Beach-Anaheim, CA",6,California,37,Los Angeles,34.1365,-117.92391
08/16/2016,AQS,1,0.062,ppm,74,Azusa,17,100,44201,Ozone,87,31080,"Los Angeles-Long Beach-Anaheim, CA",6,California,37,Los Angeles,34.1365,-117.92391
08/17/2016,AQS,1,0.071,ppm,101,Azusa,17,100,44201,Ozone,87,31080,"Los Angeles-Long Beach-Anaheim, CA",6,California,37,Los Angeles,34.1365,-117.92391
08/18/2016,AQS,1,0.061,ppm,71,Azusa,17,100,44201,Ozone,87,31080,"Los Angeles-Long Beach-Anaheim, CA",6,California,37,Los Angeles,34.1365,-117.92391
08/19/2016,AQS,1,0.06,ppm,67,Azusa,17,100,44201,Ozone,87,31080,"Los Angeles-Long Beach-Anaheim, CA",6,California,37,Los Angeles,34.1365,-117.92391
08/20/2016,AQS,1,0.052,ppm,48,Azusa,17,100,44201,Ozone,87,31080,"Los Angeles-Long Beach-Anaheim, CA",6,California,37,Los Angeles,34.1365,-117.92391
08/21/2016,AQS,1,0.063,ppm,77,Azusa,17,100,44201,Ozone,87,31080,"Los Angeles-Long Beach-Anaheim, CA",6,California,37,Los Angeles,34.1365,-117.92391
08/22/2016,AQS,1,0.053,ppm,49,Azusa,17,100,44201,Ozone,87,31080,"Los Angeles-Long Beach-Anaheim, CA",6,California,37,Los Angeles,34.1365,-117.92391
08/23/2016,AQS,1,0.055,ppm,51,Azusa,17,100,44201,Ozone,87,31080,"Los Angeles-Long Beach-Anaheim, CA",6,California,37,Los Angeles,34.1365,-117.92391
08/24/2016,AQS,1,0.062,ppm,74,Azusa,17,100,44201,Ozone,87,31080,"Los Angeles-Long Beach-Anaheim, CA",6,California,37,Los Angeles,34.1365,-117.92391
08/25/2016,AQS,1,0.054,ppm,50,Azusa,17,100,44201,Ozone,87,31080,"Los Angeles-Long Beach-Anaheim, CA",6,California,37,Los Angeles,34.1365,-117.92391
08/26/2016,AQS,1,0.049,ppm,45,Azusa,17,100,44201,Ozone,87,31080,"Los Angeles-Long Beach-Anaheim, CA",6,California,37,Los Angeles,34.1365,-117.92391
08/27/2016,AQS,1,0.064,ppm,80,Azusa,17,100,44201,Ozone,87,31080,"Los Angeles-Long Beach-Anaheim, CA",6,California,37,Los Angeles,34.1365,-117.92391
08/28/2016,AQS,1,0.076,ppm,119,Azusa,17,100,44201,Ozone,87,31080,"Los Angeles-Long Beach-Anaheim, CA",6,California,37,Los Angeles,34.1365,-117.92391
08/29/2016,AQS,1,0.083,ppm,143,Azusa,17,100,44201,Ozone,87,31080,"Los Angeles-Long Beach-Anaheim, CA",6,California,37,Los Angeles,34.1365,-117.92391
08/30/2016,AQS,1,0.099,ppm,185,Azusa,17,100,44201,Ozone,87,31080,"Los Angeles-Long Beach-Anaheim, CA",6,California,37,Los Angeles,34.1365,-117.92391
08/31/2016,AQS,1,0.079,ppm,129,Azusa,17,100,44201,Ozone,87,31080,"Los Angeles-Long Beach-Anaheim, CA",6,California,37,Los Angeles,34.1365,-117.92391
09/01/2016,AQS,1,0.061,ppm,71,Azusa,17,100,44201,Ozone,87,31080,"Los Angeles-Long Beach-Anaheim, CA",6,California,37,Los Angeles,34.1365,-117.92391
09/02/2016,AQS,1,0.058,ppm,61,Azusa,17,100,44201,Ozone,87,31080,"Los Angeles-Long Beach-Anaheim, CA",6,California,37,Los Angeles,34.1365,-117.92391
09/03/2016,AQS,1,0.053,ppm,49,Azusa,17,100,44201,Ozone,87,31080,"Los Angeles-Long Beach-Anaheim, CA",6,California,37,Los Angeles,34.1365,-117.92391
09/04/2016,AQS,1,0.05,ppm,46,Azusa,17,100,44201,Ozone,87,31080,"Los Angeles-Long Beach-Anaheim, CA",6,California,37,Los Angeles,34.1365,-117.92391
09/05/2016,AQS,1,0.056,ppm,54,Azusa,17,100,44201,Ozone,87,31080,"Los Angeles-Long Beach-Anaheim, CA",6,California,37,Los Angeles,34.1365,-117.92391
09/06/2016,AQS,1,0.061,ppm,71,Azusa,17,100,44201,Ozone,87,31080,"Los Angeles-Long Beach-Anaheim, CA",6,California,37,Los Angeles,34.1365,-117.92391
09/07/2016,AQS,1,0.064,ppm,80,Azusa,17,100,44201,Ozone,87,31080,"Los Angeles-Long Beach-Anaheim, CA",6,California,37,Los Angeles,34.1365,-117.92391
09/08/2016,AQS,1,0.051,ppm,47,Azusa,17,100,44201,Ozone,87,31080,"Los Angeles-Long Beach-Anaheim, CA",6,California,37,Los Angeles,34.1365,-117.92391
09/09/2016,AQS,1,0.055,ppm,51,Azusa,17,100,44201,Ozone,87,31080,"Los Angeles-Long Beach-Anaheim, CA",6,California,37,Los Angeles,34.1365,-117.92391
09/10/2016,AQS,1,0.068,ppm,93,Azusa,17,100,44201,Ozone,87,31080,"Los Angeles-Long Beach-Anaheim, CA",6,California,37,Los Angeles,34.1365,-117.92391
09/11/2016,AQS,1,0.055,ppm,51,Azusa,17,100,44201,Ozone,87,31080,"Los Angeles-Long Beach-Anaheim, CA",6,California,37,Los Angeles,34.1365,-117.92391
09/12/2016,AQS,1,0.037,ppm,34,Azusa,17,100,44201,Ozone,87,31080,"Los Angeles-Long Beach-Anaheim, CA",6,California,37,Los Angeles,34.1365,-117.92391
09/13/2016,AQS,1,0.03,ppm,28,Azusa,17,100,44201,Ozone,87,31080,"Los Angeles-Long Beach-Anaheim, CA",6,California,37,Los Angeles,34.1365,-117.92391
09/14/2016,AQS,1,0.043,ppm,40,Azusa,17,100,44201,Ozone,87,31080,"Los Angeles-Long Beach-Anaheim, CA",6,California,37,Los Angeles,34.1365,-117.92391
09/15/2016,AQS,1,0.051,ppm,47,Azusa,17,100,44201,Ozone,87,31080,"Los Angeles-Long Beach-Anaheim, CA",6,California,37,Los Angeles,34.1365,-117.92391
09/16/2016,AQS,1,0.057,ppm,58,Azusa,17,100,44201,Ozone,87,31080,"Los Angeles-Long Beach-Anaheim, CA",6,California,37,Los Angeles,34.1365,-117.92391
09/17/2016,AQS,1,0.065,ppm,84,Azusa,17,100,44201,Ozone,87,31080,"Los Angeles-Long Beach-Anaheim, CA",6,California,37,Los Angeles,34.1365,-117.92391
09/18/2016,AQS,1,0.082,ppm,140,Azusa,17,100,44201,Ozone,87,31080,"Los Angeles-Long Beach-Anaheim, CA",6,California,37,Los Angeles,34.1365,-117.92391
09/19/2016,AQS,1,0.052,ppm,48,Azusa,17,100,44201,Ozone,87,31080,"Los Angeles-Long Beach-Anaheim, CA",6,California,37,Los Angeles,34.1365,-117.92391
09/20/2016,AQS,1,0.039,ppm,36,Azusa,17,100,44201,Ozone,87,31080,"Los Angeles-Long Beach-Anaheim, CA",6,California,37,Los Angeles,34.1365,-117.92391
09/21/2016,AQS,1,0.044,ppm,41,Azusa,17,100,44201,Ozone,87,31080,"Los Angeles-Long Beach-Anaheim, CA",6,California,37,Los Angeles,34.1365,-117.92391
09/22/2016,AQS,1,0.041,ppm,38,Azusa,17,100,44201,Ozone,87,31080,"Los Angeles-Long Beach-Anaheim, CA",6,California,37,Los Angeles,34.1365,-117.92391
09/23/2016,AQS,1,0.048,ppm,44,Azusa,17,100,44201,Ozone,87,31080,"Los Angeles-Long Beach-Anaheim, CA",6,California,37,Los Angeles,34.1365,-117.92391
09/24/2016,AQS,1,0.063,ppm,77,Azusa,17,100,44201,Ozone,87,31080,"Los Angeles-Long Beach-Anaheim, CA",6,California,37,Los Angeles,34.1365,-117.92391
09/25/2016,AQS,1,0.073,ppm,108,Azusa,17,100,44201,Ozone,87,31080,"Los Angeles-Long Beach-Anaheim, CA",6,California,37,Los Angeles,34.1365,-117.92391
09/26/2016,AQS,1,0.05,ppm,46,Azusa,17,100,44201,Ozone,87,31080,"Los Angeles-Long Beach-Anaheim, CA",6,California,37,Los Angeles,34.1365,-117.92391
09/27/2016,AQS,1,0.055,ppm,51,Azusa,17,100,44201,Ozone,87,31080,"Los Angeles-Long Beach-Anaheim, CA",6,California,37,Los Angeles,34.1365,-117.92391
09/28/2016,AQS,1,0.062,ppm,74,Azusa,17,100,44201,Ozone,87,31080,"Los Angeles-Long Beach-Anaheim, CA",6,California,37,Los Angeles,34.1365,-117.92391
09/29/2016,AQS,1,0.063,ppm,77,Azusa,17,100,44201,Ozone,87,31080,"Los Angeles-Long Beach-Anaheim, CA",6,California,37,Los Angeles,34.1365,-117.92391
09/30/2016,AQS,1,0.054,ppm,50,Azusa,17,100,44201,Ozone,87,31080,"Los Angeles-Long Beach-Anaheim, CA",6,California,37,Los Angeles,34.1365,-117.92391
10/01/2016,AQS,1,0.053,ppm,49,Azusa,17,100,44201,Ozone,87,31080,"Los Angeles-Long Beach-Anaheim, CA",6,California,37,Los Angeles,34.1365,-117.92391
10/02/2016,AQS,1,0.05,ppm,46,Azusa,17,100,44201,Ozone,87,31080,"Los Angeles-Long Beach-Anaheim, CA",6,California,37,Los Angeles,34.1365,-117.92391
10/03/2016,AQS,1,0.042,ppm,39,Azusa,17,100,44201,Ozone,87,31080,"Los Angeles-Long Beach-Anaheim, CA",6,California,37,Los Angeles,34.1365,-117.92391
10/04/2016,AQS,1,0.046,ppm,43,Azusa,17,100,44201,Ozone,87,31080,"Los Angeles-Long Beach-Anaheim, CA",6,California,37,Los Angeles,34.1365,-117.92391
10/05/2016,AQS,1,0.047,ppm,44,Azusa,17,100,44201,Ozone,87,31080,"Los Angeles-Long Beach-Anaheim, CA",6,California,37,Los Angeles,34.1365,-117.92391
10/06/2016,AQS,1,0.063,ppm,77,Azusa,17,100,44201,Ozone,87,31080,"Los Angeles-Long Beach-Anaheim, CA",6,California,37,Los Angeles,34.1365,-117.92391
10/07/2016,AQS,1,0.053,ppm,49,Azusa,17,100,44201,Ozone,87,31080,"Los Angeles-Long Beach-Anaheim, CA",6,California,37,Los Angeles,34.1365,-117.92391
10/08/2016,AQS,1,0.063,ppm,77,Azusa,17,100,44201,Ozone,87,31080,"Los Angeles-Long Beach-Anaheim, CA",6,California,37,Los Angeles,34.1365,-117.92391
10/09/2016,AQS,1,0.07,ppm,100,Azusa,17,100,44201,Ozone,87,31080,"Los Angeles-Long Beach-Anaheim, CA",6,California,37,Los Angeles,34.1365,-117.92391
10/10/2016,AQS,1,0.04,ppm,37,Azusa,17,100,44201,Ozone,87,31080,"Los Angeles-Long Beach-Anaheim, CA",6,California,37,Los Angeles,34.1365,-117.92391
10/11/2016,AQS,1,0.029,ppm,27,Azusa,17,100,44201,Ozone,87,31080,"Los Angeles-Long Beach-Anaheim, CA",6,California,37,Los Angeles,34.1365,-117.92391
10/12/2016,AQS,1,0.031,ppm,29,Azusa,17,100,44201,Ozone,87,31080,"Los Angeles-Long Beach-Anaheim, CA",6,California,37,Los Angeles,34.1365,-117.92391
10/13/2016,AQS,1,0.047,ppm,44,Azusa,17,100,44201,Ozone,87,31080,"Los Angeles-Long Beach-Anaheim, CA",6,California,37,Los Angeles,34.1365,-117.92391
10/14/2016,AQS,1,0.048,ppm,44,Azusa,17,100,44201,Ozone,87,31080,"Los Angeles-Long Beach-Anaheim, CA",6,California,37,Los Angeles,34.1365,-117.92391
10/15/2016,AQS,1,0.043,ppm,40,Azusa,17,100,44201,Ozone,87,31080,"Los Angeles-Long Beach-Anaheim, CA",6,California,37,Los Angeles,34.1365,-117.92391
10/16/2016,AQS,1,0.028,ppm,26,Azusa,17,100,44201,Ozone,87,31080,"Los Angeles-Long Beach-Anaheim, CA",6,California,37,Los Angeles,34.1365,-117.92391
10/17/2016,AQS,1,0.031,ppm,29,Azusa,17,100,44201,Ozone,87,31080,"Los Angeles-Long Beach-Anaheim, CA",6,California,37,Los Angeles,34.1365,-117.92391
10/18/2016,AQS,1,0.04,ppm,37,Azusa,17,100,44201,Ozone,87,31080,"Los Angeles-Long Beach-Anaheim, CA",6,California,37,Los Angeles,34.1365,-117.92391
10/19/2016,AQS,1,0.048,ppm,44,Azusa,17,100,44201,Ozone,87,31080,"Los Angeles-Long Beach-Anaheim, CA",6,California,37,Los Angeles,34.1365,-117.92391
10/20/2016,AQS,1,0.051,ppm,47,Azusa,17,100,44201,Ozone,87,31080,"Los Angeles-Long Beach-Anaheim, CA",6,California,37,Los Angeles,34.1365,-117.92391
10/21/2016,AQS,1,0.046,ppm,43,Azusa,17,100,44201,Ozone,87,31080,"Los Angeles-Long Beach-Anaheim, CA",6,California,37,Los Angeles,34.1365,-117.92391
10/22/2016,AQS,1,0.051,ppm,47,Azusa,17,100,44201,Ozone,87,31080,"Los Angeles-Long Beach-Anaheim, CA",6,California,37,Los Angeles,34.1365,-117.92391
10/24/2016,AQS,1,0.025,ppm,23,Azusa,17,100,44201,Ozone,87,31080,"Los Angeles-Long Beach-Anaheim, CA",6,California,37,Los Angeles,34.1365,-117.92391
10/25/2016,AQS,1,0.029,ppm,27,Azusa,17,100,44201,Ozone,87,31080,"Los Angeles-Long Beach-Anaheim, CA",6,California,37,Los Angeles,34.1365,-117.92391
10/26/2016,AQS,1,0.03,ppm,28,Azusa,17,100,44201,Ozone,87,31080,"Los Angeles-Long Beach-Anaheim, CA",6,California,37,Los Angeles,34.1365,-117.92391
10/27/2016,AQS,1,0.024,ppm,22,Azusa,17,100,44201,Ozone,87,31080,"Los Angeles-Long Beach-Anaheim, CA",6,California,37,Los Angeles,34.1365,-117.92391
10/28/2016,AQS,1,0.021,ppm,19,Azusa,17,100,44201,Ozone,87,31080,"Los Angeles-Long Beach-Anaheim, CA",6,California,37,Los Angeles,34.1365,-117.92391
10/29/2016,AQS,1,0.028,ppm,26,Azusa,17,100,44201,Ozone,87,31080,"Los Angeles-Long Beach-Anaheim, CA",6,California,37,Los Angeles,34.1365,-117.92391
10/30/2016,AQS,1,0.02,ppm,19,Azusa,17,100,44201,Ozone,87,31080,"Los Angeles-Long Beach-Anaheim, CA",6,California,37,Los Angeles,34.1365,-117.92391
10/31/2016,AQS,1,0.031,ppm,29,Azusa,17,100,44201,Ozone,87,31080,"Los Angeles-Long Beach-Anaheim, CA",6,California,37,Los Angeles,34.1365,-117.92391
11/01/2016,AQS,1,0.032,ppm,30,Azusa,17,100,44201,Ozone,87,31080,"Los Angeles-Long Beach-Anaheim, CA",6,California,37,Los Angeles,34.1365,-117.92391
11/02/2016,AQS,1,0.036,ppm,33,Azusa,13,76,44201,Ozone,87,31080,"Los Angeles-Long Beach-Anaheim, CA",6,California,37,Los Angeles,34.1365,-117.92391
11/03/2016,AQS,1,0.035,ppm,32,Azusa,17,100,44201,Ozone,87,31080,"Los Angeles-Long Beach-Anaheim, CA",6,California,37,Los Angeles,34.1365,-117.92391
11/04/2016,AQS,1,0.037,ppm,34,Azusa,17,100,44201,Ozone,87,31080,"Los Angeles-Long Beach-Anaheim, CA",6,California,37,Los Angeles,34.1365,-117.92391
11/05/2016,AQS,1,0.058,ppm,61,Azusa,17,100,44201,Ozone,87,31080,"Los Angeles-Long Beach-Anaheim, CA",6,California,37,Los Angeles,34.1365,-117.92391
11/06/2016,AQS,1,0.057,ppm,58,Azusa,17,100,44201,Ozone,87,31080,"Los Angeles-Long Beach-Anaheim, CA",6,California,37,Los Angeles,34.1365,-117.92391
11/07/2016,AQS,1,0.037,ppm,34,Azusa,17,100,44201,Ozone,87,31080,"Los Angeles-Long Beach-Anaheim, CA",6,California,37,Los Angeles,34.1365,-117.92391
11/08/2016,AQS,1,0.048,ppm,44,Azusa,17,100,44201,Ozone,87,31080,"Los Angeles-Long Beach-Anaheim, CA",6,California,37,Los Angeles,34.1365,-117.92391
11/09/2016,AQS,1,0.046,ppm,43,Azusa,17,100,44201,Ozone,87,31080,"Los Angeles-Long Beach-Anaheim, CA",6,California,37,Los Angeles,34.1365,-117.92391
11/10/2016,AQS,1,0.045,ppm,42,Azusa,17,100,44201,Ozone,87,31080,"Los Angeles-Long Beach-Anaheim, CA",6,California,37,Los Angeles,34.1365,-117.92391
11/11/2016,AQS,1,0.043,ppm,40,Azusa,17,100,44201,Ozone,87,31080,"Los Angeles-Long Beach-Anaheim, CA",6,California,37,Los Angeles,34.1365,-117.92391
11/12/2016,AQS,1,0.042,ppm,39,Azusa,17,100,44201,Ozone,87,31080,"Los Angeles-Long Beach-Anaheim, CA",6,California,37,Los Angeles,34.1365,-117.92391
11/13/2016,AQS,1,0.058,ppm,61,Azusa,17,100,44201,Ozone,87,31080,"Los Angeles-Long Beach-Anaheim, CA",6,California,37,Los Angeles,34.1365,-117.92391
11/14/2016,AQS,1,0.048,ppm,44,Azusa,17,100,44201,Ozone,87,31080,"Los Angeles-Long Beach-Anaheim, CA",6,California,37,Los Angeles,34.1365,-117.92391
11/15/2016,AQS,1,0.025,ppm,23,Azusa,17,100,44201,Ozone,87,31080,"Los Angeles-Long Beach-Anaheim, CA",6,California,37,Los Angeles,34.1365,-117.92391
11/16/2016,AQS,1,0.031,ppm,29,Azusa,17,100,44201,Ozone,87,31080,"Los Angeles-Long Beach-Anaheim, CA",6,California,37,Los Angeles,34.1365,-117.92391
11/17/2016,AQS,1,0.044,ppm,41,Azusa,17,100,44201,Ozone,87,31080,"Los Angeles-Long Beach-Anaheim, CA",6,California,37,Los Angeles,34.1365,-117.92391
11/18/2016,AQS,1,0.032,ppm,30,Azusa,17,100,44201,Ozone,87,31080,"Los Angeles-Long Beach-Anaheim, CA",6,California,37,Los Angeles,34.1365,-117.92391
11/19/2016,AQS,1,0.03,ppm,28,Azusa,17,100,44201,Ozone,87,31080,"Los Angeles-Long Beach-Anaheim, CA",6,California,37,Los Angeles,34.1365,-117.92391
11/20/2016,AQS,1,0.027,ppm,25,Azusa,17,100,44201,Ozone,87,31080,"Los Angeles-Long Beach-Anaheim, CA",6,California,37,Los Angeles,34.1365,-117.92391
11/21/2016,AQS,1,0.028,ppm,26,Azusa,17,100,44201,Ozone,87,31080,"Los Angeles-Long Beach-Anaheim, CA",6,California,37,Los Angeles,34.1365,-117.92391
11/22/2016,AQS,1,0.032,ppm,30,Azusa,17,100,44201,Ozone,87,31080,"Los Angeles-Long Beach-Anaheim, CA",6,California,37,Los Angeles,34.1365,-117.92391
11/23/2016,AQS,1,0.021,ppm,19,Azusa,17,100,44201,Ozone,87,31080,"Los Angeles-Long Beach-Anaheim, CA",6,California,37,Los Angeles,34.1365,-117.92391
11/24/2016,AQS,1,0.044,ppm,41,Azusa,17,100,44201,Ozone,87,31080,"Los Angeles-Long Beach-Anaheim, CA",6,California,37,Los Angeles,34.1365,-117.92391
11/25/2016,AQS,1,0.036,ppm,33,Azusa,17,100,44201,Ozone,87,31080,"Los Angeles-Long Beach-Anaheim, CA",6,California,37,Los Angeles,34.1365,-117.92391
11/26/2016,AQS,1,0.042,ppm,39,Azusa,17,100,44201,Ozone,87,31080,"Los Angeles-Long Beach-Anaheim, CA",6,California,37,Los Angeles,34.1365,-117.92391
11/27/2016,AQS,1,0.029,ppm,27,Azusa,17,100,44201,Ozone,87,31080,"Los Angeles-Long Beach-Anaheim, CA",6,California,37,Los Angeles,34.1365,-117.92391
11/28/2016,AQS,1,0.029,ppm,27,Azusa,17,100,44201,Ozone,87,31080,"Los Angeles-Long Beach-Anaheim, CA",6,California,37,Los Angeles,34.1365,-117.92391
11/29/2016,AQS,1,0.03,ppm,28,Azusa,17,100,44201,Ozone,87,31080,"Los Angeles-Long Beach-Anaheim, CA",6,California,37,Los Angeles,34.1365,-117.92391
11/30/2016,AQS,1,0.029,ppm,27,Azusa,17,100,44201,Ozone,87,31080,"Los Angeles-Long Beach-Anaheim, CA",6,California,37,Los Angeles,34.1365,-117.92391
12/01/2016,AQS,1,0.033,ppm,31,Azusa,17,100,44201,Ozone,87,31080,"Los Angeles-Long Beach-Anaheim, CA",6,California,37,Los Angeles,34.1365,-117.92391
12/03/2016,AQS,1,0.038,ppm,35,Azusa,17,100,44201,Ozone,87,31080,"Los Angeles-Long Beach-Anaheim, CA",6,California,37,Los Angeles,34.1365,-117.92391
12/04/2016,AQS,1,0.033,ppm,31,Azusa,17,100,44201,Ozone,87,31080,"Los Angeles-Long Beach-Anaheim, CA",6,California,37,Los Angeles,34.1365,-117.92391
12/05/2016,AQS,1,0.033,ppm,31,Azusa,17,100,44201,Ozone,87,31080,"Los Angeles-Long Beach-Anaheim, CA",6,California,37,Los Angeles,34.1365,-117.92391
12/07/2016,AQS,1,0.035,ppm,32,Azusa,17,100,44201,Ozone,87,31080,"Los Angeles-Long Beach-Anaheim, CA",6,California,37,Los Angeles,34.1365,-117.92391
12/08/2016,AQS,1,0.028,ppm,26,Azusa,17,100,44201,Ozone,87,31080,"Los Angeles-Long Beach-Anaheim, CA",6,California,37,Los Angeles,34.1365,-117.92391
12/09/2016,AQS,1,0.017,ppm,16,Azusa,17,100,44201,Ozone,87,31080,"Los Angeles-Long Beach-Anaheim, CA",6,California,37,Los Angeles,34.1365,-117.92391
12/10/2016,AQS,1,0.022,ppm,20,Azusa,17,100,44201,Ozone,87,31080,"Los Angeles-Long Beach-Anaheim, CA",6,California,37,Los Angeles,34.1365,-117.92391
12/11/2016,AQS,1,0.016,ppm,15,Azusa,17,100,44201,Ozone,87,31080,"Los Angeles-Long Beach-Anaheim, CA",6,California,37,Los Angeles,34.1365,-117.92391
12/12/2016,AQS,1,0.02,ppm,19,Azusa,17,100,44201,Ozone,87,31080,"Los Angeles-Long Beach-Anaheim, CA",6,California,37,Los Angeles,34.1365,-117.92391
12/13/2016,AQS,1,0.014,ppm,13,Azusa,17,100,44201,Ozone,87,31080,"Los Angeles-Long Beach-Anaheim, CA",6,California,37,Los Angeles,34.1365,-117.92391
12/14/2016,AQS,1,0.016,ppm,15,Azusa,17,100,44201,Ozone,87,31080,"Los Angeles-Long Beach-Anaheim, CA",6,California,37,Los Angeles,34.1365,-117.92391
12/15/2016,AQS,1,0.021,ppm,19,Azusa,17,100,44201,Ozone,87,31080,"Los Angeles-Long Beach-Anaheim, CA",6,California,37,Los Angeles,34.1365,-117.92391
12/16/2016,AQS,1,0.039,ppm,36,Azusa,17,100,44201,Ozone,87,31080,"Los Angeles-Long Beach-Anaheim, CA",6,California,37,Los Angeles,34.1365,-117.92391
12/17/2016,AQS,1,0.037,ppm,34,Azusa,17,100,44201,Ozone,87,31080,"Los Angeles-Long Beach-Anaheim, CA",6,California,37,Los Angeles,34.1365,-117.92391
12/18/2016,AQS,1,0.039,ppm,36,Azusa,17,100,44201,Ozone,87,31080,"Los Angeles-Long Beach-Anaheim, CA",6,California,37,Los Angeles,34.1365,-117.92391
12/19/2016,AQS,1,0.036,ppm,33,Azusa,17,100,44201,Ozone,87,31080,"Los Angeles-Long Beach-Anaheim, CA",6,California,37,Los Angeles,34.1365,-117.92391
12/20/2016,AQS,1,0.029,ppm,27,Azusa,17,100,44201,Ozone,87,31080,"Los Angeles-Long Beach-Anaheim, CA",6,California,37,Los Angeles,34.1365,-117.92391
12/21/2016,AQS,1,0.021,ppm,19,Azusa,17,100,44201,Ozone,87,31080,"Los Angeles-Long Beach-Anaheim, CA",6,California,37,Los Angeles,34.1365,-117.92391
12/22/2016,AQS,1,0.011,ppm,10,Azusa,17,100,44201,Ozone,87,31080,"Los Angeles-Long Beach-Anaheim, CA",6,California,37,Los Angeles,34.1365,-117.92391
12/23/2016,AQS,1,0.039,ppm,36,Azusa,17,100,44201,Ozone,87,31080,"Los Angeles-Long Beach-Anaheim, CA",6,California,37,Los Angeles,34.1365,-117.92391
12/24/2016,AQS,1,0.042,ppm,39,Azusa,17,100,44201,Ozone,87,31080,"Los Angeles-Long Beach-Anaheim, CA",6,California,37,Los Angeles,34.1365,-117.92391
12/25/2016,AQS,1,0.038,ppm,35,Azusa,17,100,44201,Ozone,87,31080,"Los Angeles-Long Beach-Anaheim, CA",6,California,37,Los Angeles,34.1365,-117.92391
12/26/2016,AQS,1,0.034,ppm,31,Azusa,17,100,44201,Ozone,87,31080,"Los Angeles-Long Beach-Anaheim, CA",6,California,37,Los Angeles,34.1365,-117.92391
12/27/2016,AQS,1,0.028,ppm,26,Azusa,17,100,44201,Ozone,87,31080,"Los Angeles-Long Beach-Anaheim, CA",6,California,37,Los Angeles,34.1365,-117.92391
12/28/2016,AQS,1,0.028,ppm,26,Azusa,17,100,44201,Ozone,87,31080,"Los Angeles-Long Beach-Anaheim, CA",6,California,37,Los Angeles,34.1365,-117.92391
12/29/2016,AQS,1,0.027,ppm,25,Azusa,17,100,44201,Ozone,87,31080,"Los Angeles-Long Beach-Anaheim, CA",6,California,37,Los Angeles,34.1365,-117.92391
12/30/2016,AQS,1,0.021,ppm,19,Azusa,17,100,44201,Ozone,87,31080,"Los Angeles-Long Beach-Anaheim, CA",6,California,37,Los Angeles,34.1365,-117.92391
01/01/2017,AQS,1,0.037,ppm,34,Azusa,17,100,44201,Ozone,87,31080,"Los Angeles-Long Beach-Anaheim, CA",6,California,37,Los Angeles,34.1365,-117.92391
01/02/2017,AQS,1,0.038,ppm,35,Azusa,17,100,44201,Ozone,87,31080,"Los Angeles-Long Beach-Anaheim, CA",6,California,37,Los Angeles,34.1365,-117.92391
01/03/2017,AQS,1,0.026,ppm,24,Azusa,17,100,44201,Ozone,87,31080,"Los Angeles-Long Beach-Anaheim, CA",6,California,37,Los Angeles,34.1365,-117.92391
01/04/2017,AQS,1,0.021,ppm,19,Azusa,17,100,44201,Ozone,87,31080,"Los Angeles-Long Beach-Anaheim, CA",6,California,37,Los Angeles,34.1365,-117.92391
01/05/2017,AQS,1,0.015,ppm,14,Azusa,17,100,44201,Ozone,87,31080,"Los Angeles-Long Beach-Anaheim, CA",6,California,37,Los Angeles,34.1365,-117.92391
01/06/2017,AQS,1,0.03,ppm,28,Azusa,17,100,44201,Ozone,87,31080,"Los Angeles-Long Beach-Anaheim, CA",6,California,37,Los Angeles,34.1365,-117.92391
01/07/2017,AQS,1,0.032,ppm,30,Azusa,17,100,44201,Ozone,87,31080,"Los Angeles-Long Beach-Anaheim, CA",6,California,37,Los Angeles,34.1365,-117.92391
01/08/2017,AQS,1,0.031,ppm,29,Azusa,17,100,44201,Ozone,87,31080,"Los Angeles-Long Beach-Anaheim, CA",6,California,37,Los Angeles,34.1365,-117.92391
01/09/2017,AQS,1,0.021,ppm,19,Azusa,17,100,44201,Ozone,87,31080,"Los Angeles-Long Beach-Anaheim, CA",6,California,37,Los Angeles,34.1365,-117.92391
01/10/2017,AQS,1,0.025,ppm,23,Azusa,17,100,44201,Ozone,87,31080,"Los Angeles-Long Beach-Anaheim, CA",6,California,37,Los Angeles,34.1365,-117.92391
01/11/2017,AQS,1,0.035,ppm,32,Azusa,17,100,44201,Ozone,87,31080,"Los Angeles-Long Beach-Anaheim, CA",6,California,37,Los Angeles,34.1365,-117.92391
01/12/2017,AQS,1,0.032,ppm,30,Azusa,17,100,44201,Ozone,87,31080,"Los Angeles-Long Beach-Anaheim, CA",6,California,37,Los Angeles,34.1365,-117.92391
01/13/2017,AQS,1,0.031,ppm,29,Azusa,17,100,44201,Ozone,87,31080,"Los Angeles-Long Beach-Anaheim, CA",6,California,37,Los Angeles,34.1365,-117.92391
01/14/2017,AQS,1,0.027,ppm,25,Azusa,17,100,44201,Ozone,87,31080,"Los Angeles-Long Beach-Anaheim, CA",6,California,37,Los Angeles,34.1365,-117.92391
01/15/2017,AQS,1,0.039,ppm,36,Azusa,17,100,44201,Ozone,87,31080,"Los Angeles-Long Beach-Anaheim, CA",6,California,37,Los Angeles,34.1365,-117.92391
01/16/2017,AQS,1,0.035,ppm,32,Azusa,17,100,44201,Ozone,87,31080,"Los Angeles-Long Beach-Anaheim, CA",6,California,37,Los Angeles,34.1365,-117.92391
01/17/2017,AQS,1,0.035,ppm,32,Azusa,17,100,44201,Ozone,87,31080,"Los Angeles-Long Beach-Anaheim, CA",6,California,37,Los Angeles,34.1365,-117.92391
01/18/2017,AQS,1,0.032,ppm,30,Azusa,17,100,44201,Ozone,87,31080,"Los Angeles-Long Beach-Anaheim, CA",6,California,37,Los Angeles,34.1365,-117.92391
01/19/2017,AQS,1,0.038,ppm,35,Azusa,17,100,44201,Ozone,87,31080,"Los Angeles-Long Beach-Anaheim, CA",6,California,37,Los Angeles,34.1365,-117.92391
01/20/2017,AQS,1,0.036,ppm,33,Azusa,17,100,44201,Ozone,87,31080,"Los Angeles-Long Beach-Anaheim, CA",6,California,37,Los Angeles,34.1365,-117.92391
01/21/2017,AQS,1,0.038,ppm,35,Azusa,17,100,44201,Ozone,87,31080,"Los Angeles-Long Beach-Anaheim, CA",6,California,37,Los Angeles,34.1365,-117.92391
01/22/2017,AQS,1,0.04,ppm,37,Azusa,17,100,44201,Ozone,87,31080,"Los Angeles-Long Beach-Anaheim, CA",6,California,37,Los Angeles,34.1365,-117.92391
01/23/2017,AQS,1,0.037,ppm,34,Azusa,17,100,44201,Ozone,87,31080,"Los Angeles-Long Beach-Anaheim, CA",6,California,37,Los Angeles,34.1365,-117.92391
01/24/2017,AQS,1,0.034,ppm,31,Azusa,17,100,44201,Ozone,87,31080,"Los Angeles-Long Beach-Anaheim, CA",6,California,37,Los Angeles,34.1365,-117.92391
01/25/2017,AQS,1,0.035,ppm,32,Azusa,17,100,44201,Ozone,87,31080,"Los Angeles-Long Beach-Anaheim, CA",6,California,37,Los Angeles,34.1365,-117.92391
01/26/2017,AQS,1,0.043,ppm,40,Azusa,17,100,44201,Ozone,87,31080,"Los Angeles-Long Beach-Anaheim, CA",6,California,37,Los Angeles,34.1365,-117.92391
01/27/2017,AQS,1,0.035,ppm,32,Azusa,17,100,44201,Ozone,87,31080,"Los Angeles-Long Beach-Anaheim, CA",6,California,37,Los Angeles,34.1365,-117.92391
01/28/2017,AQS,1,0.04,ppm,37,Azusa,17,100,44201,Ozone,87,31080,"Los Angeles-Long Beach-Anaheim, CA",6,California,37,Los Angeles,34.1365,-117.92391
01/29/2017,AQS,1,0.049,ppm,45,Azusa,17,100,44201,Ozone,87,31080,"Los Angeles-Long Beach-Anaheim, CA",6,California,37,Los Angeles,34.1365,-117.92391
01/30/2017,AQS,1,0.04,ppm,37,Azusa,17,100,44201,Ozone,87,31080,"Los Angeles-Long Beach-Anaheim, CA",6,California,37,Los Angeles,34.1365,-117.92391
01/31/2017,AQS,1,0.034,ppm,31,Azusa,17,100,44201,Ozone,87,31080,"Los Angeles-Long Beach-Anaheim, CA",6,California,37,Los Angeles,34.1365,-117.92391
02/01/2017,AQS,1,0.035,ppm,32,Azusa,17,100,44201,Ozone,87,31080,"Los Angeles-Long Beach-Anaheim, CA",6,California,37,Los Angeles,34.1365,-117.92391
02/02/2017,AQS,1,0.034,ppm,31,Azusa,17,100,44201,Ozone,87,31080,"Los Angeles-Long Beach-Anaheim, CA",6,California,37,Los Angeles,34.1365,-117.92391
02/03/2017,AQS,1,0.027,ppm,25,Azusa,17,100,44201,Ozone,87,31080,"Los Angeles-Long Beach-Anaheim, CA",6,California,37,Los Angeles,34.1365,-117.92391
02/04/2017,AQS,1,0.032,ppm,30,Azusa,17,100,44201,Ozone,87,31080,"Los Angeles-Long Beach-Anaheim, CA",6,California,37,Los Angeles,34.1365,-117.92391
02/05/2017,AQS,1,0.027,ppm,25,Azusa,17,100,44201,Ozone,87,31080,"Los Angeles-Long Beach-Anaheim, CA",6,California,37,Los Angeles,34.1365,-117.92391
02/06/2017,AQS,1,0.026,ppm,24,Azusa,17,100,44201,Ozone,87,31080,"Los Angeles-Long Beach-Anaheim, CA",6,California,37,Los Angeles,34.1365,-117.92391
02/07/2017,AQS,1,0.018,ppm,17,Azusa,17,100,44201,Ozone,87,31080,"Los Angeles-Long Beach-Anaheim, CA",6,California,37,Los Angeles,34.1365,-117.92391
02/08/2017,AQS,1,0.016,ppm,15,Azusa,17,100,44201,Ozone,87,31080,"Los Angeles-Long Beach-Anaheim, CA",6,California,37,Los Angeles,34.1365,-117.92391
02/09/2017,AQS,1,0.017,ppm,16,Azusa,17,100,44201,Ozone,87,31080,"Los Angeles-Long Beach-Anaheim, CA",6,California,37,Los Angeles,34.1365,-117.92391
02/10/2017,AQS,1,0.011,ppm,10,Azusa,17,100,44201,Ozone,87,31080,"Los Angeles-Long Beach-Anaheim, CA",6,California,37,Los Angeles,34.1365,-117.92391
02/11/2017,AQS,1,0.035,ppm,32,Azusa,17,100,44201,Ozone,87,31080,"Los Angeles-Long Beach-Anaheim, CA",6,California,37,Los Angeles,34.1365,-117.92391
02/12/2017,AQS,1,0.041,ppm,38,Azusa,17,100,44201,Ozone,87,31080,"Los Angeles-Long Beach-Anaheim, CA",6,California,37,Los Angeles,34.1365,-117.92391
02/13/2017,AQS,1,0.034,ppm,31,Azusa,17,100,44201,Ozone,87,31080,"Los Angeles-Long Beach-Anaheim, CA",6,California,37,Los Angeles,34.1365,-117.92391
02/14/2017,AQS,1,0.03,ppm,28,Azusa,17,100,44201,Ozone,87,31080,"Los Angeles-Long Beach-Anaheim, CA",6,California,37,Los Angeles,34.1365,-117.92391
02/15/2017,AQS,1,0.039,ppm,36,Azusa,17,100,44201,Ozone,87,31080,"Los Angeles-Long Beach-Anaheim, CA",6,California,37,Los Angeles,34.1365,-117.92391
02/16/2017,AQS,1,0.031,ppm,29,Azusa,17,100,44201,Ozone,87,31080,"Los Angeles-Long Beach-Anaheim, CA",6,California,37,Los Angeles,34.1365,-117.92391
02/17/2017,AQS,1,0.053,ppm,49,Azusa,17,100,44201,Ozone,87,31080,"Los Angeles-Long Beach-Anaheim, CA",6,California,37,Los Angeles,34.1365,-117.92391
02/18/2017,AQS,1,0.044,ppm,41,Azusa,17,100,44201,Ozone,87,31080,"Los Angeles-Long Beach-Anaheim, CA",6,California,37,Los Angeles,34.1365,-117.92391
02/19/2017,AQS,1,0.039,ppm,36,Azusa,17,100,44201,Ozone,87,31080,"Los Angeles-Long Beach-Anaheim, CA",6,California,37,Los Angeles,34.1365,-117.92391
02/20/2017,AQS,1,0.033,ppm,31,Azusa,17,100,44201,Ozone,87,31080,"Los Angeles-Long Beach-Anaheim, CA",6,California,37,Los Angeles,34.1365,-117.92391
02/21/2017,AQS,1,0.02,ppm,19,Azusa,17,100,44201,Ozone,87,31080,"Los Angeles-Long Beach-Anaheim, CA",6,California,37,Los Angeles,34.1365,-117.92391
02/22/2017,AQS,1,0.04,ppm,37,Azusa,17,100,44201,Ozone,87,31080,"Los Angeles-Long Beach-Anaheim, CA",6,California,37,Los Angeles,34.1365,-117.92391
02/23/2017,AQS,1,0.039,ppm,36,Azusa,17,100,44201,Ozone,87,31080,"Los Angeles-Long Beach-Anaheim, CA",6,California,37,Los Angeles,34.1365,-117.92391
02/24/2017,AQS,1,0.04,ppm,37,Azusa,17,100,44201,Ozone,87,31080,"Los Angeles-Long Beach-Anaheim, CA",6,California,37,Los Angeles,34.1365,-117.92391
02/25/2017,AQS,1,0.046,ppm,43,Azusa,17,100,44201,Ozone,87,31080,"Los Angeles-Long Beach-Anaheim, CA",6,California,37,Los Angeles,34.1365,-117.92391
02/26/2017,AQS,1,0.044,ppm,41,Azusa,17,100,44201,Ozone,87,31080,"Los Angeles-Long Beach-Anaheim, CA",6,California,37,Los Angeles,34.1365,-117.92391
02/27/2017,AQS,1,0.031,ppm,29,Azusa,17,100,44201,Ozone,87,31080,"Los Angeles-Long Beach-Anaheim, CA",6,California,37,Los Angeles,34.1365,-117.92391
02/28/2017,AQS,1,0.044,ppm,41,Azusa,17,100,44201,Ozone,87,31080,"Los Angeles-Long Beach-Anaheim, CA",6,California,37,Los Angeles,34.1365,-117.92391
03/01/2017,AQS,1,0.046,ppm,43,Azusa,17,100,44201,Ozone,87,31080,"Los Angeles-Long Beach-Anaheim, CA",6,California,37,Los Angeles,34.1365,-117.92391
03/03/2017,AQS,1,0.042,ppm,39,Azusa,17,100,44201,Ozone,87,31080,"Los Angeles-Long Beach-Anaheim, CA",6,California,37,Los Angeles,34.1365,-117.92391
03/04/2017,AQS,1,0.051,ppm,47,Azusa,17,100,44201,Ozone,87,31080,"Los Angeles-Long Beach-Anaheim, CA",6,California,37,Los Angeles,34.1365,-117.92391
03/05/2017,AQS,1,0.044,ppm,41,Azusa,17,100,44201,Ozone,87,31080,"Los Angeles-Long Beach-Anaheim, CA",6,California,37,Los Angeles,34.1365,-117.92391
03/06/2017,AQS,1,0.041,ppm,38,Azusa,17,100,44201,Ozone,87,31080,"Los Angeles-Long Beach-Anaheim, CA",6,California,37,Los Angeles,34.1365,-117.92391
03/07/2017,AQS,1,0.042,ppm,39,Azusa,17,100,44201,Ozone,87,31080,"Los Angeles-Long Beach-Anaheim, CA",6,California,37,Los Angeles,34.1365,-117.92391
03/08/2017,AQS,1,0.042,ppm,39,Azusa,17,100,44201,Ozone,87,31080,"Los Angeles-Long Beach-Anaheim, CA",6,California,37,Los Angeles,34.1365,-117.92391
03/09/2017,AQS,1,0.05,ppm,46,Azusa,17,100,44201,Ozone,87,31080,"Los Angeles-Long Beach-Anaheim, CA",6,California,37,Los Angeles,34.1365,-117.92391
03/10/2017,AQS,1,0.055,ppm,51,Azusa,17,100,44201,Ozone,87,31080,"Los Angeles-Long Beach-Anaheim, CA",6,California,37,Los Angeles,34.1365,-117.92391
03/11/2017,AQS,1,0.071,ppm,101,Azusa,17,100,44201,Ozone,87,31080,"Los Angeles-Long Beach-Anaheim, CA",6,California,37,Los Angeles,34.1365,-117.92391
03/12/2017,AQS,1,0.071,ppm,101,Azusa,17,100,44201,Ozone,87,31080,"Los Angeles-Long Beach-Anaheim, CA",6,California,37,Los Angeles,34.1365,-117.92391
03/13/2017,AQS,1,0.058,ppm,61,Azusa,17,100,44201,Ozone,87,31080,"Los Angeles-Long Beach-Anaheim, CA",6,California,37,Los Angeles,34.1365,-117.92391
03/14/2017,AQS,1,0.048,ppm,44,Azusa,17,100,44201,Ozone,87,31080,"Los Angeles-Long Beach-Anaheim, CA",6,California,37,Los Angeles,34.1365,-117.92391
03/15/2017,AQS,1,0.052,ppm,48,Azusa,17,100,44201,Ozone,87,31080,"Los Angeles-Long Beach-Anaheim, CA",6,California,37,Los Angeles,34.1365,-117.92391
03/16/2017,AQS,1,0.046,ppm,43,Azusa,17,100,44201,Ozone,87,31080,"Los Angeles-Long Beach-Anaheim, CA",6,California,37,Los Angeles,34.1365,-117.92391
03/17/2017,AQS,1,0.046,ppm,43,Azusa,17,100,44201,Ozone,87,31080,"Los Angeles-Long Beach-Anaheim, CA",6,California,37,Los Angeles,34.1365,-117.92391
03/18/2017,AQS,1,0.06,ppm,67,Azusa,17,100,44201,Ozone,87,31080,"Los Angeles-Long Beach-Anaheim, CA",6,California,37,Los Angeles,34.1365,-117.92391
03/19/2017,AQS,1,0.059,ppm,64,Azusa,17,100,44201,Ozone,87,31080,"Los Angeles-Long Beach-Anaheim, CA",6,California,37,Los Angeles,34.1365,-117.92391
03/20/2017,AQS,1,0.039,ppm,36,Azusa,17,100,44201,Ozone,87,31080,"Los Angeles-Long Beach-Anaheim, CA",6,California,37,Los Angeles,34.1365,-117.92391
03/21/2017,AQS,1,0.02,ppm,19,Azusa,17,100,44201,Ozone,87,31080,"Los Angeles-Long Beach-Anaheim, CA",6,California,37,Los Angeles,34.1365,-117.92391
03/22/2017,AQS,1,0.039,ppm,36,Azusa,17,100,44201,Ozone,87,31080,"Los Angeles-Long Beach-Anaheim, CA",6,California,37,Los Angeles,34.1365,-117.92391
03/23/2017,AQS,1,0.044,ppm,41,Azusa,17,100,44201,Ozone,87,31080,"Los Angeles-Long Beach-Anaheim, CA",6,California,37,Los Angeles,34.1365,-117.92391
03/24/2017,AQS,1,0.045,ppm,42,Azusa,17,100,44201,Ozone,87,31080,"Los Angeles-Long Beach-Anaheim, CA",6,California,37,Los Angeles,34.1365,-117.92391
03/25/2017,AQS,1,0.046,ppm,43,Azusa,17,100,44201,Ozone,87,31080,"Los Angeles-Long Beach-Anaheim, CA",6,California,37,Los Angeles,34.1365,-117.92391
03/26/2017,AQS,1,0.053,ppm,49,Azusa,17,100,44201,Ozone,87,31080,"Los Angeles-Long Beach-Anaheim, CA",6,California,37,Los Angeles,34.1365,-117.92391
03/27/2017,AQS,1,0.051,ppm,47,Azusa,17,100,44201,Ozone,87,31080,"Los Angeles-Long Beach-Anaheim, CA",6,California,37,Los Angeles,34.1365,-117.92391
03/28/2017,AQS,1,0.052,ppm,48,Azusa,17,100,44201,Ozone,87,31080,"Los Angeles-Long Beach-Anaheim, CA",6,California,37,Los Angeles,34.1365,-117.92391
03/29/2017,AQS,1,0.056,ppm,54,Azusa,17,100,44201,Ozone,87,31080,"Los Angeles-Long Beach-Anaheim, CA",6,California,37,Los Angeles,34.1365,-117.92391
03/30/2017,AQS,1,0.046,ppm,43,Azusa,17,100,44201,Ozone,87,31080,"Los Angeles-Long Beach-Anaheim, CA",6,California,37,Los Angeles,34.1365,-117.92391
03/31/2017,AQS,1,0.045,ppm,42,Azusa,17,100,44201,Ozone,87,31080,"Los Angeles-Long Beach-Anaheim, CA",6,California,37,Los Angeles,34.1365,-117.92391
04/01/2017,AQS,1,0.049,ppm,45,Azusa,17,100,44201,Ozone,87,31080,"Los Angeles-Long Beach-Anaheim, CA",6,California,37,Los Angeles,34.1365,-117.92391
04/02/2017,AQS,1,0.058,ppm,61,Azusa,17,100,44201,Ozone,87,31080,"Los Angeles-Long Beach-Anaheim, CA",6,California,37,Los Angeles,34.1365,-117.92391
04/03/2017,AQS,1,0.039,ppm,36,Azusa,17,100,44201,Ozone,87,31080,"Los Angeles-Long Beach-Anaheim, CA",6,California,37,Los Angeles,34.1365,-117.92391
04/04/2017,AQS,1,0.048,ppm,44,Azusa,17,100,44201,Ozone,87,31080,"Los Angeles-Long Beach-Anaheim, CA",6,California,37,Los Angeles,34.1365,-117.92391
04/05/2017,AQS,1,0.066,ppm,87,Azusa,17,100,44201,Ozone,87,31080,"Los Angeles-Long Beach-Anaheim, CA",6,California,37,Los Angeles,34.1365,-117.92391
04/06/2017,AQS,1,0.049,ppm,45,Azusa,17,100,44201,Ozone,87,31080,"Los Angeles-Long Beach-Anaheim, CA",6,California,37,Los Angeles,34.1365,-117.92391
04/07/2017,AQS,1,0.058,ppm,61,Azusa,17,100,44201,Ozone,87,31080,"Los Angeles-Long Beach-Anaheim, CA",6,California,37,Los Angeles,34.1365,-117.92391
04/08/2017,AQS,1,0.052,ppm,48,Azusa,17,100,44201,Ozone,87,31080,"Los Angeles-Long Beach-Anaheim, CA",6,California,37,Los Angeles,34.1365,-117.92391
04/09/2017,AQS,1,0.06,ppm,67,Azusa,17,100,44201,Ozone,87,31080,"Los Angeles-Long Beach-Anaheim, CA",6,California,37,Los Angeles,34.1365,-117.92391
04/10/2017,AQS,1,0.062,ppm,74,Azusa,17,100,44201,Ozone,87,31080,"Los Angeles-Long Beach-Anaheim, CA",6,California,37,Los Angeles,34.1365,-117.92391
04/11/2017,AQS,1,0.06,ppm,67,Azusa,17,100,44201,Ozone,87,31080,"Los Angeles-Long Beach-Anaheim, CA",6,California,37,Los Angeles,34.1365,-117.92391
04/12/2017,AQS,1,0.049,ppm,45,Azusa,17,100,44201,Ozone,87,31080,"Los Angeles-Long Beach-Anaheim, CA",6,California,37,Los Angeles,34.1365,-117.92391
04/13/2017,AQS,1,0.041,ppm,38,Azusa,17,100,44201,Ozone,87,31080,"Los Angeles-Long Beach-Anaheim, CA",6,California,37,Los Angeles,34.1365,-117.92391
04/14/2017,AQS,1,0.056,ppm,54,Azusa,17,100,44201,Ozone,87,31080,"Los Angeles-Long Beach-Anaheim, CA",6,California,37,Los Angeles,34.1365,-117.92391
04/15/2017,AQS,1,0.072,ppm,105,Azusa,17,100,44201,Ozone,87,31080,"Los Angeles-Long Beach-Anaheim, CA",6,California,37,Los Angeles,34.1365,-117.92391
04/16/2017,AQS,1,0.073,ppm,108,Azusa,17,100,44201,Ozone,87,31080,"Los Angeles-Long Beach-Anaheim, CA",6,California,37,Los Angeles,34.1365,-117.92391
04/17/2017,AQS,1,0.041,ppm,38,Azusa,17,100,44201,Ozone,87,31080,"Los Angeles-Long Beach-Anaheim, CA",6,California,37,Los Angeles,34.1365,-117.92391
04/18/2017,AQS,1,0.028,ppm,26,Azusa,17,100,44201,Ozone,87,31080,"Los Angeles-Long Beach-Anaheim, CA",6,California,37,Los Angeles,34.1365,-117.92391
04/19/2017,AQS,1,0.043,ppm,40,Azusa,17,100,44201,Ozone,87,31080,"Los Angeles-Long Beach-Anaheim, CA",6,California,37,Los Angeles,34.1365,-117.92391
04/20/2017,AQS,1,0.059,ppm,64,Azusa,17,100,44201,Ozone,87,31080,"Los Angeles-Long Beach-Anaheim, CA",6,California,37,Los Angeles,34.1365,-117.92391
04/21/2017,AQS,1,0.076,ppm,119,Azusa,17,100,44201,Ozone,87,31080,"Los Angeles-Long Beach-Anaheim, CA",6,California,37,Los Angeles,34.1365,-117.92391
04/22/2017,AQS,1,0.09,ppm,161,Azusa,17,100,44201,Ozone,87,31080,"Los Angeles-Long Beach-Anaheim, CA",6,California,37,Los Angeles,34.1365,-117.92391
04/23/2017,AQS,1,0.065,ppm,84,Azusa,17,100,44201,Ozone,87,31080,"Los Angeles-Long Beach-Anaheim, CA",6,California,37,Los Angeles,34.1365,-117.92391
04/24/2017,AQS,1,0.052,ppm,48,Azusa,17,100,44201,Ozone,87,31080,"Los Angeles-Long Beach-Anaheim, CA",6,California,37,Los Angeles,34.1365,-117.92391
04/25/2017,AQS,1,0.055,ppm,51,Azusa,17,100,44201,Ozone,87,31080,"Los Angeles-Long Beach-Anaheim, CA",6,California,37,Los Angeles,34.1365,-117.92391
04/26/2017,AQS,1,0.052,ppm,48,Azusa,17,100,44201,Ozone,87,31080,"Los Angeles-Long Beach-Anaheim, CA",6,California,37,Los Angeles,34.1365,-117.92391
04/27/2017,AQS,1,0.047,ppm,44,Azusa,17,100,44201,Ozone,87,31080,"Los Angeles-Long Beach-Anaheim, CA",6,California,37,Los Angeles,34.1365,-117.92391
04/28/2017,AQS,1,0.065,ppm,84,Azusa,17,100,44201,Ozone,87,31080,"Los Angeles-Long Beach-Anaheim, CA",6,California,37,Los Angeles,34.1365,-117.92391
04/29/2017,AQS,1,0.07,ppm,100,Azusa,17,100,44201,Ozone,87,31080,"Los Angeles-Long Beach-Anaheim, CA",6,California,37,Los Angeles,34.1365,-117.92391
04/30/2017,AQS,1,0.074,ppm,112,Azusa,17,100,44201,Ozone,87,31080,"Los Angeles-Long Beach-Anaheim, CA",6,California,37,Los Angeles,34.1365,-117.92391
05/01/2017,AQS,1,0.079,ppm,129,Azusa,17,100,44201,Ozone,87,31080,"Los Angeles-Long Beach-Anaheim, CA",6,California,37,Los Angeles,34.1365,-117.92391
05/02/2017,AQS,1,0.073,ppm,108,Azusa,17,100,44201,Ozone,87,31080,"Los Angeles-Long Beach-Anaheim, CA",6,California,37,Los Angeles,34.1365,-117.92391
05/04/2017,AQS,1,0.069,ppm,97,Azusa,17,100,44201,Ozone,87,31080,"Los Angeles-Long Beach-Anaheim, CA",6,California,37,Los Angeles,34.1365,-117.92391
05/05/2017,AQS,1,0.044,ppm,41,Azusa,17,100,44201,Ozone,87,31080,"Los Angeles-Long Beach-Anaheim, CA",6,California,37,Los Angeles,34.1365,-117.92391
05/06/2017,AQS,1,0.043,ppm,40,Azusa,17,100,44201,Ozone,87,31080,"Los Angeles-Long Beach-Anaheim, CA",6,California,37,Los Angeles,34.1365,-117.92391
05/07/2017,AQS,1,0.046,ppm,43,Azusa,17,100,44201,Ozone,87,31080,"Los Angeles-Long Beach-Anaheim, CA",6,California,37,Los Angeles,34.1365,-117.92391
05/08/2017,AQS,1,0.045,ppm,42,Azusa,17,100,44201,Ozone,87,31080,"Los Angeles-Long Beach-Anaheim, CA",6,California,37,Los Angeles,34.1365,-117.92391
05/09/2017,AQS,1,0.043,ppm,40,Azusa,17,100,44201,Ozone,87,31080,"Los Angeles-Long Beach-Anaheim, CA",6,California,37,Los Angeles,34.1365,-117.92391
05/10/2017,AQS,1,0.04,ppm,37,Azusa,17,100,44201,Ozone,87,31080,"Los Angeles-Long Beach-Anaheim, CA",6,California,37,Los Angeles,34.1365,-117.92391
05/11/2017,AQS,1,0.051,ppm,47,Azusa,17,100,44201,Ozone,87,31080,"Los Angeles-Long Beach-Anaheim, CA",6,California,37,Los Angeles,34.1365,-117.92391
05/12/2017,AQS,1,0.054,ppm,50,Azusa,17,100,44201,Ozone,87,31080,"Los Angeles-Long Beach-Anaheim, CA",6,California,37,Los Angeles,34.1365,-117.92391
05/13/2017,AQS,1,0.06,ppm,67,Azusa,17,100,44201,Ozone,87,31080,"Los Angeles-Long Beach-Anaheim, CA",6,California,37,Los Angeles,34.1365,-117.92391
05/14/2017,AQS,1,0.059,ppm,64,Azusa,17,100,44201,Ozone,87,31080,"Los Angeles-Long Beach-Anaheim, CA",6,California,37,Los Angeles,34.1365,-117.92391
05/15/2017,AQS,1,0.043,ppm,40,Azusa,17,100,44201,Ozone,87,31080,"Los Angeles-Long Beach-Anaheim, CA",6,California,37,Los Angeles,34.1365,-117.92391
05/16/2017,AQS,1,0.044,ppm,41,Azusa,17,100,44201,Ozone,87,31080,"Los Angeles-Long Beach-Anaheim, CA",6,California,37,Los Angeles,34.1365,-117.92391
05/17/2017,AQS,1,0.037,ppm,34,Azusa,17,100,44201,Ozone,87,31080,"Los Angeles-Long Beach-Anaheim, CA",6,California,37,Los Angeles,34.1365,-117.92391
05/18/2017,AQS,1,0.053,ppm,49,Azusa,17,100,44201,Ozone,87,31080,"Los Angeles-Long Beach-Anaheim, CA",6,California,37,Los Angeles,34.1365,-117.92391
05/19/2017,AQS,1,0.065,ppm,84,Azusa,17,100,44201,Ozone,87,31080,"Los Angeles-Long Beach-Anaheim, CA",6,California,37,Los Angeles,34.1365,-117.92391
05/20/2017,AQS,1,0.071,ppm,101,Azusa,17,100,44201,Ozone,87,31080,"Los Angeles-Long Beach-Anaheim, CA",6,California,37,Los Angeles,34.1365,-117.92391
05/21/2017,AQS,1,0.083,ppm,143,Azusa,17,100,44201,Ozone,87,31080,"Los Angeles-Long Beach-Anaheim, CA",6,California,37,Los Angeles,34.1365,-117.92391
05/22/2017,AQS,1,0.069,ppm,97,Azusa,17,100,44201,Ozone,87,31080,"Los Angeles-Long Beach-Anaheim, CA",6,California,37,Los Angeles,34.1365,-117.92391
05/23/2017,AQS,1,0.066,ppm,87,Azusa,17,100,44201,Ozone,87,31080,"Los Angeles-Long Beach-Anaheim, CA",6,California,37,Los Angeles,34.1365,-117.92391
05/24/2017,AQS,1,0.052,ppm,48,Azusa,17,100,44201,Ozone,87,31080,"Los Angeles-Long Beach-Anaheim, CA",6,California,37,Los Angeles,34.1365,-117.92391
05/25/2017,AQS,1,0.045,ppm,42,Azusa,17,100,44201,Ozone,87,31080,"Los Angeles-Long Beach-Anaheim, CA",6,California,37,Los Angeles,34.1365,-117.92391
05/26/2017,AQS,1,0.044,ppm,41,Azusa,17,100,44201,Ozone,87,31080,"Los Angeles-Long Beach-Anaheim, CA",6,California,37,Los Angeles,34.1365,-117.92391
05/27/2017,AQS,1,0.054,ppm,50,Azusa,17,100,44201,Ozone,87,31080,"Los Angeles-Long Beach-Anaheim, CA",6,California,37,Los Angeles,34.1365,-117.92391
05/28/2017,AQS,1,0.069,ppm,97,Azusa,17,100,44201,Ozone,87,31080,"Los Angeles-Long Beach-Anaheim, CA",6,California,37,Los Angeles,34.1365,-117.92391
05/29/2017,AQS,1,0.068,ppm,93,Azusa,17,100,44201,Ozone,87,31080,"Los Angeles-Long Beach-Anaheim, CA",6,California,37,Los Angeles,34.1365,-117.92391
05/30/2017,AQS,1,0.055,ppm,51,Azusa,17,100,44201,Ozone,87,31080,"Los Angeles-Long Beach-Anaheim, CA",6,California,37,Los Angeles,34.1365,-117.92391
06/01/2017,AQS,1,0.055,ppm,51,Azusa,17,100,44201,Ozone,87,31080,"Los Angeles-Long Beach-Anaheim, CA",6,California,37,Los Angeles,34.1365,-117.92391
06/02/2017,AQS,1,0.081,ppm,136,Azusa,15,88,44201,Ozone,87,31080,"Los Angeles-Long Beach-Anaheim, CA",6,California,37,Los Angeles,34.1365,-117.92391
06/03/2017,AQS,1,0.088,ppm,156,Azusa,17,100,44201,Ozone,87,31080,"Los Angeles-Long Beach-Anaheim, CA",6,California,37,Los Angeles,34.1365,-117.92391
06/04/2017,AQS,1,0.085,ppm,150,Azusa,17,100,44201,Ozone,87,31080,"Los Angeles-Long Beach-Anaheim, CA",6,California,37,Los Angeles,34.1365,-117.92391
06/05/2017,AQS,1,0.055,ppm,51,Azusa,17,100,44201,Ozone,87,31080,"Los Angeles-Long Beach-Anaheim, CA",6,California,37,Los Angeles,34.1365,-117.92391
06/06/2017,AQS,1,0.056,ppm,54,Azusa,17,100,44201,Ozone,87,31080,"Los Angeles-Long Beach-Anaheim, CA",6,California,37,Los Angeles,34.1365,-117.92391
06/07/2017,AQS,1,0.053,ppm,49,Azusa,17,100,44201,Ozone,87,31080,"Los Angeles-Long Beach-Anaheim, CA",6,California,37,Los Angeles,34.1365,-117.92391
06/08/2017,AQS,1,0.052,ppm,48,Azusa,17,100,44201,Ozone,87,31080,"Los Angeles-Long Beach-Anaheim, CA",6,California,37,Los Angeles,34.1365,-117.92391
06/09/2017,AQS,1,0.054,ppm,50,Azusa,17,100,44201,Ozone,87,31080,"Los Angeles-Long Beach-Anaheim, CA",6,California,37,Los Angeles,34.1365,-117.92391
06/10/2017,AQS,1,0.039,ppm,36,Azusa,17,100,44201,Ozone,87,31080,"Los Angeles-Long Beach-Anaheim, CA",6,California,37,Los Angeles,34.1365,-117.92391
06/11/2017,AQS,1,0.044,ppm,41,Azusa,17,100,44201,Ozone,87,31080,"Los Angeles-Long Beach-Anaheim, CA",6,California,37,Los Angeles,34.1365,-117.92391
06/12/2017,AQS,1,0.048,ppm,44,Azusa,17,100,44201,Ozone,87,31080,"Los Angeles-Long Beach-Anaheim, CA",6,California,37,Los Angeles,34.1365,-117.92391
06/13/2017,AQS,1,0.06,ppm,67,Azusa,17,100,44201,Ozone,87,31080,"Los Angeles-Long Beach-Anaheim, CA",6,California,37,Los Angeles,34.1365,-117.92391
06/14/2017,AQS,1,0.079,ppm,129,Azusa,17,100,44201,Ozone,87,31080,"Los Angeles-Long Beach-Anaheim, CA",6,California,37,Los Angeles,34.1365,-117.92391
06/15/2017,AQS,1,0.079,ppm,129,Azusa,17,100,44201,Ozone,87,31080,"Los Angeles-Long Beach-Anaheim, CA",6,California,37,Los Angeles,34.1365,-117.92391
06/16/2017,AQS,1,0.086,ppm,151,Azusa,17,100,44201,Ozone,87,31080,"Los Angeles-Long Beach-Anaheim, CA",6,California,37,Los Angeles,34.1365,-117.92391
06/17/2017,AQS,1,0.093,ppm,169,Azusa,17,100,44201,Ozone,87,31080,"Los Angeles-Long Beach-Anaheim, CA",6,California,37,Los Angeles,34.1365,-117.92391
06/18/2017,AQS,1,0.083,ppm,143,Azusa,17,100,44201,Ozone,87,31080,"Los Angeles-Long Beach-Anaheim, CA",6,California,37,Los Angeles,34.1365,-117.92391
06/19/2017,AQS,1,0.072,ppm,105,Azusa,17,100,44201,Ozone,87,31080,"Los Angeles-Long Beach-Anaheim, CA",6,California,37,Los Angeles,34.1365,-117.92391
06/20/2017,AQS,1,0.087,ppm,154,Azusa,17,100,44201,Ozone,87,31080,"Los Angeles-Long Beach-Anaheim, CA",6,California,37,Los Angeles,34.1365,-117.92391
06/21/2017,AQS,1,0.08,ppm,133,Azusa,17,100,44201,Ozone,87,31080,"Los Angeles-Long Beach-Anaheim, CA",6,California,37,Los Angeles,34.1365,-117.92391
06/22/2017,AQS,1,0.056,ppm,54,Azusa,17,100,44201,Ozone,87,31080,"Los Angeles-Long Beach-Anaheim, CA",6,California,37,Los Angeles,34.1365,-117.92391
06/23/2017,AQS,1,0.065,ppm,84,Azusa,17,100,44201,Ozone,87,31080,"Los Angeles-Long Beach-Anaheim, CA",6,California,37,Los Angeles,34.1365,-117.92391
06/24/2017,AQS,1,0.075,ppm,115,Azusa,17,100,44201,Ozone,87,31080,"Los Angeles-Long Beach-Anaheim, CA",6,California,37,Los Angeles,34.1365,-117.92391
06/25/2017,AQS,1,0.096,ppm,177,Azusa,17,100,44201,Ozone,87,31080,"Los Angeles-Long Beach-Anaheim, CA",6,California,37,Los Angeles,34.1365,-117.92391
06/26/2017,AQS,1,0.073,ppm,108,Azusa,17,100,44201,Ozone,87,31080,"Los Angeles-Long Beach-Anaheim, CA",6,California,37,Los Angeles,34.1365,-117.92391
06/27/2017,AQS,1,0.067,ppm,90,Azusa,17,100,44201,Ozone,87,31080,"Los Angeles-Long Beach-Anaheim, CA",6,California,37,Los Angeles,34.1365,-117.92391
06/28/2017,AQS,1,0.059,ppm,64,Azusa,17,100,44201,Ozone,87,31080,"Los Angeles-Long Beach-Anaheim, CA",6,California,37,Los Angeles,34.1365,-117.92391
06/29/2017,AQS,1,0.076,ppm,119,Azusa,17,100,44201,Ozone,87,31080,"Los Angeles-Long Beach-Anaheim, CA",6,California,37,Los Angeles,34.1365,-117.92391
06/30/2017,AQS,1,0.07,ppm,100,Azusa,17,100,44201,Ozone,87,31080,"Los Angeles-Long Beach-Anaheim, CA",6,California,37,Los Angeles,34.1365,-117.92391
07/01/2017,AQS,1,0.074,ppm,112,Azusa,17,100,44201,Ozone,87,31080,"Los Angeles-Long Beach-Anaheim, CA",6,California,37,Los Angeles,34.1365,-117.92391
07/02/2017,AQS,1,0.07,ppm,100,Azusa,17,100,44201,Ozone,87,31080,"Los Angeles-Long Beach-Anaheim, CA",6,California,37,Los Angeles,34.1365,-117.92391
07/03/2017,AQS,1,0.086,ppm,151,Azusa,17,100,44201,Ozone,87,31080,"Los Angeles-Long Beach-Anaheim, CA",6,California,37,Los Angeles,34.1365,-117.92391
07/04/2017,AQS,1,0.092,ppm,166,Azusa,17,100,44201,Ozone,87,31080,"Los Angeles-Long Beach-Anaheim, CA",6,California,37,Los Angeles,34.1365,-117.92391
07/05/2017,AQS,1,0.079,ppm,129,Azusa,17,100,44201,Ozone,87,31080,"Los Angeles-Long Beach-Anaheim, CA",6,California,37,Los Angeles,34.1365,-117.92391
07/06/2017,AQS,1,0.094,ppm,172,Azusa,17,100,44201,Ozone,87,31080,"Los Angeles-Long Beach-Anaheim, CA",6,California,37,Los Angeles,34.1365,-117.92391
07/07/2017,AQS,1,0.114,ppm,209,Azusa,17,100,44201,Ozone,87,31080,"Los Angeles-Long Beach-Anaheim, CA",6,California,37,Los Angeles,34.1365,-117.92391
07/08/2017,AQS,1,0.107,ppm,202,Azusa,17,100,44201,Ozone,87,31080,"Los Angeles-Long Beach-Anaheim, CA",6,California,37,Los Angeles,34.1365,-117.92391
07/09/2017,AQS,1,0.07,ppm,100,Azusa,17,100,44201,Ozone,87,31080,"Los Angeles-Long Beach-Anaheim, CA",6,California,37,Los Angeles,34.1365,-117.92391
07/10/2017,AQS,1,0.062,ppm,74,Azusa,17,100,44201,Ozone,87,31080,"Los Angeles-Long Beach-Anaheim, CA",6,California,37,Los Angeles,34.1365,-117.92391
07/11/2017,AQS,1,0.053,ppm,49,Azusa,17,100,44201,Ozone,87,31080,"Los Angeles-Long Beach-Anaheim, CA",6,California,37,Los Angeles,34.1365,-117.92391
07/12/2017,AQS,1,0.048,ppm,44,Azusa,17,100,44201,Ozone,87,31080,"Los Angeles-Long Beach-Anaheim, CA",6,California,37,Los Angeles,34.1365,-117.92391
07/13/2017,AQS,1,0.055,ppm,51,Azusa,17,100,44201,Ozone,87,31080,"Los Angeles-Long Beach-Anaheim, CA",6,California,37,Los Angeles,34.1365,-117.92391
07/14/2017,AQS,1,0.066,ppm,87,Azusa,17,100,44201,Ozone,87,31080,"Los Angeles-Long Beach-Anaheim, CA",6,California,37,Los Angeles,34.1365,-117.92391
07/15/2017,AQS,1,0.075,ppm,115,Azusa,17,100,44201,Ozone,87,31080,"Los Angeles-Long Beach-Anaheim, CA",6,California,37,Los Angeles,34.1365,-117.92391
07/16/2017,AQS,1,0.067,ppm,90,Azusa,17,100,44201,Ozone,87,31080,"Los Angeles-Long Beach-Anaheim, CA",6,California,37,Los Angeles,34.1365,-117.92391
07/17/2017,AQS,1,0.056,ppm,54,Azusa,17,100,44201,Ozone,87,31080,"Los Angeles-Long Beach-Anaheim, CA",6,California,37,Los Angeles,34.1365,-117.92391
07/18/2017,AQS,1,0.068,ppm,93,Azusa,17,100,44201,Ozone,87,31080,"Los Angeles-Long Beach-Anaheim, CA",6,California,37,Los Angeles,34.1365,-117.92391
07/19/2017,AQS,1,0.069,ppm,97,Azusa,17,100,44201,Ozone,87,31080,"Los Angeles-Long Beach-Anaheim, CA",6,California,37,Los Angeles,34.1365,-117.92391
07/20/2017,AQS,1,0.07,ppm,100,Azusa,17,100,44201,Ozone,87,31080,"Los Angeles-Long Beach-Anaheim, CA",6,California,37,Los Angeles,34.1365,-117.92391
07/21/2017,AQS,1,0.073,ppm,108,Azusa,17,100,44201,Ozone,87,31080,"Los Angeles-Long Beach-Anaheim, CA",6,California,37,Los Angeles,34.1365,-117.92391
07/22/2017,AQS,1,0.093,ppm,169,Azusa,17,100,44201,Ozone,87,31080,"Los Angeles-Long Beach-Anaheim, CA",6,California,37,Los Angeles,34.1365,-117.92391
07/23/2017,AQS,1,0.084,ppm,147,Azusa,17,100,44201,Ozone,87,31080,"Los Angeles-Long Beach-Anaheim, CA",6,California,37,Los Angeles,34.1365,-117.92391
07/24/2017,AQS,1,0.032,ppm,30,Azusa,17,100,44201,Ozone,87,31080,"Los Angeles-Long Beach-Anaheim, CA",6,California,37,Los Angeles,34.1365,-117.92391
07/25/2017,AQS,1,0.055,ppm,51,Azusa,17,100,44201,Ozone,87,31080,"Los Angeles-Long Beach-Anaheim, CA",6,California,37,Los Angeles,34.1365,-117.92391
07/26/2017,AQS,1,0.058,ppm,61,Azusa,17,100,44201,Ozone,87,31080,"Los Angeles-Long Beach-Anaheim, CA",6,California,37,Los Angeles,34.1365,-117.92391
07/27/2017,AQS,1,0.058,ppm,61,Azusa,17,100,44201,Ozone,87,31080,"Los Angeles-Long Beach-Anaheim, CA",6,California,37,Los Angeles,34.1365,-117.92391
07/28/2017,AQS,1,0.062,ppm,74,Azusa,17,100,44201,Ozone,87,31080,"Los Angeles-Long Beach-Anaheim, CA",6,California,37,Los Angeles,34.1365,-117.92391
07/29/2017,AQS,1,0.08,ppm,133,Azusa,17,100,44201,Ozone,87,31080,"Los Angeles-Long Beach-Anaheim, CA",6,California,37,Los Angeles,34.1365,-117.92391
07/30/2017,AQS,1,0.074,ppm,112,Azusa,17,100,44201,Ozone,87,31080,"Los Angeles-Long Beach-Anaheim, CA",6,California,37,Los Angeles,34.1365,-117.92391
07/31/2017,AQS,1,0.071,ppm,101,Azusa,17,100,44201,Ozone,87,31080,"Los Angeles-Long Beach-Anaheim, CA",6,California,37,Los Angeles,34.1365,-117.92391
08/01/2017,AQS,1,0.078,ppm,126,Azusa,17,100,44201,Ozone,87,31080,"Los Angeles-Long Beach-Anaheim, CA",6,California,37,Los Angeles,34.1365,-117.92391
08/02/2017,AQS,1,0.065,ppm,84,Azusa,17,100,44201,Ozone,87,31080,"Los Angeles-Long Beach-Anaheim, CA",6,California,37,Los Angeles,34.1365,-117.92391
08/03/2017,AQS,1,0.08,ppm,133,Azusa,17,100,44201,Ozone,87,31080,"Los Angeles-Long Beach-Anaheim, CA",6,California,37,Los Angeles,34.1365,-117.92391
08/04/2017,AQS,1,0.066,ppm,87,Azusa,17,100,44201,Ozone,87,31080,"Los Angeles-Long Beach-Anaheim, CA",6,California,37,Los Angeles,34.1365,-117.92391
08/05/2017,AQS,1,0.064,ppm,80,Azusa,17,100,44201,Ozone,87,31080,"Los Angeles-Long Beach-Anaheim, CA",6,California,37,Los Angeles,34.1365,-117.92391
08/06/2017,AQS,1,0.067,ppm,90,Azusa,17,100,44201,Ozone,87,31080,"Los Angeles-Long Beach-Anaheim, CA",6,California,37,Los Angeles,34.1365,-117.92391
08/07/2017,AQS,1,0.072,ppm,105,Azusa,17,100,44201,Ozone,87,31080,"Los Angeles-Long Beach-Anaheim, CA",6,California,37,Los Angeles,34.1365,-117.92391
08/08/2017,AQS,1,0.075,ppm,115,Azusa,17,100,44201,Ozone,87,31080,"Los Angeles-Long Beach-Anaheim, CA",6,California,37,Los Angeles,34.1365,-117.92391
08/09/2017,AQS,1,0.075,ppm,115,Azusa,17,100,44201,Ozone,87,31080,"Los Angeles-Long Beach-Anaheim, CA",6,California,37,Los Angeles,34.1365,-117.92391
08/10/2017,AQS,1,0.077,ppm,122,Azusa,17,100,44201,Ozone,87,31080,"Los Angeles-Long Beach-Anaheim, CA",6,California,37,Los Angeles,34.1365,-117.92391
08/11/2017,AQS,1,0.073,ppm,108,Azusa,17,100,44201,Ozone,87,31080,"Los Angeles-Long Beach-Anaheim, CA",6,California,37,Los Angeles,34.1365,-117.92391
08/12/2017,AQS,1,0.085,ppm,150,Azusa,17,100,44201,Ozone,87,31080,"Los Angeles-Long Beach-Anaheim, CA",6,California,37,Los Angeles,34.1365,-117.92391
08/13/2017,AQS,1,0.085,ppm,150,Azusa,17,100,44201,Ozone,87,31080,"Los Angeles-Long Beach-Anaheim, CA",6,California,37,Los Angeles,34.1365,-117.92391
08/14/2017,AQS,1,0.067,ppm,90,Azusa,17,100,44201,Ozone,87,31080,"Los Angeles-Long Beach-Anaheim, CA",6,California,37,Los Angeles,34.1365,-117.92391
08/15/2017,AQS,1,0.042,ppm,39,Azusa,17,100,44201,Ozone,87,31080,"Los Angeles-Long Beach-Anaheim, CA",6,California,37,Los Angeles,34.1365,-117.92391
08/16/2017,AQS,1,0.052,ppm,48,Azusa,17,100,44201,Ozone,87,31080,"Los Angeles-Long Beach-Anaheim, CA",6,California,37,Los Angeles,34.1365,-117.92391
08/17/2017,AQS,1,0.062,ppm,74,Azusa,17,100,44201,Ozone,87,31080,"Los Angeles-Long Beach-Anaheim, CA",6,California,37,Los Angeles,34.1365,-117.92391
08/18/2017,AQS,1,0.06,ppm,67,Azusa,17,100,44201,Ozone,87,31080,"Los Angeles-Long Beach-Anaheim, CA",6,California,37,Los Angeles,34.1365,-117.92391
08/19/2017,AQS,1,0.068,ppm,93,Azusa,17,100,44201,Ozone,87,31080,"Los Angeles-Long Beach-Anaheim, CA",6,California,37,Los Angeles,34.1365,-117.92391
08/20/2017,AQS,1,0.064,ppm,80,Azusa,17,100,44201,Ozone,87,31080,"Los Angeles-Long Beach-Anaheim, CA",6,California,37,Los Angeles,34.1365,-117.92391
08/21/2017,AQS,1,0.057,ppm,58,Azusa,17,100,44201,Ozone,87,31080,"Los Angeles-Long Beach-Anaheim, CA",6,California,37,Los Angeles,34.1365,-117.92391
08/22/2017,AQS,1,0.061,ppm,71,Azusa,17,100,44201,Ozone,87,31080,"Los Angeles-Long Beach-Anaheim, CA",6,California,37,Los Angeles,34.1365,-117.92391
08/23/2017,AQS,1,0.061,ppm,71,Azusa,17,100,44201,Ozone,87,31080,"Los Angeles-Long Beach-Anaheim, CA",6,California,37,Los Angeles,34.1365,-117.92391
08/24/2017,AQS,1,0.064,ppm,80,Azusa,17,100,44201,Ozone,87,31080,"Los Angeles-Long Beach-Anaheim, CA",6,California,37,Los Angeles,34.1365,-117.92391
08/25/2017,AQS,1,0.07,ppm,100,Azusa,17,100,44201,Ozone,87,31080,"Los Angeles-Long Beach-Anaheim, CA",6,California,37,Los Angeles,34.1365,-117.92391
08/26/2017,AQS,1,0.096,ppm,177,Azusa,17,100,44201,Ozone,87,31080,"Los Angeles-Long Beach-Anaheim, CA",6,California,37,Los Angeles,34.1365,-117.92391
08/27/2017,AQS,1,0.084,ppm,147,Azusa,17,100,44201,Ozone,87,31080,"Los Angeles-Long Beach-Anaheim, CA",6,California,37,Los Angeles,34.1365,-117.92391
08/28/2017,AQS,1,0.092,ppm,166,Azusa,17,100,44201,Ozone,87,31080,"Los Angeles-Long Beach-Anaheim, CA",6,California,37,Los Angeles,34.1365,-117.92391
08/29/2017,AQS,1,0.108,ppm,203,Azusa,17,100,44201,Ozone,87,31080,"Los Angeles-Long Beach-Anaheim, CA",6,California,37,Los Angeles,34.1365,-117.92391
08/30/2017,AQS,1,0.099,ppm,185,Azusa,17,100,44201,Ozone,87,31080,"Los Angeles-Long Beach-Anaheim, CA",6,California,37,Los Angeles,34.1365,-117.92391
08/31/2017,AQS,1,0.082,ppm,140,Azusa,17,100,44201,Ozone,87,31080,"Los Angeles-Long Beach-Anaheim, CA",6,California,37,Los Angeles,34.1365,-117.92391
09/01/2017,AQS,1,0.109,ppm,204,Azusa,17,100,44201,Ozone,87,31080,"Los Angeles-Long Beach-Anaheim, CA",6,California,37,Los Angeles,34.1365,-117.92391
09/02/2017,AQS,1,0.086,ppm,151,Azusa,17,100,44201,Ozone,87,31080,"Los Angeles-Long Beach-Anaheim, CA",6,California,37,Los Angeles,34.1365,-117.92391
09/03/2017,AQS,1,0.05,ppm,46,Azusa,17,100,44201,Ozone,87,31080,"Los Angeles-Long Beach-Anaheim, CA",6,California,37,Los Angeles,34.1365,-117.92391
09/04/2017,AQS,1,0.05,ppm,46,Azusa,17,100,44201,Ozone,87,31080,"Los Angeles-Long Beach-Anaheim, CA",6,California,37,Los Angeles,34.1365,-117.92391
09/05/2017,AQS,1,0.055,ppm,51,Azusa,17,100,44201,Ozone,87,31080,"Los Angeles-Long Beach-Anaheim, CA",6,California,37,Los Angeles,34.1365,-117.92391
09/06/2017,AQS,1,0.052,ppm,48,Azusa,17,100,44201,Ozone,87,31080,"Los Angeles-Long Beach-Anaheim, CA",6,California,37,Los Angeles,34.1365,-117.92391
09/07/2017,AQS,1,0.062,ppm,74,Azusa,17,100,44201,Ozone,87,31080,"Los Angeles-Long Beach-Anaheim, CA",6,California,37,Los Angeles,34.1365,-117.92391
09/08/2017,AQS,1,0.058,ppm,61,Azusa,17,100,44201,Ozone,87,31080,"Los Angeles-Long Beach-Anaheim, CA",6,California,37,Los Angeles,34.1365,-117.92391
09/09/2017,AQS,1,0.07,ppm,100,Azusa,17,100,44201,Ozone,87,31080,"Los Angeles-Long Beach-Anaheim, CA",6,California,37,Los Angeles,34.1365,-117.92391
09/10/2017,AQS,1,0.081,ppm,136,Azusa,17,100,44201,Ozone,87,31080,"Los Angeles-Long Beach-Anaheim, CA",6,California,37,Los Angeles,34.1365,-117.92391
09/11/2017,AQS,1,0.065,ppm,84,Azusa,17,100,44201,Ozone,87,31080,"Los Angeles-Long Beach-Anaheim, CA",6,California,37,Los Angeles,34.1365,-117.92391
09/12/2017,AQS,1,0.059,ppm,64,Azusa,17,100,44201,Ozone,87,31080,"Los Angeles-Long Beach-Anaheim, CA",6,California,37,Los Angeles,34.1365,-117.92391
09/13/2017,AQS,1,0.051,ppm,47,Azusa,17,100,44201,Ozone,87,31080,"Los Angeles-Long Beach-Anaheim, CA",6,California,37,Los Angeles,34.1365,-117.92391
09/14/2017,AQS,1,0.04,ppm,37,Azusa,17,100,44201,Ozone,87,31080,"Los Angeles-Long Beach-Anaheim, CA",6,California,37,Los Angeles,34.1365,-117.92391
09/15/2017,AQS,1,0.038,ppm,35,Azusa,17,100,44201,Ozone,87,31080,"Los Angeles-Long Beach-Anaheim, CA",6,California,37,Los Angeles,34.1365,-117.92391
09/16/2017,AQS,1,0.056,ppm,54,Azusa,17,100,44201,Ozone,87,31080,"Los Angeles-Long Beach-Anaheim, CA",6,California,37,Los Angeles,34.1365,-117.92391
09/17/2017,AQS,1,0.056,ppm,54,Azusa,17,100,44201,Ozone,87,31080,"Los Angeles-Long Beach-Anaheim, CA",6,California,37,Los Angeles,34.1365,-117.92391
09/18/2017,AQS,1,0.055,ppm,51,Azusa,17,100,44201,Ozone,87,31080,"Los Angeles-Long Beach-Anaheim, CA",6,California,37,Los Angeles,34.1365,-117.92391
09/19/2017,AQS,1,0.053,ppm,49,Azusa,17,100,44201,Ozone,87,31080,"Los Angeles-Long Beach-Anaheim, CA",6,California,37,Los Angeles,34.1365,-117.92391
09/20/2017,AQS,1,0.049,ppm,45,Azusa,17,100,44201,Ozone,87,31080,"Los Angeles-Long Beach-Anaheim, CA",6,California,37,Los Angeles,34.1365,-117.92391
09/21/2017,AQS,1,0.035,ppm,32,Azusa,17,100,44201,Ozone,87,31080,"Los Angeles-Long Beach-Anaheim, CA",6,California,37,Los Angeles,34.1365,-117.92391
09/22/2017,AQS,1,0.047,ppm,44,Azusa,17,100,44201,Ozone,87,31080,"Los Angeles-Long Beach-Anaheim, CA",6,California,37,Los Angeles,34.1365,-117.92391
09/23/2017,AQS,1,0.057,ppm,58,Azusa,17,100,44201,Ozone,87,31080,"Los Angeles-Long Beach-Anaheim, CA",6,California,37,Los Angeles,34.1365,-117.92391
09/24/2017,AQS,1,0.064,ppm,80,Azusa,17,100,44201,Ozone,87,31080,"Los Angeles-Long Beach-Anaheim, CA",6,California,37,Los Angeles,34.1365,-117.92391
09/25/2017,AQS,1,0.055,ppm,51,Azusa,17,100,44201,Ozone,87,31080,"Los Angeles-Long Beach-Anaheim, CA",6,California,37,Los Angeles,34.1365,-117.92391
09/26/2017,AQS,1,0.066,ppm,87,Azusa,17,100,44201,Ozone,87,31080,"Los Angeles-Long Beach-Anaheim, CA",6,California,37,Los Angeles,34.1365,-117.92391
09/27/2017,AQS,1,0.061,ppm,71,Azusa,17,100,44201,Ozone,87,31080,"Los Angeles-Long Beach-Anaheim, CA",6,California,37,Los Angeles,34.1365,-117.92391
09/28/2017,AQS,1,0.064,ppm,80,Azusa,17,100,44201,Ozone,87,31080,"Los Angeles-Long Beach-Anaheim, CA",6,California,37,Los Angeles,34.1365,-117.92391
09/29/2017,AQS,1,0.069,ppm,97,Azusa,17,100,44201,Ozone,87,31080,"Los Angeles-Long Beach-Anaheim, CA",6,California,37,Los Angeles,34.1365,-117.92391
09/30/2017,AQS,1,0.065,ppm,84,Azusa,17,100,44201,Ozone,87,31080,"Los Angeles-Long Beach-Anaheim, CA",6,California,37,Los Angeles,34.1365,-117.92391
10/01/2017,AQS,1,0.059,ppm,64,Azusa,17,100,44201,Ozone,87,31080,"Los Angeles-Long Beach-Anaheim, CA",6,California,37,Los Angeles,34.1365,-117.92391
10/02/2017,AQS,1,0.057,ppm,58,Azusa,17,100,44201,Ozone,87,31080,"Los Angeles-Long Beach-Anaheim, CA",6,California,37,Los Angeles,34.1365,-117.92391
10/03/2017,AQS,1,0.049,ppm,45,Azusa,17,100,44201,Ozone,87,31080,"Los Angeles-Long Beach-Anaheim, CA",6,California,37,Los Angeles,34.1365,-117.92391
10/04/2017,AQS,1,0.061,ppm,71,Azusa,17,100,44201,Ozone,87,31080,"Los Angeles-Long Beach-Anaheim, CA",6,California,37,Los Angeles,34.1365,-117.92391
10/05/2017,AQS,1,0.068,ppm,93,Azusa,17,100,44201,Ozone,87,31080,"Los Angeles-Long Beach-Anaheim, CA",6,California,37,Los Angeles,34.1365,-117.92391
10/06/2017,AQS,1,0.079,ppm,129,Azusa,17,100,44201,Ozone,87,31080,"Los Angeles-Long Beach-Anaheim, CA",6,California,37,Los Angeles,34.1365,-117.92391
10/07/2017,AQS,1,0.077,ppm,122,Azusa,17,100,44201,Ozone,87,31080,"Los Angeles-Long Beach-Anaheim, CA",6,California,37,Los Angeles,34.1365,-117.92391
10/08/2017,AQS,1,0.07,ppm,100,Azusa,17,100,44201,Ozone,87,31080,"Los Angeles-Long Beach-Anaheim, CA",6,California,37,Los Angeles,34.1365,-117.92391
10/09/2017,AQS,1,0.053,ppm,49,Azusa,17,100,44201,Ozone,87,31080,"Los Angeles-Long Beach-Anaheim, CA",6,California,37,Los Angeles,34.1365,-117.92391
10/10/2017,AQS,1,0.051,ppm,47,Azusa,17,100,44201,Ozone,87,31080,"Los Angeles-Long Beach-Anaheim, CA",6,California,37,Los Angeles,34.1365,-117.92391
10/11/2017,AQS,1,0.046,ppm,43,Azusa,17,100,44201,Ozone,87,31080,"Los Angeles-Long Beach-Anaheim, CA",6,California,37,Los Angeles,34.1365,-117.92391
10/12/2017,AQS,1,0.055,ppm,51,Azusa,17,100,44201,Ozone,87,31080,"Los Angeles-Long Beach-Anaheim, CA",6,California,37,Los Angeles,34.1365,-117.92391
10/13/2017,AQS,1,0.055,ppm,51,Azusa,17,100,44201,Ozone,87,31080,"Los Angeles-Long Beach-Anaheim, CA",6,California,37,Los Angeles,34.1365,-117.92391
10/14/2017,AQS,1,0.081,ppm,136,Azusa,17,100,44201,Ozone,87,31080,"Los Angeles-Long Beach-Anaheim, CA",6,California,37,Los Angeles,34.1365,-117.92391
10/15/2017,AQS,1,0.066,ppm,87,Azusa,17,100,44201,Ozone,87,31080,"Los Angeles-Long Beach-Anaheim, CA",6,California,37,Los Angeles,34.1365,-117.92391
10/16/2017,AQS,1,0.059,ppm,64,Azusa,17,100,44201,Ozone,87,31080,"Los Angeles-Long Beach-Anaheim, CA",6,California,37,Los Angeles,34.1365,-117.92391
10/17/2017,AQS,1,0.058,ppm,61,Azusa,17,100,44201,Ozone,87,31080,"Los Angeles-Long Beach-Anaheim, CA",6,California,37,Los Angeles,34.1365,-117.92391
10/18/2017,AQS,1,0.076,ppm,119,Azusa,17,100,44201,Ozone,87,31080,"Los Angeles-Long Beach-Anaheim, CA",6,California,37,Los Angeles,34.1365,-117.92391
10/19/2017,AQS,1,0.055,ppm,51,Azusa,17,100,44201,Ozone,87,31080,"Los Angeles-Long Beach-Anaheim, CA",6,California,37,Los Angeles,34.1365,-117.92391
10/20/2017,AQS,1,0.036,ppm,33,Azusa,17,100,44201,Ozone,87,31080,"Los Angeles-Long Beach-Anaheim, CA",6,California,37,Los Angeles,34.1365,-117.92391
10/21/2017,AQS,1,0.056,ppm,54,Azusa,17,100,44201,Ozone,87,31080,"Los Angeles-Long Beach-Anaheim, CA",6,California,37,Los Angeles,34.1365,-117.92391
10/22/2017,AQS,1,0.052,ppm,48,Azusa,17,100,44201,Ozone,87,31080,"Los Angeles-Long Beach-Anaheim, CA",6,California,37,Los Angeles,34.1365,-117.92391
10/23/2017,AQS,1,0.056,ppm,54,Azusa,17,100,44201,Ozone,87,31080,"Los Angeles-Long Beach-Anaheim, CA",6,California,37,Los Angeles,34.1365,-117.92391
10/24/2017,AQS,1,0.052,ppm,48,Azusa,17,100,44201,Ozone,87,31080,"Los Angeles-Long Beach-Anaheim, CA",6,California,37,Los Angeles,34.1365,-117.92391
10/25/2017,AQS,1,0.049,ppm,45,Azusa,17,100,44201,Ozone,87,31080,"Los Angeles-Long Beach-Anaheim, CA",6,California,37,Los Angeles,34.1365,-117.92391
10/26/2017,AQS,1,0.053,ppm,49,Azusa,17,100,44201,Ozone,87,31080,"Los Angeles-Long Beach-Anaheim, CA",6,California,37,Los Angeles,34.1365,-117.92391
10/27/2017,AQS,1,0.056,ppm,54,Azusa,17,100,44201,Ozone,87,31080,"Los Angeles-Long Beach-Anaheim, CA",6,California,37,Los Angeles,34.1365,-117.92391
10/28/2017,AQS,1,0.061,ppm,71,Azusa,17,100,44201,Ozone,87,31080,"Los Angeles-Long Beach-Anaheim, CA",6,California,37,Los Angeles,34.1365,-117.92391
10/29/2017,AQS,1,0.063,ppm,77,Azusa,17,100,44201,Ozone,87,31080,"Los Angeles-Long Beach-Anaheim, CA",6,California,37,Los Angeles,34.1365,-117.92391
10/30/2017,AQS,1,0.038,ppm,35,Azusa,17,100,44201,Ozone,87,31080,"Los Angeles-Long Beach-Anaheim, CA",6,California,37,Los Angeles,34.1365,-117.92391
10/31/2017,AQS,1,0.035,ppm,32,Azusa,17,100,44201,Ozone,87,31080,"Los Angeles-Long Beach-Anaheim, CA",6,California,37,Los Angeles,34.1365,-117.92391
11/01/2017,AQS,1,0.04,ppm,37,Azusa,17,100,44201,Ozone,87,31080,"Los Angeles-Long Beach-Anaheim, CA",6,California,37,Los Angeles,34.1365,-117.92391
11/03/2017,AQS,1,0.04,ppm,37,Azusa,17,100,44201,Ozone,87,31080,"Los Angeles-Long Beach-Anaheim, CA",6,California,37,Los Angeles,34.1365,-117.92391
11/04/2017,AQS,1,0.039,ppm,36,Azusa,17,100,44201,Ozone,87,31080,"Los Angeles-Long Beach-Anaheim, CA",6,California,37,Los Angeles,34.1365,-117.92391
11/05/2017,AQS,1,0.039,ppm,36,Azusa,17,100,44201,Ozone,87,31080,"Los Angeles-Long Beach-Anaheim, CA",6,California,37,Los Angeles,34.1365,-117.92391
11/06/2017,AQS,1,0.034,ppm,31,Azusa,17,100,44201,Ozone,87,31080,"Los Angeles-Long Beach-Anaheim, CA",6,California,37,Los Angeles,34.1365,-117.92391
11/07/2017,AQS,1,0.027,ppm,25,Azusa,17,100,44201,Ozone,87,31080,"Los Angeles-Long Beach-Anaheim, CA",6,California,37,Los Angeles,34.1365,-117.92391
11/08/2017,AQS,1,0.025,ppm,23,Azusa,17,100,44201,Ozone,87,31080,"Los Angeles-Long Beach-Anaheim, CA",6,California,37,Los Angeles,34.1365,-117.92391
11/09/2017,AQS,1,0.024,ppm,22,Azusa,17,100,44201,Ozone,87,31080,"Los Angeles-Long Beach-Anaheim, CA",6,California,37,Los Angeles,34.1365,-117.92391
11/10/2017,AQS,1,0.032,ppm,30,Azusa,17,100,44201,Ozone,87,31080,"Los Angeles-Long Beach-Anaheim, CA",6,California,37,Los Angeles,34.1365,-117.92391
11/11/2017,AQS,1,0.047,ppm,44,Azusa,17,100,44201,Ozone,87,31080,"Los Angeles-Long Beach-Anaheim, CA",6,California,37,Los Angeles,34.1365,-117.92391
11/12/2017,AQS,1,0.043,ppm,40,Azusa,17,100,44201,Ozone,87,31080,"Los Angeles-Long Beach-Anaheim, CA",6,California,37,Los Angeles,34.1365,-117.92391
11/13/2017,AQS,1,0.035,ppm,32,Azusa,17,100,44201,Ozone,87,31080,"Los Angeles-Long Beach-Anaheim, CA",6,California,37,Los Angeles,34.1365,-117.92391
11/14/2017,AQS,1,0.044,ppm,41,Azusa,17,100,44201,Ozone,87,31080,"Los Angeles-Long Beach-Anaheim, CA",6,California,37,Los Angeles,34.1365,-117.92391
11/15/2017,AQS,1,0.034,ppm,31,Azusa,17,100,44201,Ozone,87,31080,"Los Angeles-Long Beach-Anaheim, CA",6,California,37,Los Angeles,34.1365,-117.92391
11/16/2017,AQS,1,0.006,ppm,6,Azusa,17,100,44201,Ozone,87,31080,"Los Angeles-Long Beach-Anaheim, CA",6,California,37,Los Angeles,34.1365,-117.92391
11/17/2017,AQS,1,0.024,ppm,22,Azusa,17,100,44201,Ozone,87,31080,"Los Angeles-Long Beach-Anaheim, CA",6,California,37,Los Angeles,34.1365,-117.92391
11/18/2017,AQS,1,0.039,ppm,36,Azusa,17,100,44201,Ozone,87,31080,"Los Angeles-Long Beach-Anaheim, CA",6,California,37,Los Angeles,34.1365,-117.92391
11/19/2017,AQS,1,0.048,ppm,44,Azusa,17,100,44201,Ozone,87,31080,"Los Angeles-Long Beach-Anaheim, CA",6,California,37,Los Angeles,34.1365,-117.92391
11/20/2017,AQS,1,0.036,ppm,33,Azusa,17,100,44201,Ozone,87,31080,"Los Angeles-Long Beach-Anaheim, CA",6,California,37,Los Angeles,34.1365,-117.92391
11/21/2017,AQS,1,0.039,ppm,36,Azusa,17,100,44201,Ozone,87,31080,"Los Angeles-Long Beach-Anaheim, CA",6,California,37,Los Angeles,34.1365,-117.92391
11/22/2017,AQS,1,0.042,ppm,39,Azusa,17,100,44201,Ozone,87,31080,"Los Angeles-Long Beach-Anaheim, CA",6,California,37,Los Angeles,34.1365,-117.92391
11/23/2017,AQS,1,0.047,ppm,44,Azusa,17,100,44201,Ozone,87,31080,"Los Angeles-Long Beach-Anaheim, CA",6,California,37,Los Angeles,34.1365,-117.92391
11/24/2017,AQS,1,0.054,ppm,50,Azusa,17,100,44201,Ozone,87,31080,"Los Angeles-Long Beach-Anaheim, CA",6,California,37,Los Angeles,34.1365,-117.92391
11/25/2017,AQS,1,0.061,ppm,71,Azusa,17,100,44201,Ozone,87,31080,"Los Angeles-Long Beach-Anaheim, CA",6,California,37,Los Angeles,34.1365,-117.92391
11/26/2017,AQS,1,0.044,ppm,41,Azusa,17,100,44201,Ozone,87,31080,"Los Angeles-Long Beach-Anaheim, CA",6,California,37,Los Angeles,34.1365,-117.92391
11/27/2017,AQS,1,0.034,ppm,31,Azusa,17,100,44201,Ozone,87,31080,"Los Angeles-Long Beach-Anaheim, CA",6,California,37,Los Angeles,34.1365,-117.92391
11/28/2017,AQS,1,0.04,ppm,37,Azusa,17,100,44201,Ozone,87,31080,"Los Angeles-Long Beach-Anaheim, CA",6,California,37,Los Angeles,34.1365,-117.92391
11/29/2017,AQS,1,0.033,ppm,31,Azusa,17,100,44201,Ozone,87,31080,"Los Angeles-Long Beach-Anaheim, CA",6,California,37,Los Angeles,34.1365,-117.92391
11/30/2017,AQS,1,0.017,ppm,16,Azusa,17,100,44201,Ozone,87,31080,"Los Angeles-Long Beach-Anaheim, CA",6,California,37,Los Angeles,34.1365,-117.92391
12/01/2017,AQS,1,0.024,ppm,22,Azusa,17,100,44201,Ozone,87,31080,"Los Angeles-Long Beach-Anaheim, CA",6,California,37,Los Angeles,34.1365,-117.92391
12/02/2017,AQS,1,0.037,ppm,34,Azusa,17,100,44201,Ozone,87,31080,"Los Angeles-Long Beach-Anaheim, CA",6,California,37,Los Angeles,34.1365,-117.92391
12/03/2017,AQS,1,0.042,ppm,39,Azusa,17,100,44201,Ozone,87,31080,"Los Angeles-Long Beach-Anaheim, CA",6,California,37,Los Angeles,34.1365,-117.92391
12/04/2017,AQS,1,0.046,ppm,43,Azusa,17,100,44201,Ozone,87,31080,"Los Angeles-Long Beach-Anaheim, CA",6,California,37,Los Angeles,34.1365,-117.92391
12/05/2017,AQS,1,0.047,ppm,44,Azusa,17,100,44201,Ozone,87,31080,"Los Angeles-Long Beach-Anaheim, CA",6,California,37,Los Angeles,34.1365,-117.92391
12/06/2017,AQS,1,0.038,ppm,35,Azusa,17,100,44201,Ozone,87,31080,"Los Angeles-Long Beach-Anaheim, CA",6,California,37,Los Angeles,34.1365,-117.92391
12/07/2017,AQS,1,0.04,ppm,37,Azusa,17,100,44201,Ozone,87,31080,"Los Angeles-Long Beach-Anaheim, CA",6,California,37,Los Angeles,34.1365,-117.92391
12/08/2017,AQS,1,0.036,ppm,33,Azusa,17,100,44201,Ozone,87,31080,"Los Angeles-Long Beach-Anaheim, CA",6,California,37,Los Angeles,34.1365,-117.92391
12/09/2017,AQS,1,0.039,ppm,36,Azusa,17,100,44201,Ozone,87,31080,"Los Angeles-Long Beach-Anaheim, CA",6,California,37,Los Angeles,34.1365,-117.92391
12/10/2017,AQS,1,0.037,ppm,34,Azusa,17,100,44201,Ozone,87,31080,"Los Angeles-Long Beach-Anaheim, CA",6,California,37,Los Angeles,34.1365,-117.92391
12/11/2017,AQS,1,0.037,ppm,34,Azusa,17,100,44201,Ozone,87,31080,"Los Angeles-Long Beach-Anaheim, CA",6,California,37,Los Angeles,34.1365,-117.92391
12/12/2017,AQS,1,0.038,ppm,35,Azusa,17,100,44201,Ozone,87,31080,"Los Angeles-Long Beach-Anaheim, CA",6,California,37,Los Angeles,34.1365,-117.92391
12/13/2017,AQS,1,0.032,ppm,30,Azusa,17,100,44201,Ozone,87,31080,"Los Angeles-Long Beach-Anaheim, CA",6,California,37,Los Angeles,34.1365,-117.92391
12/14/2017,AQS,1,0.042,ppm,39,Azusa,17,100,44201,Ozone,87,31080,"Los Angeles-Long Beach-Anaheim, CA",6,California,37,Los Angeles,34.1365,-117.92391
12/15/2017,AQS,1,0.039,ppm,36,Azusa,17,100,44201,Ozone,87,31080,"Los Angeles-Long Beach-Anaheim, CA",6,California,37,Los Angeles,34.1365,-117.92391
12/16/2017,AQS,1,0.033,ppm,31,Azusa,17,100,44201,Ozone,87,31080,"Los Angeles-Long Beach-Anaheim, CA",6,California,37,Los Angeles,34.1365,-117.92391
12/17/2017,AQS,1,0.043,ppm,40,Azusa,17,100,44201,Ozone,87,31080,"Los Angeles-Long Beach-Anaheim, CA",6,California,37,Los Angeles,34.1365,-117.92391
12/18/2017,AQS,1,0.034,ppm,31,Azusa,17,100,44201,Ozone,87,31080,"Los Angeles-Long Beach-Anaheim, CA",6,California,37,Los Angeles,34.1365,-117.92391
12/19/2017,AQS,1,0.03,ppm,28,Azusa,17,100,44201,Ozone,87,31080,"Los Angeles-Long Beach-Anaheim, CA",6,California,37,Los Angeles,34.1365,-117.92391
12/20/2017,AQS,1,0.028,ppm,26,Azusa,17,100,44201,Ozone,87,31080,"Los Angeles-Long Beach-Anaheim, CA",6,California,37,Los Angeles,34.1365,-117.92391
12/21/2017,AQS,1,0.035,ppm,32,Azusa,17,100,44201,Ozone,87,31080,"Los Angeles-Long Beach-Anaheim, CA",6,California,37,Los Angeles,34.1365,-117.92391
12/22/2017,AQS,1,0.034,ppm,31,Azusa,13,76,44201,Ozone,87,31080,"Los Angeles-Long Beach-Anaheim, CA",6,California,37,Los Angeles,34.1365,-117.92391
12/23/2017,AQS,1,0.027,ppm,25,Azusa,17,100,44201,Ozone,87,31080,"Los Angeles-Long Beach-Anaheim, CA",6,California,37,Los Angeles,34.1365,-117.92391
12/24/2017,AQS,1,0.032,ppm,30,Azusa,17,100,44201,Ozone,87,31080,"Los Angeles-Long Beach-Anaheim, CA",6,California,37,Los Angeles,34.1365,-117.92391
12/25/2017,AQS,1,0.044,ppm,41,Azusa,17,100,44201,Ozone,87,31080,"Los Angeles-Long Beach-Anaheim, CA",6,California,37,Los Angeles,34.1365,-117.92391
12/26/2017,AQS,1,0.019,ppm,18,Azusa,17,100,44201,Ozone,87,31080,"Los Angeles-Long Beach-Anaheim, CA",6,California,37,Los Angeles,34.1365,-117.92391
12/27/2017,AQS,1,0.022,ppm,20,Azusa,17,100,44201,Ozone,87,31080,"Los Angeles-Long Beach-Anaheim, CA",6,California,37,Los Angeles,34.1365,-117.92391
12/28/2017,AQS,1,0.033,ppm,31,Azusa,17,100,44201,Ozone,87,31080,"Los Angeles-Long Beach-Anaheim, CA",6,California,37,Los Angeles,34.1365,-117.92391
12/29/2017,AQS,1,0.032,ppm,30,Azusa,17,100,44201,Ozone,87,31080,"Los Angeles-Long Beach-Anaheim, CA",6,California,37,Los Angeles,34.1365,-117.92391
12/30/2017,AQS,1,0.033,ppm,31,Azusa,17,100,44201,Ozone,87,31080,"Los Angeles-Long Beach-Anaheim, CA",6,California,37,Los Angeles,34.1365,-117.92391
01/01/2018,AQS,1,0.047,ppm,44,Azusa,17,100,44201,Ozone,87,31080,"Los Angeles-Long Beach-Anaheim, CA",6,California,37,Los Angeles,34.1365,-117.92391
01/02/2018,AQS,1,0.032,ppm,30,Azusa,17,100,44201,Ozone,87,31080,"Los Angeles-Long Beach-Anaheim, CA",6,California,37,Los Angeles,34.1365,-117.92391
01/03/2018,AQS,1,0.025,ppm,23,Azusa,17,100,44201,Ozone,87,31080,"Los Angeles-Long Beach-Anaheim, CA",6,California,37,Los Angeles,34.1365,-117.92391
01/04/2018,AQS,1,0.022,ppm,20,Azusa,17,100,44201,Ozone,87,31080,"Los Angeles-Long Beach-Anaheim, CA",6,California,37,Los Angeles,34.1365,-117.92391
01/05/2018,AQS,1,0.022,ppm,20,Azusa,17,100,44201,Ozone,87,31080,"Los Angeles-Long Beach-Anaheim, CA",6,California,37,Los Angeles,34.1365,-117.92391
01/06/2018,AQS,1,0.019,ppm,18,Azusa,17,100,44201,Ozone,87,31080,"Los Angeles-Long Beach-Anaheim, CA",6,California,37,Los Angeles,34.1365,-117.92391
01/07/2018,AQS,1,0.033,ppm,31,Azusa,17,100,44201,Ozone,87,31080,"Los Angeles-Long Beach-Anaheim, CA",6,California,37,Los Angeles,34.1365,-117.92391
01/08/2018,AQS,1,0.022,ppm,20,Azusa,17,100,44201,Ozone,87,31080,"Los Angeles-Long Beach-Anaheim, CA",6,California,37,Los Angeles,34.1365,-117.92391
01/09/2018,AQS,1,0.036,ppm,33,Azusa,17,100,44201,Ozone,87,31080,"Los Angeles-Long Beach-Anaheim, CA",6,California,37,Los Angeles,34.1365,-117.92391
01/10/2018,AQS,1,0.027,ppm,25,Azusa,17,100,44201,Ozone,87,31080,"Los Angeles-Long Beach-Anaheim, CA",6,California,37,Los Angeles,34.1365,-117.92391
01/11/2018,AQS,1,0.019,ppm,18,Azusa,17,100,44201,Ozone,87,31080,"Los Angeles-Long Beach-Anaheim, CA",6,California,37,Los Angeles,34.1365,-117.92391
01/12/2018,AQS,1,0.029,ppm,27,Azusa,17,100,44201,Ozone,87,31080,"Los Angeles-Long Beach-Anaheim, CA",6,California,37,Los Angeles,34.1365,-117.92391
01/13/2018,AQS,1,0.045,ppm,42,Azusa,17,100,44201,Ozone,87,31080,"Los Angeles-Long Beach-Anaheim, CA",6,California,37,Los Angeles,34.1365,-117.92391
01/14/2018,AQS,1,0.044,ppm,41,Azusa,17,100,44201,Ozone,87,31080,"Los Angeles-Long Beach-Anaheim, CA",6,California,37,Los Angeles,34.1365,-117.92391
01/15/2018,AQS,1,0.027,ppm,25,Azusa,17,100,44201,Ozone,87,31080,"Los Angeles-Long Beach-Anaheim, CA",6,California,37,Los Angeles,34.1365,-117.92391
01/16/2018,AQS,1,0.018,ppm,17,Azusa,17,100,44201,Ozone,87,31080,"Los Angeles-Long Beach-Anaheim, CA",6,California,37,Los Angeles,34.1365,-117.92391
01/17/2018,AQS,1,0.033,ppm,31,Azusa,17,100,44201,Ozone,87,31080,"Los Angeles-Long Beach-Anaheim, CA",6,California,37,Los Angeles,34.1365,-117.92391
01/18/2018,AQS,1,0.028,ppm,26,Azusa,17,100,44201,Ozone,87,31080,"Los Angeles-Long Beach-Anaheim, CA",6,California,37,Los Angeles,34.1365,-117.92391
01/19/2018,AQS,1,0.03,ppm,28,Azusa,17,100,44201,Ozone,87,31080,"Los Angeles-Long Beach-Anaheim, CA",6,California,37,Los Angeles,34.1365,-117.92391
01/20/2018,AQS,1,0.043,ppm,40,Azusa,17,100,44201,Ozone,87,31080,"Los Angeles-Long Beach-Anaheim, CA",6,California,37,Los Angeles,34.1365,-117.92391
01/21/2018,AQS,1,0.037,ppm,34,Azusa,17,100,44201,Ozone,87,31080,"Los Angeles-Long Beach-Anaheim, CA",6,California,37,Los Angeles,34.1365,-117.92391
01/22/2018,AQS,1,0.034,ppm,31,Azusa,17,100,44201,Ozone,87,31080,"Los Angeles-Long Beach-Anaheim, CA",6,California,37,Los Angeles,34.1365,-117.92391
01/24/2018,AQS,1,0.032,ppm,30,Azusa,17,100,44201,Ozone,87,31080,"Los Angeles-Long Beach-Anaheim, CA",6,California,37,Los Angeles,34.1365,-117.92391
01/25/2018,AQS,1,0.031,ppm,29,Azusa,17,100,44201,Ozone,87,31080,"Los Angeles-Long Beach-Anaheim, CA",6,California,37,Los Angeles,34.1365,-117.92391
01/26/2018,AQS,1,0.037,ppm,34,Azusa,17,100,44201,Ozone,87,31080,"Los Angeles-Long Beach-Anaheim, CA",6,California,37,Los Angeles,34.1365,-117.92391
01/27/2018,AQS,1,0.041,ppm,38,Azusa,17,100,44201,Ozone,87,31080,"Los Angeles-Long Beach-Anaheim, CA",6,California,37,Los Angeles,34.1365,-117.92391
01/28/2018,AQS,1,0.045,ppm,42,Azusa,17,100,44201,Ozone,87,31080,"Los Angeles-Long Beach-Anaheim, CA",6,California,37,Los Angeles,34.1365,-117.92391
01/29/2018,AQS,1,0.036,ppm,33,Azusa,17,100,44201,Ozone,87,31080,"Los Angeles-Long Beach-Anaheim, CA",6,California,37,Los Angeles,34.1365,-117.92391
01/30/2018,AQS,1,0.027,ppm,25,Azusa,17,100,44201,Ozone,87,31080,"Los Angeles-Long Beach-Anaheim, CA",6,California,37,Los Angeles,34.1365,-117.92391
01/31/2018,AQS,1,0.028,ppm,26,Azusa,17,100,44201,Ozone,87,31080,"Los Angeles-Long Beach-Anaheim, CA",6,California,37,Los Angeles,34.1365,-117.92391
02/01/2018,AQS,1,0.042,ppm,39,Azusa,17,100,44201,Ozone,87,31080,"Los Angeles-Long Beach-Anaheim, CA",6,California,37,Los Angeles,34.1365,-117.92391
02/02/2018,AQS,1,0.037,ppm,34,Azusa,17,100,44201,Ozone,87,31080,"Los Angeles-Long Beach-Anaheim, CA",6,California,37,Los Angeles,34.1365,-117.92391
02/03/2018,AQS,1,0.055,ppm,51,Azusa,17,100,44201,Ozone,87,31080,"Los Angeles-Long Beach-Anaheim, CA",6,California,37,Los Angeles,34.1365,-117.92391
02/04/2018,AQS,1,0.062,ppm,74,Azusa,17,100,44201,Ozone,87,31080,"Los Angeles-Long Beach-Anaheim, CA",6,California,37,Los Angeles,34.1365,-117.92391
02/05/2018,AQS,1,0.043,ppm,40,Azusa,17,100,44201,Ozone,87,31080,"Los Angeles-Long Beach-Anaheim, CA",6,California,37,Los Angeles,34.1365,-117.92391
02/06/2018,AQS,1,0.034,ppm,31,Azusa,17,100,44201,Ozone,87,31080,"Los Angeles-Long Beach-Anaheim, CA",6,California,37,Los Angeles,34.1365,-117.92391
02/07/2018,AQS,1,0.044,ppm,41,Azusa,17,100,44201,Ozone,87,31080,"Los Angeles-Long Beach-Anaheim, CA",6,California,37,Los Angeles,34.1365,-117.92391
02/08/2018,AQS,1,0.044,ppm,41,Azusa,17,100,44201,Ozone,87,31080,"Los Angeles-Long Beach-Anaheim, CA",6,California,37,Los Angeles,34.1365,-117.92391
02/09/2018,AQS,1,0.041,ppm,38,Azusa,17,100,44201,Ozone,87,31080,"Los Angeles-Long Beach-Anaheim, CA",6,California,37,Los Angeles,34.1365,-117.92391
02/10/2018,AQS,1,0.048,ppm,44,Azusa,17,100,44201,Ozone,87,31080,"Los Angeles-Long Beach-Anaheim, CA",6,California,37,Los Angeles,34.1365,-117.92391
02/11/2018,AQS,1,0.049,ppm,45,Azusa,17,100,44201,Ozone,87,31080,"Los Angeles-Long Beach-Anaheim, CA",6,California,37,Los Angeles,34.1365,-117.92391
02/12/2018,AQS,1,0.042,ppm,39,Azusa,17,100,44201,Ozone,87,31080,"Los Angeles-Long Beach-Anaheim, CA",6,California,37,Los Angeles,34.1365,-117.92391
02/13/2018,AQS,1,0.043,ppm,40,Azusa,17,100,44201,Ozone,87,31080,"Los Angeles-Long Beach-Anaheim, CA",6,California,37,Los Angeles,34.1365,-117.92391
02/14/2018,AQS,1,0.042,ppm,39,Azusa,17,100,44201,Ozone,87,31080,"Los Angeles-Long Beach-Anaheim, CA",6,California,37,Los Angeles,34.1365,-117.92391
02/15/2018,AQS,1,0.044,ppm,41,Azusa,17,100,44201,Ozone,87,31080,"Los Angeles-Long Beach-Anaheim, CA",6,California,37,Los Angeles,34.1365,-117.92391
02/16/2018,AQS,1,0.047,ppm,44,Azusa,17,100,44201,Ozone,87,31080,"Los Angeles-Long Beach-Anaheim, CA",6,California,37,Los Angeles,34.1365,-117.92391
02/17/2018,AQS,1,0.049,ppm,45,Azusa,17,100,44201,Ozone,87,31080,"Los Angeles-Long Beach-Anaheim, CA",6,California,37,Los Angeles,34.1365,-117.92391
02/18/2018,AQS,1,0.052,ppm,48,Azusa,17,100,44201,Ozone,87,31080,"Los Angeles-Long Beach-Anaheim, CA",6,California,37,Los Angeles,34.1365,-117.92391
02/19/2018,AQS,1,0.046,ppm,43,Azusa,17,100,44201,Ozone,87,31080,"Los Angeles-Long Beach-Anaheim, CA",6,California,37,Los Angeles,34.1365,-117.92391
02/20/2018,AQS,1,0.038,ppm,35,Azusa,17,100,44201,Ozone,87,31080,"Los Angeles-Long Beach-Anaheim, CA",6,California,37,Los Angeles,34.1365,-117.92391
02/21/2018,AQS,1,0.041,ppm,38,Azusa,17,100,44201,Ozone,87,31080,"Los Angeles-Long Beach-Anaheim, CA",6,California,37,Los Angeles,34.1365,-117.92391
02/22/2018,AQS,1,0.042,ppm,39,Azusa,17,100,44201,Ozone,87,31080,"Los Angeles-Long Beach-Anaheim, CA",6,California,37,Los Angeles,34.1365,-117.92391
02/23/2018,AQS,1,0.049,ppm,45,Azusa,17,100,44201,Ozone,87,31080,"Los Angeles-Long Beach-Anaheim, CA",6,California,37,Los Angeles,34.1365,-117.92391
02/24/2018,AQS,1,0.043,ppm,40,Azusa,17,100,44201,Ozone,87,31080,"Los Angeles-Long Beach-Anaheim, CA",6,California,37,Los Angeles,34.1365,-117.92391
02/25/2018,AQS,1,0.051,ppm,47,Azusa,17,100,44201,Ozone,87,31080,"Los Angeles-Long Beach-Anaheim, CA",6,California,37,Los Angeles,34.1365,-117.92391
02/26/2018,AQS,1,0.048,ppm,44,Azusa,17,100,44201,Ozone,87,31080,"Los Angeles-Long Beach-Anaheim, CA",6,California,37,Los Angeles,34.1365,-117.92391
02/27/2018,AQS,1,0.043,ppm,40,Azusa,17,100,44201,Ozone,87,31080,"Los Angeles-Long Beach-Anaheim, CA",6,California,37,Los Angeles,34.1365,-117.92391
02/28/2018,AQS,1,0.043,ppm,40,Azusa,17,100,44201,Ozone,87,31080,"Los Angeles-Long Beach-Anaheim, CA",6,California,37,Los Angeles,34.1365,-117.92391
03/01/2018,AQS,1,0.044,ppm,41,Azusa,17,100,44201,Ozone,87,31080,"Los Angeles-Long Beach-Anaheim, CA",6,California,37,Los Angeles,34.1365,-117.92391
03/02/2018,AQS,1,0.031,ppm,29,Azusa,17,100,44201,Ozone,87,31080,"Los Angeles-Long Beach-Anaheim, CA",6,California,37,Los Angeles,34.1365,-117.92391
03/03/2018,AQS,1,0.044,ppm,41,Azusa,17,100,44201,Ozone,87,31080,"Los Angeles-Long Beach-Anaheim, CA",6,California,37,Los Angeles,34.1365,-117.92391
03/04/2018,AQS,1,0.045,ppm,42,Azusa,17,100,44201,Ozone,87,31080,"Los Angeles-Long Beach-Anaheim, CA",6,California,37,Los Angeles,34.1365,-117.92391
03/05/2018,AQS,1,0.047,ppm,44,Azusa,17,100,44201,Ozone,87,31080,"Los Angeles-Long Beach-Anaheim, CA",6,California,37,Los Angeles,34.1365,-117.92391
03/06/2018,AQS,1,0.046,ppm,43,Azusa,17,100,44201,Ozone,87,31080,"Los Angeles-Long Beach-Anaheim, CA",6,California,37,Los Angeles,34.1365,-117.92391
03/07/2018,AQS,1,0.015,ppm,14,Azusa,17,100,44201,Ozone,87,31080,"Los Angeles-Long Beach-Anaheim, CA",6,California,37,Los Angeles,34.1365,-117.92391
03/08/2018,AQS,1,0.037,ppm,34,Azusa,17,100,44201,Ozone,87,31080,"Los Angeles-Long Beach-Anaheim, CA",6,California,37,Los Angeles,34.1365,-117.92391
03/09/2018,AQS,1,0.041,ppm,38,Azusa,17,100,44201,Ozone,87,31080,"Los Angeles-Long Beach-Anaheim, CA",6,California,37,Los Angeles,34.1365,-117.92391
03/10/2018,AQS,1,0.027,ppm,25,Azusa,17,100,44201,Ozone,87,31080,"Los Angeles-Long Beach-Anaheim, CA",6,California,37,Los Angeles,34.1365,-117.92391
03/11/2018,AQS,1,0.032,ppm,30,Azusa,17,100,44201,Ozone,87,31080,"Los Angeles-Long Beach-Anaheim, CA",6,California,37,Los Angeles,34.1365,-117.92391
03/12/2018,AQS,1,0.033,ppm,31,Azusa,17,100,44201,Ozone,87,31080,"Los Angeles-Long Beach-Anaheim, CA",6,California,37,Los Angeles,34.1365,-117.92391
03/13/2018,AQS,1,0.023,ppm,21,Azusa,17,100,44201,Ozone,87,31080,"Los Angeles-Long Beach-Anaheim, CA",6,California,37,Los Angeles,34.1365,-117.92391
03/15/2018,AQS,1,0.044,ppm,41,Azusa,17,100,44201,Ozone,87,31080,"Los Angeles-Long Beach-Anaheim, CA",6,California,37,Los Angeles,34.1365,-117.92391
03/16/2018,AQS,1,0.04,ppm,37,Azusa,17,100,44201,Ozone,87,31080,"Los Angeles-Long Beach-Anaheim, CA",6,California,37,Los Angeles,34.1365,-117.92391
03/17/2018,AQS,1,0.046,ppm,43,Azusa,17,100,44201,Ozone,87,31080,"Los Angeles-Long Beach-Anaheim, CA",6,California,37,Los Angeles,34.1365,-117.92391
03/18/2018,AQS,1,0.048,ppm,44,Azusa,17,100,44201,Ozone,87,31080,"Los Angeles-Long Beach-Anaheim, CA",6,California,37,Los Angeles,34.1365,-117.92391
03/19/2018,AQS,1,0.048,ppm,44,Azusa,17,100,44201,Ozone,87,31080,"Los Angeles-Long Beach-Anaheim, CA",6,California,37,Los Angeles,34.1365,-117.92391
03/20/2018,AQS,1,0.036,ppm,33,Azusa,17,100,44201,Ozone,87,31080,"Los Angeles-Long Beach-Anaheim, CA",6,California,37,Los Angeles,34.1365,-117.92391
03/21/2018,AQS,1,0.027,ppm,25,Azusa,17,100,44201,Ozone,87,31080,"Los Angeles-Long Beach-Anaheim, CA",6,California,37,Los Angeles,34.1365,-117.92391
03/22/2018,AQS,1,0.03,ppm,28,Azusa,17,100,44201,Ozone,87,31080,"Los Angeles-Long Beach-Anaheim, CA",6,California,37,Los Angeles,34.1365,-117.92391
03/23/2018,AQS,1,0.045,ppm,42,Azusa,17,100,44201,Ozone,87,31080,"Los Angeles-Long Beach-Anaheim, CA",6,California,37,Los Angeles,34.1365,-117.92391
03/24/2018,AQS,1,0.05,ppm,46,Azusa,17,100,44201,Ozone,87,31080,"Los Angeles-Long Beach-Anaheim, CA",6,California,37,Los Angeles,34.1365,-117.92391
03/25/2018,AQS,1,0.053,ppm,49,Azusa,17,100,44201,Ozone,87,31080,"Los Angeles-Long Beach-Anaheim, CA",6,California,37,Los Angeles,34.1365,-117.92391
03/26/2018,AQS,1,0.047,ppm,44,Azusa,17,100,44201,Ozone,87,31080,"Los Angeles-Long Beach-Anaheim, CA",6,California,37,Los Angeles,34.1365,-117.92391
03/27/2018,AQS,1,0.046,ppm,43,Azusa,17,100,44201,Ozone,87,31080,"Los Angeles-Long Beach-Anaheim, CA",6,California,37,Los Angeles,34.1365,-117.92391
03/28/2018,AQS,1,0.049,ppm,45,Azusa,17,100,44201,Ozone,87,31080,"Los Angeles-Long Beach-Anaheim, CA",6,California,37,Los Angeles,34.1365,-117.92391
03/29/2018,AQS,1,0.051,ppm,47,Azusa,17,100,44201,Ozone,87,31080,"Los Angeles-Long Beach-Anaheim, CA",6,California,37,Los Angeles,34.1365,-117.92391
03/30/2018,AQS,1,0.058,ppm,61,Azusa,17,100,44201,Ozone,87,31080,"Los Angeles-Long Beach-Anaheim, CA",6,California,37,Los Angeles,34.1365,-117.92391
03/31/2018,AQS,1,0.061,ppm,71,Azusa,17,100,44201,Ozone,87,31080,"Los Angeles-Long Beach-Anaheim, CA",6,California,37,Los Angeles,34.1365,-117.92391
04/01/2018,AQS,1,0.056,ppm,54,Azusa,17,100,44201,Ozone,87,31080,"Los Angeles-Long Beach-Anaheim, CA",6,California,37,Los Angeles,34.1365,-117.92391
04/02/2018,AQS,1,0.049,ppm,45,Azusa,17,100,44201,Ozone,87,31080,"Los Angeles-Long Beach-Anaheim, CA",6,California,37,Los Angeles,34.1365,-117.92391
04/03/2018,AQS,1,0.052,ppm,48,Azusa,17,100,44201,Ozone,87,31080,"Los Angeles-Long Beach-Anaheim, CA",6,California,37,Los Angeles,34.1365,-117.92391
04/04/2018,AQS,1,0.049,ppm,45,Azusa,17,100,44201,Ozone,87,31080,"Los Angeles-Long Beach-Anaheim, CA",6,California,37,Los Angeles,34.1365,-117.92391
04/05/2018,AQS,1,0.054,ppm,50,Azusa,17,100,44201,Ozone,87,31080,"Los Angeles-Long Beach-Anaheim, CA",6,California,37,Los Angeles,34.1365,-117.92391
04/06/2018,AQS,1,0.05,ppm,46,Azusa,17,100,44201,Ozone,87,31080,"Los Angeles-Long Beach-Anaheim, CA",6,California,37,Los Angeles,34.1365,-117.92391
04/07/2018,AQS,1,0.035,ppm,32,Azusa,17,100,44201,Ozone,87,31080,"Los Angeles-Long Beach-Anaheim, CA",6,California,37,Los Angeles,34.1365,-117.92391
04/08/2018,AQS,1,0.054,ppm,50,Azusa,17,100,44201,Ozone,87,31080,"Los Angeles-Long Beach-Anaheim, CA",6,California,37,Los Angeles,34.1365,-117.92391
04/09/2018,AQS,1,0.066,ppm,87,Azusa,17,100,44201,Ozone,87,31080,"Los Angeles-Long Beach-Anaheim, CA",6,California,37,Los Angeles,34.1365,-117.92391
04/10/2018,AQS,1,0.071,ppm,101,Azusa,17,100,44201,Ozone,87,31080,"Los Angeles-Long Beach-Anaheim, CA",6,California,37,Los Angeles,34.1365,-117.92391
04/11/2018,AQS,1,0.06,ppm,67,Azusa,17,100,44201,Ozone,87,31080,"Los Angeles-Long Beach-Anaheim, CA",6,California,37,Los Angeles,34.1365,-117.92391
04/12/2018,AQS,1,0.057,ppm,58,Azusa,17,100,44201,Ozone,87,31080,"Los Angeles-Long Beach-Anaheim, CA",6,California,37,Los Angeles,34.1365,-117.92391
04/14/2018,AQS,1,0.074,ppm,112,Azusa,17,100,44201,Ozone,87,31080,"Los Angeles-Long Beach-Anaheim, CA",6,California,37,Los Angeles,34.1365,-117.92391
04/15/2018,AQS,1,0.066,ppm,87,Azusa,17,100,44201,Ozone,87,31080,"Los Angeles-Long Beach-Anaheim, CA",6,California,37,Los Angeles,34.1365,-117.92391
04/16/2018,AQS,1,0.048,ppm,44,Azusa,17,100,44201,Ozone,87,31080,"Los Angeles-Long Beach-Anaheim, CA",6,California,37,Los Angeles,34.1365,-117.92391
04/17/2018,AQS,1,0.055,ppm,51,Azusa,17,100,44201,Ozone,87,31080,"Los Angeles-Long Beach-Anaheim, CA",6,California,37,Los Angeles,34.1365,-117.92391
04/18/2018,AQS,1,0.06,ppm,67,Azusa,17,100,44201,Ozone,87,31080,"Los Angeles-Long Beach-Anaheim, CA",6,California,37,Los Angeles,34.1365,-117.92391
04/19/2018,AQS,1,0.044,ppm,41,Azusa,17,100,44201,Ozone,87,31080,"Los Angeles-Long Beach-Anaheim, CA",6,California,37,Los Angeles,34.1365,-117.92391
04/20/2018,AQS,1,0.049,ppm,45,Azusa,17,100,44201,Ozone,87,31080,"Los Angeles-Long Beach-Anaheim, CA",6,California,37,Los Angeles,34.1365,-117.92391
04/21/2018,AQS,1,0.063,ppm,77,Azusa,17,100,44201,Ozone,87,31080,"Los Angeles-Long Beach-Anaheim, CA",6,California,37,Los Angeles,34.1365,-117.92391
04/22/2018,AQS,1,0.072,ppm,105,Azusa,17,100,44201,Ozone,87,31080,"Los Angeles-Long Beach-Anaheim, CA",6,California,37,Los Angeles,34.1365,-117.92391
04/23/2018,AQS,1,0.058,ppm,61,Azusa,17,100,44201,Ozone,87,31080,"Los Angeles-Long Beach-Anaheim, CA",6,California,37,Los Angeles,34.1365,-117.92391
04/24/2018,AQS,1,0.053,ppm,49,Azusa,17,100,44201,Ozone,87,31080,"Los Angeles-Long Beach-Anaheim, CA",6,California,37,Los Angeles,34.1365,-117.92391
04/25/2018,AQS,1,0.055,ppm,51,Azusa,17,100,44201,Ozone,87,31080,"Los Angeles-Long Beach-Anaheim, CA",6,California,37,Los Angeles,34.1365,-117.92391
04/26/2018,AQS,1,0.052,ppm,48,Azusa,17,100,44201,Ozone,87,31080,"Los Angeles-Long Beach-Anaheim, CA",6,California,37,Los Angeles,34.1365,-117.92391
04/27/2018,AQS,1,0.052,ppm,48,Azusa,17,100,44201,Ozone,87,31080,"Los Angeles-Long Beach-Anaheim, CA",6,California,37,Los Angeles,34.1365,-117.92391
04/28/2018,AQS,1,0.057,ppm,58,Azusa,17,100,44201,Ozone,87,31080,"Los Angeles-Long Beach-Anaheim, CA",6,California,37,Los Angeles,34.1365,-117.92391
04/29/2018,AQS,1,0.057,ppm,58,Azusa,17,100,44201,Ozone,87,31080,"Los Angeles-Long Beach-Anaheim, CA",6,California,37,Los Angeles,34.1365,-117.92391
04/30/2018,AQS,1,0.042,ppm,39,Azusa,17,100,44201,Ozone,87,31080,"Los Angeles-Long Beach-Anaheim, CA",6,California,37,Los Angeles,34.1365,-117.92391
05/01/2018,AQS,1,0.048,ppm,44,Azusa,17,100,44201,Ozone,87,31080,"Los Angeles-Long Beach-Anaheim, CA",6,California,37,Los Angeles,34.1365,-117.92391
05/02/2018,AQS,1,0.037,ppm,34,Azusa,17,100,44201,Ozone,87,31080,"Los Angeles-Long Beach-Anaheim, CA",6,California,37,Los Angeles,34.1365,-117.92391
05/03/2018,AQS,1,0.05,ppm,46,Azusa,17,100,44201,Ozone,87,31080,"Los Angeles-Long Beach-Anaheim, CA",6,California,37,Los Angeles,34.1365,-117.92391
05/04/2018,AQS,1,0.069,ppm,97,Azusa,17,100,44201,Ozone,87,31080,"Los Angeles-Long Beach-Anaheim, CA",6,California,37,Los Angeles,34.1365,-117.92391
05/05/2018,AQS,1,0.08,ppm,133,Azusa,17,100,44201,Ozone,87,31080,"Los Angeles-Long Beach-Anaheim, CA",6,California,37,Los Angeles,34.1365,-117.92391
05/06/2018,AQS,1,0.073,ppm,108,Azusa,17,100,44201,Ozone,87,31080,"Los Angeles-Long Beach-Anaheim, CA",6,California,37,Los Angeles,34.1365,-117.92391
05/07/2018,AQS,1,0.057,ppm,58,Azusa,17,100,44201,Ozone,87,31080,"Los Angeles-Long Beach-Anaheim, CA",6,California,37,Los Angeles,34.1365,-117.92391
05/08/2018,AQS,1,0.068,ppm,93,Azusa,17,100,44201,Ozone,87,31080,"Los Angeles-Long Beach-Anaheim, CA",6,California,37,Los Angeles,34.1365,-117.92391
05/10/2018,AQS,1,0.062,ppm,74,Azusa,17,100,44201,Ozone,87,31080,"Los Angeles-Long Beach-Anaheim, CA",6,California,37,Los Angeles,34.1365,-117.92391
05/11/2018,AQS,1,0.042,ppm,39,Azusa,17,100,44201,Ozone,87,31080,"Los Angeles-Long Beach-Anaheim, CA",6,California,37,Los Angeles,34.1365,-117.92391
05/12/2018,AQS,1,0.046,ppm,43,Azusa,17,100,44201,Ozone,87,31080,"Los Angeles-Long Beach-Anaheim, CA",6,California,37,Los Angeles,34.1365,-117.92391
05/13/2018,AQS,1,0.05,ppm,46,Azusa,17,100,44201,Ozone,87,31080,"Los Angeles-Long Beach-Anaheim, CA",6,California,37,Los Angeles,34.1365,-117.92391
05/14/2018,AQS,1,0.049,ppm,45,Azusa,17,100,44201,Ozone,87,31080,"Los Angeles-Long Beach-Anaheim, CA",6,California,37,Los Angeles,34.1365,-117.92391
05/15/2018,AQS,1,0.049,ppm,45,Azusa,17,100,44201,Ozone,87,31080,"Los Angeles-Long Beach-Anaheim, CA",6,California,37,Los Angeles,34.1365,-117.92391
05/16/2018,AQS,1,0.053,ppm,49,Azusa,16,94,44201,Ozone,87,31080,"Los Angeles-Long Beach-Anaheim, CA",6,California,37,Los Angeles,34.1365,-117.92391
05/17/2018,AQS,1,0.051,ppm,47,Azusa,17,100,44201,Ozone,87,31080,"Los Angeles-Long Beach-Anaheim, CA",6,California,37,Los Angeles,34.1365,-117.92391
05/18/2018,AQS,1,0.042,ppm,39,Azusa,17,100,44201,Ozone,87,31080,"Los Angeles-Long Beach-Anaheim, CA",6,California,37,Los Angeles,34.1365,-117.92391
05/19/2018,AQS,1,0.045,ppm,42,Azusa,17,100,44201,Ozone,87,31080,"Los Angeles-Long Beach-Anaheim, CA",6,California,37,Los Angeles,34.1365,-117.92391
05/20/2018,AQS,1,0.049,ppm,45,Azusa,17,100,44201,Ozone,87,31080,"Los Angeles-Long Beach-Anaheim, CA",6,California,37,Los Angeles,34.1365,-117.92391
05/21/2018,AQS,1,0.034,ppm,31,Azusa,17,100,44201,Ozone,87,31080,"Los Angeles-Long Beach-Anaheim, CA",6,California,37,Los Angeles,34.1365,-117.92391
05/22/2018,AQS,1,0.036,ppm,33,Azusa,17,100,44201,Ozone,87,31080,"Los Angeles-Long Beach-Anaheim, CA",6,California,37,Los Angeles,34.1365,-117.92391
05/23/2018,AQS,1,0.041,ppm,38,Azusa,17,100,44201,Ozone,87,31080,"Los Angeles-Long Beach-Anaheim, CA",6,California,37,Los Angeles,34.1365,-117.92391
05/24/2018,AQS,1,0.035,ppm,32,Azusa,17,100,44201,Ozone,87,31080,"Los Angeles-Long Beach-Anaheim, CA",6,California,37,Los Angeles,34.1365,-117.92391
05/25/2018,AQS,1,0.045,ppm,42,Azusa,17,100,44201,Ozone,87,31080,"Los Angeles-Long Beach-Anaheim, CA",6,California,37,Los Angeles,34.1365,-117.92391
05/26/2018,AQS,1,0.044,ppm,41,Azusa,17,100,44201,Ozone,87,31080,"Los Angeles-Long Beach-Anaheim, CA",6,California,37,Los Angeles,34.1365,-117.92391
05/27/2018,AQS,1,0.056,ppm,54,Azusa,17,100,44201,Ozone,87,31080,"Los Angeles-Long Beach-Anaheim, CA",6,California,37,Los Angeles,34.1365,-117.92391
05/28/2018,AQS,1,0.067,ppm,90,Azusa,17,100,44201,Ozone,87,31080,"Los Angeles-Long Beach-Anaheim, CA",6,California,37,Los Angeles,34.1365,-117.92391
05/29/2018,AQS,1,0.049,ppm,45,Azusa,17,100,44201,Ozone,87,31080,"Los Angeles-Long Beach-Anaheim, CA",6,California,37,Los Angeles,34.1365,-117.92391
05/30/2018,AQS,1,0.035,ppm,32,Azusa,17,100,44201,Ozone,87,31080,"Los Angeles-Long Beach-Anaheim, CA",6,California,37,Los Angeles,34.1365,-117.92391
05/31/2018,AQS,1,0.045,ppm,42,Azusa,17,100,44201,Ozone,87,31080,"Los Angeles-Long Beach-Anaheim, CA",6,California,37,Los Angeles,34.1365,-117.92391
06/01/2018,AQS,1,0.058,ppm,61,Azusa,17,100,44201,Ozone,87,31080,"Los Angeles-Long Beach-Anaheim, CA",6,California,37,Los Angeles,34.1365,-117.92391
06/02/2018,AQS,1,0.073,ppm,108,Azusa,17,100,44201,Ozone,87,31080,"Los Angeles-Long Beach-Anaheim, CA",6,California,37,Los Angeles,34.1365,-117.92391
06/03/2018,AQS,1,0.073,ppm,108,Azusa,17,100,44201,Ozone,87,31080,"Los Angeles-Long Beach-Anaheim, CA",6,California,37,Los Angeles,34.1365,-117.92391
06/04/2018,AQS,1,0.057,ppm,58,Azusa,17,100,44201,Ozone,87,31080,"Los Angeles-Long Beach-Anaheim, CA",6,California,37,Los Angeles,34.1365,-117.92391
06/05/2018,AQS,1,0.05,ppm,46,Azusa,17,100,44201,Ozone,87,31080,"Los Angeles-Long Beach-Anaheim, CA",6,California,37,Los Angeles,34.1365,-117.92391
06/06/2018,AQS,1,0.057,ppm,58,Azusa,17,100,44201,Ozone,87,31080,"Los Angeles-Long Beach-Anaheim, CA",6,California,37,Los Angeles,34.1365,-117.92391
06/07/2018,AQS,1,0.063,ppm,77,Azusa,17,100,44201,Ozone,87,31080,"Los Angeles-Long Beach-Anaheim, CA",6,California,37,Los Angeles,34.1365,-117.92391
06/08/2018,AQS,1,0.076,ppm,119,Azusa,17,100,44201,Ozone,87,31080,"Los Angeles-Long Beach-Anaheim, CA",6,California,37,Los Angeles,34.1365,-117.92391
06/09/2018,AQS,1,0.077,ppm,122,Azusa,17,100,44201,Ozone,87,31080,"Los Angeles-Long Beach-Anaheim, CA",6,California,37,Los Angeles,34.1365,-117.92391
06/10/2018,AQS,1,0.071,ppm,101,Azusa,17,100,44201,Ozone,87,31080,"Los Angeles-Long Beach-Anaheim, CA",6,California,37,Los Angeles,34.1365,-117.92391
06/11/2018,AQS,1,0.079,ppm,129,Azusa,17,100,44201,Ozone,87,31080,"Los Angeles-Long Beach-Anaheim, CA",6,California,37,Los Angeles,34.1365,-117.92391
06/12/2018,AQS,1,0.071,ppm,101,Azusa,17,100,44201,Ozone,87,31080,"Los Angeles-Long Beach-Anaheim, CA",6,California,37,Los Angeles,34.1365,-117.92391
06/13/2018,AQS,1,0.069,ppm,97,Azusa,17,100,44201,Ozone,87,31080,"Los Angeles-Long Beach-Anaheim, CA",6,California,37,Los Angeles,34.1365,-117.92391
06/14/2018,AQS,1,0.065,ppm,84,Azusa,17,100,44201,Ozone,87,31080,"Los Angeles-Long Beach-Anaheim, CA",6,California,37,Los Angeles,34.1365,-117.92391
06/15/2018,AQS,1,0.059,ppm,64,Azusa,17,100,44201,Ozone,87,31080,"Los Angeles-Long Beach-Anaheim, CA",6,California,37,Los Angeles,34.1365,-117.92391
06/16/2018,AQS,1,0.043,ppm,40,Azusa,17,100,44201,Ozone,87,31080,"Los Angeles-Long Beach-Anaheim, CA",6,California,37,Los Angeles,34.1365,-117.92391
06/17/2018,AQS,1,0.046,ppm,43,Azusa,17,100,44201,Ozone,87,31080,"Los Angeles-Long Beach-Anaheim, CA",6,California,37,Los Angeles,34.1365,-117.92391
06/18/2018,AQS,1,0.047,ppm,44,Azusa,17,100,44201,Ozone,87,31080,"Los Angeles-Long Beach-Anaheim, CA",6,California,37,Los Angeles,34.1365,-117.92391
06/19/2018,AQS,1,0.061,ppm,71,Azusa,17,100,44201,Ozone,87,31080,"Los Angeles-Long Beach-Anaheim, CA",6,California,37,Los Angeles,34.1365,-117.92391
06/20/2018,AQS,1,0.079,ppm,129,Azusa,17,100,44201,Ozone,87,31080,"Los Angeles-Long Beach-Anaheim, CA",6,California,37,Los Angeles,34.1365,-117.92391
06/21/2018,AQS,1,0.077,ppm,122,Azusa,17,100,44201,Ozone,87,31080,"Los Angeles-Long Beach-Anaheim, CA",6,California,37,Los Angeles,34.1365,-117.92391
06/22/2018,AQS,1,0.092,ppm,166,Azusa,17,100,44201,Ozone,87,31080,"Los Angeles-Long Beach-Anaheim, CA",6,California,37,Los Angeles,34.1365,-117.92391
06/23/2018,AQS,1,0.059,ppm,64,Azusa,17,100,44201,Ozone,87,31080,"Los Angeles-Long Beach-Anaheim, CA",6,California,37,Los Angeles,34.1365,-117.92391
06/24/2018,AQS,1,0.058,ppm,61,Azusa,14,82,44201,Ozone,87,31080,"Los Angeles-Long Beach-Anaheim, CA",6,California,37,Los Angeles,34.1365,-117.92391
06/25/2018,AQS,1,0.058,ppm,61,Azusa,17,100,44201,Ozone,87,31080,"Los Angeles-Long Beach-Anaheim, CA",6,California,37,Los Angeles,34.1365,-117.92391
06/26/2018,AQS,1,0.065,ppm,84,Azusa,17,100,44201,Ozone,87,31080,"Los Angeles-Long Beach-Anaheim, CA",6,California,37,Los Angeles,34.1365,-117.92391
06/27/2018,AQS,1,0.068,ppm,93,Azusa,17,100,44201,Ozone,87,31080,"Los Angeles-Long Beach-Anaheim, CA",6,California,37,Los Angeles,34.1365,-117.92391
06/28/2018,AQS,1,0.06,ppm,67,Azusa,17,100,44201,Ozone,87,31080,"Los Angeles-Long Beach-Anaheim, CA",6,California,37,Los Angeles,34.1365,-117.92391
06/29/2018,AQS,1,0.057,ppm,58,Azusa,17,100,44201,Ozone,87,31080,"Los Angeles-Long Beach-Anaheim, CA",6,California,37,Los Angeles,34.1365,-117.92391
06/30/2018,AQS,1,0.056,ppm,54,Azusa,17,100,44201,Ozone,87,31080,"Los Angeles-Long Beach-Anaheim, CA",6,California,37,Los Angeles,34.1365,-117.92391
07/01/2018,AQS,1,0.066,ppm,87,Azusa,17,100,44201,Ozone,87,31080,"Los Angeles-Long Beach-Anaheim, CA",6,California,37,Los Angeles,34.1365,-117.92391
07/02/2018,AQS,1,0.055,ppm,51,Azusa,17,100,44201,Ozone,87,31080,"Los Angeles-Long Beach-Anaheim, CA",6,California,37,Los Angeles,34.1365,-117.92391
07/03/2018,AQS,1,0.059,ppm,64,Azusa,17,100,44201,Ozone,87,31080,"Los Angeles-Long Beach-Anaheim, CA",6,California,37,Los Angeles,34.1365,-117.92391
07/04/2018,AQS,1,0.068,ppm,93,Azusa,17,100,44201,Ozone,87,31080,"Los Angeles-Long Beach-Anaheim, CA",6,California,37,Los Angeles,34.1365,-117.92391
07/05/2018,AQS,1,0.072,ppm,105,Azusa,17,100,44201,Ozone,87,31080,"Los Angeles-Long Beach-Anaheim, CA",6,California,37,Los Angeles,34.1365,-117.92391
07/06/2018,AQS,1,0.082,ppm,140,Azusa,17,100,44201,Ozone,87,31080,"Los Angeles-Long Beach-Anaheim, CA",6,California,37,Los Angeles,34.1365,-117.92391
07/07/2018,AQS,1,0.099,ppm,185,Azusa,17,100,44201,Ozone,87,31080,"Los Angeles-Long Beach-Anaheim, CA",6,California,37,Los Angeles,34.1365,-117.92391
07/08/2018,AQS,1,0.076,ppm,119,Azusa,17,100,44201,Ozone,87,31080,"Los Angeles-Long Beach-Anaheim, CA",6,California,37,Los Angeles,34.1365,-117.92391
07/09/2018,AQS,1,0.057,ppm,58,Azusa,17,100,44201,Ozone,87,31080,"Los Angeles-Long Beach-Anaheim, CA",6,California,37,Los Angeles,34.1365,-117.92391
07/10/2018,AQS,1,0.054,ppm,50,Azusa,17,100,44201,Ozone,87,31080,"Los Angeles-Long Beach-Anaheim, CA",6,California,37,Los Angeles,34.1365,-117.92391
07/11/2018,AQS,1,0.06,ppm,67,Azusa,17,100,44201,Ozone,87,31080,"Los Angeles-Long Beach-Anaheim, CA",6,California,37,Los Angeles,34.1365,-117.92391
07/14/2018,AQS,1,0.061,ppm,71,Azusa,17,100,44201,Ozone,87,31080,"Los Angeles-Long Beach-Anaheim, CA",6,California,37,Los Angeles,34.1365,-117.92391
07/15/2018,AQS,1,0.058,ppm,61,Azusa,17,100,44201,Ozone,87,31080,"Los Angeles-Long Beach-Anaheim, CA",6,California,37,Los Angeles,34.1365,-117.92391
07/16/2018,AQS,1,0.06,ppm,67,Azusa,17,100,44201,Ozone,87,31080,"Los Angeles-Long Beach-Anaheim, CA",6,California,37,Los Angeles,34.1365,-117.92391
07/17/2018,AQS,1,0.069,ppm,97,Azusa,17,100,44201,Ozone,87,31080,"Los Angeles-Long Beach-Anaheim, CA",6,California,37,Los Angeles,34.1365,-117.92391
07/18/2018,AQS,1,0.053,ppm,49,Azusa,17,100,44201,Ozone,87,31080,"Los Angeles-Long Beach-Anaheim, CA",6,California,37,Los Angeles,34.1365,-117.92391
07/19/2018,AQS,1,0.061,ppm,71,Azusa,17,100,44201,Ozone,87,31080,"Los Angeles-Long Beach-Anaheim, CA",6,California,37,Los Angeles,34.1365,-117.92391
07/20/2018,AQS,1,0.052,ppm,48,Azusa,17,100,44201,Ozone,87,31080,"Los Angeles-Long Beach-Anaheim, CA",6,California,37,Los Angeles,34.1365,-117.92391
07/21/2018,AQS,1,0.059,ppm,64,Azusa,17,100,44201,Ozone,87,31080,"Los Angeles-Long Beach-Anaheim, CA",6,California,37,Los Angeles,34.1365,-117.92391
07/22/2018,AQS,1,0.062,ppm,74,Azusa,17,100,44201,Ozone,87,31080,"Los Angeles-Long Beach-Anaheim, CA",6,California,37,Los Angeles,34.1365,-117.92391
07/23/2018,AQS,1,0.08,ppm,133,Azusa,17,100,44201,Ozone,87,31080,"Los Angeles-Long Beach-Anaheim, CA",6,California,37,Los Angeles,34.1365,-117.92391
07/24/2018,AQS,1,0.094,ppm,172,Azusa,17,100,44201,Ozone,87,31080,"Los Angeles-Long Beach-Anaheim, CA",6,California,37,Los Angeles,34.1365,-117.92391
07/25/2018,AQS,1,0.087,ppm,154,Azusa,17,100,44201,Ozone,87,31080,"Los Angeles-Long Beach-Anaheim, CA",6,California,37,Los Angeles,34.1365,-117.92391
07/26/2018,AQS,1,0.072,ppm,105,Azusa,17,100,44201,Ozone,87,31080,"Los Angeles-Long Beach-Anaheim, CA",6,California,37,Los Angeles,34.1365,-117.92391
07/27/2018,AQS,1,0.094,ppm,172,Azusa,17,100,44201,Ozone,87,31080,"Los Angeles-Long Beach-Anaheim, CA",6,California,37,Los Angeles,34.1365,-117.92391
07/28/2018,AQS,1,0.069,ppm,97,Azusa,17,100,44201,Ozone,87,31080,"Los Angeles-Long Beach-Anaheim, CA",6,California,37,Los Angeles,34.1365,-117.92391
07/29/2018,AQS,1,0.073,ppm,108,Azusa,17,100,44201,Ozone,87,31080,"Los Angeles-Long Beach-Anaheim, CA",6,California,37,Los Angeles,34.1365,-117.92391
07/30/2018,AQS,1,0.06,ppm,67,Azusa,17,100,44201,Ozone,87,31080,"Los Angeles-Long Beach-Anaheim, CA",6,California,37,Los Angeles,34.1365,-117.92391
07/31/2018,AQS,1,0.057,ppm,58,Azusa,17,100,44201,Ozone,87,31080,"Los Angeles-Long Beach-Anaheim, CA",6,California,37,Los Angeles,34.1365,-117.92391
08/01/2018,AQS,1,0.057,ppm,58,Azusa,17,100,44201,Ozone,87,31080,"Los Angeles-Long Beach-Anaheim, CA",6,California,37,Los Angeles,34.1365,-117.92391
08/02/2018,AQS,1,0.057,ppm,58,Azusa,17,100,44201,Ozone,87,31080,"Los Angeles-Long Beach-Anaheim, CA",6,California,37,Los Angeles,34.1365,-117.92391
08/03/2018,AQS,1,0.064,ppm,80,Azusa,17,100,44201,Ozone,87,31080,"Los Angeles-Long Beach-Anaheim, CA",6,California,37,Los Angeles,34.1365,-117.92391
08/04/2018,AQS,1,0.069,ppm,97,Azusa,17,100,44201,Ozone,87,31080,"Los Angeles-Long Beach-Anaheim, CA",6,California,37,Los Angeles,34.1365,-117.92391
08/05/2018,AQS,1,0.085,ppm,150,Azusa,17,100,44201,Ozone,87,31080,"Los Angeles-Long Beach-Anaheim, CA",6,California,37,Los Angeles,34.1365,-117.92391
08/06/2018,AQS,1,0.097,ppm,179,Azusa,17,100,44201,Ozone,87,31080,"Los Angeles-Long Beach-Anaheim, CA",6,California,37,Los Angeles,34.1365,-117.92391
08/07/2018,AQS,1,0.098,ppm,182,Azusa,17,100,44201,Ozone,87,31080,"Los Angeles-Long Beach-Anaheim, CA",6,California,37,Los Angeles,34.1365,-117.92391
08/08/2018,AQS,1,0.061,ppm,71,Azusa,17,100,44201,Ozone,87,31080,"Los Angeles-Long Beach-Anaheim, CA",6,California,37,Los Angeles,34.1365,-117.92391
08/09/2018,AQS,1,0.066,ppm,87,Azusa,17,100,44201,Ozone,87,31080,"Los Angeles-Long Beach-Anaheim, CA",6,California,37,Los Angeles,34.1365,-117.92391
08/10/2018,AQS,1,0.051,ppm,47,Azusa,17,100,44201,Ozone,87,31080,"Los Angeles-Long Beach-Anaheim, CA",6,California,37,Los Angeles,34.1365,-117.92391
08/11/2018,AQS,1,0.053,ppm,49,Azusa,17,100,44201,Ozone,87,31080,"Los Angeles-Long Beach-Anaheim, CA",6,California,37,Los Angeles,34.1365,-117.92391
08/12/2018,AQS,1,0.047,ppm,44,Azusa,17,100,44201,Ozone,87,31080,"Los Angeles-Long Beach-Anaheim, CA",6,California,37,Los Angeles,34.1365,-117.92391
08/13/2018,AQS,1,0.048,ppm,44,Azusa,17,100,44201,Ozone,87,31080,"Los Angeles-Long Beach-Anaheim, CA",6,California,37,Los Angeles,34.1365,-117.92391
08/14/2018,AQS,1,0.048,ppm,44,Azusa,17,100,44201,Ozone,87,31080,"Los Angeles-Long Beach-Anaheim, CA",6,California,37,Los Angeles,34.1365,-117.92391
08/15/2018,AQS,1,0.058,ppm,61,Azusa,17,100,44201,Ozone,87,31080,"Los Angeles-Long Beach-Anaheim, CA",6,California,37,Los Angeles,34.1365,-117.92391
08/16/2018,AQS,1,0.063,ppm,77,Azusa,17,100,44201,Ozone,87,31080,"Los Angeles-Long Beach-Anaheim, CA",6,California,37,Los Angeles,34.1365,-117.92391
08/17/2018,AQS,1,0.071,ppm,101,Azusa,17,100,44201,Ozone,87,31080,"Los Angeles-Long Beach-Anaheim, CA",6,California,37,Los Angeles,34.1365,-117.92391
08/18/2018,AQS,1,0.067,ppm,90,Azusa,17,100,44201,Ozone,87,31080,"Los Angeles-Long Beach-Anaheim, CA",6,California,37,Los Angeles,34.1365,-117.92391
08/19/2018,AQS,1,0.077,ppm,122,Azusa,17,100,44201,Ozone,87,31080,"Los Angeles-Long Beach-Anaheim, CA",6,California,37,Los Angeles,34.1365,-117.92391
08/20/2018,AQS,1,0.065,ppm,84,Azusa,17,100,44201,Ozone,87,31080,"Los Angeles-Long Beach-Anaheim, CA",6,California,37,Los Angeles,34.1365,-117.92391
08/21/2018,AQS,1,0.074,ppm,112,Azusa,17,100,44201,Ozone,87,31080,"Los Angeles-Long Beach-Anaheim, CA",6,California,37,Los Angeles,34.1365,-117.92391
08/22/2018,AQS,1,0.066,ppm,87,Azusa,17,100,44201,Ozone,87,31080,"Los Angeles-Long Beach-Anaheim, CA",6,California,37,Los Angeles,34.1365,-117.92391
08/23/2018,AQS,1,0.066,ppm,87,Azusa,17,100,44201,Ozone,87,31080,"Los Angeles-Long Beach-Anaheim, CA",6,California,37,Los Angeles,34.1365,-117.92391
08/24/2018,AQS,1,0.067,ppm,90,Azusa,17,100,44201,Ozone,87,31080,"Los Angeles-Long Beach-Anaheim, CA",6,California,37,Los Angeles,34.1365,-117.92391
08/25/2018,AQS,1,0.084,ppm,147,Azusa,17,100,44201,Ozone,87,31080,"Los Angeles-Long Beach-Anaheim, CA",6,California,37,Los Angeles,34.1365,-117.92391
08/26/2018,AQS,1,0.08,ppm,133,Azusa,17,100,44201,Ozone,87,31080,"Los Angeles-Long Beach-Anaheim, CA",6,California,37,Los Angeles,34.1365,-117.92391
08/27/2018,AQS,1,0.075,ppm,115,Azusa,17,100,44201,Ozone,87,31080,"Los Angeles-Long Beach-Anaheim, CA",6,California,37,Los Angeles,34.1365,-117.92391
08/28/2018,AQS,1,0.071,ppm,101,Azusa,14,82,44201,Ozone,87,31080,"Los Angeles-Long Beach-Anaheim, CA",6,California,37,Los Angeles,34.1365,-117.92391
08/30/2018,AQS,1,0.066,ppm,87,Azusa,17,100,44201,Ozone,87,31080,"Los Angeles-Long Beach-Anaheim, CA",6,California,37,Los Angeles,34.1365,-117.92391
08/31/2018,AQS,1,0.085,ppm,150,Azusa,17,100,44201,Ozone,87,31080,"Los Angeles-Long Beach-Anaheim, CA",6,California,37,Los Angeles,34.1365,-117.92391
09/01/2018,AQS,1,0.072,ppm,105,Azusa,17,100,44201,Ozone,87,31080,"Los Angeles-Long Beach-Anaheim, CA",6,California,37,Los Angeles,34.1365,-117.92391
09/02/2018,AQS,1,0.06,ppm,67,Azusa,17,100,44201,Ozone,87,31080,"Los Angeles-Long Beach-Anaheim, CA",6,California,37,Los Angeles,34.1365,-117.92391
09/03/2018,AQS,1,0.065,ppm,84,Azusa,17,100,44201,Ozone,87,31080,"Los Angeles-Long Beach-Anaheim, CA",6,California,37,Los Angeles,34.1365,-117.92391
09/04/2018,AQS,1,0.067,ppm,90,Azusa,15,88,44201,Ozone,87,31080,"Los Angeles-Long Beach-Anaheim, CA",6,California,37,Los Angeles,34.1365,-117.92391
09/05/2018,AQS,1,0.055,ppm,51,Azusa,17,100,44201,Ozone,87,31080,"Los Angeles-Long Beach-Anaheim, CA",6,California,37,Los Angeles,34.1365,-117.92391
09/06/2018,AQS,1,0.056,ppm,54,Azusa,17,100,44201,Ozone,87,31080,"Los Angeles-Long Beach-Anaheim, CA",6,California,37,Los Angeles,34.1365,-117.92391
09/07/2018,AQS,1,0.071,ppm,101,Azusa,17,100,44201,Ozone,87,31080,"Los Angeles-Long Beach-Anaheim, CA",6,California,37,Los Angeles,34.1365,-117.92391
09/08/2018,AQS,1,0.099,ppm,185,Azusa,17,100,44201,Ozone,87,31080,"Los Angeles-Long Beach-Anaheim, CA",6,California,37,Los Angeles,34.1365,-117.92391
09/09/2018,AQS,1,0.083,ppm,143,Azusa,17,100,44201,Ozone,87,31080,"Los Angeles-Long Beach-Anaheim, CA",6,California,37,Los Angeles,34.1365,-117.92391
09/10/2018,AQS,1,0.063,ppm,77,Azusa,17,100,44201,Ozone,87,31080,"Los Angeles-Long Beach-Anaheim, CA",6,California,37,Los Angeles,34.1365,-117.92391
09/11/2018,AQS,1,0.061,ppm,71,Azusa,17,100,44201,Ozone,87,31080,"Los Angeles-Long Beach-Anaheim, CA",6,California,37,Los Angeles,34.1365,-117.92391
09/12/2018,AQS,1,0.068,ppm,93,Azusa,17,100,44201,Ozone,87,31080,"Los Angeles-Long Beach-Anaheim, CA",6,California,37,Los Angeles,34.1365,-117.92391
09/13/2018,AQS,1,0.064,ppm,80,Azusa,17,100,44201,Ozone,87,31080,"Los Angeles-Long Beach-Anaheim, CA",6,California,37,Los Angeles,34.1365,-117.92391
09/14/2018,AQS,1,0.058,ppm,61,Azusa,17,100,44201,Ozone,87,31080,"Los Angeles-Long Beach-Anaheim, CA",6,California,37,Los Angeles,34.1365,-117.92391
09/15/2018,AQS,1,0.068,ppm,93,Azusa,17,100,44201,Ozone,87,31080,"Los Angeles-Long Beach-Anaheim, CA",6,California,37,Los Angeles,34.1365,-117.92391
09/16/2018,AQS,1,0.066,ppm,87,Azusa,17,100,44201,Ozone,87,31080,"Los Angeles-Long Beach-Anaheim, CA",6,California,37,Los Angeles,34.1365,-117.92391
09/17/2018,AQS,1,0.059,ppm,64,Azusa,17,100,44201,Ozone,87,31080,"Los Angeles-Long Beach-Anaheim, CA",6,California,37,Los Angeles,34.1365,-117.92391
09/18/2018,AQS,1,0.057,ppm,58,Azusa,15,88,44201,Ozone,87,31080,"Los Angeles-Long Beach-Anaheim, CA",6,California,37,Los Angeles,34.1365,-117.92391
09/19/2018,AQS,1,0.07,ppm,100,Azusa,14,82,44201,Ozone,87,31080,"Los Angeles-Long Beach-Anaheim, CA",6,California,37,Los Angeles,34.1365,-117.92391
09/21/2018,AQS,1,0.065,ppm,84,Azusa,17,100,44201,Ozone,87,31080,"Los Angeles-Long Beach-Anaheim, CA",6,California,37,Los Angeles,34.1365,-117.92391
09/22/2018,AQS,1,0.074,ppm,112,Azusa,17,100,44201,Ozone,87,31080,"Los Angeles-Long Beach-Anaheim, CA",6,California,37,Los Angeles,34.1365,-117.92391
09/23/2018,AQS,1,0.069,ppm,97,Azusa,17,100,44201,Ozone,87,31080,"Los Angeles-Long Beach-Anaheim, CA",6,California,37,Los Angeles,34.1365,-117.92391
09/24/2018,AQS,1,0.05,ppm,46,Azusa,17,100,44201,Ozone,87,31080,"Los Angeles-Long Beach-Anaheim, CA",6,California,37,Los Angeles,34.1365,-117.92391
09/25/2018,AQS,1,0.044,ppm,41,Azusa,17,100,44201,Ozone,87,31080,"Los Angeles-Long Beach-Anaheim, CA",6,California,37,Los Angeles,34.1365,-117.92391
09/26/2018,AQS,1,0.063,ppm,77,Azusa,17,100,44201,Ozone,87,31080,"Los Angeles-Long Beach-Anaheim, CA",6,California,37,Los Angeles,34.1365,-117.92391
09/27/2018,AQS,1,0.066,ppm,87,Azusa,17,100,44201,Ozone,87,31080,"Los Angeles-Long Beach-Anaheim, CA",6,California,37,Los Angeles,34.1365,-117.92391
09/28/2018,AQS,1,0.07,ppm,100,Azusa,14,82,44201,Ozone,87,31080,"Los Angeles-Long Beach-Anaheim, CA",6,California,37,Los Angeles,34.1365,-117.92391
09/29/2018,AQS,1,0.059,ppm,64,Azusa,17,100,44201,Ozone,87,31080,"Los Angeles-Long Beach-Anaheim, CA",6,California,37,Los Angeles,34.1365,-117.92391
09/30/2018,AQS,1,0.051,ppm,47,Azusa,17,100,44201,Ozone,87,31080,"Los Angeles-Long Beach-Anaheim, CA",6,California,37,Los Angeles,34.1365,-117.92391
10/01/2018,AQS,1,0.044,ppm,41,Azusa,17,100,44201,Ozone,87,31080,"Los Angeles-Long Beach-Anaheim, CA",6,California,37,Los Angeles,34.1365,-117.92391
10/02/2018,AQS,1,0.028,ppm,26,Azusa,17,100,44201,Ozone,87,31080,"Los Angeles-Long Beach-Anaheim, CA",6,California,37,Los Angeles,34.1365,-117.92391
10/03/2018,AQS,1,0.028,ppm,26,Azusa,17,100,44201,Ozone,87,31080,"Los Angeles-Long Beach-Anaheim, CA",6,California,37,Los Angeles,34.1365,-117.92391
10/04/2018,AQS,1,0.031,ppm,29,Azusa,17,100,44201,Ozone,87,31080,"Los Angeles-Long Beach-Anaheim, CA",6,California,37,Los Angeles,34.1365,-117.92391
10/05/2018,AQS,1,0.041,ppm,38,Azusa,17,100,44201,Ozone,87,31080,"Los Angeles-Long Beach-Anaheim, CA",6,California,37,Los Angeles,34.1365,-117.92391
10/06/2018,AQS,1,0.047,ppm,44,Azusa,17,100,44201,Ozone,87,31080,"Los Angeles-Long Beach-Anaheim, CA",6,California,37,Los Angeles,34.1365,-117.92391
10/07/2018,AQS,1,0.054,ppm,50,Azusa,17,100,44201,Ozone,87,31080,"Los Angeles-Long Beach-Anaheim, CA",6,California,37,Los Angeles,34.1365,-117.92391
10/08/2018,AQS,1,0.05,ppm,46,Azusa,17,100,44201,Ozone,87,31080,"Los Angeles-Long Beach-Anaheim, CA",6,California,37,Los Angeles,34.1365,-117.92391
10/09/2018,AQS,1,0.046,ppm,43,Azusa,17,100,44201,Ozone,87,31080,"Los Angeles-Long Beach-Anaheim, CA",6,California,37,Los Angeles,34.1365,-117.92391
10/10/2018,AQS,1,0.045,ppm,42,Azusa,17,100,44201,Ozone,87,31080,"Los Angeles-Long Beach-Anaheim, CA",6,California,37,Los Angeles,34.1365,-117.92391
10/11/2018,AQS,1,0.049,ppm,45,Azusa,17,100,44201,Ozone,87,31080,"Los Angeles-Long Beach-Anaheim, CA",6,California,37,Los Angeles,34.1365,-117.92391
10/12/2018,AQS,1,0.044,ppm,41,Azusa,17,100,44201,Ozone,87,31080,"Los Angeles-Long Beach-Anaheim, CA",6,California,37,Los Angeles,34.1365,-117.92391
10/13/2018,AQS,1,0.026,ppm,24,Azusa,17,100,44201,Ozone,87,31080,"Los Angeles-Long Beach-Anaheim, CA",6,California,37,Los Angeles,34.1365,-117.92391
10/14/2018,AQS,1,0.041,ppm,38,Azusa,17,100,44201,Ozone,87,31080,"Los Angeles-Long Beach-Anaheim, CA",6,California,37,Los Angeles,34.1365,-117.92391
10/15/2018,AQS,1,0.055,ppm,51,Azusa,17,100,44201,Ozone,87,31080,"Los Angeles-Long Beach-Anaheim, CA",6,California,37,Los Angeles,34.1365,-117.92391
10/16/2018,AQS,1,0.039,ppm,36,Azusa,17,100,44201,Ozone,87,31080,"Los Angeles-Long Beach-Anaheim, CA",6,California,37,Los Angeles,34.1365,-117.92391
10/17/2018,AQS,1,0.046,ppm,43,Azusa,17,100,44201,Ozone,87,31080,"Los Angeles-Long Beach-Anaheim, CA",6,California,37,Los Angeles,34.1365,-117.92391
10/18/2018,AQS,1,0.049,ppm,45,Azusa,17,100,44201,Ozone,87,31080,"Los Angeles-Long Beach-Anaheim, CA",6,California,37,Los Angeles,34.1365,-117.92391
10/19/2018,AQS,1,0.053,ppm,49,Azusa,17,100,44201,Ozone,87,31080,"Los Angeles-Long Beach-Anaheim, CA",6,California,37,Los Angeles,34.1365,-117.92391
10/20/2018,AQS,1,0.053,ppm,49,Azusa,17,100,44201,Ozone,87,31080,"Los Angeles-Long Beach-Anaheim, CA",6,California,37,Los Angeles,34.1365,-117.92391
10/21/2018,AQS,1,0.067,ppm,90,Azusa,17,100,44201,Ozone,87,31080,"Los Angeles-Long Beach-Anaheim, CA",6,California,37,Los Angeles,34.1365,-117.92391
10/22/2018,AQS,1,0.053,ppm,49,Azusa,17,100,44201,Ozone,87,31080,"Los Angeles-Long Beach-Anaheim, CA",6,California,37,Los Angeles,34.1365,-117.92391
10/23/2018,AQS,1,0.048,ppm,44,Azusa,17,100,44201,Ozone,87,31080,"Los Angeles-Long Beach-Anaheim, CA",6,California,37,Los Angeles,34.1365,-117.92391
10/24/2018,AQS,1,0.049,ppm,45,Azusa,17,100,44201,Ozone,87,31080,"Los Angeles-Long Beach-Anaheim, CA",6,California,37,Los Angeles,34.1365,-117.92391
10/25/2018,AQS,1,0.055,ppm,51,Azusa,17,100,44201,Ozone,87,31080,"Los Angeles-Long Beach-Anaheim, CA",6,California,37,Los Angeles,34.1365,-117.92391
10/26/2018,AQS,1,0.063,ppm,77,Azusa,17,100,44201,Ozone,87,31080,"Los Angeles-Long Beach-Anaheim, CA",6,California,37,Los Angeles,34.1365,-117.92391
10/27/2018,AQS,1,0.071,ppm,101,Azusa,17,100,44201,Ozone,87,31080,"Los Angeles-Long Beach-Anaheim, CA",6,California,37,Los Angeles,34.1365,-117.92391
10/28/2018,AQS,1,0.067,ppm,90,Azusa,17,100,44201,Ozone,87,31080,"Los Angeles-Long Beach-Anaheim, CA",6,California,37,Los Angeles,34.1365,-117.92391
10/29/2018,AQS,1,0.051,ppm,47,Azusa,17,100,44201,Ozone,87,31080,"Los Angeles-Long Beach-Anaheim, CA",6,California,37,Los Angeles,34.1365,-117.92391
10/30/2018,AQS,1,0.05,ppm,46,Azusa,17,100,44201,Ozone,87,31080,"Los Angeles-Long Beach-Anaheim, CA",6,California,37,Los Angeles,34.1365,-117.92391
10/31/2018,AQS,1,0.048,ppm,44,Azusa,17,100,44201,Ozone,87,31080,"Los Angeles-Long Beach-Anaheim, CA",6,California,37,Los Angeles,34.1365,-117.92391
11/01/2018,AQS,1,0.046,ppm,43,Azusa,17,100,44201,Ozone,87,31080,"Los Angeles-Long Beach-Anaheim, CA",6,California,37,Los Angeles,34.1365,-117.92391
11/03/2018,AQS,1,0.053,ppm,49,Azusa,17,100,44201,Ozone,87,31080,"Los Angeles-Long Beach-Anaheim, CA",6,California,37,Los Angeles,34.1365,-117.92391
11/04/2018,AQS,1,0.061,ppm,71,Azusa,17,100,44201,Ozone,87,31080,"Los Angeles-Long Beach-Anaheim, CA",6,California,37,Los Angeles,34.1365,-117.92391
11/05/2018,AQS,1,0.042,ppm,39,Azusa,17,100,44201,Ozone,87,31080,"Los Angeles-Long Beach-Anaheim, CA",6,California,37,Los Angeles,34.1365,-117.92391
11/06/2018,AQS,1,0.043,ppm,40,Azusa,17,100,44201,Ozone,87,31080,"Los Angeles-Long Beach-Anaheim, CA",6,California,37,Los Angeles,34.1365,-117.92391
11/07/2018,AQS,1,0.05,ppm,46,Azusa,17,100,44201,Ozone,87,31080,"Los Angeles-Long Beach-Anaheim, CA",6,California,37,Los Angeles,34.1365,-117.92391
11/08/2018,AQS,1,0.053,ppm,49,Azusa,17,100,44201,Ozone,87,31080,"Los Angeles-Long Beach-Anaheim, CA",6,California,37,Los Angeles,34.1365,-117.92391
11/09/2018,AQS,1,0.042,ppm,39,Azusa,17,100,44201,Ozone,87,31080,"Los Angeles-Long Beach-Anaheim, CA",6,California,37,Los Angeles,34.1365,-117.92391
11/10/2018,AQS,1,0.046,ppm,43,Azusa,17,100,44201,Ozone,87,31080,"Los Angeles-Long Beach-Anaheim, CA",6,California,37,Los Angeles,34.1365,-117.92391
11/11/2018,AQS,1,0.066,ppm,87,Azusa,17,100,44201,Ozone,87,31080,"Los Angeles-Long Beach-Anaheim, CA",6,California,37,Los Angeles,34.1365,-117.92391
11/12/2018,AQS,1,0.039,ppm,36,Azusa,17,100,44201,Ozone,87,31080,"Los Angeles-Long Beach-Anaheim, CA",6,California,37,Los Angeles,34.1365,-117.92391
11/13/2018,AQS,1,0.037,ppm,34,Azusa,17,100,44201,Ozone,87,31080,"Los Angeles-Long Beach-Anaheim, CA",6,California,37,Los Angeles,34.1365,-117.92391
11/14/2018,AQS,1,0.037,ppm,34,Azusa,17,100,44201,Ozone,87,31080,"Los Angeles-Long Beach-Anaheim, CA",6,California,37,Los Angeles,34.1365,-117.92391
11/15/2018,AQS,1,0.034,ppm,31,Azusa,17,100,44201,Ozone,87,31080,"Los Angeles-Long Beach-Anaheim, CA",6,California,37,Los Angeles,34.1365,-117.92391
11/16/2018,AQS,1,0.026,ppm,24,Azusa,17,100,44201,Ozone,87,31080,"Los Angeles-Long Beach-Anaheim, CA",6,California,37,Los Angeles,34.1365,-117.92391
11/17/2018,AQS,1,0.037,ppm,34,Azusa,17,100,44201,Ozone,87,31080,"Los Angeles-Long Beach-Anaheim, CA",6,California,37,Los Angeles,34.1365,-117.92391
11/18/2018,AQS,1,0.049,ppm,45,Azusa,17,100,44201,Ozone,87,31080,"Los Angeles-Long Beach-Anaheim, CA",6,California,37,Los Angeles,34.1365,-117.92391
11/19/2018,AQS,1,0.026,ppm,24,Azusa,17,100,44201,Ozone,87,31080,"Los Angeles-Long Beach-Anaheim, CA",6,California,37,Los Angeles,34.1365,-117.92391
11/20/2018,AQS,1,0.026,ppm,24,Azusa,17,100,44201,Ozone,87,31080,"Los Angeles-Long Beach-Anaheim, CA",6,California,37,Los Angeles,34.1365,-117.92391
11/21/2018,AQS,1,0.035,ppm,32,Azusa,17,100,44201,Ozone,87,31080,"Los Angeles-Long Beach-Anaheim, CA",6,California,37,Los Angeles,34.1365,-117.92391
11/22/2018,AQS,1,0.035,ppm,32,Azusa,17,100,44201,Ozone,87,31080,"Los Angeles-Long Beach-Anaheim, CA",6,California,37,Los Angeles,34.1365,-117.92391
11/23/2018,AQS,1,0.035,ppm,32,Azusa,17,100,44201,Ozone,87,31080,"Los Angeles-Long Beach-Anaheim, CA",6,California,37,Los Angeles,34.1365,-117.92391
11/24/2018,AQS,1,0.038,ppm,35,Azusa,17,100,44201,Ozone,87,31080,"Los Angeles-Long Beach-Anaheim, CA",6,California,37,Los Angeles,34.1365,-117.92391
11/25/2018,AQS,1,0.041,ppm,38,Azusa,17,100,44201,Ozone,87,31080,"Los Angeles-Long Beach-Anaheim, CA",6,California,37,Los Angeles,34.1365,-117.92391
11/26/2018,AQS,1,0.033,ppm,31,Azusa,17,100,44201,Ozone,87,31080,"Los Angeles-Long Beach-Anaheim, CA",6,California,37,Los Angeles,34.1365,-117.92391
11/27/2018,AQS,1,0.025,ppm,23,Azusa,17,100,44201,Ozone,87,31080,"Los Angeles-Long Beach-Anaheim, CA",6,California,37,Los Angeles,34.1365,-117.92391
11/28/2018,AQS,1,0.036,ppm,33,Azusa,17,100,44201,Ozone,87,31080,"Los Angeles-Long Beach-Anaheim, CA",6,California,37,Los Angeles,34.1365,-117.92391
11/30/2018,AQS,1,0.03,ppm,28,Azusa,17,100,44201,Ozone,87,31080,"Los Angeles-Long Beach-Anaheim, CA",6,California,37,Los Angeles,34.1365,-117.92391
12/01/2018,AQS,1,0.034,ppm,31,Azusa,17,100,44201,Ozone,87,31080,"Los Angeles-Long Beach-Anaheim, CA",6,California,37,Los Angeles,34.1365,-117.92391
12/02/2018,AQS,1,0.04,ppm,37,Azusa,17,100,44201,Ozone,87,31080,"Los Angeles-Long Beach-Anaheim, CA",6,California,37,Los Angeles,34.1365,-117.92391
12/03/2018,AQS,1,0.034,ppm,31,Azusa,17,100,44201,Ozone,87,31080,"Los Angeles-Long Beach-Anaheim, CA",6,California,37,Los Angeles,34.1365,-117.92391
12/04/2018,AQS,1,0.033,ppm,31,Azusa,17,100,44201,Ozone,87,31080,"Los Angeles-Long Beach-Anaheim, CA",6,California,37,Los Angeles,34.1365,-117.92391
12/06/2018,AQS,1,0.034,ppm,31,Azusa,17,100,44201,Ozone,87,31080,"Los Angeles-Long Beach-Anaheim, CA",6,California,37,Los Angeles,34.1365,-117.92391
12/09/2018,AQS,1,0.035,ppm,32,Azusa,15,88,44201,Ozone,87,31080,"Los Angeles-Long Beach-Anaheim, CA",6,California,37,Los Angeles,34.1365,-117.92391
12/10/2018,AQS,1,0.011,ppm,10,Azusa,17,100,44201,Ozone,87,31080,"Los Angeles-Long Beach-Anaheim, CA",6,California,37,Los Angeles,34.1365,-117.92391
12/12/2018,AQS,1,0.027,ppm,25,Azusa,17,100,44201,Ozone,87,31080,"Los Angeles-Long Beach-Anaheim, CA",6,California,37,Los Angeles,34.1365,-117.92391
12/13/2018,AQS,1,0.03,ppm,28,Azusa,17,100,44201,Ozone,87,31080,"Los Angeles-Long Beach-Anaheim, CA",6,California,37,Los Angeles,34.1365,-117.92391
12/14/2018,AQS,1,0.023,ppm,21,Azusa,17,100,44201,Ozone,87,31080,"Los Angeles-Long Beach-Anaheim, CA",6,California,37,Los Angeles,34.1365,-117.92391
12/15/2018,AQS,1,0.035,ppm,32,Azusa,17,100,44201,Ozone,87,31080,"Los Angeles-Long Beach-Anaheim, CA",6,California,37,Los Angeles,34.1365,-117.92391
12/16/2018,AQS,1,0.025,ppm,23,Azusa,17,100,44201,Ozone,87,31080,"Los Angeles-Long Beach-Anaheim, CA",6,California,37,Los Angeles,34.1365,-117.92391
12/17/2018,AQS,1,0.026,ppm,24,Azusa,17,100,44201,Ozone,87,31080,"Los Angeles-Long Beach-Anaheim, CA",6,California,37,Los Angeles,34.1365,-117.92391
12/18/2018,AQS,1,0.024,ppm,22,Azusa,17,100,44201,Ozone,87,31080,"Los Angeles-Long Beach-Anaheim, CA",6,California,37,Los Angeles,34.1365,-117.92391
12/19/2018,AQS,1,0.028,ppm,26,Azusa,17,100,44201,Ozone,87,31080,"Los Angeles-Long Beach-Anaheim, CA",6,California,37,Los Angeles,34.1365,-117.92391
12/20/2018,AQS,1,0.016,ppm,15,Azusa,17,100,44201,Ozone,87,31080,"Los Angeles-Long Beach-Anaheim, CA",6,California,37,Los Angeles,34.1365,-117.92391
12/21/2018,AQS,1,0.01,ppm,9,Azusa,17,100,44201,Ozone,87,31080,"Los Angeles-Long Beach-Anaheim, CA",6,California,37,Los Angeles,34.1365,-117.92391
12/22/2018,AQS,1,0.019,ppm,18,Azusa,17,100,44201,Ozone,87,31080,"Los Angeles-Long Beach-Anaheim, CA",6,California,37,Los Angeles,34.1365,-117.92391
12/23/2018,AQS,1,0.02,ppm,19,Azusa,17,100,44201,Ozone,87,31080,"Los Angeles-Long Beach-Anaheim, CA",6,California,37,Los Angeles,34.1365,-117.92391
12/24/2018,AQS,1,0.031,ppm,29,Azusa,17,100,44201,Ozone,87,31080,"Los Angeles-Long Beach-Anaheim, CA",6,California,37,Los Angeles,34.1365,-117.92391
12/25/2018,AQS,1,0.039,ppm,36,Azusa,17,100,44201,Ozone,87,31080,"Los Angeles-Long Beach-Anaheim, CA",6,California,37,Los Angeles,34.1365,-117.92391
12/26/2018,AQS,1,0.028,ppm,26,Azusa,17,100,44201,Ozone,87,31080,"Los Angeles-Long Beach-Anaheim, CA",6,California,37,Los Angeles,34.1365,-117.92391
12/27/2018,AQS,1,0.042,ppm,39,Azusa,17,100,44201,Ozone,87,31080,"Los Angeles-Long Beach-Anaheim, CA",6,California,37,Los Angeles,34.1365,-117.92391
12/28/2018,AQS,1,0.04,ppm,37,Azusa,17,100,44201,Ozone,87,31080,"Los Angeles-Long Beach-Anaheim, CA",6,California,37,Los Angeles,34.1365,-117.92391
12/29/2018,AQS,1,0.035,ppm,32,Azusa,17,100,44201,Ozone,87,31080,"Los Angeles-Long Beach-Anaheim, CA",6,California,37,Los Angeles,34.1365,-117.92391
12/30/2018,AQS,1,0.033,ppm,31,Azusa,17,100,44201,Ozone,87,31080,"Los Angeles-Long Beach-Anaheim, CA",6,California,37,Los Angeles,34.1365,-117.92391
01/01/2019,AQS,1,0.038,ppm,35,Azusa,17,100,44201,Ozone,87,31080,"Los Angeles-Long Beach-Anaheim, CA",6,California,37,Los Angeles,34.1365,-117.92391
01/02/2019,AQS,1,0.035,ppm,32,Azusa,17,100,44201,Ozone,87,31080,"Los Angeles-Long Beach-Anaheim, CA",6,California,37,Los Angeles,34.1365,-117.92391
01/03/2019,AQS,1,0.033,ppm,31,Azusa,17,100,44201,Ozone,87,31080,"Los Angeles-Long Beach-Anaheim, CA",6,California,37,Los Angeles,34.1365,-117.92391
01/04/2019,AQS,1,0.023,ppm,21,Azusa,17,100,44201,Ozone,87,31080,"Los Angeles-Long Beach-Anaheim, CA",6,California,37,Los Angeles,34.1365,-117.92391
01/05/2019,AQS,1,0.038,ppm,35,Azusa,17,100,44201,Ozone,87,31080,"Los Angeles-Long Beach-Anaheim, CA",6,California,37,Los Angeles,34.1365,-117.92391
01/06/2019,AQS,1,0.039,ppm,36,Azusa,17,100,44201,Ozone,87,31080,"Los Angeles-Long Beach-Anaheim, CA",6,California,37,Los Angeles,34.1365,-117.92391
01/07/2019,AQS,1,0.031,ppm,29,Azusa,17,100,44201,Ozone,87,31080,"Los Angeles-Long Beach-Anaheim, CA",6,California,37,Los Angeles,34.1365,-117.92391
01/08/2019,AQS,1,0.031,ppm,29,Azusa,17,100,44201,Ozone,87,31080,"Los Angeles-Long Beach-Anaheim, CA",6,California,37,Los Angeles,34.1365,-117.92391
01/09/2019,AQS,1,0.023,ppm,21,Azusa,17,100,44201,Ozone,87,31080,"Los Angeles-Long Beach-Anaheim, CA",6,California,37,Los Angeles,34.1365,-117.92391
01/10/2019,AQS,1,0.023,ppm,21,Azusa,14,82,44201,Ozone,87,31080,"Los Angeles-Long Beach-Anaheim, CA",6,California,37,Los Angeles,34.1365,-117.92391
01/11/2019,AQS,1,0.018,ppm,17,Azusa,17,100,44201,Ozone,87,31080,"Los Angeles-Long Beach-Anaheim, CA",6,California,37,Los Angeles,34.1365,-117.92391
01/12/2019,AQS,1,0.036,ppm,33,Azusa,17,100,44201,Ozone,87,31080,"Los Angeles-Long Beach-Anaheim, CA",6,California,37,Los Angeles,34.1365,-117.92391
01/13/2019,AQS,1,0.035,ppm,32,Azusa,17,100,44201,Ozone,87,31080,"Los Angeles-Long Beach-Anaheim, CA",6,California,37,Los Angeles,34.1365,-117.92391
01/14/2019,AQS,1,0.034,ppm,31,Azusa,17,100,44201,Ozone,87,31080,"Los Angeles-Long Beach-Anaheim, CA",6,California,37,Los Angeles,34.1365,-117.92391
01/15/2019,AQS,1,0.04,ppm,37,Azusa,17,100,44201,Ozone,87,31080,"Los Angeles-Long Beach-Anaheim, CA",6,California,37,Los Angeles,34.1365,-117.92391
01/16/2019,AQS,1,0.026,ppm,24,Azusa,17,100,44201,Ozone,87,31080,"Los Angeles-Long Beach-Anaheim, CA",6,California,37,Los Angeles,34.1365,-117.92391
01/17/2019,AQS,1,0.02,ppm,19,Azusa,17,100,44201,Ozone,87,31080,"Los Angeles-Long Beach-Anaheim, CA",6,California,37,Los Angeles,34.1365,-117.92391
01/18/2019,AQS,1,0.029,ppm,27,Azusa,17,100,44201,Ozone,87,31080,"Los Angeles-Long Beach-Anaheim, CA",6,California,37,Los Angeles,34.1365,-117.92391
01/19/2019,AQS,1,0.034,ppm,31,Azusa,17,100,44201,Ozone,87,31080,"Los Angeles-Long Beach-Anaheim, CA",6,California,37,Los Angeles,34.1365,-117.92391
01/20/2019,AQS,1,0.031,ppm,29,Azusa,17,100,44201,Ozone,87,31080,"Los Angeles-Long Beach-Anaheim, CA",6,California,37,Los Angeles,34.1365,-117.92391
01/21/2019,AQS,1,0.043,ppm,40,Azusa,17,100,44201,Ozone,87,31080,"Los Angeles-Long Beach-Anaheim, CA",6,California,37,Los Angeles,34.1365,-117.92391
01/22/2019,AQS,1,0.03,ppm,28,Azusa,17,100,44201,Ozone,87,31080,"Los Angeles-Long Beach-Anaheim, CA",6,California,37,Los Angeles,34.1365,-117.92391
01/23/2019,AQS,1,0.033,ppm,31,Azusa,17,100,44201,Ozone,87,31080,"Los Angeles-Long Beach-Anaheim, CA",6,California,37,Los Angeles,34.1365,-117.92391
01/24/2019,AQS,1,0.036,ppm,33,Azusa,17,100,44201,Ozone,87,31080,"Los Angeles-Long Beach-Anaheim, CA",6,California,37,Los Angeles,34.1365,-117.92391
01/25/2019,AQS,1,0.038,ppm,35,Azusa,17,100,44201,Ozone,87,31080,"Los Angeles-Long Beach-Anaheim, CA",6,California,37,Los Angeles,34.1365,-117.92391
01/26/2019,AQS,1,0.045,ppm,42,Azusa,17,100,44201,Ozone,87,31080,"Los Angeles-Long Beach-Anaheim, CA",6,California,37,Los Angeles,34.1365,-117.92391
01/27/2019,AQS,1,0.046,ppm,43,Azusa,17,100,44201,Ozone,87,31080,"Los Angeles-Long Beach-Anaheim, CA",6,California,37,Los Angeles,34.1365,-117.92391
01/28/2019,AQS,1,0.022,ppm,20,Azusa,17,100,44201,Ozone,87,31080,"Los Angeles-Long Beach-Anaheim, CA",6,California,37,Los Angeles,34.1365,-117.92391
01/29/2019,AQS,1,0.026,ppm,24,Azusa,17,100,44201,Ozone,87,31080,"Los Angeles-Long Beach-Anaheim, CA",6,California,37,Los Angeles,34.1365,-117.92391
01/30/2019,AQS,1,0.031,ppm,29,Azusa,17,100,44201,Ozone,87,31080,"Los Angeles-Long Beach-Anaheim, CA",6,California,37,Los Angeles,34.1365,-117.92391
01/31/2019,AQS,1,0.032,ppm,30,Azusa,17,100,44201,Ozone,87,31080,"Los Angeles-Long Beach-Anaheim, CA",6,California,37,Los Angeles,34.1365,-117.92391
02/01/2019,AQS,1,0.029,ppm,27,Azusa,17,100,44201,Ozone,87,31080,"Los Angeles-Long Beach-Anaheim, CA",6,California,37,Los Angeles,34.1365,-117.92391
02/02/2019,AQS,1,0.036,ppm,33,Azusa,17,100,44201,Ozone,87,31080,"Los Angeles-Long Beach-Anaheim, CA",6,California,37,Los Angeles,34.1365,-117.92391
02/03/2019,AQS,1,0.037,ppm,34,Azusa,17,100,44201,Ozone,87,31080,"Los Angeles-Long Beach-Anaheim, CA",6,California,37,Los Angeles,34.1365,-117.92391
02/04/2019,AQS,1,0.035,ppm,32,Azusa,17,100,44201,Ozone,87,31080,"Los Angeles-Long Beach-Anaheim, CA",6,California,37,Los Angeles,34.1365,-117.92391
02/05/2019,AQS,1,0.038,ppm,35,Azusa,17,100,44201,Ozone,87,31080,"Los Angeles-Long Beach-Anaheim, CA",6,California,37,Los Angeles,34.1365,-117.92391
02/06/2019,AQS,1,0.037,ppm,34,Azusa,17,100,44201,Ozone,87,31080,"Los Angeles-Long Beach-Anaheim, CA",6,California,37,Los Angeles,34.1365,-117.92391
02/07/2019,AQS,1,0.04,ppm,37,Azusa,17,100,44201,Ozone,87,31080,"Los Angeles-Long Beach-Anaheim, CA",6,California,37,Los Angeles,34.1365,-117.92391
02/08/2019,AQS,1,0.041,ppm,38,Azusa,17,100,44201,Ozone,87,31080,"Los Angeles-Long Beach-Anaheim, CA",6,California,37,Los Angeles,34.1365,-117.92391
02/09/2019,AQS,1,0.043,ppm,40,Azusa,17,100,44201,Ozone,87,31080,"Los Angeles-Long Beach-Anaheim, CA",6,California,37,Los Angeles,34.1365,-117.92391
02/10/2019,AQS,1,0.039,ppm,36,Azusa,17,100,44201,Ozone,87,31080,"Los Angeles-Long Beach-Anaheim, CA",6,California,37,Los Angeles,34.1365,-117.92391
02/11/2019,AQS,1,0.039,ppm,36,Azusa,17,100,44201,Ozone,87,31080,"Los Angeles-Long Beach-Anaheim, CA",6,California,37,Los Angeles,34.1365,-117.92391
02/12/2019,AQS,1,0.033,ppm,31,Azusa,17,100,44201,Ozone,87,31080,"Los Angeles-Long Beach-Anaheim, CA",6,California,37,Los Angeles,34.1365,-117.92391
02/13/2019,AQS,1,0.039,ppm,36,Azusa,17,100,44201,Ozone,87,31080,"Los Angeles-Long Beach-Anaheim, CA",6,California,37,Los Angeles,34.1365,-117.92391
02/14/2019,AQS,1,0.033,ppm,31,Azusa,17,100,44201,Ozone,87,31080,"Los Angeles-Long Beach-Anaheim, CA",6,California,37,Los Angeles,34.1365,-117.92391
02/15/2019,AQS,1,0.037,ppm,34,Azusa,17,100,44201,Ozone,87,31080,"Los Angeles-Long Beach-Anaheim, CA",6,California,37,Los Angeles,34.1365,-117.92391
02/16/2019,AQS,1,0.041,ppm,38,Azusa,17,100,44201,Ozone,87,31080,"Los Angeles-Long Beach-Anaheim, CA",6,California,37,Los Angeles,34.1365,-117.92391
02/17/2019,AQS,1,0.037,ppm,34,Azusa,17,100,44201,Ozone,87,31080,"Los Angeles-Long Beach-Anaheim, CA",6,California,37,Los Angeles,34.1365,-117.92391
02/18/2019,AQS,1,0.039,ppm,36,Azusa,17,100,44201,Ozone,87,31080,"Los Angeles-Long Beach-Anaheim, CA",6,California,37,Los Angeles,34.1365,-117.92391
02/19/2019,AQS,1,0.035,ppm,32,Azusa,17,100,44201,Ozone,87,31080,"Los Angeles-Long Beach-Anaheim, CA",6,California,37,Los Angeles,34.1365,-117.92391
02/20/2019,AQS,1,0.036,ppm,33,Azusa,17,100,44201,Ozone,87,31080,"Los Angeles-Long Beach-Anaheim, CA",6,California,37,Los Angeles,34.1365,-117.92391
02/21/2019,AQS,1,0.037,ppm,34,Azusa,17,100,44201,Ozone,87,31080,"Los Angeles-Long Beach-Anaheim, CA",6,California,37,Los Angeles,34.1365,-117.92391
02/22/2019,AQS,1,0.036,ppm,33,Azusa,17,100,44201,Ozone,87,31080,"Los Angeles-Long Beach-Anaheim, CA",6,California,37,Los Angeles,34.1365,-117.92391
02/23/2019,AQS,1,0.045,ppm,42,Azusa,17,100,44201,Ozone,87,31080,"Los Angeles-Long Beach-Anaheim, CA",6,California,37,Los Angeles,34.1365,-117.92391
02/24/2019,AQS,1,0.053,ppm,49,Azusa,17,100,44201,Ozone,87,31080,"Los Angeles-Long Beach-Anaheim, CA",6,California,37,Los Angeles,34.1365,-117.92391
02/25/2019,AQS,1,0.048,ppm,44,Azusa,17,100,44201,Ozone,87,31080,"Los Angeles-Long Beach-Anaheim, CA",6,California,37,Los Angeles,34.1365,-117.92391
02/26/2019,AQS,1,0.041,ppm,38,Azusa,17,100,44201,Ozone,87,31080,"Los Angeles-Long Beach-Anaheim, CA",6,California,37,Los Angeles,34.1365,-117.92391
02/27/2019,AQS,1,0.046,ppm,43,Azusa,17,100,44201,Ozone,87,31080,"Los Angeles-Long Beach-Anaheim, CA",6,California,37,Los Angeles,34.1365,-117.92391
02/28/2019,AQS,1,0.03,ppm,28,Azusa,17,100,44201,Ozone,87,31080,"Los Angeles-Long Beach-Anaheim, CA",6,California,37,Los Angeles,34.1365,-117.92391
03/01/2019,AQS,1,0.028,ppm,26,Azusa,17,100,44201,Ozone,87,31080,"Los Angeles-Long Beach-Anaheim, CA",6,California,37,Los Angeles,34.1365,-117.92391
03/02/2019,AQS,1,0.029,ppm,27,Azusa,17,100,44201,Ozone,87,31080,"Los Angeles-Long Beach-Anaheim, CA",6,California,37,Los Angeles,34.1365,-117.92391
03/03/2019,AQS,1,0.04,ppm,37,Azusa,17,100,44201,Ozone,87,31080,"Los Angeles-Long Beach-Anaheim, CA",6,California,37,Los Angeles,34.1365,-117.92391
03/04/2019,AQS,1,0.03,ppm,28,Azusa,17,100,44201,Ozone,87,31080,"Los Angeles-Long Beach-Anaheim, CA",6,California,37,Los Angeles,34.1365,-117.92391
03/05/2019,AQS,1,0.035,ppm,32,Azusa,17,100,44201,Ozone,87,31080,"Los Angeles-Long Beach-Anaheim, CA",6,California,37,Los Angeles,34.1365,-117.92391
03/06/2019,AQS,1,0.034,ppm,31,Azusa,17,100,44201,Ozone,87,31080,"Los Angeles-Long Beach-Anaheim, CA",6,California,37,Los Angeles,34.1365,-117.92391
03/07/2019,AQS,1,0.039,ppm,36,Azusa,17,100,44201,Ozone,87,31080,"Los Angeles-Long Beach-Anaheim, CA",6,California,37,Los Angeles,34.1365,-117.92391
03/08/2019,AQS,1,0.043,ppm,40,Azusa,17,100,44201,Ozone,87,31080,"Los Angeles-Long Beach-Anaheim, CA",6,California,37,Los Angeles,34.1365,-117.92391
03/09/2019,AQS,1,0.044,ppm,41,Azusa,17,100,44201,Ozone,87,31080,"Los Angeles-Long Beach-Anaheim, CA",6,California,37,Los Angeles,34.1365,-117.92391
03/10/2019,AQS,1,0.045,ppm,42,Azusa,17,100,44201,Ozone,87,31080,"Los Angeles-Long Beach-Anaheim, CA",6,California,37,Los Angeles,34.1365,-117.92391
03/11/2019,AQS,1,0.045,ppm,42,Azusa,17,100,44201,Ozone,87,31080,"Los Angeles-Long Beach-Anaheim, CA",6,California,37,Los Angeles,34.1365,-117.92391
03/12/2019,AQS,1,0.043,ppm,40,Azusa,17,100,44201,Ozone,87,31080,"Los Angeles-Long Beach-Anaheim, CA",6,California,37,Los Angeles,34.1365,-117.92391
03/13/2019,AQS,1,0.048,ppm,44,Azusa,17,100,44201,Ozone,87,31080,"Los Angeles-Long Beach-Anaheim, CA",6,California,37,Los Angeles,34.1365,-117.92391
03/14/2019,AQS,1,0.05,ppm,46,Azusa,17,100,44201,Ozone,87,31080,"Los Angeles-Long Beach-Anaheim, CA",6,California,37,Los Angeles,34.1365,-117.92391
03/15/2019,AQS,1,0.053,ppm,49,Azusa,17,100,44201,Ozone,87,31080,"Los Angeles-Long Beach-Anaheim, CA",6,California,37,Los Angeles,34.1365,-117.92391
03/16/2019,AQS,1,0.058,ppm,61,Azusa,17,100,44201,Ozone,87,31080,"Los Angeles-Long Beach-Anaheim, CA",6,California,37,Los Angeles,34.1365,-117.92391
03/17/2019,AQS,1,0.06,ppm,67,Azusa,17,100,44201,Ozone,87,31080,"Los Angeles-Long Beach-Anaheim, CA",6,California,37,Los Angeles,34.1365,-117.92391
03/18/2019,AQS,1,0.058,ppm,61,Azusa,17,100,44201,Ozone,87,31080,"Los Angeles-Long Beach-Anaheim, CA",6,California,37,Los Angeles,34.1365,-117.92391
03/19/2019,AQS,1,0.052,ppm,48,Azusa,13,76,44201,Ozone,87,31080,"Los Angeles-Long Beach-Anaheim, CA",6,California,37,Los Angeles,34.1365,-117.92391
03/20/2019,AQS,1,0.044,ppm,41,Azusa,17,100,44201,Ozone,87,31080,"Los Angeles-Long Beach-Anaheim, CA",6,California,37,Los Angeles,34.1365,-117.92391
03/21/2019,AQS,1,0.043,ppm,40,Azusa,17,100,44201,Ozone,87,31080,"Los Angeles-Long Beach-Anaheim, CA",6,California,37,Los Angeles,34.1365,-117.92391
03/22/2019,AQS,1,0.046,ppm,43,Azusa,17,100,44201,Ozone,87,31080,"Los Angeles-Long Beach-Anaheim, CA",6,California,37,Los Angeles,34.1365,-117.92391
03/23/2019,AQS,1,0.049,ppm,45,Azusa,17,100,44201,Ozone,87,31080,"Los Angeles-Long Beach-Anaheim, CA",6,California,37,Los Angeles,34.1365,-117.92391
03/24/2019,AQS,1,0.059,ppm,64,Azusa,17,100,44201,Ozone,87,31080,"Los Angeles-Long Beach-Anaheim, CA",6,California,37,Los Angeles,34.1365,-117.92391
03/25/2019,AQS,1,0.052,ppm,48,Azusa,17,100,44201,Ozone,87,31080,"Los Angeles-Long Beach-Anaheim, CA",6,California,37,Los Angeles,34.1365,-117.92391
03/26/2019,AQS,1,0.056,ppm,54,Azusa,17,100,44201,Ozone,87,31080,"Los Angeles-Long Beach-Anaheim, CA",6,California,37,Los Angeles,34.1365,-117.92391
03/27/2019,AQS,1,0.039,ppm,36,Azusa,17,100,44201,Ozone,87,31080,"Los Angeles-Long Beach-Anaheim, CA",6,California,37,Los Angeles,34.1365,-117.92391
03/28/2019,AQS,1,0.044,ppm,41,Azusa,17,100,44201,Ozone,87,31080,"Los Angeles-Long Beach-Anaheim, CA",6,California,37,Los Angeles,34.1365,-117.92391
03/29/2019,AQS,1,0.048,ppm,44,Azusa,17,100,44201,Ozone,87,31080,"Los Angeles-Long Beach-Anaheim, CA",6,California,37,Los Angeles,34.1365,-117.92391
03/30/2019,AQS,1,0.065,ppm,84,Azusa,17,100,44201,Ozone,87,31080,"Los Angeles-Long Beach-Anaheim, CA",6,California,37,Los Angeles,34.1365,-117.92391
03/31/2019,AQS,1,0.073,ppm,108,Azusa,17,100,44201,Ozone,87,31080,"Los Angeles-Long Beach-Anaheim, CA",6,California,37,Los Angeles,34.1365,-117.92391
04/01/2019,AQS,1,0.06,ppm,67,Azusa,17,100,44201,Ozone,87,31080,"Los Angeles-Long Beach-Anaheim, CA",6,California,37,Los Angeles,34.1365,-117.92391
04/02/2019,AQS,1,0.055,ppm,51,Azusa,17,100,44201,Ozone,87,31080,"Los Angeles-Long Beach-Anaheim, CA",6,California,37,Los Angeles,34.1365,-117.92391
04/03/2019,AQS,1,0.037,ppm,34,Azusa,17,100,44201,Ozone,87,31080,"Los Angeles-Long Beach-Anaheim, CA",6,California,37,Los Angeles,34.1365,-117.92391
04/04/2019,AQS,1,0.037,ppm,34,Azusa,17,100,44201,Ozone,87,31080,"Los Angeles-Long Beach-Anaheim, CA",6,California,37,Los Angeles,34.1365,-117.92391
04/05/2019,AQS,1,0.038,ppm,35,Azusa,17,100,44201,Ozone,87,31080,"Los Angeles-Long Beach-Anaheim, CA",6,California,37,Los Angeles,34.1365,-117.92391
04/06/2019,AQS,1,0.048,ppm,44,Azusa,17,100,44201,Ozone,87,31080,"Los Angeles-Long Beach-Anaheim, CA",6,California,37,Los Angeles,34.1365,-117.92391
04/07/2019,AQS,1,0.069,ppm,97,Azusa,17,100,44201,Ozone,87,31080,"Los Angeles-Long Beach-Anaheim, CA",6,California,37,Los Angeles,34.1365,-117.92391
04/08/2019,AQS,1,0.062,ppm,74,Azusa,17,100,44201,Ozone,87,31080,"Los Angeles-Long Beach-Anaheim, CA",6,California,37,Los Angeles,34.1365,-117.92391
04/09/2019,AQS,1,0.054,ppm,50,Azusa,17,100,44201,Ozone,87,31080,"Los Angeles-Long Beach-Anaheim, CA",6,California,37,Los Angeles,34.1365,-117.92391
04/10/2019,AQS,1,0.056,ppm,54,Azusa,17,100,44201,Ozone,87,31080,"Los Angeles-Long Beach-Anaheim, CA",6,California,37,Los Angeles,34.1365,-117.92391
04/11/2019,AQS,1,0.044,ppm,41,Azusa,17,100,44201,Ozone,87,31080,"Los Angeles-Long Beach-Anaheim, CA",6,California,37,Los Angeles,34.1365,-117.92391
04/12/2019,AQS,1,0.049,ppm,45,Azusa,17,100,44201,Ozone,87,31080,"Los Angeles-Long Beach-Anaheim, CA",6,California,37,Los Angeles,34.1365,-117.92391
04/13/2019,AQS,1,0.061,ppm,71,Azusa,17,100,44201,Ozone,87,31080,"Los Angeles-Long Beach-Anaheim, CA",6,California,37,Los Angeles,34.1365,-117.92391
04/14/2019,AQS,1,0.066,ppm,87,Azusa,17,100,44201,Ozone,87,31080,"Los Angeles-Long Beach-Anaheim, CA",6,California,37,Los Angeles,34.1365,-117.92391
04/15/2019,AQS,1,0.049,ppm,45,Azusa,17,100,44201,Ozone,87,31080,"Los Angeles-Long Beach-Anaheim, CA",6,California,37,Los Angeles,34.1365,-117.92391
04/16/2019,AQS,1,0.04,ppm,37,Azusa,17,100,44201,Ozone,87,31080,"Los Angeles-Long Beach-Anaheim, CA",6,California,37,Los Angeles,34.1365,-117.92391
04/17/2019,AQS,1,0.052,ppm,48,Azusa,17,100,44201,Ozone,87,31080,"Los Angeles-Long Beach-Anaheim, CA",6,California,37,Los Angeles,34.1365,-117.92391
04/18/2019,AQS,1,0.069,ppm,97,Azusa,17,100,44201,Ozone,87,31080,"Los Angeles-Long Beach-Anaheim, CA",6,California,37,Los Angeles,34.1365,-117.92391
04/19/2019,AQS,1,0.059,ppm,64,Azusa,17,100,44201,Ozone,87,31080,"Los Angeles-Long Beach-Anaheim, CA",6,California,37,Los Angeles,34.1365,-117.92391
04/20/2019,AQS,1,0.052,ppm,48,Azusa,17,100,44201,Ozone,87,31080,"Los Angeles-Long Beach-Anaheim, CA",6,California,37,Los Angeles,34.1365,-117.92391
04/21/2019,AQS,1,0.055,ppm,51,Azusa,17,100,44201,Ozone,87,31080,"Los Angeles-Long Beach-Anaheim, CA",6,California,37,Los Angeles,34.1365,-117.92391
04/22/2019,AQS,1,0.049,ppm,45,Azusa,17,100,44201,Ozone,87,31080,"Los Angeles-Long Beach-Anaheim, CA",6,California,37,Los Angeles,34.1365,-117.92391
04/23/2019,AQS,1,0.056,ppm,54,Azusa,17,100,44201,Ozone,87,31080,"Los Angeles-Long Beach-Anaheim, CA",6,California,37,Los Angeles,34.1365,-117.92391
04/24/2019,AQS,1,0.061,ppm,71,Azusa,17,100,44201,Ozone,87,31080,"Los Angeles-Long Beach-Anaheim, CA",6,California,37,Los Angeles,34.1365,-117.92391
04/25/2019,AQS,1,0.055,ppm,51,Azusa,17,100,44201,Ozone,87,31080,"Los Angeles-Long Beach-Anaheim, CA",6,California,37,Los Angeles,34.1365,-117.92391
04/26/2019,AQS,1,0.051,ppm,47,Azusa,17,100,44201,Ozone,87,31080,"Los Angeles-Long Beach-Anaheim, CA",6,California,37,Los Angeles,34.1365,-117.92391
04/27/2019,AQS,1,0.054,ppm,50,Azusa,17,100,44201,Ozone,87,31080,"Los Angeles-Long Beach-Anaheim, CA",6,California,37,Los Angeles,34.1365,-117.92391
04/28/2019,AQS,1,0.055,ppm,51,Azusa,17,100,44201,Ozone,87,31080,"Los Angeles-Long Beach-Anaheim, CA",6,California,37,Los Angeles,34.1365,-117.92391
04/29/2019,AQS,1,0.035,ppm,32,Azusa,17,100,44201,Ozone,87,31080,"Los Angeles-Long Beach-Anaheim, CA",6,California,37,Los Angeles,34.1365,-117.92391
04/30/2019,AQS,1,0.04,ppm,37,Azusa,17,100,44201,Ozone,87,31080,"Los Angeles-Long Beach-Anaheim, CA",6,California,37,Los Angeles,34.1365,-117.92391
05/01/2019,AQS,1,0.052,ppm,48,Azusa,14,82,44201,Ozone,87,31080,"Los Angeles-Long Beach-Anaheim, CA",6,California,37,Los Angeles,34.1365,-117.92391
05/02/2019,AQS,1,0.048,ppm,44,Azusa,17,100,44201,Ozone,87,31080,"Los Angeles-Long Beach-Anaheim, CA",6,California,37,Los Angeles,34.1365,-117.92391
05/03/2019,AQS,1,0.06,ppm,67,Azusa,17,100,44201,Ozone,87,31080,"Los Angeles-Long Beach-Anaheim, CA",6,California,37,Los Angeles,34.1365,-117.92391
05/04/2019,AQS,1,0.07,ppm,100,Azusa,17,100,44201,Ozone,87,31080,"Los Angeles-Long Beach-Anaheim, CA",6,California,37,Los Angeles,34.1365,-117.92391
05/05/2019,AQS,1,0.059,ppm,64,Azusa,17,100,44201,Ozone,87,31080,"Los Angeles-Long Beach-Anaheim, CA",6,California,37,Los Angeles,34.1365,-117.92391
05/06/2019,AQS,1,0.041,ppm,38,Azusa,17,100,44201,Ozone,87,31080,"Los Angeles-Long Beach-Anaheim, CA",6,California,37,Los Angeles,34.1365,-117.92391
05/07/2019,AQS,1,0.034,ppm,31,Azusa,17,100,44201,Ozone,87,31080,"Los Angeles-Long Beach-Anaheim, CA",6,California,37,Los Angeles,34.1365,-117.92391
05/08/2019,AQS,1,0.03,ppm,28,Azusa,17,100,44201,Ozone,87,31080,"Los Angeles-Long Beach-Anaheim, CA",6,California,37,Los Angeles,34.1365,-117.92391
05/09/2019,AQS,1,0.032,ppm,30,Azusa,17,100,44201,Ozone,87,31080,"Los Angeles-Long Beach-Anaheim, CA",6,California,37,Los Angeles,34.1365,-117.92391
05/10/2019,AQS,1,0.034,ppm,31,Azusa,17,100,44201,Ozone,87,31080,"Los Angeles-Long Beach-Anaheim, CA",6,California,37,Los Angeles,34.1365,-117.92391
05/11/2019,AQS,1,0.049,ppm,45,Azusa,17,100,44201,Ozone,87,31080,"Los Angeles-Long Beach-Anaheim, CA",6,California,37,Los Angeles,34.1365,-117.92391
05/12/2019,AQS,1,0.058,ppm,61,Azusa,17,100,44201,Ozone,87,31080,"Los Angeles-Long Beach-Anaheim, CA",6,California,37,Los Angeles,34.1365,-117.92391
05/13/2019,AQS,1,0.043,ppm,40,Azusa,17,100,44201,Ozone,87,31080,"Los Angeles-Long Beach-Anaheim, CA",6,California,37,Los Angeles,34.1365,-117.92391
05/14/2019,AQS,1,0.062,ppm,74,Azusa,17,100,44201,Ozone,87,31080,"Los Angeles-Long Beach-Anaheim, CA",6,California,37,Los Angeles,34.1365,-117.92391
05/15/2019,AQS,1,0.045,ppm,42,Azusa,17,100,44201,Ozone,87,31080,"Los Angeles-Long Beach-Anaheim, CA",6,California,37,Los Angeles,34.1365,-117.92391
05/16/2019,AQS,1,0.046,ppm,43,Azusa,14,82,44201,Ozone,87,31080,"Los Angeles-Long Beach-Anaheim, CA",6,California,37,Los Angeles,34.1365,-117.92391
05/17/2019,AQS,1,0.051,ppm,47,Azusa,17,100,44201,Ozone,87,31080,"Los Angeles-Long Beach-Anaheim, CA",6,California,37,Los Angeles,34.1365,-117.92391
05/18/2019,AQS,1,0.057,ppm,58,Azusa,17,100,44201,Ozone,87,31080,"Los Angeles-Long Beach-Anaheim, CA",6,California,37,Los Angeles,34.1365,-117.92391
05/19/2019,AQS,1,0.051,ppm,47,Azusa,17,100,44201,Ozone,87,31080,"Los Angeles-Long Beach-Anaheim, CA",6,California,37,Los Angeles,34.1365,-117.92391
05/20/2019,AQS,1,0.05,ppm,46,Azusa,17,100,44201,Ozone,87,31080,"Los Angeles-Long Beach-Anaheim, CA",6,California,37,Los Angeles,34.1365,-117.92391
05/21/2019,AQS,1,0.043,ppm,40,Azusa,17,100,44201,Ozone,87,31080,"Los Angeles-Long Beach-Anaheim, CA",6,California,37,Los Angeles,34.1365,-117.92391
05/22/2019,AQS,1,0.042,ppm,39,Azusa,17,100,44201,Ozone,87,31080,"Los Angeles-Long Beach-Anaheim, CA",6,California,37,Los Angeles,34.1365,-117.92391
05/23/2019,AQS,1,0.033,ppm,31,Azusa,17,100,44201,Ozone,87,31080,"Los Angeles-Long Beach-Anaheim, CA",6,California,37,Los Angeles,34.1365,-117.92391
05/25/2019,AQS,1,0.054,ppm,50,Azusa,17,100,44201,Ozone,87,31080,"Los Angeles-Long Beach-Anaheim, CA",6,California,37,Los Angeles,34.1365,-117.92391
05/26/2019,AQS,1,0.047,ppm,44,Azusa,17,100,44201,Ozone,87,31080,"Los Angeles-Long Beach-Anaheim, CA",6,California,37,Los Angeles,34.1365,-117.92391
05/27/2019,AQS,1,0.051,ppm,47,Azusa,17,100,44201,Ozone,87,31080,"Los Angeles-Long Beach-Anaheim, CA",6,California,37,Los Angeles,34.1365,-117.92391
05/30/2019,AQS,1,0.055,ppm,51,Azusa,17,100,44201,Ozone,87,31080,"Los Angeles-Long Beach-Anaheim, CA",6,California,37,Los Angeles,34.1365,-117.92391
06/01/2019,AQS,1,0.043,ppm,40,Azusa,17,100,44201,Ozone,87,31080,"Los Angeles-Long Beach-Anaheim, CA",6,California,37,Los Angeles,34.1365,-117.92391
06/02/2019,AQS,1,0.044,ppm,41,Azusa,17,100,44201,Ozone,87,31080,"Los Angeles-Long Beach-Anaheim, CA",6,California,37,Los Angeles,34.1365,-117.92391
06/03/2019,AQS,1,0.049,ppm,45,Azusa,17,100,44201,Ozone,87,31080,"Los Angeles-Long Beach-Anaheim, CA",6,California,37,Los Angeles,34.1365,-117.92391
06/04/2019,AQS,1,0.053,ppm,49,Azusa,17,100,44201,Ozone,87,31080,"Los Angeles-Long Beach-Anaheim, CA",6,California,37,Los Angeles,34.1365,-117.92391
06/05/2019,AQS,1,0.057,ppm,58,Azusa,17,100,44201,Ozone,87,31080,"Los Angeles-Long Beach-Anaheim, CA",6,California,37,Los Angeles,34.1365,-117.92391
06/06/2019,AQS,1,0.063,ppm,77,Azusa,17,100,44201,Ozone,87,31080,"Los Angeles-Long Beach-Anaheim, CA",6,California,37,Los Angeles,34.1365,-117.92391
06/07/2019,AQS,1,0.053,ppm,49,Azusa,17,100,44201,Ozone,87,31080,"Los Angeles-Long Beach-Anaheim, CA",6,California,37,Los Angeles,34.1365,-117.92391
06/08/2019,AQS,1,0.069,ppm,97,Azusa,17,100,44201,Ozone,87,31080,"Los Angeles-Long Beach-Anaheim, CA",6,California,37,Los Angeles,34.1365,-117.92391
06/09/2019,AQS,1,0.083,ppm,143,Azusa,17,100,44201,Ozone,87,31080,"Los Angeles-Long Beach-Anaheim, CA",6,California,37,Los Angeles,34.1365,-117.92391
06/10/2019,AQS,1,0.076,ppm,119,Azusa,17,100,44201,Ozone,87,31080,"Los Angeles-Long Beach-Anaheim, CA",6,California,37,Los Angeles,34.1365,-117.92391
06/11/2019,AQS,1,0.086,ppm,151,Azusa,17,100,44201,Ozone,87,31080,"Los Angeles-Long Beach-Anaheim, CA",6,California,37,Los Angeles,34.1365,-117.92391
06/12/2019,AQS,1,0.071,ppm,101,Azusa,17,100,44201,Ozone,87,31080,"Los Angeles-Long Beach-Anaheim, CA",6,California,37,Los Angeles,34.1365,-117.92391
06/13/2019,AQS,1,0.054,ppm,50,Azusa,17,100,44201,Ozone,87,31080,"Los Angeles-Long Beach-Anaheim, CA",6,California,37,Los Angeles,34.1365,-117.92391
06/14/2019,AQS,1,0.046,ppm,43,Azusa,17,100,44201,Ozone,87,31080,"Los Angeles-Long Beach-Anaheim, CA",6,California,37,Los Angeles,34.1365,-117.92391
06/15/2019,AQS,1,0.059,ppm,64,Azusa,17,100,44201,Ozone,87,31080,"Los Angeles-Long Beach-Anaheim, CA",6,California,37,Los Angeles,34.1365,-117.92391
06/16/2019,AQS,1,0.063,ppm,77,Azusa,17,100,44201,Ozone,87,31080,"Los Angeles-Long Beach-Anaheim, CA",6,California,37,Los Angeles,34.1365,-117.92391
06/17/2019,AQS,1,0.044,ppm,41,Azusa,17,100,44201,Ozone,87,31080,"Los Angeles-Long Beach-Anaheim, CA",6,California,37,Los Angeles,34.1365,-117.92391
06/18/2019,AQS,1,0.043,ppm,40,Azusa,17,100,44201,Ozone,87,31080,"Los Angeles-Long Beach-Anaheim, CA",6,California,37,Los Angeles,34.1365,-117.92391
06/19/2019,AQS,1,0.059,ppm,64,Azusa,17,100,44201,Ozone,87,31080,"Los Angeles-Long Beach-Anaheim, CA",6,California,37,Los Angeles,34.1365,-117.92391
06/20/2019,AQS,1,0.047,ppm,44,Azusa,17,100,44201,Ozone,87,31080,"Los Angeles-Long Beach-Anaheim, CA",6,California,37,Los Angeles,34.1365,-117.92391
06/21/2019,AQS,1,0.025,ppm,23,Azusa,17,100,44201,Ozone,87,31080,"Los Angeles-Long Beach-Anaheim, CA",6,California,37,Los Angeles,34.1365,-117.92391
06/22/2019,AQS,1,0.046,ppm,43,Azusa,17,100,44201,Ozone,87,31080,"Los Angeles-Long Beach-Anaheim, CA",6,California,37,Los Angeles,34.1365,-117.92391
06/23/2019,AQS,1,0.063,ppm,77,Azusa,17,100,44201,Ozone,87,31080,"Los Angeles-Long Beach-Anaheim, CA",6,California,37,Los Angeles,34.1365,-117.92391
06/24/2019,AQS,1,0.052,ppm,48,Azusa,17,100,44201,Ozone,87,31080,"Los Angeles-Long Beach-Anaheim, CA",6,California,37,Los Angeles,34.1365,-117.92391
06/25/2019,AQS,1,0.043,ppm,40,Azusa,17,100,44201,Ozone,87,31080,"Los Angeles-Long Beach-Anaheim, CA",6,California,37,Los Angeles,34.1365,-117.92391
06/26/2019,AQS,1,0.051,ppm,47,Azusa,17,100,44201,Ozone,87,31080,"Los Angeles-Long Beach-Anaheim, CA",6,California,37,Los Angeles,34.1365,-117.92391
06/27/2019,AQS,1,0.067,ppm,90,Azusa,16,94,44201,Ozone,87,31080,"Los Angeles-Long Beach-Anaheim, CA",6,California,37,Los Angeles,34.1365,-117.92391
06/28/2019,AQS,1,0.069,ppm,97,Azusa,17,100,44201,Ozone,87,31080,"Los Angeles-Long Beach-Anaheim, CA",6,California,37,Los Angeles,34.1365,-117.92391
06/29/2019,AQS,1,0.072,ppm,105,Azusa,17,100,44201,Ozone,87,31080,"Los Angeles-Long Beach-Anaheim, CA",6,California,37,Los Angeles,34.1365,-117.92391
06/30/2019,AQS,1,0.074,ppm,112,Azusa,17,100,44201,Ozone,87,31080,"Los Angeles-Long Beach-Anaheim, CA",6,California,37,Los Angeles,34.1365,-117.92391
07/01/2019,AQS,1,0.068,ppm,93,Azusa,17,100,44201,Ozone,87,31080,"Los Angeles-Long Beach-Anaheim, CA",6,California,37,Los Angeles,34.1365,-117.92391
07/02/2019,AQS,1,0.064,ppm,80,Azusa,17,100,44201,Ozone,87,31080,"Los Angeles-Long Beach-Anaheim, CA",6,California,37,Los Angeles,34.1365,-117.92391
07/03/2019,AQS,1,0.057,ppm,58,Azusa,17,100,44201,Ozone,87,31080,"Los Angeles-Long Beach-Anaheim, CA",6,California,37,Los Angeles,34.1365,-117.92391
07/04/2019,AQS,1,0.06,ppm,67,Azusa,17,100,44201,Ozone,87,31080,"Los Angeles-Long Beach-Anaheim, CA",6,California,37,Los Angeles,34.1365,-117.92391
07/05/2019,AQS,1,0.065,ppm,84,Azusa,17,100,44201,Ozone,87,31080,"Los Angeles-Long Beach-Anaheim, CA",6,California,37,Los Angeles,34.1365,-117.92391
07/06/2019,AQS,1,0.07,ppm,100,Azusa,17,100,44201,Ozone,87,31080,"Los Angeles-Long Beach-Anaheim, CA",6,California,37,Los Angeles,34.1365,-117.92391
07/07/2019,AQS,1,0.059,ppm,64,Azusa,17,100,44201,Ozone,87,31080,"Los Angeles-Long Beach-Anaheim, CA",6,California,37,Los Angeles,34.1365,-117.92391
07/08/2019,AQS,1,0.05,ppm,46,Azusa,17,100,44201,Ozone,87,31080,"Los Angeles-Long Beach-Anaheim, CA",6,California,37,Los Angeles,34.1365,-117.92391
07/09/2019,AQS,1,0.066,ppm,87,Azusa,17,100,44201,Ozone,87,31080,"Los Angeles-Long Beach-Anaheim, CA",6,California,37,Los Angeles,34.1365,-117.92391
07/10/2019,AQS,1,0.069,ppm,97,Azusa,17,100,44201,Ozone,87,31080,"Los Angeles-Long Beach-Anaheim, CA",6,California,37,Los Angeles,34.1365,-117.92391
07/11/2019,AQS,1,0.071,ppm,101,Azusa,17,100,44201,Ozone,87,31080,"Los Angeles-Long Beach-Anaheim, CA",6,California,37,Los Angeles,34.1365,-117.92391
07/12/2019,AQS,1,0.084,ppm,147,Azusa,17,100,44201,Ozone,87,31080,"Los Angeles-Long Beach-Anaheim, CA",6,California,37,Los Angeles,34.1365,-117.92391
07/13/2019,AQS,1,0.079,ppm,129,Azusa,17,100,44201,Ozone,87,31080,"Los Angeles-Long Beach-Anaheim, CA",6,California,37,Los Angeles,34.1365,-117.92391
07/14/2019,AQS,1,0.084,ppm,147,Azusa,17,100,44201,Ozone,87,31080,"Los Angeles-Long Beach-Anaheim, CA",6,California,37,Los Angeles,34.1365,-117.92391
07/15/2019,AQS,1,0.085,ppm,150,Azusa,17,100,44201,Ozone,87,31080,"Los Angeles-Long Beach-Anaheim, CA",6,California,37,Los Angeles,34.1365,-117.92391
07/16/2019,AQS,1,0.061,ppm,71,Azusa,17,100,44201,Ozone,87,31080,"Los Angeles-Long Beach-Anaheim, CA",6,California,37,Los Angeles,34.1365,-117.92391
07/17/2019,AQS,1,0.05,ppm,46,Azusa,17,100,44201,Ozone,87,31080,"Los Angeles-Long Beach-Anaheim, CA",6,California,37,Los Angeles,34.1365,-117.92391
07/18/2019,AQS,1,0.055,ppm,51,Azusa,17,100,44201,Ozone,87,31080,"Los Angeles-Long Beach-Anaheim, CA",6,California,37,Los Angeles,34.1365,-117.92391
07/19/2019,AQS,1,0.049,ppm,45,Azusa,14,82,44201,Ozone,87,31080,"Los Angeles-Long Beach-Anaheim, CA",6,California,37,Los Angeles,34.1365,-117.92391
07/20/2019,AQS,1,0.065,ppm,84,Azusa,17,100,44201,Ozone,87,31080,"Los Angeles-Long Beach-Anaheim, CA",6,California,37,Los Angeles,34.1365,-117.92391
07/21/2019,AQS,1,0.068,ppm,93,Azusa,17,100,44201,Ozone,87,31080,"Los Angeles-Long Beach-Anaheim, CA",6,California,37,Los Angeles,34.1365,-117.92391
07/22/2019,AQS,1,0.065,ppm,84,Azusa,17,100,44201,Ozone,87,31080,"Los Angeles-Long Beach-Anaheim, CA",6,California,37,Los Angeles,34.1365,-117.92391
07/23/2019,AQS,1,0.086,ppm,151,Azusa,17,100,44201,Ozone,87,31080,"Los Angeles-Long Beach-Anaheim, CA",6,California,37,Los Angeles,34.1365,-117.92391
07/24/2019,AQS,1,0.071,ppm,101,Azusa,17,100,44201,Ozone,87,31080,"Los Angeles-Long Beach-Anaheim, CA",6,California,37,Los Angeles,34.1365,-117.92391
07/25/2019,AQS,1,0.067,ppm,90,Azusa,17,100,44201,Ozone,87,31080,"Los Angeles-Long Beach-Anaheim, CA",6,California,37,Los Angeles,34.1365,-117.92391
07/26/2019,AQS,1,0.073,ppm,108,Azusa,17,100,44201,Ozone,87,31080,"Los Angeles-Long Beach-Anaheim, CA",6,California,37,Los Angeles,34.1365,-117.92391
07/27/2019,AQS,1,0.09,ppm,161,Azusa,17,100,44201,Ozone,87,31080,"Los Angeles-Long Beach-Anaheim, CA",6,California,37,Los Angeles,34.1365,-117.92391
07/28/2019,AQS,1,0.079,ppm,129,Azusa,17,100,44201,Ozone,87,31080,"Los Angeles-Long Beach-Anaheim, CA",6,California,37,Los Angeles,34.1365,-117.92391
07/29/2019,AQS,1,0.072,ppm,105,Azusa,17,100,44201,Ozone,87,31080,"Los Angeles-Long Beach-Anaheim, CA",6,California,37,Los Angeles,34.1365,-117.92391
07/30/2019,AQS,1,0.07,ppm,100,Azusa,17,100,44201,Ozone,87,31080,"Los Angeles-Long Beach-Anaheim, CA",6,California,37,Los Angeles,34.1365,-117.92391
07/31/2019,AQS,1,0.077,ppm,122,Azusa,17,100,44201,Ozone,87,31080,"Los Angeles-Long Beach-Anaheim, CA",6,California,37,Los Angeles,34.1365,-117.92391
08/01/2019,AQS,1,0.071,ppm,101,Azusa,17,100,44201,Ozone,87,31080,"Los Angeles-Long Beach-Anaheim, CA",6,California,37,Los Angeles,34.1365,-117.92391
08/02/2019,AQS,1,0.074,ppm,112,Azusa,17,100,44201,Ozone,87,31080,"Los Angeles-Long Beach-Anaheim, CA",6,California,37,Los Angeles,34.1365,-117.92391
08/03/2019,AQS,1,0.083,ppm,143,Azusa,17,100,44201,Ozone,87,31080,"Los Angeles-Long Beach-Anaheim, CA",6,California,37,Los Angeles,34.1365,-117.92391
08/04/2019,AQS,1,0.089,ppm,159,Azusa,17,100,44201,Ozone,87,31080,"Los Angeles-Long Beach-Anaheim, CA",6,California,37,Los Angeles,34.1365,-117.92391
08/05/2019,AQS,1,0.068,ppm,93,Azusa,17,100,44201,Ozone,87,31080,"Los Angeles-Long Beach-Anaheim, CA",6,California,37,Los Angeles,34.1365,-117.92391
08/06/2019,AQS,1,0.073,ppm,108,Azusa,17,100,44201,Ozone,87,31080,"Los Angeles-Long Beach-Anaheim, CA",6,California,37,Los Angeles,34.1365,-117.92391
08/07/2019,AQS,1,0.07,ppm,100,Azusa,13,76,44201,Ozone,87,31080,"Los Angeles-Long Beach-Anaheim, CA",6,California,37,Los Angeles,34.1365,-117.92391
08/08/2019,AQS,1,0.069,ppm,97,Azusa,17,100,44201,Ozone,87,31080,"Los Angeles-Long Beach-Anaheim, CA",6,California,37,Los Angeles,34.1365,-117.92391
08/09/2019,AQS,1,0.061,ppm,71,Azusa,17,100,44201,Ozone,87,31080,"Los Angeles-Long Beach-Anaheim, CA",6,California,37,Los Angeles,34.1365,-117.92391
08/10/2019,AQS,1,0.066,ppm,87,Azusa,17,100,44201,Ozone,87,31080,"Los Angeles-Long Beach-Anaheim, CA",6,California,37,Los Angeles,34.1365,-117.92391
08/11/2019,AQS,1,0.061,ppm,71,Azusa,17,100,44201,Ozone,87,31080,"Los Angeles-Long Beach-Anaheim, CA",6,California,37,Los Angeles,34.1365,-117.92391
08/12/2019,AQS,1,0.061,ppm,71,Azusa,17,100,44201,Ozone,87,31080,"Los Angeles-Long Beach-Anaheim, CA",6,California,37,Los Angeles,34.1365,-117.92391
08/13/2019,AQS,1,0.074,ppm,112,Azusa,17,100,44201,Ozone,87,31080,"Los Angeles-Long Beach-Anaheim, CA",6,California,37,Los Angeles,34.1365,-117.92391
08/14/2019,AQS,1,0.08,ppm,133,Azusa,17,100,44201,Ozone,87,31080,"Los Angeles-Long Beach-Anaheim, CA",6,California,37,Los Angeles,34.1365,-117.92391
08/15/2019,AQS,1,0.072,ppm,105,Azusa,17,100,44201,Ozone,87,31080,"Los Angeles-Long Beach-Anaheim, CA",6,California,37,Los Angeles,34.1365,-117.92391
08/16/2019,AQS,1,0.061,ppm,71,Azusa,17,100,44201,Ozone,87,31080,"Los Angeles-Long Beach-Anaheim, CA",6,California,37,Los Angeles,34.1365,-117.92391
08/17/2019,AQS,1,0.065,ppm,84,Azusa,17,100,44201,Ozone,87,31080,"Los Angeles-Long Beach-Anaheim, CA",6,California,37,Los Angeles,34.1365,-117.92391
08/18/2019,AQS,1,0.06,ppm,67,Azusa,17,100,44201,Ozone,87,31080,"Los Angeles-Long Beach-Anaheim, CA",6,California,37,Los Angeles,34.1365,-117.92391
08/19/2019,AQS,1,0.064,ppm,80,Azusa,17,100,44201,Ozone,87,31080,"Los Angeles-Long Beach-Anaheim, CA",6,California,37,Los Angeles,34.1365,-117.92391
08/20/2019,AQS,1,0.077,ppm,122,Azusa,17,100,44201,Ozone,87,31080,"Los Angeles-Long Beach-Anaheim, CA",6,California,37,Los Angeles,34.1365,-117.92391
08/21/2019,AQS,1,0.087,ppm,154,Azusa,17,100,44201,Ozone,87,31080,"Los Angeles-Long Beach-Anaheim, CA",6,California,37,Los Angeles,34.1365,-117.92391
08/22/2019,AQS,1,0.068,ppm,93,Azusa,17,100,44201,Ozone,87,31080,"Los Angeles-Long Beach-Anaheim, CA",6,California,37,Los Angeles,34.1365,-117.92391
08/23/2019,AQS,1,0.07,ppm,100,Azusa,17,100,44201,Ozone,87,31080,"Los Angeles-Long Beach-Anaheim, CA",6,California,37,Los Angeles,34.1365,-117.92391
08/24/2019,AQS,1,0.076,ppm,119,Azusa,17,100,44201,Ozone,87,31080,"Los Angeles-Long Beach-Anaheim, CA",6,California,37,Los Angeles,34.1365,-117.92391
08/25/2019,AQS,1,0.071,ppm,101,Azusa,17,100,44201,Ozone,87,31080,"Los Angeles-Long Beach-Anaheim, CA",6,California,37,Los Angeles,34.1365,-117.92391
08/26/2019,AQS,1,0.067,ppm,90,Azusa,17,100,44201,Ozone,87,31080,"Los Angeles-Long Beach-Anaheim, CA",6,California,37,Los Angeles,34.1365,-117.92391
08/27/2019,AQS,1,0.066,ppm,87,Azusa,13,76,44201,Ozone,87,31080,"Los Angeles-Long Beach-Anaheim, CA",6,California,37,Los Angeles,34.1365,-117.92391
08/31/2019,AQS,1,0.075,ppm,115,Azusa,17,100,44201,Ozone,87,31080,"Los Angeles-Long Beach-Anaheim, CA",6,California,37,Los Angeles,34.1365,-117.92391
09/01/2019,AQS,1,0.091,ppm,164,Azusa,17,100,44201,Ozone,87,31080,"Los Angeles-Long Beach-Anaheim, CA",6,California,37,Los Angeles,34.1365,-117.92391
09/02/2019,AQS,1,0.055,ppm,51,Azusa,17,100,44201,Ozone,87,31080,"Los Angeles-Long Beach-Anaheim, CA",6,California,37,Los Angeles,34.1365,-117.92391
09/03/2019,AQS,1,0.055,ppm,51,Azusa,17,100,44201,Ozone,87,31080,"Los Angeles-Long Beach-Anaheim, CA",6,California,37,Los Angeles,34.1365,-117.92391
09/04/2019,AQS,1,0.066,ppm,87,Azusa,17,100,44201,Ozone,87,31080,"Los Angeles-Long Beach-Anaheim, CA",6,California,37,Los Angeles,34.1365,-117.92391
09/05/2019,AQS,1,0.059,ppm,64,Azusa,17,100,44201,Ozone,87,31080,"Los Angeles-Long Beach-Anaheim, CA",6,California,37,Los Angeles,34.1365,-117.92391
09/06/2019,AQS,1,0.059,ppm,64,Azusa,17,100,44201,Ozone,87,31080,"Los Angeles-Long Beach-Anaheim, CA",6,California,37,Los Angeles,34.1365,-117.92391
09/07/2019,AQS,1,0.065,ppm,84,Azusa,17,100,44201,Ozone,87,31080,"Los Angeles-Long Beach-Anaheim, CA",6,California,37,Los Angeles,34.1365,-117.92391
09/08/2019,AQS,1,0.056,ppm,54,Azusa,17,100,44201,Ozone,87,31080,"Los Angeles-Long Beach-Anaheim, CA",6,California,37,Los Angeles,34.1365,-117.92391
09/09/2019,AQS,1,0.057,ppm,58,Azusa,17,100,44201,Ozone,87,31080,"Los Angeles-Long Beach-Anaheim, CA",6,California,37,Los Angeles,34.1365,-117.92391
09/10/2019,AQS,1,0.048,ppm,44,Azusa,17,100,44201,Ozone,87,31080,"Los Angeles-Long Beach-Anaheim, CA",6,California,37,Los Angeles,34.1365,-117.92391
09/11/2019,AQS,1,0.063,ppm,77,Azusa,17,100,44201,Ozone,87,31080,"Los Angeles-Long Beach-Anaheim, CA",6,California,37,Los Angeles,34.1365,-117.92391
09/12/2019,AQS,1,0.068,ppm,93,Azusa,17,100,44201,Ozone,87,31080,"Los Angeles-Long Beach-Anaheim, CA",6,California,37,Los Angeles,34.1365,-117.92391
09/13/2019,AQS,1,0.073,ppm,108,Azusa,17,100,44201,Ozone,87,31080,"Los Angeles-Long Beach-Anaheim, CA",6,California,37,Los Angeles,34.1365,-117.92391
09/14/2019,AQS,1,0.093,ppm,169,Azusa,17,100,44201,Ozone,87,31080,"Los Angeles-Long Beach-Anaheim, CA",6,California,37,Los Angeles,34.1365,-117.92391
09/15/2019,AQS,1,0.073,ppm,108,Azusa,17,100,44201,Ozone,87,31080,"Los Angeles-Long Beach-Anaheim, CA",6,California,37,Los Angeles,34.1365,-117.92391
09/16/2019,AQS,1,0.05,ppm,46,Azusa,17,100,44201,Ozone,87,31080,"Los Angeles-Long Beach-Anaheim, CA",6,California,37,Los Angeles,34.1365,-117.92391
09/17/2019,AQS,1,0.049,ppm,45,Azusa,17,100,44201,Ozone,87,31080,"Los Angeles-Long Beach-Anaheim, CA",6,California,37,Los Angeles,34.1365,-117.92391
09/18/2019,AQS,1,0.048,ppm,44,Azusa,17,100,44201,Ozone,87,31080,"Los Angeles-Long Beach-Anaheim, CA",6,California,37,Los Angeles,34.1365,-117.92391
09/19/2019,AQS,1,0.046,ppm,43,Azusa,17,100,44201,Ozone,87,31080,"Los Angeles-Long Beach-Anaheim, CA",6,California,37,Los Angeles,34.1365,-117.92391
09/20/2019,AQS,1,0.048,ppm,44,Azusa,17,100,44201,Ozone,87,31080,"Los Angeles-Long Beach-Anaheim, CA",6,California,37,Los Angeles,34.1365,-117.92391
09/21/2019,AQS,1,0.073,ppm,108,Azusa,17,100,44201,Ozone,87,31080,"Los Angeles-Long Beach-Anaheim, CA",6,California,37,Los Angeles,34.1365,-117.92391
09/22/2019,AQS,1,0.065,ppm,84,Azusa,17,100,44201,Ozone,87,31080,"Los Angeles-Long Beach-Anaheim, CA",6,California,37,Los Angeles,34.1365,-117.92391
09/23/2019,AQS,1,0.054,ppm,50,Azusa,17,100,44201,Ozone,87,31080,"Los Angeles-Long Beach-Anaheim, CA",6,California,37,Los Angeles,34.1365,-117.92391
09/24/2019,AQS,1,0.069,ppm,97,Azusa,17,100,44201,Ozone,87,31080,"Los Angeles-Long Beach-Anaheim, CA",6,California,37,Los Angeles,34.1365,-117.92391
09/25/2019,AQS,1,0.061,ppm,71,Azusa,17,100,44201,Ozone,87,31080,"Los Angeles-Long Beach-Anaheim, CA",6,California,37,Los Angeles,34.1365,-117.92391
09/26/2019,AQS,1,0.027,ppm,25,Azusa,17,100,44201,Ozone,87,31080,"Los Angeles-Long Beach-Anaheim, CA",6,California,37,Los Angeles,34.1365,-117.92391
09/27/2019,AQS,1,0.029,ppm,27,Azusa,17,100,44201,Ozone,87,31080,"Los Angeles-Long Beach-Anaheim, CA",6,California,37,Los Angeles,34.1365,-117.92391
09/28/2019,AQS,1,0.029,ppm,27,Azusa,17,100,44201,Ozone,87,31080,"Los Angeles-Long Beach-Anaheim, CA",6,California,37,Los Angeles,34.1365,-117.92391
09/29/2019,AQS,1,0.046,ppm,43,Azusa,17,100,44201,Ozone,87,31080,"Los Angeles-Long Beach-Anaheim, CA",6,California,37,Los Angeles,34.1365,-117.92391
09/30/2019,AQS,1,0.043,ppm,40,Azusa,17,100,44201,Ozone,87,31080,"Los Angeles-Long Beach-Anaheim, CA",6,California,37,Los Angeles,34.1365,-117.92391
10/01/2019,AQS,1,0.046,ppm,43,Azusa,17,100,44201,Ozone,87,31080,"Los Angeles-Long Beach-Anaheim, CA",6,California,37,Los Angeles,34.1365,-117.92391
10/02/2019,AQS,1,0.058,ppm,61,Azusa,17,100,44201,Ozone,87,31080,"Los Angeles-Long Beach-Anaheim, CA",6,California,37,Los Angeles,34.1365,-117.92391
10/03/2019,AQS,1,0.06,ppm,67,Azusa,17,100,44201,Ozone,87,31080,"Los Angeles-Long Beach-Anaheim, CA",6,California,37,Los Angeles,34.1365,-117.92391
10/04/2019,AQS,1,0.063,ppm,77,Azusa,17,100,44201,Ozone,87,31080,"Los Angeles-Long Beach-Anaheim, CA",6,California,37,Los Angeles,34.1365,-117.92391
10/05/2019,AQS,1,0.086,ppm,151,Azusa,17,100,44201,Ozone,87,31080,"Los Angeles-Long Beach-Anaheim, CA",6,California,37,Los Angeles,34.1365,-117.92391
10/06/2019,AQS,1,0.094,ppm,172,Azusa,17,100,44201,Ozone,87,31080,"Los Angeles-Long Beach-Anaheim, CA",6,California,37,Los Angeles,34.1365,-117.92391
10/07/2019,AQS,1,0.07,ppm,100,Azusa,17,100,44201,Ozone,87,31080,"Los Angeles-Long Beach-Anaheim, CA",6,California,37,Los Angeles,34.1365,-117.92391
10/08/2019,AQS,1,0.053,ppm,49,Azusa,17,100,44201,Ozone,87,31080,"Los Angeles-Long Beach-Anaheim, CA",6,California,37,Los Angeles,34.1365,-117.92391
10/09/2019,AQS,1,0.047,ppm,44,Azusa,17,100,44201,Ozone,87,31080,"Los Angeles-Long Beach-Anaheim, CA",6,California,37,Los Angeles,34.1365,-117.92391
10/10/2019,AQS,1,0.056,ppm,54,Azusa,17,100,44201,Ozone,87,31080,"Los Angeles-Long Beach-Anaheim, CA",6,California,37,Los Angeles,34.1365,-117.92391
10/11/2019,AQS,1,0.05,ppm,46,Azusa,17,100,44201,Ozone,87,31080,"Los Angeles-Long Beach-Anaheim, CA",6,California,37,Los Angeles,34.1365,-117.92391
10/12/2019,AQS,1,0.061,ppm,71,Azusa,17,100,44201,Ozone,87,31080,"Los Angeles-Long Beach-Anaheim, CA",6,California,37,Los Angeles,34.1365,-117.92391
10/13/2019,AQS,1,0.066,ppm,87,Azusa,17,100,44201,Ozone,87,31080,"Los Angeles-Long Beach-Anaheim, CA",6,California,37,Los Angeles,34.1365,-117.92391
10/14/2019,AQS,1,0.052,ppm,48,Azusa,17,100,44201,Ozone,87,31080,"Los Angeles-Long Beach-Anaheim, CA",6,California,37,Los Angeles,34.1365,-117.92391
10/15/2019,AQS,1,0.058,ppm,61,Azusa,17,100,44201,Ozone,87,31080,"Los Angeles-Long Beach-Anaheim, CA",6,California,37,Los Angeles,34.1365,-117.92391
10/16/2019,AQS,1,0.045,ppm,42,Azusa,17,100,44201,Ozone,87,31080,"Los Angeles-Long Beach-Anaheim, CA",6,California,37,Los Angeles,34.1365,-117.92391
10/17/2019,AQS,1,0.053,ppm,49,Azusa,17,100,44201,Ozone,87,31080,"Los Angeles-Long Beach-Anaheim, CA",6,California,37,Los Angeles,34.1365,-117.92391
10/18/2019,AQS,1,0.047,ppm,44,Azusa,17,100,44201,Ozone,87,31080,"Los Angeles-Long Beach-Anaheim, CA",6,California,37,Los Angeles,34.1365,-117.92391
10/19/2019,AQS,1,0.052,ppm,48,Azusa,17,100,44201,Ozone,87,31080,"Los Angeles-Long Beach-Anaheim, CA",6,California,37,Los Angeles,34.1365,-117.92391
10/20/2019,AQS,1,0.065,ppm,84,Azusa,17,100,44201,Ozone,87,31080,"Los Angeles-Long Beach-Anaheim, CA",6,California,37,Los Angeles,34.1365,-117.92391
10/21/2019,AQS,1,0.054,ppm,50,Azusa,17,100,44201,Ozone,87,31080,"Los Angeles-Long Beach-Anaheim, CA",6,California,37,Los Angeles,34.1365,-117.92391
10/22/2019,AQS,1,0.055,ppm,51,Azusa,17,100,44201,Ozone,87,31080,"Los Angeles-Long Beach-Anaheim, CA",6,California,37,Los Angeles,34.1365,-117.92391
10/23/2019,AQS,1,0.056,ppm,54,Azusa,17,100,44201,Ozone,87,31080,"Los Angeles-Long Beach-Anaheim, CA",6,California,37,Los Angeles,34.1365,-117.92391
10/24/2019,AQS,1,0.048,ppm,44,Azusa,17,100,44201,Ozone,87,31080,"Los Angeles-Long Beach-Anaheim, CA",6,California,37,Los Angeles,34.1365,-117.92391
10/25/2019,AQS,1,0.052,ppm,48,Azusa,17,100,44201,Ozone,87,31080,"Los Angeles-Long Beach-Anaheim, CA",6,California,37,Los Angeles,34.1365,-117.92391
10/26/2019,AQS,1,0.056,ppm,54,Azusa,17,100,44201,Ozone,87,31080,"Los Angeles-Long Beach-Anaheim, CA",6,California,37,Los Angeles,34.1365,-117.92391
10/27/2019,AQS,1,0.048,ppm,44,Azusa,17,100,44201,Ozone,87,31080,"Los Angeles-Long Beach-Anaheim, CA",6,California,37,Los Angeles,34.1365,-117.92391
10/28/2019,AQS,1,0.044,ppm,41,Azusa,17,100,44201,Ozone,87,31080,"Los Angeles-Long Beach-Anaheim, CA",6,California,37,Los Angeles,34.1365,-117.92391
10/29/2019,AQS,1,0.044,ppm,41,Azusa,17,100,44201,Ozone,87,31080,"Los Angeles-Long Beach-Anaheim, CA",6,California,37,Los Angeles,34.1365,-117.92391
10/30/2019,AQS,1,0.039,ppm,36,Azusa,17,100,44201,Ozone,87,31080,"Los Angeles-Long Beach-Anaheim, CA",6,California,37,Los Angeles,34.1365,-117.92391
10/31/2019,AQS,1,0.042,ppm,39,Azusa,17,100,44201,Ozone,87,31080,"Los Angeles-Long Beach-Anaheim, CA",6,California,37,Los Angeles,34.1365,-117.92391
11/02/2019,AQS,1,0.044,ppm,41,Azusa,17,100,44201,Ozone,87,31080,"Los Angeles-Long Beach-Anaheim, CA",6,California,37,Los Angeles,34.1365,-117.92391
11/03/2019,AQS,1,0.059,ppm,64,Azusa,17,100,44201,Ozone,87,31080,"Los Angeles-Long Beach-Anaheim, CA",6,California,37,Los Angeles,34.1365,-117.92391
11/04/2019,AQS,1,0.055,ppm,51,Azusa,17,100,44201,Ozone,87,31080,"Los Angeles-Long Beach-Anaheim, CA",6,California,37,Los Angeles,34.1365,-117.92391
11/05/2019,AQS,1,0.048,ppm,44,Azusa,17,100,44201,Ozone,87,31080,"Los Angeles-Long Beach-Anaheim, CA",6,California,37,Los Angeles,34.1365,-117.92391
11/06/2019,AQS,1,0.031,ppm,29,Azusa,17,100,44201,Ozone,87,31080,"Los Angeles-Long Beach-Anaheim, CA",6,California,37,Los Angeles,34.1365,-117.92391
11/07/2019,AQS,1,0.041,ppm,38,Azusa,17,100,44201,Ozone,87,31080,"Los Angeles-Long Beach-Anaheim, CA",6,California,37,Los Angeles,34.1365,-117.92391
11/08/2019,AQS,1,0.039,ppm,36,Azusa,17,100,44201,Ozone,87,31080,"Los Angeles-Long Beach-Anaheim, CA",6,California,37,Los Angeles,34.1365,-117.92391
11/09/2019,AQS,1,0.043,ppm,40,Azusa,17,100,44201,Ozone,87,31080,"Los Angeles-Long Beach-Anaheim, CA",6,California,37,Los Angeles,34.1365,-117.92391
11/10/2019,AQS,1,0.051,ppm,47,Azusa,17,100,44201,Ozone,87,31080,"Los Angeles-Long Beach-Anaheim, CA",6,California,37,Los Angeles,34.1365,-117.92391
11/11/2019,AQS,1,0.047,ppm,44,Azusa,17,100,44201,Ozone,87,31080,"Los Angeles-Long Beach-Anaheim, CA",6,California,37,Los Angeles,34.1365,-117.92391
11/12/2019,AQS,1,0.031,ppm,29,Azusa,17,100,44201,Ozone,87,31080,"Los Angeles-Long Beach-Anaheim, CA",6,California,37,Los Angeles,34.1365,-117.92391
11/13/2019,AQS,1,0.031,ppm,29,Azusa,17,100,44201,Ozone,87,31080,"Los Angeles-Long Beach-Anaheim, CA",6,California,37,Los Angeles,34.1365,-117.92391
11/14/2019,AQS,1,0.032,ppm,30,Azusa,17,100,44201,Ozone,87,31080,"Los Angeles-Long Beach-Anaheim, CA",6,California,37,Los Angeles,34.1365,-117.92391
11/15/2019,AQS,1,0.027,ppm,25,Azusa,17,100,44201,Ozone,87,31080,"Los Angeles-Long Beach-Anaheim, CA",6,California,37,Los Angeles,34.1365,-117.92391
11/16/2019,AQS,1,0.044,ppm,41,Azusa,17,100,44201,Ozone,87,31080,"Los Angeles-Long Beach-Anaheim, CA",6,California,37,Los Angeles,34.1365,-117.92391
11/17/2019,AQS,1,0.052,ppm,48,Azusa,17,100,44201,Ozone,87,31080,"Los Angeles-Long Beach-Anaheim, CA",6,California,37,Los Angeles,34.1365,-117.92391
11/18/2019,AQS,1,0.04,ppm,37,Azusa,17,100,44201,Ozone,87,31080,"Los Angeles-Long Beach-Anaheim, CA",6,California,37,Los Angeles,34.1365,-117.92391
11/19/2019,AQS,1,0.038,ppm,35,Azusa,17,100,44201,Ozone,87,31080,"Los Angeles-Long Beach-Anaheim, CA",6,California,37,Los Angeles,34.1365,-117.92391
11/20/2019,AQS,1,0.037,ppm,34,Azusa,17,100,44201,Ozone,87,31080,"Los Angeles-Long Beach-Anaheim, CA",6,California,37,Los Angeles,34.1365,-117.92391
11/21/2019,AQS,1,0.034,ppm,31,Azusa,17,100,44201,Ozone,87,31080,"Los Angeles-Long Beach-Anaheim, CA",6,California,37,Los Angeles,34.1365,-117.92391
11/22/2019,AQS,1,0.038,ppm,35,Azusa,17,100,44201,Ozone,87,31080,"Los Angeles-Long Beach-Anaheim, CA",6,California,37,Los Angeles,34.1365,-117.92391
11/23/2019,AQS,1,0.041,ppm,38,Azusa,17,100,44201,Ozone,87,31080,"Los Angeles-Long Beach-Anaheim, CA",6,California,37,Los Angeles,34.1365,-117.92391
11/24/2019,AQS,1,0.045,ppm,42,Azusa,17,100,44201,Ozone,87,31080,"Los Angeles-Long Beach-Anaheim, CA",6,California,37,Los Angeles,34.1365,-117.92391
11/25/2019,AQS,1,0.039,ppm,36,Azusa,17,100,44201,Ozone,87,31080,"Los Angeles-Long Beach-Anaheim, CA",6,California,37,Los Angeles,34.1365,-117.92391
11/26/2019,AQS,1,0.033,ppm,31,Azusa,17,100,44201,Ozone,87,31080,"Los Angeles-Long Beach-Anaheim, CA",6,California,37,Los Angeles,34.1365,-117.92391
11/27/2019,AQS,1,0.034,ppm,31,Azusa,17,100,44201,Ozone,87,31080,"Los Angeles-Long Beach-Anaheim, CA",6,California,37,Los Angeles,34.1365,-117.92391
11/28/2019,AQS,1,0.04,ppm,37,Azusa,17,100,44201,Ozone,87,31080,"Los Angeles-Long Beach-Anaheim, CA",6,California,37,Los Angeles,34.1365,-117.92391
11/29/2019,AQS,1,0.034,ppm,31,Azusa,17,100,44201,Ozone,87,31080,"Los Angeles-Long Beach-Anaheim, CA",6,California,37,Los Angeles,34.1365,-117.92391
11/30/2019,AQS,1,0.033,ppm,31,Azusa,17,100,44201,Ozone,87,31080,"Los Angeles-Long Beach-Anaheim, CA",6,California,37,Los Angeles,34.1365,-117.92391
12/01/2019,AQS,1,0.026,ppm,24,Azusa,17,100,44201,Ozone,87,31080,"Los Angeles-Long Beach-Anaheim, CA",6,California,37,Los Angeles,34.1365,-117.92391
12/02/2019,AQS,1,0.017,ppm,16,Azusa,17,100,44201,Ozone,87,31080,"Los Angeles-Long Beach-Anaheim, CA",6,California,37,Los Angeles,34.1365,-117.92391
12/03/2019,AQS,1,0.005,ppm,5,Azusa,17,100,44201,Ozone,87,31080,"Los Angeles-Long Beach-Anaheim, CA",6,California,37,Los Angeles,34.1365,-117.92391
12/04/2019,AQS,1,0.017,ppm,16,Azusa,17,100,44201,Ozone,87,31080,"Los Angeles-Long Beach-Anaheim, CA",6,California,37,Los Angeles,34.1365,-117.92391
12/05/2019,AQS,1,0.026,ppm,24,Azusa,17,100,44201,Ozone,87,31080,"Los Angeles-Long Beach-Anaheim, CA",6,California,37,Los Angeles,34.1365,-117.92391
12/06/2019,AQS,1,0.021,ppm,19,Azusa,17,100,44201,Ozone,87,31080,"Los Angeles-Long Beach-Anaheim, CA",6,California,37,Los Angeles,34.1365,-117.92391
12/07/2019,AQS,1,0.018,ppm,17,Azusa,17,100,44201,Ozone,87,31080,"Los Angeles-Long Beach-Anaheim, CA",6,California,37,Los Angeles,34.1365,-117.92391
12/08/2019,AQS,1,0.029,ppm,27,Azusa,17,100,44201,Ozone,87,31080,"Los Angeles-Long Beach-Anaheim, CA",6,California,37,Los Angeles,34.1365,-117.92391
12/09/2019,AQS,1,0.026,ppm,24,Azusa,17,100,44201,Ozone,87,31080,"Los Angeles-Long Beach-Anaheim, CA",6,California,37,Los Angeles,34.1365,-117.92391
12/10/2019,AQS,1,0.018,ppm,17,Azusa,17,100,44201,Ozone,87,31080,"Los Angeles-Long Beach-Anaheim, CA",6,California,37,Los Angeles,34.1365,-117.92391
12/11/2019,AQS,1,0.017,ppm,16,Azusa,17,100,44201,Ozone,87,31080,"Los Angeles-Long Beach-Anaheim, CA",6,California,37,Los Angeles,34.1365,-117.92391
12/12/2019,AQS,1,0.015,ppm,14,Azusa,17,100,44201,Ozone,87,31080,"Los Angeles-Long Beach-Anaheim, CA",6,California,37,Los Angeles,34.1365,-117.92391
12/13/2019,AQS,1,0.015,ppm,14,Azusa,17,100,44201,Ozone,87,31080,"Los Angeles-Long Beach-Anaheim, CA",6,California,37,Los Angeles,34.1365,-117.92391
12/14/2019,AQS,1,0.023,ppm,21,Azusa,17,100,44201,Ozone,87,31080,"Los Angeles-Long Beach-Anaheim, CA",6,California,37,Los Angeles,34.1365,-117.92391
12/15/2019,AQS,1,0.04,ppm,37,Azusa,17,100,44201,Ozone,87,31080,"Los Angeles-Long Beach-Anaheim, CA",6,California,37,Los Angeles,34.1365,-117.92391
12/16/2019,AQS,1,0.033,ppm,31,Azusa,17,100,44201,Ozone,87,31080,"Los Angeles-Long Beach-Anaheim, CA",6,California,37,Los Angeles,34.1365,-117.92391
12/17/2019,AQS,1,0.036,ppm,33,Azusa,17,100,44201,Ozone,87,31080,"Los Angeles-Long Beach-Anaheim, CA",6,California,37,Los Angeles,34.1365,-117.92391
12/18/2019,AQS,1,0.028,ppm,26,Azusa,17,100,44201,Ozone,87,31080,"Los Angeles-Long Beach-Anaheim, CA",6,California,37,Los Angeles,34.1365,-117.92391
12/19/2019,AQS,1,0.028,ppm,26,Azusa,17,100,44201,Ozone,87,31080,"Los Angeles-Long Beach-Anaheim, CA",6,California,37,Los Angeles,34.1365,-117.92391
12/20/2019,AQS,1,0.031,ppm,29,Azusa,17,100,44201,Ozone,87,31080,"Los Angeles-Long Beach-Anaheim, CA",6,California,37,Los Angeles,34.1365,-117.92391
12/21/2019,AQS,1,0.031,ppm,29,Azusa,17,100,44201,Ozone,87,31080,"Los Angeles-Long Beach-Anaheim, CA",6,California,37,Los Angeles,34.1365,-117.92391
12/22/2019,AQS,1,0.037,ppm,34,Azusa,17,100,44201,Ozone,87,31080,"Los Angeles-Long Beach-Anaheim, CA",6,California,37,Los Angeles,34.1365,-117.92391
12/23/2019,AQS,1,0.032,ppm,30,Azusa,17,100,44201,Ozone,87,31080,"Los Angeles-Long Beach-Anaheim, CA",6,California,37,Los Angeles,34.1365,-117.92391
12/24/2019,AQS,1,0.03,ppm,28,Azusa,17,100,44201,Ozone,87,31080,"Los Angeles-Long Beach-Anaheim, CA",6,California,37,Los Angeles,34.1365,-117.92391
12/25/2019,AQS,1,0.039,ppm,36,Azusa,17,100,44201,Ozone,87,31080,"Los Angeles-Long Beach-Anaheim, CA",6,California,37,Los Angeles,34.1365,-117.92391
12/26/2019,AQS,1,0.036,ppm,33,Azusa,17,100,44201,Ozone,87,31080,"Los Angeles-Long Beach-Anaheim, CA",6,California,37,Los Angeles,34.1365,-117.92391
12/27/2019,AQS,1,0.027,ppm,25,Azusa,17,100,44201,Ozone,87,31080,"Los Angeles-Long Beach-Anaheim, CA",6,California,37,Los Angeles,34.1365,-117.92391
12/28/2019,AQS,1,0.031,ppm,29,Azusa,17,100,44201,Ozone,87,31080,"Los Angeles-Long Beach-Anaheim, CA",6,California,37,Los Angeles,34.1365,-117.92391
12/29/2019,AQS,1,0.032,ppm,30,Azusa,17,100,44201,Ozone,87,31080,"Los Angeles-Long Beach-Anaheim, CA",6,California,37,Los Angeles,34.1365,-117.92391
12/30/2019,AQS,1,0.034,ppm,31,Azusa,17,100,44201,Ozone,87,31080,"Los Angeles-Long Beach-Anaheim, CA",6,California,37,Los Angeles,34.1365,-117.92391
01/01/2020,AQS,1,0.038,ppm,35,Azusa,17,100,44201,Ozone,87,31080,"Los Angeles-Long Beach-Anaheim, CA",6,California,37,Los Angeles,34.1365,-117.92391
01/02/2020,AQS,1,0.033,ppm,31,Azusa,17,100,44201,Ozone,87,31080,"Los Angeles-Long Beach-Anaheim, CA",6,California,37,Los Angeles,34.1365,-117.92391
01/03/2020,AQS,1,0.031,ppm,29,Azusa,17,100,44201,Ozone,87,31080,"Los Angeles-Long Beach-Anaheim, CA",6,California,37,Los Angeles,34.1365,-117.92391
01/04/2020,AQS,1,0.026,ppm,24,Azusa,17,100,44201,Ozone,87,31080,"Los Angeles-Long Beach-Anaheim, CA",6,California,37,Los Angeles,34.1365,-117.92391
01/05/2020,AQS,1,0.034,ppm,31,Azusa,17,100,44201,Ozone,87,31080,"Los Angeles-Long Beach-Anaheim, CA",6,California,37,Los Angeles,34.1365,-117.92391
01/06/2020,AQS,1,0.035,ppm,32,Azusa,17,100,44201,Ozone,87,31080,"Los Angeles-Long Beach-Anaheim, CA",6,California,37,Los Angeles,34.1365,-117.92391
01/07/2020,AQS,1,0.023,ppm,21,Azusa,17,100,44201,Ozone,87,31080,"Los Angeles-Long Beach-Anaheim, CA",6,California,37,Los Angeles,34.1365,-117.92391
01/08/2020,AQS,1,0.027,ppm,25,Azusa,17,100,44201,Ozone,87,31080,"Los Angeles-Long Beach-Anaheim, CA",6,California,37,Los Angeles,34.1365,-117.92391
01/09/2020,AQS,1,0.029,ppm,27,Azusa,17,100,44201,Ozone,87,31080,"Los Angeles-Long Beach-Anaheim, CA",6,California,37,Los Angeles,34.1365,-117.92391
01/10/2020,AQS,1,0.024,ppm,22,Azusa,17,100,44201,Ozone,87,31080,"Los Angeles-Long Beach-Anaheim, CA",6,California,37,Los Angeles,34.1365,-117.92391
01/11/2020,AQS,1,0.031,ppm,29,Azusa,17,100,44201,Ozone,87,31080,"Los Angeles-Long Beach-Anaheim, CA",6,California,37,Los Angeles,34.1365,-117.92391
01/12/2020,AQS,1,0.038,ppm,35,Azusa,17,100,44201,Ozone,87,31080,"Los Angeles-Long Beach-Anaheim, CA",6,California,37,Los Angeles,34.1365,-117.92391
01/13/2020,AQS,1,0.035,ppm,32,Azusa,17,100,44201,Ozone,87,31080,"Los Angeles-Long Beach-Anaheim, CA",6,California,37,Los Angeles,34.1365,-117.92391
01/14/2020,AQS,1,0.029,ppm,27,Azusa,17,100,44201,Ozone,87,31080,"Los Angeles-Long Beach-Anaheim, CA",6,California,37,Los Angeles,34.1365,-117.92391
01/15/2020,AQS,1,0.029,ppm,27,Azusa,17,100,44201,Ozone,87,31080,"Los Angeles-Long Beach-Anaheim, CA",6,California,37,Los Angeles,34.1365,-117.92391
01/16/2020,AQS,1,0.038,ppm,35,Azusa,17,100,44201,Ozone,87,31080,"Los Angeles-Long Beach-Anaheim, CA",6,California,37,Los Angeles,34.1365,-117.92391
01/17/2020,AQS,1,0.032,ppm,30,Azusa,17,100,44201,Ozone,87,31080,"Los Angeles-Long Beach-Anaheim, CA",6,California,37,Los Angeles,34.1365,-117.92391
01/18/2020,AQS,1,0.031,ppm,29,Azusa,17,100,44201,Ozone,87,31080,"Los Angeles-Long Beach-Anaheim, CA",6,California,37,Los Angeles,34.1365,-117.92391
01/19/2020,AQS,1,0.035,ppm,32,Azusa,17,100,44201,Ozone,87,31080,"Los Angeles-Long Beach-Anaheim, CA",6,California,37,Los Angeles,34.1365,-117.92391
01/20/2020,AQS,1,0.016,ppm,15,Azusa,17,100,44201,Ozone,87,31080,"Los Angeles-Long Beach-Anaheim, CA",6,California,37,Los Angeles,34.1365,-117.92391
01/21/2020,AQS,1,0.024,ppm,22,Azusa,17,100,44201,Ozone,87,31080,"Los Angeles-Long Beach-Anaheim, CA",6,California,37,Los Angeles,34.1365,-117.92391
01/22/2020,AQS,1,0.027,ppm,25,Azusa,17,100,44201,Ozone,87,31080,"Los Angeles-Long Beach-Anaheim, CA",6,California,37,Los Angeles,34.1365,-117.92391
01/23/2020,AQS,1,0.029,ppm,27,Azusa,17,100,44201,Ozone,87,31080,"Los Angeles-Long Beach-Anaheim, CA",6,California,37,Los Angeles,34.1365,-117.92391
01/24/2020,AQS,1,0.025,ppm,23,Azusa,17,100,44201,Ozone,87,31080,"Los Angeles-Long Beach-Anaheim, CA",6,California,37,Los Angeles,34.1365,-117.92391
01/25/2020,AQS,1,0.023,ppm,21,Azusa,17,100,44201,Ozone,87,31080,"Los Angeles-Long Beach-Anaheim, CA",6,California,37,Los Angeles,34.1365,-117.92391
01/26/2020,AQS,1,0.03,ppm,28,Azusa,17,100,44201,Ozone,87,31080,"Los Angeles-Long Beach-Anaheim, CA",6,California,37,Los Angeles,34.1365,-117.92391
01/27/2020,AQS,1,0.029,ppm,27,Azusa,17,100,44201,Ozone,87,31080,"Los Angeles-Long Beach-Anaheim, CA",6,California,37,Los Angeles,34.1365,-117.92391
01/28/2020,AQS,1,0.028,ppm,26,Azusa,17,100,44201,Ozone,87,31080,"Los Angeles-Long Beach-Anaheim, CA",6,California,37,Los Angeles,34.1365,-117.92391
01/29/2020,AQS,1,0.037,ppm,34,Azusa,17,100,44201,Ozone,87,31080,"Los Angeles-Long Beach-Anaheim, CA",6,California,37,Los Angeles,34.1365,-117.92391
01/30/2020,AQS,1,0.034,ppm,31,Azusa,17,100,44201,Ozone,87,31080,"Los Angeles-Long Beach-Anaheim, CA",6,California,37,Los Angeles,34.1365,-117.92391
01/31/2020,AQS,1,0.035,ppm,32,Azusa,17,100,44201,Ozone,87,31080,"Los Angeles-Long Beach-Anaheim, CA",6,California,37,Los Angeles,34.1365,-117.92391
02/01/2020,AQS,1,0.045,ppm,42,Azusa,17,100,44201,Ozone,87,31080,"Los Angeles-Long Beach-Anaheim, CA",6,California,37,Los Angeles,34.1365,-117.92391
02/02/2020,AQS,1,0.041,ppm,38,Azusa,17,100,44201,Ozone,87,31080,"Los Angeles-Long Beach-Anaheim, CA",6,California,37,Los Angeles,34.1365,-117.92391
02/03/2020,AQS,1,0.044,ppm,41,Azusa,17,100,44201,Ozone,87,31080,"Los Angeles-Long Beach-Anaheim, CA",6,California,37,Los Angeles,34.1365,-117.92391
02/04/2020,AQS,1,0.033,ppm,31,Azusa,17,100,44201,Ozone,87,31080,"Los Angeles-Long Beach-Anaheim, CA",6,California,37,Los Angeles,34.1365,-117.92391
02/05/2020,AQS,1,0.032,ppm,30,Azusa,17,100,44201,Ozone,87,31080,"Los Angeles-Long Beach-Anaheim, CA",6,California,37,Los Angeles,34.1365,-117.92391
02/06/2020,AQS,1,0.028,ppm,26,Azusa,17,100,44201,Ozone,87,31080,"Los Angeles-Long Beach-Anaheim, CA",6,California,37,Los Angeles,34.1365,-117.92391
02/07/2020,AQS,1,0.032,ppm,30,Azusa,17,100,44201,Ozone,87,31080,"Los Angeles-Long Beach-Anaheim, CA",6,California,37,Los Angeles,34.1365,-117.92391
02/08/2020,AQS,1,0.048,ppm,44,Azusa,17,100,44201,Ozone,87,31080,"Los Angeles-Long Beach-Anaheim, CA",6,California,37,Los Angeles,34.1365,-117.92391
02/09/2020,AQS,1,0.038,ppm,35,Azusa,17,100,44201,Ozone,87,31080,"Los Angeles-Long Beach-Anaheim, CA",6,California,37,Los Angeles,34.1365,-117.92391
02/10/2020,AQS,1,0.041,ppm,38,Azusa,17,100,44201,Ozone,87,31080,"Los Angeles-Long Beach-Anaheim, CA",6,California,37,Los Angeles,34.1365,-117.92391
02/11/2020,AQS,1,0.038,ppm,35,Azusa,17,100,44201,Ozone,87,31080,"Los Angeles-Long Beach-Anaheim, CA",6,California,37,Los Angeles,34.1365,-117.92391
02/12/2020,AQS,1,0.04,ppm,37,Azusa,17,100,44201,Ozone,87,31080,"Los Angeles-Long Beach-Anaheim, CA",6,California,37,Los Angeles,34.1365,-117.92391
02/13/2020,AQS,1,0.037,ppm,34,Azusa,17,100,44201,Ozone,87,31080,"Los Angeles-Long Beach-Anaheim, CA",6,California,37,Los Angeles,34.1365,-117.92391
02/14/2020,AQS,1,0.042,ppm,39,Azusa,17,100,44201,Ozone,87,31080,"Los Angeles-Long Beach-Anaheim, CA",6,California,37,Los Angeles,34.1365,-117.92391
02/15/2020,AQS,1,0.05,ppm,46,Azusa,17,100,44201,Ozone,87,31080,"Los Angeles-Long Beach-Anaheim, CA",6,California,37,Los Angeles,34.1365,-117.92391
02/16/2020,AQS,1,0.058,ppm,61,Azusa,17,100,44201,Ozone,87,31080,"Los Angeles-Long Beach-Anaheim, CA",6,California,37,Los Angeles,34.1365,-117.92391
02/17/2020,AQS,1,0.055,ppm,51,Azusa,17,100,44201,Ozone,87,31080,"Los Angeles-Long Beach-Anaheim, CA",6,California,37,Los Angeles,34.1365,-117.92391
02/18/2020,AQS,1,0.045,ppm,42,Azusa,17,100,44201,Ozone,87,31080,"Los Angeles-Long Beach-Anaheim, CA",6,California,37,Los Angeles,34.1365,-117.92391
02/19/2020,AQS,1,0.046,ppm,43,Azusa,17,100,44201,Ozone,87,31080,"Los Angeles-Long Beach-Anaheim, CA",6,California,37,Los Angeles,34.1365,-117.92391
02/20/2020,AQS,1,0.046,ppm,43,Azusa,17,100,44201,Ozone,87,31080,"Los Angeles-Long Beach-Anaheim, CA",6,California,37,Los Angeles,34.1365,-117.92391
02/22/2020,AQS,1,0.038,ppm,35,Azusa,17,100,44201,Ozone,87,31080,"Los Angeles-Long Beach-Anaheim, CA",6,California,37,Los Angeles,34.1365,-117.92391
02/23/2020,AQS,1,0.04,ppm,37,Azusa,17,100,44201,Ozone,87,31080,"Los Angeles-Long Beach-Anaheim, CA",6,California,37,Los Angeles,34.1365,-117.92391
02/24/2020,AQS,1,0.037,ppm,34,Azusa,17,100,44201,Ozone,87,31080,"Los Angeles-Long Beach-Anaheim, CA",6,California,37,Los Angeles,34.1365,-117.92391
02/25/2020,AQS,1,0.041,ppm,38,Azusa,13,76,44201,Ozone,87,31080,"Los Angeles-Long Beach-Anaheim, CA",6,California,37,Los Angeles,34.1365,-117.92391
02/26/2020,AQS,1,0.04,ppm,37,Azusa,17,100,44201,Ozone,87,31080,"Los Angeles-Long Beach-Anaheim, CA",6,California,37,Los Angeles,34.1365,-117.92391
02/27/2020,AQS,1,0.039,ppm,36,Azusa,17,100,44201,Ozone,87,31080,"Los Angeles-Long Beach-Anaheim, CA",6,California,37,Los Angeles,34.1365,-117.92391
02/28/2020,AQS,1,0.037,ppm,34,Azusa,17,100,44201,Ozone,87,31080,"Los Angeles-Long Beach-Anaheim, CA",6,California,37,Los Angeles,34.1365,-117.92391
02/29/2020,AQS,1,0.045,ppm,42,Azusa,17,100,44201,Ozone,87,31080,"Los Angeles-Long Beach-Anaheim, CA",6,California,37,Los Angeles,34.1365,-117.92391
03/01/2020,AQS,1,0.044,ppm,41,Azusa,17,100,44201,Ozone,87,31080,"Los Angeles-Long Beach-Anaheim, CA",6,California,37,Los Angeles,34.1365,-117.92391
03/02/2020,AQS,1,0.041,ppm,38,Azusa,17,100,44201,Ozone,87,31080,"Los Angeles-Long Beach-Anaheim, CA",6,California,37,Los Angeles,34.1365,-117.92391
03/03/2020,AQS,1,0.042,ppm,39,Azusa,17,100,44201,Ozone,87,31080,"Los Angeles-Long Beach-Anaheim, CA",6,California,37,Los Angeles,34.1365,-117.92391
03/04/2020,AQS,1,0.038,ppm,35,Azusa,17,100,44201,Ozone,87,31080,"Los Angeles-Long Beach-Anaheim, CA",6,California,37,Los Angeles,34.1365,-117.92391
03/05/2020,AQS,1,0.047,ppm,44,Azusa,17,100,44201,Ozone,87,31080,"Los Angeles-Long Beach-Anaheim, CA",6,California,37,Los Angeles,34.1365,-117.92391
03/06/2020,AQS,1,0.037,ppm,34,Azusa,17,100,44201,Ozone,87,31080,"Los Angeles-Long Beach-Anaheim, CA",6,California,37,Los Angeles,34.1365,-117.92391
03/07/2020,AQS,1,0.041,ppm,38,Azusa,17,100,44201,Ozone,87,31080,"Los Angeles-Long Beach-Anaheim, CA",6,California,37,Los Angeles,34.1365,-117.92391
03/08/2020,AQS,1,0.041,ppm,38,Azusa,17,100,44201,Ozone,87,31080,"Los Angeles-Long Beach-Anaheim, CA",6,California,37,Los Angeles,34.1365,-117.92391
03/09/2020,AQS,1,0.034,ppm,31,Azusa,17,100,44201,Ozone,87,31080,"Los Angeles-Long Beach-Anaheim, CA",6,California,37,Los Angeles,34.1365,-117.92391
03/10/2020,AQS,1,0.024,ppm,22,Azusa,17,100,44201,Ozone,87,31080,"Los Angeles-Long Beach-Anaheim, CA",6,California,37,Los Angeles,34.1365,-117.92391
03/11/2020,AQS,1,0.036,ppm,33,Azusa,17,100,44201,Ozone,87,31080,"Los Angeles-Long Beach-Anaheim, CA",6,California,37,Los Angeles,34.1365,-117.92391
03/12/2020,AQS,1,0.033,ppm,31,Azusa,17,100,44201,Ozone,87,31080,"Los Angeles-Long Beach-Anaheim, CA",6,California,37,Los Angeles,34.1365,-117.92391
03/13/2020,AQS,1,0.031,ppm,29,Azusa,17,100,44201,Ozone,87,31080,"Los Angeles-Long Beach-Anaheim, CA",6,California,37,Los Angeles,34.1365,-117.92391
03/14/2020,AQS,1,0.035,ppm,32,Azusa,17,100,44201,Ozone,87,31080,"Los Angeles-Long Beach-Anaheim, CA",6,California,37,Los Angeles,34.1365,-117.92391
03/15/2020,AQS,1,0.042,ppm,39,Azusa,17,100,44201,Ozone,87,31080,"Los Angeles-Long Beach-Anaheim, CA",6,California,37,Los Angeles,34.1365,-117.92391
03/16/2020,AQS,1,0.034,ppm,31,Azusa,17,100,44201,Ozone,87,31080,"Los Angeles-Long Beach-Anaheim, CA",6,California,37,Los Angeles,34.1365,-117.92391
03/17/2020,AQS,1,0.039,ppm,36,Azusa,17,100,44201,Ozone,87,31080,"Los Angeles-Long Beach-Anaheim, CA",6,California,37,Los Angeles,34.1365,-117.92391
03/18/2020,AQS,1,0.037,ppm,34,Azusa,17,100,44201,Ozone,87,31080,"Los Angeles-Long Beach-Anaheim, CA",6,California,37,Los Angeles,34.1365,-117.92391
03/20/2020,AQS,1,0.041,ppm,38,Azusa,17,100,44201,Ozone,87,31080,"Los Angeles-Long Beach-Anaheim, CA",6,California,37,Los Angeles,34.1365,-117.92391
03/21/2020,AQS,1,0.046,ppm,43,Azusa,17,100,44201,Ozone,87,31080,"Los Angeles-Long Beach-Anaheim, CA",6,California,37,Los Angeles,34.1365,-117.92391
03/22/2020,AQS,1,0.04,ppm,37,Azusa,17,100,44201,Ozone,87,31080,"Los Angeles-Long Beach-Anaheim, CA",6,California,37,Los Angeles,34.1365,-117.92391
03/23/2020,AQS,1,0.043,ppm,40,Azusa,17,100,44201,Ozone,87,31080,"Los Angeles-Long Beach-Anaheim, CA",6,California,37,Los Angeles,34.1365,-117.92391
03/25/2020,AQS,1,0.042,ppm,39,Azusa,17,100,44201,Ozone,87,31080,"Los Angeles-Long Beach-Anaheim, CA",6,California,37,Los Angeles,34.1365,-117.92391
03/26/2020,AQS,1,0.044,ppm,41,Azusa,17,100,44201,Ozone,87,31080,"Los Angeles-Long Beach-Anaheim, CA",6,California,37,Los Angeles,34.1365,-117.92391
03/27/2020,AQS,1,0.044,ppm,41,Azusa,17,100,44201,Ozone,87,31080,"Los Angeles-Long Beach-Anaheim, CA",6,California,37,Los Angeles,34.1365,-117.92391
03/28/2020,AQS,1,0.052,ppm,48,Azusa,17,100,44201,Ozone,87,31080,"Los Angeles-Long Beach-Anaheim, CA",6,California,37,Los Angeles,34.1365,-117.92391
03/29/2020,AQS,1,0.05,ppm,46,Azusa,17,100,44201,Ozone,87,31080,"Los Angeles-Long Beach-Anaheim, CA",6,California,37,Los Angeles,34.1365,-117.92391
03/30/2020,AQS,1,0.048,ppm,44,Azusa,17,100,44201,Ozone,87,31080,"Los Angeles-Long Beach-Anaheim, CA",6,California,37,Los Angeles,34.1365,-117.92391
03/31/2020,AQS,1,0.053,ppm,49,Azusa,17,100,44201,Ozone,87,31080,"Los Angeles-Long Beach-Anaheim, CA",6,California,37,Los Angeles,34.1365,-117.92391
04/01/2020,AQS,1,0.054,ppm,50,Azusa,17,100,44201,Ozone,87,31080,"Los Angeles-Long Beach-Anaheim, CA",6,California,37,Los Angeles,34.1365,-117.92391
04/02/2020,AQS,1,0.044,ppm,41,Azusa,17,100,44201,Ozone,87,31080,"Los Angeles-Long Beach-Anaheim, CA",6,California,37,Los Angeles,34.1365,-117.92391
04/03/2020,AQS,1,0.051,ppm,47,Azusa,17,100,44201,Ozone,87,31080,"Los Angeles-Long Beach-Anaheim, CA",6,California,37,Los Angeles,34.1365,-117.92391
04/04/2020,AQS,1,0.049,ppm,45,Azusa,17,100,44201,Ozone,87,31080,"Los Angeles-Long Beach-Anaheim, CA",6,California,37,Los Angeles,34.1365,-117.92391
04/05/2020,AQS,1,0.034,ppm,31,Azusa,17,100,44201,Ozone,87,31080,"Los Angeles-Long Beach-Anaheim, CA",6,California,37,Los Angeles,34.1365,-117.92391
04/06/2020,AQS,1,0.032,ppm,30,Azusa,17,100,44201,Ozone,87,31080,"Los Angeles-Long Beach-Anaheim, CA",6,California,37,Los Angeles,34.1365,-117.92391
04/07/2020,AQS,1,0.032,ppm,30,Azusa,17,100,44201,Ozone,87,31080,"Los Angeles-Long Beach-Anaheim, CA",6,California,37,Los Angeles,34.1365,-117.92391
04/08/2020,AQS,1,0.04,ppm,37,Azusa,17,100,44201,Ozone,87,31080,"Los Angeles-Long Beach-Anaheim, CA",6,California,37,Los Angeles,34.1365,-117.92391
04/09/2020,AQS,1,0.036,ppm,33,Azusa,17,100,44201,Ozone,87,31080,"Los Angeles-Long Beach-Anaheim, CA",6,California,37,Los Angeles,34.1365,-117.92391
04/10/2020,AQS,1,0.04,ppm,37,Azusa,17,100,44201,Ozone,87,31080,"Los Angeles-Long Beach-Anaheim, CA",6,California,37,Los Angeles,34.1365,-117.92391
04/11/2020,AQS,1,0.048,ppm,44,Azusa,17,100,44201,Ozone,87,31080,"Los Angeles-Long Beach-Anaheim, CA",6,California,37,Los Angeles,34.1365,-117.92391
04/12/2020,AQS,1,0.035,ppm,32,Azusa,17,100,44201,Ozone,87,31080,"Los Angeles-Long Beach-Anaheim, CA",6,California,37,Los Angeles,34.1365,-117.92391
04/13/2020,AQS,1,0.027,ppm,25,Azusa,17,100,44201,Ozone,87,31080,"Los Angeles-Long Beach-Anaheim, CA",6,California,37,Los Angeles,34.1365,-117.92391
04/14/2020,AQS,1,0.047,ppm,44,Azusa,17,100,44201,Ozone,87,31080,"Los Angeles-Long Beach-Anaheim, CA",6,California,37,Los Angeles,34.1365,-117.92391
04/15/2020,AQS,1,0.055,ppm,51,Azusa,17,100,44201,Ozone,87,31080,"Los Angeles-Long Beach-Anaheim, CA",6,California,37,Los Angeles,34.1365,-117.92391
04/16/2020,AQS,1,0.056,ppm,54,Azusa,17,100,44201,Ozone,87,31080,"Los Angeles-Long Beach-Anaheim, CA",6,California,37,Los Angeles,34.1365,-117.92391
04/17/2020,AQS,1,0.04,ppm,37,Azusa,17,100,44201,Ozone,87,31080,"Los Angeles-Long Beach-Anaheim, CA",6,California,37,Los Angeles,34.1365,-117.92391
04/18/2020,AQS,1,0.037,ppm,34,Azusa,17,100,44201,Ozone,87,31080,"Los Angeles-Long Beach-Anaheim, CA",6,California,37,Los Angeles,34.1365,-117.92391
04/19/2020,AQS,1,0.043,ppm,40,Azusa,17,100,44201,Ozone,87,31080,"Los Angeles-Long Beach-Anaheim, CA",6,California,37,Los Angeles,34.1365,-117.92391
04/20/2020,AQS,1,0.039,ppm,36,Azusa,17,100,44201,Ozone,87,31080,"Los Angeles-Long Beach-Anaheim, CA",6,California,37,Los Angeles,34.1365,-117.92391
04/21/2020,AQS,1,0.045,ppm,42,Azusa,17,100,44201,Ozone,87,31080,"Los Angeles-Long Beach-Anaheim, CA",6,California,37,Los Angeles,34.1365,-117.92391
04/22/2020,AQS,1,0.061,ppm,71,Azusa,17,100,44201,Ozone,87,31080,"Los Angeles-Long Beach-Anaheim, CA",6,California,37,Los Angeles,34.1365,-117.92391
04/23/2020,AQS,1,0.076,ppm,119,Azusa,17,100,44201,Ozone,87,31080,"Los Angeles-Long Beach-Anaheim, CA",6,California,37,Los Angeles,34.1365,-117.92391
04/24/2020,AQS,1,0.069,ppm,97,Azusa,17,100,44201,Ozone,87,31080,"Los Angeles-Long Beach-Anaheim, CA",6,California,37,Los Angeles,34.1365,-117.92391
04/25/2020,AQS,1,0.091,ppm,164,Azusa,17,100,44201,Ozone,87,31080,"Los Angeles-Long Beach-Anaheim, CA",6,California,37,Los Angeles,34.1365,-117.92391
04/26/2020,AQS,1,0.086,ppm,151,Azusa,17,100,44201,Ozone,87,31080,"Los Angeles-Long Beach-Anaheim, CA",6,California,37,Los Angeles,34.1365,-117.92391
04/27/2020,AQS,1,0.063,ppm,77,Azusa,17,100,44201,Ozone,87,31080,"Los Angeles-Long Beach-Anaheim, CA",6,California,37,Los Angeles,34.1365,-117.92391
04/28/2020,AQS,1,0.072,ppm,105,Azusa,17,100,44201,Ozone,87,31080,"Los Angeles-Long Beach-Anaheim, CA",6,California,37,Los Angeles,34.1365,-117.92391
04/29/2020,AQS,1,0.057,ppm,58,Azusa,17,100,44201,Ozone,87,31080,"Los Angeles-Long Beach-Anaheim, CA",6,California,37,Los Angeles,34.1365,-117.92391
04/30/2020,AQS,1,0.076,ppm,119,Azusa,17,100,44201,Ozone,87,31080,"Los Angeles-Long Beach-Anaheim, CA",6,California,37,Los Angeles,34.1365,-117.92391
05/01/2020,AQS,1,0.062,ppm,74,Azusa,17,100,44201,Ozone,87,31080,"Los Angeles-Long Beach-Anaheim, CA",6,California,37,Los Angeles,34.1365,-117.92391
05/02/2020,AQS,1,0.062,ppm,74,Azusa,17,100,44201,Ozone,87,31080,"Los Angeles-Long Beach-Anaheim, CA",6,California,37,Los Angeles,34.1365,-117.92391
05/03/2020,AQS,1,0.054,ppm,50,Azusa,17,100,44201,Ozone,87,31080,"Los Angeles-Long Beach-Anaheim, CA",6,California,37,Los Angeles,34.1365,-117.92391
05/04/2020,AQS,1,0.071,ppm,101,Azusa,17,100,44201,Ozone,87,31080,"Los Angeles-Long Beach-Anaheim, CA",6,California,37,Los Angeles,34.1365,-117.92391
05/05/2020,AQS,1,0.078,ppm,126,Azusa,17,100,44201,Ozone,87,31080,"Los Angeles-Long Beach-Anaheim, CA",6,California,37,Los Angeles,34.1365,-117.92391
05/06/2020,AQS,1,0.101,ppm,190,Azusa,17,100,44201,Ozone,87,31080,"Los Angeles-Long Beach-Anaheim, CA",6,California,37,Los Angeles,34.1365,-117.92391
05/07/2020,AQS,1,0.099,ppm,185,Azusa,17,100,44201,Ozone,87,31080,"Los Angeles-Long Beach-Anaheim, CA",6,California,37,Los Angeles,34.1365,-117.92391
05/08/2020,AQS,1,0.075,ppm,115,Azusa,17,100,44201,Ozone,87,31080,"Los Angeles-Long Beach-Anaheim, CA",6,California,37,Los Angeles,34.1365,-117.92391
05/09/2020,AQS,1,0.073,ppm,108,Azusa,17,100,44201,Ozone,87,31080,"Los Angeles-Long Beach-Anaheim, CA",6,California,37,Los Angeles,34.1365,-117.92391
05/10/2020,AQS,1,0.064,ppm,80,Azusa,17,100,44201,Ozone,87,31080,"Los Angeles-Long Beach-Anaheim, CA",6,California,37,Los Angeles,34.1365,-117.92391
05/11/2020,AQS,1,0.06,ppm,67,Azusa,17,100,44201,Ozone,87,31080,"Los Angeles-Long Beach-Anaheim, CA",6,California,37,Los Angeles,34.1365,-117.92391
05/13/2020,AQS,1,0.05,ppm,46,Azusa,17,100,44201,Ozone,87,31080,"Los Angeles-Long Beach-Anaheim, CA",6,California,37,Los Angeles,34.1365,-117.92391
05/14/2020,AQS,1,0.049,ppm,45,Azusa,17,100,44201,Ozone,87,31080,"Los Angeles-Long Beach-Anaheim, CA",6,California,37,Los Angeles,34.1365,-117.92391
05/15/2020,AQS,1,0.062,ppm,74,Azusa,17,100,44201,Ozone,87,31080,"Los Angeles-Long Beach-Anaheim, CA",6,California,37,Los Angeles,34.1365,-117.92391
05/16/2020,AQS,1,0.077,ppm,122,Azusa,17,100,44201,Ozone,87,31080,"Los Angeles-Long Beach-Anaheim, CA",6,California,37,Los Angeles,34.1365,-117.92391
05/17/2020,AQS,1,0.057,ppm,58,Azusa,17,100,44201,Ozone,87,31080,"Los Angeles-Long Beach-Anaheim, CA",6,California,37,Los Angeles,34.1365,-117.92391
05/18/2020,AQS,1,0.033,ppm,31,Azusa,17,100,44201,Ozone,87,31080,"Los Angeles-Long Beach-Anaheim, CA",6,California,37,Los Angeles,34.1365,-117.92391
05/19/2020,AQS,1,0.044,ppm,41,Azusa,17,100,44201,Ozone,87,31080,"Los Angeles-Long Beach-Anaheim, CA",6,California,37,Los Angeles,34.1365,-117.92391
05/20/2020,AQS,1,0.05,ppm,46,Azusa,17,100,44201,Ozone,87,31080,"Los Angeles-Long Beach-Anaheim, CA",6,California,37,Los Angeles,34.1365,-117.92391
05/21/2020,AQS,1,0.062,ppm,74,Azusa,17,100,44201,Ozone,87,31080,"Los Angeles-Long Beach-Anaheim, CA",6,California,37,Los Angeles,34.1365,-117.92391
05/22/2020,AQS,1,0.055,ppm,51,Azusa,17,100,44201,Ozone,87,31080,"Los Angeles-Long Beach-Anaheim, CA",6,California,37,Los Angeles,34.1365,-117.92391
05/23/2020,AQS,1,0.057,ppm,58,Azusa,17,100,44201,Ozone,87,31080,"Los Angeles-Long Beach-Anaheim, CA",6,California,37,Los Angeles,34.1365,-117.92391
05/24/2020,AQS,1,0.069,ppm,97,Azusa,17,100,44201,Ozone,87,31080,"Los Angeles-Long Beach-Anaheim, CA",6,California,37,Los Angeles,34.1365,-117.92391
05/25/2020,AQS,1,0.077,ppm,122,Azusa,17,100,44201,Ozone,87,31080,"Los Angeles-Long Beach-Anaheim, CA",6,California,37,Los Angeles,34.1365,-117.92391
05/26/2020,AQS,1,0.075,ppm,115,Azusa,17,100,44201,Ozone,87,31080,"Los Angeles-Long Beach-Anaheim, CA",6,California,37,Los Angeles,34.1365,-117.92391
05/27/2020,AQS,1,0.067,ppm,90,Azusa,17,100,44201,Ozone,87,31080,"Los Angeles-Long Beach-Anaheim, CA",6,California,37,Los Angeles,34.1365,-117.92391
05/28/2020,AQS,1,0.059,ppm,64,Azusa,17,100,44201,Ozone,87,31080,"Los Angeles-Long Beach-Anaheim, CA",6,California,37,Los Angeles,34.1365,-117.92391
05/29/2020,AQS,1,0.037,ppm,34,Azusa,17,100,44201,Ozone,87,31080,"Los Angeles-Long Beach-Anaheim, CA",6,California,37,Los Angeles,34.1365,-117.92391
05/30/2020,AQS,1,0.04,ppm,37,Azusa,17,100,44201,Ozone,87,31080,"Los Angeles-Long Beach-Anaheim, CA",6,California,37,Los Angeles,34.1365,-117.92391
05/31/2020,AQS,1,0.052,ppm,48,Azusa,17,100,44201,Ozone,87,31080,"Los Angeles-Long Beach-Anaheim, CA",6,California,37,Los Angeles,34.1365,-117.92391
06/01/2020,AQS,1,0.053,ppm,49,Azusa,17,100,44201,Ozone,87,31080,"Los Angeles-Long Beach-Anaheim, CA",6,California,37,Los Angeles,34.1365,-117.92391
06/02/2020,AQS,1,0.053,ppm,49,Azusa,17,100,44201,Ozone,87,31080,"Los Angeles-Long Beach-Anaheim, CA",6,California,37,Los Angeles,34.1365,-117.92391
06/03/2020,AQS,1,0.07,ppm,100,Azusa,17,100,44201,Ozone,87,31080,"Los Angeles-Long Beach-Anaheim, CA",6,California,37,Los Angeles,34.1365,-117.92391
06/04/2020,AQS,1,0.06,ppm,67,Azusa,17,100,44201,Ozone,87,31080,"Los Angeles-Long Beach-Anaheim, CA",6,California,37,Los Angeles,34.1365,-117.92391
06/05/2020,AQS,1,0.028,ppm,26,Azusa,17,100,44201,Ozone,87,31080,"Los Angeles-Long Beach-Anaheim, CA",6,California,37,Los Angeles,34.1365,-117.92391
06/06/2020,AQS,1,0.035,ppm,32,Azusa,17,100,44201,Ozone,87,31080,"Los Angeles-Long Beach-Anaheim, CA",6,California,37,Los Angeles,34.1365,-117.92391
06/07/2020,AQS,1,0.049,ppm,45,Azusa,17,100,44201,Ozone,87,31080,"Los Angeles-Long Beach-Anaheim, CA",6,California,37,Los Angeles,34.1365,-117.92391
06/08/2020,AQS,1,0.056,ppm,54,Azusa,17,100,44201,Ozone,87,31080,"Los Angeles-Long Beach-Anaheim, CA",6,California,37,Los Angeles,34.1365,-117.92391
06/09/2020,AQS,1,0.06,ppm,67,Azusa,17,100,44201,Ozone,87,31080,"Los Angeles-Long Beach-Anaheim, CA",6,California,37,Los Angeles,34.1365,-117.92391
06/10/2020,AQS,1,0.077,ppm,122,Azusa,17,100,44201,Ozone,87,31080,"Los Angeles-Long Beach-Anaheim, CA",6,California,37,Los Angeles,34.1365,-117.92391
06/11/2020,AQS,1,0.084,ppm,147,Azusa,17,100,44201,Ozone,87,31080,"Los Angeles-Long Beach-Anaheim, CA",6,California,37,Los Angeles,34.1365,-117.92391
06/12/2020,AQS,1,0.06,ppm,67,Azusa,17,100,44201,Ozone,87,31080,"Los Angeles-Long Beach-Anaheim, CA",6,California,37,Los Angeles,34.1365,-117.92391
06/13/2020,AQS,1,0.055,ppm,51,Azusa,17,100,44201,Ozone,87,31080,"Los Angeles-Long Beach-Anaheim, CA",6,California,37,Los Angeles,34.1365,-117.92391
06/14/2020,AQS,1,0.058,ppm,61,Azusa,17,100,44201,Ozone,87,31080,"Los Angeles-Long Beach-Anaheim, CA",6,California,37,Los Angeles,34.1365,-117.92391
06/15/2020,AQS,1,0.054,ppm,50,Azusa,17,100,44201,Ozone,87,31080,"Los Angeles-Long Beach-Anaheim, CA",6,California,37,Los Angeles,34.1365,-117.92391
06/16/2020,AQS,1,0.05,ppm,46,Azusa,17,100,44201,Ozone,87,31080,"Los Angeles-Long Beach-Anaheim, CA",6,California,37,Los Angeles,34.1365,-117.92391
06/17/2020,AQS,1,0.051,ppm,47,Azusa,17,100,44201,Ozone,87,31080,"Los Angeles-Long Beach-Anaheim, CA",6,California,37,Los Angeles,34.1365,-117.92391
06/18/2020,AQS,1,0.044,ppm,41,Azusa,17,100,44201,Ozone,87,31080,"Los Angeles-Long Beach-Anaheim, CA",6,California,37,Los Angeles,34.1365,-117.92391
06/19/2020,AQS,1,0.059,ppm,64,Azusa,17,100,44201,Ozone,87,31080,"Los Angeles-Long Beach-Anaheim, CA",6,California,37,Los Angeles,34.1365,-117.92391
06/20/2020,AQS,1,0.054,ppm,50,Azusa,17,100,44201,Ozone,87,31080,"Los Angeles-Long Beach-Anaheim, CA",6,California,37,Los Angeles,34.1365,-117.92391
06/21/2020,AQS,1,0.067,ppm,90,Azusa,17,100,44201,Ozone,87,31080,"Los Angeles-Long Beach-Anaheim, CA",6,California,37,Los Angeles,34.1365,-117.92391
06/22/2020,AQS,1,0.077,ppm,122,Azusa,17,100,44201,Ozone,87,31080,"Los Angeles-Long Beach-Anaheim, CA",6,California,37,Los Angeles,34.1365,-117.92391
06/23/2020,AQS,1,0.074,ppm,112,Azusa,17,100,44201,Ozone,87,31080,"Los Angeles-Long Beach-Anaheim, CA",6,California,37,Los Angeles,34.1365,-117.92391
06/24/2020,AQS,1,0.077,ppm,122,Azusa,17,100,44201,Ozone,87,31080,"Los Angeles-Long Beach-Anaheim, CA",6,California,37,Los Angeles,34.1365,-117.92391
06/25/2020,AQS,1,0.061,ppm,71,Azusa,17,100,44201,Ozone,87,31080,"Los Angeles-Long Beach-Anaheim, CA",6,California,37,Los Angeles,34.1365,-117.92391
06/26/2020,AQS,1,0.063,ppm,77,Azusa,17,100,44201,Ozone,87,31080,"Los Angeles-Long Beach-Anaheim, CA",6,California,37,Los Angeles,34.1365,-117.92391
06/27/2020,AQS,1,0.061,ppm,71,Azusa,17,100,44201,Ozone,87,31080,"Los Angeles-Long Beach-Anaheim, CA",6,California,37,Los Angeles,34.1365,-117.92391
06/28/2020,AQS,1,0.033,ppm,31,Azusa,17,100,44201,Ozone,87,31080,"Los Angeles-Long Beach-Anaheim, CA",6,California,37,Los Angeles,34.1365,-117.92391
06/29/2020,AQS,1,0.041,ppm,38,Azusa,17,100,44201,Ozone,87,31080,"Los Angeles-Long Beach-Anaheim, CA",6,California,37,Los Angeles,34.1365,-117.92391
06/30/2020,AQS,1,0.048,ppm,44,Azusa,17,100,44201,Ozone,87,31080,"Los Angeles-Long Beach-Anaheim, CA",6,California,37,Los Angeles,34.1365,-117.92391
07/02/2020,AQS,1,0.066,ppm,87,Azusa,17,100,44201,Ozone,87,31080,"Los Angeles-Long Beach-Anaheim, CA",6,California,37,Los Angeles,34.1365,-117.92391
07/03/2020,AQS,1,0.073,ppm,108,Azusa,17,100,44201,Ozone,87,31080,"Los Angeles-Long Beach-Anaheim, CA",6,California,37,Los Angeles,34.1365,-117.92391
07/04/2020,AQS,1,0.067,ppm,90,Azusa,17,100,44201,Ozone,87,31080,"Los Angeles-Long Beach-Anaheim, CA",6,California,37,Los Angeles,34.1365,-117.92391
07/05/2020,AQS,1,0.078,ppm,126,Azusa,17,100,44201,Ozone,87,31080,"Los Angeles-Long Beach-Anaheim, CA",6,California,37,Los Angeles,34.1365,-117.92391
07/06/2020,AQS,1,0.076,ppm,119,Azusa,17,100,44201,Ozone,87,31080,"Los Angeles-Long Beach-Anaheim, CA",6,California,37,Los Angeles,34.1365,-117.92391
07/07/2020,AQS,1,0.072,ppm,105,Azusa,17,100,44201,Ozone,87,31080,"Los Angeles-Long Beach-Anaheim, CA",6,California,37,Los Angeles,34.1365,-117.92391
07/08/2020,AQS,1,0.067,ppm,90,Azusa,17,100,44201,Ozone,87,31080,"Los Angeles-Long Beach-Anaheim, CA",6,California,37,Los Angeles,34.1365,-117.92391
07/09/2020,AQS,1,0.082,ppm,140,Azusa,17,100,44201,Ozone,87,31080,"Los Angeles-Long Beach-Anaheim, CA",6,California,37,Los Angeles,34.1365,-117.92391
07/10/2020,AQS,1,0.101,ppm,190,Azusa,17,100,44201,Ozone,87,31080,"Los Angeles-Long Beach-Anaheim, CA",6,California,37,Los Angeles,34.1365,-117.92391
07/11/2020,AQS,1,0.09,ppm,161,Azusa,17,100,44201,Ozone,87,31080,"Los Angeles-Long Beach-Anaheim, CA",6,California,37,Los Angeles,34.1365,-117.92391
07/12/2020,AQS,1,0.084,ppm,147,Azusa,17,100,44201,Ozone,87,31080,"Los Angeles-Long Beach-Anaheim, CA",6,California,37,Los Angeles,34.1365,-117.92391
07/13/2020,AQS,1,0.067,ppm,90,Azusa,17,100,44201,Ozone,87,31080,"Los Angeles-Long Beach-Anaheim, CA",6,California,37,Los Angeles,34.1365,-117.92391
07/14/2020,AQS,1,0.061,ppm,71,Azusa,17,100,44201,Ozone,87,31080,"Los Angeles-Long Beach-Anaheim, CA",6,California,37,Los Angeles,34.1365,-117.92391
07/15/2020,AQS,1,0.064,ppm,80,Azusa,17,100,44201,Ozone,87,31080,"Los Angeles-Long Beach-Anaheim, CA",6,California,37,Los Angeles,34.1365,-117.92391
07/16/2020,AQS,1,0.067,ppm,90,Azusa,17,100,44201,Ozone,87,31080,"Los Angeles-Long Beach-Anaheim, CA",6,California,37,Los Angeles,34.1365,-117.92391
07/17/2020,AQS,1,0.069,ppm,97,Azusa,17,100,44201,Ozone,87,31080,"Los Angeles-Long Beach-Anaheim, CA",6,California,37,Los Angeles,34.1365,-117.92391
07/18/2020,AQS,1,0.068,ppm,93,Azusa,17,100,44201,Ozone,87,31080,"Los Angeles-Long Beach-Anaheim, CA",6,California,37,Los Angeles,34.1365,-117.92391
07/19/2020,AQS,1,0.06,ppm,67,Azusa,17,100,44201,Ozone,87,31080,"Los Angeles-Long Beach-Anaheim, CA",6,California,37,Los Angeles,34.1365,-117.92391
07/20/2020,AQS,1,0.058,ppm,61,Azusa,17,100,44201,Ozone,87,31080,"Los Angeles-Long Beach-Anaheim, CA",6,California,37,Los Angeles,34.1365,-117.92391
07/21/2020,AQS,1,0.064,ppm,80,Azusa,17,100,44201,Ozone,87,31080,"Los Angeles-Long Beach-Anaheim, CA",6,California,37,Los Angeles,34.1365,-117.92391
07/22/2020,AQS,1,0.055,ppm,51,Azusa,17,100,44201,Ozone,87,31080,"Los Angeles-Long Beach-Anaheim, CA",6,California,37,Los Angeles,34.1365,-117.92391
07/23/2020,AQS,1,0.054,ppm,50,Azusa,17,100,44201,Ozone,87,31080,"Los Angeles-Long Beach-Anaheim, CA",6,California,37,Los Angeles,34.1365,-117.92391
07/24/2020,AQS,1,0.059,ppm,64,Azusa,17,100,44201,Ozone,87,31080,"Los Angeles-Long Beach-Anaheim, CA",6,California,37,Los Angeles,34.1365,-117.92391
07/25/2020,AQS,1,0.075,ppm,115,Azusa,17,100,44201,Ozone,87,31080,"Los Angeles-Long Beach-Anaheim, CA",6,California,37,Los Angeles,34.1365,-117.92391
07/26/2020,AQS,1,0.073,ppm,108,Azusa,17,100,44201,Ozone,87,31080,"Los Angeles-Long Beach-Anaheim, CA",6,California,37,Los Angeles,34.1365,-117.92391
07/27/2020,AQS,1,0.057,ppm,58,Azusa,17,100,44201,Ozone,87,31080,"Los Angeles-Long Beach-Anaheim, CA",6,California,37,Los Angeles,34.1365,-117.92391
07/28/2020,AQS,1,0.063,ppm,77,Azusa,17,100,44201,Ozone,87,31080,"Los Angeles-Long Beach-Anaheim, CA",6,California,37,Los Angeles,34.1365,-117.92391
07/29/2020,AQS,1,0.07,ppm,100,Azusa,17,100,44201,Ozone,87,31080,"Los Angeles-Long Beach-Anaheim, CA",6,California,37,Los Angeles,34.1365,-117.92391
07/30/2020,AQS,1,0.076,ppm,119,Azusa,17,100,44201,Ozone,87,31080,"Los Angeles-Long Beach-Anaheim, CA",6,California,37,Los Angeles,34.1365,-117.92391
07/31/2020,AQS,1,0.085,ppm,150,Azusa,17,100,44201,Ozone,87,31080,"Los Angeles-Long Beach-Anaheim, CA",6,California,37,Los Angeles,34.1365,-117.92391
08/01/2020,AQS,1,0.07,ppm,100,Azusa,17,100,44201,Ozone,87,31080,"Los Angeles-Long Beach-Anaheim, CA",6,California,37,Los Angeles,34.1365,-117.92391
08/02/2020,AQS,1,0.062,ppm,74,Azusa,17,100,44201,Ozone,87,31080,"Los Angeles-Long Beach-Anaheim, CA",6,California,37,Los Angeles,34.1365,-117.92391
08/03/2020,AQS,1,0.065,ppm,84,Azusa,17,100,44201,Ozone,87,31080,"Los Angeles-Long Beach-Anaheim, CA",6,California,37,Los Angeles,34.1365,-117.92391
08/04/2020,AQS,1,0.06,ppm,67,Azusa,17,100,44201,Ozone,87,31080,"Los Angeles-Long Beach-Anaheim, CA",6,California,37,Los Angeles,34.1365,-117.92391
08/05/2020,AQS,1,0.058,ppm,61,Azusa,17,100,44201,Ozone,87,31080,"Los Angeles-Long Beach-Anaheim, CA",6,California,37,Los Angeles,34.1365,-117.92391
08/06/2020,AQS,1,0.052,ppm,48,Azusa,17,100,44201,Ozone,87,31080,"Los Angeles-Long Beach-Anaheim, CA",6,California,37,Los Angeles,34.1365,-117.92391
08/07/2020,AQS,1,0.062,ppm,74,Azusa,17,100,44201,Ozone,87,31080,"Los Angeles-Long Beach-Anaheim, CA",6,California,37,Los Angeles,34.1365,-117.92391
08/08/2020,AQS,1,0.069,ppm,97,Azusa,17,100,44201,Ozone,87,31080,"Los Angeles-Long Beach-Anaheim, CA",6,California,37,Los Angeles,34.1365,-117.92391
08/09/2020,AQS,1,0.062,ppm,74,Azusa,17,100,44201,Ozone,87,31080,"Los Angeles-Long Beach-Anaheim, CA",6,California,37,Los Angeles,34.1365,-117.92391
08/10/2020,AQS,1,0.057,ppm,58,Azusa,17,100,44201,Ozone,87,31080,"Los Angeles-Long Beach-Anaheim, CA",6,California,37,Los Angeles,34.1365,-117.92391
08/11/2020,AQS,1,0.062,ppm,74,Azusa,17,100,44201,Ozone,87,31080,"Los Angeles-Long Beach-Anaheim, CA",6,California,37,Los Angeles,34.1365,-117.92391
08/12/2020,AQS,1,0.073,ppm,108,Azusa,17,100,44201,Ozone,87,31080,"Los Angeles-Long Beach-Anaheim, CA",6,California,37,Los Angeles,34.1365,-117.92391
08/13/2020,AQS,1,0.073,ppm,108,Azusa,17,100,44201,Ozone,87,31080,"Los Angeles-Long Beach-Anaheim, CA",6,California,37,Los Angeles,34.1365,-117.92391
08/14/2020,AQS,1,0.091,ppm,164,Azusa,17,100,44201,Ozone,87,31080,"Los Angeles-Long Beach-Anaheim, CA",6,California,37,Los Angeles,34.1365,-117.92391
08/15/2020,AQS,1,0.111,ppm,206,Azusa,17,100,44201,Ozone,87,31080,"Los Angeles-Long Beach-Anaheim, CA",6,California,37,Los Angeles,34.1365,-117.92391
08/16/2020,AQS,1,0.056,ppm,54,Azusa,17,100,44201,Ozone,87,31080,"Los Angeles-Long Beach-Anaheim, CA",6,California,37,Los Angeles,34.1365,-117.92391
08/17/2020,AQS,1,0.079,ppm,129,Azusa,17,100,44201,Ozone,87,31080,"Los Angeles-Long Beach-Anaheim, CA",6,California,37,Los Angeles,34.1365,-117.92391
08/18/2020,AQS,1,0.116,ppm,212,Azusa,17,100,44201,Ozone,87,31080,"Los Angeles-Long Beach-Anaheim, CA",6,California,37,Los Angeles,34.1365,-117.92391
08/19/2020,AQS,1,0.1,ppm,187,Azusa,17,100,44201,Ozone,87,31080,"Los Angeles-Long Beach-Anaheim, CA",6,California,37,Los Angeles,34.1365,-117.92391
08/20/2020,AQS,1,0.083,ppm,143,Azusa,17,100,44201,Ozone,87,31080,"Los Angeles-Long Beach-Anaheim, CA",6,California,37,Los Angeles,34.1365,-117.92391
08/21/2020,AQS,1,0.067,ppm,90,Azusa,17,100,44201,Ozone,87,31080,"Los Angeles-Long Beach-Anaheim, CA",6,California,37,Los Angeles,34.1365,-117.92391
08/22/2020,AQS,1,0.069,ppm,97,Azusa,17,100,44201,Ozone,87,31080,"Los Angeles-Long Beach-Anaheim, CA",6,California,37,Los Angeles,34.1365,-117.92391
08/23/2020,AQS,1,0.057,ppm,58,Azusa,17,100,44201,Ozone,87,31080,"Los Angeles-Long Beach-Anaheim, CA",6,California,37,Los Angeles,34.1365,-117.92391
08/24/2020,AQS,1,0.056,ppm,54,Azusa,17,100,44201,Ozone,87,31080,"Los Angeles-Long Beach-Anaheim, CA",6,California,37,Los Angeles,34.1365,-117.92391
08/25/2020,AQS,1,0.055,ppm,51,Azusa,17,100,44201,Ozone,87,31080,"Los Angeles-Long Beach-Anaheim, CA",6,California,37,Los Angeles,34.1365,-117.92391
08/26/2020,AQS,1,0.052,ppm,48,Azusa,13,76,44201,Ozone,87,31080,"Los Angeles-Long Beach-Anaheim, CA",6,California,37,Los Angeles,34.1365,-117.92391
09/04/2020,AQS,1,0.075,ppm,115,Azusa,11,65,44201,Ozone,87,31080,"Los Angeles-Long Beach-Anaheim, CA",6,California,37,Los Angeles,34.1365,-117.92391
09/05/2020,AQS,1,0.125,ppm,221,Azusa,17,100,44201,Ozone,87,31080,"Los Angeles-Long Beach-Anaheim, CA",6,California,37,Los Angeles,34.1365,-117.92391
09/06/2020,AQS,1,0.105,ppm,200,Azusa,17,100,44201,Ozone,87,31080,"Los Angeles-Long Beach-Anaheim, CA",6,California,37,Los Angeles,34.1365,-117.92391
09/07/2020,AQS,1,0.042,ppm,39,Azusa,17,100,44201,Ozone,87,31080,"Los Angeles-Long Beach-Anaheim, CA",6,California,37,Los Angeles,34.1365,-117.92391
09/09/2020,AQS,1,0.042,ppm,39,Azusa,13,76,44201,Ozone,87,31080,"Los Angeles-Long Beach-Anaheim, CA",6,California,37,Los Angeles,34.1365,-117.92391
09/12/2020,AQS,1,0.059,ppm,64,Azusa,17,100,44201,Ozone,87,31080,"Los Angeles-Long Beach-Anaheim, CA",6,California,37,Los Angeles,34.1365,-117.92391
09/13/2020,AQS,1,0.078,ppm,126,Azusa,17,100,44201,Ozone,87,31080,"Los Angeles-Long Beach-Anaheim, CA",6,California,37,Los Angeles,34.1365,-117.92391
09/14/2020,AQS,1,0.099,ppm,185,Azusa,17,100,44201,Ozone,87,31080,"Los Angeles-Long Beach-Anaheim, CA",6,California,37,Los Angeles,34.1365,-117.92391
09/16/2020,AQS,1,0.079,ppm,129,Azusa,17,100,44201,Ozone,87,31080,"Los Angeles-Long Beach-Anaheim, CA",6,California,37,Los Angeles,34.1365,-117.92391
09/17/2020,AQS,1,0.061,ppm,71,Azusa,17,100,44201,Ozone,87,31080,"Los Angeles-Long Beach-Anaheim, CA",6,California,37,Los Angeles,34.1365,-117.92391
09/18/2020,AQS,1,0.08,ppm,133,Azusa,17,100,44201,Ozone,87,31080,"Los Angeles-Long Beach-Anaheim, CA",6,California,37,Los Angeles,34.1365,-117.92391
09/19/2020,AQS,1,0.078,ppm,126,Azusa,17,100,44201,Ozone,87,31080,"Los Angeles-Long Beach-Anaheim, CA",6,California,37,Los Angeles,34.1365,-117.92391
09/20/2020,AQS,1,0.068,ppm,93,Azusa,17,100,44201,Ozone,87,31080,"Los Angeles-Long Beach-Anaheim, CA",6,California,37,Los Angeles,34.1365,-117.92391
09/21/2020,AQS,1,0.063,ppm,77,Azusa,17,100,44201,Ozone,87,31080,"Los Angeles-Long Beach-Anaheim, CA",6,California,37,Los Angeles,34.1365,-117.92391
09/22/2020,AQS,1,0.07,ppm,100,Azusa,17,100,44201,Ozone,87,31080,"Los Angeles-Long Beach-Anaheim, CA",6,California,37,Los Angeles,34.1365,-117.92391
09/23/2020,AQS,1,0.068,ppm,93,Azusa,17,100,44201,Ozone,87,31080,"Los Angeles-Long Beach-Anaheim, CA",6,California,37,Los Angeles,34.1365,-117.92391
09/24/2020,AQS,1,0.065,ppm,84,Azusa,17,100,44201,Ozone,87,31080,"Los Angeles-Long Beach-Anaheim, CA",6,California,37,Los Angeles,34.1365,-117.92391
09/25/2020,AQS,1,0.064,ppm,80,Azusa,17,100,44201,Ozone,87,31080,"Los Angeles-Long Beach-Anaheim, CA",6,California,37,Los Angeles,34.1365,-117.92391
09/26/2020,AQS,1,0.071,ppm,101,Azusa,17,100,44201,Ozone,87,31080,"Los Angeles-Long Beach-Anaheim, CA",6,California,37,Los Angeles,34.1365,-117.92391
09/27/2020,AQS,1,0.072,ppm,105,Azusa,17,100,44201,Ozone,87,31080,"Los Angeles-Long Beach-Anaheim, CA",6,California,37,Los Angeles,34.1365,-117.92391
09/28/2020,AQS,1,0.086,ppm,151,Azusa,17,100,44201,Ozone,87,31080,"Los Angeles-Long Beach-Anaheim, CA",6,California,37,Los Angeles,34.1365,-117.92391
09/29/2020,AQS,1,0.075,ppm,115,Azusa,17,100,44201,Ozone,87,31080,"Los Angeles-Long Beach-Anaheim, CA",6,California,37,Los Angeles,34.1365,-117.92391
09/30/2020,AQS,1,0.079,ppm,129,Azusa,17,100,44201,Ozone,87,31080,"Los Angeles-Long Beach-Anaheim, CA",6,California,37,Los Angeles,34.1365,-117.92391
10/01/2020,AQS,1,0.076,ppm,119,Azusa,17,100,44201,Ozone,87,31080,"Los Angeles-Long Beach-Anaheim, CA",6,California,37,Los Angeles,34.1365,-117.92391
10/02/2020,AQS,1,0.09,ppm,161,Azusa,17,100,44201,Ozone,87,31080,"Los Angeles-Long Beach-Anaheim, CA",6,California,37,Los Angeles,34.1365,-117.92391
10/03/2020,AQS,1,0.104,ppm,197,Azusa,17,100,44201,Ozone,87,31080,"Los Angeles-Long Beach-Anaheim, CA",6,California,37,Los Angeles,34.1365,-117.92391
10/04/2020,AQS,1,0.095,ppm,174,Azusa,17,100,44201,Ozone,87,31080,"Los Angeles-Long Beach-Anaheim, CA",6,California,37,Los Angeles,34.1365,-117.92391
10/05/2020,AQS,1,0.078,ppm,126,Azusa,17,100,44201,Ozone,87,31080,"Los Angeles-Long Beach-Anaheim, CA",6,California,37,Los Angeles,34.1365,-117.92391
10/06/2020,AQS,1,0.074,ppm,112,Azusa,17,100,44201,Ozone,87,31080,"Los Angeles-Long Beach-Anaheim, CA",6,California,37,Los Angeles,34.1365,-117.92391
10/07/2020,AQS,1,0.065,ppm,84,Azusa,17,100,44201,Ozone,87,31080,"Los Angeles-Long Beach-Anaheim, CA",6,California,37,Los Angeles,34.1365,-117.92391
10/08/2020,AQS,1,0.058,ppm,61,Azusa,17,100,44201,Ozone,87,31080,"Los Angeles-Long Beach-Anaheim, CA",6,California,37,Los Angeles,34.1365,-117.92391
10/09/2020,AQS,1,0.054,ppm,50,Azusa,17,100,44201,Ozone,87,31080,"Los Angeles-Long Beach-Anaheim, CA",6,California,37,Los Angeles,34.1365,-117.92391
10/10/2020,AQS,1,0.055,ppm,51,Azusa,17,100,44201,Ozone,87,31080,"Los Angeles-Long Beach-Anaheim, CA",6,California,37,Los Angeles,34.1365,-117.92391
10/11/2020,AQS,1,0.063,ppm,77,Azusa,17,100,44201,Ozone,87,31080,"Los Angeles-Long Beach-Anaheim, CA",6,California,37,Los Angeles,34.1365,-117.92391
10/12/2020,AQS,1,0.062,ppm,74,Azusa,17,100,44201,Ozone,87,31080,"Los Angeles-Long Beach-Anaheim, CA",6,California,37,Los Angeles,34.1365,-117.92391
10/13/2020,AQS,1,0.062,ppm,74,Azusa,17,100,44201,Ozone,87,31080,"Los Angeles-Long Beach-Anaheim, CA",6,California,37,Los Angeles,34.1365,-117.92391
10/14/2020,AQS,1,0.085,ppm,150,Azusa,15,88,44201,Ozone,87,31080,"Los Angeles-Long Beach-Anaheim, CA",6,California,37,Los Angeles,34.1365,-117.92391
10/15/2020,AQS,1,0.084,ppm,147,Azusa,17,100,44201,Ozone,87,31080,"Los Angeles-Long Beach-Anaheim, CA",6,California,37,Los Angeles,34.1365,-117.92391
10/16/2020,AQS,1,0.066,ppm,87,Azusa,17,100,44201,Ozone,87,31080,"Los Angeles-Long Beach-Anaheim, CA",6,California,37,Los Angeles,34.1365,-117.92391
10/17/2020,AQS,1,0.072,ppm,105,Azusa,17,100,44201,Ozone,87,31080,"Los Angeles-Long Beach-Anaheim, CA",6,California,37,Los Angeles,34.1365,-117.92391
10/18/2020,AQS,1,0.073,ppm,108,Azusa,17,100,44201,Ozone,87,31080,"Los Angeles-Long Beach-Anaheim, CA",6,California,37,Los Angeles,34.1365,-117.92391
10/19/2020,AQS,1,0.063,ppm,77,Azusa,17,100,44201,Ozone,87,31080,"Los Angeles-Long Beach-Anaheim, CA",6,California,37,Los Angeles,34.1365,-117.92391
10/20/2020,AQS,1,0.062,ppm,74,Azusa,17,100,44201,Ozone,87,31080,"Los Angeles-Long Beach-Anaheim, CA",6,California,37,Los Angeles,34.1365,-117.92391
10/21/2020,AQS,1,0.058,ppm,61,Azusa,17,100,44201,Ozone,87,31080,"Los Angeles-Long Beach-Anaheim, CA",6,California,37,Los Angeles,34.1365,-117.92391
10/22/2020,AQS,1,0.047,ppm,44,Azusa,17,100,44201,Ozone,87,31080,"Los Angeles-Long Beach-Anaheim, CA",6,California,37,Los Angeles,34.1365,-117.92391
10/23/2020,AQS,1,0.045,ppm,42,Azusa,17,100,44201,Ozone,87,31080,"Los Angeles-Long Beach-Anaheim, CA",6,California,37,Los Angeles,34.1365,-117.92391
10/24/2020,AQS,1,0.033,ppm,31,Azusa,17,100,44201,Ozone,87,31080,"Los Angeles-Long Beach-Anaheim, CA",6,California,37,Los Angeles,34.1365,-117.92391
10/25/2020,AQS,1,0.034,ppm,31,Azusa,17,100,44201,Ozone,87,31080,"Los Angeles-Long Beach-Anaheim, CA",6,California,37,Los Angeles,34.1365,-117.92391
10/26/2020,AQS,1,0.042,ppm,39,Azusa,17,100,44201,Ozone,87,31080,"Los Angeles-Long Beach-Anaheim, CA",6,California,37,Los Angeles,34.1365,-117.92391
10/27/2020,AQS,1,0.063,ppm,77,Azusa,17,100,44201,Ozone,87,31080,"Los Angeles-Long Beach-Anaheim, CA",6,California,37,Los Angeles,34.1365,-117.92391
10/28/2020,AQS,1,0.057,ppm,58,Azusa,17,100,44201,Ozone,87,31080,"Los Angeles-Long Beach-Anaheim, CA",6,California,37,Los Angeles,34.1365,-117.92391
10/29/2020,AQS,1,0.048,ppm,44,Azusa,17,100,44201,Ozone,87,31080,"Los Angeles-Long Beach-Anaheim, CA",6,California,37,Los Angeles,34.1365,-117.92391
10/30/2020,AQS,1,0.045,ppm,42,Azusa,17,100,44201,Ozone,87,31080,"Los Angeles-Long Beach-Anaheim, CA",6,California,37,Los Angeles,34.1365,-117.92391
10/31/2020,AQS,1,0.057,ppm,58,Azusa,17,100,44201,Ozone,87,31080,"Los Angeles-Long Beach-Anaheim, CA",6,California,37,Los Angeles,34.1365,-117.92391
11/01/2020,AQS,1,0.061,ppm,71,Azusa,17,100,44201,Ozone,87,31080,"Los Angeles-Long Beach-Anaheim, CA",6,California,37,Los Angeles,34.1365,-117.92391
11/02/2020,AQS,1,0.053,ppm,49,Azusa,17,100,44201,Ozone,87,31080,"Los Angeles-Long Beach-Anaheim, CA",6,California,37,Los Angeles,34.1365,-117.92391
11/03/2020,AQS,1,0.046,ppm,43,Azusa,17,100,44201,Ozone,87,31080,"Los Angeles-Long Beach-Anaheim, CA",6,California,37,Los Angeles,34.1365,-117.92391
11/04/2020,AQS,1,0.055,ppm,51,Azusa,13,76,44201,Ozone,87,31080,"Los Angeles-Long Beach-Anaheim, CA",6,California,37,Los Angeles,34.1365,-117.92391
11/05/2020,AQS,1,0.032,ppm,30,Azusa,17,100,44201,Ozone,87,31080,"Los Angeles-Long Beach-Anaheim, CA",6,California,37,Los Angeles,34.1365,-117.92391
11/06/2020,AQS,1,0.04,ppm,37,Azusa,17,100,44201,Ozone,87,31080,"Los Angeles-Long Beach-Anaheim, CA",6,California,37,Los Angeles,34.1365,-117.92391
11/07/2020,AQS,1,0.04,ppm,37,Azusa,17,100,44201,Ozone,87,31080,"Los Angeles-Long Beach-Anaheim, CA",6,California,37,Los Angeles,34.1365,-117.92391
11/08/2020,AQS,1,0.038,ppm,35,Azusa,17,100,44201,Ozone,87,31080,"Los Angeles-Long Beach-Anaheim, CA",6,California,37,Los Angeles,34.1365,-117.92391
11/09/2020,AQS,1,0.032,ppm,30,Azusa,17,100,44201,Ozone,87,31080,"Los Angeles-Long Beach-Anaheim, CA",6,California,37,Los Angeles,34.1365,-117.92391
11/10/2020,AQS,1,0.035,ppm,32,Azusa,17,100,44201,Ozone,87,31080,"Los Angeles-Long Beach-Anaheim, CA",6,California,37,Los Angeles,34.1365,-117.92391
11/11/2020,AQS,1,0.033,ppm,31,Azusa,17,100,44201,Ozone,87,31080,"Los Angeles-Long Beach-Anaheim, CA",6,California,37,Los Angeles,34.1365,-117.92391
11/12/2020,AQS,1,0.041,ppm,38,Azusa,17,100,44201,Ozone,87,31080,"Los Angeles-Long Beach-Anaheim, CA",6,California,37,Los Angeles,34.1365,-117.92391
11/13/2020,AQS,1,0.037,ppm,34,Azusa,17,100,44201,Ozone,87,31080,"Los Angeles-Long Beach-Anaheim, CA",6,California,37,Los Angeles,34.1365,-117.92391
11/14/2020,AQS,1,0.041,ppm,38,Azusa,17,100,44201,Ozone,87,31080,"Los Angeles-Long Beach-Anaheim, CA",6,California,37,Los Angeles,34.1365,-117.92391
11/15/2020,AQS,1,0.043,ppm,40,Azusa,17,100,44201,Ozone,87,31080,"Los Angeles-Long Beach-Anaheim, CA",6,California,37,Los Angeles,34.1365,-117.92391
11/16/2020,AQS,1,0.032,ppm,30,Azusa,17,100,44201,Ozone,87,31080,"Los Angeles-Long Beach-Anaheim, CA",6,California,37,Los Angeles,34.1365,-117.92391
11/17/2020,AQS,1,0.038,ppm,35,Azusa,17,100,44201,Ozone,87,31080,"Los Angeles-Long Beach-Anaheim, CA",6,California,37,Los Angeles,34.1365,-117.92391
11/18/2020,AQS,1,0.026,ppm,24,Azusa,17,100,44201,Ozone,87,31080,"Los Angeles-Long Beach-Anaheim, CA",6,California,37,Los Angeles,34.1365,-117.92391
11/19/2020,AQS,1,0.027,ppm,25,Azusa,17,100,44201,Ozone,87,31080,"Los Angeles-Long Beach-Anaheim, CA",6,California,37,Los Angeles,34.1365,-117.92391
11/20/2020,AQS,1,0.025,ppm,23,Azusa,17,100,44201,Ozone,87,31080,"Los Angeles-Long Beach-Anaheim, CA",6,California,37,Los Angeles,34.1365,-117.92391
11/21/2020,AQS,1,0.037,ppm,34,Azusa,17,100,44201,Ozone,87,31080,"Los Angeles-Long Beach-Anaheim, CA",6,California,37,Los Angeles,34.1365,-117.92391
11/22/2020,AQS,1,0.045,ppm,42,Azusa,17,100,44201,Ozone,87,31080,"Los Angeles-Long Beach-Anaheim, CA",6,California,37,Los Angeles,34.1365,-117.92391
11/23/2020,AQS,1,0.03,ppm,28,Azusa,17,100,44201,Ozone,87,31080,"Los Angeles-Long Beach-Anaheim, CA",6,California,37,Los Angeles,34.1365,-117.92391
11/24/2020,AQS,1,0.042,ppm,39,Azusa,17,100,44201,Ozone,87,31080,"Los Angeles-Long Beach-Anaheim, CA",6,California,37,Los Angeles,34.1365,-117.92391
11/25/2020,AQS,1,0.035,ppm,32,Azusa,17,100,44201,Ozone,87,31080,"Los Angeles-Long Beach-Anaheim, CA",6,California,37,Los Angeles,34.1365,-117.92391
11/26/2020,AQS,1,0.043,ppm,40,Azusa,17,100,44201,Ozone,87,31080,"Los Angeles-Long Beach-Anaheim, CA",6,California,37,Los Angeles,34.1365,-117.92391
11/27/2020,AQS,1,0.031,ppm,29,Azusa,17,100,44201,Ozone,87,31080,"Los Angeles-Long Beach-Anaheim, CA",6,California,37,Los Angeles,34.1365,-117.92391
11/28/2020,AQS,1,0.038,ppm,35,Azusa,17,100,44201,Ozone,87,31080,"Los Angeles-Long Beach-Anaheim, CA",6,California,37,Los Angeles,34.1365,-117.92391
11/29/2020,AQS,1,0.045,ppm,42,Azusa,17,100,44201,Ozone,87,31080,"Los Angeles-Long Beach-Anaheim, CA",6,California,37,Los Angeles,34.1365,-117.92391
11/30/2020,AQS,1,0.033,ppm,31,Azusa,17,100,44201,Ozone,87,31080,"Los Angeles-Long Beach-Anaheim, CA",6,California,37,Los Angeles,34.1365,-117.92391
12/01/2020,AQS,1,0.032,ppm,30,Azusa,17,100,44201,Ozone,87,31080,"Los Angeles-Long Beach-Anaheim, CA",6,California,37,Los Angeles,34.1365,-117.92391
12/02/2020,AQS,1,0.037,ppm,34,Azusa,17,100,44201,Ozone,87,31080,"Los Angeles-Long Beach-Anaheim, CA",6,California,37,Los Angeles,34.1365,-117.92391
12/03/2020,AQS,1,0.035,ppm,32,Azusa,17,100,44201,Ozone,87,31080,"Los Angeles-Long Beach-Anaheim, CA",6,California,37,Los Angeles,34.1365,-117.92391
12/04/2020,AQS,1,0.036,ppm,33,Azusa,17,100,44201,Ozone,87,31080,"Los Angeles-Long Beach-Anaheim, CA",6,California,37,Los Angeles,34.1365,-117.92391
12/05/2020,AQS,1,0.033,ppm,31,Azusa,17,100,44201,Ozone,87,31080,"Los Angeles-Long Beach-Anaheim, CA",6,California,37,Los Angeles,34.1365,-117.92391
12/06/2020,AQS,1,0.039,ppm,36,Azusa,17,100,44201,Ozone,87,31080,"Los Angeles-Long Beach-Anaheim, CA",6,California,37,Los Angeles,34.1365,-117.92391
12/07/2020,AQS,1,0.039,ppm,36,Azusa,17,100,44201,Ozone,87,31080,"Los Angeles-Long Beach-Anaheim, CA",6,California,37,Los Angeles,34.1365,-117.92391
12/08/2020,AQS,1,0.033,ppm,31,Azusa,17,100,44201,Ozone,87,31080,"Los Angeles-Long Beach-Anaheim, CA",6,California,37,Los Angeles,34.1365,-117.92391
12/09/2020,AQS,1,0.022,ppm,20,Azusa,17,100,44201,Ozone,87,31080,"Los Angeles-Long Beach-Anaheim, CA",6,California,37,Los Angeles,34.1365,-117.92391
12/10/2020,AQS,1,0.038,ppm,35,Azusa,17,100,44201,Ozone,87,31080,"Los Angeles-Long Beach-Anaheim, CA",6,California,37,Los Angeles,34.1365,-117.92391
12/11/2020,AQS,1,0.032,ppm,30,Azusa,17,100,44201,Ozone,87,31080,"Los Angeles-Long Beach-Anaheim, CA",6,California,37,Los Angeles,34.1365,-117.92391
12/12/2020,AQS,1,0.028,ppm,26,Azusa,17,100,44201,Ozone,87,31080,"Los Angeles-Long Beach-Anaheim, CA",6,California,37,Los Angeles,34.1365,-117.92391
12/13/2020,AQS,1,0.043,ppm,40,Azusa,17,100,44201,Ozone,87,31080,"Los Angeles-Long Beach-Anaheim, CA",6,California,37,Los Angeles,34.1365,-117.92391
12/14/2020,AQS,1,0.029,ppm,27,Azusa,17,100,44201,Ozone,87,31080,"Los Angeles-Long Beach-Anaheim, CA",6,California,37,Los Angeles,34.1365,-117.92391
12/15/2020,AQS,1,0.031,ppm,29,Azusa,17,100,44201,Ozone,87,31080,"Los Angeles-Long Beach-Anaheim, CA",6,California,37,Los Angeles,34.1365,-117.92391
12/16/2020,AQS,1,0.032,ppm,30,Azusa,17,100,44201,Ozone,87,31080,"Los Angeles-Long Beach-Anaheim, CA",6,California,37,Los Angeles,34.1365,-117.92391
12/17/2020,AQS,1,0.024,ppm,22,Azusa,17,100,44201,Ozone,87,31080,"Los Angeles-Long Beach-Anaheim, CA",6,California,37,Los Angeles,34.1365,-117.92391
12/18/2020,AQS,1,0.033,ppm,31,Azusa,17,100,44201,Ozone,87,31080,"Los Angeles-Long Beach-Anaheim, CA",6,California,37,Los Angeles,34.1365,-117.92391
12/19/2020,AQS,1,0.037,ppm,34,Azusa,17,100,44201,Ozone,87,31080,"Los Angeles-Long Beach-Anaheim, CA",6,California,37,Los Angeles,34.1365,-117.92391
12/20/2020,AQS,1,0.042,ppm,39,Azusa,17,100,44201,Ozone,87,31080,"Los Angeles-Long Beach-Anaheim, CA",6,California,37,Los Angeles,34.1365,-117.92391
12/21/2020,AQS,1,0.034,ppm,31,Azusa,17,100,44201,Ozone,87,31080,"Los Angeles-Long Beach-Anaheim, CA",6,California,37,Los Angeles,34.1365,-117.92391
12/22/2020,AQS,1,0.034,ppm,31,Azusa,17,100,44201,Ozone,87,31080,"Los Angeles-Long Beach-Anaheim, CA",6,California,37,Los Angeles,34.1365,-117.92391
12/23/2020,AQS,1,0.032,ppm,30,Azusa,17,100,44201,Ozone,87,31080,"Los Angeles-Long Beach-Anaheim, CA",6,California,37,Los Angeles,34.1365,-117.92391
12/24/2020,AQS,1,0.03,ppm,28,Azusa,17,100,44201,Ozone,87,31080,"Los Angeles-Long Beach-Anaheim, CA",6,California,37,Los Angeles,34.1365,-117.92391
12/25/2020,AQS,1,0.038,ppm,35,Azusa,17,100,44201,Ozone,87,31080,"Los Angeles-Long Beach-Anaheim, CA",6,California,37,Los Angeles,34.1365,-117.92391
12/26/2020,AQS,1,0.039,ppm,36,Azusa,17,100,44201,Ozone,87,31080,"Los Angeles-Long Beach-Anaheim, CA",6,California,37,Los Angeles,34.1365,-117.92391
12/27/2020,AQS,1,0.03,ppm,28,Azusa,17,100,44201,Ozone,87,31080,"Los Angeles-Long Beach-Anaheim, CA",6,California,37,Los Angeles,34.1365,-117.92391
12/28/2020,AQS,1,0.037,ppm,34,Azusa,17,100,44201,Ozone,87,31080,"Los Angeles-Long Beach-Anaheim, CA",6,California,37,Los Angeles,34.1365,-117.92391
12/29/2020,AQS,1,0.029,ppm,27,Azusa,17,100,44201,Ozone,87,31080,"Los Angeles-Long Beach-Anaheim, CA",6,California,37,Los Angeles,34.1365,-117.92391
12/30/2020,AQS,1,0.031,ppm,29,Azusa,17,100,44201,Ozone,87,31080,"Los Angeles-Long Beach-Anaheim, CA",6,California,37,Los Angeles,34.1365,-117.92391
01/01/2021,AQS,1,0.039,ppm,36,Azusa,17,100,44201,Ozone,87,31080,"Los Angeles-Long Beach-Anaheim, CA",6,California,37,Los Angeles,34.1365,-117.92391
01/02/2021,AQS,1,0.036,ppm,33,Azusa,17,100,44201,Ozone,87,31080,"Los Angeles-Long Beach-Anaheim, CA",6,California,37,Los Angeles,34.1365,-117.92391
01/03/2021,AQS,1,0.036,ppm,33,Azusa,17,100,44201,Ozone,87,31080,"Los Angeles-Long Beach-Anaheim, CA",6,California,37,Los Angeles,34.1365,-117.92391
01/04/2021,AQS,1,0.025,ppm,23,Azusa,17,100,44201,Ozone,87,31080,"Los Angeles-Long Beach-Anaheim, CA",6,California,37,Los Angeles,34.1365,-117.92391
01/05/2021,AQS,1,0.019,ppm,18,Azusa,17,100,44201,Ozone,87,31080,"Los Angeles-Long Beach-Anaheim, CA",6,California,37,Los Angeles,34.1365,-117.92391
01/06/2021,AQS,1,0.023,ppm,21,Azusa,17,100,44201,Ozone,87,31080,"Los Angeles-Long Beach-Anaheim, CA",6,California,37,Los Angeles,34.1365,-117.92391
01/07/2021,AQS,1,0.021,ppm,19,Azusa,17,100,44201,Ozone,87,31080,"Los Angeles-Long Beach-Anaheim, CA",6,California,37,Los Angeles,34.1365,-117.92391
01/08/2021,AQS,1,0.017,ppm,16,Azusa,17,100,44201,Ozone,87,31080,"Los Angeles-Long Beach-Anaheim, CA",6,California,37,Los Angeles,34.1365,-117.92391
01/09/2021,AQS,1,0.034,ppm,31,Azusa,17,100,44201,Ozone,87,31080,"Los Angeles-Long Beach-Anaheim, CA",6,California,37,Los Angeles,34.1365,-117.92391
01/10/2021,AQS,1,0.038,ppm,35,Azusa,17,100,44201,Ozone,87,31080,"Los Angeles-Long Beach-Anaheim, CA",6,California,37,Los Angeles,34.1365,-117.92391
01/11/2021,AQS,1,0.036,ppm,33,Azusa,17,100,44201,Ozone,87,31080,"Los Angeles-Long Beach-Anaheim, CA",6,California,37,Los Angeles,34.1365,-117.92391
01/12/2021,AQS,1,0.03,ppm,28,Azusa,17,100,44201,Ozone,87,31080,"Los Angeles-Long Beach-Anaheim, CA",6,California,37,Los Angeles,34.1365,-117.92391
01/13/2021,AQS,1,0.028,ppm,26,Azusa,17,100,44201,Ozone,87,31080,"Los Angeles-Long Beach-Anaheim, CA",6,California,37,Los Angeles,34.1365,-117.92391
01/14/2021,AQS,1,0.031,ppm,29,Azusa,17,100,44201,Ozone,87,31080,"Los Angeles-Long Beach-Anaheim, CA",6,California,37,Los Angeles,34.1365,-117.92391
01/15/2021,AQS,1,0.039,ppm,36,Azusa,17,100,44201,Ozone,87,31080,"Los Angeles-Long Beach-Anaheim, CA",6,California,37,Los Angeles,34.1365,-117.92391
01/16/2021,AQS,1,0.043,ppm,40,Azusa,17,100,44201,Ozone,87,31080,"Los Angeles-Long Beach-Anaheim, CA",6,California,37,Los Angeles,34.1365,-117.92391
01/17/2021,AQS,1,0.048,ppm,44,Azusa,17,100,44201,Ozone,87,31080,"Los Angeles-Long Beach-Anaheim, CA",6,California,37,Los Angeles,34.1365,-117.92391
01/18/2021,AQS,1,0.036,ppm,33,Azusa,17,100,44201,Ozone,87,31080,"Los Angeles-Long Beach-Anaheim, CA",6,California,37,Los Angeles,34.1365,-117.92391
01/19/2021,AQS,1,0.04,ppm,37,Azusa,17,100,44201,Ozone,87,31080,"Los Angeles-Long Beach-Anaheim, CA",6,California,37,Los Angeles,34.1365,-117.92391
01/20/2021,AQS,1,0.037,ppm,34,Azusa,17,100,44201,Ozone,87,31080,"Los Angeles-Long Beach-Anaheim, CA",6,California,37,Los Angeles,34.1365,-117.92391
01/21/2021,AQS,1,0.032,ppm,30,Azusa,17,100,44201,Ozone,87,31080,"Los Angeles-Long Beach-Anaheim, CA",6,California,37,Los Angeles,34.1365,-117.92391
01/22/2021,AQS,1,0.036,ppm,33,Azusa,17,100,44201,Ozone,87,31080,"Los Angeles-Long Beach-Anaheim, CA",6,California,37,Los Angeles,34.1365,-117.92391
01/23/2021,AQS,1,0.028,ppm,26,Azusa,17,100,44201,Ozone,87,31080,"Los Angeles-Long Beach-Anaheim, CA",6,California,37,Los Angeles,34.1365,-117.92391
01/24/2021,AQS,1,0.035,ppm,32,Azusa,17,100,44201,Ozone,87,31080,"Los Angeles-Long Beach-Anaheim, CA",6,California,37,Los Angeles,34.1365,-117.92391
01/25/2021,AQS,1,0.038,ppm,35,Azusa,17,100,44201,Ozone,87,31080,"Los Angeles-Long Beach-Anaheim, CA",6,California,37,Los Angeles,34.1365,-117.92391
01/26/2021,AQS,1,0.03,ppm,28,Azusa,17,100,44201,Ozone,87,31080,"Los Angeles-Long Beach-Anaheim, CA",6,California,37,Los Angeles,34.1365,-117.92391
01/27/2021,AQS,1,0.037,ppm,34,Azusa,17,100,44201,Ozone,87,31080,"Los Angeles-Long Beach-Anaheim, CA",6,California,37,Los Angeles,34.1365,-117.92391
01/28/2021,AQS,1,0.039,ppm,36,Azusa,17,100,44201,Ozone,87,31080,"Los Angeles-Long Beach-Anaheim, CA",6,California,37,Los Angeles,34.1365,-117.92391
01/29/2021,AQS,1,0.032,ppm,30,Azusa,17,100,44201,Ozone,87,31080,"Los Angeles-Long Beach-Anaheim, CA",6,California,37,Los Angeles,34.1365,-117.92391
01/30/2021,AQS,1,0.036,ppm,33,Azusa,17,100,44201,Ozone,87,31080,"Los Angeles-Long Beach-Anaheim, CA",6,California,37,Los Angeles,34.1365,-117.92391
01/31/2021,AQS,1,0.038,ppm,35,Azusa,17,100,44201,Ozone,87,31080,"Los Angeles-Long Beach-Anaheim, CA",6,California,37,Los Angeles,34.1365,-117.92391
02/01/2021,AQS,1,0.019,ppm,18,Azusa,17,100,44201,Ozone,87,31080,"Los Angeles-Long Beach-Anaheim, CA",6,California,37,Los Angeles,34.1365,-117.92391
02/02/2021,AQS,1,0.028,ppm,26,Azusa,17,100,44201,Ozone,87,31080,"Los Angeles-Long Beach-Anaheim, CA",6,California,37,Los Angeles,34.1365,-117.92391
02/03/2021,AQS,1,0.025,ppm,23,Azusa,17,100,44201,Ozone,87,31080,"Los Angeles-Long Beach-Anaheim, CA",6,California,37,Los Angeles,34.1365,-117.92391
02/04/2021,AQS,1,0.033,ppm,31,Azusa,17,100,44201,Ozone,87,31080,"Los Angeles-Long Beach-Anaheim, CA",6,California,37,Los Angeles,34.1365,-117.92391
02/05/2021,AQS,1,0.037,ppm,34,Azusa,17,100,44201,Ozone,87,31080,"Los Angeles-Long Beach-Anaheim, CA",6,California,37,Los Angeles,34.1365,-117.92391
02/06/2021,AQS,1,0.047,ppm,44,Azusa,17,100,44201,Ozone,87,31080,"Los Angeles-Long Beach-Anaheim, CA",6,California,37,Los Angeles,34.1365,-117.92391
02/07/2021,AQS,1,0.045,ppm,42,Azusa,17,100,44201,Ozone,87,31080,"Los Angeles-Long Beach-Anaheim, CA",6,California,37,Los Angeles,34.1365,-117.92391
02/08/2021,AQS,1,0.038,ppm,35,Azusa,17,100,44201,Ozone,87,31080,"Los Angeles-Long Beach-Anaheim, CA",6,California,37,Los Angeles,34.1365,-117.92391
02/09/2021,AQS,1,0.038,ppm,35,Azusa,17,100,44201,Ozone,87,31080,"Los Angeles-Long Beach-Anaheim, CA",6,California,37,Los Angeles,34.1365,-117.92391
02/10/2021,AQS,1,0.034,ppm,31,Azusa,17,100,44201,Ozone,87,31080,"Los Angeles-Long Beach-Anaheim, CA",6,California,37,Los Angeles,34.1365,-117.92391
02/13/2021,AQS,1,0.036,ppm,33,Azusa,17,100,44201,Ozone,87,31080,"Los Angeles-Long Beach-Anaheim, CA",6,California,37,Los Angeles,34.1365,-117.92391
02/14/2021,AQS,1,0.041,ppm,38,Azusa,17,100,44201,Ozone,87,31080,"Los Angeles-Long Beach-Anaheim, CA",6,California,37,Los Angeles,34.1365,-117.92391
02/15/2021,AQS,1,0.032,ppm,30,Azusa,17,100,44201,Ozone,87,31080,"Los Angeles-Long Beach-Anaheim, CA",6,California,37,Los Angeles,34.1365,-117.92391
02/16/2021,AQS,1,0.035,ppm,32,Azusa,13,76,44201,Ozone,87,31080,"Los Angeles-Long Beach-Anaheim, CA",6,California,37,Los Angeles,34.1365,-117.92391
02/17/2021,AQS,1,0.037,ppm,34,Azusa,17,100,44201,Ozone,87,31080,"Los Angeles-Long Beach-Anaheim, CA",6,California,37,Los Angeles,34.1365,-117.92391
02/18/2021,AQS,1,0.043,ppm,40,Azusa,17,100,44201,Ozone,87,31080,"Los Angeles-Long Beach-Anaheim, CA",6,California,37,Los Angeles,34.1365,-117.92391
02/19/2021,AQS,1,0.038,ppm,35,Azusa,17,100,44201,Ozone,87,31080,"Los Angeles-Long Beach-Anaheim, CA",6,California,37,Los Angeles,34.1365,-117.92391
02/20/2021,AQS,1,0.045,ppm,42,Azusa,17,100,44201,Ozone,87,31080,"Los Angeles-Long Beach-Anaheim, CA",6,California,37,Los Angeles,34.1365,-117.92391
02/21/2021,AQS,1,0.049,ppm,45,Azusa,17,100,44201,Ozone,87,31080,"Los Angeles-Long Beach-Anaheim, CA",6,California,37,Los Angeles,34.1365,-117.92391
02/22/2021,AQS,1,0.043,ppm,40,Azusa,17,100,44201,Ozone,87,31080,"Los Angeles-Long Beach-Anaheim, CA",6,California,37,Los Angeles,34.1365,-117.92391
02/23/2021,AQS,1,0.041,ppm,38,Azusa,17,100,44201,Ozone,87,31080,"Los Angeles-Long Beach-Anaheim, CA",6,California,37,Los Angeles,34.1365,-117.92391
02/24/2021,AQS,1,0.046,ppm,43,Azusa,17,100,44201,Ozone,87,31080,"Los Angeles-Long Beach-Anaheim, CA",6,California,37,Los Angeles,34.1365,-117.92391
02/26/2021,AQS,1,0.035,ppm,32,Azusa,17,100,44201,Ozone,87,31080,"Los Angeles-Long Beach-Anaheim, CA",6,California,37,Los Angeles,34.1365,-117.92391
02/27/2021,AQS,1,0.048,ppm,44,Azusa,17,100,44201,Ozone,87,31080,"Los Angeles-Long Beach-Anaheim, CA",6,California,37,Los Angeles,34.1365,-117.92391
02/28/2021,AQS,1,0.049,ppm,45,Azusa,17,100,44201,Ozone,87,31080,"Los Angeles-Long Beach-Anaheim, CA",6,California,37,Los Angeles,34.1365,-117.92391
03/01/2021,AQS,1,0.042,ppm,39,Azusa,17,100,44201,Ozone,87,31080,"Los Angeles-Long Beach-Anaheim, CA",6,California,37,Los Angeles,34.1365,-117.92391
03/02/2021,AQS,1,0.047,ppm,44,Azusa,17,100,44201,Ozone,87,31080,"Los Angeles-Long Beach-Anaheim, CA",6,California,37,Los Angeles,34.1365,-117.92391
03/03/2021,AQS,1,0.042,ppm,39,Azusa,17,100,44201,Ozone,87,31080,"Los Angeles-Long Beach-Anaheim, CA",6,California,37,Los Angeles,34.1365,-117.92391
03/04/2021,AQS,1,0.041,ppm,38,Azusa,17,100,44201,Ozone,87,31080,"Los Angeles-Long Beach-Anaheim, CA",6,California,37,Los Angeles,34.1365,-117.92391
03/05/2021,AQS,1,0.049,ppm,45,Azusa,17,100,44201,Ozone,87,31080,"Los Angeles-Long Beach-Anaheim, CA",6,California,37,Los Angeles,34.1365,-117.92391
03/06/2021,AQS,1,0.047,ppm,44,Azusa,17,100,44201,Ozone,87,31080,"Los Angeles-Long Beach-Anaheim, CA",6,California,37,Los Angeles,34.1365,-117.92391
03/07/2021,AQS,1,0.04,ppm,37,Azusa,17,100,44201,Ozone,87,31080,"Los Angeles-Long Beach-Anaheim, CA",6,California,37,Los Angeles,34.1365,-117.92391
03/08/2021,AQS,1,0.042,ppm,39,Azusa,17,100,44201,Ozone,87,31080,"Los Angeles-Long Beach-Anaheim, CA",6,California,37,Los Angeles,34.1365,-117.92391
03/09/2021,AQS,1,0.043,ppm,40,Azusa,17,100,44201,Ozone,87,31080,"Los Angeles-Long Beach-Anaheim, CA",6,California,37,Los Angeles,34.1365,-117.92391
03/10/2021,AQS,1,0.041,ppm,38,Azusa,17,100,44201,Ozone,87,31080,"Los Angeles-Long Beach-Anaheim, CA",6,California,37,Los Angeles,34.1365,-117.92391
03/11/2021,AQS,1,0.043,ppm,40,Azusa,17,100,44201,Ozone,87,31080,"Los Angeles-Long Beach-Anaheim, CA",6,California,37,Los Angeles,34.1365,-117.92391
03/12/2021,AQS,1,0.042,ppm,39,Azusa,17,100,44201,Ozone,87,31080,"Los Angeles-Long Beach-Anaheim, CA",6,California,37,Los Angeles,34.1365,-117.92391
03/13/2021,AQS,1,0.045,ppm,42,Azusa,17,100,44201,Ozone,87,31080,"Los Angeles-Long Beach-Anaheim, CA",6,California,37,Los Angeles,34.1365,-117.92391
03/14/2021,AQS,1,0.047,ppm,44,Azusa,17,100,44201,Ozone,87,31080,"Los Angeles-Long Beach-Anaheim, CA",6,California,37,Los Angeles,34.1365,-117.92391
03/15/2021,AQS,1,0.041,ppm,38,Azusa,17,100,44201,Ozone,87,31080,"Los Angeles-Long Beach-Anaheim, CA",6,California,37,Los Angeles,34.1365,-117.92391
03/16/2021,AQS,1,0.039,ppm,36,Azusa,17,100,44201,Ozone,87,31080,"Los Angeles-Long Beach-Anaheim, CA",6,California,37,Los Angeles,34.1365,-117.92391
03/17/2021,AQS,1,0.04,ppm,37,Azusa,17,100,44201,Ozone,87,31080,"Los Angeles-Long Beach-Anaheim, CA",6,California,37,Los Angeles,34.1365,-117.92391
03/18/2021,AQS,1,0.049,ppm,45,Azusa,17,100,44201,Ozone,87,31080,"Los Angeles-Long Beach-Anaheim, CA",6,California,37,Los Angeles,34.1365,-117.92391
03/19/2021,AQS,1,0.042,ppm,39,Azusa,17,100,44201,Ozone,87,31080,"Los Angeles-Long Beach-Anaheim, CA",6,California,37,Los Angeles,34.1365,-117.92391
03/20/2021,AQS,1,0.042,ppm,39,Azusa,17,100,44201,Ozone,87,31080,"Los Angeles-Long Beach-Anaheim, CA",6,California,37,Los Angeles,34.1365,-117.92391
03/21/2021,AQS,1,0.05,ppm,46,Azusa,17,100,44201,Ozone,87,31080,"Los Angeles-Long Beach-Anaheim, CA",6,California,37,Los Angeles,34.1365,-117.92391
03/22/2021,AQS,1,0.047,ppm,44,Azusa,17,100,44201,Ozone,87,31080,"Los Angeles-Long Beach-Anaheim, CA",6,California,37,Los Angeles,34.1365,-117.92391
03/23/2021,AQS,1,0.045,ppm,42,Azusa,17,100,44201,Ozone,87,31080,"Los Angeles-Long Beach-Anaheim, CA",6,California,37,Los Angeles,34.1365,-117.92391
03/24/2021,AQS,1,0.044,ppm,41,Azusa,17,100,44201,Ozone,87,31080,"Los Angeles-Long Beach-Anaheim, CA",6,California,37,Los Angeles,34.1365,-117.92391
03/25/2021,AQS,1,0.042,ppm,39,Azusa,17,100,44201,Ozone,87,31080,"Los Angeles-Long Beach-Anaheim, CA",6,California,37,Los Angeles,34.1365,-117.92391
03/26/2021,AQS,1,0.043,ppm,40,Azusa,17,100,44201,Ozone,87,31080,"Los Angeles-Long Beach-Anaheim, CA",6,California,37,Los Angeles,34.1365,-117.92391
03/27/2021,AQS,1,0.052,ppm,48,Azusa,17,100,44201,Ozone,87,31080,"Los Angeles-Long Beach-Anaheim, CA",6,California,37,Los Angeles,34.1365,-117.92391
03/28/2021,AQS,1,0.058,ppm,61,Azusa,17,100,44201,Ozone,87,31080,"Los Angeles-Long Beach-Anaheim, CA",6,California,37,Los Angeles,34.1365,-117.92391
03/29/2021,AQS,1,0.055,ppm,51,Azusa,17,100,44201,Ozone,87,31080,"Los Angeles-Long Beach-Anaheim, CA",6,California,37,Los Angeles,34.1365,-117.92391
03/30/2021,AQS,1,0.054,ppm,50,Azusa,17,100,44201,Ozone,87,31080,"Los Angeles-Long Beach-Anaheim, CA",6,California,37,Los Angeles,34.1365,-117.92391
03/31/2021,AQS,1,0.055,ppm,51,Azusa,17,100,44201,Ozone,87,31080,"Los Angeles-Long Beach-Anaheim, CA",6,California,37,Los Angeles,34.1365,-117.92391
04/01/2021,AQS,1,0.048,ppm,44,Azusa,17,100,44201,Ozone,87,31080,"Los Angeles-Long Beach-Anaheim, CA",6,California,37,Los Angeles,34.1365,-117.92391
04/02/2021,AQS,1,0.061,ppm,71,Azusa,17,100,44201,Ozone,87,31080,"Los Angeles-Long Beach-Anaheim, CA",6,California,37,Los Angeles,34.1365,-117.92391
04/03/2021,AQS,1,0.069,ppm,97,Azusa,17,100,44201,Ozone,87,31080,"Los Angeles-Long Beach-Anaheim, CA",6,California,37,Los Angeles,34.1365,-117.92391
04/04/2021,AQS,1,0.072,ppm,105,Azusa,17,100,44201,Ozone,87,31080,"Los Angeles-Long Beach-Anaheim, CA",6,California,37,Los Angeles,34.1365,-117.92391
04/05/2021,AQS,1,0.046,ppm,43,Azusa,17,100,44201,Ozone,87,31080,"Los Angeles-Long Beach-Anaheim, CA",6,California,37,Los Angeles,34.1365,-117.92391
04/06/2021,AQS,1,0.05,ppm,46,Azusa,17,100,44201,Ozone,87,31080,"Los Angeles-Long Beach-Anaheim, CA",6,California,37,Los Angeles,34.1365,-117.92391
04/07/2021,AQS,1,0.062,ppm,74,Azusa,17,100,44201,Ozone,87,31080,"Los Angeles-Long Beach-Anaheim, CA",6,California,37,Los Angeles,34.1365,-117.92391
04/08/2021,AQS,1,0.053,ppm,49,Azusa,17,100,44201,Ozone,87,31080,"Los Angeles-Long Beach-Anaheim, CA",6,California,37,Los Angeles,34.1365,-117.92391
04/09/2021,AQS,1,0.058,ppm,61,Azusa,17,100,44201,Ozone,87,31080,"Los Angeles-Long Beach-Anaheim, CA",6,California,37,Los Angeles,34.1365,-117.92391
04/10/2021,AQS,1,0.068,ppm,93,Azusa,17,100,44201,Ozone,87,31080,"Los Angeles-Long Beach-Anaheim, CA",6,California,37,Los Angeles,34.1365,-117.92391
04/11/2021,AQS,1,0.063,ppm,77,Azusa,17,100,44201,Ozone,87,31080,"Los Angeles-Long Beach-Anaheim, CA",6,California,37,Los Angeles,34.1365,-117.92391
04/12/2021,AQS,1,0.051,ppm,47,Azusa,17,100,44201,Ozone,87,31080,"Los Angeles-Long Beach-Anaheim, CA",6,California,37,Los Angeles,34.1365,-117.92391
04/13/2021,AQS,1,0.036,ppm,33,Azusa,17,100,44201,Ozone,87,31080,"Los Angeles-Long Beach-Anaheim, CA",6,California,37,Los Angeles,34.1365,-117.92391
04/14/2021,AQS,1,0.048,ppm,44,Azusa,17,100,44201,Ozone,87,31080,"Los Angeles-Long Beach-Anaheim, CA",6,California,37,Los Angeles,34.1365,-117.92391
04/15/2021,AQS,1,0.053,ppm,49,Azusa,17,100,44201,Ozone,87,31080,"Los Angeles-Long Beach-Anaheim, CA",6,California,37,Los Angeles,34.1365,-117.92391
04/16/2021,AQS,1,0.056,ppm,54,Azusa,17,100,44201,Ozone,87,31080,"Los Angeles-Long Beach-Anaheim, CA",6,California,37,Los Angeles,34.1365,-117.92391
04/17/2021,AQS,1,0.062,ppm,74,Azusa,17,100,44201,Ozone,87,31080,"Los Angeles-Long Beach-Anaheim, CA",6,California,37,Los Angeles,34.1365,-117.92391
04/18/2021,AQS,1,0.056,ppm,54,Azusa,17,100,44201,Ozone,87,31080,"Los Angeles-Long Beach-Anaheim, CA",6,California,37,Los Angeles,34.1365,-117.92391
04/19/2021,AQS,1,0.058,ppm,61,Azusa,17,100,44201,Ozone,87,31080,"Los Angeles-Long Beach-Anaheim, CA",6,California,37,Los Angeles,34.1365,-117.92391
04/20/2021,AQS,1,0.051,ppm,47,Azusa,17,100,44201,Ozone,87,31080,"Los Angeles-Long Beach-Anaheim, CA",6,California,37,Los Angeles,34.1365,-117.92391
04/21/2021,AQS,1,0.041,ppm,38,Azusa,17,100,44201,Ozone,87,31080,"Los Angeles-Long Beach-Anaheim, CA",6,California,37,Los Angeles,34.1365,-117.92391
04/22/2021,AQS,1,0.036,ppm,33,Azusa,17,100,44201,Ozone,87,31080,"Los Angeles-Long Beach-Anaheim, CA",6,California,37,Los Angeles,34.1365,-117.92391
04/23/2021,AQS,1,0.04,ppm,37,Azusa,17,100,44201,Ozone,87,31080,"Los Angeles-Long Beach-Anaheim, CA",6,California,37,Los Angeles,34.1365,-117.92391
04/24/2021,AQS,1,0.047,ppm,44,Azusa,17,100,44201,Ozone,87,31080,"Los Angeles-Long Beach-Anaheim, CA",6,California,37,Los Angeles,34.1365,-117.92391
04/25/2021,AQS,1,0.048,ppm,44,Azusa,17,100,44201,Ozone,87,31080,"Los Angeles-Long Beach-Anaheim, CA",6,California,37,Los Angeles,34.1365,-117.92391
04/26/2021,AQS,1,0.041,ppm,38,Azusa,17,100,44201,Ozone,87,31080,"Los Angeles-Long Beach-Anaheim, CA",6,California,37,Los Angeles,34.1365,-117.92391
04/27/2021,AQS,1,0.044,ppm,41,Azusa,17,100,44201,Ozone,87,31080,"Los Angeles-Long Beach-Anaheim, CA",6,California,37,Los Angeles,34.1365,-117.92391
04/28/2021,AQS,1,0.049,ppm,45,Azusa,17,100,44201,Ozone,87,31080,"Los Angeles-Long Beach-Anaheim, CA",6,California,37,Los Angeles,34.1365,-117.92391
04/29/2021,AQS,1,0.063,ppm,77,Azusa,17,100,44201,Ozone,87,31080,"Los Angeles-Long Beach-Anaheim, CA",6,California,37,Los Angeles,34.1365,-117.92391
04/30/2021,AQS,1,0.069,ppm,97,Azusa,17,100,44201,Ozone,87,31080,"Los Angeles-Long Beach-Anaheim, CA",6,California,37,Los Angeles,34.1365,-117.92391
05/01/2021,AQS,1,0.055,ppm,51,Azusa,17,100,44201,Ozone,87,31080,"Los Angeles-Long Beach-Anaheim, CA",6,California,37,Los Angeles,34.1365,-117.92391
05/02/2021,AQS,1,0.041,ppm,38,Azusa,17,100,44201,Ozone,87,31080,"Los Angeles-Long Beach-Anaheim, CA",6,California,37,Los Angeles,34.1365,-117.92391
05/03/2021,AQS,1,0.05,ppm,46,Azusa,17,100,44201,Ozone,87,31080,"Los Angeles-Long Beach-Anaheim, CA",6,California,37,Los Angeles,34.1365,-117.92391
05/04/2021,AQS,1,0.066,ppm,87,Azusa,17,100,44201,Ozone,87,31080,"Los Angeles-Long Beach-Anaheim, CA",6,California,37,Los Angeles,34.1365,-117.92391
05/05/2021,AQS,1,0.064,ppm,80,Azusa,17,100,44201,Ozone,87,31080,"Los Angeles-Long Beach-Anaheim, CA",6,California,37,Los Angeles,34.1365,-117.92391
05/06/2021,AQS,1,0.053,ppm,49,Azusa,17,100,44201,Ozone,87,31080,"Los Angeles-Long Beach-Anaheim, CA",6,California,37,Los Angeles,34.1365,-117.92391
05/07/2021,AQS,1,0.051,ppm,47,Azusa,17,100,44201,Ozone,87,31080,"Los Angeles-Long Beach-Anaheim, CA",6,California,37,Los Angeles,34.1365,-117.92391
05/08/2021,AQS,1,0.059,ppm,64,Azusa,17,100,44201,Ozone,87,31080,"Los Angeles-Long Beach-Anaheim, CA",6,California,37,Los Angeles,34.1365,-117.92391
05/09/2021,AQS,1,0.056,ppm,54,Azusa,17,100,44201,Ozone,87,31080,"Los Angeles-Long Beach-Anaheim, CA",6,California,37,Los Angeles,34.1365,-117.92391
05/10/2021,AQS,1,0.044,ppm,41,Azusa,17,100,44201,Ozone,87,31080,"Los Angeles-Long Beach-Anaheim, CA",6,California,37,Los Angeles,34.1365,-117.92391
05/11/2021,AQS,1,0.055,ppm,51,Azusa,17,100,44201,Ozone,87,31080,"Los Angeles-Long Beach-Anaheim, CA",6,California,37,Los Angeles,34.1365,-117.92391
05/12/2021,AQS,1,0.062,ppm,74,Azusa,15,88,44201,Ozone,87,31080,"Los Angeles-Long Beach-Anaheim, CA",6,California,37,Los Angeles,34.1365,-117.92391
05/13/2021,AQS,1,0.052,ppm,48,Azusa,17,100,44201,Ozone,87,31080,"Los Angeles-Long Beach-Anaheim, CA",6,California,37,Los Angeles,34.1365,-117.92391
05/14/2021,AQS,1,0.059,ppm,64,Azusa,17,100,44201,Ozone,87,31080,"Los Angeles-Long Beach-Anaheim, CA",6,California,37,Los Angeles,34.1365,-117.92391
05/15/2021,AQS,1,0.048,ppm,44,Azusa,17,100,44201,Ozone,87,31080,"Los Angeles-Long Beach-Anaheim, CA",6,California,37,Los Angeles,34.1365,-117.92391
05/16/2021,AQS,1,0.041,ppm,38,Azusa,17,100,44201,Ozone,87,31080,"Los Angeles-Long Beach-Anaheim, CA",6,California,37,Los Angeles,34.1365,-117.92391
05/17/2021,AQS,1,0.035,ppm,32,Azusa,17,100,44201,Ozone,87,31080,"Los Angeles-Long Beach-Anaheim, CA",6,California,37,Los Angeles,34.1365,-117.92391
05/18/2021,AQS,1,0.057,ppm,58,Azusa,17,100,44201,Ozone,87,31080,"Los Angeles-Long Beach-Anaheim, CA",6,California,37,Los Angeles,34.1365,-117.92391
05/19/2021,AQS,1,0.053,ppm,49,Azusa,17,100,44201,Ozone,87,31080,"Los Angeles-Long Beach-Anaheim, CA",6,California,37,Los Angeles,34.1365,-117.92391
05/20/2021,AQS,1,0.044,ppm,41,Azusa,17,100,44201,Ozone,87,31080,"Los Angeles-Long Beach-Anaheim, CA",6,California,37,Los Angeles,34.1365,-117.92391
05/21/2021,AQS,1,0.047,ppm,44,Azusa,17,100,44201,Ozone,87,31080,"Los Angeles-Long Beach-Anaheim, CA",6,California,37,Los Angeles,34.1365,-117.92391
05/22/2021,AQS,1,0.047,ppm,44,Azusa,17,100,44201,Ozone,87,31080,"Los Angeles-Long Beach-Anaheim, CA",6,California,37,Los Angeles,34.1365,-117.92391
05/23/2021,AQS,1,0.052,ppm,48,Azusa,17,100,44201,Ozone,87,31080,"Los Angeles-Long Beach-Anaheim, CA",6,California,37,Los Angeles,34.1365,-117.92391
05/24/2021,AQS,1,0.064,ppm,80,Azusa,17,100,44201,Ozone,87,31080,"Los Angeles-Long Beach-Anaheim, CA",6,California,37,Los Angeles,34.1365,-117.92391
05/25/2021,AQS,1,0.067,ppm,90,Azusa,17,100,44201,Ozone,87,31080,"Los Angeles-Long Beach-Anaheim, CA",6,California,37,Los Angeles,34.1365,-117.92391
05/26/2021,AQS,1,0.049,ppm,45,Azusa,17,100,44201,Ozone,87,31080,"Los Angeles-Long Beach-Anaheim, CA",6,California,37,Los Angeles,34.1365,-117.92391
05/27/2021,AQS,1,0.058,ppm,61,Azusa,17,100,44201,Ozone,87,31080,"Los Angeles-Long Beach-Anaheim, CA",6,California,37,Los Angeles,34.1365,-117.92391
05/28/2021,AQS,1,0.064,ppm,80,Azusa,17,100,44201,Ozone,87,31080,"Los Angeles-Long Beach-Anaheim, CA",6,California,37,Los Angeles,34.1365,-117.92391
05/29/2021,AQS,1,0.053,ppm,49,Azusa,17,100,44201,Ozone,87,31080,"Los Angeles-Long Beach-Anaheim, CA",6,California,37,Los Angeles,34.1365,-117.92391
05/30/2021,AQS,1,0.055,ppm,51,Azusa,17,100,44201,Ozone,87,31080,"Los Angeles-Long Beach-Anaheim, CA",6,California,37,Los Angeles,34.1365,-117.92391
05/31/2021,AQS,1,0.06,ppm,67,Azusa,17,100,44201,Ozone,87,31080,"Los Angeles-Long Beach-Anaheim, CA",6,California,37,Los Angeles,34.1365,-117.92391
06/01/2021,AQS,1,0.062,ppm,74,Azusa,17,100,44201,Ozone,87,31080,"Los Angeles-Long Beach-Anaheim, CA",6,California,37,Los Angeles,34.1365,-117.92391
06/02/2021,AQS,1,0.067,ppm,90,Azusa,17,100,44201,Ozone,87,31080,"Los Angeles-Long Beach-Anaheim, CA",6,California,37,Los Angeles,34.1365,-117.92391
06/04/2021,AQS,1,0.054,ppm,50,Azusa,15,88,44201,Ozone,87,31080,"Los Angeles-Long Beach-Anaheim, CA",6,California,37,Los Angeles,34.1365,-117.92391
06/05/2021,AQS,1,0.054,ppm,50,Azusa,17,100,44201,Ozone,87,31080,"Los Angeles-Long Beach-Anaheim, CA",6,California,37,Los Angeles,34.1365,-117.92391
06/06/2021,AQS,1,0.049,ppm,45,Azusa,17,100,44201,Ozone,87,31080,"Los Angeles-Long Beach-Anaheim, CA",6,California,37,Los Angeles,34.1365,-117.92391
06/07/2021,AQS,1,0.036,ppm,33,Azusa,17,100,44201,Ozone,87,31080,"Los Angeles-Long Beach-Anaheim, CA",6,California,37,Los Angeles,34.1365,-117.92391
06/08/2021,AQS,1,0.055,ppm,51,Azusa,17,100,44201,Ozone,87,31080,"Los Angeles-Long Beach-Anaheim, CA",6,California,37,Los Angeles,34.1365,-117.92391
06/09/2021,AQS,1,0.046,ppm,43,Azusa,17,100,44201,Ozone,87,31080,"Los Angeles-Long Beach-Anaheim, CA",6,California,37,Los Angeles,34.1365,-117.92391
06/10/2021,AQS,1,0.051,ppm,47,Azusa,17,100,44201,Ozone,87,31080,"Los Angeles-Long Beach-Anaheim, CA",6,California,37,Los Angeles,34.1365,-117.92391
06/11/2021,AQS,1,0.067,ppm,90,Azusa,17,100,44201,Ozone,87,31080,"Los Angeles-Long Beach-Anaheim, CA",6,California,37,Los Angeles,34.1365,-117.92391
06/12/2021,AQS,1,0.086,ppm,151,Azusa,17,100,44201,Ozone,87,31080,"Los Angeles-Long Beach-Anaheim, CA",6,California,37,Los Angeles,34.1365,-117.92391
06/13/2021,AQS,1,0.079,ppm,129,Azusa,17,100,44201,Ozone,87,31080,"Los Angeles-Long Beach-Anaheim, CA",6,California,37,Los Angeles,34.1365,-117.92391
06/14/2021,AQS,1,0.061,ppm,71,Azusa,17,100,44201,Ozone,87,31080,"Los Angeles-Long Beach-Anaheim, CA",6,California,37,Los Angeles,34.1365,-117.92391
06/15/2021,AQS,1,0.076,ppm,119,Azusa,17,100,44201,Ozone,87,31080,"Los Angeles-Long Beach-Anaheim, CA",6,California,37,Los Angeles,34.1365,-117.92391
06/16/2021,AQS,1,0.067,ppm,90,Azusa,17,100,44201,Ozone,87,31080,"Los Angeles-Long Beach-Anaheim, CA",6,California,37,Los Angeles,34.1365,-117.92391
06/17/2021,AQS,1,0.054,ppm,50,Azusa,17,100,44201,Ozone,87,31080,"Los Angeles-Long Beach-Anaheim, CA",6,California,37,Los Angeles,34.1365,-117.92391
06/18/2021,AQS,1,0.049,ppm,45,Azusa,17,100,44201,Ozone,87,31080,"Los Angeles-Long Beach-Anaheim, CA",6,California,37,Los Angeles,34.1365,-117.92391
06/19/2021,AQS,1,0.075,ppm,115,Azusa,17,100,44201,Ozone,87,31080,"Los Angeles-Long Beach-Anaheim, CA",6,California,37,Los Angeles,34.1365,-117.92391
06/20/2021,AQS,1,0.064,ppm,80,Azusa,17,100,44201,Ozone,87,31080,"Los Angeles-Long Beach-Anaheim, CA",6,California,37,Los Angeles,34.1365,-117.92391
06/21/2021,AQS,1,0.068,ppm,93,Azusa,17,100,44201,Ozone,87,31080,"Los Angeles-Long Beach-Anaheim, CA",6,California,37,Los Angeles,34.1365,-117.92391
06/22/2021,AQS,1,0.055,ppm,51,Azusa,17,100,44201,Ozone,87,31080,"Los Angeles-Long Beach-Anaheim, CA",6,California,37,Los Angeles,34.1365,-117.92391
06/23/2021,AQS,1,0.05,ppm,46,Azusa,17,100,44201,Ozone,87,31080,"Los Angeles-Long Beach-Anaheim, CA",6,California,37,Los Angeles,34.1365,-117.92391
06/24/2021,AQS,1,0.044,ppm,41,Azusa,17,100,44201,Ozone,87,31080,"Los Angeles-Long Beach-Anaheim, CA",6,California,37,Los Angeles,34.1365,-117.92391
06/25/2021,AQS,1,0.047,ppm,44,Azusa,17,100,44201,Ozone,87,31080,"Los Angeles-Long Beach-Anaheim, CA",6,California,37,Los Angeles,34.1365,-117.92391
06/26/2021,AQS,1,0.072,ppm,105,Azusa,17,100,44201,Ozone,87,31080,"Los Angeles-Long Beach-Anaheim, CA",6,California,37,Los Angeles,34.1365,-117.92391
06/27/2021,AQS,1,0.071,ppm,101,Azusa,17,100,44201,Ozone,87,31080,"Los Angeles-Long Beach-Anaheim, CA",6,California,37,Los Angeles,34.1365,-117.92391
06/28/2021,AQS,1,0.071,ppm,101,Azusa,17,100,44201,Ozone,87,31080,"Los Angeles-Long Beach-Anaheim, CA",6,California,37,Los Angeles,34.1365,-117.92391
06/29/2021,AQS,1,0.047,ppm,44,Azusa,17,100,44201,Ozone,87,31080,"Los Angeles-Long Beach-Anaheim, CA",6,California,37,Los Angeles,34.1365,-117.92391
06/30/2021,AQS,1,0.055,ppm,51,Azusa,17,100,44201,Ozone,87,31080,"Los Angeles-Long Beach-Anaheim, CA",6,California,37,Los Angeles,34.1365,-117.92391
07/01/2021,AQS,1,0.066,ppm,87,Azusa,17,100,44201,Ozone,87,31080,"Los Angeles-Long Beach-Anaheim, CA",6,California,37,Los Angeles,34.1365,-117.92391
07/02/2021,AQS,1,0.07,ppm,100,Azusa,17,100,44201,Ozone,87,31080,"Los Angeles-Long Beach-Anaheim, CA",6,California,37,Los Angeles,34.1365,-117.92391
07/03/2021,AQS,1,0.069,ppm,97,Azusa,17,100,44201,Ozone,87,31080,"Los Angeles-Long Beach-Anaheim, CA",6,California,37,Los Angeles,34.1365,-117.92391
07/04/2021,AQS,1,0.064,ppm,80,Azusa,17,100,44201,Ozone,87,31080,"Los Angeles-Long Beach-Anaheim, CA",6,California,37,Los Angeles,34.1365,-117.92391
07/05/2021,AQS,1,0.065,ppm,84,Azusa,17,100,44201,Ozone,87,31080,"Los Angeles-Long Beach-Anaheim, CA",6,California,37,Los Angeles,34.1365,-117.92391
07/06/2021,AQS,1,0.065,ppm,84,Azusa,17,100,44201,Ozone,87,31080,"Los Angeles-Long Beach-Anaheim, CA",6,California,37,Los Angeles,34.1365,-117.92391
07/07/2021,AQS,1,0.069,ppm,97,Azusa,17,100,44201,Ozone,87,31080,"Los Angeles-Long Beach-Anaheim, CA",6,California,37,Los Angeles,34.1365,-117.92391
07/08/2021,AQS,1,0.064,ppm,80,Azusa,17,100,44201,Ozone,87,31080,"Los Angeles-Long Beach-Anaheim, CA",6,California,37,Los Angeles,34.1365,-117.92391
07/09/2021,AQS,1,0.077,ppm,122,Azusa,17,100,44201,Ozone,87,31080,"Los Angeles-Long Beach-Anaheim, CA",6,California,37,Los Angeles,34.1365,-117.92391
07/10/2021,AQS,1,0.073,ppm,108,Azusa,17,100,44201,Ozone,87,31080,"Los Angeles-Long Beach-Anaheim, CA",6,California,37,Los Angeles,34.1365,-117.92391
07/11/2021,AQS,1,0.06,ppm,67,Azusa,17,100,44201,Ozone,87,31080,"Los Angeles-Long Beach-Anaheim, CA",6,California,37,Los Angeles,34.1365,-117.92391
07/12/2021,AQS,1,0.051,ppm,47,Azusa,17,100,44201,Ozone,87,31080,"Los Angeles-Long Beach-Anaheim, CA",6,California,37,Los Angeles,34.1365,-117.92391
07/13/2021,AQS,1,0.068,ppm,93,Azusa,17,100,44201,Ozone,87,31080,"Los Angeles-Long Beach-Anaheim, CA",6,California,37,Los Angeles,34.1365,-117.92391
07/14/2021,AQS,1,0.058,ppm,61,Azusa,17,100,44201,Ozone,87,31080,"Los Angeles-Long Beach-Anaheim, CA",6,California,37,Los Angeles,34.1365,-117.92391
07/15/2021,AQS,1,0.056,ppm,54,Azusa,17,100,44201,Ozone,87,31080,"Los Angeles-Long Beach-Anaheim, CA",6,California,37,Los Angeles,34.1365,-117.92391
07/16/2021,AQS,1,0.063,ppm,77,Azusa,17,100,44201,Ozone,87,31080,"Los Angeles-Long Beach-Anaheim, CA",6,California,37,Los Angeles,34.1365,-117.92391
07/17/2021,AQS,1,0.069,ppm,97,Azusa,17,100,44201,Ozone,87,31080,"Los Angeles-Long Beach-Anaheim, CA",6,California,37,Los Angeles,34.1365,-117.92391
07/18/2021,AQS,1,0.073,ppm,108,Azusa,17,100,44201,Ozone,87,31080,"Los Angeles-Long Beach-Anaheim, CA",6,California,37,Los Angeles,34.1365,-117.92391
07/19/2021,AQS,1,0.067,ppm,90,Azusa,17,100,44201,Ozone,87,31080,"Los Angeles-Long Beach-Anaheim, CA",6,California,37,Los Angeles,34.1365,-117.92391
07/20/2021,AQS,1,0.061,ppm,71,Azusa,17,100,44201,Ozone,87,31080,"Los Angeles-Long Beach-Anaheim, CA",6,California,37,Los Angeles,34.1365,-117.92391
07/21/2021,AQS,1,0.065,ppm,84,Azusa,17,100,44201,Ozone,87,31080,"Los Angeles-Long Beach-Anaheim, CA",6,California,37,Los Angeles,34.1365,-117.92391
07/22/2021,AQS,1,0.051,ppm,47,Azusa,17,100,44201,Ozone,87,31080,"Los Angeles-Long Beach-Anaheim, CA",6,California,37,Los Angeles,34.1365,-117.92391
07/23/2021,AQS,1,0.058,ppm,61,Azusa,17,100,44201,Ozone,87,31080,"Los Angeles-Long Beach-Anaheim, CA",6,California,37,Los Angeles,34.1365,-117.92391
07/24/2021,AQS,1,0.06,ppm,67,Azusa,17,100,44201,Ozone,87,31080,"Los Angeles-Long Beach-Anaheim, CA",6,California,37,Los Angeles,34.1365,-117.92391
07/25/2021,AQS,1,0.057,ppm,58,Azusa,17,100,44201,Ozone,87,31080,"Los Angeles-Long Beach-Anaheim, CA",6,California,37,Los Angeles,34.1365,-117.92391
07/26/2021,AQS,1,0.04,ppm,37,Azusa,17,100,44201,Ozone,87,31080,"Los Angeles-Long Beach-Anaheim, CA",6,California,37,Los Angeles,34.1365,-117.92391
07/27/2021,AQS,1,0.059,ppm,64,Azusa,17,100,44201,Ozone,87,31080,"Los Angeles-Long Beach-Anaheim, CA",6,California,37,Los Angeles,34.1365,-117.92391
07/28/2021,AQS,1,0.052,ppm,48,Azusa,17,100,44201,Ozone,87,31080,"Los Angeles-Long Beach-Anaheim, CA",6,California,37,Los Angeles,34.1365,-117.92391
07/29/2021,AQS,1,0.055,ppm,51,Azusa,17,100,44201,Ozone,87,31080,"Los Angeles-Long Beach-Anaheim, CA",6,California,37,Los Angeles,34.1365,-117.92391
07/30/2021,AQS,1,0.055,ppm,51,Azusa,17,100,44201,Ozone,87,31080,"Los Angeles-Long Beach-Anaheim, CA",6,California,37,Los Angeles,34.1365,-117.92391
07/31/2021,AQS,1,0.061,ppm,71,Azusa,17,100,44201,Ozone,87,31080,"Los Angeles-Long Beach-Anaheim, CA",6,California,37,Los Angeles,34.1365,-117.92391
08/01/2021,AQS,1,0.066,ppm,87,Azusa,17,100,44201,Ozone,87,31080,"Los Angeles-Long Beach-Anaheim, CA",6,California,37,Los Angeles,34.1365,-117.92391
08/02/2021,AQS,1,0.063,ppm,77,Azusa,17,100,44201,Ozone,87,31080,"Los Angeles-Long Beach-Anaheim, CA",6,California,37,Los Angeles,34.1365,-117.92391
08/03/2021,AQS,1,0.065,ppm,84,Azusa,17,100,44201,Ozone,87,31080,"Los Angeles-Long Beach-Anaheim, CA",6,California,37,Los Angeles,34.1365,-117.92391
08/04/2021,AQS,1,0.067,ppm,90,Azusa,17,100,44201,Ozone,87,31080,"Los Angeles-Long Beach-Anaheim, CA",6,California,37,Los Angeles,34.1365,-117.92391
08/05/2021,AQS,1,0.076,ppm,119,Azusa,15,88,44201,Ozone,87,31080,"Los Angeles-Long Beach-Anaheim, CA",6,California,37,Los Angeles,34.1365,-117.92391
08/06/2021,AQS,1,0.061,ppm,71,Azusa,17,100,44201,Ozone,87,31080,"Los Angeles-Long Beach-Anaheim, CA",6,California,37,Los Angeles,34.1365,-117.92391
08/07/2021,AQS,1,0.066,ppm,87,Azusa,17,100,44201,Ozone,87,31080,"Los Angeles-Long Beach-Anaheim, CA",6,California,37,Los Angeles,34.1365,-117.92391
08/08/2021,AQS,1,0.069,ppm,97,Azusa,17,100,44201,Ozone,87,31080,"Los Angeles-Long Beach-Anaheim, CA",6,California,37,Los Angeles,34.1365,-117.92391
08/09/2021,AQS,1,0.064,ppm,80,Azusa,17,100,44201,Ozone,87,31080,"Los Angeles-Long Beach-Anaheim, CA",6,California,37,Los Angeles,34.1365,-117.92391
08/10/2021,AQS,1,0.077,ppm,122,Azusa,14,82,44201,Ozone,87,31080,"Los Angeles-Long Beach-Anaheim, CA",6,California,37,Los Angeles,34.1365,-117.92391
08/11/2021,AQS,1,0.057,ppm,58,Azusa,17,100,44201,Ozone,87,31080,"Los Angeles-Long Beach-Anaheim, CA",6,California,37,Los Angeles,34.1365,-117.92391
08/12/2021,AQS,1,0.052,ppm,48,Azusa,17,100,44201,Ozone,87,31080,"Los Angeles-Long Beach-Anaheim, CA",6,California,37,Los Angeles,34.1365,-117.92391
08/13/2021,AQS,1,0.041,ppm,38,Azusa,17,100,44201,Ozone,87,31080,"Los Angeles-Long Beach-Anaheim, CA",6,California,37,Los Angeles,34.1365,-117.92391
08/14/2021,AQS,1,0.062,ppm,74,Azusa,17,100,44201,Ozone,87,31080,"Los Angeles-Long Beach-Anaheim, CA",6,California,37,Los Angeles,34.1365,-117.92391
08/15/2021,AQS,1,0.077,ppm,122,Azusa,17,100,44201,Ozone,87,31080,"Los Angeles-Long Beach-Anaheim, CA",6,California,37,Los Angeles,34.1365,-117.92391
08/16/2021,AQS,1,0.061,ppm,71,Azusa,17,100,44201,Ozone,87,31080,"Los Angeles-Long Beach-Anaheim, CA",6,California,37,Los Angeles,34.1365,-117.92391
08/17/2021,AQS,1,0.042,ppm,39,Azusa,17,100,44201,Ozone,87,31080,"Los Angeles-Long Beach-Anaheim, CA",6,California,37,Los Angeles,34.1365,-117.92391
08/18/2021,AQS,1,0.029,ppm,27,Azusa,17,100,44201,Ozone,87,31080,"Los Angeles-Long Beach-Anaheim, CA",6,California,37,Los Angeles,34.1365,-117.92391
08/19/2021,AQS,1,0.043,ppm,40,Azusa,17,100,44201,Ozone,87,31080,"Los Angeles-Long Beach-Anaheim, CA",6,California,37,Los Angeles,34.1365,-117.92391
08/20/2021,AQS,1,0.049,ppm,45,Azusa,17,100,44201,Ozone,87,31080,"Los Angeles-Long Beach-Anaheim, CA",6,California,37,Los Angeles,34.1365,-117.92391
08/21/2021,AQS,1,0.046,ppm,43,Azusa,17,100,44201,Ozone,87,31080,"Los Angeles-Long Beach-Anaheim, CA",6,California,37,Los Angeles,34.1365,-117.92391
08/22/2021,AQS,1,0.058,ppm,61,Azusa,17,100,44201,Ozone,87,31080,"Los Angeles-Long Beach-Anaheim, CA",6,California,37,Los Angeles,34.1365,-117.92391
08/23/2021,AQS,1,0.061,ppm,71,Azusa,17,100,44201,Ozone,87,31080,"Los Angeles-Long Beach-Anaheim, CA",6,California,37,Los Angeles,34.1365,-117.92391
08/24/2021,AQS,1,0.069,ppm,97,Azusa,17,100,44201,Ozone,87,31080,"Los Angeles-Long Beach-Anaheim, CA",6,California,37,Los Angeles,34.1365,-117.92391
08/25/2021,AQS,1,0.077,ppm,122,Azusa,17,100,44201,Ozone,87,31080,"Los Angeles-Long Beach-Anaheim, CA",6,California,37,Los Angeles,34.1365,-117.92391
08/26/2021,AQS,1,0.076,ppm,119,Azusa,17,100,44201,Ozone,87,31080,"Los Angeles-Long Beach-Anaheim, CA",6,California,37,Los Angeles,34.1365,-117.92391
08/27/2021,AQS,1,0.076,ppm,119,Azusa,17,100,44201,Ozone,87,31080,"Los Angeles-Long Beach-Anaheim, CA",6,California,37,Los Angeles,34.1365,-117.92391
08/28/2021,AQS,1,0.081,ppm,136,Azusa,17,100,44201,Ozone,87,31080,"Los Angeles-Long Beach-Anaheim, CA",6,California,37,Los Angeles,34.1365,-117.92391
08/29/2021,AQS,1,0.076,ppm,119,Azusa,17,100,44201,Ozone,87,31080,"Los Angeles-Long Beach-Anaheim, CA",6,California,37,Los Angeles,34.1365,-117.92391
08/30/2021,AQS,1,0.054,ppm,50,Azusa,17,100,44201,Ozone,87,31080,"Los Angeles-Long Beach-Anaheim, CA",6,California,37,Los Angeles,34.1365,-117.92391
08/31/2021,AQS,1,0.033,ppm,31,Azusa,17,100,44201,Ozone,87,31080,"Los Angeles-Long Beach-Anaheim, CA",6,California,37,Los Angeles,34.1365,-117.92391
09/01/2021,AQS,1,0.044,ppm,41,Azusa,17,100,44201,Ozone,87,31080,"Los Angeles-Long Beach-Anaheim, CA",6,California,37,Los Angeles,34.1365,-117.92391
09/02/2021,AQS,1,0.056,ppm,54,Azusa,17,100,44201,Ozone,87,31080,"Los Angeles-Long Beach-Anaheim, CA",6,California,37,Los Angeles,34.1365,-117.92391
09/03/2021,AQS,1,0.07,ppm,100,Azusa,17,100,44201,Ozone,87,31080,"Los Angeles-Long Beach-Anaheim, CA",6,California,37,Los Angeles,34.1365,-117.92391
09/04/2021,AQS,1,0.062,ppm,74,Azusa,17,100,44201,Ozone,87,31080,"Los Angeles-Long Beach-Anaheim, CA",6,California,37,Los Angeles,34.1365,-117.92391
09/05/2021,AQS,1,0.073,ppm,108,Azusa,17,100,44201,Ozone,87,31080,"Los Angeles-Long Beach-Anaheim, CA",6,California,37,Los Angeles,34.1365,-117.92391
09/06/2021,AQS,1,0.063,ppm,77,Azusa,17,100,44201,Ozone,87,31080,"Los Angeles-Long Beach-Anaheim, CA",6,California,37,Los Angeles,34.1365,-117.92391
09/07/2021,AQS,1,0.057,ppm,58,Azusa,17,100,44201,Ozone,87,31080,"Los Angeles-Long Beach-Anaheim, CA",6,California,37,Los Angeles,34.1365,-117.92391
09/08/2021,AQS,1,0.069,ppm,97,Azusa,17,100,44201,Ozone,87,31080,"Los Angeles-Long Beach-Anaheim, CA",6,California,37,Los Angeles,34.1365,-117.92391
09/09/2021,AQS,1,0.076,ppm,119,Azusa,17,100,44201,Ozone,87,31080,"Los Angeles-Long Beach-Anaheim, CA",6,California,37,Los Angeles,34.1365,-117.92391
09/10/2021,AQS,1,0.059,ppm,64,Azusa,17,100,44201,Ozone,87,31080,"Los Angeles-Long Beach-Anaheim, CA",6,California,37,Los Angeles,34.1365,-117.92391
09/11/2021,AQS,1,0.055,ppm,51,Azusa,17,100,44201,Ozone,87,31080,"Los Angeles-Long Beach-Anaheim, CA",6,California,37,Los Angeles,34.1365,-117.92391
09/12/2021,AQS,1,0.061,ppm,71,Azusa,17,100,44201,Ozone,87,31080,"Los Angeles-Long Beach-Anaheim, CA",6,California,37,Los Angeles,34.1365,-117.92391
09/13/2021,AQS,1,0.058,ppm,61,Azusa,17,100,44201,Ozone,87,31080,"Los Angeles-Long Beach-Anaheim, CA",6,California,37,Los Angeles,34.1365,-117.92391
09/14/2021,AQS,1,0.054,ppm,50,Azusa,17,100,44201,Ozone,87,31080,"Los Angeles-Long Beach-Anaheim, CA",6,California,37,Los Angeles,34.1365,-117.92391
09/15/2021,AQS,1,0.059,ppm,64,Azusa,17,100,44201,Ozone,87,31080,"Los Angeles-Long Beach-Anaheim, CA",6,California,37,Los Angeles,34.1365,-117.92391
09/16/2021,AQS,1,0.06,ppm,67,Azusa,17,100,44201,Ozone,87,31080,"Los Angeles-Long Beach-Anaheim, CA",6,California,37,Los Angeles,34.1365,-117.92391
09/17/2021,AQS,1,0.061,ppm,71,Azusa,15,88,44201,Ozone,87,31080,"Los Angeles-Long Beach-Anaheim, CA",6,California,37,Los Angeles,34.1365,-117.92391
09/18/2021,AQS,1,0.054,ppm,50,Azusa,17,100,44201,Ozone,87,31080,"Los Angeles-Long Beach-Anaheim, CA",6,California,37,Los Angeles,34.1365,-117.92391
09/19/2021,AQS,1,0.061,ppm,71,Azusa,17,100,44201,Ozone,87,31080,"Los Angeles-Long Beach-Anaheim, CA",6,California,37,Los Angeles,34.1365,-117.92391
09/20/2021,AQS,1,0.059,ppm,64,Azusa,17,100,44201,Ozone,87,31080,"Los Angeles-Long Beach-Anaheim, CA",6,California,37,Los Angeles,34.1365,-117.92391
09/21/2021,AQS,1,0.065,ppm,84,Azusa,17,100,44201,Ozone,87,31080,"Los Angeles-Long Beach-Anaheim, CA",6,California,37,Los Angeles,34.1365,-117.92391
09/22/2021,AQS,1,0.048,ppm,44,Azusa,17,100,44201,Ozone,87,31080,"Los Angeles-Long Beach-Anaheim, CA",6,California,37,Los Angeles,34.1365,-117.92391
09/23/2021,AQS,1,0.029,ppm,27,Azusa,17,100,44201,Ozone,87,31080,"Los Angeles-Long Beach-Anaheim, CA",6,California,37,Los Angeles,34.1365,-117.92391
09/24/2021,AQS,1,0.046,ppm,43,Azusa,17,100,44201,Ozone,87,31080,"Los Angeles-Long Beach-Anaheim, CA",6,California,37,Los Angeles,34.1365,-117.92391
09/25/2021,AQS,1,0.05,ppm,46,Azusa,17,100,44201,Ozone,87,31080,"Los Angeles-Long Beach-Anaheim, CA",6,California,37,Los Angeles,34.1365,-117.92391
09/26/2021,AQS,1,0.04,ppm,37,Azusa,17,100,44201,Ozone,87,31080,"Los Angeles-Long Beach-Anaheim, CA",6,California,37,Los Angeles,34.1365,-117.92391
09/27/2021,AQS,1,0.026,ppm,24,Azusa,17,100,44201,Ozone,87,31080,"Los Angeles-Long Beach-Anaheim, CA",6,California,37,Los Angeles,34.1365,-117.92391
09/28/2021,AQS,1,0.034,ppm,31,Azusa,17,100,44201,Ozone,87,31080,"Los Angeles-Long Beach-Anaheim, CA",6,California,37,Los Angeles,34.1365,-117.92391
09/29/2021,AQS,1,0.046,ppm,43,Azusa,17,100,44201,Ozone,87,31080,"Los Angeles-Long Beach-Anaheim, CA",6,California,37,Los Angeles,34.1365,-117.92391
09/30/2021,AQS,1,0.054,ppm,50,Azusa,17,100,44201,Ozone,87,31080,"Los Angeles-Long Beach-Anaheim, CA",6,California,37,Los Angeles,34.1365,-117.92391
10/01/2021,AQS,1,0.049,ppm,45,Azusa,17,100,44201,Ozone,87,31080,"Los Angeles-Long Beach-Anaheim, CA",6,California,37,Los Angeles,34.1365,-117.92391
10/02/2021,AQS,1,0.063,ppm,77,Azusa,17,100,44201,Ozone,87,31080,"Los Angeles-Long Beach-Anaheim, CA",6,California,37,Los Angeles,34.1365,-117.92391
10/03/2021,AQS,1,0.064,ppm,80,Azusa,17,100,44201,Ozone,87,31080,"Los Angeles-Long Beach-Anaheim, CA",6,California,37,Los Angeles,34.1365,-117.92391
10/04/2021,AQS,1,0.052,ppm,48,Azusa,17,100,44201,Ozone,87,31080,"Los Angeles-Long Beach-Anaheim, CA",6,California,37,Los Angeles,34.1365,-117.92391
10/05/2021,AQS,1,0.048,ppm,44,Azusa,17,100,44201,Ozone,87,31080,"Los Angeles-Long Beach-Anaheim, CA",6,California,37,Los Angeles,34.1365,-117.92391
10/06/2021,AQS,1,0.035,ppm,32,Azusa,17,100,44201,Ozone,87,31080,"Los Angeles-Long Beach-Anaheim, CA",6,California,37,Los Angeles,34.1365,-117.92391
10/07/2021,AQS,1,0.031,ppm,29,Azusa,17,100,44201,Ozone,87,31080,"Los Angeles-Long Beach-Anaheim, CA",6,California,37,Los Angeles,34.1365,-117.92391
10/08/2021,AQS,1,0.029,ppm,27,Azusa,17,100,44201,Ozone,87,31080,"Los Angeles-Long Beach-Anaheim, CA",6,California,37,Los Angeles,34.1365,-117.92391
10/09/2021,AQS,1,0.043,ppm,40,Azusa,17,100,44201,Ozone,87,31080,"Los Angeles-Long Beach-Anaheim, CA",6,California,37,Los Angeles,34.1365,-117.92391
10/10/2021,AQS,1,0.053,ppm,49,Azusa,17,100,44201,Ozone,87,31080,"Los Angeles-Long Beach-Anaheim, CA",6,California,37,Los Angeles,34.1365,-117.92391
10/11/2021,AQS,1,0.039,ppm,36,Azusa,17,100,44201,Ozone,87,31080,"Los Angeles-Long Beach-Anaheim, CA",6,California,37,Los Angeles,34.1365,-117.92391
10/12/2021,AQS,1,0.037,ppm,34,Azusa,17,100,44201,Ozone,87,31080,"Los Angeles-Long Beach-Anaheim, CA",6,California,37,Los Angeles,34.1365,-117.92391
10/13/2021,AQS,1,0.039,ppm,36,Azusa,17,100,44201,Ozone,87,31080,"Los Angeles-Long Beach-Anaheim, CA",6,California,37,Los Angeles,34.1365,-117.92391
10/14/2021,AQS,1,0.04,ppm,37,Azusa,17,100,44201,Ozone,87,31080,"Los Angeles-Long Beach-Anaheim, CA",6,California,37,Los Angeles,34.1365,-117.92391
10/15/2021,AQS,1,0.043,ppm,40,Azusa,17,100,44201,Ozone,87,31080,"Los Angeles-Long Beach-Anaheim, CA",6,California,37,Los Angeles,34.1365,-117.92391
10/16/2021,AQS,1,0.046,ppm,43,Azusa,17,100,44201,Ozone,87,31080,"Los Angeles-Long Beach-Anaheim, CA",6,California,37,Los Angeles,34.1365,-117.92391
10/17/2021,AQS,1,0.047,ppm,44,Azusa,17,100,44201,Ozone,87,31080,"Los Angeles-Long Beach-Anaheim, CA",6,California,37,Los Angeles,34.1365,-117.92391
10/18/2021,AQS,1,0.03,ppm,28,Azusa,17,100,44201,Ozone,87,31080,"Los Angeles-Long Beach-Anaheim, CA",6,California,37,Los Angeles,34.1365,-117.92391
10/19/2021,AQS,1,0.033,ppm,31,Azusa,17,100,44201,Ozone,87,31080,"Los Angeles-Long Beach-Anaheim, CA",6,California,37,Los Angeles,34.1365,-117.92391
10/20/2021,AQS,1,0.039,ppm,36,Azusa,17,100,44201,Ozone,87,31080,"Los Angeles-Long Beach-Anaheim, CA",6,California,37,Los Angeles,34.1365,-117.92391
10/21/2021,AQS,1,0.046,ppm,43,Azusa,17,100,44201,Ozone,87,31080,"Los Angeles-Long Beach-Anaheim, CA",6,California,37,Los Angeles,34.1365,-117.92391
10/22/2021,AQS,1,0.026,ppm,24,Azusa,17,100,44201,Ozone,87,31080,"Los Angeles-Long Beach-Anaheim, CA",6,California,37,Los Angeles,34.1365,-117.92391
10/23/2021,AQS,1,0.023,ppm,21,Azusa,17,100,44201,Ozone,87,31080,"Los Angeles-Long Beach-Anaheim, CA",6,California,37,Los Angeles,34.1365,-117.92391
10/24/2021,AQS,1,0.038,ppm,35,Azusa,17,100,44201,Ozone,87,31080,"Los Angeles-Long Beach-Anaheim, CA",6,California,37,Los Angeles,34.1365,-117.92391
10/25/2021,AQS,1,0.025,ppm,23,Azusa,17,100,44201,Ozone,87,31080,"Los Angeles-Long Beach-Anaheim, CA",6,California,37,Los Angeles,34.1365,-117.92391
10/26/2021,AQS,1,0.032,ppm,30,Azusa,17,100,44201,Ozone,87,31080,"Los Angeles-Long Beach-Anaheim, CA",6,California,37,Los Angeles,34.1365,-117.92391
10/27/2021,AQS,1,0.037,ppm,34,Azusa,17,100,44201,Ozone,87,31080,"Los Angeles-Long Beach-Anaheim, CA",6,California,37,Los Angeles,34.1365,-117.92391
10/28/2021,AQS,1,0.04,ppm,37,Azusa,17,100,44201,Ozone,87,31080,"Los Angeles-Long Beach-Anaheim, CA",6,California,37,Los Angeles,34.1365,-117.92391
10/29/2021,AQS,1,0.036,ppm,33,Azusa,17,100,44201,Ozone,87,31080,"Los Angeles-Long Beach-Anaheim, CA",6,California,37,Los Angeles,34.1365,-117.92391
10/30/2021,AQS,1,0.036,ppm,33,Azusa,17,100,44201,Ozone,87,31080,"Los Angeles-Long Beach-Anaheim, CA",6,California,37,Los Angeles,34.1365,-117.92391
10/31/2021,AQS,1,0.036,ppm,33,Azusa,17,100,44201,Ozone,87,31080,"Los Angeles-Long Beach-Anaheim, CA",6,California,37,Los Angeles,34.1365,-117.92391
11/01/2021,AQS,1,0.023,ppm,21,Azusa,17,100,44201,Ozone,87,31080,"Los Angeles-Long Beach-Anaheim, CA",6,California,37,Los Angeles,34.1365,-117.92391
11/02/2021,AQS,1,0.024,ppm,22,Azusa,17,100,44201,Ozone,87,31080,"Los Angeles-Long Beach-Anaheim, CA",6,California,37,Los Angeles,34.1365,-117.92391
11/03/2021,AQS,1,0.025,ppm,23,Azusa,17,100,44201,Ozone,87,31080,"Los Angeles-Long Beach-Anaheim, CA",6,California,37,Los Angeles,34.1365,-117.92391
11/04/2021,AQS,1,0.03,ppm,28,Azusa,17,100,44201,Ozone,87,31080,"Los Angeles-Long Beach-Anaheim, CA",6,California,37,Los Angeles,34.1365,-117.92391
11/05/2021,AQS,1,0.026,ppm,24,Azusa,17,100,44201,Ozone,87,31080,"Los Angeles-Long Beach-Anaheim, CA",6,California,37,Los Angeles,34.1365,-117.92391
11/06/2021,AQS,1,0.045,ppm,42,Azusa,17,100,44201,Ozone,87,31080,"Los Angeles-Long Beach-Anaheim, CA",6,California,37,Los Angeles,34.1365,-117.92391
11/07/2021,AQS,1,0.048,ppm,44,Azusa,17,100,44201,Ozone,87,31080,"Los Angeles-Long Beach-Anaheim, CA",6,California,37,Los Angeles,34.1365,-117.92391
11/08/2021,AQS,1,0.037,ppm,34,Azusa,17,100,44201,Ozone,87,31080,"Los Angeles-Long Beach-Anaheim, CA",6,California,37,Los Angeles,34.1365,-117.92391
11/09/2021,AQS,1,0.036,ppm,33,Azusa,17,100,44201,Ozone,87,31080,"Los Angeles-Long Beach-Anaheim, CA",6,California,37,Los Angeles,34.1365,-117.92391
11/10/2021,AQS,1,0.037,ppm,34,Azusa,17,100,44201,Ozone,87,31080,"Los Angeles-Long Beach-Anaheim, CA",6,California,37,Los Angeles,34.1365,-117.92391
11/11/2021,AQS,1,0.033,ppm,31,Azusa,17,100,44201,Ozone,87,31080,"Los Angeles-Long Beach-Anaheim, CA",6,California,37,Los Angeles,34.1365,-117.92391
11/12/2021,AQS,1,0.038,ppm,35,Azusa,17,100,44201,Ozone,87,31080,"Los Angeles-Long Beach-Anaheim, CA",6,California,37,Los Angeles,34.1365,-117.92391
11/13/2021,AQS,1,0.039,ppm,36,Azusa,17,100,44201,Ozone,87,31080,"Los Angeles-Long Beach-Anaheim, CA",6,California,37,Los Angeles,34.1365,-117.92391
11/14/2021,AQS,1,0.045,ppm,42,Azusa,17,100,44201,Ozone,87,31080,"Los Angeles-Long Beach-Anaheim, CA",6,California,37,Los Angeles,34.1365,-117.92391
11/15/2021,AQS,1,0.034,ppm,31,Azusa,17,100,44201,Ozone,87,31080,"Los Angeles-Long Beach-Anaheim, CA",6,California,37,Los Angeles,34.1365,-117.92391
11/16/2021,AQS,1,0.021,ppm,19,Azusa,17,100,44201,Ozone,87,31080,"Los Angeles-Long Beach-Anaheim, CA",6,California,37,Los Angeles,34.1365,-117.92391
11/17/2021,AQS,1,0.023,ppm,21,Azusa,13,76,44201,Ozone,87,31080,"Los Angeles-Long Beach-Anaheim, CA",6,California,37,Los Angeles,34.1365,-117.92391
11/20/2021,AQS,1,0.027,ppm,25,Azusa,17,100,44201,Ozone,87,31080,"Los Angeles-Long Beach-Anaheim, CA",6,California,37,Los Angeles,34.1365,-117.92391
11/21/2021,AQS,1,0.037,ppm,34,Azusa,17,100,44201,Ozone,87,31080,"Los Angeles-Long Beach-Anaheim, CA",6,California,37,Los Angeles,34.1365,-117.92391
11/22/2021,AQS,1,0.036,ppm,33,Azusa,17,100,44201,Ozone,87,31080,"Los Angeles-Long Beach-Anaheim, CA",6,California,37,Los Angeles,34.1365,-117.92391
11/23/2021,AQS,1,0.029,ppm,27,Azusa,17,100,44201,Ozone,87,31080,"Los Angeles-Long Beach-Anaheim, CA",6,California,37,Los Angeles,34.1365,-117.92391
11/24/2021,AQS,1,0.037,ppm,34,Azusa,17,100,44201,Ozone,87,31080,"Los Angeles-Long Beach-Anaheim, CA",6,California,37,Los Angeles,34.1365,-117.92391
11/25/2021,AQS,1,0.04,ppm,37,Azusa,17,100,44201,Ozone,87,31080,"Los Angeles-Long Beach-Anaheim, CA",6,California,37,Los Angeles,34.1365,-117.92391
11/26/2021,AQS,1,0.037,ppm,34,Azusa,17,100,44201,Ozone,87,31080,"Los Angeles-Long Beach-Anaheim, CA",6,California,37,Los Angeles,34.1365,-117.92391
11/27/2021,AQS,1,0.036,ppm,33,Azusa,17,100,44201,Ozone,87,31080,"Los Angeles-Long Beach-Anaheim, CA",6,California,37,Los Angeles,34.1365,-117.92391
11/28/2021,AQS,1,0.04,ppm,37,Azusa,17,100,44201,Ozone,87,31080,"Los Angeles-Long Beach-Anaheim, CA",6,California,37,Los Angeles,34.1365,-117.92391
11/29/2021,AQS,1,0.022,ppm,20,Azusa,17,100,44201,Ozone,87,31080,"Los Angeles-Long Beach-Anaheim, CA",6,California,37,Los Angeles,34.1365,-117.92391
11/30/2021,AQS,1,0.017,ppm,16,Azusa,17,100,44201,Ozone,87,31080,"Los Angeles-Long Beach-Anaheim, CA",6,California,37,Los Angeles,34.1365,-117.92391
12/01/2021,AQS,1,0.012,ppm,11,Azusa,17,100,44201,Ozone,87,31080,"Los Angeles-Long Beach-Anaheim, CA",6,California,37,Los Angeles,34.1365,-117.92391
12/02/2021,AQS,1,0.013,ppm,12,Azusa,17,100,44201,Ozone,87,31080,"Los Angeles-Long Beach-Anaheim, CA",6,California,37,Los Angeles,34.1365,-117.92391
12/03/2021,AQS,1,0.019,ppm,18,Azusa,17,100,44201,Ozone,87,31080,"Los Angeles-Long Beach-Anaheim, CA",6,California,37,Los Angeles,34.1365,-117.92391
12/04/2021,AQS,1,0.026,ppm,24,Azusa,17,100,44201,Ozone,87,31080,"Los Angeles-Long Beach-Anaheim, CA",6,California,37,Los Angeles,34.1365,-117.92391
12/05/2021,AQS,1,0.023,ppm,21,Azusa,17,100,44201,Ozone,87,31080,"Los Angeles-Long Beach-Anaheim, CA",6,California,37,Los Angeles,34.1365,-117.92391
12/06/2021,AQS,1,0.03,ppm,28,Azusa,17,100,44201,Ozone,87,31080,"Los Angeles-Long Beach-Anaheim, CA",6,California,37,Los Angeles,34.1365,-117.92391
12/07/2021,AQS,1,0.026,ppm,24,Azusa,17,100,44201,Ozone,87,31080,"Los Angeles-Long Beach-Anaheim, CA",6,California,37,Los Angeles,34.1365,-117.92391
12/08/2021,AQS,1,0.028,ppm,26,Azusa,17,100,44201,Ozone,87,31080,"Los Angeles-Long Beach-Anaheim, CA",6,California,37,Los Angeles,34.1365,-117.92391
12/09/2021,AQS,1,0.022,ppm,20,Azusa,17,100,44201,Ozone,87,31080,"Los Angeles-Long Beach-Anaheim, CA",6,California,37,Los Angeles,34.1365,-117.92391
12/10/2021,AQS,1,0.023,ppm,21,Azusa,17,100,44201,Ozone,87,31080,"Los Angeles-Long Beach-Anaheim, CA",6,California,37,Los Angeles,34.1365,-117.92391
12/11/2021,AQS,1,0.028,ppm,26,Azusa,17,100,44201,Ozone,87,31080,"Los Angeles-Long Beach-Anaheim, CA",6,California,37,Los Angeles,34.1365,-117.92391
12/12/2021,AQS,1,0.029,ppm,27,Azusa,17,100,44201,Ozone,87,31080,"Los Angeles-Long Beach-Anaheim, CA",6,California,37,Los Angeles,34.1365,-117.92391
12/13/2021,AQS,1,0.027,ppm,25,Azusa,17,100,44201,Ozone,87,31080,"Los Angeles-Long Beach-Anaheim, CA",6,California,37,Los Angeles,34.1365,-117.92391
12/17/2021,AQS,1,0.026,ppm,24,Azusa,17,100,44201,Ozone,87,31080,"Los Angeles-Long Beach-Anaheim, CA",6,California,37,Los Angeles,34.1365,-117.92391
12/18/2021,AQS,1,0.029,ppm,27,Azusa,17,100,44201,Ozone,87,31080,"Los Angeles-Long Beach-Anaheim, CA",6,California,37,Los Angeles,34.1365,-117.92391
12/19/2021,AQS,1,0.027,ppm,25,Azusa,17,100,44201,Ozone,87,31080,"Los Angeles-Long Beach-Anaheim, CA",6,California,37,Los Angeles,34.1365,-117.92391
12/20/2021,AQS,1,0.017,ppm,16,Azusa,17,100,44201,Ozone,87,31080,"Los Angeles-Long Beach-Anaheim, CA",6,California,37,Los Angeles,34.1365,-117.92391
12/21/2021,AQS,1,0.012,ppm,11,Azusa,17,100,44201,Ozone,87,31080,"Los Angeles-Long Beach-Anaheim, CA",6,California,37,Los Angeles,34.1365,-117.92391
12/22/2021,AQS,1,0.025,ppm,23,Azusa,17,100,44201,Ozone,87,31080,"Los Angeles-Long Beach-Anaheim, CA",6,California,37,Los Angeles,34.1365,-117.92391
12/23/2021,AQS,1,0.027,ppm,25,Azusa,17,100,44201,Ozone,87,31080,"Los Angeles-Long Beach-Anaheim, CA",6,California,37,Los Angeles,34.1365,-117.92391
12/24/2021,AQS,1,0.031,ppm,29,Azusa,17,100,44201,Ozone,87,31080,"Los Angeles-Long Beach-Anaheim, CA",6,California,37,Los Angeles,34.1365,-117.92391
12/25/2021,AQS,1,0.03,ppm,28,Azusa,17,100,44201,Ozone,87,31080,"Los Angeles-Long Beach-Anaheim, CA",6,California,37,Los Angeles,34.1365,-117.92391
12/26/2021,AQS,1,0.033,ppm,31,Azusa,17,100,44201,Ozone,87,31080,"Los Angeles-Long Beach-Anaheim, CA",6,California,37,Los Angeles,34.1365,-117.92391
12/27/2021,AQS,1,0.026,ppm,24,Azusa,17,100,44201,Ozone,87,31080,"Los Angeles-Long Beach-Anaheim, CA",6,California,37,Los Angeles,34.1365,-117.92391
12/28/2021,AQS,1,0.03,ppm,28,Azusa,17,100,44201,Ozone,87,31080,"Los Angeles-Long Beach-Anaheim, CA",6,California,37,Los Angeles,34.1365,-117.92391
12/29/2021,AQS,1,0.03,ppm,28,Azusa,17,100,44201,Ozone,87,31080,"Los Angeles-Long Beach-Anaheim, CA",6,California,37,Los Angeles,34.1365,-117.92391
12/30/2021,AQS,1,0.029,ppm,27,Azusa,17,100,44201,Ozone,87,31080,"Los Angeles-Long Beach-Anaheim, CA",6,California,37,Los Angeles,34.1365,-117.92391
01/01/2022,AQS,1,0.032,ppm,30,Azusa,17,100,44201,Ozone,87,31080,"Los Angeles-Long Beach-Anaheim, CA",6,California,37,Los Angeles,34.1365,-117.92391
01/02/2022,AQS,1,0.032,ppm,30,Azusa,17,100,44201,Ozone,87,31080,"Los Angeles-Long Beach-Anaheim, CA",6,California,37,Los Angeles,34.1365,-117.92391
01/03/2022,AQS,1,0.024,ppm,22,Azusa,17,100,44201,Ozone,87,31080,"Los Angeles-Long Beach-Anaheim, CA",6,California,37,Los Angeles,34.1365,-117.92391
01/04/2022,AQS,1,0.019,ppm,18,Azusa,17,100,44201,Ozone,87,31080,"Los Angeles-Long Beach-Anaheim, CA",6,California,37,Los Angeles,34.1365,-117.92391
01/05/2022,AQS,1,0.023,ppm,21,Azusa,17,100,44201,Ozone,87,31080,"Los Angeles-Long Beach-Anaheim, CA",6,California,37,Los Angeles,34.1365,-117.92391
01/06/2022,AQS,1,0.013,ppm,12,Azusa,17,100,44201,Ozone,87,31080,"Los Angeles-Long Beach-Anaheim, CA",6,California,37,Los Angeles,34.1365,-117.92391
01/07/2022,AQS,1,0.031,ppm,29,Azusa,17,100,44201,Ozone,87,31080,"Los Angeles-Long Beach-Anaheim, CA",6,California,37,Los Angeles,34.1365,-117.92391
01/08/2022,AQS,1,0.039,ppm,36,Azusa,17,100,44201,Ozone,87,31080,"Los Angeles-Long Beach-Anaheim, CA",6,California,37,Los Angeles,34.1365,-117.92391
01/09/2022,AQS,1,0.036,ppm,33,Azusa,17,100,44201,Ozone,87,31080,"Los Angeles-Long Beach-Anaheim, CA",6,California,37,Los Angeles,34.1365,-117.92391
01/10/2022,AQS,1,0.027,ppm,25,Azusa,17,100,44201,Ozone,87,31080,"Los Angeles-Long Beach-Anaheim, CA",6,California,37,Los Angeles,34.1365,-117.92391
01/11/2022,AQS,1,0.028,ppm,26,Azusa,17,100,44201,Ozone,87,31080,"Los Angeles-Long Beach-Anaheim, CA",6,California,37,Los Angeles,34.1365,-117.92391
01/12/2022,AQS,1,0.028,ppm,26,Azusa,17,100,44201,Ozone,87,31080,"Los Angeles-Long Beach-Anaheim, CA",6,California,37,Los Angeles,34.1365,-117.92391
01/13/2022,AQS,1,0.006,ppm,6,Azusa,17,100,44201,Ozone,87,31080,"Los Angeles-Long Beach-Anaheim, CA",6,California,37,Los Angeles,34.1365,-117.92391
01/14/2022,AQS,1,0.021,ppm,19,Azusa,17,100,44201,Ozone,87,31080,"Los Angeles-Long Beach-Anaheim, CA",6,California,37,Los Angeles,34.1365,-117.92391
01/15/2022,AQS,1,0.015,ppm,14,Azusa,17,100,44201,Ozone,87,31080,"Los Angeles-Long Beach-Anaheim, CA",6,California,37,Los Angeles,34.1365,-117.92391
01/16/2022,AQS,1,0.033,ppm,31,Azusa,17,100,44201,Ozone,87,31080,"Los Angeles-Long Beach-Anaheim, CA",6,California,37,Los Angeles,34.1365,-117.92391
01/17/2022,AQS,1,0.018,ppm,17,Azusa,17,100,44201,Ozone,87,31080,"Los Angeles-Long Beach-Anaheim, CA",6,California,37,Los Angeles,34.1365,-117.92391
01/18/2022,AQS,1,0.024,ppm,22,Azusa,17,100,44201,Ozone,87,31080,"Los Angeles-Long Beach-Anaheim, CA",6,California,37,Los Angeles,34.1365,-117.92391
01/19/2022,AQS,1,0.023,ppm,21,Azusa,17,100,44201,Ozone,87,31080,"Los Angeles-Long Beach-Anaheim, CA",6,California,37,Los Angeles,34.1365,-117.92391
01/20/2022,AQS,1,0.032,ppm,30,Azusa,17,100,44201,Ozone,87,31080,"Los Angeles-Long Beach-Anaheim, CA",6,California,37,Los Angeles,34.1365,-117.92391
01/21/2022,AQS,1,0.038,ppm,35,Azusa,17,100,44201,Ozone,87,31080,"Los Angeles-Long Beach-Anaheim, CA",6,California,37,Los Angeles,34.1365,-117.92391
01/22/2022,AQS,1,0.037,ppm,34,Azusa,17,100,44201,Ozone,87,31080,"Los Angeles-Long Beach-Anaheim, CA",6,California,37,Los Angeles,34.1365,-117.92391
01/23/2022,AQS,1,0.035,ppm,32,Azusa,17,100,44201,Ozone,87,31080,"Los Angeles-Long Beach-Anaheim, CA",6,California,37,Los Angeles,34.1365,-117.92391
01/24/2022,AQS,1,0.028,ppm,26,Azusa,17,100,44201,Ozone,87,31080,"Los Angeles-Long Beach-Anaheim, CA",6,California,37,Los Angeles,34.1365,-117.92391
01/25/2022,AQS,1,0.026,ppm,24,Azusa,17,100,44201,Ozone,87,31080,"Los Angeles-Long Beach-Anaheim, CA",6,California,37,Los Angeles,34.1365,-117.92391
01/26/2022,AQS,1,0.035,ppm,32,Azusa,17,100,44201,Ozone,87,31080,"Los Angeles-Long Beach-Anaheim, CA",6,California,37,Los Angeles,34.1365,-117.92391
01/27/2022,AQS,1,0.032,ppm,30,Azusa,17,100,44201,Ozone,87,31080,"Los Angeles-Long Beach-Anaheim, CA",6,California,37,Los Angeles,34.1365,-117.92391
01/28/2022,AQS,1,0.035,ppm,32,Azusa,17,100,44201,Ozone,87,31080,"Los Angeles-Long Beach-Anaheim, CA",6,California,37,Los Angeles,34.1365,-117.92391
01/29/2022,AQS,1,0.028,ppm,26,Azusa,17,100,44201,Ozone,87,31080,"Los Angeles-Long Beach-Anaheim, CA",6,California,37,Los Angeles,34.1365,-117.92391
01/30/2022,AQS,1,0.031,ppm,29,Azusa,17,100,44201,Ozone,87,31080,"Los Angeles-Long Beach-Anaheim, CA",6,California,37,Los Angeles,34.1365,-117.92391
01/31/2022,AQS,1,0.02,ppm,19,Azusa,17,100,44201,Ozone,87,31080,"Los Angeles-Long Beach-Anaheim, CA",6,California,37,Los Angeles,34.1365,-117.92391
02/01/2022,AQS,1,0.033,ppm,31,Azusa,17,100,44201,Ozone,87,31080,"Los Angeles-Long Beach-Anaheim, CA",6,California,37,Los Angeles,34.1365,-117.92391
02/02/2022,AQS,1,0.033,ppm,31,Azusa,17,100,44201,Ozone,87,31080,"Los Angeles-Long Beach-Anaheim, CA",6,California,37,Los Angeles,34.1365,-117.92391
02/03/2022,AQS,1,0.031,ppm,29,Azusa,17,100,44201,Ozone,87,31080,"Los Angeles-Long Beach-Anaheim, CA",6,California,37,Los Angeles,34.1365,-117.92391
02/04/2022,AQS,1,0.032,ppm,30,Azusa,17,100,44201,Ozone,87,31080,"Los Angeles-Long Beach-Anaheim, CA",6,California,37,Los Angeles,34.1365,-117.92391
02/05/2022,AQS,1,0.034,ppm,31,Azusa,17,100,44201,Ozone,87,31080,"Los Angeles-Long Beach-Anaheim, CA",6,California,37,Los Angeles,34.1365,-117.92391
02/06/2022,AQS,1,0.039,ppm,36,Azusa,17,100,44201,Ozone,87,31080,"Los Angeles-Long Beach-Anaheim, CA",6,California,37,Los Angeles,34.1365,-117.92391
02/07/2022,AQS,1,0.034,ppm,31,Azusa,17,100,44201,Ozone,87,31080,"Los Angeles-Long Beach-Anaheim, CA",6,California,37,Los Angeles,34.1365,-117.92391
02/08/2022,AQS,1,0.035,ppm,32,Azusa,17,100,44201,Ozone,87,31080,"Los Angeles-Long Beach-Anaheim, CA",6,California,37,Los Angeles,34.1365,-117.92391
02/09/2022,AQS,1,0.035,ppm,32,Azusa,17,100,44201,Ozone,87,31080,"Los Angeles-Long Beach-Anaheim, CA",6,California,37,Los Angeles,34.1365,-117.92391
02/10/2022,AQS,1,0.034,ppm,31,Azusa,17,100,44201,Ozone,87,31080,"Los Angeles-Long Beach-Anaheim, CA",6,California,37,Los Angeles,34.1365,-117.92391
02/11/2022,AQS,1,0.036,ppm,33,Azusa,17,100,44201,Ozone,87,31080,"Los Angeles-Long Beach-Anaheim, CA",6,California,37,Los Angeles,34.1365,-117.92391
02/12/2022,AQS,1,0.039,ppm,36,Azusa,17,100,44201,Ozone,87,31080,"Los Angeles-Long Beach-Anaheim, CA",6,California,37,Los Angeles,34.1365,-117.92391
02/13/2022,AQS,1,0.042,ppm,39,Azusa,17,100,44201,Ozone,87,31080,"Los Angeles-Long Beach-Anaheim, CA",6,California,37,Los Angeles,34.1365,-117.92391
02/14/2022,AQS,1,0.034,ppm,31,Azusa,17,100,44201,Ozone,87,31080,"Los Angeles-Long Beach-Anaheim, CA",6,California,37,Los Angeles,34.1365,-117.92391
02/15/2022,AQS,1,0.032,ppm,30,Azusa,17,100,44201,Ozone,87,31080,"Los Angeles-Long Beach-Anaheim, CA",6,California,37,Los Angeles,34.1365,-117.92391
02/16/2022,AQS,1,0.03,ppm,28,Azusa,17,100,44201,Ozone,87,31080,"Los Angeles-Long Beach-Anaheim, CA",6,California,37,Los Angeles,34.1365,-117.92391
02/17/2022,AQS,1,0.034,ppm,31,Azusa,17,100,44201,Ozone,87,31080,"Los Angeles-Long Beach-Anaheim, CA",6,California,37,Los Angeles,34.1365,-117.92391
02/18/2022,AQS,1,0.038,ppm,35,Azusa,17,100,44201,Ozone,87,31080,"Los Angeles-Long Beach-Anaheim, CA",6,California,37,Los Angeles,34.1365,-117.92391
02/19/2022,AQS,1,0.038,ppm,35,Azusa,17,100,44201,Ozone,87,31080,"Los Angeles-Long Beach-Anaheim, CA",6,California,37,Los Angeles,34.1365,-117.92391
02/20/2022,AQS,1,0.037,ppm,34,Azusa,17,100,44201,Ozone,87,31080,"Los Angeles-Long Beach-Anaheim, CA",6,California,37,Los Angeles,34.1365,-117.92391
02/21/2022,AQS,1,0.034,ppm,31,Azusa,17,100,44201,Ozone,87,31080,"Los Angeles-Long Beach-Anaheim, CA",6,California,37,Los Angeles,34.1365,-117.92391
02/22/2022,AQS,1,0.032,ppm,30,Azusa,17,100,44201,Ozone,87,31080,"Los Angeles-Long Beach-Anaheim, CA",6,California,37,Los Angeles,34.1365,-117.92391
02/23/2022,AQS,1,0.035,ppm,32,Azusa,17,100,44201,Ozone,87,31080,"Los Angeles-Long Beach-Anaheim, CA",6,California,37,Los Angeles,34.1365,-117.92391
02/24/2022,AQS,1,0.032,ppm,30,Azusa,17,100,44201,Ozone,87,31080,"Los Angeles-Long Beach-Anaheim, CA",6,California,37,Los Angeles,34.1365,-117.92391
02/25/2022,AQS,1,0.033,ppm,31,Azusa,17,100,44201,Ozone,87,31080,"Los Angeles-Long Beach-Anaheim, CA",6,California,37,Los Angeles,34.1365,-117.92391
02/26/2022,AQS,1,0.038,ppm,35,Azusa,17,100,44201,Ozone,87,31080,"Los Angeles-Long Beach-Anaheim, CA",6,California,37,Los Angeles,34.1365,-117.92391
02/27/2022,AQS,1,0.04,ppm,37,Azusa,17,100,44201,Ozone,87,31080,"Los Angeles-Long Beach-Anaheim, CA",6,California,37,Los Angeles,34.1365,-117.92391
02/28/2022,AQS,1,0.036,ppm,33,Azusa,17,100,44201,Ozone,87,31080,"Los Angeles-Long Beach-Anaheim, CA",6,California,37,Los Angeles,34.1365,-117.92391
03/01/2022,AQS,1,0.037,ppm,34,Azusa,17,100,44201,Ozone,87,31080,"Los Angeles-Long Beach-Anaheim, CA",6,California,37,Los Angeles,34.1365,-117.92391
03/02/2022,AQS,1,0.039,ppm,36,Azusa,13,76,44201,Ozone,87,31080,"Los Angeles-Long Beach-Anaheim, CA",6,California,37,Los Angeles,34.1365,-117.92391
03/04/2022,AQS,1,0.031,ppm,29,Azusa,17,100,44201,Ozone,87,31080,"Los Angeles-Long Beach-Anaheim, CA",6,California,37,Los Angeles,34.1365,-117.92391
03/05/2022,AQS,1,0.036,ppm,33,Azusa,17,100,44201,Ozone,87,31080,"Los Angeles-Long Beach-Anaheim, CA",6,California,37,Los Angeles,34.1365,-117.92391
03/06/2022,AQS,1,0.035,ppm,32,Azusa,17,100,44201,Ozone,87,31080,"Los Angeles-Long Beach-Anaheim, CA",6,California,37,Los Angeles,34.1365,-117.92391
03/07/2022,AQS,1,0.033,ppm,31,Azusa,17,100,44201,Ozone,87,31080,"Los Angeles-Long Beach-Anaheim, CA",6,California,37,Los Angeles,34.1365,-117.92391
03/08/2022,AQS,1,0.036,ppm,33,Azusa,17,100,44201,Ozone,87,31080,"Los Angeles-Long Beach-Anaheim, CA",6,California,37,Los Angeles,34.1365,-117.92391
03/09/2022,AQS,1,0.036,ppm,33,Azusa,17,100,44201,Ozone,87,31080,"Los Angeles-Long Beach-Anaheim, CA",6,California,37,Los Angeles,34.1365,-117.92391
03/10/2022,AQS,1,0.037,ppm,34,Azusa,17,100,44201,Ozone,87,31080,"Los Angeles-Long Beach-Anaheim, CA",6,California,37,Los Angeles,34.1365,-117.92391
03/11/2022,AQS,1,0.041,ppm,38,Azusa,17,100,44201,Ozone,87,31080,"Los Angeles-Long Beach-Anaheim, CA",6,California,37,Los Angeles,34.1365,-117.92391
03/12/2022,AQS,1,0.045,ppm,42,Azusa,17,100,44201,Ozone,87,31080,"Los Angeles-Long Beach-Anaheim, CA",6,California,37,Los Angeles,34.1365,-117.92391
03/13/2022,AQS,1,0.045,ppm,42,Azusa,17,100,44201,Ozone,87,31080,"Los Angeles-Long Beach-Anaheim, CA",6,California,37,Los Angeles,34.1365,-117.92391
03/14/2022,AQS,1,0.04,ppm,37,Azusa,17,100,44201,Ozone,87,31080,"Los Angeles-Long Beach-Anaheim, CA",6,California,37,Los Angeles,34.1365,-117.92391
03/25/2022,AQS,1,0.045,ppm,42,Azusa,17,100,44201,Ozone,87,31080,"Los Angeles-Long Beach-Anaheim, CA",6,California,37,Los Angeles,34.1365,-117.92391
03/26/2022,AQS,1,0.043,ppm,40,Azusa,17,100,44201,Ozone,87,31080,"Los Angeles-Long Beach-Anaheim, CA",6,California,37,Los Angeles,34.1365,-117.92391
03/27/2022,AQS,1,0.042,ppm,39,Azusa,17,100,44201,Ozone,87,31080,"Los Angeles-Long Beach-Anaheim, CA",6,California,37,Los Angeles,34.1365,-117.92391
03/28/2022,AQS,1,0.033,ppm,31,Azusa,17,100,44201,Ozone,87,31080,"Los Angeles-Long Beach-Anaheim, CA",6,California,37,Los Angeles,34.1365,-117.92391
03/29/2022,AQS,1,0.031,ppm,29,Azusa,17,100,44201,Ozone,87,31080,"Los Angeles-Long Beach-Anaheim, CA",6,California,37,Los Angeles,34.1365,-117.92391
03/30/2022,AQS,1,0.036,ppm,33,Azusa,17,100,44201,Ozone,87,31080,"Los Angeles-Long Beach-Anaheim, CA",6,California,37,Los Angeles,34.1365,-117.92391
03/31/2022,AQS,1,0.028,ppm,26,Azusa,17,100,44201,Ozone,87,31080,"Los Angeles-Long Beach-Anaheim, CA",6,California,37,Los Angeles,34.1365,-117.92391
04/01/2022,AQS,1,0.044,ppm,41,Azusa,17,100,44201,Ozone,87,31080,"Los Angeles-Long Beach-Anaheim, CA",6,California,37,Los Angeles,34.1365,-117.92391
04/02/2022,AQS,1,0.041,ppm,38,Azusa,17,100,44201,Ozone,87,31080,"Los Angeles-Long Beach-Anaheim, CA",6,California,37,Los Angeles,34.1365,-117.92391
04/03/2022,AQS,1,0.039,ppm,36,Azusa,17,100,44201,Ozone,87,31080,"Los Angeles-Long Beach-Anaheim, CA",6,California,37,Los Angeles,34.1365,-117.92391
04/04/2022,AQS,1,0.038,ppm,35,Azusa,17,100,44201,Ozone,87,31080,"Los Angeles-Long Beach-Anaheim, CA",6,California,37,Los Angeles,34.1365,-117.92391
04/06/2022,AQS,1,0.058,ppm,61,Azusa,17,100,44201,Ozone,87,31080,"Los Angeles-Long Beach-Anaheim, CA",6,California,37,Los Angeles,34.1365,-117.92391
04/07/2022,AQS,1,0.068,ppm,93,Azusa,17,100,44201,Ozone,87,31080,"Los Angeles-Long Beach-Anaheim, CA",6,California,37,Los Angeles,34.1365,-117.92391
04/08/2022,AQS,1,0.051,ppm,47,Azusa,17,100,44201,Ozone,87,31080,"Los Angeles-Long Beach-Anaheim, CA",6,California,37,Los Angeles,34.1365,-117.92391
04/09/2022,AQS,1,0.054,ppm,50,Azusa,17,100,44201,Ozone,87,31080,"Los Angeles-Long Beach-Anaheim, CA",6,California,37,Los Angeles,34.1365,-117.92391
04/10/2022,AQS,1,0.046,ppm,43,Azusa,17,100,44201,Ozone,87,31080,"Los Angeles-Long Beach-Anaheim, CA",6,California,37,Los Angeles,34.1365,-117.92391
04/11/2022,AQS,1,0.035,ppm,32,Azusa,17,100,44201,Ozone,87,31080,"Los Angeles-Long Beach-Anaheim, CA",6,California,37,Los Angeles,34.1365,-117.92391
04/12/2022,AQS,1,0.046,ppm,43,Azusa,17,100,44201,Ozone,87,31080,"Los Angeles-Long Beach-Anaheim, CA",6,California,37,Los Angeles,34.1365,-117.92391
04/13/2022,AQS,1,0.042,ppm,39,Azusa,17,100,44201,Ozone,87,31080,"Los Angeles-Long Beach-Anaheim, CA",6,California,37,Los Angeles,34.1365,-117.92391
04/14/2022,AQS,1,0.044,ppm,41,Azusa,17,100,44201,Ozone,87,31080,"Los Angeles-Long Beach-Anaheim, CA",6,California,37,Los Angeles,34.1365,-117.92391
04/15/2022,AQS,1,0.042,ppm,39,Azusa,17,100,44201,Ozone,87,31080,"Los Angeles-Long Beach-Anaheim, CA",6,California,37,Los Angeles,34.1365,-117.92391
04/16/2022,AQS,1,0.03,ppm,28,Azusa,17,100,44201,Ozone,87,31080,"Los Angeles-Long Beach-Anaheim, CA",6,California,37,Los Angeles,34.1365,-117.92391
04/17/2022,AQS,1,0.042,ppm,39,Azusa,17,100,44201,Ozone,87,31080,"Los Angeles-Long Beach-Anaheim, CA",6,California,37,Los Angeles,34.1365,-117.92391
04/18/2022,AQS,1,0.049,ppm,45,Azusa,17,100,44201,Ozone,87,31080,"Los Angeles-Long Beach-Anaheim, CA",6,California,37,Los Angeles,34.1365,-117.92391
04/19/2022,AQS,1,0.034,ppm,31,Azusa,17,100,44201,Ozone,87,31080,"Los Angeles-Long Beach-Anaheim, CA",6,California,37,Los Angeles,34.1365,-117.92391
04/20/2022,AQS,1,0.038,ppm,35,Azusa,17,100,44201,Ozone,87,31080,"Los Angeles-Long Beach-Anaheim, CA",6,California,37,Los Angeles,34.1365,-117.92391
04/22/2022,AQS,1,0.036,ppm,33,Azusa,17,100,44201,Ozone,87,31080,"Los Angeles-Long Beach-Anaheim, CA",6,California,37,Los Angeles,34.1365,-117.92391
04/23/2022,AQS,1,0.044,ppm,41,Azusa,17,100,44201,Ozone,87,31080,"Los Angeles-Long Beach-Anaheim, CA",6,California,37,Los Angeles,34.1365,-117.92391
04/24/2022,AQS,1,0.048,ppm,44,Azusa,17,100,44201,Ozone,87,31080,"Los Angeles-Long Beach-Anaheim, CA",6,California,37,Los Angeles,34.1365,-117.92391
04/25/2022,AQS,1,0.054,ppm,50,Azusa,17,100,44201,Ozone,87,31080,"Los Angeles-Long Beach-Anaheim, CA",6,California,37,Los Angeles,34.1365,-117.92391
04/26/2022,AQS,1,0.047,ppm,44,Azusa,17,100,44201,Ozone,87,31080,"Los Angeles-Long Beach-Anaheim, CA",6,California,37,Los Angeles,34.1365,-117.92391
04/27/2022,AQS,1,0.047,ppm,44,Azusa,17,100,44201,Ozone,87,31080,"Los Angeles-Long Beach-Anaheim, CA",6,California,37,Los Angeles,34.1365,-117.92391
04/28/2022,AQS,1,0.042,ppm,39,Azusa,17,100,44201,Ozone,87,31080,"Los Angeles-Long Beach-Anaheim, CA",6,California,37,Los Angeles,34.1365,-117.92391
04/29/2022,AQS,1,0.05,ppm,46,Azusa,17,100,44201,Ozone,87,31080,"Los Angeles-Long Beach-Anaheim, CA",6,California,37,Los Angeles,34.1365,-117.92391
04/30/2022,AQS,1,0.059,ppm,64,Azusa,17,100,44201,Ozone,87,31080,"Los Angeles-Long Beach-Anaheim, CA",6,California,37,Los Angeles,34.1365,-117.92391
05/01/2022,AQS,1,0.053,ppm,49,Azusa,17,100,44201,Ozone,87,31080,"Los Angeles-Long Beach-Anaheim, CA",6,California,37,Los Angeles,34.1365,-117.92391
05/02/2022,AQS,1,0.04,ppm,37,Azusa,17,100,44201,Ozone,87,31080,"Los Angeles-Long Beach-Anaheim, CA",6,California,37,Los Angeles,34.1365,-117.92391
05/03/2022,AQS,1,0.043,ppm,40,Azusa,17,100,44201,Ozone,87,31080,"Los Angeles-Long Beach-Anaheim, CA",6,California,37,Los Angeles,34.1365,-117.92391
05/04/2022,AQS,1,0.055,ppm,51,Azusa,17,100,44201,Ozone,87,31080,"Los Angeles-Long Beach-Anaheim, CA",6,California,37,Los Angeles,34.1365,-117.92391
05/05/2022,AQS,1,0.054,ppm,50,Azusa,17,100,44201,Ozone,87,31080,"Los Angeles-Long Beach-Anaheim, CA",6,California,37,Los Angeles,34.1365,-117.92391
05/06/2022,AQS,1,0.058,ppm,61,Azusa,17,100,44201,Ozone,87,31080,"Los Angeles-Long Beach-Anaheim, CA",6,California,37,Los Angeles,34.1365,-117.92391
05/07/2022,AQS,1,0.045,ppm,42,Azusa,17,100,44201,Ozone,87,31080,"Los Angeles-Long Beach-Anaheim, CA",6,California,37,Los Angeles,34.1365,-117.92391
05/08/2022,AQS,1,0.037,ppm,34,Azusa,17,100,44201,Ozone,87,31080,"Los Angeles-Long Beach-Anaheim, CA",6,California,37,Los Angeles,34.1365,-117.92391
05/09/2022,AQS,1,0.042,ppm,39,Azusa,17,100,44201,Ozone,87,31080,"Los Angeles-Long Beach-Anaheim, CA",6,California,37,Los Angeles,34.1365,-117.92391
05/10/2022,AQS,1,0.039,ppm,36,Azusa,17,100,44201,Ozone,87,31080,"Los Angeles-Long Beach-Anaheim, CA",6,California,37,Los Angeles,34.1365,-117.92391
05/11/2022,AQS,1,0.04,ppm,37,Azusa,14,82,44201,Ozone,87,31080,"Los Angeles-Long Beach-Anaheim, CA",6,California,37,Los Angeles,34.1365,-117.92391
05/12/2022,AQS,1,0.05,ppm,46,Azusa,17,100,44201,Ozone,87,31080,"Los Angeles-Long Beach-Anaheim, CA",6,California,37,Los Angeles,34.1365,-117.92391
05/13/2022,AQS,1,0.052,ppm,48,Azusa,17,100,44201,Ozone,87,31080,"Los Angeles-Long Beach-Anaheim, CA",6,California,37,Los Angeles,34.1365,-117.92391
05/14/2022,AQS,1,0.079,ppm,129,Azusa,17,100,44201,Ozone,87,31080,"Los Angeles-Long Beach-Anaheim, CA",6,California,37,Los Angeles,34.1365,-117.92391
05/15/2022,AQS,1,0.057,ppm,58,Azusa,17,100,44201,Ozone,87,31080,"Los Angeles-Long Beach-Anaheim, CA",6,California,37,Los Angeles,34.1365,-117.92391
05/16/2022,AQS,1,0.049,ppm,45,Azusa,17,100,44201,Ozone,87,31080,"Los Angeles-Long Beach-Anaheim, CA",6,California,37,Los Angeles,34.1365,-117.92391
05/17/2022,AQS,1,0.042,ppm,39,Azusa,17,100,44201,Ozone,87,31080,"Los Angeles-Long Beach-Anaheim, CA",6,California,37,Los Angeles,34.1365,-117.92391
05/18/2022,AQS,1,0.048,ppm,44,Azusa,17,100,44201,Ozone,87,31080,"Los Angeles-Long Beach-Anaheim, CA",6,California,37,Los Angeles,34.1365,-117.92391
05/19/2022,AQS,1,0.043,ppm,40,Azusa,17,100,44201,Ozone,87,31080,"Los Angeles-Long Beach-Anaheim, CA",6,California,37,Los Angeles,34.1365,-117.92391
05/20/2022,AQS,1,0.033,ppm,31,Azusa,17,100,44201,Ozone,87,31080,"Los Angeles-Long Beach-Anaheim, CA",6,California,37,Los Angeles,34.1365,-117.92391
05/21/2022,AQS,1,0.036,ppm,33,Azusa,17,100,44201,Ozone,87,31080,"Los Angeles-Long Beach-Anaheim, CA",6,California,37,Los Angeles,34.1365,-117.92391
05/22/2022,AQS,1,0.045,ppm,42,Azusa,17,100,44201,Ozone,87,31080,"Los Angeles-Long Beach-Anaheim, CA",6,California,37,Los Angeles,34.1365,-117.92391
05/23/2022,AQS,1,0.042,ppm,39,Azusa,17,100,44201,Ozone,87,31080,"Los Angeles-Long Beach-Anaheim, CA",6,California,37,Los Angeles,34.1365,-117.92391
05/24/2022,AQS,1,0.059,ppm,64,Azusa,17,100,44201,Ozone,87,31080,"Los Angeles-Long Beach-Anaheim, CA",6,California,37,Los Angeles,34.1365,-117.92391
05/25/2022,AQS,1,0.053,ppm,49,Azusa,17,100,44201,Ozone,87,31080,"Los Angeles-Long Beach-Anaheim, CA",6,California,37,Los Angeles,34.1365,-117.92391
05/26/2022,AQS,1,0.05,ppm,46,Azusa,17,100,44201,Ozone,87,31080,"Los Angeles-Long Beach-Anaheim, CA",6,California,37,Los Angeles,34.1365,-117.92391
05/27/2022,AQS,1,0.042,ppm,39,Azusa,17,100,44201,Ozone,87,31080,"Los Angeles-Long Beach-Anaheim, CA",6,California,37,Los Angeles,34.1365,-117.92391
05/28/2022,AQS,1,0.032,ppm,30,Azusa,17,100,44201,Ozone,87,31080,"Los Angeles-Long Beach-Anaheim, CA",6,California,37,Los Angeles,34.1365,-117.92391
05/29/2022,AQS,1,0.039,ppm,36,Azusa,17,100,44201,Ozone,87,31080,"Los Angeles-Long Beach-Anaheim, CA",6,California,37,Los Angeles,34.1365,-117.92391
05/30/2022,AQS,1,0.043,ppm,40,Azusa,17,100,44201,Ozone,87,31080,"Los Angeles-Long Beach-Anaheim, CA",6,California,37,Los Angeles,34.1365,-117.92391
05/31/2022,AQS,1,0.049,ppm,45,Azusa,17,100,44201,Ozone,87,31080,"Los Angeles-Long Beach-Anaheim, CA",6,California,37,Los Angeles,34.1365,-117.92391
06/01/2022,AQS,1,0.055,ppm,51,Azusa,17,100,44201,Ozone,87,31080,"Los Angeles-Long Beach-Anaheim, CA",6,California,37,Los Angeles,34.1365,-117.92391
06/02/2022,AQS,1,0.052,ppm,48,Azusa,17,100,44201,Ozone,87,31080,"Los Angeles-Long Beach-Anaheim, CA",6,California,37,Los Angeles,34.1365,-117.92391
06/03/2022,AQS,1,0.051,ppm,47,Azusa,17,100,44201,Ozone,87,31080,"Los Angeles-Long Beach-Anaheim, CA",6,California,37,Los Angeles,34.1365,-117.92391
06/04/2022,AQS,1,0.042,ppm,39,Azusa,17,100,44201,Ozone,87,31080,"Los Angeles-Long Beach-Anaheim, CA",6,California,37,Los Angeles,34.1365,-117.92391
06/05/2022,AQS,1,0.046,ppm,43,Azusa,17,100,44201,Ozone,87,31080,"Los Angeles-Long Beach-Anaheim, CA",6,California,37,Los Angeles,34.1365,-117.92391
06/06/2022,AQS,1,0.05,ppm,46,Azusa,17,100,44201,Ozone,87,31080,"Los Angeles-Long Beach-Anaheim, CA",6,California,37,Los Angeles,34.1365,-117.92391
06/07/2022,AQS,1,0.053,ppm,49,Azusa,17,100,44201,Ozone,87,31080,"Los Angeles-Long Beach-Anaheim, CA",6,California,37,Los Angeles,34.1365,-117.92391
06/08/2022,AQS,1,0.062,ppm,74,Azusa,17,100,44201,Ozone,87,31080,"Los Angeles-Long Beach-Anaheim, CA",6,California,37,Los Angeles,34.1365,-117.92391
06/09/2022,AQS,1,0.073,ppm,108,Azusa,17,100,44201,Ozone,87,31080,"Los Angeles-Long Beach-Anaheim, CA",6,California,37,Los Angeles,34.1365,-117.92391
06/10/2022,AQS,1,0.072,ppm,105,Azusa,17,100,44201,Ozone,87,31080,"Los Angeles-Long Beach-Anaheim, CA",6,California,37,Los Angeles,34.1365,-117.92391
06/11/2022,AQS,1,0.069,ppm,97,Azusa,17,100,44201,Ozone,87,31080,"Los Angeles-Long Beach-Anaheim, CA",6,California,37,Los Angeles,34.1365,-117.92391
06/12/2022,AQS,1,0.057,ppm,58,Azusa,17,100,44201,Ozone,87,31080,"Los Angeles-Long Beach-Anaheim, CA",6,California,37,Los Angeles,34.1365,-117.92391
06/13/2022,AQS,1,0.037,ppm,34,Azusa,17,100,44201,Ozone,87,31080,"Los Angeles-Long Beach-Anaheim, CA",6,California,37,Los Angeles,34.1365,-117.92391
06/14/2022,AQS,1,0.053,ppm,49,Azusa,17,100,44201,Ozone,87,31080,"Los Angeles-Long Beach-Anaheim, CA",6,California,37,Los Angeles,34.1365,-117.92391
06/15/2022,AQS,1,0.065,ppm,84,Azusa,17,100,44201,Ozone,87,31080,"Los Angeles-Long Beach-Anaheim, CA",6,California,37,Los Angeles,34.1365,-117.92391
06/16/2022,AQS,1,0.065,ppm,84,Azusa,17,100,44201,Ozone,87,31080,"Los Angeles-Long Beach-Anaheim, CA",6,California,37,Los Angeles,34.1365,-117.92391
06/17/2022,AQS,1,0.056,ppm,54,Azusa,15,88,44201,Ozone,87,31080,"Los Angeles-Long Beach-Anaheim, CA",6,California,37,Los Angeles,34.1365,-117.92391
06/18/2022,AQS,1,0.049,ppm,45,Azusa,17,100,44201,Ozone,87,31080,"Los Angeles-Long Beach-Anaheim, CA",6,California,37,Los Angeles,34.1365,-117.92391
06/19/2022,AQS,1,0.048,ppm,44,Azusa,17,100,44201,Ozone,87,31080,"Los Angeles-Long Beach-Anaheim, CA",6,California,37,Los Angeles,34.1365,-117.92391
06/20/2022,AQS,1,0.063,ppm,77,Azusa,17,100,44201,Ozone,87,31080,"Los Angeles-Long Beach-Anaheim, CA",6,California,37,Los Angeles,34.1365,-117.92391
06/21/2022,AQS,1,0.059,ppm,64,Azusa,17,100,44201,Ozone,87,31080,"Los Angeles-Long Beach-Anaheim, CA",6,California,37,Los Angeles,34.1365,-117.92391
06/22/2022,AQS,1,0.044,ppm,41,Azusa,17,100,44201,Ozone,87,31080,"Los Angeles-Long Beach-Anaheim, CA",6,California,37,Los Angeles,34.1365,-117.92391
06/23/2022,AQS,1,0.054,ppm,50,Azusa,17,100,44201,Ozone,87,31080,"Los Angeles-Long Beach-Anaheim, CA",6,California,37,Los Angeles,34.1365,-117.92391
06/24/2022,AQS,1,0.063,ppm,77,Azusa,17,100,44201,Ozone,87,31080,"Los Angeles-Long Beach-Anaheim, CA",6,California,37,Los Angeles,34.1365,-117.92391
06/25/2022,AQS,1,0.061,ppm,71,Azusa,17,100,44201,Ozone,87,31080,"Los Angeles-Long Beach-Anaheim, CA",6,California,37,Los Angeles,34.1365,-117.92391
06/26/2022,AQS,1,0.074,ppm,112,Azusa,17,100,44201,Ozone,87,31080,"Los Angeles-Long Beach-Anaheim, CA",6,California,37,Los Angeles,34.1365,-117.92391
06/27/2022,AQS,1,0.068,ppm,93,Azusa,17,100,44201,Ozone,87,31080,"Los Angeles-Long Beach-Anaheim, CA",6,California,37,Los Angeles,34.1365,-117.92391
06/28/2022,AQS,1,0.068,ppm,93,Azusa,17,100,44201,Ozone,87,31080,"Los Angeles-Long Beach-Anaheim, CA",6,California,37,Los Angeles,34.1365,-117.92391
06/29/2022,AQS,1,0.062,ppm,74,Azusa,17,100,44201,Ozone,87,31080,"Los Angeles-Long Beach-Anaheim, CA",6,California,37,Los Angeles,34.1365,-117.92391
06/30/2022,AQS,1,0.06,ppm,67,Azusa,17,100,44201,Ozone,87,31080,"Los Angeles-Long Beach-Anaheim, CA",6,California,37,Los Angeles,34.1365,-117.92391
07/01/2022,AQS,1,0.057,ppm,58,Azusa,17,100,44201,Ozone,87,31080,"Los Angeles-Long Beach-Anaheim, CA",6,California,37,Los Angeles,34.1365,-117.92391
07/02/2022,AQS,1,0.051,ppm,47,Azusa,17,100,44201,Ozone,87,31080,"Los Angeles-Long Beach-Anaheim, CA",6,California,37,Los Angeles,34.1365,-117.92391
07/03/2022,AQS,1,0.045,ppm,42,Azusa,17,100,44201,Ozone,87,31080,"Los Angeles-Long Beach-Anaheim, CA",6,California,37,Los Angeles,34.1365,-117.92391
07/04/2022,AQS,1,0.048,ppm,44,Azusa,17,100,44201,Ozone,87,31080,"Los Angeles-Long Beach-Anaheim, CA",6,California,37,Los Angeles,34.1365,-117.92391
07/05/2022,AQS,1,0.046,ppm,43,Azusa,17,100,44201,Ozone,87,31080,"Los Angeles-Long Beach-Anaheim, CA",6,California,37,Los Angeles,34.1365,-117.92391
07/06/2022,AQS,1,0.031,ppm,29,Azusa,17,100,44201,Ozone,87,31080,"Los Angeles-Long Beach-Anaheim, CA",6,California,37,Los Angeles,34.1365,-117.92391
07/07/2022,AQS,1,0.044,ppm,41,Azusa,17,100,44201,Ozone,87,31080,"Los Angeles-Long Beach-Anaheim, CA",6,California,37,Los Angeles,34.1365,-117.92391
07/08/2022,AQS,1,0.048,ppm,44,Azusa,17,100,44201,Ozone,87,31080,"Los Angeles-Long Beach-Anaheim, CA",6,California,37,Los Angeles,34.1365,-117.92391
07/09/2022,AQS,1,0.054,ppm,50,Azusa,17,100,44201,Ozone,87,31080,"Los Angeles-Long Beach-Anaheim, CA",6,California,37,Los Angeles,34.1365,-117.92391
07/10/2022,AQS,1,0.061,ppm,71,Azusa,17,100,44201,Ozone,87,31080,"Los Angeles-Long Beach-Anaheim, CA",6,California,37,Los Angeles,34.1365,-117.92391
07/11/2022,AQS,1,0.051,ppm,47,Azusa,17,100,44201,Ozone,87,31080,"Los Angeles-Long Beach-Anaheim, CA",6,California,37,Los Angeles,34.1365,-117.92391
07/12/2022,AQS,1,0.045,ppm,42,Azusa,17,100,44201,Ozone,87,31080,"Los Angeles-Long Beach-Anaheim, CA",6,California,37,Los Angeles,34.1365,-117.92391
07/13/2022,AQS,1,0.051,ppm,47,Azusa,17,100,44201,Ozone,87,31080,"Los Angeles-Long Beach-Anaheim, CA",6,California,37,Los Angeles,34.1365,-117.92391
07/14/2022,AQS,1,0.046,ppm,43,Azusa,17,100,44201,Ozone,87,31080,"Los Angeles-Long Beach-Anaheim, CA",6,California,37,Los Angeles,34.1365,-117.92391
07/15/2022,AQS,1,0.061,ppm,71,Azusa,17,100,44201,Ozone,87,31080,"Los Angeles-Long Beach-Anaheim, CA",6,California,37,Los Angeles,34.1365,-117.92391
07/16/2022,AQS,1,0.072,ppm,105,Azusa,17,100,44201,Ozone,87,31080,"Los Angeles-Long Beach-Anaheim, CA",6,California,37,Los Angeles,34.1365,-117.92391
07/17/2022,AQS,1,0.064,ppm,80,Azusa,17,100,44201,Ozone,87,31080,"Los Angeles-Long Beach-Anaheim, CA",6,California,37,Los Angeles,34.1365,-117.92391
07/18/2022,AQS,1,0.053,ppm,49,Azusa,17,100,44201,Ozone,87,31080,"Los Angeles-Long Beach-Anaheim, CA",6,California,37,Los Angeles,34.1365,-117.92391
07/19/2022,AQS,1,0.053,ppm,49,Azusa,17,100,44201,Ozone,87,31080,"Los Angeles-Long Beach-Anaheim, CA",6,California,37,Los Angeles,34.1365,-117.92391
07/20/2022,AQS,1,0.051,ppm,47,Azusa,17,100,44201,Ozone,87,31080,"Los Angeles-Long Beach-Anaheim, CA",6,California,37,Los Angeles,34.1365,-117.92391
07/21/2022,AQS,1,0.051,ppm,47,Azusa,17,100,44201,Ozone,87,31080,"Los Angeles-Long Beach-Anaheim, CA",6,California,37,Los Angeles,34.1365,-117.92391
07/22/2022,AQS,1,0.064,ppm,80,Azusa,15,88,44201,Ozone,87,31080,"Los Angeles-Long Beach-Anaheim, CA",6,California,37,Los Angeles,34.1365,-117.92391
07/23/2022,AQS,1,0.056,ppm,54,Azusa,17,100,44201,Ozone,87,31080,"Los Angeles-Long Beach-Anaheim, CA",6,California,37,Los Angeles,34.1365,-117.92391
07/24/2022,AQS,1,0.06,ppm,67,Azusa,17,100,44201,Ozone,87,31080,"Los Angeles-Long Beach-Anaheim, CA",6,California,37,Los Angeles,34.1365,-117.92391
07/25/2022,AQS,1,0.062,ppm,74,Azusa,17,100,44201,Ozone,87,31080,"Los Angeles-Long Beach-Anaheim, CA",6,California,37,Los Angeles,34.1365,-117.92391
07/26/2022,AQS,1,0.067,ppm,90,Azusa,15,88,44201,Ozone,87,31080,"Los Angeles-Long Beach-Anaheim, CA",6,California,37,Los Angeles,34.1365,-117.92391
07/27/2022,AQS,1,0.058,ppm,61,Azusa,17,100,44201,Ozone,87,31080,"Los Angeles-Long Beach-Anaheim, CA",6,California,37,Los Angeles,34.1365,-117.92391
07/28/2022,AQS,1,0.047,ppm,44,Azusa,17,100,44201,Ozone,87,31080,"Los Angeles-Long Beach-Anaheim, CA",6,California,37,Los Angeles,34.1365,-117.92391
07/29/2022,AQS,1,0.053,ppm,49,Azusa,17,100,44201,Ozone,87,31080,"Los Angeles-Long Beach-Anaheim, CA",6,California,37,Los Angeles,34.1365,-117.92391
07/30/2022,AQS,1,0.046,ppm,43,Azusa,17,100,44201,Ozone,87,31080,"Los Angeles-Long Beach-Anaheim, CA",6,California,37,Los Angeles,34.1365,-117.92391
07/31/2022,AQS,1,0.056,ppm,54,Azusa,17,100,44201,Ozone,87,31080,"Los Angeles-Long Beach-Anaheim, CA",6,California,37,Los Angeles,34.1365,-117.92391
08/01/2022,AQS,1,0.041,ppm,38,Azusa,17,100,44201,Ozone,87,31080,"Los Angeles-Long Beach-Anaheim, CA",6,California,37,Los Angeles,34.1365,-117.92391
08/02/2022,AQS,1,0.036,ppm,33,Azusa,17,100,44201,Ozone,87,31080,"Los Angeles-Long Beach-Anaheim, CA",6,California,37,Los Angeles,34.1365,-117.92391
08/03/2022,AQS,1,0.051,ppm,47,Azusa,17,100,44201,Ozone,87,31080,"Los Angeles-Long Beach-Anaheim, CA",6,California,37,Los Angeles,34.1365,-117.92391
08/04/2022,AQS,1,0.044,ppm,41,Azusa,17,100,44201,Ozone,87,31080,"Los Angeles-Long Beach-Anaheim, CA",6,California,37,Los Angeles,34.1365,-117.92391
08/05/2022,AQS,1,0.047,ppm,44,Azusa,17,100,44201,Ozone,87,31080,"Los Angeles-Long Beach-Anaheim, CA",6,California,37,Los Angeles,34.1365,-117.92391
08/06/2022,AQS,1,0.051,ppm,47,Azusa,17,100,44201,Ozone,87,31080,"Los Angeles-Long Beach-Anaheim, CA",6,California,37,Los Angeles,34.1365,-117.92391
08/07/2022,AQS,1,0.066,ppm,87,Azusa,17,100,44201,Ozone,87,31080,"Los Angeles-Long Beach-Anaheim, CA",6,California,37,Los Angeles,34.1365,-117.92391
08/08/2022,AQS,1,0.059,ppm,64,Azusa,17,100,44201,Ozone,87,31080,"Los Angeles-Long Beach-Anaheim, CA",6,California,37,Los Angeles,34.1365,-117.92391
08/10/2022,AQS,1,0.056,ppm,54,Azusa,15,88,44201,Ozone,87,31080,"Los Angeles-Long Beach-Anaheim, CA",6,California,37,Los Angeles,34.1365,-117.92391
08/11/2022,AQS,1,0.052,ppm,48,Azusa,17,100,44201,Ozone,87,31080,"Los Angeles-Long Beach-Anaheim, CA",6,California,37,Los Angeles,34.1365,-117.92391
08/12/2022,AQS,1,0.064,ppm,80,Azusa,17,100,44201,Ozone,87,31080,"Los Angeles-Long Beach-Anaheim, CA",6,California,37,Los Angeles,34.1365,-117.92391
08/13/2022,AQS,1,0.074,ppm,112,Azusa,17,100,44201,Ozone,87,31080,"Los Angeles-Long Beach-Anaheim, CA",6,California,37,Los Angeles,34.1365,-117.92391
08/14/2022,AQS,1,0.069,ppm,97,Azusa,17,100,44201,Ozone,87,31080,"Los Angeles-Long Beach-Anaheim, CA",6,California,37,Los Angeles,34.1365,-117.92391
08/15/2022,AQS,1,0.071,ppm,101,Azusa,17,100,44201,Ozone,87,31080,"Los Angeles-Long Beach-Anaheim, CA",6,California,37,Los Angeles,34.1365,-117.92391
08/16/2022,AQS,1,0.068,ppm,93,Azusa,17,100,44201,Ozone,87,31080,"Los Angeles-Long Beach-Anaheim, CA",6,California,37,Los Angeles,34.1365,-117.92391
08/17/2022,AQS,1,0.058,ppm,61,Azusa,17,100,44201,Ozone,87,31080,"Los Angeles-Long Beach-Anaheim, CA",6,California,37,Los Angeles,34.1365,-117.92391
08/18/2022,AQS,1,0.047,ppm,44,Azusa,17,100,44201,Ozone,87,31080,"Los Angeles-Long Beach-Anaheim, CA",6,California,37,Los Angeles,34.1365,-117.92391
08/19/2022,AQS,1,0.061,ppm,71,Azusa,17,100,44201,Ozone,87,31080,"Los Angeles-Long Beach-Anaheim, CA",6,California,37,Los Angeles,34.1365,-117.92391
08/20/2022,AQS,1,0.048,ppm,44,Azusa,17,100,44201,Ozone,87,31080,"Los Angeles-Long Beach-Anaheim, CA",6,California,37,Los Angeles,34.1365,-117.92391
08/21/2022,AQS,1,0.045,ppm,42,Azusa,17,100,44201,Ozone,87,31080,"Los Angeles-Long Beach-Anaheim, CA",6,California,37,Los Angeles,34.1365,-117.92391
08/22/2022,AQS,1,0.048,ppm,44,Azusa,17,100,44201,Ozone,87,31080,"Los Angeles-Long Beach-Anaheim, CA",6,California,37,Los Angeles,34.1365,-117.92391
08/23/2022,AQS,1,0.064,ppm,80,Azusa,17,100,44201,Ozone,87,31080,"Los Angeles-Long Beach-Anaheim, CA",6,California,37,Los Angeles,34.1365,-117.92391
08/24/2022,AQS,1,0.048,ppm,44,Azusa,17,100,44201,Ozone,87,31080,"Los Angeles-Long Beach-Anaheim, CA",6,California,37,Los Angeles,34.1365,-117.92391
08/25/2022,AQS,1,0.045,ppm,42,Azusa,17,100,44201,Ozone,87,31080,"Los Angeles-Long Beach-Anaheim, CA",6,California,37,Los Angeles,34.1365,-117.92391
08/26/2022,AQS,1,0.052,ppm,48,Azusa,17,100,44201,Ozone,87,31080,"Los Angeles-Long Beach-Anaheim, CA",6,California,37,Los Angeles,34.1365,-117.92391
08/27/2022,AQS,1,0.052,ppm,48,Azusa,17,100,44201,Ozone,87,31080,"Los Angeles-Long Beach-Anaheim, CA",6,California,37,Los Angeles,34.1365,-117.92391
08/28/2022,AQS,1,0.044,ppm,41,Azusa,17,100,44201,Ozone,87,31080,"Los Angeles-Long Beach-Anaheim, CA",6,California,37,Los Angeles,34.1365,-117.92391
08/29/2022,AQS,1,0.046,ppm,43,Azusa,17,100,44201,Ozone,87,31080,"Los Angeles-Long Beach-Anaheim, CA",6,California,37,Los Angeles,34.1365,-117.92391
08/30/2022,AQS,1,0.058,ppm,61,Azusa,17,100,44201,Ozone,87,31080,"Los Angeles-Long Beach-Anaheim, CA",6,California,37,Los Angeles,34.1365,-117.92391
08/31/2022,AQS,1,0.068,ppm,93,Azusa,17,100,44201,Ozone,87,31080,"Los Angeles-Long Beach-Anaheim, CA",6,California,37,Los Angeles,34.1365,-117.92391
09/01/2022,AQS,1,0.076,ppm,119,Azusa,17,100,44201,Ozone,87,31080,"Los Angeles-Long Beach-Anaheim, CA",6,California,37,Los Angeles,34.1365,-117.92391
09/02/2022,AQS,1,0.066,ppm,87,Azusa,17,100,44201,Ozone,87,31080,"Los Angeles-Long Beach-Anaheim, CA",6,California,37,Los Angeles,34.1365,-117.92391
09/03/2022,AQS,1,0.074,ppm,112,Azusa,17,100,44201,Ozone,87,31080,"Los Angeles-Long Beach-Anaheim, CA",6,California,37,Los Angeles,34.1365,-117.92391
09/04/2022,AQS,1,0.067,ppm,90,Azusa,17,100,44201,Ozone,87,31080,"Los Angeles-Long Beach-Anaheim, CA",6,California,37,Los Angeles,34.1365,-117.92391
09/05/2022,AQS,1,0.08,ppm,133,Azusa,17,100,44201,Ozone,87,31080,"Los Angeles-Long Beach-Anaheim, CA",6,California,37,Los Angeles,34.1365,-117.92391
09/06/2022,AQS,1,0.075,ppm,115,Azusa,17,100,44201,Ozone,87,31080,"Los Angeles-Long Beach-Anaheim, CA",6,California,37,Los Angeles,34.1365,-117.92391
09/07/2022,AQS,1,0.065,ppm,84,Azusa,17,100,44201,Ozone,87,31080,"Los Angeles-Long Beach-Anaheim, CA",6,California,37,Los Angeles,34.1365,-117.92391
09/08/2022,AQS,1,0.05,ppm,46,Azusa,17,100,44201,Ozone,87,31080,"Los Angeles-Long Beach-Anaheim, CA",6,California,37,Los Angeles,34.1365,-117.92391
09/09/2022,AQS,1,0.027,ppm,25,Azusa,17,100,44201,Ozone,87,31080,"Los Angeles-Long Beach-Anaheim, CA",6,California,37,Los Angeles,34.1365,-117.92391
09/10/2022,AQS,1,0.023,ppm,21,Azusa,17,100,44201,Ozone,87,31080,"Los Angeles-Long Beach-Anaheim, CA",6,California,37,Los Angeles,34.1365,-117.92391
09/11/2022,AQS,1,0.041,ppm,38,Azusa,17,100,44201,Ozone,87,31080,"Los Angeles-Long Beach-Anaheim, CA",6,California,37,Los Angeles,34.1365,-117.92391
09/12/2022,AQS,1,0.037,ppm,34,Azusa,17,100,44201,Ozone,87,31080,"Los Angeles-Long Beach-Anaheim, CA",6,California,37,Los Angeles,34.1365,-117.92391
09/13/2022,AQS,1,0.033,ppm,31,Azusa,17,100,44201,Ozone,87,31080,"Los Angeles-Long Beach-Anaheim, CA",6,California,37,Los Angeles,34.1365,-117.92391
09/14/2022,AQS,1,0.038,ppm,35,Azusa,17,100,44201,Ozone,87,31080,"Los Angeles-Long Beach-Anaheim, CA",6,California,37,Los Angeles,34.1365,-117.92391
09/15/2022,AQS,1,0.045,ppm,42,Azusa,17,100,44201,Ozone,87,31080,"Los Angeles-Long Beach-Anaheim, CA",6,California,37,Los Angeles,34.1365,-117.92391
09/16/2022,AQS,1,0.053,ppm,49,Azusa,17,100,44201,Ozone,87,31080,"Los Angeles-Long Beach-Anaheim, CA",6,California,37,Los Angeles,34.1365,-117.92391
09/17/2022,AQS,1,0.05,ppm,46,Azusa,17,100,44201,Ozone,87,31080,"Los Angeles-Long Beach-Anaheim, CA",6,California,37,Los Angeles,34.1365,-117.92391
09/18/2022,AQS,1,0.043,ppm,40,Azusa,17,100,44201,Ozone,87,31080,"Los Angeles-Long Beach-Anaheim, CA",6,California,37,Los Angeles,34.1365,-117.92391
09/19/2022,AQS,1,0.042,ppm,39,Azusa,17,100,44201,Ozone,87,31080,"Los Angeles-Long Beach-Anaheim, CA",6,California,37,Los Angeles,34.1365,-117.92391
09/20/2022,AQS,1,0.032,ppm,30,Azusa,17,100,44201,Ozone,87,31080,"Los Angeles-Long Beach-Anaheim, CA",6,California,37,Los Angeles,34.1365,-117.92391
09/21/2022,AQS,1,0.037,ppm,34,Azusa,17,100,44201,Ozone,87,31080,"Los Angeles-Long Beach-Anaheim, CA",6,California,37,Los Angeles,34.1365,-117.92391
09/22/2022,AQS,1,0.055,ppm,51,Azusa,17,100,44201,Ozone,87,31080,"Los Angeles-Long Beach-Anaheim, CA",6,California,37,Los Angeles,34.1365,-117.92391
09/23/2022,AQS,1,0.059,ppm,64,Azusa,17,100,44201,Ozone,87,31080,"Los Angeles-Long Beach-Anaheim, CA",6,California,37,Los Angeles,34.1365,-117.92391
09/24/2022,AQS,1,0.056,ppm,54,Azusa,17,100,44201,Ozone,87,31080,"Los Angeles-Long Beach-Anaheim, CA",6,California,37,Los Angeles,34.1365,-117.92391
09/25/2022,AQS,1,0.06,ppm,67,Azusa,17,100,44201,Ozone,87,31080,"Los Angeles-Long Beach-Anaheim, CA",6,California,37,Los Angeles,34.1365,-117.92391
09/26/2022,AQS,1,0.054,ppm,50,Azusa,17,100,44201,Ozone,87,31080,"Los Angeles-Long Beach-Anaheim, CA",6,California,37,Los Angeles,34.1365,-117.92391
09/27/2022,AQS,1,0.064,ppm,80,Azusa,17,100,44201,Ozone,87,31080,"Los Angeles-Long Beach-Anaheim, CA",6,California,37,Los Angeles,34.1365,-117.92391
09/28/2022,AQS,1,0.069,ppm,97,Azusa,17,100,44201,Ozone,87,31080,"Los Angeles-Long Beach-Anaheim, CA",6,California,37,Los Angeles,34.1365,-117.92391
01/01/2023,AQS,1,0.033,ppm,31,Pico Rivera #2,17,100,44201,Ozone,47,31080,"Los Angeles-Long Beach-Anaheim, CA",6,California,37,Los Angeles,34.01029,-118.0685
01/02/2023,AQS,1,0.022,ppm,20,Pico Rivera #2,17,100,44201,Ozone,47,31080,"Los Angeles-Long Beach-Anaheim, CA",6,California,37,Los Angeles,34.01029,-118.0685
01/03/2023,AQS,1,0.026,ppm,24,Pico Rivera #2,17,100,44201,Ozone,47,31080,"Los Angeles-Long Beach-Anaheim, CA",6,California,37,Los Angeles,34.01029,-118.0685
01/04/2023,AQS,1,0.029,ppm,27,Pico Rivera #2,17,100,44201,Ozone,47,31080,"Los Angeles-Long Beach-Anaheim, CA",6,California,37,Los Angeles,34.01029,-118.0685
01/05/2023,AQS,1,0.036,ppm,33,Pico Rivera #2,17,100,44201,Ozone,47,31080,"Los Angeles-Long Beach-Anaheim, CA",6,California,37,Los Angeles,34.01029,-118.0685
01/06/2023,AQS,1,0.024,ppm,22,Pico Rivera #2,17,100,44201,Ozone,47,31080,"Los Angeles-Long Beach-Anaheim, CA",6,California,37,Los Angeles,34.01029,-118.0685
01/07/2023,AQS,1,0.023,ppm,21,Pico Rivera #2,17,100,44201,Ozone,47,31080,"Los Angeles-Long Beach-Anaheim, CA",6,California,37,Los Angeles,34.01029,-118.0685
01/08/2023,AQS,1,0.026,ppm,24,Pico Rivera #2,17,100,44201,Ozone,47,31080,"Los Angeles-Long Beach-Anaheim, CA",6,California,37,Los Angeles,34.01029,-118.0685
01/09/2023,AQS,1,0.024,ppm,22,Pico Rivera #2,17,100,44201,Ozone,47,31080,"Los Angeles-Long Beach-Anaheim, CA",6,California,37,Los Angeles,34.01029,-118.0685
01/10/2023,AQS,1,0.033,ppm,31,Pico Rivera #2,17,100,44201,Ozone,47,31080,"Los Angeles-Long Beach-Anaheim, CA",6,California,37,Los Angeles,34.01029,-118.0685
01/11/2023,AQS,1,0.026,ppm,24,Pico Rivera #2,17,100,44201,Ozone,47,31080,"Los Angeles-Long Beach-Anaheim, CA",6,California,37,Los Angeles,34.01029,-118.0685
01/12/2023,AQS,1,0.02,ppm,19,Pico Rivera #2,17,100,44201,Ozone,47,31080,"Los Angeles-Long Beach-Anaheim, CA",6,California,37,Los Angeles,34.01029,-118.0685
01/13/2023,AQS,1,0.011,ppm,10,Pico Rivera #2,17,100,44201,Ozone,47,31080,"Los Angeles-Long Beach-Anaheim, CA",6,California,37,Los Angeles,34.01029,-118.0685
01/14/2023,AQS,1,0.023,ppm,21,Pico Rivera #2,17,100,44201,Ozone,47,31080,"Los Angeles-Long Beach-Anaheim, CA",6,California,37,Los Angeles,34.01029,-118.0685
01/15/2023,AQS,1,0.037,ppm,34,Pico Rivera #2,17,100,44201,Ozone,47,31080,"Los Angeles-Long Beach-Anaheim, CA",6,California,37,Los Angeles,34.01029,-118.0685
01/16/2023,AQS,1,0.036,ppm,33,Pico Rivera #2,17,100,44201,Ozone,47,31080,"Los Angeles-Long Beach-Anaheim, CA",6,California,37,Los Angeles,34.01029,-118.0685
01/17/2023,AQS,1,0.029,ppm,27,Pico Rivera #2,17,100,44201,Ozone,47,31080,"Los Angeles-Long Beach-Anaheim, CA",6,California,37,Los Angeles,34.01029,-118.0685
01/18/2023,AQS,1,0.029,ppm,27,Pico Rivera #2,17,100,44201,Ozone,47,31080,"Los Angeles-Long Beach-Anaheim, CA",6,California,37,Los Angeles,34.01029,-118.0685
01/19/2023,AQS,1,0.026,ppm,24,Pico Rivera #2,17,100,44201,Ozone,47,31080,"Los Angeles-Long Beach-Anaheim, CA",6,California,37,Los Angeles,34.01029,-118.0685
01/20/2023,AQS,1,0.031,ppm,29,Pico Rivera #2,17,100,44201,Ozone,47,31080,"Los Angeles-Long Beach-Anaheim, CA",6,California,37,Los Angeles,34.01029,-118.0685
01/21/2023,AQS,1,0.033,ppm,31,Pico Rivera #2,17,100,44201,Ozone,47,31080,"Los Angeles-Long Beach-Anaheim, CA",6,California,37,Los Angeles,34.01029,-118.0685
01/22/2023,AQS,1,0.036,ppm,33,Pico Rivera #2,17,100,44201,Ozone,47,31080,"Los Angeles-Long Beach-Anaheim, CA",6,California,37,Los Angeles,34.01029,-118.0685
01/23/2023,AQS,1,0.032,ppm,30,Pico Rivera #2,17,100,44201,Ozone,47,31080,"Los Angeles-Long Beach-Anaheim, CA",6,California,37,Los Angeles,34.01029,-118.0685
01/24/2023,AQS,1,0.024,ppm,22,Pico Rivera #2,17,100,44201,Ozone,47,31080,"Los Angeles-Long Beach-Anaheim, CA",6,California,37,Los Angeles,34.01029,-118.0685
01/25/2023,AQS,1,0.026,ppm,24,Pico Rivera #2,17,100,44201,Ozone,47,31080,"Los Angeles-Long Beach-Anaheim, CA",6,California,37,Los Angeles,34.01029,-118.0685
01/26/2023,AQS,1,0.032,ppm,30,Pico Rivera #2,17,100,44201,Ozone,47,31080,"Los Angeles-Long Beach-Anaheim, CA",6,California,37,Los Angeles,34.01029,-118.0685
01/27/2023,AQS,1,0.028,ppm,26,Pico Rivera #2,17,100,44201,Ozone,47,31080,"Los Angeles-Long Beach-Anaheim, CA",6,California,37,Los Angeles,34.01029,-118.0685
01/28/2023,AQS,1,0.041,ppm,38,Pico Rivera #2,17,100,44201,Ozone,47,31080,"Los Angeles-Long Beach-Anaheim, CA",6,California,37,Los Angeles,34.01029,-118.0685
01/29/2023,AQS,1,0.039,ppm,36,Pico Rivera #2,17,100,44201,Ozone,47,31080,"Los Angeles-Long Beach-Anaheim, CA",6,California,37,Los Angeles,34.01029,-118.0685
01/30/2023,AQS,1,0.03,ppm,28,Pico Rivera #2,17,100,44201,Ozone,47,31080,"Los Angeles-Long Beach-Anaheim, CA",6,California,37,Los Angeles,34.01029,-118.0685
01/31/2023,AQS,1,0.032,ppm,30,Pico Rivera #2,17,100,44201,Ozone,47,31080,"Los Angeles-Long Beach-Anaheim, CA",6,California,37,Los Angeles,34.01029,-118.0685
02/01/2023,AQS,1,0.032,ppm,30,Pico Rivera #2,17,100,44201,Ozone,47,31080,"Los Angeles-Long Beach-Anaheim, CA",6,California,37,Los Angeles,34.01029,-118.0685
02/02/2023,AQS,1,0.022,ppm,20,Pico Rivera #2,17,100,44201,Ozone,47,31080,"Los Angeles-Long Beach-Anaheim, CA",6,California,37,Los Angeles,34.01029,-118.0685
02/03/2023,AQS,1,0.024,ppm,22,Pico Rivera #2,17,100,44201,Ozone,47,31080,"Los Angeles-Long Beach-Anaheim, CA",6,California,37,Los Angeles,34.01029,-118.0685
02/04/2023,AQS,1,0.036,ppm,33,Pico Rivera #2,17,100,44201,Ozone,47,31080,"Los Angeles-Long Beach-Anaheim, CA",6,California,37,Los Angeles,34.01029,-118.0685
02/05/2023,AQS,1,0.032,ppm,30,Pico Rivera #2,17,100,44201,Ozone,47,31080,"Los Angeles-Long Beach-Anaheim, CA",6,California,37,Los Angeles,34.01029,-118.0685
02/06/2023,AQS,1,0.033,ppm,31,Pico Rivera #2,17,100,44201,Ozone,47,31080,"Los Angeles-Long Beach-Anaheim, CA",6,California,37,Los Angeles,34.01029,-118.0685
02/07/2023,AQS,1,0.034,ppm,31,Pico Rivera #2,17,100,44201,Ozone,47,31080,"Los Angeles-Long Beach-Anaheim, CA",6,California,37,Los Angeles,34.01029,-118.0685
02/08/2023,AQS,1,0.035,ppm,32,Pico Rivera #2,17,100,44201,Ozone,47,31080,"Los Angeles-Long Beach-Anaheim, CA",6,California,37,Los Angeles,34.01029,-118.0685
02/09/2023,AQS,1,0.037,ppm,34,Pico Rivera #2,17,100,44201,Ozone,47,31080,"Los Angeles-Long Beach-Anaheim, CA",6,California,37,Los Angeles,34.01029,-118.0685
02/11/2023,AQS,1,0.04,ppm,37,Pico Rivera #2,17,100,44201,Ozone,47,31080,"Los Angeles-Long Beach-Anaheim, CA",6,California,37,Los Angeles,34.01029,-118.0685
02/12/2023,AQS,1,0.041,ppm,38,Pico Rivera #2,17,100,44201,Ozone,47,31080,"Los Angeles-Long Beach-Anaheim, CA",6,California,37,Los Angeles,34.01029,-118.0685
02/13/2023,AQS,1,0.042,ppm,39,Pico Rivera #2,17,100,44201,Ozone,47,31080,"Los Angeles-Long Beach-Anaheim, CA",6,California,37,Los Angeles,34.01029,-118.0685
02/14/2023,AQS,1,0.039,ppm,36,Pico Rivera #2,17,100,44201,Ozone,47,31080,"Los Angeles-Long Beach-Anaheim, CA",6,California,37,Los Angeles,34.01029,-118.0685
02/15/2023,AQS,1,0.036,ppm,33,Pico Rivera #2,17,100,44201,Ozone,47,31080,"Los Angeles-Long Beach-Anaheim, CA",6,California,37,Los Angeles,34.01029,-118.0685
02/16/2023,AQS,1,0.033,ppm,31,Pico Rivera #2,17,100,44201,Ozone,47,31080,"Los Angeles-Long Beach-Anaheim, CA",6,California,37,Los Angeles,34.01029,-118.0685
02/17/2023,AQS,1,0.041,ppm,38,Pico Rivera #2,17,100,44201,Ozone,47,31080,"Los Angeles-Long Beach-Anaheim, CA",6,California,37,Los Angeles,34.01029,-118.0685
02/18/2023,AQS,1,0.035,ppm,32,Pico Rivera #2,17,100,44201,Ozone,47,31080,"Los Angeles-Long Beach-Anaheim, CA",6,California,37,Los Angeles,34.01029,-118.0685
02/19/2023,AQS,1,0.047,ppm,44,Pico Rivera #2,17,100,44201,Ozone,47,31080,"Los Angeles-Long Beach-Anaheim, CA",6,California,37,Los Angeles,34.01029,-118.0685
02/20/2023,AQS,1,0.044,ppm,41,Pico Rivera #2,17,100,44201,Ozone,47,31080,"Los Angeles-Long Beach-Anaheim, CA",6,California,37,Los Angeles,34.01029,-118.0685
02/21/2023,AQS,1,0.041,ppm,38,Pico Rivera #2,17,100,44201,Ozone,47,31080,"Los Angeles-Long Beach-Anaheim, CA",6,California,37,Los Angeles,34.01029,-118.0685
02/22/2023,AQS,1,0.041,ppm,38,Pico Rivera #2,17,100,44201,Ozone,47,31080,"Los Angeles-Long Beach-Anaheim, CA",6,California,37,Los Angeles,34.01029,-118.0685
02/23/2023,AQS,1,0.038,ppm,35,Pico Rivera #2,17,100,44201,Ozone,47,31080,"Los Angeles-Long Beach-Anaheim, CA",6,California,37,Los Angeles,34.01029,-118.0685
02/24/2023,AQS,1,0.039,ppm,36,Pico Rivera #2,17,100,44201,Ozone,47,31080,"Los Angeles-Long Beach-Anaheim, CA",6,California,37,Los Angeles,34.01029,-118.0685
02/25/2023,AQS,1,0.041,ppm,38,Pico Rivera #2,17,100,44201,Ozone,47,31080,"Los Angeles-Long Beach-Anaheim, CA",6,California,37,Los Angeles,34.01029,-118.0685
02/26/2023,AQS,1,0.045,ppm,42,Pico Rivera #2,17,100,44201,Ozone,47,31080,"Los Angeles-Long Beach-Anaheim, CA",6,California,37,Los Angeles,34.01029,-118.0685
02/27/2023,AQS,1,0.025,ppm,23,Pico Rivera #2,17,100,44201,Ozone,47,31080,"Los Angeles-Long Beach-Anaheim, CA",6,California,37,Los Angeles,34.01029,-118.0685
02/28/2023,AQS,1,0.04,ppm,37,Pico Rivera #2,17,100,44201,Ozone,47,31080,"Los Angeles-Long Beach-Anaheim, CA",6,California,37,Los Angeles,34.01029,-118.0685
03/01/2023,AQS,1,0.043,ppm,40,Pico Rivera #2,17,100,44201,Ozone,47,31080,"Los Angeles-Long Beach-Anaheim, CA",6,California,37,Los Angeles,34.01029,-118.0685
03/02/2023,AQS,1,0.041,ppm,38,Pico Rivera #2,17,100,44201,Ozone,47,31080,"Los Angeles-Long Beach-Anaheim, CA",6,California,37,Los Angeles,34.01029,-118.0685
03/03/2023,AQS,1,0.043,ppm,40,Pico Rivera #2,17,100,44201,Ozone,47,31080,"Los Angeles-Long Beach-Anaheim, CA",6,California,37,Los Angeles,34.01029,-118.0685
03/04/2023,AQS,1,0.042,ppm,39,Pico Rivera #2,17,100,44201,Ozone,47,31080,"Los Angeles-Long Beach-Anaheim, CA",6,California,37,Los Angeles,34.01029,-118.0685
03/05/2023,AQS,1,0.043,ppm,40,Pico Rivera #2,17,100,44201,Ozone,47,31080,"Los Angeles-Long Beach-Anaheim, CA",6,California,37,Los Angeles,34.01029,-118.0685
03/06/2023,AQS,1,0.043,ppm,40,Pico Rivera #2,17,100,44201,Ozone,47,31080,"Los Angeles-Long Beach-Anaheim, CA",6,California,37,Los Angeles,34.01029,-118.0685
03/07/2023,AQS,1,0.041,ppm,38,Pico Rivera #2,17,100,44201,Ozone,47,31080,"Los Angeles-Long Beach-Anaheim, CA",6,California,37,Los Angeles,34.01029,-118.0685
03/08/2023,AQS,1,0.041,ppm,38,Pico Rivera #2,17,100,44201,Ozone,47,31080,"Los Angeles-Long Beach-Anaheim, CA",6,California,37,Los Angeles,34.01029,-118.0685
03/09/2023,AQS,1,0.046,ppm,43,Pico Rivera #2,17,100,44201,Ozone,47,31080,"Los Angeles-Long Beach-Anaheim, CA",6,California,37,Los Angeles,34.01029,-118.0685
03/10/2023,AQS,1,0.025,ppm,23,Pico Rivera #2,17,100,44201,Ozone,47,31080,"Los Angeles-Long Beach-Anaheim, CA",6,California,37,Los Angeles,34.01029,-118.0685
03/11/2023,AQS,1,0.018,ppm,17,Pico Rivera #2,17,100,44201,Ozone,47,31080,"Los Angeles-Long Beach-Anaheim, CA",6,California,37,Los Angeles,34.01029,-118.0685
03/12/2023,AQS,1,0.025,ppm,23,Pico Rivera #2,17,100,44201,Ozone,47,31080,"Los Angeles-Long Beach-Anaheim, CA",6,California,37,Los Angeles,34.01029,-118.0685
03/13/2023,AQS,1,0.029,ppm,27,Pico Rivera #2,17,100,44201,Ozone,47,31080,"Los Angeles-Long Beach-Anaheim, CA",6,California,37,Los Angeles,34.01029,-118.0685
03/15/2023,AQS,1,0.032,ppm,30,Pico Rivera #2,17,100,44201,Ozone,47,31080,"Los Angeles-Long Beach-Anaheim, CA",6,California,37,Los Angeles,34.01029,-118.0685
03/16/2023,AQS,1,0.036,ppm,33,Pico Rivera #2,17,100,44201,Ozone,47,31080,"Los Angeles-Long Beach-Anaheim, CA",6,California,37,Los Angeles,34.01029,-118.0685
03/17/2023,AQS,1,0.036,ppm,33,Pico Rivera #2,15,88,44201,Ozone,47,31080,"Los Angeles-Long Beach-Anaheim, CA",6,California,37,Los Angeles,34.01029,-118.0685
03/18/2023,AQS,1,0.053,ppm,49,Pico Rivera #2,17,100,44201,Ozone,47,31080,"Los Angeles-Long Beach-Anaheim, CA",6,California,37,Los Angeles,34.01029,-118.0685
03/19/2023,AQS,1,0.045,ppm,42,Pico Rivera #2,17,100,44201,Ozone,47,31080,"Los Angeles-Long Beach-Anaheim, CA",6,California,37,Los Angeles,34.01029,-118.0685
03/20/2023,AQS,1,0.036,ppm,33,Pico Rivera #2,17,100,44201,Ozone,47,31080,"Los Angeles-Long Beach-Anaheim, CA",6,California,37,Los Angeles,34.01029,-118.0685
03/21/2023,AQS,1,0.045,ppm,42,Pico Rivera #2,17,100,44201,Ozone,47,31080,"Los Angeles-Long Beach-Anaheim, CA",6,California,37,Los Angeles,34.01029,-118.0685
03/23/2023,AQS,1,0.038,ppm,35,Pico Rivera #2,17,100,44201,Ozone,47,31080,"Los Angeles-Long Beach-Anaheim, CA",6,California,37,Los Angeles,34.01029,-118.0685
03/25/2023,AQS,1,0.048,ppm,44,Pico Rivera #2,17,100,44201,Ozone,47,31080,"Los Angeles-Long Beach-Anaheim, CA",6,California,37,Los Angeles,34.01029,-118.0685
03/26/2023,AQS,1,0.05,ppm,46,Pico Rivera #2,17,100,44201,Ozone,47,31080,"Los Angeles-Long Beach-Anaheim, CA",6,California,37,Los Angeles,34.01029,-118.0685
03/27/2023,AQS,1,0.053,ppm,49,Pico Rivera #2,17,100,44201,Ozone,47,31080,"Los Angeles-Long Beach-Anaheim, CA",6,California,37,Los Angeles,34.01029,-118.0685
03/28/2023,AQS,1,0.051,ppm,47,Pico Rivera #2,14,82,44201,Ozone,47,31080,"Los Angeles-Long Beach-Anaheim, CA",6,California,37,Los Angeles,34.01029,-118.0685
03/30/2023,AQS,1,0.044,ppm,41,Pico Rivera #2,17,100,44201,Ozone,47,31080,"Los Angeles-Long Beach-Anaheim, CA",6,California,37,Los Angeles,34.01029,-118.0685
03/31/2023,AQS,1,0.04,ppm,37,Pico Rivera #2,17,100,44201,Ozone,47,31080,"Los Angeles-Long Beach-Anaheim, CA",6,California,37,Los Angeles,34.01029,-118.0685
04/01/2023,AQS,1,0.047,ppm,44,Pico Rivera #2,17,100,44201,Ozone,47,31080,"Los Angeles-Long Beach-Anaheim, CA",6,California,37,Los Angeles,34.01029,-118.0685
04/02/2023,AQS,1,0.055,ppm,51,Pico Rivera #2,17,100,44201,Ozone,47,31080,"Los Angeles-Long Beach-Anaheim, CA",6,California,37,Los Angeles,34.01029,-118.0685
04/03/2023,AQS,1,0.045,ppm,42,Pico Rivera #2,17,100,44201,Ozone,47,31080,"Los Angeles-Long Beach-Anaheim, CA",6,California,37,Los Angeles,34.01029,-118.0685
04/04/2023,AQS,1,0.043,ppm,40,Pico Rivera #2,17,100,44201,Ozone,47,31080,"Los Angeles-Long Beach-Anaheim, CA",6,California,37,Los Angeles,34.01029,-118.0685
04/05/2023,AQS,1,0.047,ppm,44,Pico Rivera #2,17,100,44201,Ozone,47,31080,"Los Angeles-Long Beach-Anaheim, CA",6,California,37,Los Angeles,34.01029,-118.0685
04/06/2023,AQS,1,0.054,ppm,50,Pico Rivera #2,13,76,44201,Ozone,47,31080,"Los Angeles-Long Beach-Anaheim, CA",6,California,37,Los Angeles,34.01029,-118.0685
04/07/2023,AQS,1,0.052,ppm,48,Pico Rivera #2,17,100,44201,Ozone,47,31080,"Los Angeles-Long Beach-Anaheim, CA",6,California,37,Los Angeles,34.01029,-118.0685
04/08/2023,AQS,1,0.041,ppm,38,Pico Rivera #2,17,100,44201,Ozone,47,31080,"Los Angeles-Long Beach-Anaheim, CA",6,California,37,Los Angeles,34.01029,-118.0685
04/09/2023,AQS,1,0.053,ppm,49,Pico Rivera #2,17,100,44201,Ozone,47,31080,"Los Angeles-Long Beach-Anaheim, CA",6,California,37,Los Angeles,34.01029,-118.0685
04/10/2023,AQS,1,0.048,ppm,44,Pico Rivera #2,17,100,44201,Ozone,47,31080,"Los Angeles-Long Beach-Anaheim, CA",6,California,37,Los Angeles,34.01029,-118.0685
04/11/2023,AQS,1,0.046,ppm,43,Pico Rivera #2,17,100,44201,Ozone,47,31080,"Los Angeles-Long Beach-Anaheim, CA",6,California,37,Los Angeles,34.01029,-118.0685
04/12/2023,AQS,1,0.034,ppm,31,Pico Rivera #2,17,100,44201,Ozone,47,31080,"Los Angeles-Long Beach-Anaheim, CA",6,California,37,Los Angeles,34.01029,-118.0685
04/13/2023,AQS,1,0.04,ppm,37,Pico Rivera #2,17,100,44201,Ozone,47,31080,"Los Angeles-Long Beach-Anaheim, CA",6,California,37,Los Angeles,34.01029,-118.0685
04/14/2023,AQS,1,0.045,ppm,42,Pico Rivera #2,17,100,44201,Ozone,47,31080,"Los Angeles-Long Beach-Anaheim, CA",6,California,37,Los Angeles,34.01029,-118.0685
04/15/2023,AQS,1,0.051,ppm,47,Pico Rivera #2,17,100,44201,Ozone,47,31080,"Los Angeles-Long Beach-Anaheim, CA",6,California,37,Los Angeles,34.01029,-118.0685
04/16/2023,AQS,1,0.048,ppm,44,Pico Rivera #2,17,100,44201,Ozone,47,31080,"Los Angeles-Long Beach-Anaheim, CA",6,California,37,Los Angeles,34.01029,-118.0685
04/17/2023,AQS,1,0.049,ppm,45,Pico Rivera #2,17,100,44201,Ozone,47,31080,"Los Angeles-Long Beach-Anaheim, CA",6,California,37,Los Angeles,34.01029,-118.0685
04/18/2023,AQS,1,0.047,ppm,44,Pico Rivera #2,17,100,44201,Ozone,47,31080,"Los Angeles-Long Beach-Anaheim, CA",6,California,37,Los Angeles,34.01029,-118.0685
04/19/2023,AQS,1,0.051,ppm,47,Pico Rivera #2,17,100,44201,Ozone,47,31080,"Los Angeles-Long Beach-Anaheim, CA",6,California,37,Los Angeles,34.01029,-118.0685
04/20/2023,AQS,1,0.059,ppm,64,Pico Rivera #2,17,100,44201,Ozone,47,31080,"Los Angeles-Long Beach-Anaheim, CA",6,California,37,Los Angeles,34.01029,-118.0685
04/26/2023,AQS,1,0.053,ppm,49,Pico Rivera #2,17,100,44201,Ozone,47,31080,"Los Angeles-Long Beach-Anaheim, CA",6,California,37,Los Angeles,34.01029,-118.0685
04/27/2023,AQS,1,0.052,ppm,48,Pico Rivera #2,17,100,44201,Ozone,47,31080,"Los Angeles-Long Beach-Anaheim, CA",6,California,37,Los Angeles,34.01029,-118.0685
04/28/2023,AQS,1,0.053,ppm,49,Pico Rivera #2,17,100,44201,Ozone,47,31080,"Los Angeles-Long Beach-Anaheim, CA",6,California,37,Los Angeles,34.01029,-118.0685
04/29/2023,AQS,1,0.056,ppm,54,Pico Rivera #2,17,100,44201,Ozone,47,31080,"Los Angeles-Long Beach-Anaheim, CA",6,California,37,Los Angeles,34.01029,-118.0685
04/30/2023,AQS,1,0.051,ppm,47,Pico Rivera #2,17,100,44201,Ozone,47,31080,"Los Angeles-Long Beach-Anaheim, CA",6,California,37,Los Angeles,34.01029,-118.0685
05/01/2023,AQS,1,0.041,ppm,38,Pico Rivera #2,17,100,44201,Ozone,47,31080,"Los Angeles-Long Beach-Anaheim, CA",6,California,37,Los Angeles,34.01029,-118.0685
05/03/2023,AQS,1,0.042,ppm,39,Pico Rivera #2,17,100,44201,Ozone,47,31080,"Los Angeles-Long Beach-Anaheim, CA",6,California,37,Los Angeles,34.01029,-118.0685
05/05/2023,AQS,1,0.036,ppm,33,Pico Rivera #2,17,100,44201,Ozone,47,31080,"Los Angeles-Long Beach-Anaheim, CA",6,California,37,Los Angeles,34.01029,-118.0685
05/06/2023,AQS,1,0.041,ppm,38,Pico Rivera #2,17,100,44201,Ozone,47,31080,"Los Angeles-Long Beach-Anaheim, CA",6,California,37,Los Angeles,34.01029,-118.0685
05/07/2023,AQS,1,0.042,ppm,39,Pico Rivera #2,17,100,44201,Ozone,47,31080,"Los Angeles-Long Beach-Anaheim, CA",6,California,37,Los Angeles,34.01029,-118.0685
05/08/2023,AQS,1,0.036,ppm,33,Pico Rivera #2,17,100,44201,Ozone,47,31080,"Los Angeles-Long Beach-Anaheim, CA",6,California,37,Los Angeles,34.01029,-118.0685
05/09/2023,AQS,1,0.037,ppm,34,Pico Rivera #2,17,100,44201,Ozone,47,31080,"Los Angeles-Long Beach-Anaheim, CA",6,California,37,Los Angeles,34.01029,-118.0685
05/10/2023,AQS,1,0.043,ppm,40,Pico Rivera #2,17,100,44201,Ozone,47,31080,"Los Angeles-Long Beach-Anaheim, CA",6,California,37,Los Angeles,34.01029,-118.0685
05/11/2023,AQS,1,0.047,ppm,44,Pico Rivera #2,17,100,44201,Ozone,47,31080,"Los Angeles-Long Beach-Anaheim, CA",6,California,37,Los Angeles,34.01029,-118.0685
05/12/2023,AQS,1,0.05,ppm,46,Pico Rivera #2,17,100,44201,Ozone,47,31080,"Los Angeles-Long Beach-Anaheim, CA",6,California,37,Los Angeles,34.01029,-118.0685
05/13/2023,AQS,1,0.064,ppm,80,Pico Rivera #2,17,100,44201,Ozone,47,31080,"Los Angeles-Long Beach-Anaheim, CA",6,California,37,Los Angeles,34.01029,-118.0685
05/14/2023,AQS,1,0.057,ppm,58,Pico Rivera #2,17,100,44201,Ozone,47,31080,"Los Angeles-Long Beach-Anaheim, CA",6,California,37,Los Angeles,34.01029,-118.0685
05/15/2023,AQS,1,0.05,ppm,46,Pico Rivera #2,17,100,44201,Ozone,47,31080,"Los Angeles-Long Beach-Anaheim, CA",6,California,37,Los Angeles,34.01029,-118.0685
05/16/2023,AQS,1,0.053,ppm,49,Pico Rivera #2,17,100,44201,Ozone,47,31080,"Los Angeles-Long Beach-Anaheim, CA",6,California,37,Los Angeles,34.01029,-118.0685
05/17/2023,AQS,1,0.054,ppm,50,Pico Rivera #2,17,100,44201,Ozone,47,31080,"Los Angeles-Long Beach-Anaheim, CA",6,California,37,Los Angeles,34.01029,-118.0685
05/18/2023,AQS,1,0.047,ppm,44,Pico Rivera #2,13,76,44201,Ozone,47,31080,"Los Angeles-Long Beach-Anaheim, CA",6,California,37,Los Angeles,34.01029,-118.0685
05/19/2023,AQS,1,0.044,ppm,41,Pico Rivera #2,17,100,44201,Ozone,47,31080,"Los Angeles-Long Beach-Anaheim, CA",6,California,37,Los Angeles,34.01029,-118.0685
05/20/2023,AQS,1,0.058,ppm,61,Pico Rivera #2,17,100,44201,Ozone,47,31080,"Los Angeles-Long Beach-Anaheim, CA",6,California,37,Los Angeles,34.01029,-118.0685
05/21/2023,AQS,1,0.058,ppm,61,Pico Rivera #2,17,100,44201,Ozone,47,31080,"Los Angeles-Long Beach-Anaheim, CA",6,California,37,Los Angeles,34.01029,-118.0685
05/22/2023,AQS,1,0.039,ppm,36,Pico Rivera #2,17,100,44201,Ozone,47,31080,"Los Angeles-Long Beach-Anaheim, CA",6,California,37,Los Angeles,34.01029,-118.0685
05/23/2023,AQS,1,0.033,ppm,31,Pico Rivera #2,17,100,44201,Ozone,47,31080,"Los Angeles-Long Beach-Anaheim, CA",6,California,37,Los Angeles,34.01029,-118.0685
05/26/2023,AQS,1,0.041,ppm,38,Pico Rivera #2,17,100,44201,Ozone,47,31080,"Los Angeles-Long Beach-Anaheim, CA",6,California,37,Los Angeles,34.01029,-118.0685
05/27/2023,AQS,1,0.045,ppm,42,Pico Rivera #2,17,100,44201,Ozone,47,31080,"Los Angeles-Long Beach-Anaheim, CA",6,California,37,Los Angeles,34.01029,-118.0685
05/28/2023,AQS,1,0.04,ppm,37,Pico Rivera #2,17,100,44201,Ozone,47,31080,"Los Angeles-Long Beach-Anaheim, CA",6,California,37,Los Angeles,34.01029,-118.0685
05/29/2023,AQS,1,0.042,ppm,39,Pico Rivera #2,17,100,44201,Ozone,47,31080,"Los Angeles-Long Beach-Anaheim, CA",6,California,37,Los Angeles,34.01029,-118.0685
05/30/2023,AQS,1,0.038,ppm,35,Pico Rivera #2,17,100,44201,Ozone,47,31080,"Los Angeles-Long Beach-Anaheim, CA",6,California,37,Los Angeles,34.01029,-118.0685
05/31/2023,AQS,1,0.029,ppm,27,Pico Rivera #2,17,100,44201,Ozone,47,31080,"Los Angeles-Long Beach-Anaheim, CA",6,California,37,Los Angeles,34.01029,-118.0685
06/01/2023,AQS,1,0.031,ppm,29,Pico Rivera #2,17,100,44201,Ozone,47,31080,"Los Angeles-Long Beach-Anaheim, CA",6,California,37,Los Angeles,34.01029,-118.0685
06/02/2023,AQS,1,0.044,ppm,41,Pico Rivera #2,17,100,44201,Ozone,47,31080,"Los Angeles-Long Beach-Anaheim, CA",6,California,37,Los Angeles,34.01029,-118.0685
06/03/2023,AQS,1,0.056,ppm,54,Pico Rivera #2,17,100,44201,Ozone,47,31080,"Los Angeles-Long Beach-Anaheim, CA",6,California,37,Los Angeles,34.01029,-118.0685
06/04/2023,AQS,1,0.057,ppm,58,Pico Rivera #2,17,100,44201,Ozone,47,31080,"Los Angeles-Long Beach-Anaheim, CA",6,California,37,Los Angeles,34.01029,-118.0685
06/05/2023,AQS,1,0.048,ppm,44,Pico Rivera #2,17,100,44201,Ozone,47,31080,"Los Angeles-Long Beach-Anaheim, CA",6,California,37,Los Angeles,34.01029,-118.0685
06/06/2023,AQS,1,0.047,ppm,44,Pico Rivera #2,17,100,44201,Ozone,47,31080,"Los Angeles-Long Beach-Anaheim, CA",6,California,37,Los Angeles,34.01029,-118.0685
06/07/2023,AQS,1,0.037,ppm,34,Pico Rivera #2,17,100,44201,Ozone,47,31080,"Los Angeles-Long Beach-Anaheim, CA",6,California,37,Los Angeles,34.01029,-118.0685
06/08/2023,AQS,1,0.04,ppm,37,Pico Rivera #2,17,100,44201,Ozone,47,31080,"Los Angeles-Long Beach-Anaheim, CA",6,California,37,Los Angeles,34.01029,-118.0685
06/09/2023,AQS,1,0.039,ppm,36,Pico Rivera #2,17,100,44201,Ozone,47,31080,"Los Angeles-Long Beach-Anaheim, CA",6,California,37,Los Angeles,34.01029,-118.0685
06/10/2023,AQS,1,0.042,ppm,39,Pico Rivera #2,17,100,44201,Ozone,47,31080,"Los Angeles-Long Beach-Anaheim, CA",6,California,37,Los Angeles,34.01029,-118.0685
06/11/2023,AQS,1,0.036,ppm,33,Pico Rivera #2,17,100,44201,Ozone,47,31080,"Los Angeles-Long Beach-Anaheim, CA",6,California,37,Los Angeles,34.01029,-118.0685
06/12/2023,AQS,1,0.037,ppm,34,Pico Rivera #2,17,100,44201,Ozone,47,31080,"Los Angeles-Long Beach-Anaheim, CA",6,California,37,Los Angeles,34.01029,-118.0685
06/13/2023,AQS,1,0.04,ppm,37,Pico Rivera #2,17,100,44201,Ozone,47,31080,"Los Angeles-Long Beach-Anaheim, CA",6,California,37,Los Angeles,34.01029,-118.0685
06/14/2023,AQS,1,0.031,ppm,29,Pico Rivera #2,17,100,44201,Ozone,47,31080,"Los Angeles-Long Beach-Anaheim, CA",6,California,37,Los Angeles,34.01029,-118.0685
06/15/2023,AQS,1,0.035,ppm,32,Pico Rivera #2,17,100,44201,Ozone,47,31080,"Los Angeles-Long Beach-Anaheim, CA",6,California,37,Los Angeles,34.01029,-118.0685
06/16/2023,AQS,1,0.041,ppm,38,Pico Rivera #2,17,100,44201,Ozone,47,31080,"Los Angeles-Long Beach-Anaheim, CA",6,California,37,Los Angeles,34.01029,-118.0685
06/17/2023,AQS,1,0.049,ppm,45,Pico Rivera #2,17,100,44201,Ozone,47,31080,"Los Angeles-Long Beach-Anaheim, CA",6,California,37,Los Angeles,34.01029,-118.0685
06/18/2023,AQS,1,0.044,ppm,41,Pico Rivera #2,17,100,44201,Ozone,47,31080,"Los Angeles-Long Beach-Anaheim, CA",6,California,37,Los Angeles,34.01029,-118.0685
06/19/2023,AQS,1,0.039,ppm,36,Pico Rivera #2,17,100,44201,Ozone,47,31080,"Los Angeles-Long Beach-Anaheim, CA",6,California,37,Los Angeles,34.01029,-118.0685
06/20/2023,AQS,1,0.05,ppm,46,Pico Rivera #2,17,100,44201,Ozone,47,31080,"Los Angeles-Long Beach-Anaheim, CA",6,California,37,Los Angeles,34.01029,-118.0685
06/21/2023,AQS,1,0.054,ppm,50,Pico Rivera #2,17,100,44201,Ozone,47,31080,"Los Angeles-Long Beach-Anaheim, CA",6,California,37,Los Angeles,34.01029,-118.0685
06/22/2023,AQS,1,0.04,ppm,37,Pico Rivera #2,17,100,44201,Ozone,47,31080,"Los Angeles-Long Beach-Anaheim, CA",6,California,37,Los Angeles,34.01029,-118.0685
06/23/2023,AQS,1,0.045,ppm,42,Pico Rivera #2,17,100,44201,Ozone,47,31080,"Los Angeles-Long Beach-Anaheim, CA",6,California,37,Los Angeles,34.01029,-118.0685
06/24/2023,AQS,1,0.049,ppm,45,Pico Rivera #2,17,100,44201,Ozone,47,31080,"Los Angeles-Long Beach-Anaheim, CA",6,California,37,Los Angeles,34.01029,-118.0685
06/25/2023,AQS,1,0.05,ppm,46,Pico Rivera #2,17,100,44201,Ozone,47,31080,"Los Angeles-Long Beach-Anaheim, CA",6,California,37,Los Angeles,34.01029,-118.0685
06/26/2023,AQS,1,0.047,ppm,44,Pico Rivera #2,17,100,44201,Ozone,47,31080,"Los Angeles-Long Beach-Anaheim, CA",6,California,37,Los Angeles,34.01029,-118.0685
06/27/2023,AQS,1,0.05,ppm,46,Pico Rivera #2,17,100,44201,Ozone,47,31080,"Los Angeles-Long Beach-Anaheim, CA",6,California,37,Los Angeles,34.01029,-118.0685
06/28/2023,AQS,1,0.046,ppm,43,Pico Rivera #2,17,100,44201,Ozone,47,31080,"Los Angeles-Long Beach-Anaheim, CA",6,California,37,Los Angeles,34.01029,-118.0685
06/29/2023,AQS,1,0.053,ppm,49,Pico Rivera #2,17,100,44201,Ozone,47,31080,"Los Angeles-Long Beach-Anaheim, CA",6,California,37,Los Angeles,34.01029,-118.0685
06/30/2023,AQS,1,0.053,ppm,49,Pico Rivera #2,14,82,44201,Ozone,47,31080,"Los Angeles-Long Beach-Anaheim, CA",6,California,37,Los Angeles,34.01029,-118.0685
07/01/2023,AQS,1,0.068,ppm,93,Pico Rivera #2,17,100,44201,Ozone,47,31080,"Los Angeles-Long Beach-Anaheim, CA",6,California,37,Los Angeles,34.01029,-118.0685
07/02/2023,AQS,1,0.063,ppm,77,Pico Rivera #2,17,100,44201,Ozone,47,31080,"Los Angeles-Long Beach-Anaheim, CA",6,California,37,Los Angeles,34.01029,-118.0685
07/03/2023,AQS,1,0.054,ppm,50,Pico Rivera #2,17,100,44201,Ozone,47,31080,"Los Angeles-Long Beach-Anaheim, CA",6,California,37,Los Angeles,34.01029,-118.0685
07/04/2023,AQS,1,0.054,ppm,50,Pico Rivera #2,17,100,44201,Ozone,47,31080,"Los Angeles-Long Beach-Anaheim, CA",6,California,37,Los Angeles,34.01029,-118.0685
07/05/2023,AQS,1,0.053,ppm,49,Pico Rivera #2,17,100,44201,Ozone,47,31080,"Los Angeles-Long Beach-Anaheim, CA",6,California,37,Los Angeles,34.01029,-118.0685
07/06/2023,AQS,1,0.05,ppm,46,Pico Rivera #2,14,82,44201,Ozone,47,31080,"Los Angeles-Long Beach-Anaheim, CA",6,California,37,Los Angeles,34.01029,-118.0685
07/07/2023,AQS,1,0.053,ppm,49,Pico Rivera #2,14,82,44201,Ozone,47,31080,"Los Angeles-Long Beach-Anaheim, CA",6,California,37,Los Angeles,34.01029,-118.0685
07/08/2023,AQS,1,0.06,ppm,67,Pico Rivera #2,17,100,44201,Ozone,47,31080,"Los Angeles-Long Beach-Anaheim, CA",6,California,37,Los Angeles,34.01029,-118.0685
07/09/2023,AQS,1,0.059,ppm,64,Pico Rivera #2,17,100,44201,Ozone,47,31080,"Los Angeles-Long Beach-Anaheim, CA",6,California,37,Los Angeles,34.01029,-118.0685
07/10/2023,AQS,1,0.06,ppm,67,Pico Rivera #2,17,100,44201,Ozone,47,31080,"Los Angeles-Long Beach-Anaheim, CA",6,California,37,Los Angeles,34.01029,-118.0685
07/11/2023,AQS,1,0.066,ppm,87,Pico Rivera #2,17,100,44201,Ozone,47,31080,"Los Angeles-Long Beach-Anaheim, CA",6,California,37,Los Angeles,34.01029,-118.0685
07/12/2023,AQS,1,0.061,ppm,71,Pico Rivera #2,17,100,44201,Ozone,47,31080,"Los Angeles-Long Beach-Anaheim, CA",6,California,37,Los Angeles,34.01029,-118.0685
07/13/2023,AQS,1,0.046,ppm,43,Pico Rivera #2,13,76,44201,Ozone,47,31080,"Los Angeles-Long Beach-Anaheim, CA",6,California,37,Los Angeles,34.01029,-118.0685
07/14/2023,AQS,1,0.069,ppm,97,Pico Rivera #2,17,100,44201,Ozone,47,31080,"Los Angeles-Long Beach-Anaheim, CA",6,California,37,Los Angeles,34.01029,-118.0685
07/15/2023,AQS,1,0.063,ppm,77,Pico Rivera #2,17,100,44201,Ozone,47,31080,"Los Angeles-Long Beach-Anaheim, CA",6,California,37,Los Angeles,34.01029,-118.0685
07/16/2023,AQS,1,0.062,ppm,74,Pico Rivera #2,17,100,44201,Ozone,47,31080,"Los Angeles-Long Beach-Anaheim, CA",6,California,37,Los Angeles,34.01029,-118.0685
07/17/2023,AQS,1,0.061,ppm,71,Pico Rivera #2,17,100,44201,Ozone,47,31080,"Los Angeles-Long Beach-Anaheim, CA",6,California,37,Los Angeles,34.01029,-118.0685
07/18/2023,AQS,1,0.055,ppm,51,Pico Rivera #2,17,100,44201,Ozone,47,31080,"Los Angeles-Long Beach-Anaheim, CA",6,California,37,Los Angeles,34.01029,-118.0685
07/19/2023,AQS,1,0.052,ppm,48,Pico Rivera #2,17,100,44201,Ozone,47,31080,"Los Angeles-Long Beach-Anaheim, CA",6,California,37,Los Angeles,34.01029,-118.0685
07/20/2023,AQS,1,0.061,ppm,71,Pico Rivera #2,17,100,44201,Ozone,47,31080,"Los Angeles-Long Beach-Anaheim, CA",6,California,37,Los Angeles,34.01029,-118.0685
07/21/2023,AQS,1,0.05,ppm,46,Pico Rivera #2,17,100,44201,Ozone,47,31080,"Los Angeles-Long Beach-Anaheim, CA",6,California,37,Los Angeles,34.01029,-118.0685
07/22/2023,AQS,1,0.069,ppm,97,Pico Rivera #2,17,100,44201,Ozone,47,31080,"Los Angeles-Long Beach-Anaheim, CA",6,California,37,Los Angeles,34.01029,-118.0685
07/23/2023,AQS,1,0.052,ppm,48,Pico Rivera #2,17,100,44201,Ozone,47,31080,"Los Angeles-Long Beach-Anaheim, CA",6,California,37,Los Angeles,34.01029,-118.0685
07/24/2023,AQS,1,0.065,ppm,84,Pico Rivera #2,17,100,44201,Ozone,47,31080,"Los Angeles-Long Beach-Anaheim, CA",6,California,37,Los Angeles,34.01029,-118.0685
07/25/2023,AQS,1,0.072,ppm,105,Pico Rivera #2,17,100,44201,Ozone,47,31080,"Los Angeles-Long Beach-Anaheim, CA",6,California,37,Los Angeles,34.01029,-118.0685
07/26/2023,AQS,1,0.057,ppm,58,Pico Rivera #2,17,100,44201,Ozone,47,31080,"Los Angeles-Long Beach-Anaheim, CA",6,California,37,Los Angeles,34.01029,-118.0685
07/27/2023,AQS,1,0.062,ppm,74,Pico Rivera #2,17,100,44201,Ozone,47,31080,"Los Angeles-Long Beach-Anaheim, CA",6,California,37,Los Angeles,34.01029,-118.0685
07/28/2023,AQS,1,0.056,ppm,54,Pico Rivera #2,17,100,44201,Ozone,47,31080,"Los Angeles-Long Beach-Anaheim, CA",6,California,37,Los Angeles,34.01029,-118.0685
07/29/2023,AQS,1,0.07,ppm,100,Pico Rivera #2,17,100,44201,Ozone,47,31080,"Los Angeles-Long Beach-Anaheim, CA",6,California,37,Los Angeles,34.01029,-118.0685
07/30/2023,AQS,1,0.058,ppm,61,Pico Rivera #2,17,100,44201,Ozone,47,31080,"Los Angeles-Long Beach-Anaheim, CA",6,California,37,Los Angeles,34.01029,-118.0685
07/31/2023,AQS,1,0.049,ppm,45,Pico Rivera #2,17,100,44201,Ozone,47,31080,"Los Angeles-Long Beach-Anaheim, CA",6,California,37,Los Angeles,34.01029,-118.0685
08/01/2023,AQS,1,0.056,ppm,54,Pico Rivera #2,17,100,44201,Ozone,47,31080,"Los Angeles-Long Beach-Anaheim, CA",6,California,37,Los Angeles,34.01029,-118.0685
08/02/2023,AQS,1,0.057,ppm,58,Pico Rivera #2,17,100,44201,Ozone,47,31080,"Los Angeles-Long Beach-Anaheim, CA",6,California,37,Los Angeles,34.01029,-118.0685
08/03/2023,AQS,1,0.056,ppm,54,Pico Rivera #2,17,100,44201,Ozone,47,31080,"Los Angeles-Long Beach-Anaheim, CA",6,California,37,Los Angeles,34.01029,-118.0685
08/04/2023,AQS,1,0.059,ppm,64,Pico Rivera #2,17,100,44201,Ozone,47,31080,"Los Angeles-Long Beach-Anaheim, CA",6,California,37,Los Angeles,34.01029,-118.0685
08/05/2023,AQS,1,0.067,ppm,90,Pico Rivera #2,17,100,44201,Ozone,47,31080,"Los Angeles-Long Beach-Anaheim, CA",6,California,37,Los Angeles,34.01029,-118.0685
08/06/2023,AQS,1,0.075,ppm,115,Pico Rivera #2,17,100,44201,Ozone,47,31080,"Los Angeles-Long Beach-Anaheim, CA",6,California,37,Los Angeles,34.01029,-118.0685
08/10/2023,AQS,1,0.035,ppm,32,Pico Rivera #2,17,100,44201,Ozone,87,31080,"Los Angeles-Long Beach-Anaheim, CA",6,California,37,Los Angeles,34.01029,-118.0685
08/12/2023,AQS,1,0.05,ppm,46,Pico Rivera #2,17,100,44201,Ozone,87,31080,"Los Angeles-Long Beach-Anaheim, CA",6,California,37,Los Angeles,34.01029,-118.0685
08/13/2023,AQS,1,0.052,ppm,48,Pico Rivera #2,17,100,44201,Ozone,87,31080,"Los Angeles-Long Beach-Anaheim, CA",6,California,37,Los Angeles,34.01029,-118.0685
08/14/2023,AQS,1,0.042,ppm,39,Pico Rivera #2,17,100,44201,Ozone,87,31080,"Los Angeles-Long Beach-Anaheim, CA",6,California,37,Los Angeles,34.01029,-118.0685
08/15/2023,AQS,1,0.045,ppm,42,Pico Rivera #2,17,100,44201,Ozone,87,31080,"Los Angeles-Long Beach-Anaheim, CA",6,California,37,Los Angeles,34.01029,-118.0685
08/16/2023,AQS,1,0.045,ppm,42,Pico Rivera #2,17,100,44201,Ozone,87,31080,"Los Angeles-Long Beach-Anaheim, CA",6,California,37,Los Angeles,34.01029,-118.0685
08/17/2023,AQS,1,0.053,ppm,49,Pico Rivera #2,17,100,44201,Ozone,87,31080,"Los Angeles-Long Beach-Anaheim, CA",6,California,37,Los Angeles,34.01029,-118.0685
08/18/2023,AQS,1,0.048,ppm,44,Pico Rivera #2,17,100,44201,Ozone,87,31080,"Los Angeles-Long Beach-Anaheim, CA",6,California,37,Los Angeles,34.01029,-118.0685
08/19/2023,AQS,1,0.045,ppm,42,Pico Rivera #2,17,100,44201,Ozone,87,31080,"Los Angeles-Long Beach-Anaheim, CA",6,California,37,Los Angeles,34.01029,-118.0685
08/20/2023,AQS,1,0.026,ppm,24,Pico Rivera #2,17,100,44201,Ozone,87,31080,"Los Angeles-Long Beach-Anaheim, CA",6,California,37,Los Angeles,34.01029,-118.0685
08/21/2023,AQS,1,0.039,ppm,36,Pico Rivera #2,17,100,44201,Ozone,87,31080,"Los Angeles-Long Beach-Anaheim, CA",6,California,37,Los Angeles,34.01029,-118.0685
08/22/2023,AQS,1,0.041,ppm,38,Pico Rivera #2,17,100,44201,Ozone,87,31080,"Los Angeles-Long Beach-Anaheim, CA",6,California,37,Los Angeles,34.01029,-118.0685
08/23/2023,AQS,1,0.045,ppm,42,Pico Rivera #2,17,100,44201,Ozone,87,31080,"Los Angeles-Long Beach-Anaheim, CA",6,California,37,Los Angeles,34.01029,-118.0685
08/24/2023,AQS,1,0.045,ppm,42,Pico Rivera #2,17,100,44201,Ozone,87,31080,"Los Angeles-Long Beach-Anaheim, CA",6,California,37,Los Angeles,34.01029,-118.0685
08/25/2023,AQS,1,0.046,ppm,43,Pico Rivera #2,17,100,44201,Ozone,87,31080,"Los Angeles-Long Beach-Anaheim, CA",6,California,37,Los Angeles,34.01029,-118.0685
08/26/2023,AQS,1,0.055,ppm,51,Pico Rivera #2,17,100,44201,Ozone,87,31080,"Los Angeles-Long Beach-Anaheim, CA",6,California,37,Los Angeles,34.01029,-118.0685
08/27/2023,AQS,1,0.067,ppm,90,Pico Rivera #2,17,100,44201,Ozone,87,31080,"Los Angeles-Long Beach-Anaheim, CA",6,California,37,Los Angeles,34.01029,-118.0685
08/28/2023,AQS,1,0.075,ppm,115,Pico Rivera #2,17,100,44201,Ozone,87,31080,"Los Angeles-Long Beach-Anaheim, CA",6,California,37,Los Angeles,34.01029,-118.0685
08/29/2023,AQS,1,0.09,ppm,161,Pico Rivera #2,17,100,44201,Ozone,87,31080,"Los Angeles-Long Beach-Anaheim, CA",6,California,37,Los Angeles,34.01029,-118.0685
08/30/2023,AQS,1,0.061,ppm,71,Pico Rivera #2,17,100,44201,Ozone,87,31080,"Los Angeles-Long Beach-Anaheim, CA",6,California,37,Los Angeles,34.01029,-118.0685
08/31/2023,AQS,1,0.051,ppm,47,Pico Rivera #2,17,100,44201,Ozone,87,31080,"Los Angeles-Long Beach-Anaheim, CA",6,California,37,Los Angeles,34.01029,-118.0685
09/01/2023,AQS,1,0.041,ppm,38,Pico Rivera #2,17,100,44201,Ozone,87,31080,"Los Angeles-Long Beach-Anaheim, CA",6,California,37,Los Angeles,34.01029,-118.0685
09/02/2023,AQS,1,0.024,ppm,22,Pico Rivera #2,17,100,44201,Ozone,87,31080,"Los Angeles-Long Beach-Anaheim, CA",6,California,37,Los Angeles,34.01029,-118.0685
09/03/2023,AQS,1,0.035,ppm,32,Pico Rivera #2,17,100,44201,Ozone,87,31080,"Los Angeles-Long Beach-Anaheim, CA",6,California,37,Los Angeles,34.01029,-118.0685
09/04/2023,AQS,1,0.045,ppm,42,Pico Rivera #2,17,100,44201,Ozone,87,31080,"Los Angeles-Long Beach-Anaheim, CA",6,California,37,Los Angeles,34.01029,-118.0685
09/05/2023,AQS,1,0.034,ppm,31,Pico Rivera #2,17,100,44201,Ozone,87,31080,"Los Angeles-Long Beach-Anaheim, CA",6,California,37,Los Angeles,34.01029,-118.0685
09/06/2023,AQS,1,0.055,ppm,51,Pico Rivera #2,17,100,44201,Ozone,87,31080,"Los Angeles-Long Beach-Anaheim, CA",6,California,37,Los Angeles,34.01029,-118.0685
09/07/2023,AQS,1,0.069,ppm,97,Pico Rivera #2,17,100,44201,Ozone,87,31080,"Los Angeles-Long Beach-Anaheim, CA",6,California,37,Los Angeles,34.01029,-118.0685
09/08/2023,AQS,1,0.071,ppm,101,Pico Rivera #2,17,100,44201,Ozone,87,31080,"Los Angeles-Long Beach-Anaheim, CA",6,California,37,Los Angeles,34.01029,-118.0685
09/09/2023,AQS,1,0.054,ppm,50,Pico Rivera #2,17,100,44201,Ozone,87,31080,"Los Angeles-Long Beach-Anaheim, CA",6,California,37,Los Angeles,34.01029,-118.0685
09/10/2023,AQS,1,0.063,ppm,77,Pico Rivera #2,17,100,44201,Ozone,87,31080,"Los Angeles-Long Beach-Anaheim, CA",6,California,37,Los Angeles,34.01029,-118.0685
09/11/2023,AQS,1,0.041,ppm,38,Pico Rivera #2,17,100,44201,Ozone,87,31080,"Los Angeles-Long Beach-Anaheim, CA",6,California,37,Los Angeles,34.01029,-118.0685
09/12/2023,AQS,1,0.044,ppm,41,Pico Rivera #2,17,100,44201,Ozone,87,31080,"Los Angeles-Long Beach-Anaheim, CA",6,California,37,Los Angeles,34.01029,-118.0685
09/13/2023,AQS,1,0.048,ppm,44,Pico Rivera #2,17,100,44201,Ozone,87,31080,"Los Angeles-Long Beach-Anaheim, CA",6,California,37,Los Angeles,34.01029,-118.0685
09/14/2023,AQS,1,0.054,ppm,50,Pico Rivera #2,17,100,44201,Ozone,87,31080,"Los Angeles-Long Beach-Anaheim, CA",6,California,37,Los Angeles,34.01029,-118.0685
09/15/2023,AQS,1,0.049,ppm,45,Pico Rivera #2,17,100,44201,Ozone,87,31080,"Los Angeles-Long Beach-Anaheim, CA",6,California,37,Los Angeles,34.01029,-118.0685
09/16/2023,AQS,1,0.042,ppm,39,Pico Rivera #2,17,100,44201,Ozone,87,31080,"Los Angeles-Long Beach-Anaheim, CA",6,California,37,Los Angeles,34.01029,-118.0685
09/17/2023,AQS,1,0.044,ppm,41,Pico Rivera #2,17,100,44201,Ozone,87,31080,"Los Angeles-Long Beach-Anaheim, CA",6,California,37,Los Angeles,34.01029,-118.0685
09/18/2023,AQS,1,0.054,ppm,50,Pico Rivera #2,17,100,44201,Ozone,87,31080,"Los Angeles-Long Beach-Anaheim, CA",6,California,37,Los Angeles,34.01029,-118.0685
09/19/2023,AQS,1,0.048,ppm,44,Pico Rivera #2,17,100,44201,Ozone,87,31080,"Los Angeles-Long Beach-Anaheim, CA",6,California,37,Los Angeles,34.01029,-118.0685
09/20/2023,AQS,1,0.047,ppm,44,Pico Rivera #2,17,100,44201,Ozone,87,31080,"Los Angeles-Long Beach-Anaheim, CA",6,California,37,Los Angeles,34.01029,-118.0685
09/21/2023,AQS,1,0.046,ppm,43,Pico Rivera #2,17,100,44201,Ozone,87,31080,"Los Angeles-Long Beach-Anaheim, CA",6,California,37,Los Angeles,34.01029,-118.0685
09/22/2023,AQS,1,0.043,ppm,40,Pico Rivera #2,17,100,44201,Ozone,87,31080,"Los Angeles-Long Beach-Anaheim, CA",6,California,37,Los Angeles,34.01029,-118.0685
09/23/2023,AQS,1,0.062,ppm,74,Pico Rivera #2,17,100,44201,Ozone,87,31080,"Los Angeles-Long Beach-Anaheim, CA",6,California,37,Los Angeles,34.01029,-118.0685
09/24/2023,AQS,1,0.065,ppm,84,Pico Rivera #2,17,100,44201,Ozone,87,31080,"Los Angeles-Long Beach-Anaheim, CA",6,California,37,Los Angeles,34.01029,-118.0685
09/25/2023,AQS,1,0.055,ppm,51,Pico Rivera #2,17,100,44201,Ozone,87,31080,"Los Angeles-Long Beach-Anaheim, CA",6,California,37,Los Angeles,34.01029,-118.0685
09/26/2023,AQS,1,0.049,ppm,45,Pico Rivera #2,17,100,44201,Ozone,87,31080,"Los Angeles-Long Beach-Anaheim, CA",6,California,37,Los Angeles,34.01029,-118.0685
09/27/2023,AQS,1,0.055,ppm,51,Pico Rivera #2,17,100,44201,Ozone,87,31080,"Los Angeles-Long Beach-Anaheim, CA",6,California,37,Los Angeles,34.01029,-118.0685
09/28/2023,AQS,1,0.056,ppm,54,Pico Rivera #2,17,100,44201,Ozone,87,31080,"Los Angeles-Long Beach-Anaheim, CA",6,California,37,Los Angeles,34.01029,-118.0685
10/05/2023,AQS,1,0.05,ppm,46,Pico Rivera #2,17,100,44201,Ozone,87,31080,"Los Angeles-Long Beach-Anaheim, CA",6,California,37,Los Angeles,34.01029,-118.0685
10/06/2023,AQS,1,0.058,ppm,61,Pico Rivera #2,17,100,44201,Ozone,87,31080,"Los Angeles-Long Beach-Anaheim, CA",6,California,37,Los Angeles,34.01029,-118.0685
10/07/2023,AQS,1,0.079,ppm,129,Pico Rivera #2,17,100,44201,Ozone,87,31080,"Los Angeles-Long Beach-Anaheim, CA",6,California,37,Los Angeles,34.01029,-118.0685
10/08/2023,AQS,1,0.061,ppm,71,Pico Rivera #2,17,100,44201,Ozone,87,31080,"Los Angeles-Long Beach-Anaheim, CA",6,California,37,Los Angeles,34.01029,-118.0685
10/09/2023,AQS,1,0.041,ppm,38,Pico Rivera #2,17,100,44201,Ozone,87,31080,"Los Angeles-Long Beach-Anaheim, CA",6,California,37,Los Angeles,34.01029,-118.0685
10/10/2023,AQS,1,0.045,ppm,42,Pico Rivera #2,17,100,44201,Ozone,87,31080,"Los Angeles-Long Beach-Anaheim, CA",6,California,37,Los Angeles,34.01029,-118.0685
10/11/2023,AQS,1,0.044,ppm,41,Pico Rivera #2,17,100,44201,Ozone,87,31080,"Los Angeles-Long Beach-Anaheim, CA",6,California,37,Los Angeles,34.01029,-118.0685
10/12/2023,AQS,1,0.052,ppm,48,Pico Rivera #2,17,100,44201,Ozone,87,31080,"Los Angeles-Long Beach-Anaheim, CA",6,California,37,Los Angeles,34.01029,-118.0685
10/13/2023,AQS,1,0.05,ppm,46,Pico Rivera #2,17,100,44201,Ozone,87,31080,"Los Angeles-Long Beach-Anaheim, CA",6,California,37,Los Angeles,34.01029,-118.0685
10/14/2023,AQS,1,0.056,ppm,54,Pico Rivera #2,17,100,44201,Ozone,87,31080,"Los Angeles-Long Beach-Anaheim, CA",6,California,37,Los Angeles,34.01029,-118.0685
10/15/2023,AQS,1,0.07,ppm,100,Pico Rivera #2,17,100,44201,Ozone,87,31080,"Los Angeles-Long Beach-Anaheim, CA",6,California,37,Los Angeles,34.01029,-118.0685
10/16/2023,AQS,1,0.061,ppm,71,Pico Rivera #2,17,100,44201,Ozone,87,31080,"Los Angeles-Long Beach-Anaheim, CA",6,California,37,Los Angeles,34.01029,-118.0685
10/17/2023,AQS,1,0.058,ppm,61,Pico Rivera #2,17,100,44201,Ozone,87,31080,"Los Angeles-Long Beach-Anaheim, CA",6,California,37,Los Angeles,34.01029,-118.0685
10/19/2023,AQS,1,0.063,ppm,77,Pico Rivera #2,17,100,44201,Ozone,87,31080,"Los Angeles-Long Beach-Anaheim, CA",6,California,37,Los Angeles,34.01029,-118.0685
10/20/2023,AQS,1,0.054,ppm,50,Pico Rivera #2,17,100,44201,Ozone,87,31080,"Los Angeles-Long Beach-Anaheim, CA",6,California,37,Los Angeles,34.01029,-118.0685
10/21/2023,AQS,1,0.046,ppm,43,Pico Rivera #2,17,100,44201,Ozone,87,31080,"Los Angeles-Long Beach-Anaheim, CA",6,California,37,Los Angeles,34.01029,-118.0685
10/22/2023,AQS,1,0.038,ppm,35,Pico Rivera #2,17,100,44201,Ozone,87,31080,"Los Angeles-Long Beach-Anaheim, CA",6,California,37,Los Angeles,34.01029,-118.0685
10/23/2023,AQS,1,0.034,ppm,31,Pico Rivera #2,17,100,44201,Ozone,87,31080,"Los Angeles-Long Beach-Anaheim, CA",6,California,37,Los Angeles,34.01029,-118.0685
10/24/2023,AQS,1,0.037,ppm,34,Pico Rivera #2,17,100,44201,Ozone,87,31080,"Los Angeles-Long Beach-Anaheim, CA",6,California,37,Los Angeles,34.01029,-118.0685
10/25/2023,AQS,1,0.036,ppm,33,Pico Rivera #2,17,100,44201,Ozone,87,31080,"Los Angeles-Long Beach-Anaheim, CA",6,California,37,Los Angeles,34.01029,-118.0685
10/26/2023,AQS,1,0.039,ppm,36,Pico Rivera #2,17,100,44201,Ozone,87,31080,"Los Angeles-Long Beach-Anaheim, CA",6,California,37,Los Angeles,34.01029,-118.0685
10/27/2023,AQS,1,0.043,ppm,40,Pico Rivera #2,17,100,44201,Ozone,87,31080,"Los Angeles-Long Beach-Anaheim, CA",6,California,37,Los Angeles,34.01029,-118.0685
10/28/2023,AQS,1,0.048,ppm,44,Pico Rivera #2,17,100,44201,Ozone,87,31080,"Los Angeles-Long Beach-Anaheim, CA",6,California,37,Los Angeles,34.01029,-118.0685
10/29/2023,AQS,1,0.05,ppm,46,Pico Rivera #2,17,100,44201,Ozone,87,31080,"Los Angeles-Long Beach-Anaheim, CA",6,California,37,Los Angeles,34.01029,-118.0685
10/30/2023,AQS,1,0.039,ppm,36,Pico Rivera #2,17,100,44201,Ozone,87,31080,"Los Angeles-Long Beach-Anaheim, CA",6,California,37,Los Angeles,34.01029,-118.0685
10/31/2023,AQS,1,0.043,ppm,40,Pico Rivera #2,17,100,44201,Ozone,87,31080,"Los Angeles-Long Beach-Anaheim, CA",6,California,37,Los Angeles,34.01029,-118.0685
11/01/2023,AQS,1,0.044,ppm,41,Pico Rivera #2,17,100,44201,Ozone,87,31080,"Los Angeles-Long Beach-Anaheim, CA",6,California,37,Los Angeles,34.01029,-118.0685
11/02/2023,AQS,1,0.041,ppm,38,Pico Rivera #2,17,100,44201,Ozone,87,31080,"Los Angeles-Long Beach-Anaheim, CA",6,California,37,Los Angeles,34.01029,-118.0685
11/03/2023,AQS,1,0.059,ppm,64,Pico Rivera #2,17,100,44201,Ozone,87,31080,"Los Angeles-Long Beach-Anaheim, CA",6,California,37,Los Angeles,34.01029,-118.0685
11/04/2023,AQS,1,0.061,ppm,71,Pico Rivera #2,17,100,44201,Ozone,87,31080,"Los Angeles-Long Beach-Anaheim, CA",6,California,37,Los Angeles,34.01029,-118.0685
11/05/2023,AQS,1,0.073,ppm,108,Pico Rivera #2,17,100,44201,Ozone,87,31080,"Los Angeles-Long Beach-Anaheim, CA",6,California,37,Los Angeles,34.01029,-118.0685
11/06/2023,AQS,1,0.042,ppm,39,Pico Rivera #2,17,100,44201,Ozone,87,31080,"Los Angeles-Long Beach-Anaheim, CA",6,California,37,Los Angeles,34.01029,-118.0685
11/07/2023,AQS,1,0.036,ppm,33,Pico Rivera #2,17,100,44201,Ozone,87,31080,"Los Angeles-Long Beach-Anaheim, CA",6,California,37,Los Angeles,34.01029,-118.0685
11/08/2023,AQS,1,0.038,ppm,35,Pico Rivera #2,17,100,44201,Ozone,87,31080,"Los Angeles-Long Beach-Anaheim, CA",6,California,37,Los Angeles,34.01029,-118.0685
11/09/2023,AQS,1,0.036,ppm,33,Pico Rivera #2,17,100,44201,Ozone,87,31080,"Los Angeles-Long Beach-Anaheim, CA",6,California,37,Los Angeles,34.01029,-118.0685
11/10/2023,AQS,1,0.032,ppm,30,Pico Rivera #2,17,100,44201,Ozone,87,31080,"Los Angeles-Long Beach-Anaheim, CA",6,California,37,Los Angeles,34.01029,-118.0685
11/11/2023,AQS,1,0.042,ppm,39,Pico Rivera #2,17,100,44201,Ozone,87,31080,"Los Angeles-Long Beach-Anaheim, CA",6,California,37,Los Angeles,34.01029,-118.0685
11/12/2023,AQS,1,0.047,ppm,44,Pico Rivera #2,17,100,44201,Ozone,87,31080,"Los Angeles-Long Beach-Anaheim, CA",6,California,37,Los Angeles,34.01029,-118.0685
11/13/2023,AQS,1,0.045,ppm,42,Pico Rivera #2,17,100,44201,Ozone,87,31080,"Los Angeles-Long Beach-Anaheim, CA",6,California,37,Los Angeles,34.01029,-118.0685
11/14/2023,AQS,1,0.037,ppm,34,Pico Rivera #2,17,100,44201,Ozone,87,31080,"Los Angeles-Long Beach-Anaheim, CA",6,California,37,Los Angeles,34.01029,-118.0685
11/15/2023,AQS,1,0.02,ppm,19,Pico Rivera #2,17,100,44201,Ozone,87,31080,"Los Angeles-Long Beach-Anaheim, CA",6,California,37,Los Angeles,34.01029,-118.0685
11/16/2023,AQS,1,0.03,ppm,28,Pico Rivera #2,17,100,44201,Ozone,87,31080,"Los Angeles-Long Beach-Anaheim, CA",6,California,37,Los Angeles,34.01029,-118.0685
11/17/2023,AQS,1,0.033,ppm,31,Pico Rivera #2,17,100,44201,Ozone,87,31080,"Los Angeles-Long Beach-Anaheim, CA",6,California,37,Los Angeles,34.01029,-118.0685
11/18/2023,AQS,1,0.032,ppm,30,Pico Rivera #2,17,100,44201,Ozone,87,31080,"Los Angeles-Long Beach-Anaheim, CA",6,California,37,Los Angeles,34.01029,-118.0685
11/19/2023,AQS,1,0.04,ppm,37,Pico Rivera #2,17,100,44201,Ozone,87,31080,"Los Angeles-Long Beach-Anaheim, CA",6,California,37,Los Angeles,34.01029,-118.0685
11/20/2023,AQS,1,0.034,ppm,31,Pico Rivera #2,17,100,44201,Ozone,87,31080,"Los Angeles-Long Beach-Anaheim, CA",6,California,37,Los Angeles,34.01029,-118.0685
11/21/2023,AQS,1,0.031,ppm,29,Pico Rivera #2,17,100,44201,Ozone,87,31080,"Los Angeles-Long Beach-Anaheim, CA",6,California,37,Los Angeles,34.01029,-118.0685
11/22/2023,AQS,1,0.029,ppm,27,Pico Rivera #2,17,100,44201,Ozone,87,31080,"Los Angeles-Long Beach-Anaheim, CA",6,California,37,Los Angeles,34.01029,-118.0685
11/23/2023,AQS,1,0.043,ppm,40,Pico Rivera #2,17,100,44201,Ozone,87,31080,"Los Angeles-Long Beach-Anaheim, CA",6,California,37,Los Angeles,34.01029,-118.0685
11/24/2023,AQS,1,0.039,ppm,36,Pico Rivera #2,17,100,44201,Ozone,87,31080,"Los Angeles-Long Beach-Anaheim, CA",6,California,37,Los Angeles,34.01029,-118.0685
11/25/2023,AQS,1,0.035,ppm,32,Pico Rivera #2,17,100,44201,Ozone,87,31080,"Los Angeles-Long Beach-Anaheim, CA",6,California,37,Los Angeles,34.01029,-118.0685
11/26/2023,AQS,1,0.029,ppm,27,Pico Rivera #2,17,100,44201,Ozone,87,31080,"Los Angeles-Long Beach-Anaheim, CA",6,California,37,Los Angeles,34.01029,-118.0685
11/27/2023,AQS,1,0.027,ppm,25,Pico Rivera #2,17,100,44201,Ozone,87,31080,"Los Angeles-Long Beach-Anaheim, CA",6,California,37,Los Angeles,34.01029,-118.0685
11/28/2023,AQS,1,0.029,ppm,27,Pico Rivera #2,17,100,44201,Ozone,87,31080,"Los Angeles-Long Beach-Anaheim, CA",6,California,37,Los Angeles,34.01029,-118.0685
11/29/2023,AQS,1,0.031,ppm,29,Pico Rivera #2,17,100,44201,Ozone,87,31080,"Los Angeles-Long Beach-Anaheim, CA",6,California,37,Los Angeles,34.01029,-118.0685
11/30/2023,AQS,1,0.03,ppm,28,Pico Rivera #2,17,100,44201,Ozone,87,31080,"Los Angeles-Long Beach-Anaheim, CA",6,California,37,Los Angeles,34.01029,-118.0685
12/01/2023,AQS,1,0.032,ppm,30,Pico Rivera #2,17,100,44201,Ozone,87,31080,"Los Angeles-Long Beach-Anaheim, CA",6,California,37,Los Angeles,34.01029,-118.0685
12/02/2023,AQS,1,0.039,ppm,36,Pico Rivera #2,17,100,44201,Ozone,87,31080,"Los Angeles-Long Beach-Anaheim, CA",6,California,37,Los Angeles,34.01029,-118.0685
12/03/2023,AQS,1,0.036,ppm,33,Pico Rivera #2,17,100,44201,Ozone,87,31080,"Los Angeles-Long Beach-Anaheim, CA",6,California,37,Los Angeles,34.01029,-118.0685
12/04/2023,AQS,1,0.029,ppm,27,Pico Rivera #2,17,100,44201,Ozone,87,31080,"Los Angeles-Long Beach-Anaheim, CA",6,California,37,Los Angeles,34.01029,-118.0685
12/05/2023,AQS,1,0.025,ppm,23,Pico Rivera #2,17,100,44201,Ozone,87,31080,"Los Angeles-Long Beach-Anaheim, CA",6,California,37,Los Angeles,34.01029,-118.0685
12/06/2023,AQS,1,0.031,ppm,29,Pico Rivera #2,17,100,44201,Ozone,87,31080,"Los Angeles-Long Beach-Anaheim, CA",6,California,37,Los Angeles,34.01029,-118.0685
12/07/2023,AQS,1,0.031,ppm,29,Pico Rivera #2,17,100,44201,Ozone,87,31080,"Los Angeles-Long Beach-Anaheim, CA",6,California,37,Los Angeles,34.01029,-118.0685
12/09/2023,AQS,1,0.033,ppm,31,Pico Rivera #2,17,100,44201,Ozone,87,31080,"Los Angeles-Long Beach-Anaheim, CA",6,California,37,Los Angeles,34.01029,-118.0685
12/10/2023,AQS,1,0.038,ppm,35,Pico Rivera #2,17,100,44201,Ozone,87,31080,"Los Angeles-Long Beach-Anaheim, CA",6,California,37,Los Angeles,34.01029,-118.0685
12/11/2023,AQS,1,0.023,ppm,21,Pico Rivera #2,17,100,44201,Ozone,87,31080,"Los Angeles-Long Beach-Anaheim, CA",6,California,37,Los Angeles,34.01029,-118.0685
12/13/2023,AQS,1,0.029,ppm,27,Pico Rivera #2,17,100,44201,Ozone,87,31080,"Los Angeles-Long Beach-Anaheim, CA",6,California,37,Los Angeles,34.01029,-118.0685
12/15/2023,AQS,1,0.026,ppm,24,Pico Rivera #2,17,100,44201,Ozone,87,31080,"Los Angeles-Long Beach-Anaheim, CA",6,California,37,Los Angeles,34.01029,-118.0685
12/16/2023,AQS,1,0.029,ppm,27,Pico Rivera #2,17,100,44201,Ozone,87,31080,"Los Angeles-Long Beach-Anaheim, CA",6,California,37,Los Angeles,34.01029,-118.0685
12/17/2023,AQS,1,0.022,ppm,20,Pico Rivera #2,17,100,44201,Ozone,87,31080,"Los Angeles-Long Beach-Anaheim, CA",6,California,37,Los Angeles,34.01029,-118.0685
12/18/2023,AQS,1,0.015,ppm,14,Pico Rivera #2,17,100,44201,Ozone,87,31080,"Los Angeles-Long Beach-Anaheim, CA",6,California,37,Los Angeles,34.01029,-118.0685
12/19/2023,AQS,1,0.025,ppm,23,Pico Rivera #2,17,100,44201,Ozone,87,31080,"Los Angeles-Long Beach-Anaheim, CA",6,California,37,Los Angeles,34.01029,-118.0685
12/20/2023,AQS,1,0.023,ppm,21,Pico Rivera #2,17,100,44201,Ozone,87,31080,"Los Angeles-Long Beach-Anaheim, CA",6,California,37,Los Angeles,34.01029,-118.0685
12/21/2023,AQS,1,0.025,ppm,23,Pico Rivera #2,17,100,44201,Ozone,87,31080,"Los Angeles-Long Beach-Anaheim, CA",6,California,37,Los Angeles,34.01029,-118.0685
12/22/2023,AQS,1,0.033,ppm,31,Pico Rivera #2,17,100,44201,Ozone,87,31080,"Los Angeles-Long Beach-Anaheim, CA",6,California,37,Los Angeles,34.01029,-118.0685
12/23/2023,AQS,1,0.029,ppm,27,Pico Rivera #2,17,100,44201,Ozone,87,31080,"Los Angeles-Long Beach-Anaheim, CA",6,California,37,Los Angeles,34.01029,-118.0685
12/24/2023,AQS,1,0.034,ppm,31,Pico Rivera #2,17,100,44201,Ozone,87,31080,"Los Angeles-Long Beach-Anaheim, CA",6,California,37,Los Angeles,34.01029,-118.0685
12/25/2023,AQS,1,0.036,ppm,33,Pico Rivera #2,17,100,44201,Ozone,87,31080,"Los Angeles-Long Beach-Anaheim, CA",6,California,37,Los Angeles,34.01029,-118.0685
12/26/2023,AQS,1,0.012,ppm,11,Pico Rivera #2,17,100,44201,Ozone,87,31080,"Los Angeles-Long Beach-Anaheim, CA",6,California,37,Los Angeles,34.01029,-118.0685
12/27/2023,AQS,1,0.018,ppm,17,Pico Rivera #2,17,100,44201,Ozone,87,31080,"Los Angeles-Long Beach-Anaheim, CA",6,California,37,Los Angeles,34.01029,-118.0685
12/28/2023,AQS,1,0.025,ppm,23,Pico Rivera #2,17,100,44201,Ozone,87,31080,"Los Angeles-Long Beach-Anaheim, CA",6,California,37,Los Angeles,34.01029,-118.0685
12/29/2023,AQS,1,0.024,ppm,22,Pico Rivera #2,17,100,44201,Ozone,87,31080,"Los Angeles-Long Beach-Anaheim, CA",6,California,37,Los Angeles,34.01029,-118.0685
12/30/2023,AQS,1,0.034,ppm,31,Pico Rivera #2,17,100,44201,Ozone,87,31080,"Los Angeles-Long Beach-Anaheim, CA",6,California,37,Los Angeles,34.01029,-118.0685
01/01/2024,AQS,1,0.035,ppm,32,Pico Rivera #2,17,100,44201,Ozone,87,31080,"Los Angeles-Long Beach-Anaheim, CA",6,California,37,Los Angeles,34.01029,-118.0685
01/03/2024,AQS,1,0.032,ppm,30,Pico Rivera #2,17,100,44201,Ozone,87,31080,"Los Angeles-Long Beach-Anaheim, CA",6,California,37,Los Angeles,34.01029,-118.0685
01/04/2024,AQS,1,0.02,ppm,19,Pico Rivera #2,17,100,44201,Ozone,87,31080,"Los Angeles-Long Beach-Anaheim, CA",6,California,37,Los Angeles,34.01029,-118.0685
01/05/2024,AQS,1,0.021,ppm,19,Pico Rivera #2,17,100,44201,Ozone,87,31080,"Los Angeles-Long Beach-Anaheim, CA",6,California,37,Los Angeles,34.01029,-118.0685
01/06/2024,AQS,1,0.034,ppm,31,Pico Rivera #2,17,100,44201,Ozone,87,31080,"Los Angeles-Long Beach-Anaheim, CA",6,California,37,Los Angeles,34.01029,-118.0685
01/07/2024,AQS,1,0.036,ppm,33,Pico Rivera #2,17,100,44201,Ozone,87,31080,"Los Angeles-Long Beach-Anaheim, CA",6,California,37,Los Angeles,34.01029,-118.0685
01/08/2024,AQS,1,0.029,ppm,27,Pico Rivera #2,17,100,44201,Ozone,87,31080,"Los Angeles-Long Beach-Anaheim, CA",6,California,37,Los Angeles,34.01029,-118.0685
01/09/2024,AQS,1,0.022,ppm,20,Pico Rivera #2,17,100,44201,Ozone,87,31080,"Los Angeles-Long Beach-Anaheim, CA",6,California,37,Los Angeles,34.01029,-118.0685
01/10/2024,AQS,1,0.026,ppm,24,Pico Rivera #2,17,100,44201,Ozone,87,31080,"Los Angeles-Long Beach-Anaheim, CA",6,California,37,Los Angeles,34.01029,-118.0685
01/11/2024,AQS,1,0.04,ppm,37,Pico Rivera #2,17,100,44201,Ozone,87,31080,"Los Angeles-Long Beach-Anaheim, CA",6,California,37,Los Angeles,34.01029,-118.0685
01/12/2024,AQS,1,0.029,ppm,27,Pico Rivera #2,17,100,44201,Ozone,87,31080,"Los Angeles-Long Beach-Anaheim, CA",6,California,37,Los Angeles,34.01029,-118.0685
01/13/2024,AQS,1,0.034,ppm,31,Pico Rivera #2,17,100,44201,Ozone,87,31080,"Los Angeles-Long Beach-Anaheim, CA",6,California,37,Los Angeles,34.01029,-118.0685
01/14/2024,AQS,1,0.04,ppm,37,Pico Rivera #2,17,100,44201,Ozone,87,31080,"Los Angeles-Long Beach-Anaheim, CA",6,California,37,Los Angeles,34.01029,-118.0685
01/15/2024,AQS,1,0.033,ppm,31,Pico Rivera #2,17,100,44201,Ozone,87,31080,"Los Angeles-Long Beach-Anaheim, CA",6,California,37,Los Angeles,34.01029,-118.0685
01/16/2024,AQS,1,0.029,ppm,27,Pico Rivera #2,17,100,44201,Ozone,87,31080,"Los Angeles-Long Beach-Anaheim, CA",6,California,37,Los Angeles,34.01029,-118.0685
01/17/2024,AQS,1,0.02,ppm,19,Pico Rivera #2,17,100,44201,Ozone,87,31080,"Los Angeles-Long Beach-Anaheim, CA",6,California,37,Los Angeles,34.01029,-118.0685
01/18/2024,AQS,1,0.031,ppm,29,Pico Rivera #2,17,100,44201,Ozone,87,31080,"Los Angeles-Long Beach-Anaheim, CA",6,California,37,Los Angeles,34.01029,-118.0685
01/19/2024,AQS,1,0.024,ppm,22,Pico Rivera #2,17,100,44201,Ozone,87,31080,"Los Angeles-Long Beach-Anaheim, CA",6,California,37,Los Angeles,34.01029,-118.0685
01/20/2024,AQS,1,0.024,ppm,22,Pico Rivera #2,17,100,44201,Ozone,87,31080,"Los Angeles-Long Beach-Anaheim, CA",6,California,37,Los Angeles,34.01029,-118.0685
01/21/2024,AQS,1,0.034,ppm,31,Pico Rivera #2,17,100,44201,Ozone,87,31080,"Los Angeles-Long Beach-Anaheim, CA",6,California,37,Los Angeles,34.01029,-118.0685
01/22/2024,AQS,1,0.027,ppm,25,Pico Rivera #2,17,100,44201,Ozone,87,31080,"Los Angeles-Long Beach-Anaheim, CA",6,California,37,Los Angeles,34.01029,-118.0685
01/23/2024,AQS,1,0.029,ppm,27,Pico Rivera #2,17,100,44201,Ozone,87,31080,"Los Angeles-Long Beach-Anaheim, CA",6,California,37,Los Angeles,34.01029,-118.0685
01/24/2024,AQS,1,0.027,ppm,25,Pico Rivera #2,17,100,44201,Ozone,87,31080,"Los Angeles-Long Beach-Anaheim, CA",6,California,37,Los Angeles,34.01029,-118.0685
01/25/2024,AQS,1,0.029,ppm,27,Pico Rivera #2,17,100,44201,Ozone,87,31080,"Los Angeles-Long Beach-Anaheim, CA",6,California,37,Los Angeles,34.01029,-118.0685
01/26/2024,AQS,1,0.028,ppm,26,Pico Rivera #2,17,100,44201,Ozone,87,31080,"Los Angeles-Long Beach-Anaheim, CA",6,California,37,Los Angeles,34.01029,-118.0685
01/27/2024,AQS,1,0.034,ppm,31,Pico Rivera #2,17,100,44201,Ozone,87,31080,"Los Angeles-Long Beach-Anaheim, CA",6,California,37,Los Angeles,34.01029,-118.0685
01/28/2024,AQS,1,0.036,ppm,33,Pico Rivera #2,17,100,44201,Ozone,87,31080,"Los Angeles-Long Beach-Anaheim, CA",6,California,37,Los Angeles,34.01029,-118.0685
01/29/2024,AQS,1,0.038,ppm,35,Pico Rivera #2,17,100,44201,Ozone,87,31080,"Los Angeles-Long Beach-Anaheim, CA",6,California,37,Los Angeles,34.01029,-118.0685
01/31/2024,AQS,1,0.045,ppm,42,Pico Rivera #2,17,100,44201,Ozone,87,31080,"Los Angeles-Long Beach-Anaheim, CA",6,California,37,Los Angeles,34.01029,-118.0685
02/01/2024,AQS,1,0.03,ppm,28,Pico Rivera #2,17,100,44201,Ozone,87,31080,"Los Angeles-Long Beach-Anaheim, CA",6,California,37,Los Angeles,34.01029,-118.0685
02/02/2024,AQS,1,0.037,ppm,34,Pico Rivera #2,17,100,44201,Ozone,87,31080,"Los Angeles-Long Beach-Anaheim, CA",6,California,37,Los Angeles,34.01029,-118.0685
02/03/2024,AQS,1,0.04,ppm,37,Pico Rivera #2,17,100,44201,Ozone,87,31080,"Los Angeles-Long Beach-Anaheim, CA",6,California,37,Los Angeles,34.01029,-118.0685
02/04/2024,AQS,1,0.036,ppm,33,Pico Rivera #2,17,100,44201,Ozone,87,31080,"Los Angeles-Long Beach-Anaheim, CA",6,California,37,Los Angeles,34.01029,-118.0685
02/05/2024,AQS,1,0.023,ppm,21,Pico Rivera #2,17,100,44201,Ozone,87,31080,"Los Angeles-Long Beach-Anaheim, CA",6,California,37,Los Angeles,34.01029,-118.0685
02/06/2024,AQS,1,0.03,ppm,28,Pico Rivera #2,17,100,44201,Ozone,87,31080,"Los Angeles-Long Beach-Anaheim, CA",6,California,37,Los Angeles,34.01029,-118.0685
02/07/2024,AQS,1,0.037,ppm,34,Pico Rivera #2,17,100,44201,Ozone,87,31080,"Los Angeles-Long Beach-Anaheim, CA",6,California,37,Los Angeles,34.01029,-118.0685
02/08/2024,AQS,1,0.037,ppm,34,Pico Rivera #2,17,100,44201,Ozone,87,31080,"Los Angeles-Long Beach-Anaheim, CA",6,California,37,Los Angeles,34.01029,-118.0685
02/09/2024,AQS,1,0.037,ppm,34,Pico Rivera #2,17,100,44201,Ozone,87,31080,"Los Angeles-Long Beach-Anaheim, CA",6,California,37,Los Angeles,34.01029,-118.0685
02/10/2024,AQS,1,0.04,ppm,37,Pico Rivera #2,17,100,44201,Ozone,87,31080,"Los Angeles-Long Beach-Anaheim, CA",6,California,37,Los Angeles,34.01029,-118.0685
02/11/2024,AQS,1,0.04,ppm,37,Pico Rivera #2,17,100,44201,Ozone,87,31080,"Los Angeles-Long Beach-Anaheim, CA",6,California,37,Los Angeles,34.01029,-118.0685
02/12/2024,AQS,1,0.04,ppm,37,Pico Rivera #2,17,100,44201,Ozone,87,31080,"Los Angeles-Long Beach-Anaheim, CA",6,California,37,Los Angeles,34.01029,-118.0685
02/13/2024,AQS,1,0.036,ppm,33,Pico Rivera #2,17,100,44201,Ozone,87,31080,"Los Angeles-Long Beach-Anaheim, CA",6,California,37,Los Angeles,34.01029,-118.0685
02/14/2024,AQS,1,0.041,ppm,38,Pico Rivera #2,17,100,44201,Ozone,87,31080,"Los Angeles-Long Beach-Anaheim, CA",6,California,37,Los Angeles,34.01029,-118.0685
02/15/2024,AQS,1,0.037,ppm,34,Pico Rivera #2,17,100,44201,Ozone,87,31080,"Los Angeles-Long Beach-Anaheim, CA",6,California,37,Los Angeles,34.01029,-118.0685
02/16/2024,AQS,1,0.033,ppm,31,Pico Rivera #2,17,100,44201,Ozone,87,31080,"Los Angeles-Long Beach-Anaheim, CA",6,California,37,Los Angeles,34.01029,-118.0685
02/17/2024,AQS,1,0.034,ppm,31,Pico Rivera #2,17,100,44201,Ozone,87,31080,"Los Angeles-Long Beach-Anaheim, CA",6,California,37,Los Angeles,34.01029,-118.0685
02/18/2024,AQS,1,0.036,ppm,33,Pico Rivera #2,17,100,44201,Ozone,87,31080,"Los Angeles-Long Beach-Anaheim, CA",6,California,37,Los Angeles,34.01029,-118.0685
02/19/2024,AQS,1,0.029,ppm,27,Pico Rivera #2,17,100,44201,Ozone,87,31080,"Los Angeles-Long Beach-Anaheim, CA",6,California,37,Los Angeles,34.01029,-118.0685
02/20/2024,AQS,1,0.025,ppm,23,Pico Rivera #2,17,100,44201,Ozone,87,31080,"Los Angeles-Long Beach-Anaheim, CA",6,California,37,Los Angeles,34.01029,-118.0685
02/21/2024,AQS,1,0.038,ppm,35,Pico Rivera #2,17,100,44201,Ozone,87,31080,"Los Angeles-Long Beach-Anaheim, CA",6,California,37,Los Angeles,34.01029,-118.0685
02/22/2024,AQS,1,0.038,ppm,35,Pico Rivera #2,17,100,44201,Ozone,87,31080,"Los Angeles-Long Beach-Anaheim, CA",6,California,37,Los Angeles,34.01029,-118.0685
02/23/2024,AQS,1,0.032,ppm,30,Pico Rivera #2,13,76,44201,Ozone,87,31080,"Los Angeles-Long Beach-Anaheim, CA",6,California,37,Los Angeles,34.01029,-118.0685
02/24/2024,AQS,1,0.04,ppm,37,Pico Rivera #2,17,100,44201,Ozone,87,31080,"Los Angeles-Long Beach-Anaheim, CA",6,California,37,Los Angeles,34.01029,-118.0685
02/25/2024,AQS,1,0.038,ppm,35,Pico Rivera #2,17,100,44201,Ozone,87,31080,"Los Angeles-Long Beach-Anaheim, CA",6,California,37,Los Angeles,34.01029,-118.0685
02/26/2024,AQS,1,0.027,ppm,25,Pico Rivera #2,17,100,44201,Ozone,87,31080,"Los Angeles-Long Beach-Anaheim, CA",6,California,37,Los Angeles,34.01029,-118.0685
02/27/2024,AQS,1,0.031,ppm,29,Pico Rivera #2,17,100,44201,Ozone,87,31080,"Los Angeles-Long Beach-Anaheim, CA",6,California,37,Los Angeles,34.01029,-118.0685
02/28/2024,AQS,1,0.038,ppm,35,Pico Rivera #2,17,100,44201,Ozone,87,31080,"Los Angeles-Long Beach-Anaheim, CA",6,California,37,Los Angeles,34.01029,-118.0685
02/29/2024,AQS,1,0.038,ppm,35,Pico Rivera #2,17,100,44201,Ozone,87,31080,"Los Angeles-Long Beach-Anaheim, CA",6,California,37,Los Angeles,34.01029,-118.0685
03/01/2024,AQS,1,0.037,ppm,34,Pico Rivera #2,17,100,44201,Ozone,87,31080,"Los Angeles-Long Beach-Anaheim, CA",6,California,37,Los Angeles,34.01029,-118.0685
03/02/2024,AQS,1,0.037,ppm,34,Pico Rivera #2,17,100,44201,Ozone,87,31080,"Los Angeles-Long Beach-Anaheim, CA",6,California,37,Los Angeles,34.01029,-118.0685
03/03/2024,AQS,1,0.039,ppm,36,Pico Rivera #2,17,100,44201,Ozone,87,31080,"Los Angeles-Long Beach-Anaheim, CA",6,California,37,Los Angeles,34.01029,-118.0685
03/04/2024,AQS,1,0.04,ppm,37,Pico Rivera #2,17,100,44201,Ozone,87,31080,"Los Angeles-Long Beach-Anaheim, CA",6,California,37,Los Angeles,34.01029,-118.0685
03/05/2024,AQS,1,0.04,ppm,37,Pico Rivera #2,17,100,44201,Ozone,87,31080,"Los Angeles-Long Beach-Anaheim, CA",6,California,37,Los Angeles,34.01029,-118.0685
03/06/2024,AQS,1,0.032,ppm,30,Pico Rivera #2,17,100,44201,Ozone,87,31080,"Los Angeles-Long Beach-Anaheim, CA",6,California,37,Los Angeles,34.01029,-118.0685
03/07/2024,AQS,1,0.031,ppm,29,Pico Rivera #2,17,100,44201,Ozone,87,31080,"Los Angeles-Long Beach-Anaheim, CA",6,California,37,Los Angeles,34.01029,-118.0685
03/08/2024,AQS,1,0.038,ppm,35,Pico Rivera #2,17,100,44201,Ozone,87,31080,"Los Angeles-Long Beach-Anaheim, CA",6,California,37,Los Angeles,34.01029,-118.0685
03/09/2024,AQS,1,0.044,ppm,41,Pico Rivera #2,17,100,44201,Ozone,87,31080,"Los Angeles-Long Beach-Anaheim, CA",6,California,37,Los Angeles,34.01029,-118.0685
03/10/2024,AQS,1,0.045,ppm,42,Pico Rivera #2,17,100,44201,Ozone,87,31080,"Los Angeles-Long Beach-Anaheim, CA",6,California,37,Los Angeles,34.01029,-118.0685
03/11/2024,AQS,1,0.041,ppm,38,Pico Rivera #2,17,100,44201,Ozone,87,31080,"Los Angeles-Long Beach-Anaheim, CA",6,California,37,Los Angeles,34.01029,-118.0685
03/12/2024,AQS,1,0.042,ppm,39,Pico Rivera #2,17,100,44201,Ozone,87,31080,"Los Angeles-Long Beach-Anaheim, CA",6,California,37,Los Angeles,34.01029,-118.0685
03/13/2024,AQS,1,0.041,ppm,38,Pico Rivera #2,17,100,44201,Ozone,87,31080,"Los Angeles-Long Beach-Anaheim, CA",6,California,37,Los Angeles,34.01029,-118.0685
03/14/2024,AQS,1,0.044,ppm,41,Pico Rivera #2,17,100,44201,Ozone,87,31080,"Los Angeles-Long Beach-Anaheim, CA",6,California,37,Los Angeles,34.01029,-118.0685
03/15/2024,AQS,1,0.041,ppm,38,Pico Rivera #2,17,100,44201,Ozone,87,31080,"Los Angeles-Long Beach-Anaheim, CA",6,California,37,Los Angeles,34.01029,-118.0685
03/16/2024,AQS,1,0.047,ppm,44,Pico Rivera #2,17,100,44201,Ozone,87,31080,"Los Angeles-Long Beach-Anaheim, CA",6,California,37,Los Angeles,34.01029,-118.0685
03/17/2024,AQS,1,0.045,ppm,42,Pico Rivera #2,17,100,44201,Ozone,87,31080,"Los Angeles-Long Beach-Anaheim, CA",6,California,37,Los Angeles,34.01029,-118.0685
03/18/2024,AQS,1,0.044,ppm,41,Pico Rivera #2,17,100,44201,Ozone,87,31080,"Los Angeles-Long Beach-Anaheim, CA",6,California,37,Los Angeles,34.01029,-118.0685
03/19/2024,AQS,1,0.047,ppm,44,Pico Rivera #2,17,100,44201,Ozone,87,31080,"Los Angeles-Long Beach-Anaheim, CA",6,California,37,Los Angeles,34.01029,-118.0685
03/20/2024,AQS,1,0.046,ppm,43,Pico Rivera #2,17,100,44201,Ozone,87,31080,"Los Angeles-Long Beach-Anaheim, CA",6,California,37,Los Angeles,34.01029,-118.0685
03/21/2024,AQS,1,0.048,ppm,44,Pico Rivera #2,17,100,44201,Ozone,87,31080,"Los Angeles-Long Beach-Anaheim, CA",6,California,37,Los Angeles,34.01029,-118.0685
03/22/2024,AQS,1,0.045,ppm,42,Pico Rivera #2,17,100,44201,Ozone,87,31080,"Los Angeles-Long Beach-Anaheim, CA",6,California,37,Los Angeles,34.01029,-118.0685
03/23/2024,AQS,1,0.041,ppm,38,Pico Rivera #2,17,100,44201,Ozone,87,31080,"Los Angeles-Long Beach-Anaheim, CA",6,California,37,Los Angeles,34.01029,-118.0685
03/24/2024,AQS,1,0.04,ppm,37,Pico Rivera #2,17,100,44201,Ozone,87,31080,"Los Angeles-Long Beach-Anaheim, CA",6,California,37,Los Angeles,34.01029,-118.0685
03/25/2024,AQS,1,0.038,ppm,35,Pico Rivera #2,17,100,44201,Ozone,87,31080,"Los Angeles-Long Beach-Anaheim, CA",6,California,37,Los Angeles,34.01029,-118.0685
03/26/2024,AQS,1,0.045,ppm,42,Pico Rivera #2,14,82,44201,Ozone,87,31080,"Los Angeles-Long Beach-Anaheim, CA",6,California,37,Los Angeles,34.01029,-118.0685
03/27/2024,AQS,1,0.049,ppm,45,Pico Rivera #2,17,100,44201,Ozone,87,31080,"Los Angeles-Long Beach-Anaheim, CA",6,California,37,Los Angeles,34.01029,-118.0685
03/28/2024,AQS,1,0.039,ppm,36,Pico Rivera #2,17,100,44201,Ozone,87,31080,"Los Angeles-Long Beach-Anaheim, CA",6,California,37,Los Angeles,34.01029,-118.0685
03/29/2024,AQS,1,0.046,ppm,43,Pico Rivera #2,17,100,44201,Ozone,87,31080,"Los Angeles-Long Beach-Anaheim, CA",6,California,37,Los Angeles,34.01029,-118.0685
03/30/2024,AQS,1,0.041,ppm,38,Pico Rivera #2,17,100,44201,Ozone,87,31080,"Los Angeles-Long Beach-Anaheim, CA",6,California,37,Los Angeles,34.01029,-118.0685
03/31/2024,AQS,1,0.043,ppm,40,Pico Rivera #2,17,100,44201,Ozone,87,31080,"Los Angeles-Long Beach-Anaheim, CA",6,California,37,Los Angeles,34.01029,-118.0685
04/01/2024,AQS,1,0.044,ppm,41,Pico Rivera #2,17,100,44201,Ozone,87,31080,"Los Angeles-Long Beach-Anaheim, CA",6,California,37,Los Angeles,34.01029,-118.0685
04/02/2024,AQS,1,0.048,ppm,44,Pico Rivera #2,17,100,44201,Ozone,87,31080,"Los Angeles-Long Beach-Anaheim, CA",6,California,37,Los Angeles,34.01029,-118.0685
04/03/2024,AQS,1,0.047,ppm,44,Pico Rivera #2,17,100,44201,Ozone,87,31080,"Los Angeles-Long Beach-Anaheim, CA",6,California,37,Los Angeles,34.01029,-118.0685
04/04/2024,AQS,1,0.04,ppm,37,Pico Rivera #2,17,100,44201,Ozone,87,31080,"Los Angeles-Long Beach-Anaheim, CA",6,California,37,Los Angeles,34.01029,-118.0685
04/05/2024,AQS,1,0.046,ppm,43,Pico Rivera #2,17,100,44201,Ozone,87,31080,"Los Angeles-Long Beach-Anaheim, CA",6,California,37,Los Angeles,34.01029,-118.0685
04/06/2024,AQS,1,0.049,ppm,45,Pico Rivera #2,17,100,44201,Ozone,87,31080,"Los Angeles-Long Beach-Anaheim, CA",6,California,37,Los Angeles,34.01029,-118.0685
04/07/2024,AQS,1,0.048,ppm,44,Pico Rivera #2,17,100,44201,Ozone,87,31080,"Los Angeles-Long Beach-Anaheim, CA",6,California,37,Los Angeles,34.01029,-118.0685
04/08/2024,AQS,1,0.045,ppm,42,Pico Rivera #2,17,100,44201,Ozone,87,31080,"Los Angeles-Long Beach-Anaheim, CA",6,California,37,Los Angeles,34.01029,-118.0685
04/09/2024,AQS,1,0.054,ppm,50,Pico Rivera #2,17,100,44201,Ozone,87,31080,"Los Angeles-Long Beach-Anaheim, CA",6,California,37,Los Angeles,34.01029,-118.0685
04/10/2024,AQS,1,0.057,ppm,58,Pico Rivera #2,17,100,44201,Ozone,87,31080,"Los Angeles-Long Beach-Anaheim, CA",6,California,37,Los Angeles,34.01029,-118.0685
04/11/2024,AQS,1,0.064,ppm,80,Pico Rivera #2,17,100,44201,Ozone,87,31080,"Los Angeles-Long Beach-Anaheim, CA",6,California,37,Los Angeles,34.01029,-118.0685
04/12/2024,AQS,1,0.047,ppm,44,Pico Rivera #2,17,100,44201,Ozone,87,31080,"Los Angeles-Long Beach-Anaheim, CA",6,California,37,Los Angeles,34.01029,-118.0685
04/13/2024,AQS,1,0.052,ppm,48,Pico Rivera #2,17,100,44201,Ozone,87,31080,"Los Angeles-Long Beach-Anaheim, CA",6,California,37,Los Angeles,34.01029,-118.0685
04/14/2024,AQS,1,0.044,ppm,41,Pico Rivera #2,17,100,44201,Ozone,87,31080,"Los Angeles-Long Beach-Anaheim, CA",6,California,37,Los Angeles,34.01029,-118.0685
04/15/2024,AQS,1,0.054,ppm,50,Pico Rivera #2,17,100,44201,Ozone,87,31080,"Los Angeles-Long Beach-Anaheim, CA",6,California,37,Los Angeles,34.01029,-118.0685
04/16/2024,AQS,1,0.056,ppm,54,Pico Rivera #2,17,100,44201,Ozone,87,31080,"Los Angeles-Long Beach-Anaheim, CA",6,California,37,Los Angeles,34.01029,-118.0685
04/17/2024,AQS,1,0.055,ppm,51,Pico Rivera #2,17,100,44201,Ozone,87,31080,"Los Angeles-Long Beach-Anaheim, CA",6,California,37,Los Angeles,34.01029,-118.0685
04/18/2024,AQS,1,0.05,ppm,46,Pico Rivera #2,17,100,44201,Ozone,87,31080,"Los Angeles-Long Beach-Anaheim, CA",6,California,37,Los Angeles,34.01029,-118.0685
04/19/2024,AQS,1,0.056,ppm,54,Pico Rivera #2,17,100,44201,Ozone,87,31080,"Los Angeles-Long Beach-Anaheim, CA",6,California,37,Los Angeles,34.01029,-118.0685
04/20/2024,AQS,1,0.061,ppm,71,Pico Rivera #2,17,100,44201,Ozone,87,31080,"Los Angeles-Long Beach-Anaheim, CA",6,California,37,Los Angeles,34.01029,-118.0685
04/21/2024,AQS,1,0.061,ppm,71,Pico Rivera #2,17,100,44201,Ozone,87,31080,"Los Angeles-Long Beach-Anaheim, CA",6,California,37,Los Angeles,34.01029,-118.0685
04/22/2024,AQS,1,0.053,ppm,49,Pico Rivera #2,17,100,44201,Ozone,87,31080,"Los Angeles-Long Beach-Anaheim, CA",6,California,37,Los Angeles,34.01029,-118.0685
04/23/2024,AQS,1,0.05,ppm,46,Pico Rivera #2,17,100,44201,Ozone,87,31080,"Los Angeles-Long Beach-Anaheim, CA",6,California,37,Los Angeles,34.01029,-118.0685
04/24/2024,AQS,1,0.046,ppm,43,Pico Rivera #2,17,100,44201,Ozone,87,31080,"Los Angeles-Long Beach-Anaheim, CA",6,California,37,Los Angeles,34.01029,-118.0685
04/25/2024,AQS,1,0.04,ppm,37,Pico Rivera #2,17,100,44201,Ozone,87,31080,"Los Angeles-Long Beach-Anaheim, CA",6,California,37,Los Angeles,34.01029,-118.0685
04/26/2024,AQS,1,0.038,ppm,35,Pico Rivera #2,17,100,44201,Ozone,87,31080,"Los Angeles-Long Beach-Anaheim, CA",6,California,37,Los Angeles,34.01029,-118.0685
04/27/2024,AQS,1,0.048,ppm,44,Pico Rivera #2,17,100,44201,Ozone,87,31080,"Los Angeles-Long Beach-Anaheim, CA",6,California,37,Los Angeles,34.01029,-118.0685
04/28/2024,AQS,1,0.054,ppm,50,Pico Rivera #2,17,100,44201,Ozone,87,31080,"Los Angeles-Long Beach-Anaheim, CA",6,California,37,Los Angeles,34.01029,-118.0685
04/29/2024,AQS,1,0.049,ppm,45,Pico Rivera #2,17,100,44201,Ozone,87,31080,"Los Angeles-Long Beach-Anaheim, CA",6,California,37,Los Angeles,34.01029,-118.0685
04/30/2024,AQS,1,0.056,ppm,54,Pico Rivera #2,17,100,44201,Ozone,87,31080,"Los Angeles-Long Beach-Anaheim, CA",6,California,37,Los Angeles,34.01029,-118.0685
05/01/2024,AQS,1,0.057,ppm,58,Pico Rivera #2,17,100,44201,Ozone,87,31080,"Los Angeles-Long Beach-Anaheim, CA",6,California,37,Los Angeles,34.01029,-118.0685
05/02/2024,AQS,1,0.058,ppm,61,Pico Rivera #2,13,76,44201,Ozone,87,31080,"Los Angeles-Long Beach-Anaheim, CA",6,California,37,Los Angeles,34.01029,-118.0685
05/03/2024,AQS,1,0.056,ppm,54,Pico Rivera #2,17,100,44201,Ozone,87,31080,"Los Angeles-Long Beach-Anaheim, CA",6,California,37,Los Angeles,34.01029,-118.0685
05/04/2024,AQS,1,0.047,ppm,44,Pico Rivera #2,17,100,44201,Ozone,87,31080,"Los Angeles-Long Beach-Anaheim, CA",6,California,37,Los Angeles,34.01029,-118.0685
05/05/2024,AQS,1,0.045,ppm,42,Pico Rivera #2,17,100,44201,Ozone,87,31080,"Los Angeles-Long Beach-Anaheim, CA",6,California,37,Los Angeles,34.01029,-118.0685
05/06/2024,AQS,1,0.047,ppm,44,Pico Rivera #2,17,100,44201,Ozone,87,31080,"Los Angeles-Long Beach-Anaheim, CA",6,California,37,Los Angeles,34.01029,-118.0685
05/07/2024,AQS,1,0.056,ppm,54,Pico Rivera #2,17,100,44201,Ozone,87,31080,"Los Angeles-Long Beach-Anaheim, CA",6,California,37,Los Angeles,34.01029,-118.0685
05/08/2024,AQS,1,0.053,ppm,49,Pico Rivera #2,17,100,44201,Ozone,87,31080,"Los Angeles-Long Beach-Anaheim, CA",6,California,37,Los Angeles,34.01029,-118.0685
05/11/2024,AQS,1,0.051,ppm,47,Pico Rivera #2,17,100,44201,Ozone,87,31080,"Los Angeles-Long Beach-Anaheim, CA",6,California,37,Los Angeles,34.01029,-118.0685
05/12/2024,AQS,1,0.062,ppm,74,Pico Rivera #2,17,100,44201,Ozone,87,31080,"Los Angeles-Long Beach-Anaheim, CA",6,California,37,Los Angeles,34.01029,-118.0685
05/13/2024,AQS,1,0.046,ppm,43,Pico Rivera #2,17,100,44201,Ozone,87,31080,"Los Angeles-Long Beach-Anaheim, CA",6,California,37,Los Angeles,34.01029,-118.0685
05/14/2024,AQS,1,0.052,ppm,48,Pico Rivera #2,13,76,44201,Ozone,87,31080,"Los Angeles-Long Beach-Anaheim, CA",6,California,37,Los Angeles,34.01029,-118.0685
05/15/2024,AQS,1,0.042,ppm,39,Pico Rivera #2,17,100,44201,Ozone,87,31080,"Los Angeles-Long Beach-Anaheim, CA",6,California,37,Los Angeles,34.01029,-118.0685
05/16/2024,AQS,1,0.045,ppm,42,Pico Rivera #2,17,100,44201,Ozone,87,31080,"Los Angeles-Long Beach-Anaheim, CA",6,California,37,Los Angeles,34.01029,-118.0685
05/18/2024,AQS,1,0.046,ppm,43,Pico Rivera #2,17,100,44201,Ozone,87,31080,"Los Angeles-Long Beach-Anaheim, CA",6,California,37,Los Angeles,34.01029,-118.0685
05/19/2024,AQS,1,0.053,ppm,49,Pico Rivera #2,17,100,44201,Ozone,87,31080,"Los Angeles-Long Beach-Anaheim, CA",6,California,37,Los Angeles,34.01029,-118.0685
05/20/2024,AQS,1,0.047,ppm,44,Pico Rivera #2,17,100,44201,Ozone,87,31080,"Los Angeles-Long Beach-Anaheim, CA",6,California,37,Los Angeles,34.01029,-118.0685
05/21/2024,AQS,1,0.05,ppm,46,Pico Rivera #2,17,100,44201,Ozone,87,31080,"Los Angeles-Long Beach-Anaheim, CA",6,California,37,Los Angeles,34.01029,-118.0685
05/23/2024,AirNow,1,0.046,ppm,43,Pico Rivera #2,22,92,44201,Ozone,,31080,"Los Angeles-Long Beach-Anaheim, CA",6,California,37,Los Angeles,34.01029,-118.0685
05/24/2024,AQS,1,0.045,ppm,42,Pico Rivera #2,15,88,44201,Ozone,87,31080,"Los Angeles-Long Beach-Anaheim, CA",6,California,37,Los Angeles,34.01029,-118.0685
05/25/2024,AQS,1,0.042,ppm,39,Pico Rivera #2,17,100,44201,Ozone,87,31080,"Los Angeles-Long Beach-Anaheim, CA",6,California,37,Los Angeles,34.01029,-118.0685
05/26/2024,AQS,1,0.042,ppm,39,Pico Rivera #2,17,100,44201,Ozone,87,31080,"Los Angeles-Long Beach-Anaheim, CA",6,California,37,Los Angeles,34.01029,-118.0685
05/27/2024,AQS,1,0.054,ppm,50,Pico Rivera #2,17,100,44201,Ozone,87,31080,"Los Angeles-Long Beach-Anaheim, CA",6,California,37,Los Angeles,34.01029,-118.0685
05/28/2024,AQS,1,0.046,ppm,43,Pico Rivera #2,17,100,44201,Ozone,87,31080,"Los Angeles-Long Beach-Anaheim, CA",6,California,37,Los Angeles,34.01029,-118.0685
05/29/2024,AQS,1,0.051,ppm,47,Pico Rivera #2,17,100,44201,Ozone,87,31080,"Los Angeles-Long Beach-Anaheim, CA",6,California,37,Los Angeles,34.01029,-118.0685
05/30/2024,AQS,1,0.053,ppm,49,Pico Rivera #2,17,100,44201,Ozone,87,31080,"Los Angeles-Long Beach-Anaheim, CA",6,California,37,Los Angeles,34.01029,-118.0685
05/31/2024,AQS,1,0.054,ppm,50,Pico Rivera #2,17,100,44201,Ozone,87,31080,"Los Angeles-Long Beach-Anaheim, CA",6,California,37,Los Angeles,34.01029,-118.0685
06/01/2024,AQS,1,0.059,ppm,64,Pico Rivera #2,17,100,44201,Ozone,87,31080,"Los Angeles-Long Beach-Anaheim, CA",6,California,37,Los Angeles,34.01029,-118.0685
06/02/2024,AQS,1,0.048,ppm,44,Pico Rivera #2,17,100,44201,Ozone,87,31080,"Los Angeles-Long Beach-Anaheim, CA",6,California,37,Los Angeles,34.01029,-118.0685
06/03/2024,AQS,1,0.045,ppm,42,Pico Rivera #2,17,100,44201,Ozone,87,31080,"Los Angeles-Long Beach-Anaheim, CA",6,California,37,Los Angeles,34.01029,-118.0685
06/04/2024,AQS,1,0.055,ppm,51,Pico Rivera #2,17,100,44201,Ozone,87,31080,"Los Angeles-Long Beach-Anaheim, CA",6,California,37,Los Angeles,34.01029,-118.0685
06/05/2024,AQS,1,0.053,ppm,49,Pico Rivera #2,17,100,44201,Ozone,87,31080,"Los Angeles-Long Beach-Anaheim, CA",6,California,37,Los Angeles,34.01029,-118.0685
06/06/2024,AQS,1,0.054,ppm,50,Pico Rivera #2,17,100,44201,Ozone,87,31080,"Los Angeles-Long Beach-Anaheim, CA",6,California,37,Los Angeles,34.01029,-118.0685
06/07/2024,AQS,1,0.045,ppm,42,Pico Rivera #2,17,100,44201,Ozone,87,31080,"Los Angeles-Long Beach-Anaheim, CA",6,California,37,Los Angeles,34.01029,-118.0685
06/08/2024,AQS,1,0.038,ppm,35,Pico Rivera #2,17,100,44201,Ozone,87,31080,"Los Angeles-Long Beach-Anaheim, CA",6,California,37,Los Angeles,34.01029,-118.0685
06/09/2024,AQS,1,0.042,ppm,39,Pico Rivera #2,17,100,44201,Ozone,87,31080,"Los Angeles-Long Beach-Anaheim, CA",6,California,37,Los Angeles,34.01029,-118.0685
06/10/2024,AQS,1,0.053,ppm,49,Pico Rivera #2,17,100,44201,Ozone,87,31080,"Los Angeles-Long Beach-Anaheim, CA",6,California,37,Los Angeles,34.01029,-118.0685
06/11/2024,AQS,1,0.047,ppm,44,Pico Rivera #2,17,100,44201,Ozone,87,31080,"Los Angeles-Long Beach-Anaheim, CA",6,California,37,Los Angeles,34.01029,-118.0685
06/12/2024,AQS,1,0.051,ppm,47,Pico Rivera #2,17,100,44201,Ozone,87,31080,"Los Angeles-Long Beach-Anaheim, CA",6,California,37,Los Angeles,34.01029,-118.0685
06/13/2024,AQS,1,0.047,ppm,44,Pico Rivera #2,17,100,44201,Ozone,87,31080,"Los Angeles-Long Beach-Anaheim, CA",6,California,37,Los Angeles,34.01029,-118.0685
06/14/2024,AQS,1,0.059,ppm,64,Pico Rivera #2,17,100,44201,Ozone,87,31080,"Los Angeles-Long Beach-Anaheim, CA",6,California,37,Los Angeles,34.01029,-118.0685
06/15/2024,AQS,1,0.069,ppm,97,Pico Rivera #2,17,100,44201,Ozone,87,31080,"Los Angeles-Long Beach-Anaheim, CA",6,California,37,Los Angeles,34.01029,-118.0685
06/16/2024,AQS,1,0.052,ppm,48,Pico Rivera #2,17,100,44201,Ozone,87,31080,"Los Angeles-Long Beach-Anaheim, CA",6,California,37,Los Angeles,34.01029,-118.0685
06/17/2024,AQS,1,0.052,ppm,48,Pico Rivera #2,17,100,44201,Ozone,87,31080,"Los Angeles-Long Beach-Anaheim, CA",6,California,37,Los Angeles,34.01029,-118.0685
06/19/2024,AQS,1,0.057,ppm,58,Pico Rivera #2,17,100,44201,Ozone,87,31080,"Los Angeles-Long Beach-Anaheim, CA",6,California,37,Los Angeles,34.01029,-118.0685
06/20/2024,AQS,1,0.06,ppm,67,Pico Rivera #2,17,100,44201,Ozone,87,31080,"Los Angeles-Long Beach-Anaheim, CA",6,California,37,Los Angeles,34.01029,-118.0685
06/22/2024,AQS,1,0.073,ppm,108,Pico Rivera #2,17,100,44201,Ozone,87,31080,"Los Angeles-Long Beach-Anaheim, CA",6,California,37,Los Angeles,34.01029,-118.0685
06/23/2024,AQS,1,0.065,ppm,84,Pico Rivera #2,17,100,44201,Ozone,87,31080,"Los Angeles-Long Beach-Anaheim, CA",6,California,37,Los Angeles,34.01029,-118.0685
06/24/2024,AQS,1,0.06,ppm,67,Pico Rivera #2,17,100,44201,Ozone,87,31080,"Los Angeles-Long Beach-Anaheim, CA",6,California,37,Los Angeles,34.01029,-118.0685
06/25/2024,AQS,1,0.041,ppm,38,Pico Rivera #2,13,76,44201,Ozone,87,31080,"Los Angeles-Long Beach-Anaheim, CA",6,California,37,Los Angeles,34.01029,-118.0685
06/26/2024,AQS,1,0.048,ppm,44,Pico Rivera #2,17,100,44201,Ozone,87,31080,"Los Angeles-Long Beach-Anaheim, CA",6,California,37,Los Angeles,34.01029,-118.0685
06/27/2024,AQS,1,0.052,ppm,48,Pico Rivera #2,17,100,44201,Ozone,87,31080,"Los Angeles-Long Beach-Anaheim, CA",6,California,37,Los Angeles,34.01029,-118.0685
06/28/2024,AQS,1,0.052,ppm,48,Pico Rivera #2,17,100,44201,Ozone,87,31080,"Los Angeles-Long Beach-Anaheim, CA",6,California,37,Los Angeles,34.01029,-118.0685
06/29/2024,AQS,1,0.061,ppm,71,Pico Rivera #2,17,100,44201,Ozone,87,31080,"Los Angeles-Long Beach-Anaheim, CA",6,California,37,Los Angeles,34.01029,-118.0685
06/30/2024,AQS,1,0.075,ppm,115,Pico Rivera #2,17,100,44201,Ozone,87,31080,"Los Angeles-Long Beach-Anaheim, CA",6,California,37,Los Angeles,34.01029,-118.0685
07/01/2024,AQS,1,0.061,ppm,71,Pico Rivera #2,17,100,44201,Ozone,87,31080,"Los Angeles-Long Beach-Anaheim, CA",6,California,37,Los Angeles,34.01029,-118.0685
07/02/2024,AQS,1,0.063,ppm,77,Pico Rivera #2,17,100,44201,Ozone,87,31080,"Los Angeles-Long Beach-Anaheim, CA",6,California,37,Los Angeles,34.01029,-118.0685
07/03/2024,AQS,1,0.064,ppm,80,Pico Rivera #2,17,100,44201,Ozone,87,31080,"Los Angeles-Long Beach-Anaheim, CA",6,California,37,Los Angeles,34.01029,-118.0685
07/04/2024,AQS,1,0.062,ppm,74,Pico Rivera #2,17,100,44201,Ozone,87,31080,"Los Angeles-Long Beach-Anaheim, CA",6,California,37,Los Angeles,34.01029,-118.0685
07/05/2024,AQS,1,0.075,ppm,115,Pico Rivera #2,17,100,44201,Ozone,87,31080,"Los Angeles-Long Beach-Anaheim, CA",6,California,37,Los Angeles,34.01029,-118.0685
07/06/2024,AQS,1,0.046,ppm,43,Pico Rivera #2,17,100,44201,Ozone,87,31080,"Los Angeles-Long Beach-Anaheim, CA",6,California,37,Los Angeles,34.01029,-118.0685
07/07/2024,AQS,1,0.055,ppm,51,Pico Rivera #2,17,100,44201,Ozone,87,31080,"Los Angeles-Long Beach-Anaheim, CA",6,California,37,Los Angeles,34.01029,-118.0685
07/08/2024,AQS,1,0.054,ppm,50,Pico Rivera #2,17,100,44201,Ozone,87,31080,"Los Angeles-Long Beach-Anaheim, CA",6,California,37,Los Angeles,34.01029,-118.0685
07/09/2024,AQS,1,0.061,ppm,71,Pico Rivera #2,17,100,44201,Ozone,87,31080,"Los Angeles-Long Beach-Anaheim, CA",6,California,37,Los Angeles,34.01029,-118.0685
07/10/2024,AQS,1,0.068,ppm,93,Pico Rivera #2,17,100,44201,Ozone,87,31080,"Los Angeles-Long Beach-Anaheim, CA",6,California,37,Los Angeles,34.01029,-118.0685
07/11/2024,AQS,1,0.067,ppm,90,Pico Rivera #2,17,100,44201,Ozone,87,31080,"Los Angeles-Long Beach-Anaheim, CA",6,California,37,Los Angeles,34.01029,-118.0685
07/13/2024,AQS,1,0.057,ppm,58,Pico Rivera #2,17,100,44201,Ozone,87,31080,"Los Angeles-Long Beach-Anaheim, CA",6,California,37,Los Angeles,34.01029,-118.0685
07/14/2024,AQS,1,0.061,ppm,71,Pico Rivera #2,17,100,44201,Ozone,87,31080,"Los Angeles-Long Beach-Anaheim, CA",6,California,37,Los Angeles,34.01029,-118.0685
07/15/2024,AQS,1,0.053,ppm,49,Pico Rivera #2,17,100,44201,Ozone,87,31080,"Los Angeles-Long Beach-Anaheim, CA",6,California,37,Los Angeles,34.01029,-118.0685
07/16/2024,AQS,1,0.051,ppm,47,Pico Rivera #2,17,100,44201,Ozone,87,31080,"Los Angeles-Long Beach-Anaheim, CA",6,California,37,Los Angeles,34.01029,-118.0685
07/17/2024,AQS,1,0.057,ppm,58,Pico Rivera #2,17,100,44201,Ozone,87,31080,"Los Angeles-Long Beach-Anaheim, CA",6,California,37,Los Angeles,34.01029,-118.0685
07/18/2024,AQS,1,0.058,ppm,61,Pico Rivera #2,17,100,44201,Ozone,87,31080,"Los Angeles-Long Beach-Anaheim, CA",6,California,37,Los Angeles,34.01029,-118.0685
07/19/2024,AQS,1,0.074,ppm,112,Pico Rivera #2,17,100,44201,Ozone,87,31080,"Los Angeles-Long Beach-Anaheim, CA",6,California,37,Los Angeles,34.01029,-118.0685
07/20/2024,AQS,1,0.064,ppm,80,Pico Rivera #2,17,100,44201,Ozone,87,31080,"Los Angeles-Long Beach-Anaheim, CA",6,California,37,Los Angeles,34.01029,-118.0685
07/21/2024,AQS,1,0.061,ppm,71,Pico Rivera #2,17,100,44201,Ozone,87,31080,"Los Angeles-Long Beach-Anaheim, CA",6,California,37,Los Angeles,34.01029,-118.0685
07/22/2024,AQS,1,0.055,ppm,51,Pico Rivera #2,17,100,44201,Ozone,87,31080,"Los Angeles-Long Beach-Anaheim, CA",6,California,37,Los Angeles,34.01029,-118.0685
07/23/2024,AQS,1,0.055,ppm,51,Pico Rivera #2,17,100,44201,Ozone,87,31080,"Los Angeles-Long Beach-Anaheim, CA",6,California,37,Los Angeles,34.01029,-118.0685
07/24/2024,AQS,1,0.048,ppm,44,Pico Rivera #2,17,100,44201,Ozone,87,31080,"Los Angeles-Long Beach-Anaheim, CA",6,California,37,Los Angeles,34.01029,-118.0685
07/25/2024,AQS,1,0.06,ppm,67,Pico Rivera #2,17,100,44201,Ozone,87,31080,"Los Angeles-Long Beach-Anaheim, CA",6,California,37,Los Angeles,34.01029,-118.0685
07/26/2024,AQS,1,0.056,ppm,54,Pico Rivera #2,17,100,44201,Ozone,87,31080,"Los Angeles-Long Beach-Anaheim, CA",6,California,37,Los Angeles,34.01029,-118.0685
07/27/2024,AQS,1,0.052,ppm,48,Pico Rivera #2,17,100,44201,Ozone,87,31080,"Los Angeles-Long Beach-Anaheim, CA",6,California,37,Los Angeles,34.01029,-118.0685
07/28/2024,AQS,1,0.058,ppm,61,Pico Rivera #2,17,100,44201,Ozone,87,31080,"Los Angeles-Long Beach-Anaheim, CA",6,California,37,Los Angeles,34.01029,-118.0685
07/29/2024,AQS,1,0.056,ppm,54,Pico Rivera #2,17,100,44201,Ozone,87,31080,"Los Angeles-Long Beach-Anaheim, CA",6,California,37,Los Angeles,34.01029,-118.0685
07/30/2024,AQS,1,0.056,ppm,54,Pico Rivera #2,17,100,44201,Ozone,87,31080,"Los Angeles-Long Beach-Anaheim, CA",6,California,37,Los Angeles,34.01029,-118.0685
07/31/2024,AQS,1,0.055,ppm,51,Pico Rivera #2,15,88,44201,Ozone,87,31080,"Los Angeles-Long Beach-Anaheim, CA",6,California,37,Los Angeles,34.01029,-118.0685
08/01/2024,AQS,1,0.048,ppm,44,Pico Rivera #2,17,100,44201,Ozone,87,31080,"Los Angeles-Long Beach-Anaheim, CA",6,California,37,Los Angeles,34.01029,-118.0685
08/02/2024,AQS,1,0.067,ppm,90,Pico Rivera #2,17,100,44201,Ozone,87,31080,"Los Angeles-Long Beach-Anaheim, CA",6,California,37,Los Angeles,34.01029,-118.0685
08/03/2024,AQS,1,0.063,ppm,77,Pico Rivera #2,17,100,44201,Ozone,87,31080,"Los Angeles-Long Beach-Anaheim, CA",6,California,37,Los Angeles,34.01029,-118.0685
08/04/2024,AQS,1,0.064,ppm,80,Pico Rivera #2,17,100,44201,Ozone,87,31080,"Los Angeles-Long Beach-Anaheim, CA",6,California,37,Los Angeles,34.01029,-118.0685
08/05/2024,AQS,1,0.059,ppm,64,Pico Rivera #2,17,100,44201,Ozone,87,31080,"Los Angeles-Long Beach-Anaheim, CA",6,California,37,Los Angeles,34.01029,-118.0685
08/06/2024,AQS,1,0.063,ppm,77,Pico Rivera #2,17,100,44201,Ozone,87,31080,"Los Angeles-Long Beach-Anaheim, CA",6,California,37,Los Angeles,34.01029,-118.0685
08/07/2024,AQS,1,0.042,ppm,39,Pico Rivera #2,17,100,44201,Ozone,87,31080,"Los Angeles-Long Beach-Anaheim, CA",6,California,37,Los Angeles,34.01029,-118.0685
08/08/2024,AQS,1,0.05,ppm,46,Pico Rivera #2,17,100,44201,Ozone,87,31080,"Los Angeles-Long Beach-Anaheim, CA",6,California,37,Los Angeles,34.01029,-118.0685
08/09/2024,AQS,1,0.06,ppm,67,Pico Rivera #2,17,100,44201,Ozone,87,31080,"Los Angeles-Long Beach-Anaheim, CA",6,California,37,Los Angeles,34.01029,-118.0685
08/10/2024,AQS,1,0.08,ppm,133,Pico Rivera #2,17,100,44201,Ozone,87,31080,"Los Angeles-Long Beach-Anaheim, CA",6,California,37,Los Angeles,34.01029,-118.0685
08/11/2024,AQS,1,0.067,ppm,90,Pico Rivera #2,17,100,44201,Ozone,87,31080,"Los Angeles-Long Beach-Anaheim, CA",6,California,37,Los Angeles,34.01029,-118.0685
08/12/2024,AQS,1,0.056,ppm,54,Pico Rivera #2,17,100,44201,Ozone,87,31080,"Los Angeles-Long Beach-Anaheim, CA",6,California,37,Los Angeles,34.01029,-118.0685
08/13/2024,AQS,1,0.055,ppm,51,Pico Rivera #2,17,100,44201,Ozone,87,31080,"Los Angeles-Long Beach-Anaheim, CA",6,California,37,Los Angeles,34.01029,-118.0685
08/14/2024,AQS,1,0.064,ppm,80,Pico Rivera #2,17,100,44201,Ozone,87,31080,"Los Angeles-Long Beach-Anaheim, CA",6,California,37,Los Angeles,34.01029,-118.0685
08/15/2024,AQS,1,0.062,ppm,74,Pico Rivera #2,17,100,44201,Ozone,87,31080,"Los Angeles-Long Beach-Anaheim, CA",6,California,37,Los Angeles,34.01029,-118.0685
08/16/2024,AQS,1,0.059,ppm,64,Pico Rivera #2,17,100,44201,Ozone,87,31080,"Los Angeles-Long Beach-Anaheim, CA",6,California,37,Los Angeles,34.01029,-118.0685
08/17/2024,AQS,1,0.054,ppm,50,Pico Rivera #2,17,100,44201,Ozone,87,31080,"Los Angeles-Long Beach-Anaheim, CA",6,California,37,Los Angeles,34.01029,-118.0685
08/18/2024,AQS,1,0.061,ppm,71,Pico Rivera #2,17,100,44201,Ozone,87,31080,"Los Angeles-Long Beach-Anaheim, CA",6,California,37,Los Angeles,34.01029,-118.0685
08/19/2024,AQS,1,0.065,ppm,84,Pico Rivera #2,17,100,44201,Ozone,87,31080,"Los Angeles-Long Beach-Anaheim, CA",6,California,37,Los Angeles,34.01029,-118.0685
08/20/2024,AQS,1,0.076,ppm,119,Pico Rivera #2,17,100,44201,Ozone,87,31080,"Los Angeles-Long Beach-Anaheim, CA",6,California,37,Los Angeles,34.01029,-118.0685
08/21/2024,AQS,1,0.069,ppm,97,Pico Rivera #2,17,100,44201,Ozone,87,31080,"Los Angeles-Long Beach-Anaheim, CA",6,California,37,Los Angeles,34.01029,-118.0685
08/22/2024,AQS,1,0.055,ppm,51,Pico Rivera #2,17,100,44201,Ozone,87,31080,"Los Angeles-Long Beach-Anaheim, CA",6,California,37,Los Angeles,34.01029,-118.0685
08/23/2024,AQS,1,0.049,ppm,45,Pico Rivera #2,17,100,44201,Ozone,87,31080,"Los Angeles-Long Beach-Anaheim, CA",6,California,37,Los Angeles,34.01029,-118.0685
08/24/2024,AQS,1,0.053,ppm,49,Pico Rivera #2,17,100,44201,Ozone,87,31080,"Los Angeles-Long Beach-Anaheim, CA",6,California,37,Los Angeles,34.01029,-118.0685
08/25/2024,AQS,1,0.057,ppm,58,Pico Rivera #2,17,100,44201,Ozone,87,31080,"Los Angeles-Long Beach-Anaheim, CA",6,California,37,Los Angeles,34.01029,-118.0685
08/26/2024,AQS,1,0.056,ppm,54,Pico Rivera #2,17,100,44201,Ozone,87,31080,"Los Angeles-Long Beach-Anaheim, CA",6,California,37,Los Angeles,34.01029,-118.0685
08/27/2024,AQS,1,0.061,ppm,71,Pico Rivera #2,17,100,44201,Ozone,87,31080,"Los Angeles-Long Beach-Anaheim, CA",6,California,37,Los Angeles,34.01029,-118.0685
08/28/2024,AQS,1,0.06,ppm,67,Pico Rivera #2,17,100,44201,Ozone,87,31080,"Los Angeles-Long Beach-Anaheim, CA",6,California,37,Los Angeles,34.01029,-118.0685
08/29/2024,AQS,1,0.056,ppm,54,Pico Rivera #2,17,100,44201,Ozone,87,31080,"Los Angeles-Long Beach-Anaheim, CA",6,California,37,Los Angeles,34.01029,-118.0685
08/30/2024,AQS,1,0.056,ppm,54,Pico Rivera #2,17,100,44201,Ozone,87,31080,"Los Angeles-Long Beach-Anaheim, CA",6,California,37,Los Angeles,34.01029,-118.0685
08/31/2024,AQS,1,0.072,ppm,105,Pico Rivera #2,17,100,44201,Ozone,87,31080,"Los Angeles-Long Beach-Anaheim, CA",6,California,37,Los Angeles,34.01029,-118.0685
09/01/2024,AQS,1,0.069,ppm,97,Pico Rivera #2,17,100,44201,Ozone,87,31080,"Los Angeles-Long Beach-Anaheim, CA",6,California,37,Los Angeles,34.01029,-118.0685
09/02/2024,AQS,1,0.077,ppm,122,Pico Rivera #2,17,100,44201,Ozone,87,31080,"Los Angeles-Long Beach-Anaheim, CA",6,California,37,Los Angeles,34.01029,-118.0685
09/03/2024,AQS,1,0.059,ppm,64,Pico Rivera #2,17,100,44201,Ozone,87,31080,"Los Angeles-Long Beach-Anaheim, CA",6,California,37,Los Angeles,34.01029,-118.0685
09/04/2024,AQS,1,0.05,ppm,46,Pico Rivera #2,17,100,44201,Ozone,87,31080,"Los Angeles-Long Beach-Anaheim, CA",6,California,37,Los Angeles,34.01029,-118.0685
09/05/2024,AQS,1,0.076,ppm,119,Pico Rivera #2,17,100,44201,Ozone,87,31080,"Los Angeles-Long Beach-Anaheim, CA",6,California,37,Los Angeles,34.01029,-118.0685
09/06/2024,AQS,1,0.087,ppm,154,Pico Rivera #2,17,100,44201,Ozone,87,31080,"Los Angeles-Long Beach-Anaheim, CA",6,California,37,Los Angeles,34.01029,-118.0685
09/07/2024,AQS,1,0.093,ppm,169,Pico Rivera #2,17,100,44201,Ozone,87,31080,"Los Angeles-Long Beach-Anaheim, CA",6,California,37,Los Angeles,34.01029,-118.0685
09/08/2024,AQS,1,0.085,ppm,150,Pico Rivera #2,17,100,44201,Ozone,87,31080,"Los Angeles-Long Beach-Anaheim, CA",6,California,37,Los Angeles,34.01029,-118.0685
09/09/2024,AQS,1,0.062,ppm,74,Pico Rivera #2,17,100,44201,Ozone,87,31080,"Los Angeles-Long Beach-Anaheim, CA",6,California,37,Los Angeles,34.01029,-118.0685
09/10/2024,AQS,1,0.046,ppm,43,Pico Rivera #2,17,100,44201,Ozone,87,31080,"Los Angeles-Long Beach-Anaheim, CA",6,California,37,Los Angeles,34.01029,-118.0685
09/11/2024,AQS,1,0.046,ppm,43,Pico Rivera #2,17,100,44201,Ozone,87,31080,"Los Angeles-Long Beach-Anaheim, CA",6,California,37,Los Angeles,34.01029,-118.0685
09/12/2024,AQS,1,0.047,ppm,44,Pico Rivera #2,17,100,44201,Ozone,87,31080,"Los Angeles-Long Beach-Anaheim, CA",6,California,37,Los Angeles,34.01029,-118.0685
09/13/2024,AQS,1,0.05,ppm,46,Pico Rivera #2,17,100,44201,Ozone,87,31080,"Los Angeles-Long Beach-Anaheim, CA",6,California,37,Los Angeles,34.01029,-118.0685
09/14/2024,AQS,1,0.065,ppm,84,Pico Rivera #2,17,100,44201,Ozone,87,31080,"Los Angeles-Long Beach-Anaheim, CA",6,California,37,Los Angeles,34.01029,-118.0685
09/15/2024,AQS,1,0.052,ppm,48,Pico Rivera #2,17,100,44201,Ozone,87,31080,"Los Angeles-Long Beach-Anaheim, CA",6,California,37,Los Angeles,34.01029,-118.0685
09/16/2024,AQS,1,0.042,ppm,39,Pico Rivera #2,17,100,44201,Ozone,87,31080,"Los Angeles-Long Beach-Anaheim, CA",6,California,37,Los Angeles,34.01029,-118.0685
09/17/2024,AQS,1,0.045,ppm,42,Pico Rivera #2,17,100,44201,Ozone,87,31080,"Los Angeles-Long Beach-Anaheim, CA",6,California,37,Los Angeles,34.01029,-118.0685
09/18/2024,AQS,1,0.047,ppm,44,Pico Rivera #2,17,100,44201,Ozone,87,31080,"Los Angeles-Long Beach-Anaheim, CA",6,California,37,Los Angeles,34.01029,-118.0685
09/20/2024,AQS,1,0.042,ppm,39,Pico Rivera #2,17,100,44201,Ozone,87,31080,"Los Angeles-Long Beach-Anaheim, CA",6,California,37,Los Angeles,34.01029,-118.0685
09/21/2024,AQS,1,0.052,ppm,48,Pico Rivera #2,17,100,44201,Ozone,87,31080,"Los Angeles-Long Beach-Anaheim, CA",6,California,37,Los Angeles,34.01029,-118.0685
09/22/2024,AQS,1,0.058,ppm,61,Pico Rivera #2,17,100,44201,Ozone,87,31080,"Los Angeles-Long Beach-Anaheim, CA",6,California,37,Los Angeles,34.01029,-118.0685
09/23/2024,AQS,1,0.05,ppm,46,Pico Rivera #2,17,100,44201,Ozone,87,31080,"Los Angeles-Long Beach-Anaheim, CA",6,California,37,Los Angeles,34.01029,-118.0685
09/24/2024,AQS,1,0.048,ppm,44,Pico Rivera #2,17,100,44201,Ozone,87,31080,"Los Angeles-Long Beach-Anaheim, CA",6,California,37,Los Angeles,34.01029,-118.0685
09/25/2024,AQS,1,0.045,ppm,42,Pico Rivera #2,17,100,44201,Ozone,87,31080,"Los Angeles-Long Beach-Anaheim, CA",6,California,37,Los Angeles,34.01029,-118.0685
09/26/2024,AQS,1,0.047,ppm,44,Pico Rivera #2,17,100,44201,Ozone,87,31080,"Los Angeles-Long Beach-Anaheim, CA",6,California,37,Los Angeles,34.01029,-118.0685
09/27/2024,AQS,1,0.044,ppm,41,Pico Rivera #2,17,100,44201,Ozone,87,31080,"Los Angeles-Long Beach-Anaheim, CA",6,California,37,Los Angeles,34.01029,-118.0685
09/28/2024,AQS,1,0.056,ppm,54,Pico Rivera #2,17,100,44201,Ozone,87,31080,"Los Angeles-Long Beach-Anaheim, CA",6,California,37,Los Angeles,34.01029,-118.0685
09/29/2024,AQS,1,0.058,ppm,61,Pico Rivera #2,17,100,44201,Ozone,87,31080,"Los Angeles-Long Beach-Anaheim, CA",6,California,37,Los Angeles,34.01029,-118.0685
09/30/2024,AQS,1,0.058,ppm,61,Pico Rivera #2,17,100,44201,Ozone,87,31080,"Los Angeles-Long Beach-Anaheim, CA",6,California,37,Los Angeles,34.01029,-118.0685
10/01/2024,AQS,1,0.045,ppm,42,Pico Rivera #2,17,100,44201,Ozone,87,31080,"Los Angeles-Long Beach-Anaheim, CA",6,California,37,Los Angeles,34.01029,-118.0685
10/02/2024,AQS,1,0.064,ppm,80,Pico Rivera #2,17,100,44201,Ozone,87,31080,"Los Angeles-Long Beach-Anaheim, CA",6,California,37,Los Angeles,34.01029,-118.0685
10/03/2024,AQS,1,0.055,ppm,51,Pico Rivera #2,17,100,44201,Ozone,87,31080,"Los Angeles-Long Beach-Anaheim, CA",6,California,37,Los Angeles,34.01029,-118.0685
10/04/2024,AQS,1,0.051,ppm,47,Pico Rivera #2,17,100,44201,Ozone,87,31080,"Los Angeles-Long Beach-Anaheim, CA",6,California,37,Los Angeles,34.01029,-118.0685
10/05/2024,AQS,1,0.058,ppm,61,Pico Rivera #2,17,100,44201,Ozone,87,31080,"Los Angeles-Long Beach-Anaheim, CA",6,California,37,Los Angeles,34.01029,-118.0685
10/06/2024,AQS,1,0.058,ppm,61,Pico Rivera #2,17,100,44201,Ozone,87,31080,"Los Angeles-Long Beach-Anaheim, CA",6,California,37,Los Angeles,34.01029,-118.0685
10/07/2024,AQS,1,0.057,ppm,58,Pico Rivera #2,17,100,44201,Ozone,87,31080,"Los Angeles-Long Beach-Anaheim, CA",6,California,37,Los Angeles,34.01029,-118.0685
10/08/2024,AQS,1,0.052,ppm,48,Pico Rivera #2,17,100,44201,Ozone,87,31080,"Los Angeles-Long Beach-Anaheim, CA",6,California,37,Los Angeles,34.01029,-118.0685
10/09/2024,AQS,1,0.055,ppm,51,Pico Rivera #2,17,100,44201,Ozone,87,31080,"Los Angeles-Long Beach-Anaheim, CA",6,California,37,Los Angeles,34.01029,-118.0685
10/10/2024,AQS,1,0.062,ppm,74,Pico Rivera #2,17,100,44201,Ozone,87,31080,"Los Angeles-Long Beach-Anaheim, CA",6,California,37,Los Angeles,34.01029,-118.0685
10/11/2024,AQS,1,0.057,ppm,58,Pico Rivera #2,13,76,44201,Ozone,87,31080,"Los Angeles-Long Beach-Anaheim, CA",6,California,37,Los Angeles,34.01029,-118.0685
10/12/2024,AQS,1,0.06,ppm,67,Pico Rivera #2,17,100,44201,Ozone,87,31080,"Los Angeles-Long Beach-Anaheim, CA",6,California,37,Los Angeles,34.01029,-118.0685
10/13/2024,AQS,1,0.048,ppm,44,Pico Rivera #2,17,100,44201,Ozone,87,31080,"Los Angeles-Long Beach-Anaheim, CA",6,California,37,Los Angeles,34.01029,-118.0685
10/14/2024,AQS,1,0.041,ppm,38,Pico Rivera #2,17,100,44201,Ozone,87,31080,"Los Angeles-Long Beach-Anaheim, CA",6,California,37,Los Angeles,34.01029,-118.0685
10/15/2024,AQS,1,0.04,ppm,37,Pico Rivera #2,13,76,44201,Ozone,87,31080,"Los Angeles-Long Beach-Anaheim, CA",6,California,37,Los Angeles,34.01029,-118.0685
10/16/2024,AQS,1,0.03,ppm,28,Pico Rivera #2,17,100,44201,Ozone,87,31080,"Los Angeles-Long Beach-Anaheim, CA",6,California,37,Los Angeles,34.01029,-118.0685
10/17/2024,AQS,1,0.039,ppm,36,Pico Rivera #2,17,100,44201,Ozone,87,31080,"Los Angeles-Long Beach-Anaheim, CA",6,California,37,Los Angeles,34.01029,-118.0685
10/18/2024,AQS,1,0.043,ppm,40,Pico Rivera #2,17,100,44201,Ozone,87,31080,"Los Angeles-Long Beach-Anaheim, CA",6,California,37,Los Angeles,34.01029,-118.0685
10/19/2024,AQS,1,0.048,ppm,44,Pico Rivera #2,17,100,44201,Ozone,87,31080,"Los Angeles-Long Beach-Anaheim, CA",6,California,37,Los Angeles,34.01029,-118.0685
10/20/2024,AQS,1,0.055,ppm,51,Pico Rivera #2,17,100,44201,Ozone,87,31080,"Los Angeles-Long Beach-Anaheim, CA",6,California,37,Los Angeles,34.01029,-118.0685
10/21/2024,AQS,1,0.047,ppm,44,Pico Rivera #2,17,100,44201,Ozone,87,31080,"Los Angeles-Long Beach-Anaheim, CA",6,California,37,Los Angeles,34.01029,-118.0685
10/22/2024,AQS,1,0.051,ppm,47,Pico Rivera #2,17,100,44201,Ozone,87,31080,"Los Angeles-Long Beach-Anaheim, CA",6,California,37,Los Angeles,34.01029,-118.0685
10/23/2024,AQS,1,0.057,ppm,58,Pico Rivera #2,17,100,44201,Ozone,87,31080,"Los Angeles-Long Beach-Anaheim, CA",6,California,37,Los Angeles,34.01029,-118.0685
10/24/2024,AQS,1,0.057,ppm,58,Pico Rivera #2,17,100,44201,Ozone,87,31080,"Los Angeles-Long Beach-Anaheim, CA",6,California,37,Los Angeles,34.01029,-118.0685
10/25/2024,AQS,1,0.053,ppm,49,Pico Rivera #2,17,100,44201,Ozone,87,31080,"Los Angeles-Long Beach-Anaheim, CA",6,California,37,Los Angeles,34.01029,-118.0685
10/26/2024,AQS,1,0.059,ppm,64,Pico Rivera #2,17,100,44201,Ozone,87,31080,"Los Angeles-Long Beach-Anaheim, CA",6,California,37,Los Angeles,34.01029,-118.0685
10/27/2024,AQS,1,0.059,ppm,64,Pico Rivera #2,17,100,44201,Ozone,87,31080,"Los Angeles-Long Beach-Anaheim, CA",6,California,37,Los Angeles,34.01029,-118.0685
10/28/2024,AQS,1,0.034,ppm,31,Pico Rivera #2,17,100,44201,Ozone,87,31080,"Los Angeles-Long Beach-Anaheim, CA",6,California,37,Los Angeles,34.01029,-118.0685
10/29/2024,AQS,1,0.038,ppm,35,Pico Rivera #2,17,100,44201,Ozone,87,31080,"Los Angeles-Long Beach-Anaheim, CA",6,California,37,Los Angeles,34.01029,-118.0685
10/30/2024,AQS,1,0.04,ppm,37,Pico Rivera #2,17,100,44201,Ozone,87,31080,"Los Angeles-Long Beach-Anaheim, CA",6,California,37,Los Angeles,34.01029,-118.0685
10/31/2024,AQS,1,0.044,ppm,41,Pico Rivera #2,17,100,44201,Ozone,87,31080,"Los Angeles-Long Beach-Anaheim, CA",6,California,37,Los Angeles,34.01029,-118.0685
11/01/2024,AQS,1,0.042,ppm,39,Pico Rivera #2,17,100,44201,Ozone,87,31080,"Los Angeles-Long Beach-Anaheim, CA",6,California,37,Los Angeles,34.01029,-118.0685
11/02/2024,AQS,1,0.044,ppm,41,Pico Rivera #2,17,100,44201,Ozone,87,31080,"Los Angeles-Long Beach-Anaheim, CA",6,California,37,Los Angeles,34.01029,-118.0685
11/03/2024,AQS,1,0.043,ppm,40,Pico Rivera #2,17,100,44201,Ozone,87,31080,"Los Angeles-Long Beach-Anaheim, CA",6,California,37,Los Angeles,34.01029,-118.0685
11/04/2024,AQS,1,0.038,ppm,35,Pico Rivera #2,17,100,44201,Ozone,87,31080,"Los Angeles-Long Beach-Anaheim, CA",6,California,37,Los Angeles,34.01029,-118.0685
11/05/2024,AQS,1,0.036,ppm,33,Pico Rivera #2,17,100,44201,Ozone,87,31080,"Los Angeles-Long Beach-Anaheim, CA",6,California,37,Los Angeles,34.01029,-118.0685
11/06/2024,AQS,1,0.041,ppm,38,Pico Rivera #2,15,88,44201,Ozone,87,31080,"Los Angeles-Long Beach-Anaheim, CA",6,California,37,Los Angeles,34.01029,-118.0685
11/07/2024,AQS,1,0.032,ppm,30,Pico Rivera #2,17,100,44201,Ozone,87,31080,"Los Angeles-Long Beach-Anaheim, CA",6,California,37,Los Angeles,34.01029,-118.0685
11/08/2024,AQS,1,0.033,ppm,31,Pico Rivera #2,17,100,44201,Ozone,87,31080,"Los Angeles-Long Beach-Anaheim, CA",6,California,37,Los Angeles,34.01029,-118.0685
11/09/2024,AQS,1,0.04,ppm,37,Pico Rivera #2,17,100,44201,Ozone,87,31080,"Los Angeles-Long Beach-Anaheim, CA",6,California,37,Los Angeles,34.01029,-118.0685
11/10/2024,AQS,1,0.049,ppm,45,Pico Rivera #2,17,100,44201,Ozone,87,31080,"Los Angeles-Long Beach-Anaheim, CA",6,California,37,Los Angeles,34.01029,-118.0685
11/11/2024,AQS,1,0.044,ppm,41,Pico Rivera #2,17,100,44201,Ozone,87,31080,"Los Angeles-Long Beach-Anaheim, CA",6,California,37,Los Angeles,34.01029,-118.0685
11/12/2024,AQS,1,0.037,ppm,34,Pico Rivera #2,17,100,44201,Ozone,87,31080,"Los Angeles-Long Beach-Anaheim, CA",6,California,37,Los Angeles,34.01029,-118.0685
11/13/2024,AQS,1,0.03,ppm,28,Pico Rivera #2,17,100,44201,Ozone,87,31080,"Los Angeles-Long Beach-Anaheim, CA",6,California,37,Los Angeles,34.01029,-118.0685
11/16/2024,AQS,1,0.034,ppm,31,Pico Rivera #2,17,100,44201,Ozone,87,31080,"Los Angeles-Long Beach-Anaheim, CA",6,California,37,Los Angeles,34.01029,-118.0685
11/17/2024,AQS,1,0.035,ppm,32,Pico Rivera #2,17,100,44201,Ozone,87,31080,"Los Angeles-Long Beach-Anaheim, CA",6,California,37,Los Angeles,34.01029,-118.0685
11/18/2024,AQS,1,0.038,ppm,35,Pico Rivera #2,17,100,44201,Ozone,87,31080,"Los Angeles-Long Beach-Anaheim, CA",6,California,37,Los Angeles,34.01029,-118.0685
11/19/2024,AQS,1,0.035,ppm,32,Pico Rivera #2,17,100,44201,Ozone,87,31080,"Los Angeles-Long Beach-Anaheim, CA",6,California,37,Los Angeles,34.01029,-118.0685
11/20/2024,AQS,1,0.032,ppm,30,Pico Rivera #2,17,100,44201,Ozone,87,31080,"Los Angeles-Long Beach-Anaheim, CA",6,California,37,Los Angeles,34.01029,-118.0685
11/23/2024,AirNow,1,0.022,ppm,20,Pico Rivera #2,24,100,44201,Ozone,,31080,"Los Angeles-Long Beach-Anaheim, CA",6,California,37,Los Angeles,34.01029,-118.0685
11/24/2024,AirNow,1,0.032,ppm,30,Pico Rivera #2,24,100,44201,Ozone,,31080,"Los Angeles-Long Beach-Anaheim, CA",6,California,37,Los Angeles,34.01029,-118.0685
11/25/2024,AirNow,1,0.007,ppm,6,Pico Rivera #2,24,100,44201,Ozone,,31080,"Los Angeles-Long Beach-Anaheim, CA",6,California,37,Los Angeles,34.01029,-118.0685
11/27/2024,AQS,1,0.019,ppm,18,Pico Rivera #2,13,76,44201,Ozone,87,31080,"Los Angeles-Long Beach-Anaheim, CA",6,California,37,Los Angeles,34.01029,-118.0685
11/28/2024,AQS,1,0.036,ppm,33,Pico Rivera #2,17,100,44201,Ozone,87,31080,"Los Angeles-Long Beach-Anaheim, CA",6,California,37,Los Angeles,34.01029,-118.0685
11/29/2024,AQS,1,0.026,ppm,24,Pico Rivera #2,17,100,44201,Ozone,87,31080,"Los Angeles-Long Beach-Anaheim, CA",6,California,37,Los Angeles,34.01029,-118.0685
11/30/2024,AQS,1,0.027,ppm,25,Pico Rivera #2,17,100,44201,Ozone,87,31080,"Los Angeles-Long Beach-Anaheim, CA",6,California,37,Los Angeles,34.01029,-118.0685
12/01/2024,AQS,1,0.031,ppm,29,Pico Rivera #2,17,100,44201,Ozone,87,31080,"Los Angeles-Long Beach-Anaheim, CA",6,California,37,Los Angeles,34.01029,-118.0685
12/02/2024,AQS,1,0.026,ppm,24,Pico Rivera #2,17,100,44201,Ozone,87,31080,"Los Angeles-Long Beach-Anaheim, CA",6,California,37,Los Angeles,34.01029,-118.0685
12/03/2024,AQS,1,0.023,ppm,21,Pico Rivera #2,17,100,44201,Ozone,87,31080,"Los Angeles-Long Beach-Anaheim, CA",6,California,37,Los Angeles,34.01029,-118.0685
12/04/2024,AQS,1,0.025,ppm,23,Pico Rivera #2,17,100,44201,Ozone,87,31080,"Los Angeles-Long Beach-Anaheim, CA",6,California,37,Los Angeles,34.01029,-118.0685
12/05/2024,AirNow,1,0.015,ppm,14,Pico Rivera #2,24,100,44201,Ozone,,31080,"Los Angeles-Long Beach-Anaheim, CA",6,California,37,Los Angeles,34.01029,-118.0685
12/06/2024,AirNow,1,0.017,ppm,16,Pico Rivera #2,24,100,44201,Ozone,,31080,"Los Angeles-Long Beach-Anaheim, CA",6,California,37,Los Angeles,34.01029,-118.0685
12/07/2024,AirNow,1,0.03,ppm,28,Pico Rivera #2,24,100,44201,Ozone,,31080,"Los Angeles-Long Beach-Anaheim, CA",6,California,37,Los Angeles,34.01029,-118.0685
12/08/2024,AQS,1,0.037,ppm,34,Pico Rivera #2,17,100,44201,Ozone,87,31080,"Los Angeles-Long Beach-Anaheim, CA",6,California,37,Los Angeles,34.01029,-118.0685
12/09/2024,AQS,1,0.027,ppm,25,Pico Rivera #2,17,100,44201,Ozone,87,31080,"Los Angeles-Long Beach-Anaheim, CA",6,California,37,Los Angeles,34.01029,-118.0685
12/10/2024,AQS,1,0.026,ppm,24,Pico Rivera #2,17,100,44201,Ozone,87,31080,"Los Angeles-Long Beach-Anaheim, CA",6,California,37,Los Angeles,34.01029,-118.0685
12/11/2024,AQS,1,0.018,ppm,17,Pico Rivera #2,17,100,44201,Ozone,87,31080,"Los Angeles-Long Beach-Anaheim, CA",6,California,37,Los Angeles,34.01029,-118.0685
12/12/2024,AQS,1,0.023,ppm,21,Pico Rivera #2,17,100,44201,Ozone,87,31080,"Los Angeles-Long Beach-Anaheim, CA",6,California,37,Los Angeles,34.01029,-118.0685
12/13/2024,AQS,1,0.031,ppm,29,Pico Rivera #2,17,100,44201,Ozone,87,31080,"Los Angeles-Long Beach-Anaheim, CA",6,California,37,Los Angeles,34.01029,-118.0685
12/14/2024,AQS,1,0.033,ppm,31,Pico Rivera #2,17,100,44201,Ozone,87,31080,"Los Angeles-Long Beach-Anaheim, CA",6,California,37,Los Angeles,34.01029,-118.0685
12/15/2024,AQS,1,0.036,ppm,33,Pico Rivera #2,17,100,44201,Ozone,87,31080,"Los Angeles-Long Beach-Anaheim, CA",6,California,37,Los Angeles,34.01029,-118.0685
12/16/2024,AQS,1,0.028,ppm,26,Pico Rivera #2,17,100,44201,Ozone,87,31080,"Los Angeles-Long Beach-Anaheim, CA",6,California,37,Los Angeles,34.01029,-118.0685
12/17/2024,AQS,1,0.02,ppm,19,Pico Rivera #2,17,100,44201,Ozone,87,31080,"Los Angeles-Long Beach-Anaheim, CA",6,California,37,Los Angeles,34.01029,-118.0685
12/18/2024,AQS,1,0.027,ppm,25,Pico Rivera #2,17,100,44201,Ozone,87,31080,"Los Angeles-Long Beach-Anaheim, CA",6,California,37,Los Angeles,34.01029,-118.0685
12/19/2024,AirNow,1,0.014,ppm,13,Pico Rivera #2,18,75,44201,Ozone,,31080,"Los Angeles-Long Beach-Anaheim, CA",6,California,37,Los Angeles,34.01029,-118.0685
12/20/2024,AQS,1,0.015,ppm,14,Pico Rivera #2,17,100,44201,Ozone,87,31080,"Los Angeles-Long Beach-Anaheim, CA",6,California,37,Los Angeles,34.01029,-118.0685
12/21/2024,AQS,1,0.028,ppm,26,Pico Rivera #2,17,100,44201,Ozone,87,31080,"Los Angeles-Long Beach-Anaheim, CA",6,California,37,Los Angeles,34.01029,-118.0685
12/22/2024,AQS,1,0.025,ppm,23,Pico Rivera #2,17,100,44201,Ozone,87,31080,"Los Angeles-Long Beach-Anaheim, CA",6,California,37,Los Angeles,34.01029,-118.0685
12/23/2024,AQS,1,0.025,ppm,23,Pico Rivera #2,17,100,44201,Ozone,87,31080,"Los Angeles-Long Beach-Anaheim, CA",6,California,37,Los Angeles,34.01029,-118.0685
12/25/2024,AQS,1,0.036,ppm,33,Pico Rivera #2,17,100,44201,Ozone,87,31080,"Los Angeles-Long Beach-Anaheim, CA",6,California,37,Los Angeles,34.01029,-118.0685
12/27/2024,AQS,1,0.024,ppm,22,Pico Rivera #2,17,100,44201,Ozone,87,31080,"Los Angeles-Long Beach-Anaheim, CA",6,California,37,Los Angeles,34.01029,-118.0685
12/28/2024,AQS,1,0.016,ppm,15,Pico Rivera #2,17,100,44201,Ozone,87,31080,"Los Angeles-Long Beach-Anaheim, CA",6,California,37,Los Angeles,34.01029,-118.0685
12/29/2024,AQS,1,0.017,ppm,16,Pico Rivera #2,17,100,44201,Ozone,87,31080,"Los Angeles-Long Beach-Anaheim, CA",6,California,37,Los Angeles,34.01029,-118.0685
12/30/2024,AQS,1,0.03,ppm,28,Pico Rivera #2,17,100,44201,Ozone,87,31080,"Los Angeles-Long Beach-Anaheim, CA",6,California,37,Los Angeles,34.01029,-118.0685
12/31/2024,AirNow,1,0.008,ppm,7,Pico Rivera #2,19,79,44201,Ozone,,31080,"Los Angeles-Long Beach-Anaheim, CA",6,California,37,Los Angeles,34.01029,-118.0685
01/01/2025,AQS,1,0.026,ppm,24,Pico Rivera #2,17,100,44201,Ozone,87,31080,"Los Angeles-Long Beach-Anaheim, CA",6,California,37,Los Angeles,34.01029,-118.0685
01/02/2025,AQS,1,0.02,ppm,19,Pico Rivera #2,17,100,44201,Ozone,87,31080,"Los Angeles-Long Beach-Anaheim, CA",6,California,37,Los Angeles,34.01029,-118.0685
01/03/2025,AQS,1,0.019,ppm,18,Pico Rivera #2,17,100,44201,Ozone,87,31080,"Los Angeles-Long Beach-Anaheim, CA",6,California,37,Los Angeles,34.01029,-118.0685
01/04/2025,AQS,1,0.036,ppm,33,Pico Rivera #2,17,100,44201,Ozone,87,31080,"Los Angeles-Long Beach-Anaheim, CA",6,California,37,Los Angeles,34.01029,-118.0685
01/05/2025,AQS,1,0.034,ppm,31,Pico Rivera #2,17,100,44201,Ozone,87,31080,"Los Angeles-Long Beach-Anaheim, CA",6,California,37,Los Angeles,34.01029,-118.0685
01/06/2025,AQS,1,0.023,ppm,21,Pico Rivera #2,17,100,44201,Ozone,87,31080,"Los Angeles-Long Beach-Anaheim, CA",6,California,37,Los Angeles,34.01029,-118.0685
01/07/2025,AQS,1,0.04,ppm,37,Pico Rivera #2,17,100,44201,Ozone,87,31080,"Los Angeles-Long Beach-Anaheim, CA",6,California,37,Los Angeles,34.01029,-118.0685
01/08/2025,AQS,1,0.037,ppm,34,Pico Rivera #2,17,100,44201,Ozone,87,31080,"Los Angeles-Long Beach-Anaheim, CA",6,California,37,Los Angeles,34.01029,-118.0685
01/09/2025,AQS,1,0.02,ppm,19,Pico Rivera #2,17,100,44201,Ozone,87,31080,"Los Angeles-Long Beach-Anaheim, CA",6,California,37,Los Angeles,34.01029,-118.0685
01/10/2025,AQS,1,0.043,ppm,40,Pico Rivera #2,17,100,44201,Ozone,87,31080,"Los Angeles-Long Beach-Anaheim, CA",6,California,37,Los Angeles,34.01029,-118.0685
01/11/2025,AQS,1,0.037,ppm,34,Pico Rivera #2,17,100,44201,Ozone,87,31080,"Los Angeles-Long Beach-Anaheim, CA",6,California,37,Los Angeles,34.01029,-118.0685
01/12/2025,AQS,1,0.04,ppm,37,Pico Rivera #2,17,100,44201,Ozone,87,31080,"Los Angeles-Long Beach-Anaheim, CA",6,California,37,Los Angeles,34.01029,-118.0685
01/13/2025,AQS,1,0.035,ppm,32,Pico Rivera #2,17,100,44201,Ozone,87,31080,"Los Angeles-Long Beach-Anaheim, CA",6,California,37,Los Angeles,34.01029,-118.0685
01/14/2025,AQS,1,0.028,ppm,26,Pico Rivera #2,17,100,44201,Ozone,87,31080,"Los Angeles-Long Beach-Anaheim, CA",6,California,37,Los Angeles,34.01029,-118.0685
01/15/2025,AQS,1,0.031,ppm,29,Pico Rivera #2,17,100,44201,Ozone,87,31080,"Los Angeles-Long Beach-Anaheim, CA",6,California,37,Los Angeles,34.01029,-118.0685
01/16/2025,AQS,1,0.026,ppm,24,Pico Rivera #2,17,100,44201,Ozone,87,31080,"Los Angeles-Long Beach-Anaheim, CA",6,California,37,Los Angeles,34.01029,-118.0685
01/17/2025,AQS,1,0.04,ppm,37,Pico Rivera #2,17,100,44201,Ozone,87,31080,"Los Angeles-Long Beach-Anaheim, CA",6,California,37,Los Angeles,34.01029,-118.0685
01/18/2025,AQS,1,0.04,ppm,37,Pico Rivera #2,17,100,44201,Ozone,87,31080,"Los Angeles-Long Beach-Anaheim, CA",6,California,37,Los Angeles,34.01029,-118.0685
01/19/2025,AQS,1,0.039,ppm,36,Pico Rivera #2,17,100,44201,Ozone,87,31080,"Los Angeles-Long Beach-Anaheim, CA",6,California,37,Los Angeles,34.01029,-118.0685
01/20/2025,AQS,1,0.042,ppm,39,Pico Rivera #2,17,100,44201,Ozone,87,31080,"Los Angeles-Long Beach-Anaheim, CA",6,California,37,Los Angeles,34.01029,-118.0685
01/21/2025,AQS,1,0.031,ppm,29,Pico Rivera #2,17,100,44201,Ozone,87,31080,"Los Angeles-Long Beach-Anaheim, CA",6,California,37,Los Angeles,34.01029,-118.0685
01/22/2025,AQS,1,0.024,ppm,22,Pico Rivera #2,17,100,44201,Ozone,87,31080,"Los Angeles-Long Beach-Anaheim, CA",6,California,37,Los Angeles,34.01029,-118.0685
01/23/2025,AQS,1,0.031,ppm,29,Pico Rivera #2,17,100,44201,Ozone,87,31080,"Los Angeles-Long Beach-Anaheim, CA",6,California,37,Los Angeles,34.01029,-118.0685
01/24/2025,AQS,1,0.034,ppm,31,Pico Rivera #2,17,100,44201,Ozone,87,31080,"Los Angeles-Long Beach-Anaheim, CA",6,California,37,Los Angeles,34.01029,-118.0685
01/25/2025,AQS,1,0.043,ppm,40,Pico Rivera #2,17,100,44201,Ozone,87,31080,"Los Angeles-Long Beach-Anaheim, CA",6,California,37,Los Angeles,34.01029,-118.0685
01/26/2025,AQS,1,0.034,ppm,31,Pico Rivera #2,17,100,44201,Ozone,87,31080,"Los Angeles-Long Beach-Anaheim, CA",6,California,37,Los Angeles,34.01029,-118.0685
01/27/2025,AQS,1,0.033,ppm,31,Pico Rivera #2,17,100,44201,Ozone,87,31080,"Los Angeles-Long Beach-Anaheim, CA",6,California,37,Los Angeles,34.01029,-118.0685
01/28/2025,AQS,1,0.032,ppm,30,Pico Rivera #2,17,100,44201,Ozone,87,31080,"Los Angeles-Long Beach-Anaheim, CA",6,California,37,Los Angeles,34.01029,-118.0685
01/29/2025,AQS,1,0.038,ppm,35,Pico Rivera #2,17,100,44201,Ozone,87,31080,"Los Angeles-Long Beach-Anaheim, CA",6,California,37,Los Angeles,34.01029,-118.0685
01/30/2025,AQS,1,0.033,ppm,31,Pico Rivera #2,17,100,44201,Ozone,87,31080,"Los Angeles-Long Beach-Anaheim, CA",6,California,37,Los Angeles,34.01029,-118.0685
01/31/2025,AQS,1,0.034,ppm,31,Pico Rivera #2,17,100,44201,Ozone,87,31080,"Los Angeles-Long Beach-Anaheim, CA",6,California,37,Los Angeles,34.01029,-118.0685
02/01/2025,AQS,1,0.037,ppm,34,Pico Rivera #2,17,100,44201,Ozone,87,31080,"Los Angeles-Long Beach-Anaheim, CA",6,California,37,Los Angeles,34.01029,-118.0685
02/02/2025,AQS,1,0.04,ppm,37,Pico Rivera #2,17,100,44201,Ozone,87,31080,"Los Angeles-Long Beach-Anaheim, CA",6,California,37,Los Angeles,34.01029,-118.0685
02/03/2025,AQS,1,0.03,ppm,28,Pico Rivera #2,17,100,44201,Ozone,87,31080,"Los Angeles-Long Beach-Anaheim, CA",6,California,37,Los Angeles,34.01029,-118.0685
02/04/2025,AQS,1,0.034,ppm,31,Pico Rivera #2,17,100,44201,Ozone,87,31080,"Los Angeles-Long Beach-Anaheim, CA",6,California,37,Los Angeles,34.01029,-118.0685
02/05/2025,AQS,1,0.023,ppm,21,Pico Rivera #2,17,100,44201,Ozone,87,31080,"Los Angeles-Long Beach-Anaheim, CA",6,California,37,Los Angeles,34.01029,-118.0685
02/06/2025,AQS,1,0.025,ppm,23,Pico Rivera #2,17,100,44201,Ozone,87,31080,"Los Angeles-Long Beach-Anaheim, CA",6,California,37,Los Angeles,34.01029,-118.0685
02/07/2025,AQS,1,0.033,ppm,31,Pico Rivera #2,17,100,44201,Ozone,87,31080,"Los Angeles-Long Beach-Anaheim, CA",6,California,37,Los Angeles,34.01029,-118.0685
02/08/2025,AQS,1,0.039,ppm,36,Pico Rivera #2,17,100,44201,Ozone,87,31080,"Los Angeles-Long Beach-Anaheim, CA",6,California,37,Los Angeles,34.01029,-118.0685
02/09/2025,AQS,1,0.038,ppm,35,Pico Rivera #2,17,100,44201,Ozone,87,31080,"Los Angeles-Long Beach-Anaheim, CA",6,California,37,Los Angeles,34.01029,-118.0685
02/10/2025,AQS,1,0.042,ppm,39,Pico Rivera #2,17,100,44201,Ozone,87,31080,"Los Angeles-Long Beach-Anaheim, CA",6,California,37,Los Angeles,34.01029,-118.0685
02/11/2025,AQS,1,0.04,ppm,37,Pico Rivera #2,17,100,44201,Ozone,87,31080,"Los Angeles-Long Beach-Anaheim, CA",6,California,37,Los Angeles,34.01029,-118.0685
02/12/2025,AQS,1,0.027,ppm,25,Pico Rivera #2,17,100,44201,Ozone,87,31080,"Los Angeles-Long Beach-Anaheim, CA",6,California,37,Los Angeles,34.01029,-118.0685
02/13/2025,AQS,1,0.031,ppm,29,Pico Rivera #2,17,100,44201,Ozone,87,31080,"Los Angeles-Long Beach-Anaheim, CA",6,California,37,Los Angeles,34.01029,-118.0685
02/14/2025,AQS,1,0.038,ppm,35,Pico Rivera #2,17,100,44201,Ozone,87,31080,"Los Angeles-Long Beach-Anaheim, CA",6,California,37,Los Angeles,34.01029,-118.0685
02/15/2025,AQS,1,0.04,ppm,37,Pico Rivera #2,17,100,44201,Ozone,87,31080,"Los Angeles-Long Beach-Anaheim, CA",6,California,37,Los Angeles,34.01029,-118.0685
02/16/2025,AQS,1,0.042,ppm,39,Pico Rivera #2,17,100,44201,Ozone,87,31080,"Los Angeles-Long Beach-Anaheim, CA",6,California,37,Los Angeles,34.01029,-118.0685
02/17/2025,AQS,1,0.042,ppm,39,Pico Rivera #2,17,100,44201,Ozone,87,31080,"Los Angeles-Long Beach-Anaheim, CA",6,California,37,Los Angeles,34.01029,-118.0685
02/18/2025,AQS,1,0.041,ppm,38,Pico Rivera #2,17,100,44201,Ozone,87,31080,"Los Angeles-Long Beach-Anaheim, CA",6,California,37,Los Angeles,34.01029,-118.0685
02/19/2025,AQS,1,0.045,ppm,42,Pico Rivera #2,17,100,44201,Ozone,87,31080,"Los Angeles-Long Beach-Anaheim, CA",6,California,37,Los Angeles,34.01029,-118.0685
02/20/2025,AQS,1,0.041,ppm,38,Pico Rivera #2,17,100,44201,Ozone,87,31080,"Los Angeles-Long Beach-Anaheim, CA",6,California,37,Los Angeles,34.01029,-118.0685
02/21/2025,AQS,1,0.038,ppm,35,Pico Rivera #2,17,100,44201,Ozone,87,31080,"Los Angeles-Long Beach-Anaheim, CA",6,California,37,Los Angeles,34.01029,-118.0685
02/22/2025,AQS,1,0.043,ppm,40,Pico Rivera #2,17,100,44201,Ozone,87,31080,"Los Angeles-Long Beach-Anaheim, CA",6,California,37,Los Angeles,34.01029,-118.0685
02/23/2025,AQS,1,0.057,ppm,58,Pico Rivera #2,17,100,44201,Ozone,87,31080,"Los Angeles-Long Beach-Anaheim, CA",6,California,37,Los Angeles,34.01029,-118.0685
02/24/2025,AQS,1,0.052,ppm,48,Pico Rivera #2,17,100,44201,Ozone,87,31080,"Los Angeles-Long Beach-Anaheim, CA",6,California,37,Los Angeles,34.01029,-118.0685
02/25/2025,AQS,1,0.048,ppm,44,Pico Rivera #2,17,100,44201,Ozone,87,31080,"Los Angeles-Long Beach-Anaheim, CA",6,California,37,Los Angeles,34.01029,-118.0685
02/26/2025,AQS,1,0.045,ppm,42,Pico Rivera #2,17,100,44201,Ozone,87,31080,"Los Angeles-Long Beach-Anaheim, CA",6,California,37,Los Angeles,34.01029,-118.0685
02/27/2025,AQS,1,0.046,ppm,43,Pico Rivera #2,17,100,44201,Ozone,87,31080,"Los Angeles-Long Beach-Anaheim, CA",6,California,37,Los Angeles,34.01029,-118.0685
02/28/2025,AQS,1,0.05,ppm,46,Pico Rivera #2,17,100,44201,Ozone,87,31080,"Los Angeles-Long Beach-Anaheim, CA",6,California,37,Los Angeles,34.01029,-118.0685
03/01/2025,AQS,1,0.041,ppm,38,Pico Rivera #2,17,100,44201,Ozone,87,31080,"Los Angeles-Long Beach-Anaheim, CA",6,California,37,Los Angeles,34.01029,-118.0685
03/02/2025,AQS,1,0.044,ppm,41,Pico Rivera #2,17,100,44201,Ozone,87,31080,"Los Angeles-Long Beach-Anaheim, CA",6,California,37,Los Angeles,34.01029,-118.0685
03/03/2025,AQS,1,0.039,ppm,36,Pico Rivera #2,17,100,44201,Ozone,87,31080,"Los Angeles-Long Beach-Anaheim, CA",6,California,37,Los Angeles,34.01029,-118.0685
03/04/2025,AQS,1,0.04,ppm,37,Pico Rivera #2,17,100,44201,Ozone,87,31080,"Los Angeles-Long Beach-Anaheim, CA",6,California,37,Los Angeles,34.01029,-118.0685
03/05/2025,AQS,1,0.032,ppm,30,Pico Rivera #2,17,100,44201,Ozone,87,31080,"Los Angeles-Long Beach-Anaheim, CA",6,California,37,Los Angeles,34.01029,-118.0685
03/06/2025,AQS,1,0.044,ppm,41,Pico Rivera #2,17,100,44201,Ozone,87,31080,"Los Angeles-Long Beach-Anaheim, CA",6,California,37,Los Angeles,34.01029,-118.0685
03/07/2025,AQS,1,0.038,ppm,35,Pico Rivera #2,17,100,44201,Ozone,87,31080,"Los Angeles-Long Beach-Anaheim, CA",6,California,37,Los Angeles,34.01029,-118.0685
03/08/2025,AQS,1,0.044,ppm,41,Pico Rivera #2,17,100,44201,Ozone,87,31080,"Los Angeles-Long Beach-Anaheim, CA",6,California,37,Los Angeles,34.01029,-118.0685
03/09/2025,AQS,1,0.051,ppm,47,Pico Rivera #2,17,100,44201,Ozone,87,31080,"Los Angeles-Long Beach-Anaheim, CA",6,California,37,Los Angeles,34.01029,-118.0685
03/10/2025,AQS,1,0.048,ppm,44,Pico Rivera #2,17,100,44201,Ozone,87,31080,"Los Angeles-Long Beach-Anaheim, CA",6,California,37,Los Angeles,34.01029,-118.0685
03/11/2025,AQS,1,0.039,ppm,36,Pico Rivera #2,17,100,44201,Ozone,87,31080,"Los Angeles-Long Beach-Anaheim, CA",6,California,37,Los Angeles,34.01029,-118.0685
03/12/2025,AQS,1,0.042,ppm,39,Pico Rivera #2,17,100,44201,Ozone,87,31080,"Los Angeles-Long Beach-Anaheim, CA",6,California,37,Los Angeles,34.01029,-118.0685
03/13/2025,AQS,1,0.045,ppm,42,Pico Rivera #2,17,100,44201,Ozone,87,31080,"Los Angeles-Long Beach-Anaheim, CA",6,California,37,Los Angeles,34.01029,-118.0685
03/14/2025,AQS,1,0.033,ppm,31,Pico Rivera #2,17,100,44201,Ozone,87,31080,"Los Angeles-Long Beach-Anaheim, CA",6,California,37,Los Angeles,34.01029,-118.0685
03/15/2025,AQS,1,0.044,ppm,41,Pico Rivera #2,17,100,44201,Ozone,87,31080,"Los Angeles-Long Beach-Anaheim, CA",6,California,37,Los Angeles,34.01029,-118.0685
03/16/2025,AQS,1,0.052,ppm,48,Pico Rivera #2,17,100,44201,Ozone,87,31080,"Los Angeles-Long Beach-Anaheim, CA",6,California,37,Los Angeles,34.01029,-118.0685
03/17/2025,AQS,1,0.037,ppm,34,Pico Rivera #2,17,100,44201,Ozone,87,31080,"Los Angeles-Long Beach-Anaheim, CA",6,California,37,Los Angeles,34.01029,-118.0685
03/18/2025,AQS,1,0.041,ppm,38,Pico Rivera #2,17,100,44201,Ozone,87,31080,"Los Angeles-Long Beach-Anaheim, CA",6,California,37,Los Angeles,34.01029,-118.0685
03/19/2025,AQS,1,0.047,ppm,44,Pico Rivera #2,17,100,44201,Ozone,87,31080,"Los Angeles-Long Beach-Anaheim, CA",6,California,37,Los Angeles,34.01029,-118.0685
03/20/2025,AQS,1,0.046,ppm,43,Pico Rivera #2,17,100,44201,Ozone,87,31080,"Los Angeles-Long Beach-Anaheim, CA",6,California,37,Los Angeles,34.01029,-118.0685
03/21/2025,AQS,1,0.049,ppm,45,Pico Rivera #2,17,100,44201,Ozone,87,31080,"Los Angeles-Long Beach-Anaheim, CA",6,California,37,Los Angeles,34.01029,-118.0685
03/22/2025,AQS,1,0.057,ppm,58,Pico Rivera #2,17,100,44201,Ozone,87,31080,"Los Angeles-Long Beach-Anaheim, CA",6,California,37,Los Angeles,34.01029,-118.0685
03/23/2025,AQS,1,0.058,ppm,61,Pico Rivera #2,17,100,44201,Ozone,87,31080,"Los Angeles-Long Beach-Anaheim, CA",6,California,37,Los Angeles,34.01029,-118.0685
03/24/2025,AQS,1,0.05,ppm,46,Pico Rivera #2,17,100,44201,Ozone,87,31080,"Los Angeles-Long Beach-Anaheim, CA",6,California,37,Los Angeles,34.01029,-118.0685
03/25/2025,AQS,1,0.046,ppm,43,Pico Rivera #2,17,100,44201,Ozone,87,31080,"Los Angeles-Long Beach-Anaheim, CA",6,California,37,Los Angeles,34.01029,-118.0685
03/26/2025,AQS,1,0.037,ppm,34,Pico Rivera #2,17,100,44201,Ozone,87,31080,"Los Angeles-Long Beach-Anaheim, CA",6,California,37,Los Angeles,34.01029,-118.0685
03/27/2025,AQS,1,0.036,ppm,33,Pico Rivera #2,17,100,44201,Ozone,87,31080,"Los Angeles-Long Beach-Anaheim, CA",6,California,37,Los Angeles,34.01029,-118.0685
03/28/2025,AQS,1,0.047,ppm,44,Pico Rivera #2,17,100,44201,Ozone,87,31080,"Los Angeles-Long Beach-Anaheim, CA",6,California,37,Los Angeles,34.01029,-118.0685
03/29/2025,AQS,1,0.047,ppm,44,Pico Rivera #2,17,100,44201,Ozone,87,31080,"Los Angeles-Long Beach-Anaheim, CA",6,California,37,Los Angeles,34.01029,-118.0685
03/30/2025,AQS,1,0.045,ppm,42,Pico Rivera #2,17,100,44201,Ozone,87,31080,"Los Angeles-Long Beach-Anaheim, CA",6,California,37,Los Angeles,34.01029,-118.0685
03/31/2025,AQS,1,0.033,ppm,31,Pico Rivera #2,17,100,44201,Ozone,87,31080,"Los Angeles-Long Beach-Anaheim, CA",6,California,37,Los Angeles,34.01029,-118.0685
04/01/2025,AQS,1,0.044,ppm,41,Pico Rivera #2,17,100,44201,Ozone,87,31080,"Los Angeles-Long Beach-Anaheim, CA",6,California,37,Los Angeles,34.01029,-118.0685
04/02/2025,AQS,1,0.042,ppm,39,Pico Rivera #2,13,76,44201,Ozone,87,31080,"Los Angeles-Long Beach-Anaheim, CA",6,California,37,Los Angeles,34.01029,-118.0685
04/03/2025,AQS,1,0.046,ppm,43,Pico Rivera #2,13,76,44201,Ozone,87,31080,"Los Angeles-Long Beach-Anaheim, CA",6,California,37,Los Angeles,34.01029,-118.0685
04/04/2025,AQS,1,0.045,ppm,42,Pico Rivera #2,17,100,44201,Ozone,87,31080,"Los Angeles-Long Beach-Anaheim, CA",6,California,37,Los Angeles,34.01029,-118.0685
04/05/2025,AQS,1,0.054,ppm,50,Pico Rivera #2,17,100,44201,Ozone,87,31080,"Los Angeles-Long Beach-Anaheim, CA",6,California,37,Los Angeles,34.01029,-118.0685
04/06/2025,AQS,1,0.056,ppm,54,Pico Rivera #2,17,100,44201,Ozone,87,31080,"Los Angeles-Long Beach-Anaheim, CA",6,California,37,Los Angeles,34.01029,-118.0685
04/07/2025,AQS,1,0.051,ppm,47,Pico Rivera #2,17,100,44201,Ozone,87,31080,"Los Angeles-Long Beach-Anaheim, CA",6,California,37,Los Angeles,34.01029,-118.0685
04/08/2025,AQS,1,0.055,ppm,51,Pico Rivera #2,17,100,44201,Ozone,87,31080,"Los Angeles-Long Beach-Anaheim, CA",6,California,37,Los Angeles,34.01029,-118.0685
04/09/2025,AQS,1,0.069,ppm,97,Pico Rivera #2,14,82,44201,Ozone,87,31080,"Los Angeles-Long Beach-Anaheim, CA",6,California,37,Los Angeles,34.01029,-118.0685
04/10/2025,AQS,1,0.059,ppm,64,Pico Rivera #2,17,100,44201,Ozone,87,31080,"Los Angeles-Long Beach-Anaheim, CA",6,California,37,Los Angeles,34.01029,-118.0685
04/11/2025,AQS,1,0.059,ppm,64,Pico Rivera #2,17,100,44201,Ozone,87,31080,"Los Angeles-Long Beach-Anaheim, CA",6,California,37,Los Angeles,34.01029,-118.0685
04/12/2025,AQS,1,0.061,ppm,71,Pico Rivera #2,17,100,44201,Ozone,87,31080,"Los Angeles-Long Beach-Anaheim, CA",6,California,37,Los Angeles,34.01029,-118.0685
04/13/2025,AQS,1,0.05,ppm,46,Pico Rivera #2,17,100,44201,Ozone,87,31080,"Los Angeles-Long Beach-Anaheim, CA",6,California,37,Los Angeles,34.01029,-118.0685
04/14/2025,AQS,1,0.05,ppm,46,Pico Rivera #2,17,100,44201,Ozone,87,31080,"Los Angeles-Long Beach-Anaheim, CA",6,California,37,Los Angeles,34.01029,-118.0685
04/15/2025,AQS,1,0.047,ppm,44,Pico Rivera #2,17,100,44201,Ozone,87,31080,"Los Angeles-Long Beach-Anaheim, CA",6,California,37,Los Angeles,34.01029,-118.0685
04/16/2025,AQS,1,0.045,ppm,42,Pico Rivera #2,17,100,44201,Ozone,87,31080,"Los Angeles-Long Beach-Anaheim, CA",6,California,37,Los Angeles,34.01029,-118.0685
04/17/2025,AQS,1,0.039,ppm,36,Pico Rivera #2,13,76,44201,Ozone,87,31080,"Los Angeles-Long Beach-Anaheim, CA",6,California,37,Los Angeles,34.01029,-118.0685
04/18/2025,AQS,1,0.044,ppm,41,Pico Rivera #2,17,100,44201,Ozone,87,31080,"Los Angeles-Long Beach-Anaheim, CA",6,California,37,Los Angeles,34.01029,-118.0685
04/19/2025,AQS,1,0.048,ppm,44,Pico Rivera #2,17,100,44201,Ozone,87,31080,"Los Angeles-Long Beach-Anaheim, CA",6,California,37,Los Angeles,34.01029,-118.0685
04/20/2025,AQS,1,0.051,ppm,47,Pico Rivera #2,17,100,44201,Ozone,87,31080,"Los Angeles-Long Beach-Anaheim, CA",6,California,37,Los Angeles,34.01029,-118.0685
04/21/2025,AQS,1,0.049,ppm,45,Pico Rivera #2,17,100,44201,Ozone,87,31080,"Los Angeles-Long Beach-Anaheim, CA",6,California,37,Los Angeles,34.01029,-118.0685
04/22/2025,AQS,1,0.053,ppm,49,Pico Rivera #2,14,82,44201,Ozone,87,31080,"Los Angeles-Long Beach-Anaheim, CA",6,California,37,Los Angeles,34.01029,-118.0685
04/23/2025,AQS,1,0.043,ppm,40,Pico Rivera #2,17,100,44201,Ozone,87,31080,"Los Angeles-Long Beach-Anaheim, CA",6,California,37,Los Angeles,34.01029,-118.0685
04/24/2025,AQS,1,0.047,ppm,44,Pico Rivera #2,17,100,44201,Ozone,87,31080,"Los Angeles-Long Beach-Anaheim, CA",6,California,37,Los Angeles,34.01029,-118.0685
04/25/2025,AQS,1,0.051,ppm,47,Pico Rivera #2,17,100,44201,Ozone,87,31080,"Los Angeles-Long Beach-Anaheim, CA",6,California,37,Los Angeles,34.01029,-118.0685
04/26/2025,AQS,1,0.05,ppm,46,Pico Rivera #2,17,100,44201,Ozone,87,31080,"Los Angeles-Long Beach-Anaheim, CA",6,California,37,Los Angeles,34.01029,-118.0685
04/27/2025,AQS,1,0.046,ppm,43,Pico Rivera #2,17,100,44201,Ozone,87,31080,"Los Angeles-Long Beach-Anaheim, CA",6,California,37,Los Angeles,34.01029,-118.0685
04/28/2025,AQS,1,0.044,ppm,41,Pico Rivera #2,17,100,44201,Ozone,87,31080,"Los Angeles-Long Beach-Anaheim, CA",6,California,37,Los Angeles,34.01029,-118.0685
04/29/2025,AQS,1,0.046,ppm,43,Pico Rivera #2,17,100,44201,Ozone,87,31080,"Los Angeles-Long Beach-Anaheim, CA",6,California,37,Los Angeles,34.01029,-118.0685
04/30/2025,AQS,1,0.047,ppm,44,Pico Rivera #2,14,82,44201,Ozone,87,31080,"Los Angeles-Long Beach-Anaheim, CA",6,California,37,Los Angeles,34.01029,-118.0685
05/01/2025,AQS,1,0.051,ppm,47,Pico Rivera #2,14,82,44201,Ozone,87,31080,"Los Angeles-Long Beach-Anaheim, CA",6,California,37,Los Angeles,34.01029,-118.0685
05/02/2025,AQS,1,0.045,ppm,42,Pico Rivera #2,17,100,44201,Ozone,87,31080,"Los Angeles-Long Beach-Anaheim, CA",6,California,37,Los Angeles,34.01029,-118.0685
05/03/2025,AQS,1,0.039,ppm,36,Pico Rivera #2,17,100,44201,Ozone,87,31080,"Los Angeles-Long Beach-Anaheim, CA",6,California,37,Los Angeles,34.01029,-118.0685
05/04/2025,AQS,1,0.038,ppm,35,Pico Rivera #2,17,100,44201,Ozone,87,31080,"Los Angeles-Long Beach-Anaheim, CA",6,California,37,Los Angeles,34.01029,-118.0685
05/05/2025,AQS,1,0.038,ppm,35,Pico Rivera #2,17,100,44201,Ozone,87,31080,"Los Angeles-Long Beach-Anaheim, CA",6,California,37,Los Angeles,34.01029,-118.0685
05/06/2025,AQS,1,0.033,ppm,31,Pico Rivera #2,17,100,44201,Ozone,87,31080,"Los Angeles-Long Beach-Anaheim, CA",6,California,37,Los Angeles,34.01029,-118.0685
05/07/2025,AQS,1,0.043,ppm,40,Pico Rivera #2,17,100,44201,Ozone,87,31080,"Los Angeles-Long Beach-Anaheim, CA",6,California,37,Los Angeles,34.01029,-118.0685
05/08/2025,AQS,1,0.057,ppm,58,Pico Rivera #2,15,88,44201,Ozone,87,31080,"Los Angeles-Long Beach-Anaheim, CA",6,California,37,Los Angeles,34.01029,-118.0685
05/09/2025,AQS,1,0.071,ppm,101,Pico Rivera #2,17,100,44201,Ozone,87,31080,"Los Angeles-Long Beach-Anaheim, CA",6,California,37,Los Angeles,34.01029,-118.0685
05/10/2025,AQS,1,0.089,ppm,159,Pico Rivera #2,17,100,44201,Ozone,87,31080,"Los Angeles-Long Beach-Anaheim, CA",6,California,37,Los Angeles,34.01029,-118.0685
05/11/2025,AQS,1,0.071,ppm,101,Pico Rivera #2,17,100,44201,Ozone,87,31080,"Los Angeles-Long Beach-Anaheim, CA",6,California,37,Los Angeles,34.01029,-118.0685
05/12/2025,AQS,1,0.048,ppm,44,Pico Rivera #2,17,100,44201,Ozone,87,31080,"Los Angeles-Long Beach-Anaheim, CA",6,California,37,Los Angeles,34.01029,-118.0685
05/13/2025,AirNow,1,0.047,ppm,44,Pico Rivera #2,18,75,44201,Ozone,,31080,"Los Angeles-Long Beach-Anaheim, CA",6,California,37,Los Angeles,34.01029,-118.0685
05/14/2025,AQS,1,0.047,ppm,44,Pico Rivera #2,17,100,44201,Ozone,87,31080,"Los Angeles-Long Beach-Anaheim, CA",6,California,37,Los Angeles,34.01029,-118.0685
05/15/2025,AQS,1,0.049,ppm,45,Pico Rivera #2,17,100,44201,Ozone,87,31080,"Los Angeles-Long Beach-Anaheim, CA",6,California,37,Los Angeles,34.01029,-118.0685
05/16/2025,AQS,1,0.048,ppm,44,Pico Rivera #2,17,100,44201,Ozone,87,31080,"Los Angeles-Long Beach-Anaheim, CA",6,California,37,Los Angeles,34.01029,-118.0685
05/17/2025,AQS,1,0.045,ppm,42,Pico Rivera #2,17,100,44201,Ozone,87,31080,"Los Angeles-Long Beach-Anaheim, CA",6,California,37,Los Angeles,34.01029,-118.0685
05/18/2025,AQS,1,0.049,ppm,45,Pico Rivera #2,17,100,44201,Ozone,87,31080,"Los Angeles-Long Beach-Anaheim, CA",6,California,37,Los Angeles,34.01029,-118.0685
05/19/2025,AQS,1,0.057,ppm,58,Pico Rivera #2,17,100,44201,Ozone,87,31080,"Los Angeles-Long Beach-Anaheim, CA",6,California,37,Los Angeles,34.01029,-118.0685
05/20/2025,AQS,1,0.074,ppm,112,Pico Rivera #2,17,100,44201,Ozone,87,31080,"Los Angeles-Long Beach-Anaheim, CA",6,California,37,Los Angeles,34.01029,-118.0685
05/21/2025,AQS,1,0.076,ppm,119,Pico Rivera #2,17,100,44201,Ozone,87,31080,"Los Angeles-Long Beach-Anaheim, CA",6,California,37,Los Angeles,34.01029,-118.0685
05/22/2025,AQS,1,0.059,ppm,64,Pico Rivera #2,17,100,44201,Ozone,87,31080,"Los Angeles-Long Beach-Anaheim, CA",6,California,37,Los Angeles,34.01029,-118.0685
05/23/2025,AQS,1,0.051,ppm,47,Pico Rivera #2,17,100,44201,Ozone,87,31080,"Los Angeles-Long Beach-Anaheim, CA",6,California,37,Los Angeles,34.01029,-118.0685
05/24/2025,AQS,1,0.052,ppm,48,Pico Rivera #2,17,100,44201,Ozone,87,31080,"Los Angeles-Long Beach-Anaheim, CA",6,California,37,Los Angeles,34.01029,-118.0685
05/25/2025,AQS,1,0.052,ppm,48,Pico Rivera #2,17,100,44201,Ozone,87,31080,"Los Angeles-Long Beach-Anaheim, CA",6,California,37,Los Angeles,34.01029,-118.0685
05/26/2025,AQS,1,0.054,ppm,50,Pico Rivera #2,17,100,44201,Ozone,87,31080,"Los Angeles-Long Beach-Anaheim, CA",6,California,37,Los Angeles,34.01029,-118.0685
05/27/2025,AQS,1,0.054,ppm,50,Pico Rivera #2,17,100,44201,Ozone,87,31080,"Los Angeles-Long Beach-Anaheim, CA",6,California,37,Los Angeles,34.01029,-118.0685
05/28/2025,AQS,1,0.046,ppm,43,Pico Rivera #2,17,100,44201,Ozone,87,31080,"Los Angeles-Long Beach-Anaheim, CA",6,California,37,Los Angeles,34.01029,-118.0685
05/29/2025,AQS,1,0.053,ppm,49,Pico Rivera #2,17,100,44201,Ozone,87,31080,"Los Angeles-Long Beach-Anaheim, CA",6,California,37,Los Angeles,34.01029,-118.0685
05/30/2025,AQS,1,0.065,ppm,84,Pico Rivera #2,17,100,44201,Ozone,87,31080,"Los Angeles-Long Beach-Anaheim, CA",6,California,37,Los Angeles,34.01029,-118.0685
05/31/2025,AQS,1,0.078,ppm,126,Pico Rivera #2,12,71,44201,Ozone,87,31080,"Los Angeles-Long Beach-Anaheim, CA",6,California,37,Los Angeles,34.01029,-118.0685
06/01/2025,AirNow,1,0.059,ppm,64,Pico Rivera #2,24,100,44201,Ozone,,31080,"Los Angeles-Long Beach-Anaheim, CA",6,California,37,Los Angeles,34.01029,-118.0685
06/02/2025,AirNow,1,0.043,ppm,40,Pico Rivera #2,24,100,44201,Ozone,,31080,"Los Angeles-Long Beach-Anaheim, CA",6,California,37,Los Angeles,34.01029,-118.0685
06/03/2025,AirNow,1,0.033,ppm,31,Pico Rivera #2,24,100,44201,Ozone,,31080,"Los Angeles-Long Beach-Anaheim, CA",6,California,37,Los Angeles,34.01029,-118.0685
06/04/2025,AirNow,1,0.042,ppm,39,Pico Rivera #2,24,100,44201,Ozone,,31080,"Los Angeles-Long Beach-Anaheim, CA",6,California,37,Los Angeles,34.01029,-118.0685
06/05/2025,AirNow,1,0.041,ppm,38,Pico Rivera #2,24,100,44201,Ozone,,31080,"Los Angeles-Long Beach-Anaheim, CA",6,California,37,Los Angeles,34.01029,-118.0685
06/06/2025,AirNow,1,0.046,ppm,43,Pico Rivera #2,24,100,44201,Ozone,,31080,"Los Angeles-Long Beach-Anaheim, CA",6,California,37,Los Angeles,34.01029,-118.0685
06/07/2025,AirNow,1,0.043,ppm,40,Pico Rivera #2,24,100,44201,Ozone,,31080,"Los Angeles-Long Beach-Anaheim, CA",6,California,37,Los Angeles,34.01029,-118.0685
06/08/2025,AirNow,1,0.049,ppm,45,Pico Rivera #2,24,100,44201,Ozone,,31080,"Los Angeles-Long Beach-Anaheim, CA",6,California,37,Los Angeles,34.01029,-118.0685
06/09/2025,AirNow,1,0.043,ppm,40,Pico Rivera #2,24,100,44201,Ozone,,31080,"Los Angeles-Long Beach-Anaheim, CA",6,California,37,Los Angeles,34.01029,-118.0685
06/10/2025,AirNow,1,0.058,ppm,61,Pico Rivera #2,24,100,44201,Ozone,,31080,"Los Angeles-Long Beach-Anaheim, CA",6,California,37,Los Angeles,34.01029,-118.0685
06/11/2025,AirNow,1,0.059,ppm,64,Pico Rivera #2,24,100,44201,Ozone,,31080,"Los Angeles-Long Beach-Anaheim, CA",6,California,37,Los Angeles,34.01029,-118.0685
06/12/2025,AirNow,1,0.054,ppm,50,Pico Rivera #2,24,100,44201,Ozone,,31080,"Los Angeles-Long Beach-Anaheim, CA",6,California,37,Los Angeles,34.01029,-118.0685
06/13/2025,AirNow,1,0.062,ppm,74,Pico Rivera #2,24,100,44201,Ozone,,31080,"Los Angeles-Long Beach-Anaheim, CA",6,California,37,Los Angeles,34.01029,-118.0685
06/14/2025,AirNow,1,0.071,ppm,101,Pico Rivera #2,24,100,44201,Ozone,,31080,"Los Angeles-Long Beach-Anaheim, CA",6,California,37,Los Angeles,34.01029,-118.0685
06/15/2025,AirNow,1,0.074,ppm,112,Pico Rivera #2,24,100,44201,Ozone,,31080,"Los Angeles-Long Beach-Anaheim, CA",6,California,37,Los Angeles,34.01029,-118.0685
06/16/2025,AirNow,1,0.072,ppm,105,Pico Rivera #2,24,100,44201,Ozone,,31080,"Los Angeles-Long Beach-Anaheim, CA",6,California,37,Los Angeles,34.01029,-118.0685
06/17/2025,AirNow,1,0.069,ppm,97,Pico Rivera #2,24,100,44201,Ozone,,31080,"Los Angeles-Long Beach-Anaheim, CA",6,California,37,Los Angeles,34.01029,-118.0685
06/18/2025,AirNow,1,0.064,ppm,80,Pico Rivera #2,24,100,44201,Ozone,,31080,"Los Angeles-Long Beach-Anaheim, CA",6,California,37,Los Angeles,34.01029,-118.0685
06/19/2025,AirNow,1,0.057,ppm,58,Pico Rivera #2,24,100,44201,Ozone,,31080,"Los Angeles-Long Beach-Anaheim, CA",6,California,37,Los Angeles,34.01029,-118.0685
06/20/2025,AirNow,1,0.054,ppm,50,Pico Rivera #2,24,100,44201,Ozone,,31080,"Los Angeles-Long Beach-Anaheim, CA",6,California,37,Los Angeles,34.01029,-118.0685
06/21/2025,AirNow,1,0.046,ppm,43,Pico Rivera #2,24,100,44201,Ozone,,31080,"Los Angeles-Long Beach-Anaheim, CA",6,California,37,Los Angeles,34.01029,-118.0685
06/22/2025,AirNow,1,0.053,ppm,49,Pico Rivera #2,24,100,44201,Ozone,,31080,"Los Angeles-Long Beach-Anaheim, CA",6,California,37,Los Angeles,34.01029,-118.0685
06/23/2025,AirNow,1,0.048,ppm,44,Pico Rivera #2,24,100,44201,Ozone,,31080,"Los Angeles-Long Beach-Anaheim, CA",6,California,37,Los Angeles,34.01029,-118.0685
06/24/2025,AirNow,1,0.045,ppm,42,Pico Rivera #2,24,100,44201,Ozone,,31080,"Los Angeles-Long Beach-Anaheim, CA",6,California,37,Los Angeles,34.01029,-118.0685
06/25/2025,AirNow,1,0.056,ppm,54,Pico Rivera #2,24,100,44201,Ozone,,31080,"Los Angeles-Long Beach-Anaheim, CA",6,California,37,Los Angeles,34.01029,-118.0685
06/26/2025,AirNow,1,0.062,ppm,74,Pico Rivera #2,24,100,44201,Ozone,,31080,"Los Angeles-Long Beach-Anaheim, CA",6,California,37,Los Angeles,34.01029,-118.0685
06/27/2025,AirNow,1,0.065,ppm,84,Pico Rivera #2,24,100,44201,Ozone,,31080,"Los Angeles-Long Beach-Anaheim, CA",6,California,37,Los Angeles,34.01029,-118.0685
06/28/2025,AirNow,1,0.072,ppm,105,Pico Rivera #2,24,100,44201,Ozone,,31080,"Los Angeles-Long Beach-Anaheim, CA",6,California,37,Los Angeles,34.01029,-118.0685
06/29/2025,AirNow,1,0.057,ppm,58,Pico Rivera #2,24,100,44201,Ozone,,31080,"Los Angeles-Long Beach-Anaheim, CA",6,California,37,Los Angeles,34.01029,-118.0685
06/30/2025,AirNow,1,0.051,ppm,47,Pico Rivera #2,24,100,44201,Ozone,,31080,"Los Angeles-Long Beach-Anaheim, CA",6,California,37,Los Angeles,34.01029,-118.0685
07/01/2025,AirNow,1,0.045,ppm,42,Pico Rivera #2,24,100,44201,Ozone,,31080,"Los Angeles-Long Beach-Anaheim, CA",6,California,37,Los Angeles,34.01029,-118.0685
07/02/2025,AirNow,1,0.047,ppm,44,Pico Rivera #2,24,100,44201,Ozone,,31080,"Los Angeles-Long Beach-Anaheim, CA",6,California,37,Los Angeles,34.01029,-118.0685
07/03/2025,AirNow,1,0.047,ppm,44,Pico Rivera #2,24,100,44201,Ozone,,31080,"Los Angeles-Long Beach-Anaheim, CA",6,California,37,Los Angeles,34.01029,-118.0685
07/04/2025,AirNow,1,0.06,ppm,67,Pico Rivera #2,24,100,44201,Ozone,,31080,"Los Angeles-Long Beach-Anaheim, CA",6,California,37,Los Angeles,34.01029,-118.0685
07/05/2025,AirNow,1,0.063,ppm,77,Pico Rivera #2,24,100,44201,Ozone,,31080,"Los Angeles-Long Beach-Anaheim, CA",6,California,37,Los Angeles,34.01029,-118.0685
07/06/2025,AirNow,1,0.057,ppm,58,Pico Rivera #2,24,100,44201,Ozone,,31080,"Los Angeles-Long Beach-Anaheim, CA",6,California,37,Los Angeles,34.01029,-118.0685
07/07/2025,AirNow,1,0.059,ppm,64,Pico Rivera #2,24,100,44201,Ozone,,31080,"Los Angeles-Long Beach-Anaheim, CA",6,California,37,Los Angeles,34.01029,-118.0685
07/08/2025,AirNow,1,0.056,ppm,54,Pico Rivera #2,24,100,44201,Ozone,,31080,"Los Angeles-Long Beach-Anaheim, CA",6,California,37,Los Angeles,34.01029,-118.0685
07/09/2025,AirNow,1,0.056,ppm,54,Pico Rivera #2,24,100,44201,Ozone,,31080,"Los Angeles-Long Beach-Anaheim, CA",6,California,37,Los Angeles,34.01029,-118.0685
07/10/2025,AirNow,1,0.065,ppm,84,Pico Rivera #2,24,100,44201,Ozone,,31080,"Los Angeles-Long Beach-Anaheim, CA",6,California,37,Los Angeles,34.01029,-118.0685
07/16/2025,AirNow,1,0.041,ppm,38,Pico Rivera #2,24,100,44201,Ozone,,31080,"Los Angeles-Long Beach-Anaheim, CA",6,California,37,Los Angeles,34.01029,-118.0685
07/17/2025,AirNow,1,0.044,ppm,41,Pico Rivera #2,24,100,44201,Ozone,,31080,"Los Angeles-Long Beach-Anaheim, CA",6,California,37,Los Angeles,34.01029,-118.0685
07/18/2025,AirNow,1,0.045,ppm,42,Pico Rivera #2,24,100,44201,Ozone,,31080,"Los Angeles-Long Beach-Anaheim, CA",6,California,37,Los Angeles,34.01029,-118.0685
07/19/2025,AirNow,1,0.047,ppm,44,Pico Rivera #2,24,100,44201,Ozone,,31080,"Los Angeles-Long Beach-Anaheim, CA",6,California,37,Los Angeles,34.01029,-118.0685
07/20/2025,AirNow,1,0.046,ppm,43,Pico Rivera #2,24,100,44201,Ozone,,31080,"Los Angeles-Long Beach-Anaheim, CA",6,California,37,Los Angeles,34.01029,-118.0685
07/21/2025,AirNow,1,0.043,ppm,40,Pico Rivera #2,24,100,44201,Ozone,,31080,"Los Angeles-Long Beach-Anaheim, CA",6,California,37,Los Angeles,34.01029,-118.0685
07/22/2025,AirNow,1,0.041,ppm,38,Pico Rivera #2,24,100,44201,Ozone,,31080,"Los Angeles-Long Beach-Anaheim, CA",6,California,37,Los Angeles,34.01029,-118.0685
07/23/2025,AirNow,1,0.042,ppm,39,Pico Rivera #2,24,100,44201,Ozone,,31080,"Los Angeles-Long Beach-Anaheim, CA",6,California,37,Los Angeles,34.01029,-118.0685
07/24/2025,AirNow,1,0.037,ppm,34,Pico Rivera #2,24,100,44201,Ozone,,31080,"Los Angeles-Long Beach-Anaheim, CA",6,California,37,Los Angeles,34.01029,-118.0685
07/25/2025,AirNow,1,0.034,ppm,31,Pico Rivera #2,23,96,44201,Ozone,,31080,"Los Angeles-Long Beach-Anaheim, CA",6,California,37,Los Angeles,34.01029,-118.0685
07/27/2025,AirNow,1,0.045,ppm,42,Pico Rivera #2,24,100,44201,Ozone,,31080,"Los Angeles-Long Beach-Anaheim, CA",6,California,37,Los Angeles,34.01029,-118.0685
07/28/2025,AirNow,1,0.042,ppm,39,Pico Rivera #2,24,100,44201,Ozone,,31080,"Los Angeles-Long Beach-Anaheim, CA",6,California,37,Los Angeles,34.01029,-118.0685
07/29/2025,AirNow,1,0.047,ppm,44,Pico Rivera #2,24,100,44201,Ozone,,31080,"Los Angeles-Long Beach-Anaheim, CA",6,California,37,Los Angeles,34.01029,-118.0685
07/30/2025,AirNow,1,0.057,ppm,58,Pico Rivera #2,24,100,44201,Ozone,,31080,"Los Angeles-Long Beach-Anaheim, CA",6,California,37,Los Angeles,34.01029,-118.0685
07/31/2025,AirNow,1,0.051,ppm,47,Pico Rivera #2,24,100,44201,Ozone,,31080,"Los Angeles-Long Beach-Anaheim, CA",6,California,37,Los Angeles,34.01029,-118.0685
08/01/2025,AirNow,1,0.054,ppm,50,Pico Rivera #2,18,75,44201,Ozone,,31080,"Los Angeles-Long Beach-Anaheim, CA",6,California,37,Los Angeles,34.01029,-118.0685
08/03/2025,AirNow,1,0.06,ppm,67,Pico Rivera #2,20,83,44201,Ozone,,31080,"Los Angeles-Long Beach-Anaheim, CA",6,California,37,Los Angeles,34.01029,-118.0685
