Date,Source,POC,Daily Mean PM2.5 Concentration,Units,Daily AQI Value,Local Site Name,Daily Obs Count,Percent Complete,AQS Parameter Code,AQS Parameter Description,Method Code,Method Description,CBSA Code,CBSA Name,State FIPS Code,State,County FIPS Code,County,Site Latitude,Site Longitude
01/03/2015,AQS,1,16,ug/m3 LC,64,Azusa,1,100,88101,PM2.5 - Local Conditions,120,Andersen RAAS2.5-300 PM2.5 SEQ w/WINS,31080,"Los Angeles-Long Beach-Anaheim, CA",6,California,37,Los Angeles,34.1365,-117.92391
01/06/2015,AQS,1,2.8,ug/m3 LC,16,Azusa,1,100,88101,PM2.5 - Local Conditions,120,Andersen RAAS2.5-300 PM2.5 SEQ w/WINS,31080,"Los Angeles-Long Beach-Anaheim, CA",6,California,37,Los Angeles,34.1365,-117.92391
01/09/2015,AQS,1,21.1,ug/m3 LC,73,Azusa,1,100,88101,PM2.5 - Local Conditions,120,Andersen RAAS2.5-300 PM2.5 SEQ w/WINS,31080,"Los Angeles-Long Beach-Anaheim, CA",6,California,37,Los Angeles,34.1365,-117.92391
01/12/2015,AQS,1,19,ug/m3 LC,69,Azusa,1,100,88101,PM2.5 - Local Conditions,120,Andersen RAAS2.5-300 PM2.5 SEQ w/WINS,31080,"Los Angeles-Long Beach-Anaheim, CA",6,California,37,Los Angeles,34.1365,-117.92391
01/15/2015,AQS,1,2.7,ug/m3 LC,15,Azusa,1,100,88101,PM2.5 - Local Conditions,120,Andersen RAAS2.5-300 PM2.5 SEQ w/WINS,31080,"Los Angeles-Long Beach-Anaheim, CA",6,California,37,Los Angeles,34.1365,-117.92391
01/18/2015,AQS,1,9.6,ug/m3 LC,52,Azusa,1,100,88101,PM2.5 - Local Conditions,120,Andersen RAAS2.5-300 PM2.5 SEQ w/WINS,31080,"Los Angeles-Long Beach-Anaheim, CA",6,California,37,Los Angeles,34.1365,-117.92391
01/21/2015,AQS,1,28,ug/m3 LC,86,Azusa,1,100,88101,PM2.5 - Local Conditions,120,Andersen RAAS2.5-300 PM2.5 SEQ w/WINS,31080,"Los Angeles-Long Beach-Anaheim, CA",6,California,37,Los Angeles,34.1365,-117.92391
01/24/2015,AQS,1,5.1,ug/m3 LC,28,Azusa,1,100,88101,PM2.5 - Local Conditions,120,Andersen RAAS2.5-300 PM2.5 SEQ w/WINS,31080,"Los Angeles-Long Beach-Anaheim, CA",6,California,37,Los Angeles,34.1365,-117.92391
01/27/2015,AQS,1,6.6,ug/m3 LC,37,Azusa,1,100,88101,PM2.5 - Local Conditions,120,Andersen RAAS2.5-300 PM2.5 SEQ w/WINS,31080,"Los Angeles-Long Beach-Anaheim, CA",6,California,37,Los Angeles,34.1365,-117.92391
01/30/2015,AQS,1,4.2,ug/m3 LC,23,Azusa,1,100,88101,PM2.5 - Local Conditions,120,Andersen RAAS2.5-300 PM2.5 SEQ w/WINS,31080,"Los Angeles-Long Beach-Anaheim, CA",6,California,37,Los Angeles,34.1365,-117.92391
02/02/2015,AQS,1,9.3,ug/m3 LC,51,Azusa,1,100,88101,PM2.5 - Local Conditions,120,Andersen RAAS2.5-300 PM2.5 SEQ w/WINS,31080,"Los Angeles-Long Beach-Anaheim, CA",6,California,37,Los Angeles,34.1365,-117.92391
02/05/2015,AQS,1,44.3,ug/m3 LC,123,Azusa,1,100,88101,PM2.5 - Local Conditions,120,Andersen RAAS2.5-300 PM2.5 SEQ w/WINS,31080,"Los Angeles-Long Beach-Anaheim, CA",6,California,37,Los Angeles,34.1365,-117.92391
02/08/2015,AQS,1,1.1,ug/m3 LC,6,Azusa,1,100,88101,PM2.5 - Local Conditions,120,Andersen RAAS2.5-300 PM2.5 SEQ w/WINS,31080,"Los Angeles-Long Beach-Anaheim, CA",6,California,37,Los Angeles,34.1365,-117.92391
02/11/2015,AQS,1,2.8,ug/m3 LC,16,Azusa,1,100,88101,PM2.5 - Local Conditions,120,Andersen RAAS2.5-300 PM2.5 SEQ w/WINS,31080,"Los Angeles-Long Beach-Anaheim, CA",6,California,37,Los Angeles,34.1365,-117.92391
02/14/2015,AQS,1,4.8,ug/m3 LC,27,Azusa,1,100,88101,PM2.5 - Local Conditions,120,Andersen RAAS2.5-300 PM2.5 SEQ w/WINS,31080,"Los Angeles-Long Beach-Anaheim, CA",6,California,37,Los Angeles,34.1365,-117.92391
02/17/2015,AQS,1,23.4,ug/m3 LC,78,Azusa,1,100,88101,PM2.5 - Local Conditions,120,Andersen RAAS2.5-300 PM2.5 SEQ w/WINS,31080,"Los Angeles-Long Beach-Anaheim, CA",6,California,37,Los Angeles,34.1365,-117.92391
02/20/2015,AQS,1,30,ug/m3 LC,90,Azusa,1,100,88101,PM2.5 - Local Conditions,120,Andersen RAAS2.5-300 PM2.5 SEQ w/WINS,31080,"Los Angeles-Long Beach-Anaheim, CA",6,California,37,Los Angeles,34.1365,-117.92391
02/23/2015,AQS,1,1,ug/m3 LC,6,Azusa,1,100,88101,PM2.5 - Local Conditions,120,Andersen RAAS2.5-300 PM2.5 SEQ w/WINS,31080,"Los Angeles-Long Beach-Anaheim, CA",6,California,37,Los Angeles,34.1365,-117.92391
02/26/2015,AQS,1,10.7,ug/m3 LC,54,Azusa,1,100,88101,PM2.5 - Local Conditions,120,Andersen RAAS2.5-300 PM2.5 SEQ w/WINS,31080,"Los Angeles-Long Beach-Anaheim, CA",6,California,37,Los Angeles,34.1365,-117.92391
03/01/2015,AQS,1,2,ug/m3 LC,11,Azusa,1,100,88101,PM2.5 - Local Conditions,120,Andersen RAAS2.5-300 PM2.5 SEQ w/WINS,31080,"Los Angeles-Long Beach-Anaheim, CA",6,California,37,Los Angeles,34.1365,-117.92391
03/04/2015,AQS,1,4.5,ug/m3 LC,25,Azusa,1,100,88101,PM2.5 - Local Conditions,120,Andersen RAAS2.5-300 PM2.5 SEQ w/WINS,31080,"Los Angeles-Long Beach-Anaheim, CA",6,California,37,Los Angeles,34.1365,-117.92391
03/12/2015,AQS,1,4.1,ug/m3 LC,23,Azusa,1,100,88101,PM2.5 - Local Conditions,120,Andersen RAAS2.5-300 PM2.5 SEQ w/WINS,31080,"Los Angeles-Long Beach-Anaheim, CA",6,California,37,Los Angeles,34.1365,-117.92391
03/13/2015,AQS,1,4.5,ug/m3 LC,25,Azusa,1,100,88101,PM2.5 - Local Conditions,120,Andersen RAAS2.5-300 PM2.5 SEQ w/WINS,31080,"Los Angeles-Long Beach-Anaheim, CA",6,California,37,Los Angeles,34.1365,-117.92391
03/16/2015,AQS,1,6.7,ug/m3 LC,37,Azusa,1,100,88101,PM2.5 - Local Conditions,120,Andersen RAAS2.5-300 PM2.5 SEQ w/WINS,31080,"Los Angeles-Long Beach-Anaheim, CA",6,California,37,Los Angeles,34.1365,-117.92391
03/19/2015,AQS,1,9.3,ug/m3 LC,51,Azusa,1,100,88101,PM2.5 - Local Conditions,120,Andersen RAAS2.5-300 PM2.5 SEQ w/WINS,31080,"Los Angeles-Long Beach-Anaheim, CA",6,California,37,Los Angeles,34.1365,-117.92391
03/22/2015,AQS,1,10,ug/m3 LC,53,Azusa,1,100,88101,PM2.5 - Local Conditions,120,Andersen RAAS2.5-300 PM2.5 SEQ w/WINS,31080,"Los Angeles-Long Beach-Anaheim, CA",6,California,37,Los Angeles,34.1365,-117.92391
03/25/2015,AQS,1,5.7,ug/m3 LC,32,Azusa,1,100,88101,PM2.5 - Local Conditions,120,Andersen RAAS2.5-300 PM2.5 SEQ w/WINS,31080,"Los Angeles-Long Beach-Anaheim, CA",6,California,37,Los Angeles,34.1365,-117.92391
03/28/2015,AQS,1,10.5,ug/m3 LC,54,Azusa,1,100,88101,PM2.5 - Local Conditions,120,Andersen RAAS2.5-300 PM2.5 SEQ w/WINS,31080,"Los Angeles-Long Beach-Anaheim, CA",6,California,37,Los Angeles,34.1365,-117.92391
03/31/2015,AQS,1,17.7,ug/m3 LC,67,Azusa,1,100,88101,PM2.5 - Local Conditions,120,Andersen RAAS2.5-300 PM2.5 SEQ w/WINS,31080,"Los Angeles-Long Beach-Anaheim, CA",6,California,37,Los Angeles,34.1365,-117.92391
04/03/2015,AQS,1,6,ug/m3 LC,33,Azusa,1,100,88101,PM2.5 - Local Conditions,120,Andersen RAAS2.5-300 PM2.5 SEQ w/WINS,31080,"Los Angeles-Long Beach-Anaheim, CA",6,California,37,Los Angeles,34.1365,-117.92391
04/06/2015,AQS,1,5.4,ug/m3 LC,30,Azusa,1,100,88101,PM2.5 - Local Conditions,120,Andersen RAAS2.5-300 PM2.5 SEQ w/WINS,31080,"Los Angeles-Long Beach-Anaheim, CA",6,California,37,Los Angeles,34.1365,-117.92391
04/09/2015,AQS,1,4,ug/m3 LC,22,Azusa,1,100,88101,PM2.5 - Local Conditions,120,Andersen RAAS2.5-300 PM2.5 SEQ w/WINS,31080,"Los Angeles-Long Beach-Anaheim, CA",6,California,37,Los Angeles,34.1365,-117.92391
04/12/2015,AQS,1,8.2,ug/m3 LC,46,Azusa,1,100,88101,PM2.5 - Local Conditions,120,Andersen RAAS2.5-300 PM2.5 SEQ w/WINS,31080,"Los Angeles-Long Beach-Anaheim, CA",6,California,37,Los Angeles,34.1365,-117.92391
04/15/2015,AQS,1,10.8,ug/m3 LC,54,Azusa,1,100,88101,PM2.5 - Local Conditions,120,Andersen RAAS2.5-300 PM2.5 SEQ w/WINS,31080,"Los Angeles-Long Beach-Anaheim, CA",6,California,37,Los Angeles,34.1365,-117.92391
04/18/2015,AQS,1,9.7,ug/m3 LC,52,Azusa,1,100,88101,PM2.5 - Local Conditions,120,Andersen RAAS2.5-300 PM2.5 SEQ w/WINS,31080,"Los Angeles-Long Beach-Anaheim, CA",6,California,37,Los Angeles,34.1365,-117.92391
04/21/2015,AQS,1,10.2,ug/m3 LC,53,Azusa,1,100,88101,PM2.5 - Local Conditions,120,Andersen RAAS2.5-300 PM2.5 SEQ w/WINS,31080,"Los Angeles-Long Beach-Anaheim, CA",6,California,37,Los Angeles,34.1365,-117.92391
04/24/2015,AQS,1,7.2,ug/m3 LC,40,Azusa,1,100,88101,PM2.5 - Local Conditions,120,Andersen RAAS2.5-300 PM2.5 SEQ w/WINS,31080,"Los Angeles-Long Beach-Anaheim, CA",6,California,37,Los Angeles,34.1365,-117.92391
04/27/2015,AQS,1,8.7,ug/m3 LC,48,Azusa,1,100,88101,PM2.5 - Local Conditions,120,Andersen RAAS2.5-300 PM2.5 SEQ w/WINS,31080,"Los Angeles-Long Beach-Anaheim, CA",6,California,37,Los Angeles,34.1365,-117.92391
04/30/2015,AQS,1,10.6,ug/m3 LC,54,Azusa,1,100,88101,PM2.5 - Local Conditions,120,Andersen RAAS2.5-300 PM2.5 SEQ w/WINS,31080,"Los Angeles-Long Beach-Anaheim, CA",6,California,37,Los Angeles,34.1365,-117.92391
05/03/2015,AQS,1,13.3,ug/m3 LC,59,Azusa,1,100,88101,PM2.5 - Local Conditions,120,Andersen RAAS2.5-300 PM2.5 SEQ w/WINS,31080,"Los Angeles-Long Beach-Anaheim, CA",6,California,37,Los Angeles,34.1365,-117.92391
05/06/2015,AQS,1,9.5,ug/m3 LC,52,Azusa,1,100,88101,PM2.5 - Local Conditions,120,Andersen RAAS2.5-300 PM2.5 SEQ w/WINS,31080,"Los Angeles-Long Beach-Anaheim, CA",6,California,37,Los Angeles,34.1365,-117.92391
05/09/2015,AQS,1,11.1,ug/m3 LC,55,Azusa,1,100,88101,PM2.5 - Local Conditions,120,Andersen RAAS2.5-300 PM2.5 SEQ w/WINS,31080,"Los Angeles-Long Beach-Anaheim, CA",6,California,37,Los Angeles,34.1365,-117.92391
05/12/2015,AQS,1,10.2,ug/m3 LC,53,Azusa,1,100,88101,PM2.5 - Local Conditions,120,Andersen RAAS2.5-300 PM2.5 SEQ w/WINS,31080,"Los Angeles-Long Beach-Anaheim, CA",6,California,37,Los Angeles,34.1365,-117.92391
05/15/2015,AQS,1,3.7,ug/m3 LC,21,Azusa,1,100,88101,PM2.5 - Local Conditions,120,Andersen RAAS2.5-300 PM2.5 SEQ w/WINS,31080,"Los Angeles-Long Beach-Anaheim, CA",6,California,37,Los Angeles,34.1365,-117.92391
05/18/2015,AQS,1,7.7,ug/m3 LC,43,Azusa,1,100,88101,PM2.5 - Local Conditions,120,Andersen RAAS2.5-300 PM2.5 SEQ w/WINS,31080,"Los Angeles-Long Beach-Anaheim, CA",6,California,37,Los Angeles,34.1365,-117.92391
05/21/2015,AQS,1,7.1,ug/m3 LC,39,Azusa,1,100,88101,PM2.5 - Local Conditions,120,Andersen RAAS2.5-300 PM2.5 SEQ w/WINS,31080,"Los Angeles-Long Beach-Anaheim, CA",6,California,37,Los Angeles,34.1365,-117.92391
05/24/2015,AQS,1,9.3,ug/m3 LC,51,Azusa,1,100,88101,PM2.5 - Local Conditions,120,Andersen RAAS2.5-300 PM2.5 SEQ w/WINS,31080,"Los Angeles-Long Beach-Anaheim, CA",6,California,37,Los Angeles,34.1365,-117.92391
05/27/2015,AQS,1,10.7,ug/m3 LC,54,Azusa,1,100,88101,PM2.5 - Local Conditions,120,Andersen RAAS2.5-300 PM2.5 SEQ w/WINS,31080,"Los Angeles-Long Beach-Anaheim, CA",6,California,37,Los Angeles,34.1365,-117.92391
05/30/2015,AQS,1,16.5,ug/m3 LC,65,Azusa,1,100,88101,PM2.5 - Local Conditions,120,Andersen RAAS2.5-300 PM2.5 SEQ w/WINS,31080,"Los Angeles-Long Beach-Anaheim, CA",6,California,37,Los Angeles,34.1365,-117.92391
06/02/2015,AQS,1,8.7,ug/m3 LC,48,Azusa,1,100,88101,PM2.5 - Local Conditions,120,Andersen RAAS2.5-300 PM2.5 SEQ w/WINS,31080,"Los Angeles-Long Beach-Anaheim, CA",6,California,37,Los Angeles,34.1365,-117.92391
06/05/2015,AQS,1,7.7,ug/m3 LC,43,Azusa,1,100,88101,PM2.5 - Local Conditions,120,Andersen RAAS2.5-300 PM2.5 SEQ w/WINS,31080,"Los Angeles-Long Beach-Anaheim, CA",6,California,37,Los Angeles,34.1365,-117.92391
06/08/2015,AQS,1,14.7,ug/m3 LC,61,Azusa,1,100,88101,PM2.5 - Local Conditions,120,Andersen RAAS2.5-300 PM2.5 SEQ w/WINS,31080,"Los Angeles-Long Beach-Anaheim, CA",6,California,37,Los Angeles,34.1365,-117.92391
06/11/2015,AQS,1,9.5,ug/m3 LC,52,Azusa,1,100,88101,PM2.5 - Local Conditions,120,Andersen RAAS2.5-300 PM2.5 SEQ w/WINS,31080,"Los Angeles-Long Beach-Anaheim, CA",6,California,37,Los Angeles,34.1365,-117.92391
06/14/2015,AQS,1,11.1,ug/m3 LC,55,Azusa,1,100,88101,PM2.5 - Local Conditions,120,Andersen RAAS2.5-300 PM2.5 SEQ w/WINS,31080,"Los Angeles-Long Beach-Anaheim, CA",6,California,37,Los Angeles,34.1365,-117.92391
06/17/2015,AQS,1,16,ug/m3 LC,64,Azusa,1,100,88101,PM2.5 - Local Conditions,120,Andersen RAAS2.5-300 PM2.5 SEQ w/WINS,31080,"Los Angeles-Long Beach-Anaheim, CA",6,California,37,Los Angeles,34.1365,-117.92391
06/20/2015,AQS,1,16.3,ug/m3 LC,64,Azusa,1,100,88101,PM2.5 - Local Conditions,120,Andersen RAAS2.5-300 PM2.5 SEQ w/WINS,31080,"Los Angeles-Long Beach-Anaheim, CA",6,California,37,Los Angeles,34.1365,-117.92391
06/23/2015,AQS,1,16.6,ug/m3 LC,65,Azusa,1,100,88101,PM2.5 - Local Conditions,120,Andersen RAAS2.5-300 PM2.5 SEQ w/WINS,31080,"Los Angeles-Long Beach-Anaheim, CA",6,California,37,Los Angeles,34.1365,-117.92391
06/26/2015,AQS,1,13.5,ug/m3 LC,59,Azusa,1,100,88101,PM2.5 - Local Conditions,120,Andersen RAAS2.5-300 PM2.5 SEQ w/WINS,31080,"Los Angeles-Long Beach-Anaheim, CA",6,California,37,Los Angeles,34.1365,-117.92391
06/29/2015,AQS,1,12.5,ug/m3 LC,57,Azusa,1,100,88101,PM2.5 - Local Conditions,120,Andersen RAAS2.5-300 PM2.5 SEQ w/WINS,31080,"Los Angeles-Long Beach-Anaheim, CA",6,California,37,Los Angeles,34.1365,-117.92391
07/02/2015,AQS,1,12.2,ug/m3 LC,57,Azusa,1,100,88101,PM2.5 - Local Conditions,120,Andersen RAAS2.5-300 PM2.5 SEQ w/WINS,31080,"Los Angeles-Long Beach-Anaheim, CA",6,California,37,Los Angeles,34.1365,-117.92391
07/05/2015,AQS,1,70.3,ug/m3 LC,161,Azusa,1,100,88101,PM2.5 - Local Conditions,120,Andersen RAAS2.5-300 PM2.5 SEQ w/WINS,31080,"Los Angeles-Long Beach-Anaheim, CA",6,California,37,Los Angeles,34.1365,-117.92391
07/08/2015,AQS,1,8.8,ug/m3 LC,49,Azusa,1,100,88101,PM2.5 - Local Conditions,120,Andersen RAAS2.5-300 PM2.5 SEQ w/WINS,31080,"Los Angeles-Long Beach-Anaheim, CA",6,California,37,Los Angeles,34.1365,-117.92391
07/11/2015,AQS,1,6.2,ug/m3 LC,34,Azusa,1,100,88101,PM2.5 - Local Conditions,120,Andersen RAAS2.5-300 PM2.5 SEQ w/WINS,31080,"Los Angeles-Long Beach-Anaheim, CA",6,California,37,Los Angeles,34.1365,-117.92391
07/14/2015,AQS,1,9.8,ug/m3 LC,52,Azusa,1,100,88101,PM2.5 - Local Conditions,120,Andersen RAAS2.5-300 PM2.5 SEQ w/WINS,31080,"Los Angeles-Long Beach-Anaheim, CA",6,California,37,Los Angeles,34.1365,-117.92391
07/17/2015,AQS,1,11.7,ug/m3 LC,56,Azusa,1,100,88101,PM2.5 - Local Conditions,120,Andersen RAAS2.5-300 PM2.5 SEQ w/WINS,31080,"Los Angeles-Long Beach-Anaheim, CA",6,California,37,Los Angeles,34.1365,-117.92391
07/20/2015,AQS,1,6.7,ug/m3 LC,37,Azusa,1,100,88101,PM2.5 - Local Conditions,120,Andersen RAAS2.5-300 PM2.5 SEQ w/WINS,31080,"Los Angeles-Long Beach-Anaheim, CA",6,California,37,Los Angeles,34.1365,-117.92391
07/23/2015,AQS,1,7.1,ug/m3 LC,39,Azusa,1,100,88101,PM2.5 - Local Conditions,120,Andersen RAAS2.5-300 PM2.5 SEQ w/WINS,31080,"Los Angeles-Long Beach-Anaheim, CA",6,California,37,Los Angeles,34.1365,-117.92391
07/26/2015,AQS,1,8.8,ug/m3 LC,49,Azusa,1,100,88101,PM2.5 - Local Conditions,120,Andersen RAAS2.5-300 PM2.5 SEQ w/WINS,31080,"Los Angeles-Long Beach-Anaheim, CA",6,California,37,Los Angeles,34.1365,-117.92391
07/29/2015,AQS,1,15.5,ug/m3 LC,63,Azusa,1,100,88101,PM2.5 - Local Conditions,120,Andersen RAAS2.5-300 PM2.5 SEQ w/WINS,31080,"Los Angeles-Long Beach-Anaheim, CA",6,California,37,Los Angeles,34.1365,-117.92391
08/01/2015,AQS,1,11.2,ug/m3 LC,55,Azusa,1,100,88101,PM2.5 - Local Conditions,120,Andersen RAAS2.5-300 PM2.5 SEQ w/WINS,31080,"Los Angeles-Long Beach-Anaheim, CA",6,California,37,Los Angeles,34.1365,-117.92391
08/04/2015,AQS,1,12.9,ug/m3 LC,58,Azusa,1,100,88101,PM2.5 - Local Conditions,120,Andersen RAAS2.5-300 PM2.5 SEQ w/WINS,31080,"Los Angeles-Long Beach-Anaheim, CA",6,California,37,Los Angeles,34.1365,-117.92391
08/07/2015,AQS,1,10.5,ug/m3 LC,54,Azusa,1,100,88101,PM2.5 - Local Conditions,120,Andersen RAAS2.5-300 PM2.5 SEQ w/WINS,31080,"Los Angeles-Long Beach-Anaheim, CA",6,California,37,Los Angeles,34.1365,-117.92391
08/10/2015,AQS,1,10.8,ug/m3 LC,54,Azusa,1,100,88101,PM2.5 - Local Conditions,120,Andersen RAAS2.5-300 PM2.5 SEQ w/WINS,31080,"Los Angeles-Long Beach-Anaheim, CA",6,California,37,Los Angeles,34.1365,-117.92391
08/13/2015,AQS,1,11.2,ug/m3 LC,55,Azusa,1,100,88101,PM2.5 - Local Conditions,120,Andersen RAAS2.5-300 PM2.5 SEQ w/WINS,31080,"Los Angeles-Long Beach-Anaheim, CA",6,California,37,Los Angeles,34.1365,-117.92391
08/16/2015,AQS,1,13.3,ug/m3 LC,59,Azusa,1,100,88101,PM2.5 - Local Conditions,120,Andersen RAAS2.5-300 PM2.5 SEQ w/WINS,31080,"Los Angeles-Long Beach-Anaheim, CA",6,California,37,Los Angeles,34.1365,-117.92391
08/19/2015,AQS,1,17,ug/m3 LC,66,Azusa,1,100,88101,PM2.5 - Local Conditions,120,Andersen RAAS2.5-300 PM2.5 SEQ w/WINS,31080,"Los Angeles-Long Beach-Anaheim, CA",6,California,37,Los Angeles,34.1365,-117.92391
08/22/2015,AQS,1,17.7,ug/m3 LC,67,Azusa,1,100,88101,PM2.5 - Local Conditions,120,Andersen RAAS2.5-300 PM2.5 SEQ w/WINS,31080,"Los Angeles-Long Beach-Anaheim, CA",6,California,37,Los Angeles,34.1365,-117.92391
08/25/2015,AQS,1,15,ug/m3 LC,62,Azusa,1,100,88101,PM2.5 - Local Conditions,120,Andersen RAAS2.5-300 PM2.5 SEQ w/WINS,31080,"Los Angeles-Long Beach-Anaheim, CA",6,California,37,Los Angeles,34.1365,-117.92391
08/28/2015,AQS,1,13.6,ug/m3 LC,59,Azusa,1,100,88101,PM2.5 - Local Conditions,120,Andersen RAAS2.5-300 PM2.5 SEQ w/WINS,31080,"Los Angeles-Long Beach-Anaheim, CA",6,California,37,Los Angeles,34.1365,-117.92391
08/31/2015,AQS,1,10.7,ug/m3 LC,54,Azusa,1,100,88101,PM2.5 - Local Conditions,120,Andersen RAAS2.5-300 PM2.5 SEQ w/WINS,31080,"Los Angeles-Long Beach-Anaheim, CA",6,California,37,Los Angeles,34.1365,-117.92391
09/03/2015,AQS,1,9.3,ug/m3 LC,51,Azusa,1,100,88101,PM2.5 - Local Conditions,120,Andersen RAAS2.5-300 PM2.5 SEQ w/WINS,31080,"Los Angeles-Long Beach-Anaheim, CA",6,California,37,Los Angeles,34.1365,-117.92391
09/06/2015,AQS,1,10.3,ug/m3 LC,53,Azusa,1,100,88101,PM2.5 - Local Conditions,120,Andersen RAAS2.5-300 PM2.5 SEQ w/WINS,31080,"Los Angeles-Long Beach-Anaheim, CA",6,California,37,Los Angeles,34.1365,-117.92391
09/09/2015,AQS,1,7.8,ug/m3 LC,43,Azusa,1,100,88101,PM2.5 - Local Conditions,120,Andersen RAAS2.5-300 PM2.5 SEQ w/WINS,31080,"Los Angeles-Long Beach-Anaheim, CA",6,California,37,Los Angeles,34.1365,-117.92391
09/12/2015,AQS,1,8.9,ug/m3 LC,49,Azusa,1,100,88101,PM2.5 - Local Conditions,120,Andersen RAAS2.5-300 PM2.5 SEQ w/WINS,31080,"Los Angeles-Long Beach-Anaheim, CA",6,California,37,Los Angeles,34.1365,-117.92391
09/15/2015,AQS,1,4,ug/m3 LC,22,Azusa,1,100,88101,PM2.5 - Local Conditions,120,Andersen RAAS2.5-300 PM2.5 SEQ w/WINS,31080,"Los Angeles-Long Beach-Anaheim, CA",6,California,37,Los Angeles,34.1365,-117.92391
09/18/2015,AQS,1,9.7,ug/m3 LC,52,Azusa,1,100,88101,PM2.5 - Local Conditions,120,Andersen RAAS2.5-300 PM2.5 SEQ w/WINS,31080,"Los Angeles-Long Beach-Anaheim, CA",6,California,37,Los Angeles,34.1365,-117.92391
09/21/2015,AQS,1,10.6,ug/m3 LC,54,Azusa,1,100,88101,PM2.5 - Local Conditions,120,Andersen RAAS2.5-300 PM2.5 SEQ w/WINS,31080,"Los Angeles-Long Beach-Anaheim, CA",6,California,37,Los Angeles,34.1365,-117.92391
09/24/2015,AQS,1,17.2,ug/m3 LC,66,Azusa,1,100,88101,PM2.5 - Local Conditions,120,Andersen RAAS2.5-300 PM2.5 SEQ w/WINS,31080,"Los Angeles-Long Beach-Anaheim, CA",6,California,37,Los Angeles,34.1365,-117.92391
09/27/2015,AQS,1,9,ug/m3 LC,50,Azusa,1,100,88101,PM2.5 - Local Conditions,120,Andersen RAAS2.5-300 PM2.5 SEQ w/WINS,31080,"Los Angeles-Long Beach-Anaheim, CA",6,California,37,Los Angeles,34.1365,-117.92391
09/30/2015,AQS,1,13.3,ug/m3 LC,59,Azusa,1,100,88101,PM2.5 - Local Conditions,120,Andersen RAAS2.5-300 PM2.5 SEQ w/WINS,31080,"Los Angeles-Long Beach-Anaheim, CA",6,California,37,Los Angeles,34.1365,-117.92391
10/03/2015,AQS,1,8.2,ug/m3 LC,46,Azusa,1,100,88101,PM2.5 - Local Conditions,120,Andersen RAAS2.5-300 PM2.5 SEQ w/WINS,31080,"Los Angeles-Long Beach-Anaheim, CA",6,California,37,Los Angeles,34.1365,-117.92391
10/06/2015,AQS,1,5.6,ug/m3 LC,31,Azusa,1,100,88101,PM2.5 - Local Conditions,120,Andersen RAAS2.5-300 PM2.5 SEQ w/WINS,31080,"Los Angeles-Long Beach-Anaheim, CA",6,California,37,Los Angeles,34.1365,-117.92391
10/09/2015,AQS,1,6.2,ug/m3 LC,34,Azusa,1,100,88101,PM2.5 - Local Conditions,120,Andersen RAAS2.5-300 PM2.5 SEQ w/WINS,31080,"Los Angeles-Long Beach-Anaheim, CA",6,California,37,Los Angeles,34.1365,-117.92391
10/12/2015,AQS,1,8.8,ug/m3 LC,49,Azusa,1,100,88101,PM2.5 - Local Conditions,120,Andersen RAAS2.5-300 PM2.5 SEQ w/WINS,31080,"Los Angeles-Long Beach-Anaheim, CA",6,California,37,Los Angeles,34.1365,-117.92391
10/15/2015,AQS,1,8.5,ug/m3 LC,47,Azusa,1,100,88101,PM2.5 - Local Conditions,120,Andersen RAAS2.5-300 PM2.5 SEQ w/WINS,31080,"Los Angeles-Long Beach-Anaheim, CA",6,California,37,Los Angeles,34.1365,-117.92391
10/18/2015,AQS,1,5.6,ug/m3 LC,31,Azusa,1,100,88101,PM2.5 - Local Conditions,120,Andersen RAAS2.5-300 PM2.5 SEQ w/WINS,31080,"Los Angeles-Long Beach-Anaheim, CA",6,California,37,Los Angeles,34.1365,-117.92391
10/21/2015,AQS,1,6.2,ug/m3 LC,34,Azusa,1,100,88101,PM2.5 - Local Conditions,120,Andersen RAAS2.5-300 PM2.5 SEQ w/WINS,31080,"Los Angeles-Long Beach-Anaheim, CA",6,California,37,Los Angeles,34.1365,-117.92391
10/24/2015,AQS,1,4.8,ug/m3 LC,27,Azusa,1,100,88101,PM2.5 - Local Conditions,120,Andersen RAAS2.5-300 PM2.5 SEQ w/WINS,31080,"Los Angeles-Long Beach-Anaheim, CA",6,California,37,Los Angeles,34.1365,-117.92391
10/27/2015,AQS,1,11.4,ug/m3 LC,55,Azusa,1,100,88101,PM2.5 - Local Conditions,120,Andersen RAAS2.5-300 PM2.5 SEQ w/WINS,31080,"Los Angeles-Long Beach-Anaheim, CA",6,California,37,Los Angeles,34.1365,-117.92391
10/30/2015,AQS,1,6.3,ug/m3 LC,35,Azusa,1,100,88101,PM2.5 - Local Conditions,120,Andersen RAAS2.5-300 PM2.5 SEQ w/WINS,31080,"Los Angeles-Long Beach-Anaheim, CA",6,California,37,Los Angeles,34.1365,-117.92391
11/02/2015,AQS,1,7.4,ug/m3 LC,41,Azusa,1,100,88101,PM2.5 - Local Conditions,120,Andersen RAAS2.5-300 PM2.5 SEQ w/WINS,31080,"Los Angeles-Long Beach-Anaheim, CA",6,California,37,Los Angeles,34.1365,-117.92391
11/05/2015,AQS,1,3.7,ug/m3 LC,21,Azusa,1,100,88101,PM2.5 - Local Conditions,120,Andersen RAAS2.5-300 PM2.5 SEQ w/WINS,31080,"Los Angeles-Long Beach-Anaheim, CA",6,California,37,Los Angeles,34.1365,-117.92391
11/08/2015,AQS,1,3.4,ug/m3 LC,19,Azusa,1,100,88101,PM2.5 - Local Conditions,120,Andersen RAAS2.5-300 PM2.5 SEQ w/WINS,31080,"Los Angeles-Long Beach-Anaheim, CA",6,California,37,Los Angeles,34.1365,-117.92391
11/11/2015,AQS,1,4.6,ug/m3 LC,26,Azusa,1,100,88101,PM2.5 - Local Conditions,120,Andersen RAAS2.5-300 PM2.5 SEQ w/WINS,31080,"Los Angeles-Long Beach-Anaheim, CA",6,California,37,Los Angeles,34.1365,-117.92391
11/14/2015,AQS,1,4.5,ug/m3 LC,25,Azusa,1,100,88101,PM2.5 - Local Conditions,120,Andersen RAAS2.5-300 PM2.5 SEQ w/WINS,31080,"Los Angeles-Long Beach-Anaheim, CA",6,California,37,Los Angeles,34.1365,-117.92391
11/17/2015,AQS,1,4.9,ug/m3 LC,27,Azusa,1,100,88101,PM2.5 - Local Conditions,120,Andersen RAAS2.5-300 PM2.5 SEQ w/WINS,31080,"Los Angeles-Long Beach-Anaheim, CA",6,California,37,Los Angeles,34.1365,-117.92391
11/20/2015,AQS,1,6.8,ug/m3 LC,38,Azusa,1,100,88101,PM2.5 - Local Conditions,120,Andersen RAAS2.5-300 PM2.5 SEQ w/WINS,31080,"Los Angeles-Long Beach-Anaheim, CA",6,California,37,Los Angeles,34.1365,-117.92391
11/23/2015,AQS,1,4.6,ug/m3 LC,26,Azusa,1,100,88101,PM2.5 - Local Conditions,120,Andersen RAAS2.5-300 PM2.5 SEQ w/WINS,31080,"Los Angeles-Long Beach-Anaheim, CA",6,California,37,Los Angeles,34.1365,-117.92391
11/26/2015,AQS,1,4.2,ug/m3 LC,23,Azusa,1,100,88101,PM2.5 - Local Conditions,120,Andersen RAAS2.5-300 PM2.5 SEQ w/WINS,31080,"Los Angeles-Long Beach-Anaheim, CA",6,California,37,Los Angeles,34.1365,-117.92391
11/29/2015,AQS,1,3.4,ug/m3 LC,19,Azusa,1,100,88101,PM2.5 - Local Conditions,120,Andersen RAAS2.5-300 PM2.5 SEQ w/WINS,31080,"Los Angeles-Long Beach-Anaheim, CA",6,California,37,Los Angeles,34.1365,-117.92391
12/02/2015,AQS,1,2.9,ug/m3 LC,16,Azusa,1,100,88101,PM2.5 - Local Conditions,120,Andersen RAAS2.5-300 PM2.5 SEQ w/WINS,31080,"Los Angeles-Long Beach-Anaheim, CA",6,California,37,Los Angeles,34.1365,-117.92391
12/05/2015,AQS,1,3.5,ug/m3 LC,19,Azusa,1,100,88101,PM2.5 - Local Conditions,120,Andersen RAAS2.5-300 PM2.5 SEQ w/WINS,31080,"Los Angeles-Long Beach-Anaheim, CA",6,California,37,Los Angeles,34.1365,-117.92391
12/08/2015,AQS,1,7,ug/m3 LC,39,Azusa,1,100,88101,PM2.5 - Local Conditions,120,Andersen RAAS2.5-300 PM2.5 SEQ w/WINS,31080,"Los Angeles-Long Beach-Anaheim, CA",6,California,37,Los Angeles,34.1365,-117.92391
12/11/2015,AQS,1,3.1,ug/m3 LC,17,Azusa,1,100,88101,PM2.5 - Local Conditions,120,Andersen RAAS2.5-300 PM2.5 SEQ w/WINS,31080,"Los Angeles-Long Beach-Anaheim, CA",6,California,37,Los Angeles,34.1365,-117.92391
12/14/2015,AQS,1,3,ug/m3 LC,17,Azusa,1,100,88101,PM2.5 - Local Conditions,120,Andersen RAAS2.5-300 PM2.5 SEQ w/WINS,31080,"Los Angeles-Long Beach-Anaheim, CA",6,California,37,Los Angeles,34.1365,-117.92391
12/17/2015,AQS,1,5.5,ug/m3 LC,31,Azusa,1,100,88101,PM2.5 - Local Conditions,120,Andersen RAAS2.5-300 PM2.5 SEQ w/WINS,31080,"Los Angeles-Long Beach-Anaheim, CA",6,California,37,Los Angeles,34.1365,-117.92391
12/20/2015,AQS,1,5.1,ug/m3 LC,28,Azusa,1,100,88101,PM2.5 - Local Conditions,120,Andersen RAAS2.5-300 PM2.5 SEQ w/WINS,31080,"Los Angeles-Long Beach-Anaheim, CA",6,California,37,Los Angeles,34.1365,-117.92391
12/23/2015,AQS,1,5.1,ug/m3 LC,28,Azusa,1,100,88101,PM2.5 - Local Conditions,120,Andersen RAAS2.5-300 PM2.5 SEQ w/WINS,31080,"Los Angeles-Long Beach-Anaheim, CA",6,California,37,Los Angeles,34.1365,-117.92391
12/26/2015,AQS,1,1.7,ug/m3 LC,9,Azusa,1,100,88101,PM2.5 - Local Conditions,120,Andersen RAAS2.5-300 PM2.5 SEQ w/WINS,31080,"Los Angeles-Long Beach-Anaheim, CA",6,California,37,Los Angeles,34.1365,-117.92391
12/29/2015,AQS,1,5.9,ug/m3 LC,33,Azusa,1,100,88101,PM2.5 - Local Conditions,120,Andersen RAAS2.5-300 PM2.5 SEQ w/WINS,31080,"Los Angeles-Long Beach-Anaheim, CA",6,California,37,Los Angeles,34.1365,-117.92391
01/01/2016,AQS,1,6,ug/m3 LC,33,Azusa,1,100,88101,PM2.5 - Local Conditions,120,Andersen RAAS2.5-300 PM2.5 SEQ w/WINS,31080,"Los Angeles-Long Beach-Anaheim, CA",6,California,37,Los Angeles,34.1365,-117.92391
01/04/2016,AQS,1,8.7,ug/m3 LC,48,Azusa,1,100,88101,PM2.5 - Local Conditions,120,Andersen RAAS2.5-300 PM2.5 SEQ w/WINS,31080,"Los Angeles-Long Beach-Anaheim, CA",6,California,37,Los Angeles,34.1365,-117.92391
01/07/2016,AQS,1,0.7,ug/m3 LC,4,Azusa,1,100,88101,PM2.5 - Local Conditions,120,Andersen RAAS2.5-300 PM2.5 SEQ w/WINS,31080,"Los Angeles-Long Beach-Anaheim, CA",6,California,37,Los Angeles,34.1365,-117.92391
01/10/2016,AQS,1,12.2,ug/m3 LC,57,Azusa,1,100,88101,PM2.5 - Local Conditions,120,Andersen RAAS2.5-300 PM2.5 SEQ w/WINS,31080,"Los Angeles-Long Beach-Anaheim, CA",6,California,37,Los Angeles,34.1365,-117.92391
01/13/2016,AQS,1,11,ug/m3 LC,55,Azusa,1,100,88101,PM2.5 - Local Conditions,120,Andersen RAAS2.5-300 PM2.5 SEQ w/WINS,31080,"Los Angeles-Long Beach-Anaheim, CA",6,California,37,Los Angeles,34.1365,-117.92391
01/16/2016,AQS,1,16,ug/m3 LC,64,Azusa,1,100,88101,PM2.5 - Local Conditions,120,Andersen RAAS2.5-300 PM2.5 SEQ w/WINS,31080,"Los Angeles-Long Beach-Anaheim, CA",6,California,37,Los Angeles,34.1365,-117.92391
01/19/2016,AQS,1,14.4,ug/m3 LC,61,Azusa,1,100,88101,PM2.5 - Local Conditions,120,Andersen RAAS2.5-300 PM2.5 SEQ w/WINS,31080,"Los Angeles-Long Beach-Anaheim, CA",6,California,37,Los Angeles,34.1365,-117.92391
01/22/2016,AQS,1,5.6,ug/m3 LC,31,Azusa,1,100,88101,PM2.5 - Local Conditions,120,Andersen RAAS2.5-300 PM2.5 SEQ w/WINS,31080,"Los Angeles-Long Beach-Anaheim, CA",6,California,37,Los Angeles,34.1365,-117.92391
01/25/2016,AQS,1,3.9,ug/m3 LC,22,Azusa,1,100,88101,PM2.5 - Local Conditions,120,Andersen RAAS2.5-300 PM2.5 SEQ w/WINS,31080,"Los Angeles-Long Beach-Anaheim, CA",6,California,37,Los Angeles,34.1365,-117.92391
01/28/2016,AQS,1,7,ug/m3 LC,39,Azusa,1,100,88101,PM2.5 - Local Conditions,120,Andersen RAAS2.5-300 PM2.5 SEQ w/WINS,31080,"Los Angeles-Long Beach-Anaheim, CA",6,California,37,Los Angeles,34.1365,-117.92391
01/31/2016,AQS,1,2.4,ug/m3 LC,13,Azusa,1,100,88101,PM2.5 - Local Conditions,120,Andersen RAAS2.5-300 PM2.5 SEQ w/WINS,31080,"Los Angeles-Long Beach-Anaheim, CA",6,California,37,Los Angeles,34.1365,-117.92391
02/03/2016,AQS,1,2.1,ug/m3 LC,12,Azusa,1,100,88101,PM2.5 - Local Conditions,120,Andersen RAAS2.5-300 PM2.5 SEQ w/WINS,31080,"Los Angeles-Long Beach-Anaheim, CA",6,California,37,Los Angeles,34.1365,-117.92391
02/06/2016,AQS,1,2,ug/m3 LC,11,Azusa,1,100,88101,PM2.5 - Local Conditions,120,Andersen RAAS2.5-300 PM2.5 SEQ w/WINS,31080,"Los Angeles-Long Beach-Anaheim, CA",6,California,37,Los Angeles,34.1365,-117.92391
02/09/2016,AQS,1,2.6,ug/m3 LC,14,Azusa,1,100,88101,PM2.5 - Local Conditions,120,Andersen RAAS2.5-300 PM2.5 SEQ w/WINS,31080,"Los Angeles-Long Beach-Anaheim, CA",6,California,37,Los Angeles,34.1365,-117.92391
02/12/2016,AQS,1,12.5,ug/m3 LC,57,Azusa,1,100,88101,PM2.5 - Local Conditions,120,Andersen RAAS2.5-300 PM2.5 SEQ w/WINS,31080,"Los Angeles-Long Beach-Anaheim, CA",6,California,37,Los Angeles,34.1365,-117.92391
02/15/2016,AQS,1,5.4,ug/m3 LC,30,Azusa,1,100,88101,PM2.5 - Local Conditions,120,Andersen RAAS2.5-300 PM2.5 SEQ w/WINS,31080,"Los Angeles-Long Beach-Anaheim, CA",6,California,37,Los Angeles,34.1365,-117.92391
02/18/2016,AQS,1,4.1,ug/m3 LC,23,Azusa,1,100,88101,PM2.5 - Local Conditions,120,Andersen RAAS2.5-300 PM2.5 SEQ w/WINS,31080,"Los Angeles-Long Beach-Anaheim, CA",6,California,37,Los Angeles,34.1365,-117.92391
02/21/2016,AQS,1,11.9,ug/m3 LC,56,Azusa,1,100,88101,PM2.5 - Local Conditions,120,Andersen RAAS2.5-300 PM2.5 SEQ w/WINS,31080,"Los Angeles-Long Beach-Anaheim, CA",6,California,37,Los Angeles,34.1365,-117.92391
02/24/2016,AQS,1,4.1,ug/m3 LC,23,Azusa,1,100,88101,PM2.5 - Local Conditions,120,Andersen RAAS2.5-300 PM2.5 SEQ w/WINS,31080,"Los Angeles-Long Beach-Anaheim, CA",6,California,37,Los Angeles,34.1365,-117.92391
02/27/2016,AQS,1,12.5,ug/m3 LC,57,Azusa,1,100,88101,PM2.5 - Local Conditions,120,Andersen RAAS2.5-300 PM2.5 SEQ w/WINS,31080,"Los Angeles-Long Beach-Anaheim, CA",6,California,37,Los Angeles,34.1365,-117.92391
03/01/2016,AQS,1,29,ug/m3 LC,88,Azusa,1,100,88101,PM2.5 - Local Conditions,120,Andersen RAAS2.5-300 PM2.5 SEQ w/WINS,31080,"Los Angeles-Long Beach-Anaheim, CA",6,California,37,Los Angeles,34.1365,-117.92391
03/04/2016,AQS,1,20.1,ug/m3 LC,71,Azusa,1,100,88101,PM2.5 - Local Conditions,120,Andersen RAAS2.5-300 PM2.5 SEQ w/WINS,31080,"Los Angeles-Long Beach-Anaheim, CA",6,California,37,Los Angeles,34.1365,-117.92391
03/07/2016,AQS,1,4.5,ug/m3 LC,25,Azusa,1,100,88101,PM2.5 - Local Conditions,120,Andersen RAAS2.5-300 PM2.5 SEQ w/WINS,31080,"Los Angeles-Long Beach-Anaheim, CA",6,California,37,Los Angeles,34.1365,-117.92391
03/10/2016,AQS,1,8,ug/m3 LC,44,Azusa,1,100,88101,PM2.5 - Local Conditions,120,Andersen RAAS2.5-300 PM2.5 SEQ w/WINS,31080,"Los Angeles-Long Beach-Anaheim, CA",6,California,37,Los Angeles,34.1365,-117.92391
03/13/2016,AQS,1,5.7,ug/m3 LC,32,Azusa,1,100,88101,PM2.5 - Local Conditions,120,Andersen RAAS2.5-300 PM2.5 SEQ w/WINS,31080,"Los Angeles-Long Beach-Anaheim, CA",6,California,37,Los Angeles,34.1365,-117.92391
03/16/2016,AQS,1,7,ug/m3 LC,39,Azusa,1,100,88101,PM2.5 - Local Conditions,120,Andersen RAAS2.5-300 PM2.5 SEQ w/WINS,31080,"Los Angeles-Long Beach-Anaheim, CA",6,California,37,Los Angeles,34.1365,-117.92391
03/19/2016,AQS,1,19.2,ug/m3 LC,70,Azusa,1,100,88101,PM2.5 - Local Conditions,120,Andersen RAAS2.5-300 PM2.5 SEQ w/WINS,31080,"Los Angeles-Long Beach-Anaheim, CA",6,California,37,Los Angeles,34.1365,-117.92391
03/22/2016,AQS,1,5.6,ug/m3 LC,31,Azusa,1,100,88101,PM2.5 - Local Conditions,120,Andersen RAAS2.5-300 PM2.5 SEQ w/WINS,31080,"Los Angeles-Long Beach-Anaheim, CA",6,California,37,Los Angeles,34.1365,-117.92391
03/25/2016,AQS,1,7.5,ug/m3 LC,42,Azusa,1,100,88101,PM2.5 - Local Conditions,120,Andersen RAAS2.5-300 PM2.5 SEQ w/WINS,31080,"Los Angeles-Long Beach-Anaheim, CA",6,California,37,Los Angeles,34.1365,-117.92391
03/28/2016,AQS,1,7.1,ug/m3 LC,39,Azusa,1,100,88101,PM2.5 - Local Conditions,120,Andersen RAAS2.5-300 PM2.5 SEQ w/WINS,31080,"Los Angeles-Long Beach-Anaheim, CA",6,California,37,Los Angeles,34.1365,-117.92391
03/31/2016,AQS,1,5.9,ug/m3 LC,33,Azusa,1,100,88101,PM2.5 - Local Conditions,120,Andersen RAAS2.5-300 PM2.5 SEQ w/WINS,31080,"Los Angeles-Long Beach-Anaheim, CA",6,California,37,Los Angeles,34.1365,-117.92391
04/03/2016,AQS,1,9.9,ug/m3 LC,52,Azusa,1,100,88101,PM2.5 - Local Conditions,120,Andersen RAAS2.5-300 PM2.5 SEQ w/WINS,31080,"Los Angeles-Long Beach-Anaheim, CA",6,California,37,Los Angeles,34.1365,-117.92391
04/06/2016,AQS,1,12.3,ug/m3 LC,57,Azusa,1,100,88101,PM2.5 - Local Conditions,120,Andersen RAAS2.5-300 PM2.5 SEQ w/WINS,31080,"Los Angeles-Long Beach-Anaheim, CA",6,California,37,Los Angeles,34.1365,-117.92391
04/09/2016,AQS,1,3.9,ug/m3 LC,22,Azusa,1,100,88101,PM2.5 - Local Conditions,120,Andersen RAAS2.5-300 PM2.5 SEQ w/WINS,31080,"Los Angeles-Long Beach-Anaheim, CA",6,California,37,Los Angeles,34.1365,-117.92391
04/12/2016,AQS,1,6,ug/m3 LC,33,Azusa,1,100,88101,PM2.5 - Local Conditions,120,Andersen RAAS2.5-300 PM2.5 SEQ w/WINS,31080,"Los Angeles-Long Beach-Anaheim, CA",6,California,37,Los Angeles,34.1365,-117.92391
04/15/2016,AQS,1,8.2,ug/m3 LC,46,Azusa,1,100,88101,PM2.5 - Local Conditions,120,Andersen RAAS2.5-300 PM2.5 SEQ w/WINS,31080,"Los Angeles-Long Beach-Anaheim, CA",6,California,37,Los Angeles,34.1365,-117.92391
04/20/2016,AQS,1,5.5,ug/m3 LC,31,Azusa,1,100,88101,PM2.5 - Local Conditions,120,Andersen RAAS2.5-300 PM2.5 SEQ w/WINS,31080,"Los Angeles-Long Beach-Anaheim, CA",6,California,37,Los Angeles,34.1365,-117.92391
04/21/2016,AQS,1,6,ug/m3 LC,33,Azusa,1,100,88101,PM2.5 - Local Conditions,120,Andersen RAAS2.5-300 PM2.5 SEQ w/WINS,31080,"Los Angeles-Long Beach-Anaheim, CA",6,California,37,Los Angeles,34.1365,-117.92391
04/24/2016,AQS,1,7.5,ug/m3 LC,42,Azusa,1,100,88101,PM2.5 - Local Conditions,120,Andersen RAAS2.5-300 PM2.5 SEQ w/WINS,31080,"Los Angeles-Long Beach-Anaheim, CA",6,California,37,Los Angeles,34.1365,-117.92391
04/27/2016,AQS,1,8,ug/m3 LC,44,Azusa,1,100,88101,PM2.5 - Local Conditions,120,Andersen RAAS2.5-300 PM2.5 SEQ w/WINS,31080,"Los Angeles-Long Beach-Anaheim, CA",6,California,37,Los Angeles,34.1365,-117.92391
04/30/2016,AQS,1,7.2,ug/m3 LC,40,Azusa,1,100,88101,PM2.5 - Local Conditions,120,Andersen RAAS2.5-300 PM2.5 SEQ w/WINS,31080,"Los Angeles-Long Beach-Anaheim, CA",6,California,37,Los Angeles,34.1365,-117.92391
05/03/2016,AQS,1,13.3,ug/m3 LC,59,Azusa,1,100,88101,PM2.5 - Local Conditions,120,Andersen RAAS2.5-300 PM2.5 SEQ w/WINS,31080,"Los Angeles-Long Beach-Anaheim, CA",6,California,37,Los Angeles,34.1365,-117.92391
05/06/2016,AQS,1,3.5,ug/m3 LC,19,Azusa,1,100,88101,PM2.5 - Local Conditions,120,Andersen RAAS2.5-300 PM2.5 SEQ w/WINS,31080,"Los Angeles-Long Beach-Anaheim, CA",6,California,37,Los Angeles,34.1365,-117.92391
05/09/2016,AQS,1,6.5,ug/m3 LC,36,Azusa,1,100,88101,PM2.5 - Local Conditions,120,Andersen RAAS2.5-300 PM2.5 SEQ w/WINS,31080,"Los Angeles-Long Beach-Anaheim, CA",6,California,37,Los Angeles,34.1365,-117.92391
05/12/2016,AQS,1,13.1,ug/m3 LC,58,Azusa,1,100,88101,PM2.5 - Local Conditions,120,Andersen RAAS2.5-300 PM2.5 SEQ w/WINS,31080,"Los Angeles-Long Beach-Anaheim, CA",6,California,37,Los Angeles,34.1365,-117.92391
05/15/2016,AQS,1,6.6,ug/m3 LC,37,Azusa,1,100,88101,PM2.5 - Local Conditions,120,Andersen RAAS2.5-300 PM2.5 SEQ w/WINS,31080,"Los Angeles-Long Beach-Anaheim, CA",6,California,37,Los Angeles,34.1365,-117.92391
05/18/2016,AQS,1,12.1,ug/m3 LC,57,Azusa,1,100,88101,PM2.5 - Local Conditions,120,Andersen RAAS2.5-300 PM2.5 SEQ w/WINS,31080,"Los Angeles-Long Beach-Anaheim, CA",6,California,37,Los Angeles,34.1365,-117.92391
05/21/2016,AQS,1,6.2,ug/m3 LC,34,Azusa,1,100,88101,PM2.5 - Local Conditions,120,Andersen RAAS2.5-300 PM2.5 SEQ w/WINS,31080,"Los Angeles-Long Beach-Anaheim, CA",6,California,37,Los Angeles,34.1365,-117.92391
05/24/2016,AQS,1,5.6,ug/m3 LC,31,Azusa,1,100,88101,PM2.5 - Local Conditions,120,Andersen RAAS2.5-300 PM2.5 SEQ w/WINS,31080,"Los Angeles-Long Beach-Anaheim, CA",6,California,37,Los Angeles,34.1365,-117.92391
05/27/2016,AQS,1,10.7,ug/m3 LC,54,Azusa,1,100,88101,PM2.5 - Local Conditions,120,Andersen RAAS2.5-300 PM2.5 SEQ w/WINS,31080,"Los Angeles-Long Beach-Anaheim, CA",6,California,37,Los Angeles,34.1365,-117.92391
05/30/2016,AQS,1,10,ug/m3 LC,53,Azusa,1,100,88101,PM2.5 - Local Conditions,120,Andersen RAAS2.5-300 PM2.5 SEQ w/WINS,31080,"Los Angeles-Long Beach-Anaheim, CA",6,California,37,Los Angeles,34.1365,-117.92391
06/02/2016,AQS,1,14.6,ug/m3 LC,61,Azusa,1,100,88101,PM2.5 - Local Conditions,120,Andersen RAAS2.5-300 PM2.5 SEQ w/WINS,31080,"Los Angeles-Long Beach-Anaheim, CA",6,California,37,Los Angeles,34.1365,-117.92391
06/05/2016,AQS,1,10.3,ug/m3 LC,53,Azusa,1,100,88101,PM2.5 - Local Conditions,120,Andersen RAAS2.5-300 PM2.5 SEQ w/WINS,31080,"Los Angeles-Long Beach-Anaheim, CA",6,California,37,Los Angeles,34.1365,-117.92391
06/08/2016,AQS,1,12.3,ug/m3 LC,57,Azusa,1,100,88101,PM2.5 - Local Conditions,120,Andersen RAAS2.5-300 PM2.5 SEQ w/WINS,31080,"Los Angeles-Long Beach-Anaheim, CA",6,California,37,Los Angeles,34.1365,-117.92391
06/11/2016,AQS,1,4.6,ug/m3 LC,26,Azusa,1,100,88101,PM2.5 - Local Conditions,120,Andersen RAAS2.5-300 PM2.5 SEQ w/WINS,31080,"Los Angeles-Long Beach-Anaheim, CA",6,California,37,Los Angeles,34.1365,-117.92391
06/14/2016,AQS,1,13.2,ug/m3 LC,59,Azusa,1,100,88101,PM2.5 - Local Conditions,120,Andersen RAAS2.5-300 PM2.5 SEQ w/WINS,31080,"Los Angeles-Long Beach-Anaheim, CA",6,California,37,Los Angeles,34.1365,-117.92391
06/17/2016,AQS,1,21.6,ug/m3 LC,74,Azusa,1,100,88101,PM2.5 - Local Conditions,120,Andersen RAAS2.5-300 PM2.5 SEQ w/WINS,31080,"Los Angeles-Long Beach-Anaheim, CA",6,California,37,Los Angeles,34.1365,-117.92391
06/20/2016,AQS,1,12,ug/m3 LC,56,Azusa,1,100,88101,PM2.5 - Local Conditions,120,Andersen RAAS2.5-300 PM2.5 SEQ w/WINS,31080,"Los Angeles-Long Beach-Anaheim, CA",6,California,37,Los Angeles,34.1365,-117.92391
06/23/2016,AQS,1,16.5,ug/m3 LC,65,Azusa,1,100,88101,PM2.5 - Local Conditions,120,Andersen RAAS2.5-300 PM2.5 SEQ w/WINS,31080,"Los Angeles-Long Beach-Anaheim, CA",6,California,37,Los Angeles,34.1365,-117.92391
06/26/2016,AQS,1,16.5,ug/m3 LC,65,Azusa,1,100,88101,PM2.5 - Local Conditions,120,Andersen RAAS2.5-300 PM2.5 SEQ w/WINS,31080,"Los Angeles-Long Beach-Anaheim, CA",6,California,37,Los Angeles,34.1365,-117.92391
06/29/2016,AQS,1,17.4,ug/m3 LC,66,Azusa,1,100,88101,PM2.5 - Local Conditions,120,Andersen RAAS2.5-300 PM2.5 SEQ w/WINS,31080,"Los Angeles-Long Beach-Anaheim, CA",6,California,37,Los Angeles,34.1365,-117.92391
07/02/2016,AQS,1,10.1,ug/m3 LC,53,Azusa,1,100,88101,PM2.5 - Local Conditions,120,Andersen RAAS2.5-300 PM2.5 SEQ w/WINS,31080,"Los Angeles-Long Beach-Anaheim, CA",6,California,37,Los Angeles,34.1365,-117.92391
07/05/2016,AQS,1,32.1,ug/m3 LC,94,Azusa,1,100,88101,PM2.5 - Local Conditions,120,Andersen RAAS2.5-300 PM2.5 SEQ w/WINS,31080,"Los Angeles-Long Beach-Anaheim, CA",6,California,37,Los Angeles,34.1365,-117.92391
07/08/2016,AQS,1,11,ug/m3 LC,55,Azusa,1,100,88101,PM2.5 - Local Conditions,120,Andersen RAAS2.5-300 PM2.5 SEQ w/WINS,31080,"Los Angeles-Long Beach-Anaheim, CA",6,California,37,Los Angeles,34.1365,-117.92391
07/11/2016,AQS,1,12,ug/m3 LC,56,Azusa,1,100,88101,PM2.5 - Local Conditions,120,Andersen RAAS2.5-300 PM2.5 SEQ w/WINS,31080,"Los Angeles-Long Beach-Anaheim, CA",6,California,37,Los Angeles,34.1365,-117.92391
07/14/2016,AQS,1,15,ug/m3 LC,62,Azusa,1,100,88101,PM2.5 - Local Conditions,120,Andersen RAAS2.5-300 PM2.5 SEQ w/WINS,31080,"Los Angeles-Long Beach-Anaheim, CA",6,California,37,Los Angeles,34.1365,-117.92391
07/17/2016,AQS,1,10,ug/m3 LC,53,Azusa,1,100,88101,PM2.5 - Local Conditions,120,Andersen RAAS2.5-300 PM2.5 SEQ w/WINS,31080,"Los Angeles-Long Beach-Anaheim, CA",6,California,37,Los Angeles,34.1365,-117.92391
07/20/2016,AQS,1,10.5,ug/m3 LC,54,Azusa,1,100,88101,PM2.5 - Local Conditions,120,Andersen RAAS2.5-300 PM2.5 SEQ w/WINS,31080,"Los Angeles-Long Beach-Anaheim, CA",6,California,37,Los Angeles,34.1365,-117.92391
07/23/2016,AQS,1,16.6,ug/m3 LC,65,Azusa,1,100,88101,PM2.5 - Local Conditions,120,Andersen RAAS2.5-300 PM2.5 SEQ w/WINS,31080,"Los Angeles-Long Beach-Anaheim, CA",6,California,37,Los Angeles,34.1365,-117.92391
07/26/2016,AQS,1,12.9,ug/m3 LC,58,Azusa,1,100,88101,PM2.5 - Local Conditions,120,Andersen RAAS2.5-300 PM2.5 SEQ w/WINS,31080,"Los Angeles-Long Beach-Anaheim, CA",6,California,37,Los Angeles,34.1365,-117.92391
07/29/2016,AQS,1,15,ug/m3 LC,62,Azusa,1,100,88101,PM2.5 - Local Conditions,120,Andersen RAAS2.5-300 PM2.5 SEQ w/WINS,31080,"Los Angeles-Long Beach-Anaheim, CA",6,California,37,Los Angeles,34.1365,-117.92391
08/01/2016,AQS,1,10.3,ug/m3 LC,53,Azusa,1,100,88101,PM2.5 - Local Conditions,120,Andersen RAAS2.5-300 PM2.5 SEQ w/WINS,31080,"Los Angeles-Long Beach-Anaheim, CA",6,California,37,Los Angeles,34.1365,-117.92391
08/04/2016,AQS,1,10.8,ug/m3 LC,54,Azusa,1,100,88101,PM2.5 - Local Conditions,120,Andersen RAAS2.5-300 PM2.5 SEQ w/WINS,31080,"Los Angeles-Long Beach-Anaheim, CA",6,California,37,Los Angeles,34.1365,-117.92391
08/07/2016,AQS,1,12.8,ug/m3 LC,58,Azusa,1,100,88101,PM2.5 - Local Conditions,120,Andersen RAAS2.5-300 PM2.5 SEQ w/WINS,31080,"Los Angeles-Long Beach-Anaheim, CA",6,California,37,Los Angeles,34.1365,-117.92391
08/10/2016,AQS,1,12.7,ug/m3 LC,58,Azusa,1,100,88101,PM2.5 - Local Conditions,120,Andersen RAAS2.5-300 PM2.5 SEQ w/WINS,31080,"Los Angeles-Long Beach-Anaheim, CA",6,California,37,Los Angeles,34.1365,-117.92391
08/13/2016,AQS,1,9.1,ug/m3 LC,51,Azusa,1,100,88101,PM2.5 - Local Conditions,120,Andersen RAAS2.5-300 PM2.5 SEQ w/WINS,31080,"Los Angeles-Long Beach-Anaheim, CA",6,California,37,Los Angeles,34.1365,-117.92391
08/16/2016,AQS,1,13.6,ug/m3 LC,59,Azusa,1,100,88101,PM2.5 - Local Conditions,120,Andersen RAAS2.5-300 PM2.5 SEQ w/WINS,31080,"Los Angeles-Long Beach-Anaheim, CA",6,California,37,Los Angeles,34.1365,-117.92391
08/19/2016,AQS,1,10.5,ug/m3 LC,54,Azusa,1,100,88101,PM2.5 - Local Conditions,120,Andersen RAAS2.5-300 PM2.5 SEQ w/WINS,31080,"Los Angeles-Long Beach-Anaheim, CA",6,California,37,Los Angeles,34.1365,-117.92391
08/22/2016,AQS,1,12.4,ug/m3 LC,57,Azusa,1,100,88101,PM2.5 - Local Conditions,120,Andersen RAAS2.5-300 PM2.5 SEQ w/WINS,31080,"Los Angeles-Long Beach-Anaheim, CA",6,California,37,Los Angeles,34.1365,-117.92391
08/25/2016,AQS,1,14.7,ug/m3 LC,61,Azusa,1,100,88101,PM2.5 - Local Conditions,120,Andersen RAAS2.5-300 PM2.5 SEQ w/WINS,31080,"Los Angeles-Long Beach-Anaheim, CA",6,California,37,Los Angeles,34.1365,-117.92391
08/28/2016,AQS,1,12.6,ug/m3 LC,58,Azusa,1,100,88101,PM2.5 - Local Conditions,120,Andersen RAAS2.5-300 PM2.5 SEQ w/WINS,31080,"Los Angeles-Long Beach-Anaheim, CA",6,California,37,Los Angeles,34.1365,-117.92391
08/31/2016,AQS,1,17.2,ug/m3 LC,66,Azusa,1,100,88101,PM2.5 - Local Conditions,120,Andersen RAAS2.5-300 PM2.5 SEQ w/WINS,31080,"Los Angeles-Long Beach-Anaheim, CA",6,California,37,Los Angeles,34.1365,-117.92391
09/03/2016,AQS,1,10.9,ug/m3 LC,54,Azusa,1,100,88101,PM2.5 - Local Conditions,120,Andersen RAAS2.5-300 PM2.5 SEQ w/WINS,31080,"Los Angeles-Long Beach-Anaheim, CA",6,California,37,Los Angeles,34.1365,-117.92391
09/06/2016,AQS,1,14,ug/m3 LC,60,Azusa,1,100,88101,PM2.5 - Local Conditions,120,Andersen RAAS2.5-300 PM2.5 SEQ w/WINS,31080,"Los Angeles-Long Beach-Anaheim, CA",6,California,37,Los Angeles,34.1365,-117.92391
09/09/2016,AQS,1,11.3,ug/m3 LC,55,Azusa,1,100,88101,PM2.5 - Local Conditions,120,Andersen RAAS2.5-300 PM2.5 SEQ w/WINS,31080,"Los Angeles-Long Beach-Anaheim, CA",6,California,37,Los Angeles,34.1365,-117.92391
09/12/2016,AQS,1,8.5,ug/m3 LC,47,Azusa,1,100,88101,PM2.5 - Local Conditions,120,Andersen RAAS2.5-300 PM2.5 SEQ w/WINS,31080,"Los Angeles-Long Beach-Anaheim, CA",6,California,37,Los Angeles,34.1365,-117.92391
09/15/2016,AQS,1,9.2,ug/m3 LC,51,Azusa,1,100,88101,PM2.5 - Local Conditions,120,Andersen RAAS2.5-300 PM2.5 SEQ w/WINS,31080,"Los Angeles-Long Beach-Anaheim, CA",6,California,37,Los Angeles,34.1365,-117.92391
09/18/2016,AQS,1,15.2,ug/m3 LC,62,Azusa,1,100,88101,PM2.5 - Local Conditions,120,Andersen RAAS2.5-300 PM2.5 SEQ w/WINS,31080,"Los Angeles-Long Beach-Anaheim, CA",6,California,37,Los Angeles,34.1365,-117.92391
09/21/2016,AQS,1,8.4,ug/m3 LC,47,Azusa,1,100,88101,PM2.5 - Local Conditions,120,Andersen RAAS2.5-300 PM2.5 SEQ w/WINS,31080,"Los Angeles-Long Beach-Anaheim, CA",6,California,37,Los Angeles,34.1365,-117.92391
09/24/2016,AQS,1,6.9,ug/m3 LC,38,Azusa,1,100,88101,PM2.5 - Local Conditions,120,Andersen RAAS2.5-300 PM2.5 SEQ w/WINS,31080,"Los Angeles-Long Beach-Anaheim, CA",6,California,37,Los Angeles,34.1365,-117.92391
09/27/2016,AQS,1,6.5,ug/m3 LC,36,Azusa,1,100,88101,PM2.5 - Local Conditions,120,Andersen RAAS2.5-300 PM2.5 SEQ w/WINS,31080,"Los Angeles-Long Beach-Anaheim, CA",6,California,37,Los Angeles,34.1365,-117.92391
09/30/2016,AQS,1,10.7,ug/m3 LC,54,Azusa,1,100,88101,PM2.5 - Local Conditions,120,Andersen RAAS2.5-300 PM2.5 SEQ w/WINS,31080,"Los Angeles-Long Beach-Anaheim, CA",6,California,37,Los Angeles,34.1365,-117.92391
10/03/2016,AQS,1,8.5,ug/m3 LC,47,Azusa,1,100,88101,PM2.5 - Local Conditions,120,Andersen RAAS2.5-300 PM2.5 SEQ w/WINS,31080,"Los Angeles-Long Beach-Anaheim, CA",6,California,37,Los Angeles,34.1365,-117.92391
10/06/2016,AQS,1,9.7,ug/m3 LC,52,Azusa,1,100,88101,PM2.5 - Local Conditions,120,Andersen RAAS2.5-300 PM2.5 SEQ w/WINS,31080,"Los Angeles-Long Beach-Anaheim, CA",6,California,37,Los Angeles,34.1365,-117.92391
10/09/2016,AQS,1,7,ug/m3 LC,39,Azusa,1,100,88101,PM2.5 - Local Conditions,120,Andersen RAAS2.5-300 PM2.5 SEQ w/WINS,31080,"Los Angeles-Long Beach-Anaheim, CA",6,California,37,Los Angeles,34.1365,-117.92391
10/12/2016,AQS,1,13.2,ug/m3 LC,59,Azusa,1,100,88101,PM2.5 - Local Conditions,120,Andersen RAAS2.5-300 PM2.5 SEQ w/WINS,31080,"Los Angeles-Long Beach-Anaheim, CA",6,California,37,Los Angeles,34.1365,-117.92391
10/15/2016,AQS,1,9.2,ug/m3 LC,51,Azusa,1,100,88101,PM2.5 - Local Conditions,120,Andersen RAAS2.5-300 PM2.5 SEQ w/WINS,31080,"Los Angeles-Long Beach-Anaheim, CA",6,California,37,Los Angeles,34.1365,-117.92391
10/18/2016,AQS,1,9.5,ug/m3 LC,52,Azusa,1,100,88101,PM2.5 - Local Conditions,120,Andersen RAAS2.5-300 PM2.5 SEQ w/WINS,31080,"Los Angeles-Long Beach-Anaheim, CA",6,California,37,Los Angeles,34.1365,-117.92391
10/21/2016,AQS,1,6.8,ug/m3 LC,38,Azusa,1,100,88101,PM2.5 - Local Conditions,120,Andersen RAAS2.5-300 PM2.5 SEQ w/WINS,31080,"Los Angeles-Long Beach-Anaheim, CA",6,California,37,Los Angeles,34.1365,-117.92391
10/24/2016,AQS,1,8.2,ug/m3 LC,46,Azusa,1,100,88101,PM2.5 - Local Conditions,120,Andersen RAAS2.5-300 PM2.5 SEQ w/WINS,31080,"Los Angeles-Long Beach-Anaheim, CA",6,California,37,Los Angeles,34.1365,-117.92391
10/27/2016,AQS,1,14.5,ug/m3 LC,61,Azusa,1,100,88101,PM2.5 - Local Conditions,120,Andersen RAAS2.5-300 PM2.5 SEQ w/WINS,31080,"Los Angeles-Long Beach-Anaheim, CA",6,California,37,Los Angeles,34.1365,-117.92391
10/30/2016,AQS,1,4.1,ug/m3 LC,23,Azusa,1,100,88101,PM2.5 - Local Conditions,120,Andersen RAAS2.5-300 PM2.5 SEQ w/WINS,31080,"Los Angeles-Long Beach-Anaheim, CA",6,California,37,Los Angeles,34.1365,-117.92391
11/02/2016,AQS,1,6.7,ug/m3 LC,37,Azusa,1,100,88101,PM2.5 - Local Conditions,155,Thermo Electron Model RAAS2.5-300 Sequential w/VSCC,31080,"Los Angeles-Long Beach-Anaheim, CA",6,California,37,Los Angeles,34.1365,-117.92391
11/05/2016,AQS,1,15.5,ug/m3 LC,63,Azusa,1,100,88101,PM2.5 - Local Conditions,155,Thermo Electron Model RAAS2.5-300 Sequential w/VSCC,31080,"Los Angeles-Long Beach-Anaheim, CA",6,California,37,Los Angeles,34.1365,-117.92391
11/08/2016,AQS,1,6.6,ug/m3 LC,37,Azusa,1,100,88101,PM2.5 - Local Conditions,155,Thermo Electron Model RAAS2.5-300 Sequential w/VSCC,31080,"Los Angeles-Long Beach-Anaheim, CA",6,California,37,Los Angeles,34.1365,-117.92391
11/11/2016,AQS,1,6,ug/m3 LC,33,Azusa,1,100,88101,PM2.5 - Local Conditions,155,Thermo Electron Model RAAS2.5-300 Sequential w/VSCC,31080,"Los Angeles-Long Beach-Anaheim, CA",6,California,37,Los Angeles,34.1365,-117.92391
11/14/2016,AQS,1,8.4,ug/m3 LC,47,Azusa,1,100,88101,PM2.5 - Local Conditions,155,Thermo Electron Model RAAS2.5-300 Sequential w/VSCC,31080,"Los Angeles-Long Beach-Anaheim, CA",6,California,37,Los Angeles,34.1365,-117.92391
11/17/2016,AQS,1,7.2,ug/m3 LC,40,Azusa,1,100,88101,PM2.5 - Local Conditions,155,Thermo Electron Model RAAS2.5-300 Sequential w/VSCC,31080,"Los Angeles-Long Beach-Anaheim, CA",6,California,37,Los Angeles,34.1365,-117.92391
11/20/2016,AQS,1,13.4,ug/m3 LC,59,Azusa,1,100,88101,PM2.5 - Local Conditions,155,Thermo Electron Model RAAS2.5-300 Sequential w/VSCC,31080,"Los Angeles-Long Beach-Anaheim, CA",6,California,37,Los Angeles,34.1365,-117.92391
11/23/2016,AQS,1,10.5,ug/m3 LC,54,Azusa,1,100,88101,PM2.5 - Local Conditions,155,Thermo Electron Model RAAS2.5-300 Sequential w/VSCC,31080,"Los Angeles-Long Beach-Anaheim, CA",6,California,37,Los Angeles,34.1365,-117.92391
11/26/2016,AQS,1,6.6,ug/m3 LC,37,Azusa,1,100,88101,PM2.5 - Local Conditions,155,Thermo Electron Model RAAS2.5-300 Sequential w/VSCC,31080,"Los Angeles-Long Beach-Anaheim, CA",6,California,37,Los Angeles,34.1365,-117.92391
11/29/2016,AQS,1,6,ug/m3 LC,33,Azusa,1,100,88101,PM2.5 - Local Conditions,155,Thermo Electron Model RAAS2.5-300 Sequential w/VSCC,31080,"Los Angeles-Long Beach-Anaheim, CA",6,California,37,Los Angeles,34.1365,-117.92391
12/02/2016,AQS,1,2.7,ug/m3 LC,15,Azusa,1,100,88101,PM2.5 - Local Conditions,155,Thermo Electron Model RAAS2.5-300 Sequential w/VSCC,31080,"Los Angeles-Long Beach-Anaheim, CA",6,California,37,Los Angeles,34.1365,-117.92391
12/05/2016,AQS,1,12.3,ug/m3 LC,57,Azusa,1,100,88101,PM2.5 - Local Conditions,155,Thermo Electron Model RAAS2.5-300 Sequential w/VSCC,31080,"Los Angeles-Long Beach-Anaheim, CA",6,California,37,Los Angeles,34.1365,-117.92391
12/08/2016,AQS,1,17.3,ug/m3 LC,66,Azusa,1,100,88101,PM2.5 - Local Conditions,155,Thermo Electron Model RAAS2.5-300 Sequential w/VSCC,31080,"Los Angeles-Long Beach-Anaheim, CA",6,California,37,Los Angeles,34.1365,-117.92391
12/11/2016,AQS,1,26,ug/m3 LC,82,Azusa,1,100,88101,PM2.5 - Local Conditions,155,Thermo Electron Model RAAS2.5-300 Sequential w/VSCC,31080,"Los Angeles-Long Beach-Anaheim, CA",6,California,37,Los Angeles,34.1365,-117.92391
12/14/2016,AQS,1,30.3,ug/m3 LC,90,Azusa,1,100,88101,PM2.5 - Local Conditions,155,Thermo Electron Model RAAS2.5-300 Sequential w/VSCC,31080,"Los Angeles-Long Beach-Anaheim, CA",6,California,37,Los Angeles,34.1365,-117.92391
12/17/2016,AQS,1,2.8,ug/m3 LC,16,Azusa,1,100,88101,PM2.5 - Local Conditions,155,Thermo Electron Model RAAS2.5-300 Sequential w/VSCC,31080,"Los Angeles-Long Beach-Anaheim, CA",6,California,37,Los Angeles,34.1365,-117.92391
12/20/2016,AQS,1,3.7,ug/m3 LC,21,Azusa,1,100,88101,PM2.5 - Local Conditions,155,Thermo Electron Model RAAS2.5-300 Sequential w/VSCC,31080,"Los Angeles-Long Beach-Anaheim, CA",6,California,37,Los Angeles,34.1365,-117.92391
12/23/2016,AQS,1,3.2,ug/m3 LC,18,Azusa,1,100,88101,PM2.5 - Local Conditions,155,Thermo Electron Model RAAS2.5-300 Sequential w/VSCC,31080,"Los Angeles-Long Beach-Anaheim, CA",6,California,37,Los Angeles,34.1365,-117.92391
12/26/2016,AQS,1,4.4,ug/m3 LC,24,Azusa,1,100,88101,PM2.5 - Local Conditions,155,Thermo Electron Model RAAS2.5-300 Sequential w/VSCC,31080,"Los Angeles-Long Beach-Anaheim, CA",6,California,37,Los Angeles,34.1365,-117.92391
12/29/2016,AQS,1,3.5,ug/m3 LC,19,Azusa,1,100,88101,PM2.5 - Local Conditions,155,Thermo Electron Model RAAS2.5-300 Sequential w/VSCC,31080,"Los Angeles-Long Beach-Anaheim, CA",6,California,37,Los Angeles,34.1365,-117.92391
01/01/2017,AQS,1,8.3,ug/m3 LC,46,Azusa,1,100,88101,PM2.5 - Local Conditions,155,Thermo Electron Model RAAS2.5-300 Sequential w/VSCC,31080,"Los Angeles-Long Beach-Anaheim, CA",6,California,37,Los Angeles,34.1365,-117.92391
01/04/2017,AQS,1,8.5,ug/m3 LC,47,Azusa,1,100,88101,PM2.5 - Local Conditions,155,Thermo Electron Model RAAS2.5-300 Sequential w/VSCC,31080,"Los Angeles-Long Beach-Anaheim, CA",6,California,37,Los Angeles,34.1365,-117.92391
01/07/2017,AQS,1,3.7,ug/m3 LC,21,Azusa,1,100,88101,PM2.5 - Local Conditions,155,Thermo Electron Model RAAS2.5-300 Sequential w/VSCC,31080,"Los Angeles-Long Beach-Anaheim, CA",6,California,37,Los Angeles,34.1365,-117.92391
01/10/2017,AQS,1,5,ug/m3 LC,28,Azusa,1,100,88101,PM2.5 - Local Conditions,155,Thermo Electron Model RAAS2.5-300 Sequential w/VSCC,31080,"Los Angeles-Long Beach-Anaheim, CA",6,California,37,Los Angeles,34.1365,-117.92391
01/13/2017,AQS,1,4.5,ug/m3 LC,25,Azusa,1,100,88101,PM2.5 - Local Conditions,155,Thermo Electron Model RAAS2.5-300 Sequential w/VSCC,31080,"Los Angeles-Long Beach-Anaheim, CA",6,California,37,Los Angeles,34.1365,-117.92391
01/16/2017,AQS,1,8.2,ug/m3 LC,46,Azusa,1,100,88101,PM2.5 - Local Conditions,155,Thermo Electron Model RAAS2.5-300 Sequential w/VSCC,31080,"Los Angeles-Long Beach-Anaheim, CA",6,California,37,Los Angeles,34.1365,-117.92391
01/28/2017,AQS,1,3.2,ug/m3 LC,18,Azusa,1,100,88101,PM2.5 - Local Conditions,155,Thermo Electron Model RAAS2.5-300 Sequential w/VSCC,31080,"Los Angeles-Long Beach-Anaheim, CA",6,California,37,Los Angeles,34.1365,-117.92391
01/31/2017,AQS,1,7.3,ug/m3 LC,41,Azusa,1,100,88101,PM2.5 - Local Conditions,155,Thermo Electron Model RAAS2.5-300 Sequential w/VSCC,31080,"Los Angeles-Long Beach-Anaheim, CA",6,California,37,Los Angeles,34.1365,-117.92391
02/03/2017,AQS,1,9.3,ug/m3 LC,51,Azusa,1,100,88101,PM2.5 - Local Conditions,155,Thermo Electron Model RAAS2.5-300 Sequential w/VSCC,31080,"Los Angeles-Long Beach-Anaheim, CA",6,California,37,Los Angeles,34.1365,-117.92391
02/06/2017,AQS,1,3.1,ug/m3 LC,17,Azusa,1,100,88101,PM2.5 - Local Conditions,155,Thermo Electron Model RAAS2.5-300 Sequential w/VSCC,31080,"Los Angeles-Long Beach-Anaheim, CA",6,California,37,Los Angeles,34.1365,-117.92391
02/09/2017,AQS,1,11.8,ug/m3 LC,56,Azusa,1,100,88101,PM2.5 - Local Conditions,155,Thermo Electron Model RAAS2.5-300 Sequential w/VSCC,31080,"Los Angeles-Long Beach-Anaheim, CA",6,California,37,Los Angeles,34.1365,-117.92391
02/12/2017,AQS,1,5,ug/m3 LC,28,Azusa,1,100,88101,PM2.5 - Local Conditions,155,Thermo Electron Model RAAS2.5-300 Sequential w/VSCC,31080,"Los Angeles-Long Beach-Anaheim, CA",6,California,37,Los Angeles,34.1365,-117.92391
02/15/2017,AQS,1,5.6,ug/m3 LC,31,Azusa,1,100,88101,PM2.5 - Local Conditions,155,Thermo Electron Model RAAS2.5-300 Sequential w/VSCC,31080,"Los Angeles-Long Beach-Anaheim, CA",6,California,37,Los Angeles,34.1365,-117.92391
02/18/2017,AQS,1,3,ug/m3 LC,17,Azusa,1,100,88101,PM2.5 - Local Conditions,155,Thermo Electron Model RAAS2.5-300 Sequential w/VSCC,31080,"Los Angeles-Long Beach-Anaheim, CA",6,California,37,Los Angeles,34.1365,-117.92391
02/21/2017,AQS,1,8,ug/m3 LC,44,Azusa,1,100,88101,PM2.5 - Local Conditions,155,Thermo Electron Model RAAS2.5-300 Sequential w/VSCC,31080,"Los Angeles-Long Beach-Anaheim, CA",6,California,37,Los Angeles,34.1365,-117.92391
02/24/2017,AQS,1,5.6,ug/m3 LC,31,Azusa,1,100,88101,PM2.5 - Local Conditions,155,Thermo Electron Model RAAS2.5-300 Sequential w/VSCC,31080,"Los Angeles-Long Beach-Anaheim, CA",6,California,37,Los Angeles,34.1365,-117.92391
02/27/2017,AQS,1,6,ug/m3 LC,33,Azusa,1,100,88101,PM2.5 - Local Conditions,155,Thermo Electron Model RAAS2.5-300 Sequential w/VSCC,31080,"Los Angeles-Long Beach-Anaheim, CA",6,California,37,Los Angeles,34.1365,-117.92391
03/02/2017,AQS,1,3.7,ug/m3 LC,21,Azusa,1,100,88101,PM2.5 - Local Conditions,155,Thermo Electron Model RAAS2.5-300 Sequential w/VSCC,31080,"Los Angeles-Long Beach-Anaheim, CA",6,California,37,Los Angeles,34.1365,-117.92391
03/05/2017,AQS,1,6.3,ug/m3 LC,35,Azusa,1,100,88101,PM2.5 - Local Conditions,155,Thermo Electron Model RAAS2.5-300 Sequential w/VSCC,31080,"Los Angeles-Long Beach-Anaheim, CA",6,California,37,Los Angeles,34.1365,-117.92391
03/08/2017,AQS,1,6.7,ug/m3 LC,37,Azusa,1,100,88101,PM2.5 - Local Conditions,155,Thermo Electron Model RAAS2.5-300 Sequential w/VSCC,31080,"Los Angeles-Long Beach-Anaheim, CA",6,California,37,Los Angeles,34.1365,-117.92391
03/11/2017,AQS,1,12.3,ug/m3 LC,57,Azusa,1,100,88101,PM2.5 - Local Conditions,155,Thermo Electron Model RAAS2.5-300 Sequential w/VSCC,31080,"Los Angeles-Long Beach-Anaheim, CA",6,California,37,Los Angeles,34.1365,-117.92391
03/14/2017,AQS,1,13.5,ug/m3 LC,59,Azusa,1,100,88101,PM2.5 - Local Conditions,155,Thermo Electron Model RAAS2.5-300 Sequential w/VSCC,31080,"Los Angeles-Long Beach-Anaheim, CA",6,California,37,Los Angeles,34.1365,-117.92391
03/17/2017,AQS,1,18.4,ug/m3 LC,68,Azusa,1,100,88101,PM2.5 - Local Conditions,155,Thermo Electron Model RAAS2.5-300 Sequential w/VSCC,31080,"Los Angeles-Long Beach-Anaheim, CA",6,California,37,Los Angeles,34.1365,-117.92391
03/20/2017,AQS,1,9.9,ug/m3 LC,52,Azusa,1,100,88101,PM2.5 - Local Conditions,155,Thermo Electron Model RAAS2.5-300 Sequential w/VSCC,31080,"Los Angeles-Long Beach-Anaheim, CA",6,California,37,Los Angeles,34.1365,-117.92391
03/23/2017,AQS,1,5.6,ug/m3 LC,31,Azusa,1,100,88101,PM2.5 - Local Conditions,155,Thermo Electron Model RAAS2.5-300 Sequential w/VSCC,31080,"Los Angeles-Long Beach-Anaheim, CA",6,California,37,Los Angeles,34.1365,-117.92391
03/26/2017,AQS,1,6.8,ug/m3 LC,38,Azusa,1,100,88101,PM2.5 - Local Conditions,155,Thermo Electron Model RAAS2.5-300 Sequential w/VSCC,31080,"Los Angeles-Long Beach-Anaheim, CA",6,California,37,Los Angeles,34.1365,-117.92391
03/29/2017,AQS,1,8.1,ug/m3 LC,45,Azusa,1,100,88101,PM2.5 - Local Conditions,155,Thermo Electron Model RAAS2.5-300 Sequential w/VSCC,31080,"Los Angeles-Long Beach-Anaheim, CA",6,California,37,Los Angeles,34.1365,-117.92391
04/01/2017,AQS,1,9.7,ug/m3 LC,52,Azusa,1,100,88101,PM2.5 - Local Conditions,155,Thermo Electron Model RAAS2.5-300 Sequential w/VSCC,31080,"Los Angeles-Long Beach-Anaheim, CA",6,California,37,Los Angeles,34.1365,-117.92391
04/04/2017,AQS,1,14.1,ug/m3 LC,60,Azusa,1,100,88101,PM2.5 - Local Conditions,155,Thermo Electron Model RAAS2.5-300 Sequential w/VSCC,31080,"Los Angeles-Long Beach-Anaheim, CA",6,California,37,Los Angeles,34.1365,-117.92391
04/07/2017,AQS,1,8.4,ug/m3 LC,47,Azusa,1,100,88101,PM2.5 - Local Conditions,155,Thermo Electron Model RAAS2.5-300 Sequential w/VSCC,31080,"Los Angeles-Long Beach-Anaheim, CA",6,California,37,Los Angeles,34.1365,-117.92391
04/10/2017,AQS,1,10,ug/m3 LC,53,Azusa,1,100,88101,PM2.5 - Local Conditions,155,Thermo Electron Model RAAS2.5-300 Sequential w/VSCC,31080,"Los Angeles-Long Beach-Anaheim, CA",6,California,37,Los Angeles,34.1365,-117.92391
04/13/2017,AQS,1,5.5,ug/m3 LC,31,Azusa,1,100,88101,PM2.5 - Local Conditions,155,Thermo Electron Model RAAS2.5-300 Sequential w/VSCC,31080,"Los Angeles-Long Beach-Anaheim, CA",6,California,37,Los Angeles,34.1365,-117.92391
04/16/2017,AQS,1,11.3,ug/m3 LC,55,Azusa,1,100,88101,PM2.5 - Local Conditions,155,Thermo Electron Model RAAS2.5-300 Sequential w/VSCC,31080,"Los Angeles-Long Beach-Anaheim, CA",6,California,37,Los Angeles,34.1365,-117.92391
04/19/2017,AQS,1,5.3,ug/m3 LC,29,Azusa,1,100,88101,PM2.5 - Local Conditions,155,Thermo Electron Model RAAS2.5-300 Sequential w/VSCC,31080,"Los Angeles-Long Beach-Anaheim, CA",6,California,37,Los Angeles,34.1365,-117.92391
04/22/2017,AQS,1,12.2,ug/m3 LC,57,Azusa,1,100,88101,PM2.5 - Local Conditions,155,Thermo Electron Model RAAS2.5-300 Sequential w/VSCC,31080,"Los Angeles-Long Beach-Anaheim, CA",6,California,37,Los Angeles,34.1365,-117.92391
04/25/2017,AQS,1,10.3,ug/m3 LC,53,Azusa,1,100,88101,PM2.5 - Local Conditions,155,Thermo Electron Model RAAS2.5-300 Sequential w/VSCC,31080,"Los Angeles-Long Beach-Anaheim, CA",6,California,37,Los Angeles,34.1365,-117.92391
04/28/2017,AQS,1,7.5,ug/m3 LC,42,Azusa,1,100,88101,PM2.5 - Local Conditions,155,Thermo Electron Model RAAS2.5-300 Sequential w/VSCC,31080,"Los Angeles-Long Beach-Anaheim, CA",6,California,37,Los Angeles,34.1365,-117.92391
05/01/2017,AQS,1,12.3,ug/m3 LC,57,Azusa,1,100,88101,PM2.5 - Local Conditions,155,Thermo Electron Model RAAS2.5-300 Sequential w/VSCC,31080,"Los Angeles-Long Beach-Anaheim, CA",6,California,37,Los Angeles,34.1365,-117.92391
05/04/2017,AQS,1,14.2,ug/m3 LC,61,Azusa,1,100,88101,PM2.5 - Local Conditions,155,Thermo Electron Model RAAS2.5-300 Sequential w/VSCC,31080,"Los Angeles-Long Beach-Anaheim, CA",6,California,37,Los Angeles,34.1365,-117.92391
05/07/2017,AQS,1,14.7,ug/m3 LC,61,Azusa,1,100,88101,PM2.5 - Local Conditions,155,Thermo Electron Model RAAS2.5-300 Sequential w/VSCC,31080,"Los Angeles-Long Beach-Anaheim, CA",6,California,37,Los Angeles,34.1365,-117.92391
05/10/2017,AQS,1,7.1,ug/m3 LC,39,Azusa,1,100,88101,PM2.5 - Local Conditions,155,Thermo Electron Model RAAS2.5-300 Sequential w/VSCC,31080,"Los Angeles-Long Beach-Anaheim, CA",6,California,37,Los Angeles,34.1365,-117.92391
05/13/2017,AQS,1,9.7,ug/m3 LC,52,Azusa,1,100,88101,PM2.5 - Local Conditions,155,Thermo Electron Model RAAS2.5-300 Sequential w/VSCC,31080,"Los Angeles-Long Beach-Anaheim, CA",6,California,37,Los Angeles,34.1365,-117.92391
05/16/2017,AQS,1,9.7,ug/m3 LC,52,Azusa,1,100,88101,PM2.5 - Local Conditions,155,Thermo Electron Model RAAS2.5-300 Sequential w/VSCC,31080,"Los Angeles-Long Beach-Anaheim, CA",6,California,37,Los Angeles,34.1365,-117.92391
05/19/2017,AQS,1,7,ug/m3 LC,39,Azusa,1,100,88101,PM2.5 - Local Conditions,155,Thermo Electron Model RAAS2.5-300 Sequential w/VSCC,31080,"Los Angeles-Long Beach-Anaheim, CA",6,California,37,Los Angeles,34.1365,-117.92391
05/22/2017,AQS,1,15.5,ug/m3 LC,63,Azusa,1,100,88101,PM2.5 - Local Conditions,155,Thermo Electron Model RAAS2.5-300 Sequential w/VSCC,31080,"Los Angeles-Long Beach-Anaheim, CA",6,California,37,Los Angeles,34.1365,-117.92391
05/25/2017,AQS,1,6.2,ug/m3 LC,34,Azusa,1,100,88101,PM2.5 - Local Conditions,155,Thermo Electron Model RAAS2.5-300 Sequential w/VSCC,31080,"Los Angeles-Long Beach-Anaheim, CA",6,California,37,Los Angeles,34.1365,-117.92391
05/28/2017,AQS,1,10.9,ug/m3 LC,54,Azusa,1,100,88101,PM2.5 - Local Conditions,155,Thermo Electron Model RAAS2.5-300 Sequential w/VSCC,31080,"Los Angeles-Long Beach-Anaheim, CA",6,California,37,Los Angeles,34.1365,-117.92391
05/31/2017,AQS,1,18.9,ug/m3 LC,69,Azusa,1,100,88101,PM2.5 - Local Conditions,155,Thermo Electron Model RAAS2.5-300 Sequential w/VSCC,31080,"Los Angeles-Long Beach-Anaheim, CA",6,California,37,Los Angeles,34.1365,-117.92391
06/03/2017,AQS,1,15.5,ug/m3 LC,63,Azusa,1,100,88101,PM2.5 - Local Conditions,155,Thermo Electron Model RAAS2.5-300 Sequential w/VSCC,31080,"Los Angeles-Long Beach-Anaheim, CA",6,California,37,Los Angeles,34.1365,-117.92391
06/06/2017,AQS,1,14.1,ug/m3 LC,60,Azusa,1,100,88101,PM2.5 - Local Conditions,155,Thermo Electron Model RAAS2.5-300 Sequential w/VSCC,31080,"Los Angeles-Long Beach-Anaheim, CA",6,California,37,Los Angeles,34.1365,-117.92391
06/09/2017,AQS,1,7.8,ug/m3 LC,43,Azusa,1,100,88101,PM2.5 - Local Conditions,155,Thermo Electron Model RAAS2.5-300 Sequential w/VSCC,31080,"Los Angeles-Long Beach-Anaheim, CA",6,California,37,Los Angeles,34.1365,-117.92391
06/12/2017,AQS,1,8.7,ug/m3 LC,48,Azusa,1,100,88101,PM2.5 - Local Conditions,155,Thermo Electron Model RAAS2.5-300 Sequential w/VSCC,31080,"Los Angeles-Long Beach-Anaheim, CA",6,California,37,Los Angeles,34.1365,-117.92391
06/15/2017,AQS,1,14.7,ug/m3 LC,61,Azusa,1,100,88101,PM2.5 - Local Conditions,155,Thermo Electron Model RAAS2.5-300 Sequential w/VSCC,31080,"Los Angeles-Long Beach-Anaheim, CA",6,California,37,Los Angeles,34.1365,-117.92391
06/18/2017,AQS,1,11.6,ug/m3 LC,56,Azusa,1,100,88101,PM2.5 - Local Conditions,155,Thermo Electron Model RAAS2.5-300 Sequential w/VSCC,31080,"Los Angeles-Long Beach-Anaheim, CA",6,California,37,Los Angeles,34.1365,-117.92391
06/21/2017,AQS,1,17.5,ug/m3 LC,67,Azusa,1,100,88101,PM2.5 - Local Conditions,155,Thermo Electron Model RAAS2.5-300 Sequential w/VSCC,31080,"Los Angeles-Long Beach-Anaheim, CA",6,California,37,Los Angeles,34.1365,-117.92391
06/24/2017,AQS,1,10.2,ug/m3 LC,53,Azusa,1,100,88101,PM2.5 - Local Conditions,155,Thermo Electron Model RAAS2.5-300 Sequential w/VSCC,31080,"Los Angeles-Long Beach-Anaheim, CA",6,California,37,Los Angeles,34.1365,-117.92391
06/27/2017,AQS,1,10.2,ug/m3 LC,53,Azusa,1,100,88101,PM2.5 - Local Conditions,155,Thermo Electron Model RAAS2.5-300 Sequential w/VSCC,31080,"Los Angeles-Long Beach-Anaheim, CA",6,California,37,Los Angeles,34.1365,-117.92391
06/30/2017,AQS,1,13.8,ug/m3 LC,60,Azusa,1,100,88101,PM2.5 - Local Conditions,155,Thermo Electron Model RAAS2.5-300 Sequential w/VSCC,31080,"Los Angeles-Long Beach-Anaheim, CA",6,California,37,Los Angeles,34.1365,-117.92391
07/03/2017,AQS,1,13.5,ug/m3 LC,59,Azusa,1,100,88101,PM2.5 - Local Conditions,155,Thermo Electron Model RAAS2.5-300 Sequential w/VSCC,31080,"Los Angeles-Long Beach-Anaheim, CA",6,California,37,Los Angeles,34.1365,-117.92391
07/06/2017,AQS,1,14.9,ug/m3 LC,62,Azusa,1,100,88101,PM2.5 - Local Conditions,155,Thermo Electron Model RAAS2.5-300 Sequential w/VSCC,31080,"Los Angeles-Long Beach-Anaheim, CA",6,California,37,Los Angeles,34.1365,-117.92391
07/09/2017,AQS,1,16.5,ug/m3 LC,65,Azusa,1,100,88101,PM2.5 - Local Conditions,155,Thermo Electron Model RAAS2.5-300 Sequential w/VSCC,31080,"Los Angeles-Long Beach-Anaheim, CA",6,California,37,Los Angeles,34.1365,-117.92391
07/12/2017,AQS,1,10.5,ug/m3 LC,54,Azusa,1,100,88101,PM2.5 - Local Conditions,155,Thermo Electron Model RAAS2.5-300 Sequential w/VSCC,31080,"Los Angeles-Long Beach-Anaheim, CA",6,California,37,Los Angeles,34.1365,-117.92391
07/15/2017,AQS,1,13.7,ug/m3 LC,60,Azusa,1,100,88101,PM2.5 - Local Conditions,155,Thermo Electron Model RAAS2.5-300 Sequential w/VSCC,31080,"Los Angeles-Long Beach-Anaheim, CA",6,California,37,Los Angeles,34.1365,-117.92391
07/18/2017,AQS,1,15,ug/m3 LC,62,Azusa,1,100,88101,PM2.5 - Local Conditions,155,Thermo Electron Model RAAS2.5-300 Sequential w/VSCC,31080,"Los Angeles-Long Beach-Anaheim, CA",6,California,37,Los Angeles,34.1365,-117.92391
07/21/2017,AQS,1,15,ug/m3 LC,62,Azusa,1,100,88101,PM2.5 - Local Conditions,155,Thermo Electron Model RAAS2.5-300 Sequential w/VSCC,31080,"Los Angeles-Long Beach-Anaheim, CA",6,California,37,Los Angeles,34.1365,-117.92391
07/24/2017,AQS,1,12.7,ug/m3 LC,58,Azusa,1,100,88101,PM2.5 - Local Conditions,155,Thermo Electron Model RAAS2.5-300 Sequential w/VSCC,31080,"Los Angeles-Long Beach-Anaheim, CA",6,California,37,Los Angeles,34.1365,-117.92391
07/27/2017,AQS,1,10,ug/m3 LC,53,Azusa,1,100,88101,PM2.5 - Local Conditions,155,Thermo Electron Model RAAS2.5-300 Sequential w/VSCC,31080,"Los Angeles-Long Beach-Anaheim, CA",6,California,37,Los Angeles,34.1365,-117.92391
07/30/2017,AQS,1,11.5,ug/m3 LC,55,Azusa,1,100,88101,PM2.5 - Local Conditions,155,Thermo Electron Model RAAS2.5-300 Sequential w/VSCC,31080,"Los Angeles-Long Beach-Anaheim, CA",6,California,37,Los Angeles,34.1365,-117.92391
08/02/2017,AQS,1,16.8,ug/m3 LC,65,Azusa,1,100,88101,PM2.5 - Local Conditions,155,Thermo Electron Model RAAS2.5-300 Sequential w/VSCC,31080,"Los Angeles-Long Beach-Anaheim, CA",6,California,37,Los Angeles,34.1365,-117.92391
08/05/2017,AQS,1,9.4,ug/m3 LC,52,Azusa,1,100,88101,PM2.5 - Local Conditions,155,Thermo Electron Model RAAS2.5-300 Sequential w/VSCC,31080,"Los Angeles-Long Beach-Anaheim, CA",6,California,37,Los Angeles,34.1365,-117.92391
08/08/2017,AQS,1,16.7,ug/m3 LC,65,Azusa,1,100,88101,PM2.5 - Local Conditions,155,Thermo Electron Model RAAS2.5-300 Sequential w/VSCC,31080,"Los Angeles-Long Beach-Anaheim, CA",6,California,37,Los Angeles,34.1365,-117.92391
08/11/2017,AQS,1,15.2,ug/m3 LC,62,Azusa,1,100,88101,PM2.5 - Local Conditions,155,Thermo Electron Model RAAS2.5-300 Sequential w/VSCC,31080,"Los Angeles-Long Beach-Anaheim, CA",6,California,37,Los Angeles,34.1365,-117.92391
08/14/2017,AQS,1,15,ug/m3 LC,62,Azusa,1,100,88101,PM2.5 - Local Conditions,155,Thermo Electron Model RAAS2.5-300 Sequential w/VSCC,31080,"Los Angeles-Long Beach-Anaheim, CA",6,California,37,Los Angeles,34.1365,-117.92391
08/17/2017,AQS,1,12.7,ug/m3 LC,58,Azusa,1,100,88101,PM2.5 - Local Conditions,155,Thermo Electron Model RAAS2.5-300 Sequential w/VSCC,31080,"Los Angeles-Long Beach-Anaheim, CA",6,California,37,Los Angeles,34.1365,-117.92391
08/20/2017,AQS,1,11.4,ug/m3 LC,55,Azusa,1,100,88101,PM2.5 - Local Conditions,155,Thermo Electron Model RAAS2.5-300 Sequential w/VSCC,31080,"Los Angeles-Long Beach-Anaheim, CA",6,California,37,Los Angeles,34.1365,-117.92391
08/23/2017,AQS,1,16.2,ug/m3 LC,64,Azusa,1,100,88101,PM2.5 - Local Conditions,155,Thermo Electron Model RAAS2.5-300 Sequential w/VSCC,31080,"Los Angeles-Long Beach-Anaheim, CA",6,California,37,Los Angeles,34.1365,-117.92391
08/26/2017,AQS,1,15.4,ug/m3 LC,63,Azusa,1,100,88101,PM2.5 - Local Conditions,155,Thermo Electron Model RAAS2.5-300 Sequential w/VSCC,31080,"Los Angeles-Long Beach-Anaheim, CA",6,California,37,Los Angeles,34.1365,-117.92391
08/29/2017,AQS,1,24.9,ug/m3 LC,80,Azusa,1,100,88101,PM2.5 - Local Conditions,155,Thermo Electron Model RAAS2.5-300 Sequential w/VSCC,31080,"Los Angeles-Long Beach-Anaheim, CA",6,California,37,Los Angeles,34.1365,-117.92391
09/01/2017,AQS,1,17,ug/m3 LC,66,Azusa,1,100,88101,PM2.5 - Local Conditions,155,Thermo Electron Model RAAS2.5-300 Sequential w/VSCC,31080,"Los Angeles-Long Beach-Anaheim, CA",6,California,37,Los Angeles,34.1365,-117.92391
09/04/2017,AQS,1,12,ug/m3 LC,56,Azusa,1,100,88101,PM2.5 - Local Conditions,155,Thermo Electron Model RAAS2.5-300 Sequential w/VSCC,31080,"Los Angeles-Long Beach-Anaheim, CA",6,California,37,Los Angeles,34.1365,-117.92391
09/07/2017,AQS,1,16.6,ug/m3 LC,65,Azusa,1,100,88101,PM2.5 - Local Conditions,155,Thermo Electron Model RAAS2.5-300 Sequential w/VSCC,31080,"Los Angeles-Long Beach-Anaheim, CA",6,California,37,Los Angeles,34.1365,-117.92391
09/10/2017,AQS,1,12.7,ug/m3 LC,58,Azusa,1,100,88101,PM2.5 - Local Conditions,155,Thermo Electron Model RAAS2.5-300 Sequential w/VSCC,31080,"Los Angeles-Long Beach-Anaheim, CA",6,California,37,Los Angeles,34.1365,-117.92391
09/13/2017,AQS,1,9,ug/m3 LC,50,Azusa,1,100,88101,PM2.5 - Local Conditions,155,Thermo Electron Model RAAS2.5-300 Sequential w/VSCC,31080,"Los Angeles-Long Beach-Anaheim, CA",6,California,37,Los Angeles,34.1365,-117.92391
09/16/2017,AQS,1,8.2,ug/m3 LC,46,Azusa,1,100,88101,PM2.5 - Local Conditions,155,Thermo Electron Model RAAS2.5-300 Sequential w/VSCC,31080,"Los Angeles-Long Beach-Anaheim, CA",6,California,37,Los Angeles,34.1365,-117.92391
09/19/2017,AQS,1,11.2,ug/m3 LC,55,Azusa,1,100,88101,PM2.5 - Local Conditions,155,Thermo Electron Model RAAS2.5-300 Sequential w/VSCC,31080,"Los Angeles-Long Beach-Anaheim, CA",6,California,37,Los Angeles,34.1365,-117.92391
09/22/2017,AQS,1,6.6,ug/m3 LC,37,Azusa,1,100,88101,PM2.5 - Local Conditions,155,Thermo Electron Model RAAS2.5-300 Sequential w/VSCC,31080,"Los Angeles-Long Beach-Anaheim, CA",6,California,37,Los Angeles,34.1365,-117.92391
09/27/2017,AQS,1,13,ug/m3 LC,58,Azusa,1,100,88101,PM2.5 - Local Conditions,155,Thermo Electron Model RAAS2.5-300 Sequential w/VSCC,31080,"Los Angeles-Long Beach-Anaheim, CA",6,California,37,Los Angeles,34.1365,-117.92391
09/28/2017,AQS,1,12.8,ug/m3 LC,58,Azusa,1,100,88101,PM2.5 - Local Conditions,155,Thermo Electron Model RAAS2.5-300 Sequential w/VSCC,31080,"Los Angeles-Long Beach-Anaheim, CA",6,California,37,Los Angeles,34.1365,-117.92391
10/01/2017,AQS,1,11.4,ug/m3 LC,55,Azusa,1,100,88101,PM2.5 - Local Conditions,155,Thermo Electron Model RAAS2.5-300 Sequential w/VSCC,31080,"Los Angeles-Long Beach-Anaheim, CA",6,California,37,Los Angeles,34.1365,-117.92391
10/04/2017,AQS,1,10.3,ug/m3 LC,53,Azusa,1,100,88101,PM2.5 - Local Conditions,155,Thermo Electron Model RAAS2.5-300 Sequential w/VSCC,31080,"Los Angeles-Long Beach-Anaheim, CA",6,California,37,Los Angeles,34.1365,-117.92391
10/07/2017,AQS,1,7.3,ug/m3 LC,41,Azusa,1,100,88101,PM2.5 - Local Conditions,155,Thermo Electron Model RAAS2.5-300 Sequential w/VSCC,31080,"Los Angeles-Long Beach-Anaheim, CA",6,California,37,Los Angeles,34.1365,-117.92391
10/10/2017,AQS,1,8,ug/m3 LC,44,Azusa,1,100,88101,PM2.5 - Local Conditions,155,Thermo Electron Model RAAS2.5-300 Sequential w/VSCC,31080,"Los Angeles-Long Beach-Anaheim, CA",6,California,37,Los Angeles,34.1365,-117.92391
10/13/2017,AQS,1,19.2,ug/m3 LC,70,Azusa,1,100,88101,PM2.5 - Local Conditions,155,Thermo Electron Model RAAS2.5-300 Sequential w/VSCC,31080,"Los Angeles-Long Beach-Anaheim, CA",6,California,37,Los Angeles,34.1365,-117.92391
10/16/2017,AQS,1,8,ug/m3 LC,44,Azusa,1,100,88101,PM2.5 - Local Conditions,155,Thermo Electron Model RAAS2.5-300 Sequential w/VSCC,31080,"Los Angeles-Long Beach-Anaheim, CA",6,California,37,Los Angeles,34.1365,-117.92391
10/19/2017,AQS,1,20.6,ug/m3 LC,72,Azusa,1,100,88101,PM2.5 - Local Conditions,155,Thermo Electron Model RAAS2.5-300 Sequential w/VSCC,31080,"Los Angeles-Long Beach-Anaheim, CA",6,California,37,Los Angeles,34.1365,-117.92391
10/22/2017,AQS,1,3.3,ug/m3 LC,18,Azusa,1,100,88101,PM2.5 - Local Conditions,155,Thermo Electron Model RAAS2.5-300 Sequential w/VSCC,31080,"Los Angeles-Long Beach-Anaheim, CA",6,California,37,Los Angeles,34.1365,-117.92391
10/25/2017,AQS,1,5.2,ug/m3 LC,29,Azusa,1,100,88101,PM2.5 - Local Conditions,155,Thermo Electron Model RAAS2.5-300 Sequential w/VSCC,31080,"Los Angeles-Long Beach-Anaheim, CA",6,California,37,Los Angeles,34.1365,-117.92391
10/28/2017,AQS,1,20.6,ug/m3 LC,72,Azusa,1,100,88101,PM2.5 - Local Conditions,155,Thermo Electron Model RAAS2.5-300 Sequential w/VSCC,31080,"Los Angeles-Long Beach-Anaheim, CA",6,California,37,Los Angeles,34.1365,-117.92391
10/31/2017,AQS,1,5.6,ug/m3 LC,31,Azusa,1,100,88101,PM2.5 - Local Conditions,155,Thermo Electron Model RAAS2.5-300 Sequential w/VSCC,31080,"Los Angeles-Long Beach-Anaheim, CA",6,California,37,Los Angeles,34.1365,-117.92391
11/03/2017,AQS,1,6.1,ug/m3 LC,34,Azusa,1,100,88101,PM2.5 - Local Conditions,155,Thermo Electron Model RAAS2.5-300 Sequential w/VSCC,31080,"Los Angeles-Long Beach-Anaheim, CA",6,California,37,Los Angeles,34.1365,-117.92391
11/06/2017,AQS,1,6.6,ug/m3 LC,37,Azusa,1,100,88101,PM2.5 - Local Conditions,155,Thermo Electron Model RAAS2.5-300 Sequential w/VSCC,31080,"Los Angeles-Long Beach-Anaheim, CA",6,California,37,Los Angeles,34.1365,-117.92391
11/09/2017,AQS,1,4.4,ug/m3 LC,24,Azusa,1,100,88101,PM2.5 - Local Conditions,155,Thermo Electron Model RAAS2.5-300 Sequential w/VSCC,31080,"Los Angeles-Long Beach-Anaheim, CA",6,California,37,Los Angeles,34.1365,-117.92391
11/12/2017,AQS,1,22.7,ug/m3 LC,76,Azusa,1,100,88101,PM2.5 - Local Conditions,155,Thermo Electron Model RAAS2.5-300 Sequential w/VSCC,31080,"Los Angeles-Long Beach-Anaheim, CA",6,California,37,Los Angeles,34.1365,-117.92391
11/15/2017,AQS,1,21.2,ug/m3 LC,74,Azusa,1,100,88101,PM2.5 - Local Conditions,155,Thermo Electron Model RAAS2.5-300 Sequential w/VSCC,31080,"Los Angeles-Long Beach-Anaheim, CA",6,California,37,Los Angeles,34.1365,-117.92391
11/18/2017,AQS,1,6.1,ug/m3 LC,34,Azusa,1,100,88101,PM2.5 - Local Conditions,155,Thermo Electron Model RAAS2.5-300 Sequential w/VSCC,31080,"Los Angeles-Long Beach-Anaheim, CA",6,California,37,Los Angeles,34.1365,-117.92391
11/21/2017,AQS,1,6.2,ug/m3 LC,34,Azusa,1,100,88101,PM2.5 - Local Conditions,155,Thermo Electron Model RAAS2.5-300 Sequential w/VSCC,31080,"Los Angeles-Long Beach-Anaheim, CA",6,California,37,Los Angeles,34.1365,-117.92391
11/24/2017,AQS,1,6.1,ug/m3 LC,34,Azusa,1,100,88101,PM2.5 - Local Conditions,155,Thermo Electron Model RAAS2.5-300 Sequential w/VSCC,31080,"Los Angeles-Long Beach-Anaheim, CA",6,California,37,Los Angeles,34.1365,-117.92391
11/27/2017,AQS,1,15.5,ug/m3 LC,63,Azusa,1,100,88101,PM2.5 - Local Conditions,155,Thermo Electron Model RAAS2.5-300 Sequential w/VSCC,31080,"Los Angeles-Long Beach-Anaheim, CA",6,California,37,Los Angeles,34.1365,-117.92391
11/30/2017,AQS,1,12.4,ug/m3 LC,57,Azusa,1,100,88101,PM2.5 - Local Conditions,155,Thermo Electron Model RAAS2.5-300 Sequential w/VSCC,31080,"Los Angeles-Long Beach-Anaheim, CA",6,California,37,Los Angeles,34.1365,-117.92391
12/03/2017,AQS,1,13.2,ug/m3 LC,59,Azusa,1,100,88101,PM2.5 - Local Conditions,155,Thermo Electron Model RAAS2.5-300 Sequential w/VSCC,31080,"Los Angeles-Long Beach-Anaheim, CA",6,California,37,Los Angeles,34.1365,-117.92391
12/06/2017,AQS,1,4.9,ug/m3 LC,27,Azusa,1,100,88101,PM2.5 - Local Conditions,155,Thermo Electron Model RAAS2.5-300 Sequential w/VSCC,31080,"Los Angeles-Long Beach-Anaheim, CA",6,California,37,Los Angeles,34.1365,-117.92391
12/09/2017,AQS,1,1.8,ug/m3 LC,10,Azusa,1,100,88101,PM2.5 - Local Conditions,155,Thermo Electron Model RAAS2.5-300 Sequential w/VSCC,31080,"Los Angeles-Long Beach-Anaheim, CA",6,California,37,Los Angeles,34.1365,-117.92391
12/12/2017,AQS,1,3.9,ug/m3 LC,22,Azusa,1,100,88101,PM2.5 - Local Conditions,155,Thermo Electron Model RAAS2.5-300 Sequential w/VSCC,31080,"Los Angeles-Long Beach-Anaheim, CA",6,California,37,Los Angeles,34.1365,-117.92391
12/15/2017,AQS,1,4.9,ug/m3 LC,27,Azusa,1,100,88101,PM2.5 - Local Conditions,155,Thermo Electron Model RAAS2.5-300 Sequential w/VSCC,31080,"Los Angeles-Long Beach-Anaheim, CA",6,California,37,Los Angeles,34.1365,-117.92391
12/18/2017,AQS,1,6.9,ug/m3 LC,38,Azusa,1,100,88101,PM2.5 - Local Conditions,155,Thermo Electron Model RAAS2.5-300 Sequential w/VSCC,31080,"Los Angeles-Long Beach-Anaheim, CA",6,California,37,Los Angeles,34.1365,-117.92391
01/02/2018,AQS,1,41.8,ug/m3 LC,117,Azusa,1,100,88101,PM2.5 - Local Conditions,143,R & P Model 2000 PM-2.5 Air Sampler w/VSCC,31080,"Los Angeles-Long Beach-Anaheim, CA",6,California,37,Los Angeles,34.1365,-117.92391
01/08/2018,AQS,1,4.6,ug/m3 LC,26,Azusa,1,100,88101,PM2.5 - Local Conditions,143,R & P Model 2000 PM-2.5 Air Sampler w/VSCC,31080,"Los Angeles-Long Beach-Anaheim, CA",6,California,37,Los Angeles,34.1365,-117.92391
01/14/2018,AQS,1,3.1,ug/m3 LC,17,Azusa,1,100,88101,PM2.5 - Local Conditions,143,R & P Model 2000 PM-2.5 Air Sampler w/VSCC,31080,"Los Angeles-Long Beach-Anaheim, CA",6,California,37,Los Angeles,34.1365,-117.92391
01/20/2018,AQS,1,3,ug/m3 LC,17,Azusa,1,100,88101,PM2.5 - Local Conditions,143,R & P Model 2000 PM-2.5 Air Sampler w/VSCC,31080,"Los Angeles-Long Beach-Anaheim, CA",6,California,37,Los Angeles,34.1365,-117.92391
01/26/2018,AQS,1,3.4,ug/m3 LC,19,Azusa,1,100,88101,PM2.5 - Local Conditions,143,R & P Model 2000 PM-2.5 Air Sampler w/VSCC,31080,"Los Angeles-Long Beach-Anaheim, CA",6,California,37,Los Angeles,34.1365,-117.92391
02/01/2018,AQS,1,10.3,ug/m3 LC,53,Azusa,1,100,88101,PM2.5 - Local Conditions,143,R & P Model 2000 PM-2.5 Air Sampler w/VSCC,31080,"Los Angeles-Long Beach-Anaheim, CA",6,California,37,Los Angeles,34.1365,-117.92391
02/07/2018,AQS,1,4.3,ug/m3 LC,24,Azusa,1,100,88101,PM2.5 - Local Conditions,143,R & P Model 2000 PM-2.5 Air Sampler w/VSCC,31080,"Los Angeles-Long Beach-Anaheim, CA",6,California,37,Los Angeles,34.1365,-117.92391
02/13/2018,AQS,1,2.9,ug/m3 LC,16,Azusa,1,100,88101,PM2.5 - Local Conditions,143,R & P Model 2000 PM-2.5 Air Sampler w/VSCC,31080,"Los Angeles-Long Beach-Anaheim, CA",6,California,37,Los Angeles,34.1365,-117.92391
02/19/2018,AQS,1,3.7,ug/m3 LC,21,Azusa,1,100,88101,PM2.5 - Local Conditions,143,R & P Model 2000 PM-2.5 Air Sampler w/VSCC,31080,"Los Angeles-Long Beach-Anaheim, CA",6,California,37,Los Angeles,34.1365,-117.92391
02/25/2018,AQS,1,4.7,ug/m3 LC,26,Azusa,1,100,88101,PM2.5 - Local Conditions,143,R & P Model 2000 PM-2.5 Air Sampler w/VSCC,31080,"Los Angeles-Long Beach-Anaheim, CA",6,California,37,Los Angeles,34.1365,-117.92391
03/03/2018,AQS,1,4.2,ug/m3 LC,23,Azusa,1,100,88101,PM2.5 - Local Conditions,143,R & P Model 2000 PM-2.5 Air Sampler w/VSCC,31080,"Los Angeles-Long Beach-Anaheim, CA",6,California,37,Los Angeles,34.1365,-117.92391
03/09/2018,AQS,1,9.6,ug/m3 LC,52,Azusa,1,100,88101,PM2.5 - Local Conditions,143,R & P Model 2000 PM-2.5 Air Sampler w/VSCC,31080,"Los Angeles-Long Beach-Anaheim, CA",6,California,37,Los Angeles,34.1365,-117.92391
03/15/2018,AQS,1,2.9,ug/m3 LC,16,Azusa,1,100,88101,PM2.5 - Local Conditions,143,R & P Model 2000 PM-2.5 Air Sampler w/VSCC,31080,"Los Angeles-Long Beach-Anaheim, CA",6,California,37,Los Angeles,34.1365,-117.92391
03/21/2018,AQS,1,6,ug/m3 LC,33,Azusa,1,100,88101,PM2.5 - Local Conditions,143,R & P Model 2000 PM-2.5 Air Sampler w/VSCC,31080,"Los Angeles-Long Beach-Anaheim, CA",6,California,37,Los Angeles,34.1365,-117.92391
03/27/2018,AQS,1,4.5,ug/m3 LC,25,Azusa,1,100,88101,PM2.5 - Local Conditions,143,R & P Model 2000 PM-2.5 Air Sampler w/VSCC,31080,"Los Angeles-Long Beach-Anaheim, CA",6,California,37,Los Angeles,34.1365,-117.92391
04/02/2018,AQS,1,10.4,ug/m3 LC,53,Azusa,1,100,88101,PM2.5 - Local Conditions,143,R & P Model 2000 PM-2.5 Air Sampler w/VSCC,31080,"Los Angeles-Long Beach-Anaheim, CA",6,California,37,Los Angeles,34.1365,-117.92391
04/08/2018,AQS,1,10.5,ug/m3 LC,54,Azusa,1,100,88101,PM2.5 - Local Conditions,143,R & P Model 2000 PM-2.5 Air Sampler w/VSCC,31080,"Los Angeles-Long Beach-Anaheim, CA",6,California,37,Los Angeles,34.1365,-117.92391
04/14/2018,AQS,1,10,ug/m3 LC,53,Azusa,1,100,88101,PM2.5 - Local Conditions,143,R & P Model 2000 PM-2.5 Air Sampler w/VSCC,31080,"Los Angeles-Long Beach-Anaheim, CA",6,California,37,Los Angeles,34.1365,-117.92391
04/20/2018,AQS,1,8.3,ug/m3 LC,46,Azusa,1,100,88101,PM2.5 - Local Conditions,143,R & P Model 2000 PM-2.5 Air Sampler w/VSCC,31080,"Los Angeles-Long Beach-Anaheim, CA",6,California,37,Los Angeles,34.1365,-117.92391
04/26/2018,AQS,1,17,ug/m3 LC,66,Azusa,1,100,88101,PM2.5 - Local Conditions,143,R & P Model 2000 PM-2.5 Air Sampler w/VSCC,31080,"Los Angeles-Long Beach-Anaheim, CA",6,California,37,Los Angeles,34.1365,-117.92391
05/02/2018,AQS,1,9.6,ug/m3 LC,52,Azusa,1,100,88101,PM2.5 - Local Conditions,143,R & P Model 2000 PM-2.5 Air Sampler w/VSCC,31080,"Los Angeles-Long Beach-Anaheim, CA",6,California,37,Los Angeles,34.1365,-117.92391
05/08/2018,AQS,1,15.1,ug/m3 LC,62,Azusa,1,100,88101,PM2.5 - Local Conditions,143,R & P Model 2000 PM-2.5 Air Sampler w/VSCC,31080,"Los Angeles-Long Beach-Anaheim, CA",6,California,37,Los Angeles,34.1365,-117.92391
05/14/2018,AQS,1,9.2,ug/m3 LC,51,Azusa,1,100,88101,PM2.5 - Local Conditions,143,R & P Model 2000 PM-2.5 Air Sampler w/VSCC,31080,"Los Angeles-Long Beach-Anaheim, CA",6,California,37,Los Angeles,34.1365,-117.92391
05/20/2018,AQS,1,9.6,ug/m3 LC,52,Azusa,1,100,88101,PM2.5 - Local Conditions,143,R & P Model 2000 PM-2.5 Air Sampler w/VSCC,31080,"Los Angeles-Long Beach-Anaheim, CA",6,California,37,Los Angeles,34.1365,-117.92391
05/26/2018,AQS,1,4.8,ug/m3 LC,27,Azusa,1,100,88101,PM2.5 - Local Conditions,143,R & P Model 2000 PM-2.5 Air Sampler w/VSCC,31080,"Los Angeles-Long Beach-Anaheim, CA",6,California,37,Los Angeles,34.1365,-117.92391
06/01/2018,AQS,1,9,ug/m3 LC,50,Azusa,1,100,88101,PM2.5 - Local Conditions,143,R & P Model 2000 PM-2.5 Air Sampler w/VSCC,31080,"Los Angeles-Long Beach-Anaheim, CA",6,California,37,Los Angeles,34.1365,-117.92391
06/07/2018,AQS,1,12.5,ug/m3 LC,57,Azusa,1,100,88101,PM2.5 - Local Conditions,143,R & P Model 2000 PM-2.5 Air Sampler w/VSCC,31080,"Los Angeles-Long Beach-Anaheim, CA",6,California,37,Los Angeles,34.1365,-117.92391
06/13/2018,AQS,1,15.1,ug/m3 LC,62,Azusa,1,100,88101,PM2.5 - Local Conditions,143,R & P Model 2000 PM-2.5 Air Sampler w/VSCC,31080,"Los Angeles-Long Beach-Anaheim, CA",6,California,37,Los Angeles,34.1365,-117.92391
06/19/2018,AQS,1,12.5,ug/m3 LC,57,Azusa,1,100,88101,PM2.5 - Local Conditions,143,R & P Model 2000 PM-2.5 Air Sampler w/VSCC,31080,"Los Angeles-Long Beach-Anaheim, CA",6,California,37,Los Angeles,34.1365,-117.92391
06/25/2018,AQS,1,10.8,ug/m3 LC,54,Azusa,1,100,88101,PM2.5 - Local Conditions,143,R & P Model 2000 PM-2.5 Air Sampler w/VSCC,31080,"Los Angeles-Long Beach-Anaheim, CA",6,California,37,Los Angeles,34.1365,-117.92391
07/01/2018,AQS,1,8.3,ug/m3 LC,46,Azusa,1,100,88101,PM2.5 - Local Conditions,143,R & P Model 2000 PM-2.5 Air Sampler w/VSCC,31080,"Los Angeles-Long Beach-Anaheim, CA",6,California,37,Los Angeles,34.1365,-117.92391
07/07/2018,AQS,1,18.6,ug/m3 LC,69,Azusa,1,100,88101,PM2.5 - Local Conditions,143,R & P Model 2000 PM-2.5 Air Sampler w/VSCC,31080,"Los Angeles-Long Beach-Anaheim, CA",6,California,37,Los Angeles,34.1365,-117.92391
07/13/2018,AQS,1,11.5,ug/m3 LC,55,Azusa,1,100,88101,PM2.5 - Local Conditions,143,R & P Model 2000 PM-2.5 Air Sampler w/VSCC,31080,"Los Angeles-Long Beach-Anaheim, CA",6,California,37,Los Angeles,34.1365,-117.92391
07/19/2018,AQS,1,12.2,ug/m3 LC,57,Azusa,1,100,88101,PM2.5 - Local Conditions,143,R & P Model 2000 PM-2.5 Air Sampler w/VSCC,31080,"Los Angeles-Long Beach-Anaheim, CA",6,California,37,Los Angeles,34.1365,-117.92391
07/25/2018,AQS,1,19.5,ug/m3 LC,70,Azusa,1,100,88101,PM2.5 - Local Conditions,143,R & P Model 2000 PM-2.5 Air Sampler w/VSCC,31080,"Los Angeles-Long Beach-Anaheim, CA",6,California,37,Los Angeles,34.1365,-117.92391
07/31/2018,AQS,1,11.7,ug/m3 LC,56,Azusa,1,100,88101,PM2.5 - Local Conditions,143,R & P Model 2000 PM-2.5 Air Sampler w/VSCC,31080,"Los Angeles-Long Beach-Anaheim, CA",6,California,37,Los Angeles,34.1365,-117.92391
08/06/2018,AQS,1,17.9,ug/m3 LC,67,Azusa,1,100,88101,PM2.5 - Local Conditions,143,R & P Model 2000 PM-2.5 Air Sampler w/VSCC,31080,"Los Angeles-Long Beach-Anaheim, CA",6,California,37,Los Angeles,34.1365,-117.92391
08/12/2018,AQS,1,9.4,ug/m3 LC,52,Azusa,1,100,88101,PM2.5 - Local Conditions,143,R & P Model 2000 PM-2.5 Air Sampler w/VSCC,31080,"Los Angeles-Long Beach-Anaheim, CA",6,California,37,Los Angeles,34.1365,-117.92391
08/18/2018,AQS,1,16,ug/m3 LC,64,Azusa,1,100,88101,PM2.5 - Local Conditions,143,R & P Model 2000 PM-2.5 Air Sampler w/VSCC,31080,"Los Angeles-Long Beach-Anaheim, CA",6,California,37,Los Angeles,34.1365,-117.92391
08/24/2018,AQS,1,24.2,ug/m3 LC,79,Azusa,1,100,88101,PM2.5 - Local Conditions,143,R & P Model 2000 PM-2.5 Air Sampler w/VSCC,31080,"Los Angeles-Long Beach-Anaheim, CA",6,California,37,Los Angeles,34.1365,-117.92391
08/30/2018,AQS,1,13.4,ug/m3 LC,59,Azusa,1,100,88101,PM2.5 - Local Conditions,143,R & P Model 2000 PM-2.5 Air Sampler w/VSCC,31080,"Los Angeles-Long Beach-Anaheim, CA",6,California,37,Los Angeles,34.1365,-117.92391
09/05/2018,AQS,1,10,ug/m3 LC,53,Azusa,1,100,88101,PM2.5 - Local Conditions,143,R & P Model 2000 PM-2.5 Air Sampler w/VSCC,31080,"Los Angeles-Long Beach-Anaheim, CA",6,California,37,Los Angeles,34.1365,-117.92391
09/11/2018,AQS,1,11.8,ug/m3 LC,56,Azusa,1,100,88101,PM2.5 - Local Conditions,143,R & P Model 2000 PM-2.5 Air Sampler w/VSCC,31080,"Los Angeles-Long Beach-Anaheim, CA",6,California,37,Los Angeles,34.1365,-117.92391
09/17/2018,AQS,1,15.2,ug/m3 LC,62,Azusa,1,100,88101,PM2.5 - Local Conditions,143,R & P Model 2000 PM-2.5 Air Sampler w/VSCC,31080,"Los Angeles-Long Beach-Anaheim, CA",6,California,37,Los Angeles,34.1365,-117.92391
09/23/2018,AQS,1,11.3,ug/m3 LC,55,Azusa,1,100,88101,PM2.5 - Local Conditions,143,R & P Model 2000 PM-2.5 Air Sampler w/VSCC,31080,"Los Angeles-Long Beach-Anaheim, CA",6,California,37,Los Angeles,34.1365,-117.92391
09/29/2018,AQS,1,10.1,ug/m3 LC,53,Azusa,1,100,88101,PM2.5 - Local Conditions,143,R & P Model 2000 PM-2.5 Air Sampler w/VSCC,31080,"Los Angeles-Long Beach-Anaheim, CA",6,California,37,Los Angeles,34.1365,-117.92391
10/05/2018,AQS,1,6.5,ug/m3 LC,36,Azusa,1,100,88101,PM2.5 - Local Conditions,143,R & P Model 2000 PM-2.5 Air Sampler w/VSCC,31080,"Los Angeles-Long Beach-Anaheim, CA",6,California,37,Los Angeles,34.1365,-117.92391
10/11/2018,AQS,1,7.3,ug/m3 LC,41,Azusa,1,100,88101,PM2.5 - Local Conditions,143,R & P Model 2000 PM-2.5 Air Sampler w/VSCC,31080,"Los Angeles-Long Beach-Anaheim, CA",6,California,37,Los Angeles,34.1365,-117.92391
10/17/2018,AQS,1,4.3,ug/m3 LC,24,Azusa,1,100,88101,PM2.5 - Local Conditions,143,R & P Model 2000 PM-2.5 Air Sampler w/VSCC,31080,"Los Angeles-Long Beach-Anaheim, CA",6,California,37,Los Angeles,34.1365,-117.92391
10/23/2018,AQS,1,18.3,ug/m3 LC,68,Azusa,1,100,88101,PM2.5 - Local Conditions,143,R & P Model 2000 PM-2.5 Air Sampler w/VSCC,31080,"Los Angeles-Long Beach-Anaheim, CA",6,California,37,Los Angeles,34.1365,-117.92391
10/29/2018,AQS,1,30.2,ug/m3 LC,90,Azusa,1,100,88101,PM2.5 - Local Conditions,143,R & P Model 2000 PM-2.5 Air Sampler w/VSCC,31080,"Los Angeles-Long Beach-Anaheim, CA",6,California,37,Los Angeles,34.1365,-117.92391
11/04/2018,AQS,1,12.9,ug/m3 LC,58,Azusa,1,100,88101,PM2.5 - Local Conditions,143,R & P Model 2000 PM-2.5 Air Sampler w/VSCC,31080,"Los Angeles-Long Beach-Anaheim, CA",6,California,37,Los Angeles,34.1365,-117.92391
11/10/2018,AQS,1,18.6,ug/m3 LC,69,Azusa,1,100,88101,PM2.5 - Local Conditions,143,R & P Model 2000 PM-2.5 Air Sampler w/VSCC,31080,"Los Angeles-Long Beach-Anaheim, CA",6,California,37,Los Angeles,34.1365,-117.92391
11/16/2018,AQS,1,9.6,ug/m3 LC,52,Azusa,1,100,88101,PM2.5 - Local Conditions,143,R & P Model 2000 PM-2.5 Air Sampler w/VSCC,31080,"Los Angeles-Long Beach-Anaheim, CA",6,California,37,Los Angeles,34.1365,-117.92391
11/22/2018,AQS,1,4.3,ug/m3 LC,24,Azusa,1,100,88101,PM2.5 - Local Conditions,143,R & P Model 2000 PM-2.5 Air Sampler w/VSCC,31080,"Los Angeles-Long Beach-Anaheim, CA",6,California,37,Los Angeles,34.1365,-117.92391
11/28/2018,AQS,1,6.2,ug/m3 LC,34,Azusa,1,100,88101,PM2.5 - Local Conditions,143,R & P Model 2000 PM-2.5 Air Sampler w/VSCC,31080,"Los Angeles-Long Beach-Anaheim, CA",6,California,37,Los Angeles,34.1365,-117.92391
12/04/2018,AQS,1,2.8,ug/m3 LC,16,Azusa,1,100,88101,PM2.5 - Local Conditions,143,R & P Model 2000 PM-2.5 Air Sampler w/VSCC,31080,"Los Angeles-Long Beach-Anaheim, CA",6,California,37,Los Angeles,34.1365,-117.92391
12/10/2018,AQS,1,7.7,ug/m3 LC,43,Azusa,1,100,88101,PM2.5 - Local Conditions,143,R & P Model 2000 PM-2.5 Air Sampler w/VSCC,31080,"Los Angeles-Long Beach-Anaheim, CA",6,California,37,Los Angeles,34.1365,-117.92391
12/16/2018,AQS,1,13.2,ug/m3 LC,59,Azusa,1,100,88101,PM2.5 - Local Conditions,143,R & P Model 2000 PM-2.5 Air Sampler w/VSCC,31080,"Los Angeles-Long Beach-Anaheim, CA",6,California,37,Los Angeles,34.1365,-117.92391
12/22/2018,AQS,1,25.9,ug/m3 LC,82,Azusa,1,100,88101,PM2.5 - Local Conditions,143,R & P Model 2000 PM-2.5 Air Sampler w/VSCC,31080,"Los Angeles-Long Beach-Anaheim, CA",6,California,37,Los Angeles,34.1365,-117.92391
12/28/2018,AQS,1,1.8,ug/m3 LC,10,Azusa,1,100,88101,PM2.5 - Local Conditions,143,R & P Model 2000 PM-2.5 Air Sampler w/VSCC,31080,"Los Angeles-Long Beach-Anaheim, CA",6,California,37,Los Angeles,34.1365,-117.92391
01/05/2018,AQS,21,13.2,ug/m3 LC,59,Azusa,1,100,88101,PM2.5 - Local Conditions,143,R & P Model 2000 PM-2.5 Air Sampler w/VSCC,31080,"Los Angeles-Long Beach-Anaheim, CA",6,California,37,Los Angeles,34.1365,-117.92391
01/11/2018,AQS,21,10.8,ug/m3 LC,54,Azusa,1,100,88101,PM2.5 - Local Conditions,143,R & P Model 2000 PM-2.5 Air Sampler w/VSCC,31080,"Los Angeles-Long Beach-Anaheim, CA",6,California,37,Los Angeles,34.1365,-117.92391
01/17/2018,AQS,21,8.4,ug/m3 LC,47,Azusa,1,100,88101,PM2.5 - Local Conditions,143,R & P Model 2000 PM-2.5 Air Sampler w/VSCC,31080,"Los Angeles-Long Beach-Anaheim, CA",6,California,37,Los Angeles,34.1365,-117.92391
01/23/2018,AQS,21,2.8,ug/m3 LC,16,Azusa,1,100,88101,PM2.5 - Local Conditions,143,R & P Model 2000 PM-2.5 Air Sampler w/VSCC,31080,"Los Angeles-Long Beach-Anaheim, CA",6,California,37,Los Angeles,34.1365,-117.92391
01/29/2018,AQS,21,3.1,ug/m3 LC,17,Azusa,1,100,88101,PM2.5 - Local Conditions,143,R & P Model 2000 PM-2.5 Air Sampler w/VSCC,31080,"Los Angeles-Long Beach-Anaheim, CA",6,California,37,Los Angeles,34.1365,-117.92391
02/04/2018,AQS,21,14.4,ug/m3 LC,61,Azusa,1,100,88101,PM2.5 - Local Conditions,143,R & P Model 2000 PM-2.5 Air Sampler w/VSCC,31080,"Los Angeles-Long Beach-Anaheim, CA",6,California,37,Los Angeles,34.1365,-117.92391
02/10/2018,AQS,21,16.6,ug/m3 LC,65,Azusa,1,100,88101,PM2.5 - Local Conditions,143,R & P Model 2000 PM-2.5 Air Sampler w/VSCC,31080,"Los Angeles-Long Beach-Anaheim, CA",6,California,37,Los Angeles,34.1365,-117.92391
02/17/2018,AQS,21,4.9,ug/m3 LC,27,Azusa,1,100,88101,PM2.5 - Local Conditions,143,R & P Model 2000 PM-2.5 Air Sampler w/VSCC,31080,"Los Angeles-Long Beach-Anaheim, CA",6,California,37,Los Angeles,34.1365,-117.92391
02/22/2018,AQS,21,3.9,ug/m3 LC,22,Azusa,1,100,88101,PM2.5 - Local Conditions,143,R & P Model 2000 PM-2.5 Air Sampler w/VSCC,31080,"Los Angeles-Long Beach-Anaheim, CA",6,California,37,Los Angeles,34.1365,-117.92391
02/28/2018,AQS,21,4,ug/m3 LC,22,Azusa,1,100,88101,PM2.5 - Local Conditions,143,R & P Model 2000 PM-2.5 Air Sampler w/VSCC,31080,"Los Angeles-Long Beach-Anaheim, CA",6,California,37,Los Angeles,34.1365,-117.92391
03/06/2018,AQS,21,2.6,ug/m3 LC,14,Azusa,1,100,88101,PM2.5 - Local Conditions,143,R & P Model 2000 PM-2.5 Air Sampler w/VSCC,31080,"Los Angeles-Long Beach-Anaheim, CA",6,California,37,Los Angeles,34.1365,-117.92391
03/12/2018,AQS,21,10.2,ug/m3 LC,53,Azusa,1,100,88101,PM2.5 - Local Conditions,143,R & P Model 2000 PM-2.5 Air Sampler w/VSCC,31080,"Los Angeles-Long Beach-Anaheim, CA",6,California,37,Los Angeles,34.1365,-117.92391
03/18/2018,AQS,21,3.9,ug/m3 LC,22,Azusa,1,100,88101,PM2.5 - Local Conditions,143,R & P Model 2000 PM-2.5 Air Sampler w/VSCC,31080,"Los Angeles-Long Beach-Anaheim, CA",6,California,37,Los Angeles,34.1365,-117.92391
03/24/2018,AQS,21,5.1,ug/m3 LC,28,Azusa,1,100,88101,PM2.5 - Local Conditions,143,R & P Model 2000 PM-2.5 Air Sampler w/VSCC,31080,"Los Angeles-Long Beach-Anaheim, CA",6,California,37,Los Angeles,34.1365,-117.92391
03/30/2018,AQS,21,17.5,ug/m3 LC,67,Azusa,1,100,88101,PM2.5 - Local Conditions,143,R & P Model 2000 PM-2.5 Air Sampler w/VSCC,31080,"Los Angeles-Long Beach-Anaheim, CA",6,California,37,Los Angeles,34.1365,-117.92391
04/05/2018,AQS,21,27,ug/m3 LC,84,Azusa,1,100,88101,PM2.5 - Local Conditions,143,R & P Model 2000 PM-2.5 Air Sampler w/VSCC,31080,"Los Angeles-Long Beach-Anaheim, CA",6,California,37,Los Angeles,34.1365,-117.92391
04/11/2018,AQS,21,12.2,ug/m3 LC,57,Azusa,1,100,88101,PM2.5 - Local Conditions,143,R & P Model 2000 PM-2.5 Air Sampler w/VSCC,31080,"Los Angeles-Long Beach-Anaheim, CA",6,California,37,Los Angeles,34.1365,-117.92391
04/17/2018,AQS,21,4.2,ug/m3 LC,23,Azusa,1,100,88101,PM2.5 - Local Conditions,143,R & P Model 2000 PM-2.5 Air Sampler w/VSCC,31080,"Los Angeles-Long Beach-Anaheim, CA",6,California,37,Los Angeles,34.1365,-117.92391
04/23/2018,AQS,21,18.7,ug/m3 LC,69,Azusa,1,100,88101,PM2.5 - Local Conditions,143,R & P Model 2000 PM-2.5 Air Sampler w/VSCC,31080,"Los Angeles-Long Beach-Anaheim, CA",6,California,37,Los Angeles,34.1365,-117.92391
04/29/2018,AQS,21,9.7,ug/m3 LC,52,Azusa,1,100,88101,PM2.5 - Local Conditions,143,R & P Model 2000 PM-2.5 Air Sampler w/VSCC,31080,"Los Angeles-Long Beach-Anaheim, CA",6,California,37,Los Angeles,34.1365,-117.92391
05/05/2018,AQS,21,9.9,ug/m3 LC,52,Azusa,1,100,88101,PM2.5 - Local Conditions,143,R & P Model 2000 PM-2.5 Air Sampler w/VSCC,31080,"Los Angeles-Long Beach-Anaheim, CA",6,California,37,Los Angeles,34.1365,-117.92391
05/11/2018,AQS,21,9.5,ug/m3 LC,52,Azusa,1,100,88101,PM2.5 - Local Conditions,143,R & P Model 2000 PM-2.5 Air Sampler w/VSCC,31080,"Los Angeles-Long Beach-Anaheim, CA",6,California,37,Los Angeles,34.1365,-117.92391
05/17/2018,AQS,21,6.5,ug/m3 LC,36,Azusa,1,100,88101,PM2.5 - Local Conditions,143,R & P Model 2000 PM-2.5 Air Sampler w/VSCC,31080,"Los Angeles-Long Beach-Anaheim, CA",6,California,37,Los Angeles,34.1365,-117.92391
05/23/2018,AQS,21,9.5,ug/m3 LC,52,Azusa,1,100,88101,PM2.5 - Local Conditions,143,R & P Model 2000 PM-2.5 Air Sampler w/VSCC,31080,"Los Angeles-Long Beach-Anaheim, CA",6,California,37,Los Angeles,34.1365,-117.92391
05/29/2018,AQS,21,13.7,ug/m3 LC,60,Azusa,1,100,88101,PM2.5 - Local Conditions,143,R & P Model 2000 PM-2.5 Air Sampler w/VSCC,31080,"Los Angeles-Long Beach-Anaheim, CA",6,California,37,Los Angeles,34.1365,-117.92391
06/04/2018,AQS,21,15.2,ug/m3 LC,62,Azusa,1,100,88101,PM2.5 - Local Conditions,143,R & P Model 2000 PM-2.5 Air Sampler w/VSCC,31080,"Los Angeles-Long Beach-Anaheim, CA",6,California,37,Los Angeles,34.1365,-117.92391
06/10/2018,AQS,21,14.4,ug/m3 LC,61,Azusa,1,100,88101,PM2.5 - Local Conditions,143,R & P Model 2000 PM-2.5 Air Sampler w/VSCC,31080,"Los Angeles-Long Beach-Anaheim, CA",6,California,37,Los Angeles,34.1365,-117.92391
06/16/2018,AQS,21,9,ug/m3 LC,50,Azusa,1,100,88101,PM2.5 - Local Conditions,143,R & P Model 2000 PM-2.5 Air Sampler w/VSCC,31080,"Los Angeles-Long Beach-Anaheim, CA",6,California,37,Los Angeles,34.1365,-117.92391
06/23/2018,AQS,21,11.1,ug/m3 LC,55,Azusa,1,100,88101,PM2.5 - Local Conditions,143,R & P Model 2000 PM-2.5 Air Sampler w/VSCC,31080,"Los Angeles-Long Beach-Anaheim, CA",6,California,37,Los Angeles,34.1365,-117.92391
06/28/2018,AQS,21,12.2,ug/m3 LC,57,Azusa,1,100,88101,PM2.5 - Local Conditions,143,R & P Model 2000 PM-2.5 Air Sampler w/VSCC,31080,"Los Angeles-Long Beach-Anaheim, CA",6,California,37,Los Angeles,34.1365,-117.92391
07/04/2018,AQS,21,35,ug/m3 LC,99,Azusa,1,100,88101,PM2.5 - Local Conditions,143,R & P Model 2000 PM-2.5 Air Sampler w/VSCC,31080,"Los Angeles-Long Beach-Anaheim, CA",6,California,37,Los Angeles,34.1365,-117.92391
07/10/2018,AQS,21,16.2,ug/m3 LC,64,Azusa,1,100,88101,PM2.5 - Local Conditions,143,R & P Model 2000 PM-2.5 Air Sampler w/VSCC,31080,"Los Angeles-Long Beach-Anaheim, CA",6,California,37,Los Angeles,34.1365,-117.92391
07/16/2018,AQS,21,12.1,ug/m3 LC,57,Azusa,1,100,88101,PM2.5 - Local Conditions,143,R & P Model 2000 PM-2.5 Air Sampler w/VSCC,31080,"Los Angeles-Long Beach-Anaheim, CA",6,California,37,Los Angeles,34.1365,-117.92391
07/22/2018,AQS,21,6.7,ug/m3 LC,37,Azusa,1,100,88101,PM2.5 - Local Conditions,143,R & P Model 2000 PM-2.5 Air Sampler w/VSCC,31080,"Los Angeles-Long Beach-Anaheim, CA",6,California,37,Los Angeles,34.1365,-117.92391
07/28/2018,AQS,21,11.6,ug/m3 LC,56,Azusa,1,100,88101,PM2.5 - Local Conditions,143,R & P Model 2000 PM-2.5 Air Sampler w/VSCC,31080,"Los Angeles-Long Beach-Anaheim, CA",6,California,37,Los Angeles,34.1365,-117.92391
08/03/2018,AQS,21,15,ug/m3 LC,62,Azusa,1,100,88101,PM2.5 - Local Conditions,143,R & P Model 2000 PM-2.5 Air Sampler w/VSCC,31080,"Los Angeles-Long Beach-Anaheim, CA",6,California,37,Los Angeles,34.1365,-117.92391
08/09/2018,AQS,21,16,ug/m3 LC,64,Azusa,1,100,88101,PM2.5 - Local Conditions,143,R & P Model 2000 PM-2.5 Air Sampler w/VSCC,31080,"Los Angeles-Long Beach-Anaheim, CA",6,California,37,Los Angeles,34.1365,-117.92391
08/15/2018,AQS,21,10.9,ug/m3 LC,54,Azusa,1,100,88101,PM2.5 - Local Conditions,143,R & P Model 2000 PM-2.5 Air Sampler w/VSCC,31080,"Los Angeles-Long Beach-Anaheim, CA",6,California,37,Los Angeles,34.1365,-117.92391
08/21/2018,AQS,21,19,ug/m3 LC,69,Azusa,1,100,88101,PM2.5 - Local Conditions,143,R & P Model 2000 PM-2.5 Air Sampler w/VSCC,31080,"Los Angeles-Long Beach-Anaheim, CA",6,California,37,Los Angeles,34.1365,-117.92391
08/27/2018,AQS,21,1.6,ug/m3 LC,9,Azusa,1,100,88101,PM2.5 - Local Conditions,143,R & P Model 2000 PM-2.5 Air Sampler w/VSCC,31080,"Los Angeles-Long Beach-Anaheim, CA",6,California,37,Los Angeles,34.1365,-117.92391
09/02/2018,AQS,21,12.5,ug/m3 LC,57,Azusa,1,100,88101,PM2.5 - Local Conditions,143,R & P Model 2000 PM-2.5 Air Sampler w/VSCC,31080,"Los Angeles-Long Beach-Anaheim, CA",6,California,37,Los Angeles,34.1365,-117.92391
09/08/2018,AQS,21,18.5,ug/m3 LC,69,Azusa,1,100,88101,PM2.5 - Local Conditions,143,R & P Model 2000 PM-2.5 Air Sampler w/VSCC,31080,"Los Angeles-Long Beach-Anaheim, CA",6,California,37,Los Angeles,34.1365,-117.92391
09/14/2018,AQS,21,11.7,ug/m3 LC,56,Azusa,1,100,88101,PM2.5 - Local Conditions,143,R & P Model 2000 PM-2.5 Air Sampler w/VSCC,31080,"Los Angeles-Long Beach-Anaheim, CA",6,California,37,Los Angeles,34.1365,-117.92391
09/20/2018,AQS,21,19.4,ug/m3 LC,70,Azusa,1,100,88101,PM2.5 - Local Conditions,143,R & P Model 2000 PM-2.5 Air Sampler w/VSCC,31080,"Los Angeles-Long Beach-Anaheim, CA",6,California,37,Los Angeles,34.1365,-117.92391
09/26/2018,AQS,21,17.5,ug/m3 LC,67,Azusa,1,100,88101,PM2.5 - Local Conditions,143,R & P Model 2000 PM-2.5 Air Sampler w/VSCC,31080,"Los Angeles-Long Beach-Anaheim, CA",6,California,37,Los Angeles,34.1365,-117.92391
10/02/2018,AQS,21,9.5,ug/m3 LC,52,Azusa,1,100,88101,PM2.5 - Local Conditions,143,R & P Model 2000 PM-2.5 Air Sampler w/VSCC,31080,"Los Angeles-Long Beach-Anaheim, CA",6,California,37,Los Angeles,34.1365,-117.92391
10/08/2018,AQS,21,10.8,ug/m3 LC,54,Azusa,1,100,88101,PM2.5 - Local Conditions,143,R & P Model 2000 PM-2.5 Air Sampler w/VSCC,31080,"Los Angeles-Long Beach-Anaheim, CA",6,California,37,Los Angeles,34.1365,-117.92391
10/14/2018,AQS,21,9.3,ug/m3 LC,51,Azusa,1,100,88101,PM2.5 - Local Conditions,143,R & P Model 2000 PM-2.5 Air Sampler w/VSCC,31080,"Los Angeles-Long Beach-Anaheim, CA",6,California,37,Los Angeles,34.1365,-117.92391
10/20/2018,AQS,21,3.5,ug/m3 LC,19,Azusa,1,100,88101,PM2.5 - Local Conditions,143,R & P Model 2000 PM-2.5 Air Sampler w/VSCC,31080,"Los Angeles-Long Beach-Anaheim, CA",6,California,37,Los Angeles,34.1365,-117.92391
10/26/2018,AQS,21,15.9,ug/m3 LC,64,Azusa,1,100,88101,PM2.5 - Local Conditions,143,R & P Model 2000 PM-2.5 Air Sampler w/VSCC,31080,"Los Angeles-Long Beach-Anaheim, CA",6,California,37,Los Angeles,34.1365,-117.92391
11/01/2018,AQS,21,7.3,ug/m3 LC,41,Azusa,1,100,88101,PM2.5 - Local Conditions,143,R & P Model 2000 PM-2.5 Air Sampler w/VSCC,31080,"Los Angeles-Long Beach-Anaheim, CA",6,California,37,Los Angeles,34.1365,-117.92391
11/07/2018,AQS,21,13,ug/m3 LC,58,Azusa,1,100,88101,PM2.5 - Local Conditions,143,R & P Model 2000 PM-2.5 Air Sampler w/VSCC,31080,"Los Angeles-Long Beach-Anaheim, CA",6,California,37,Los Angeles,34.1365,-117.92391
11/13/2018,AQS,21,4.2,ug/m3 LC,23,Azusa,1,100,88101,PM2.5 - Local Conditions,143,R & P Model 2000 PM-2.5 Air Sampler w/VSCC,31080,"Los Angeles-Long Beach-Anaheim, CA",6,California,37,Los Angeles,34.1365,-117.92391
11/19/2018,AQS,21,13.7,ug/m3 LC,60,Azusa,1,100,88101,PM2.5 - Local Conditions,143,R & P Model 2000 PM-2.5 Air Sampler w/VSCC,31080,"Los Angeles-Long Beach-Anaheim, CA",6,California,37,Los Angeles,34.1365,-117.92391
11/28/2018,AQS,21,6.3,ug/m3 LC,35,Azusa,1,100,88101,PM2.5 - Local Conditions,143,R & P Model 2000 PM-2.5 Air Sampler w/VSCC,31080,"Los Angeles-Long Beach-Anaheim, CA",6,California,37,Los Angeles,34.1365,-117.92391
12/01/2018,AQS,21,5,ug/m3 LC,28,Azusa,1,100,88101,PM2.5 - Local Conditions,143,R & P Model 2000 PM-2.5 Air Sampler w/VSCC,31080,"Los Angeles-Long Beach-Anaheim, CA",6,California,37,Los Angeles,34.1365,-117.92391
12/07/2018,AQS,21,4.7,ug/m3 LC,26,Azusa,1,100,88101,PM2.5 - Local Conditions,143,R & P Model 2000 PM-2.5 Air Sampler w/VSCC,31080,"Los Angeles-Long Beach-Anaheim, CA",6,California,37,Los Angeles,34.1365,-117.92391
12/15/2018,AQS,21,5.2,ug/m3 LC,29,Azusa,1,100,88101,PM2.5 - Local Conditions,143,R & P Model 2000 PM-2.5 Air Sampler w/VSCC,31080,"Los Angeles-Long Beach-Anaheim, CA",6,California,37,Los Angeles,34.1365,-117.92391
12/19/2018,AQS,21,5.9,ug/m3 LC,33,Azusa,1,100,88101,PM2.5 - Local Conditions,143,R & P Model 2000 PM-2.5 Air Sampler w/VSCC,31080,"Los Angeles-Long Beach-Anaheim, CA",6,California,37,Los Angeles,34.1365,-117.92391
12/25/2018,AQS,21,6.5,ug/m3 LC,36,Azusa,1,100,88101,PM2.5 - Local Conditions,143,R & P Model 2000 PM-2.5 Air Sampler w/VSCC,31080,"Los Angeles-Long Beach-Anaheim, CA",6,California,37,Los Angeles,34.1365,-117.92391
12/31/2018,AQS,21,5.1,ug/m3 LC,28,Azusa,1,100,88101,PM2.5 - Local Conditions,143,R & P Model 2000 PM-2.5 Air Sampler w/VSCC,31080,"Los Angeles-Long Beach-Anaheim, CA",6,California,37,Los Angeles,34.1365,-117.92391
01/03/2019,AQS,1,3,ug/m3 LC,17,Azusa,1,100,88101,PM2.5 - Local Conditions,143,R & P Model 2000 PM-2.5 Air Sampler w/VSCC,31080,"Los Angeles-Long Beach-Anaheim, CA",6,California,37,Los Angeles,34.1365,-117.92391
01/09/2019,AQS,1,9.5,ug/m3 LC,52,Azusa,1,100,88101,PM2.5 - Local Conditions,143,R & P Model 2000 PM-2.5 Air Sampler w/VSCC,31080,"Los Angeles-Long Beach-Anaheim, CA",6,California,37,Los Angeles,34.1365,-117.92391
01/15/2019,AQS,1,1.4,ug/m3 LC,8,Azusa,1,100,88101,PM2.5 - Local Conditions,143,R & P Model 2000 PM-2.5 Air Sampler w/VSCC,31080,"Los Angeles-Long Beach-Anaheim, CA",6,California,37,Los Angeles,34.1365,-117.92391
01/21/2019,AQS,1,2.6,ug/m3 LC,14,Azusa,1,100,88101,PM2.5 - Local Conditions,143,R & P Model 2000 PM-2.5 Air Sampler w/VSCC,31080,"Los Angeles-Long Beach-Anaheim, CA",6,California,37,Los Angeles,34.1365,-117.92391
01/27/2019,AQS,1,3,ug/m3 LC,17,Azusa,1,100,88101,PM2.5 - Local Conditions,143,R & P Model 2000 PM-2.5 Air Sampler w/VSCC,31080,"Los Angeles-Long Beach-Anaheim, CA",6,California,37,Los Angeles,34.1365,-117.92391
02/02/2019,AQS,1,3.3,ug/m3 LC,18,Azusa,1,100,88101,PM2.5 - Local Conditions,143,R & P Model 2000 PM-2.5 Air Sampler w/VSCC,31080,"Los Angeles-Long Beach-Anaheim, CA",6,California,37,Los Angeles,34.1365,-117.92391
02/08/2019,AQS,1,4.5,ug/m3 LC,25,Azusa,1,100,88101,PM2.5 - Local Conditions,143,R & P Model 2000 PM-2.5 Air Sampler w/VSCC,31080,"Los Angeles-Long Beach-Anaheim, CA",6,California,37,Los Angeles,34.1365,-117.92391
02/14/2019,AQS,1,2.6,ug/m3 LC,14,Azusa,1,100,88101,PM2.5 - Local Conditions,143,R & P Model 2000 PM-2.5 Air Sampler w/VSCC,31080,"Los Angeles-Long Beach-Anaheim, CA",6,California,37,Los Angeles,34.1365,-117.92391
02/20/2019,AQS,1,4.7,ug/m3 LC,26,Azusa,1,100,88101,PM2.5 - Local Conditions,143,R & P Model 2000 PM-2.5 Air Sampler w/VSCC,31080,"Los Angeles-Long Beach-Anaheim, CA",6,California,37,Los Angeles,34.1365,-117.92391
02/26/2019,AQS,1,14.1,ug/m3 LC,60,Azusa,1,100,88101,PM2.5 - Local Conditions,143,R & P Model 2000 PM-2.5 Air Sampler w/VSCC,31080,"Los Angeles-Long Beach-Anaheim, CA",6,California,37,Los Angeles,34.1365,-117.92391
03/04/2019,AQS,1,4,ug/m3 LC,22,Azusa,1,100,88101,PM2.5 - Local Conditions,143,R & P Model 2000 PM-2.5 Air Sampler w/VSCC,31080,"Los Angeles-Long Beach-Anaheim, CA",6,California,37,Los Angeles,34.1365,-117.92391
03/10/2019,AQS,1,3.4,ug/m3 LC,19,Azusa,1,100,88101,PM2.5 - Local Conditions,143,R & P Model 2000 PM-2.5 Air Sampler w/VSCC,31080,"Los Angeles-Long Beach-Anaheim, CA",6,California,37,Los Angeles,34.1365,-117.92391
03/16/2019,AQS,1,4.3,ug/m3 LC,24,Azusa,1,100,88101,PM2.5 - Local Conditions,143,R & P Model 2000 PM-2.5 Air Sampler w/VSCC,31080,"Los Angeles-Long Beach-Anaheim, CA",6,California,37,Los Angeles,34.1365,-117.92391
03/22/2019,AQS,1,5.1,ug/m3 LC,28,Azusa,1,100,88101,PM2.5 - Local Conditions,143,R & P Model 2000 PM-2.5 Air Sampler w/VSCC,31080,"Los Angeles-Long Beach-Anaheim, CA",6,California,37,Los Angeles,34.1365,-117.92391
03/28/2019,AQS,1,4.3,ug/m3 LC,24,Azusa,1,100,88101,PM2.5 - Local Conditions,143,R & P Model 2000 PM-2.5 Air Sampler w/VSCC,31080,"Los Angeles-Long Beach-Anaheim, CA",6,California,37,Los Angeles,34.1365,-117.92391
04/03/2019,AQS,1,5.1,ug/m3 LC,28,Azusa,1,100,88101,PM2.5 - Local Conditions,143,R & P Model 2000 PM-2.5 Air Sampler w/VSCC,31080,"Los Angeles-Long Beach-Anaheim, CA",6,California,37,Los Angeles,34.1365,-117.92391
04/09/2019,AQS,1,10,ug/m3 LC,53,Azusa,1,100,88101,PM2.5 - Local Conditions,143,R & P Model 2000 PM-2.5 Air Sampler w/VSCC,31080,"Los Angeles-Long Beach-Anaheim, CA",6,California,37,Los Angeles,34.1365,-117.92391
04/15/2019,AQS,1,11.4,ug/m3 LC,55,Azusa,1,100,88101,PM2.5 - Local Conditions,143,R & P Model 2000 PM-2.5 Air Sampler w/VSCC,31080,"Los Angeles-Long Beach-Anaheim, CA",6,California,37,Los Angeles,34.1365,-117.92391
04/21/2019,AQS,1,6.6,ug/m3 LC,37,Azusa,1,100,88101,PM2.5 - Local Conditions,143,R & P Model 2000 PM-2.5 Air Sampler w/VSCC,31080,"Los Angeles-Long Beach-Anaheim, CA",6,California,37,Los Angeles,34.1365,-117.92391
04/27/2019,AQS,1,20.4,ug/m3 LC,72,Azusa,1,100,88101,PM2.5 - Local Conditions,143,R & P Model 2000 PM-2.5 Air Sampler w/VSCC,31080,"Los Angeles-Long Beach-Anaheim, CA",6,California,37,Los Angeles,34.1365,-117.92391
05/03/2019,AQS,1,16.2,ug/m3 LC,64,Azusa,1,100,88101,PM2.5 - Local Conditions,143,R & P Model 2000 PM-2.5 Air Sampler w/VSCC,31080,"Los Angeles-Long Beach-Anaheim, CA",6,California,37,Los Angeles,34.1365,-117.92391
05/09/2019,AQS,1,6.9,ug/m3 LC,38,Azusa,1,100,88101,PM2.5 - Local Conditions,143,R & P Model 2000 PM-2.5 Air Sampler w/VSCC,31080,"Los Angeles-Long Beach-Anaheim, CA",6,California,37,Los Angeles,34.1365,-117.92391
05/15/2019,AQS,1,13.1,ug/m3 LC,58,Azusa,1,100,88101,PM2.5 - Local Conditions,143,R & P Model 2000 PM-2.5 Air Sampler w/VSCC,31080,"Los Angeles-Long Beach-Anaheim, CA",6,California,37,Los Angeles,34.1365,-117.92391
05/21/2019,AQS,1,6.4,ug/m3 LC,36,Azusa,1,100,88101,PM2.5 - Local Conditions,143,R & P Model 2000 PM-2.5 Air Sampler w/VSCC,31080,"Los Angeles-Long Beach-Anaheim, CA",6,California,37,Los Angeles,34.1365,-117.92391
05/27/2019,AQS,1,5.1,ug/m3 LC,28,Azusa,1,100,88101,PM2.5 - Local Conditions,143,R & P Model 2000 PM-2.5 Air Sampler w/VSCC,31080,"Los Angeles-Long Beach-Anaheim, CA",6,California,37,Los Angeles,34.1365,-117.92391
06/02/2019,AQS,1,7.7,ug/m3 LC,43,Azusa,1,100,88101,PM2.5 - Local Conditions,143,R & P Model 2000 PM-2.5 Air Sampler w/VSCC,31080,"Los Angeles-Long Beach-Anaheim, CA",6,California,37,Los Angeles,34.1365,-117.92391
06/08/2019,AQS,1,9.5,ug/m3 LC,52,Azusa,1,100,88101,PM2.5 - Local Conditions,143,R & P Model 2000 PM-2.5 Air Sampler w/VSCC,31080,"Los Angeles-Long Beach-Anaheim, CA",6,California,37,Los Angeles,34.1365,-117.92391
06/14/2019,AQS,1,12,ug/m3 LC,56,Azusa,1,100,88101,PM2.5 - Local Conditions,143,R & P Model 2000 PM-2.5 Air Sampler w/VSCC,31080,"Los Angeles-Long Beach-Anaheim, CA",6,California,37,Los Angeles,34.1365,-117.92391
06/20/2019,AQS,1,7.7,ug/m3 LC,43,Azusa,1,100,88101,PM2.5 - Local Conditions,143,R & P Model 2000 PM-2.5 Air Sampler w/VSCC,31080,"Los Angeles-Long Beach-Anaheim, CA",6,California,37,Los Angeles,34.1365,-117.92391
06/26/2019,AQS,1,7.9,ug/m3 LC,44,Azusa,1,100,88101,PM2.5 - Local Conditions,143,R & P Model 2000 PM-2.5 Air Sampler w/VSCC,31080,"Los Angeles-Long Beach-Anaheim, CA",6,California,37,Los Angeles,34.1365,-117.92391
07/02/2019,AQS,1,14.8,ug/m3 LC,62,Azusa,1,100,88101,PM2.5 - Local Conditions,143,R & P Model 2000 PM-2.5 Air Sampler w/VSCC,31080,"Los Angeles-Long Beach-Anaheim, CA",6,California,37,Los Angeles,34.1365,-117.92391
07/08/2019,AQS,1,11.5,ug/m3 LC,55,Azusa,1,100,88101,PM2.5 - Local Conditions,143,R & P Model 2000 PM-2.5 Air Sampler w/VSCC,31080,"Los Angeles-Long Beach-Anaheim, CA",6,California,37,Los Angeles,34.1365,-117.92391
07/14/2019,AQS,1,16.9,ug/m3 LC,66,Azusa,1,100,88101,PM2.5 - Local Conditions,143,R & P Model 2000 PM-2.5 Air Sampler w/VSCC,31080,"Los Angeles-Long Beach-Anaheim, CA",6,California,37,Los Angeles,34.1365,-117.92391
07/20/2019,AQS,1,9,ug/m3 LC,50,Azusa,1,100,88101,PM2.5 - Local Conditions,143,R & P Model 2000 PM-2.5 Air Sampler w/VSCC,31080,"Los Angeles-Long Beach-Anaheim, CA",6,California,37,Los Angeles,34.1365,-117.92391
07/26/2019,AQS,1,15.8,ug/m3 LC,63,Azusa,1,100,88101,PM2.5 - Local Conditions,143,R & P Model 2000 PM-2.5 Air Sampler w/VSCC,31080,"Los Angeles-Long Beach-Anaheim, CA",6,California,37,Los Angeles,34.1365,-117.92391
08/01/2019,AQS,1,13.6,ug/m3 LC,59,Azusa,1,100,88101,PM2.5 - Local Conditions,143,R & P Model 2000 PM-2.5 Air Sampler w/VSCC,31080,"Los Angeles-Long Beach-Anaheim, CA",6,California,37,Los Angeles,34.1365,-117.92391
08/07/2019,AQS,1,14.1,ug/m3 LC,60,Azusa,1,100,88101,PM2.5 - Local Conditions,143,R & P Model 2000 PM-2.5 Air Sampler w/VSCC,31080,"Los Angeles-Long Beach-Anaheim, CA",6,California,37,Los Angeles,34.1365,-117.92391
08/13/2019,AQS,1,13.9,ug/m3 LC,60,Azusa,1,100,88101,PM2.5 - Local Conditions,143,R & P Model 2000 PM-2.5 Air Sampler w/VSCC,31080,"Los Angeles-Long Beach-Anaheim, CA",6,California,37,Los Angeles,34.1365,-117.92391
08/19/2019,AQS,1,10.8,ug/m3 LC,54,Azusa,1,100,88101,PM2.5 - Local Conditions,143,R & P Model 2000 PM-2.5 Air Sampler w/VSCC,31080,"Los Angeles-Long Beach-Anaheim, CA",6,California,37,Los Angeles,34.1365,-117.92391
08/25/2019,AQS,1,9.6,ug/m3 LC,52,Azusa,1,100,88101,PM2.5 - Local Conditions,143,R & P Model 2000 PM-2.5 Air Sampler w/VSCC,31080,"Los Angeles-Long Beach-Anaheim, CA",6,California,37,Los Angeles,34.1365,-117.92391
08/31/2019,AQS,1,12.8,ug/m3 LC,58,Azusa,1,100,88101,PM2.5 - Local Conditions,143,R & P Model 2000 PM-2.5 Air Sampler w/VSCC,31080,"Los Angeles-Long Beach-Anaheim, CA",6,California,37,Los Angeles,34.1365,-117.92391
09/06/2019,AQS,1,11.3,ug/m3 LC,55,Azusa,1,100,88101,PM2.5 - Local Conditions,143,R & P Model 2000 PM-2.5 Air Sampler w/VSCC,31080,"Los Angeles-Long Beach-Anaheim, CA",6,California,37,Los Angeles,34.1365,-117.92391
09/12/2019,AQS,1,13,ug/m3 LC,58,Azusa,1,100,88101,PM2.5 - Local Conditions,143,R & P Model 2000 PM-2.5 Air Sampler w/VSCC,31080,"Los Angeles-Long Beach-Anaheim, CA",6,California,37,Los Angeles,34.1365,-117.92391
09/18/2019,AQS,1,9.6,ug/m3 LC,52,Azusa,1,100,88101,PM2.5 - Local Conditions,143,R & P Model 2000 PM-2.5 Air Sampler w/VSCC,31080,"Los Angeles-Long Beach-Anaheim, CA",6,California,37,Los Angeles,34.1365,-117.92391
09/24/2019,AQS,1,11.8,ug/m3 LC,56,Azusa,1,100,88101,PM2.5 - Local Conditions,143,R & P Model 2000 PM-2.5 Air Sampler w/VSCC,31080,"Los Angeles-Long Beach-Anaheim, CA",6,California,37,Los Angeles,34.1365,-117.92391
09/30/2019,AQS,1,7.2,ug/m3 LC,40,Azusa,1,100,88101,PM2.5 - Local Conditions,143,R & P Model 2000 PM-2.5 Air Sampler w/VSCC,31080,"Los Angeles-Long Beach-Anaheim, CA",6,California,37,Los Angeles,34.1365,-117.92391
10/06/2019,AQS,1,12.7,ug/m3 LC,58,Azusa,1,100,88101,PM2.5 - Local Conditions,143,R & P Model 2000 PM-2.5 Air Sampler w/VSCC,31080,"Los Angeles-Long Beach-Anaheim, CA",6,California,37,Los Angeles,34.1365,-117.92391
10/12/2019,AQS,1,11.5,ug/m3 LC,55,Azusa,1,100,88101,PM2.5 - Local Conditions,143,R & P Model 2000 PM-2.5 Air Sampler w/VSCC,31080,"Los Angeles-Long Beach-Anaheim, CA",6,California,37,Los Angeles,34.1365,-117.92391
10/18/2019,AQS,1,9.6,ug/m3 LC,52,Azusa,1,100,88101,PM2.5 - Local Conditions,143,R & P Model 2000 PM-2.5 Air Sampler w/VSCC,31080,"Los Angeles-Long Beach-Anaheim, CA",6,California,37,Los Angeles,34.1365,-117.92391
10/24/2019,AQS,1,7.5,ug/m3 LC,42,Azusa,1,100,88101,PM2.5 - Local Conditions,143,R & P Model 2000 PM-2.5 Air Sampler w/VSCC,31080,"Los Angeles-Long Beach-Anaheim, CA",6,California,37,Los Angeles,34.1365,-117.92391
10/30/2019,AQS,1,7.3,ug/m3 LC,41,Azusa,1,100,88101,PM2.5 - Local Conditions,143,R & P Model 2000 PM-2.5 Air Sampler w/VSCC,31080,"Los Angeles-Long Beach-Anaheim, CA",6,California,37,Los Angeles,34.1365,-117.92391
11/05/2019,AQS,1,17.4,ug/m3 LC,66,Azusa,1,100,88101,PM2.5 - Local Conditions,143,R & P Model 2000 PM-2.5 Air Sampler w/VSCC,31080,"Los Angeles-Long Beach-Anaheim, CA",6,California,37,Los Angeles,34.1365,-117.92391
11/11/2019,AQS,1,22.8,ug/m3 LC,77,Azusa,1,100,88101,PM2.5 - Local Conditions,143,R & P Model 2000 PM-2.5 Air Sampler w/VSCC,31080,"Los Angeles-Long Beach-Anaheim, CA",6,California,37,Los Angeles,34.1365,-117.92391
11/17/2019,AQS,1,3.8,ug/m3 LC,21,Azusa,1,100,88101,PM2.5 - Local Conditions,143,R & P Model 2000 PM-2.5 Air Sampler w/VSCC,31080,"Los Angeles-Long Beach-Anaheim, CA",6,California,37,Los Angeles,34.1365,-117.92391
11/23/2019,AQS,1,3.6,ug/m3 LC,20,Azusa,1,100,88101,PM2.5 - Local Conditions,143,R & P Model 2000 PM-2.5 Air Sampler w/VSCC,31080,"Los Angeles-Long Beach-Anaheim, CA",6,California,37,Los Angeles,34.1365,-117.92391
11/29/2019,AQS,1,2.1,ug/m3 LC,12,Azusa,1,100,88101,PM2.5 - Local Conditions,143,R & P Model 2000 PM-2.5 Air Sampler w/VSCC,31080,"Los Angeles-Long Beach-Anaheim, CA",6,California,37,Los Angeles,34.1365,-117.92391
12/05/2019,AQS,1,3.4,ug/m3 LC,19,Azusa,1,100,88101,PM2.5 - Local Conditions,143,R & P Model 2000 PM-2.5 Air Sampler w/VSCC,31080,"Los Angeles-Long Beach-Anaheim, CA",6,California,37,Los Angeles,34.1365,-117.92391
12/11/2019,AQS,1,7.1,ug/m3 LC,39,Azusa,1,100,88101,PM2.5 - Local Conditions,143,R & P Model 2000 PM-2.5 Air Sampler w/VSCC,31080,"Los Angeles-Long Beach-Anaheim, CA",6,California,37,Los Angeles,34.1365,-117.92391
12/17/2019,AQS,1,2.6,ug/m3 LC,14,Azusa,1,100,88101,PM2.5 - Local Conditions,143,R & P Model 2000 PM-2.5 Air Sampler w/VSCC,31080,"Los Angeles-Long Beach-Anaheim, CA",6,California,37,Los Angeles,34.1365,-117.92391
12/23/2019,AQS,1,2,ug/m3 LC,11,Azusa,1,100,88101,PM2.5 - Local Conditions,143,R & P Model 2000 PM-2.5 Air Sampler w/VSCC,31080,"Los Angeles-Long Beach-Anaheim, CA",6,California,37,Los Angeles,34.1365,-117.92391
12/29/2019,AQS,1,6,ug/m3 LC,33,Azusa,1,100,88101,PM2.5 - Local Conditions,143,R & P Model 2000 PM-2.5 Air Sampler w/VSCC,31080,"Los Angeles-Long Beach-Anaheim, CA",6,California,37,Los Angeles,34.1365,-117.92391
01/06/2019,AQS,21,4.1,ug/m3 LC,23,Azusa,1,100,88101,PM2.5 - Local Conditions,143,R & P Model 2000 PM-2.5 Air Sampler w/VSCC,31080,"Los Angeles-Long Beach-Anaheim, CA",6,California,37,Los Angeles,34.1365,-117.92391
01/12/2019,AQS,21,3.9,ug/m3 LC,22,Azusa,1,100,88101,PM2.5 - Local Conditions,143,R & P Model 2000 PM-2.5 Air Sampler w/VSCC,31080,"Los Angeles-Long Beach-Anaheim, CA",6,California,37,Los Angeles,34.1365,-117.92391
01/18/2019,AQS,21,8.3,ug/m3 LC,46,Azusa,1,100,88101,PM2.5 - Local Conditions,143,R & P Model 2000 PM-2.5 Air Sampler w/VSCC,31080,"Los Angeles-Long Beach-Anaheim, CA",6,California,37,Los Angeles,34.1365,-117.92391
01/24/2019,AQS,21,3,ug/m3 LC,17,Azusa,1,100,88101,PM2.5 - Local Conditions,143,R & P Model 2000 PM-2.5 Air Sampler w/VSCC,31080,"Los Angeles-Long Beach-Anaheim, CA",6,California,37,Los Angeles,34.1365,-117.92391
01/30/2019,AQS,21,21.5,ug/m3 LC,74,Azusa,1,100,88101,PM2.5 - Local Conditions,143,R & P Model 2000 PM-2.5 Air Sampler w/VSCC,31080,"Los Angeles-Long Beach-Anaheim, CA",6,California,37,Los Angeles,34.1365,-117.92391
02/05/2019,AQS,21,2.8,ug/m3 LC,16,Azusa,1,100,88101,PM2.5 - Local Conditions,143,R & P Model 2000 PM-2.5 Air Sampler w/VSCC,31080,"Los Angeles-Long Beach-Anaheim, CA",6,California,37,Los Angeles,34.1365,-117.92391
02/11/2019,AQS,21,2.4,ug/m3 LC,13,Azusa,1,100,88101,PM2.5 - Local Conditions,143,R & P Model 2000 PM-2.5 Air Sampler w/VSCC,31080,"Los Angeles-Long Beach-Anaheim, CA",6,California,37,Los Angeles,34.1365,-117.92391
02/17/2019,AQS,21,3,ug/m3 LC,17,Azusa,1,100,88101,PM2.5 - Local Conditions,143,R & P Model 2000 PM-2.5 Air Sampler w/VSCC,31080,"Los Angeles-Long Beach-Anaheim, CA",6,California,37,Los Angeles,34.1365,-117.92391
02/23/2019,AQS,21,3.7,ug/m3 LC,21,Azusa,1,100,88101,PM2.5 - Local Conditions,143,R & P Model 2000 PM-2.5 Air Sampler w/VSCC,31080,"Los Angeles-Long Beach-Anaheim, CA",6,California,37,Los Angeles,34.1365,-117.92391
03/01/2019,AQS,21,12.2,ug/m3 LC,57,Azusa,1,100,88101,PM2.5 - Local Conditions,143,R & P Model 2000 PM-2.5 Air Sampler w/VSCC,31080,"Los Angeles-Long Beach-Anaheim, CA",6,California,37,Los Angeles,34.1365,-117.92391
03/07/2019,AQS,21,5.5,ug/m3 LC,31,Azusa,1,100,88101,PM2.5 - Local Conditions,143,R & P Model 2000 PM-2.5 Air Sampler w/VSCC,31080,"Los Angeles-Long Beach-Anaheim, CA",6,California,37,Los Angeles,34.1365,-117.92391
03/13/2019,AQS,21,9.2,ug/m3 LC,51,Azusa,1,100,88101,PM2.5 - Local Conditions,143,R & P Model 2000 PM-2.5 Air Sampler w/VSCC,31080,"Los Angeles-Long Beach-Anaheim, CA",6,California,37,Los Angeles,34.1365,-117.92391
03/19/2019,AQS,21,11.5,ug/m3 LC,55,Azusa,1,100,88101,PM2.5 - Local Conditions,143,R & P Model 2000 PM-2.5 Air Sampler w/VSCC,31080,"Los Angeles-Long Beach-Anaheim, CA",6,California,37,Los Angeles,34.1365,-117.92391
03/25/2019,AQS,21,11.6,ug/m3 LC,56,Azusa,1,100,88101,PM2.5 - Local Conditions,143,R & P Model 2000 PM-2.5 Air Sampler w/VSCC,31080,"Los Angeles-Long Beach-Anaheim, CA",6,California,37,Los Angeles,34.1365,-117.92391
03/31/2019,AQS,21,5.7,ug/m3 LC,32,Azusa,1,100,88101,PM2.5 - Local Conditions,143,R & P Model 2000 PM-2.5 Air Sampler w/VSCC,31080,"Los Angeles-Long Beach-Anaheim, CA",6,California,37,Los Angeles,34.1365,-117.92391
04/06/2019,AQS,21,4.7,ug/m3 LC,26,Azusa,1,100,88101,PM2.5 - Local Conditions,143,R & P Model 2000 PM-2.5 Air Sampler w/VSCC,31080,"Los Angeles-Long Beach-Anaheim, CA",6,California,37,Los Angeles,34.1365,-117.92391
04/12/2019,AQS,21,9.2,ug/m3 LC,51,Azusa,1,100,88101,PM2.5 - Local Conditions,143,R & P Model 2000 PM-2.5 Air Sampler w/VSCC,31080,"Los Angeles-Long Beach-Anaheim, CA",6,California,37,Los Angeles,34.1365,-117.92391
04/18/2019,AQS,21,10,ug/m3 LC,53,Azusa,1,100,88101,PM2.5 - Local Conditions,143,R & P Model 2000 PM-2.5 Air Sampler w/VSCC,31080,"Los Angeles-Long Beach-Anaheim, CA",6,California,37,Los Angeles,34.1365,-117.92391
04/24/2019,AQS,21,17.4,ug/m3 LC,66,Azusa,1,100,88101,PM2.5 - Local Conditions,143,R & P Model 2000 PM-2.5 Air Sampler w/VSCC,31080,"Los Angeles-Long Beach-Anaheim, CA",6,California,37,Los Angeles,34.1365,-117.92391
04/30/2019,AQS,21,6.5,ug/m3 LC,36,Azusa,1,100,88101,PM2.5 - Local Conditions,143,R & P Model 2000 PM-2.5 Air Sampler w/VSCC,31080,"Los Angeles-Long Beach-Anaheim, CA",6,California,37,Los Angeles,34.1365,-117.92391
05/06/2019,AQS,21,5.9,ug/m3 LC,33,Azusa,1,100,88101,PM2.5 - Local Conditions,143,R & P Model 2000 PM-2.5 Air Sampler w/VSCC,31080,"Los Angeles-Long Beach-Anaheim, CA",6,California,37,Los Angeles,34.1365,-117.92391
05/12/2019,AQS,21,8.4,ug/m3 LC,47,Azusa,1,100,88101,PM2.5 - Local Conditions,143,R & P Model 2000 PM-2.5 Air Sampler w/VSCC,31080,"Los Angeles-Long Beach-Anaheim, CA",6,California,37,Los Angeles,34.1365,-117.92391
05/18/2019,AQS,21,8.2,ug/m3 LC,46,Azusa,1,100,88101,PM2.5 - Local Conditions,143,R & P Model 2000 PM-2.5 Air Sampler w/VSCC,31080,"Los Angeles-Long Beach-Anaheim, CA",6,California,37,Los Angeles,34.1365,-117.92391
05/24/2019,AQS,21,6.4,ug/m3 LC,36,Azusa,1,100,88101,PM2.5 - Local Conditions,143,R & P Model 2000 PM-2.5 Air Sampler w/VSCC,31080,"Los Angeles-Long Beach-Anaheim, CA",6,California,37,Los Angeles,34.1365,-117.92391
05/30/2019,AQS,21,15,ug/m3 LC,62,Azusa,1,100,88101,PM2.5 - Local Conditions,143,R & P Model 2000 PM-2.5 Air Sampler w/VSCC,31080,"Los Angeles-Long Beach-Anaheim, CA",6,California,37,Los Angeles,34.1365,-117.92391
06/05/2019,AQS,21,13.7,ug/m3 LC,60,Azusa,1,100,88101,PM2.5 - Local Conditions,143,R & P Model 2000 PM-2.5 Air Sampler w/VSCC,31080,"Los Angeles-Long Beach-Anaheim, CA",6,California,37,Los Angeles,34.1365,-117.92391
06/11/2019,AQS,21,15,ug/m3 LC,62,Azusa,1,100,88101,PM2.5 - Local Conditions,143,R & P Model 2000 PM-2.5 Air Sampler w/VSCC,31080,"Los Angeles-Long Beach-Anaheim, CA",6,California,37,Los Angeles,34.1365,-117.92391
06/17/2019,AQS,21,6.2,ug/m3 LC,34,Azusa,1,100,88101,PM2.5 - Local Conditions,143,R & P Model 2000 PM-2.5 Air Sampler w/VSCC,31080,"Los Angeles-Long Beach-Anaheim, CA",6,California,37,Los Angeles,34.1365,-117.92391
06/23/2019,AQS,21,10,ug/m3 LC,53,Azusa,1,100,88101,PM2.5 - Local Conditions,143,R & P Model 2000 PM-2.5 Air Sampler w/VSCC,31080,"Los Angeles-Long Beach-Anaheim, CA",6,California,37,Los Angeles,34.1365,-117.92391
06/29/2019,AQS,21,10.5,ug/m3 LC,54,Azusa,1,100,88101,PM2.5 - Local Conditions,143,R & P Model 2000 PM-2.5 Air Sampler w/VSCC,31080,"Los Angeles-Long Beach-Anaheim, CA",6,California,37,Los Angeles,34.1365,-117.92391
07/05/2019,AQS,21,70,ug/m3 LC,161,Azusa,1,100,88101,PM2.5 - Local Conditions,143,R & P Model 2000 PM-2.5 Air Sampler w/VSCC,31080,"Los Angeles-Long Beach-Anaheim, CA",6,California,37,Los Angeles,34.1365,-117.92391
07/11/2019,AQS,21,16.7,ug/m3 LC,65,Azusa,1,100,88101,PM2.5 - Local Conditions,143,R & P Model 2000 PM-2.5 Air Sampler w/VSCC,31080,"Los Angeles-Long Beach-Anaheim, CA",6,California,37,Los Angeles,34.1365,-117.92391
07/17/2019,AQS,21,11.4,ug/m3 LC,55,Azusa,1,100,88101,PM2.5 - Local Conditions,143,R & P Model 2000 PM-2.5 Air Sampler w/VSCC,31080,"Los Angeles-Long Beach-Anaheim, CA",6,California,37,Los Angeles,34.1365,-117.92391
07/23/2019,AQS,21,14.2,ug/m3 LC,61,Azusa,1,100,88101,PM2.5 - Local Conditions,143,R & P Model 2000 PM-2.5 Air Sampler w/VSCC,31080,"Los Angeles-Long Beach-Anaheim, CA",6,California,37,Los Angeles,34.1365,-117.92391
07/29/2019,AQS,21,14.2,ug/m3 LC,61,Azusa,1,100,88101,PM2.5 - Local Conditions,143,R & P Model 2000 PM-2.5 Air Sampler w/VSCC,31080,"Los Angeles-Long Beach-Anaheim, CA",6,California,37,Los Angeles,34.1365,-117.92391
08/04/2019,AQS,21,11.7,ug/m3 LC,56,Azusa,1,100,88101,PM2.5 - Local Conditions,143,R & P Model 2000 PM-2.5 Air Sampler w/VSCC,31080,"Los Angeles-Long Beach-Anaheim, CA",6,California,37,Los Angeles,34.1365,-117.92391
08/10/2019,AQS,21,10.6,ug/m3 LC,54,Azusa,1,100,88101,PM2.5 - Local Conditions,143,R & P Model 2000 PM-2.5 Air Sampler w/VSCC,31080,"Los Angeles-Long Beach-Anaheim, CA",6,California,37,Los Angeles,34.1365,-117.92391
08/16/2019,AQS,21,12.2,ug/m3 LC,57,Azusa,1,100,88101,PM2.5 - Local Conditions,143,R & P Model 2000 PM-2.5 Air Sampler w/VSCC,31080,"Los Angeles-Long Beach-Anaheim, CA",6,California,37,Los Angeles,34.1365,-117.92391
08/22/2019,AQS,21,14.1,ug/m3 LC,60,Azusa,1,100,88101,PM2.5 - Local Conditions,143,R & P Model 2000 PM-2.5 Air Sampler w/VSCC,31080,"Los Angeles-Long Beach-Anaheim, CA",6,California,37,Los Angeles,34.1365,-117.92391
08/28/2019,AQS,21,12,ug/m3 LC,56,Azusa,1,100,88101,PM2.5 - Local Conditions,143,R & P Model 2000 PM-2.5 Air Sampler w/VSCC,31080,"Los Angeles-Long Beach-Anaheim, CA",6,California,37,Los Angeles,34.1365,-117.92391
09/03/2019,AQS,21,12.4,ug/m3 LC,57,Azusa,1,100,88101,PM2.5 - Local Conditions,143,R & P Model 2000 PM-2.5 Air Sampler w/VSCC,31080,"Los Angeles-Long Beach-Anaheim, CA",6,California,37,Los Angeles,34.1365,-117.92391
09/09/2019,AQS,21,12.5,ug/m3 LC,57,Azusa,1,100,88101,PM2.5 - Local Conditions,143,R & P Model 2000 PM-2.5 Air Sampler w/VSCC,31080,"Los Angeles-Long Beach-Anaheim, CA",6,California,37,Los Angeles,34.1365,-117.92391
09/15/2019,AQS,21,14,ug/m3 LC,60,Azusa,1,100,88101,PM2.5 - Local Conditions,143,R & P Model 2000 PM-2.5 Air Sampler w/VSCC,31080,"Los Angeles-Long Beach-Anaheim, CA",6,California,37,Los Angeles,34.1365,-117.92391
09/21/2019,AQS,21,10.2,ug/m3 LC,53,Azusa,1,100,88101,PM2.5 - Local Conditions,143,R & P Model 2000 PM-2.5 Air Sampler w/VSCC,31080,"Los Angeles-Long Beach-Anaheim, CA",6,California,37,Los Angeles,34.1365,-117.92391
09/27/2019,AQS,21,8,ug/m3 LC,44,Azusa,1,100,88101,PM2.5 - Local Conditions,143,R & P Model 2000 PM-2.5 Air Sampler w/VSCC,31080,"Los Angeles-Long Beach-Anaheim, CA",6,California,37,Los Angeles,34.1365,-117.92391
10/03/2019,AQS,21,11.1,ug/m3 LC,55,Azusa,1,100,88101,PM2.5 - Local Conditions,143,R & P Model 2000 PM-2.5 Air Sampler w/VSCC,31080,"Los Angeles-Long Beach-Anaheim, CA",6,California,37,Los Angeles,34.1365,-117.92391
10/09/2019,AQS,21,11.6,ug/m3 LC,56,Azusa,1,100,88101,PM2.5 - Local Conditions,143,R & P Model 2000 PM-2.5 Air Sampler w/VSCC,31080,"Los Angeles-Long Beach-Anaheim, CA",6,California,37,Los Angeles,34.1365,-117.92391
10/15/2019,AQS,21,12.9,ug/m3 LC,58,Azusa,1,100,88101,PM2.5 - Local Conditions,143,R & P Model 2000 PM-2.5 Air Sampler w/VSCC,31080,"Los Angeles-Long Beach-Anaheim, CA",6,California,37,Los Angeles,34.1365,-117.92391
10/21/2019,AQS,21,5.2,ug/m3 LC,29,Azusa,1,100,88101,PM2.5 - Local Conditions,143,R & P Model 2000 PM-2.5 Air Sampler w/VSCC,31080,"Los Angeles-Long Beach-Anaheim, CA",6,California,37,Los Angeles,34.1365,-117.92391
10/27/2019,AQS,21,9.7,ug/m3 LC,52,Azusa,1,100,88101,PM2.5 - Local Conditions,143,R & P Model 2000 PM-2.5 Air Sampler w/VSCC,31080,"Los Angeles-Long Beach-Anaheim, CA",6,California,37,Los Angeles,34.1365,-117.92391
11/02/2019,AQS,21,5.7,ug/m3 LC,32,Azusa,1,100,88101,PM2.5 - Local Conditions,143,R & P Model 2000 PM-2.5 Air Sampler w/VSCC,31080,"Los Angeles-Long Beach-Anaheim, CA",6,California,37,Los Angeles,34.1365,-117.92391
11/08/2019,AQS,21,8.4,ug/m3 LC,47,Azusa,1,100,88101,PM2.5 - Local Conditions,143,R & P Model 2000 PM-2.5 Air Sampler w/VSCC,31080,"Los Angeles-Long Beach-Anaheim, CA",6,California,37,Los Angeles,34.1365,-117.92391
11/14/2019,AQS,21,28.9,ug/m3 LC,88,Azusa,1,100,88101,PM2.5 - Local Conditions,143,R & P Model 2000 PM-2.5 Air Sampler w/VSCC,31080,"Los Angeles-Long Beach-Anaheim, CA",6,California,37,Los Angeles,34.1365,-117.92391
11/20/2019,AQS,21,4.3,ug/m3 LC,24,Azusa,1,100,88101,PM2.5 - Local Conditions,143,R & P Model 2000 PM-2.5 Air Sampler w/VSCC,31080,"Los Angeles-Long Beach-Anaheim, CA",6,California,37,Los Angeles,34.1365,-117.92391
11/26/2019,AQS,21,7.6,ug/m3 LC,42,Azusa,1,100,88101,PM2.5 - Local Conditions,143,R & P Model 2000 PM-2.5 Air Sampler w/VSCC,31080,"Los Angeles-Long Beach-Anaheim, CA",6,California,37,Los Angeles,34.1365,-117.92391
12/02/2019,AQS,21,7.7,ug/m3 LC,43,Azusa,1,100,88101,PM2.5 - Local Conditions,143,R & P Model 2000 PM-2.5 Air Sampler w/VSCC,31080,"Los Angeles-Long Beach-Anaheim, CA",6,California,37,Los Angeles,34.1365,-117.92391
12/08/2019,AQS,21,5.5,ug/m3 LC,31,Azusa,1,100,88101,PM2.5 - Local Conditions,143,R & P Model 2000 PM-2.5 Air Sampler w/VSCC,31080,"Los Angeles-Long Beach-Anaheim, CA",6,California,37,Los Angeles,34.1365,-117.92391
12/14/2019,AQS,21,19,ug/m3 LC,69,Azusa,1,100,88101,PM2.5 - Local Conditions,143,R & P Model 2000 PM-2.5 Air Sampler w/VSCC,31080,"Los Angeles-Long Beach-Anaheim, CA",6,California,37,Los Angeles,34.1365,-117.92391
12/20/2019,AQS,21,2.6,ug/m3 LC,14,Azusa,1,100,88101,PM2.5 - Local Conditions,143,R & P Model 2000 PM-2.5 Air Sampler w/VSCC,31080,"Los Angeles-Long Beach-Anaheim, CA",6,California,37,Los Angeles,34.1365,-117.92391
12/26/2019,AQS,21,1.6,ug/m3 LC,9,Azusa,1,100,88101,PM2.5 - Local Conditions,143,R & P Model 2000 PM-2.5 Air Sampler w/VSCC,31080,"Los Angeles-Long Beach-Anaheim, CA",6,California,37,Los Angeles,34.1365,-117.92391
01/04/2020,AQS,1,13.6,ug/m3 LC,59,Azusa,1,100,88101,PM2.5 - Local Conditions,143,R & P Model 2000 PM-2.5 Air Sampler w/VSCC,31080,"Los Angeles-Long Beach-Anaheim, CA",6,California,37,Los Angeles,34.1365,-117.92391
01/10/2020,AQS,1,5.8,ug/m3 LC,32,Azusa,1,100,88101,PM2.5 - Local Conditions,143,R & P Model 2000 PM-2.5 Air Sampler w/VSCC,31080,"Los Angeles-Long Beach-Anaheim, CA",6,California,37,Los Angeles,34.1365,-117.92391
01/16/2020,AQS,1,17.5,ug/m3 LC,67,Azusa,1,100,88101,PM2.5 - Local Conditions,143,R & P Model 2000 PM-2.5 Air Sampler w/VSCC,31080,"Los Angeles-Long Beach-Anaheim, CA",6,California,37,Los Angeles,34.1365,-117.92391
01/22/2020,AQS,1,10.3,ug/m3 LC,53,Azusa,1,100,88101,PM2.5 - Local Conditions,143,R & P Model 2000 PM-2.5 Air Sampler w/VSCC,31080,"Los Angeles-Long Beach-Anaheim, CA",6,California,37,Los Angeles,34.1365,-117.92391
01/28/2020,AQS,1,6,ug/m3 LC,33,Azusa,1,100,88101,PM2.5 - Local Conditions,143,R & P Model 2000 PM-2.5 Air Sampler w/VSCC,31080,"Los Angeles-Long Beach-Anaheim, CA",6,California,37,Los Angeles,34.1365,-117.92391
02/03/2020,AQS,1,2.7,ug/m3 LC,15,Azusa,1,100,88101,PM2.5 - Local Conditions,143,R & P Model 2000 PM-2.5 Air Sampler w/VSCC,31080,"Los Angeles-Long Beach-Anaheim, CA",6,California,37,Los Angeles,34.1365,-117.92391
02/09/2020,AQS,1,10.8,ug/m3 LC,54,Azusa,1,100,88101,PM2.5 - Local Conditions,143,R & P Model 2000 PM-2.5 Air Sampler w/VSCC,31080,"Los Angeles-Long Beach-Anaheim, CA",6,California,37,Los Angeles,34.1365,-117.92391
02/15/2020,AQS,1,13.5,ug/m3 LC,59,Azusa,1,100,88101,PM2.5 - Local Conditions,143,R & P Model 2000 PM-2.5 Air Sampler w/VSCC,31080,"Los Angeles-Long Beach-Anaheim, CA",6,California,37,Los Angeles,34.1365,-117.92391
02/21/2020,AQS,1,8.5,ug/m3 LC,47,Azusa,1,100,88101,PM2.5 - Local Conditions,143,R & P Model 2000 PM-2.5 Air Sampler w/VSCC,31080,"Los Angeles-Long Beach-Anaheim, CA",6,California,37,Los Angeles,34.1365,-117.92391
02/27/2020,AQS,1,3.1,ug/m3 LC,17,Azusa,1,100,88101,PM2.5 - Local Conditions,143,R & P Model 2000 PM-2.5 Air Sampler w/VSCC,31080,"Los Angeles-Long Beach-Anaheim, CA",6,California,37,Los Angeles,34.1365,-117.92391
03/04/2020,AQS,1,11.4,ug/m3 LC,55,Azusa,1,100,88101,PM2.5 - Local Conditions,143,R & P Model 2000 PM-2.5 Air Sampler w/VSCC,31080,"Los Angeles-Long Beach-Anaheim, CA",6,California,37,Los Angeles,34.1365,-117.92391
03/10/2020,AQS,1,2.3,ug/m3 LC,13,Azusa,1,100,88101,PM2.5 - Local Conditions,143,R & P Model 2000 PM-2.5 Air Sampler w/VSCC,31080,"Los Angeles-Long Beach-Anaheim, CA",6,California,37,Los Angeles,34.1365,-117.92391
03/16/2020,AQS,1,5.3,ug/m3 LC,29,Azusa,1,100,88101,PM2.5 - Local Conditions,143,R & P Model 2000 PM-2.5 Air Sampler w/VSCC,31080,"Los Angeles-Long Beach-Anaheim, CA",6,California,37,Los Angeles,34.1365,-117.92391
03/22/2020,AQS,1,2.6,ug/m3 LC,14,Azusa,1,100,88101,PM2.5 - Local Conditions,143,R & P Model 2000 PM-2.5 Air Sampler w/VSCC,31080,"Los Angeles-Long Beach-Anaheim, CA",6,California,37,Los Angeles,34.1365,-117.92391
03/28/2020,AQS,1,5.5,ug/m3 LC,31,Azusa,1,100,88101,PM2.5 - Local Conditions,143,R & P Model 2000 PM-2.5 Air Sampler w/VSCC,31080,"Los Angeles-Long Beach-Anaheim, CA",6,California,37,Los Angeles,34.1365,-117.92391
04/03/2020,AQS,1,10.3,ug/m3 LC,53,Azusa,1,100,88101,PM2.5 - Local Conditions,143,R & P Model 2000 PM-2.5 Air Sampler w/VSCC,31080,"Los Angeles-Long Beach-Anaheim, CA",6,California,37,Los Angeles,34.1365,-117.92391
04/09/2020,AQS,1,0.7,ug/m3 LC,4,Azusa,1,100,88101,PM2.5 - Local Conditions,143,R & P Model 2000 PM-2.5 Air Sampler w/VSCC,31080,"Los Angeles-Long Beach-Anaheim, CA",6,California,37,Los Angeles,34.1365,-117.92391
04/15/2020,AQS,1,5.1,ug/m3 LC,28,Azusa,1,100,88101,PM2.5 - Local Conditions,143,R & P Model 2000 PM-2.5 Air Sampler w/VSCC,31080,"Los Angeles-Long Beach-Anaheim, CA",6,California,37,Los Angeles,34.1365,-117.92391
04/27/2020,AQS,1,11.3,ug/m3 LC,55,Azusa,1,100,88101,PM2.5 - Local Conditions,143,R & P Model 2000 PM-2.5 Air Sampler w/VSCC,31080,"Los Angeles-Long Beach-Anaheim, CA",6,California,37,Los Angeles,34.1365,-117.92391
05/03/2020,AQS,1,9.4,ug/m3 LC,52,Azusa,1,100,88101,PM2.5 - Local Conditions,143,R & P Model 2000 PM-2.5 Air Sampler w/VSCC,31080,"Los Angeles-Long Beach-Anaheim, CA",6,California,37,Los Angeles,34.1365,-117.92391
05/09/2020,AQS,1,17.5,ug/m3 LC,67,Azusa,1,100,88101,PM2.5 - Local Conditions,143,R & P Model 2000 PM-2.5 Air Sampler w/VSCC,31080,"Los Angeles-Long Beach-Anaheim, CA",6,California,37,Los Angeles,34.1365,-117.92391
05/15/2020,AQS,1,9.2,ug/m3 LC,51,Azusa,1,100,88101,PM2.5 - Local Conditions,143,R & P Model 2000 PM-2.5 Air Sampler w/VSCC,31080,"Los Angeles-Long Beach-Anaheim, CA",6,California,37,Los Angeles,34.1365,-117.92391
05/21/2020,AQS,1,9.2,ug/m3 LC,51,Azusa,1,100,88101,PM2.5 - Local Conditions,143,R & P Model 2000 PM-2.5 Air Sampler w/VSCC,31080,"Los Angeles-Long Beach-Anaheim, CA",6,California,37,Los Angeles,34.1365,-117.92391
05/27/2020,AQS,1,15.6,ug/m3 LC,63,Azusa,1,100,88101,PM2.5 - Local Conditions,143,R & P Model 2000 PM-2.5 Air Sampler w/VSCC,31080,"Los Angeles-Long Beach-Anaheim, CA",6,California,37,Los Angeles,34.1365,-117.92391
06/02/2020,AQS,1,13.1,ug/m3 LC,58,Azusa,1,100,88101,PM2.5 - Local Conditions,143,R & P Model 2000 PM-2.5 Air Sampler w/VSCC,31080,"Los Angeles-Long Beach-Anaheim, CA",6,California,37,Los Angeles,34.1365,-117.92391
06/08/2020,AQS,1,4.3,ug/m3 LC,24,Azusa,1,100,88101,PM2.5 - Local Conditions,143,R & P Model 2000 PM-2.5 Air Sampler w/VSCC,31080,"Los Angeles-Long Beach-Anaheim, CA",6,California,37,Los Angeles,34.1365,-117.92391
06/14/2020,AQS,1,9.5,ug/m3 LC,52,Azusa,1,100,88101,PM2.5 - Local Conditions,143,R & P Model 2000 PM-2.5 Air Sampler w/VSCC,31080,"Los Angeles-Long Beach-Anaheim, CA",6,California,37,Los Angeles,34.1365,-117.92391
06/20/2020,AQS,1,9.9,ug/m3 LC,52,Azusa,1,100,88101,PM2.5 - Local Conditions,143,R & P Model 2000 PM-2.5 Air Sampler w/VSCC,31080,"Los Angeles-Long Beach-Anaheim, CA",6,California,37,Los Angeles,34.1365,-117.92391
06/26/2020,AQS,1,9,ug/m3 LC,50,Azusa,1,100,88101,PM2.5 - Local Conditions,143,R & P Model 2000 PM-2.5 Air Sampler w/VSCC,31080,"Los Angeles-Long Beach-Anaheim, CA",6,California,37,Los Angeles,34.1365,-117.92391
07/02/2020,AQS,1,9.7,ug/m3 LC,52,Azusa,1,100,88101,PM2.5 - Local Conditions,143,R & P Model 2000 PM-2.5 Air Sampler w/VSCC,31080,"Los Angeles-Long Beach-Anaheim, CA",6,California,37,Los Angeles,34.1365,-117.92391
07/08/2020,AQS,1,16.8,ug/m3 LC,65,Azusa,1,100,88101,PM2.5 - Local Conditions,143,R & P Model 2000 PM-2.5 Air Sampler w/VSCC,31080,"Los Angeles-Long Beach-Anaheim, CA",6,California,37,Los Angeles,34.1365,-117.92391
07/14/2020,AQS,1,14,ug/m3 LC,60,Azusa,1,100,88101,PM2.5 - Local Conditions,143,R & P Model 2000 PM-2.5 Air Sampler w/VSCC,31080,"Los Angeles-Long Beach-Anaheim, CA",6,California,37,Los Angeles,34.1365,-117.92391
07/20/2020,AQS,1,10.9,ug/m3 LC,54,Azusa,1,100,88101,PM2.5 - Local Conditions,143,R & P Model 2000 PM-2.5 Air Sampler w/VSCC,31080,"Los Angeles-Long Beach-Anaheim, CA",6,California,37,Los Angeles,34.1365,-117.92391
07/26/2020,AQS,1,11.4,ug/m3 LC,55,Azusa,1,100,88101,PM2.5 - Local Conditions,143,R & P Model 2000 PM-2.5 Air Sampler w/VSCC,31080,"Los Angeles-Long Beach-Anaheim, CA",6,California,37,Los Angeles,34.1365,-117.92391
08/01/2020,AQS,1,13.5,ug/m3 LC,59,Azusa,1,100,88101,PM2.5 - Local Conditions,143,R & P Model 2000 PM-2.5 Air Sampler w/VSCC,31080,"Los Angeles-Long Beach-Anaheim, CA",6,California,37,Los Angeles,34.1365,-117.92391
08/07/2020,AQS,1,11.3,ug/m3 LC,55,Azusa,1,100,88101,PM2.5 - Local Conditions,143,R & P Model 2000 PM-2.5 Air Sampler w/VSCC,31080,"Los Angeles-Long Beach-Anaheim, CA",6,California,37,Los Angeles,34.1365,-117.92391
08/13/2020,AQS,1,11.4,ug/m3 LC,55,Azusa,1,100,88101,PM2.5 - Local Conditions,143,R & P Model 2000 PM-2.5 Air Sampler w/VSCC,31080,"Los Angeles-Long Beach-Anaheim, CA",6,California,37,Los Angeles,34.1365,-117.92391
08/19/2020,AQS,1,19.2,ug/m3 LC,70,Azusa,1,100,88101,PM2.5 - Local Conditions,143,R & P Model 2000 PM-2.5 Air Sampler w/VSCC,31080,"Los Angeles-Long Beach-Anaheim, CA",6,California,37,Los Angeles,34.1365,-117.92391
08/25/2020,AQS,1,11.9,ug/m3 LC,56,Azusa,1,100,88101,PM2.5 - Local Conditions,143,R & P Model 2000 PM-2.5 Air Sampler w/VSCC,31080,"Los Angeles-Long Beach-Anaheim, CA",6,California,37,Los Angeles,34.1365,-117.92391
08/31/2020,AQS,1,11.4,ug/m3 LC,55,Azusa,1,100,88101,PM2.5 - Local Conditions,143,R & P Model 2000 PM-2.5 Air Sampler w/VSCC,31080,"Los Angeles-Long Beach-Anaheim, CA",6,California,37,Los Angeles,34.1365,-117.92391
09/06/2020,AQS,1,13,ug/m3 LC,58,Azusa,1,100,88101,PM2.5 - Local Conditions,143,R & P Model 2000 PM-2.5 Air Sampler w/VSCC,31080,"Los Angeles-Long Beach-Anaheim, CA",6,California,37,Los Angeles,34.1365,-117.92391
09/12/2020,AQS,1,102.7,ug/m3 LC,184,Azusa,1,100,88101,PM2.5 - Local Conditions,143,R & P Model 2000 PM-2.5 Air Sampler w/VSCC,31080,"Los Angeles-Long Beach-Anaheim, CA",6,California,37,Los Angeles,34.1365,-117.92391
09/18/2020,AQS,1,22.1,ug/m3 LC,75,Azusa,1,100,88101,PM2.5 - Local Conditions,143,R & P Model 2000 PM-2.5 Air Sampler w/VSCC,31080,"Los Angeles-Long Beach-Anaheim, CA",6,California,37,Los Angeles,34.1365,-117.92391
09/24/2020,AQS,1,21.4,ug/m3 LC,74,Azusa,1,100,88101,PM2.5 - Local Conditions,143,R & P Model 2000 PM-2.5 Air Sampler w/VSCC,31080,"Los Angeles-Long Beach-Anaheim, CA",6,California,37,Los Angeles,34.1365,-117.92391
09/30/2020,AQS,1,15.4,ug/m3 LC,63,Azusa,1,100,88101,PM2.5 - Local Conditions,143,R & P Model 2000 PM-2.5 Air Sampler w/VSCC,31080,"Los Angeles-Long Beach-Anaheim, CA",6,California,37,Los Angeles,34.1365,-117.92391
10/06/2020,AQS,1,36,ug/m3 LC,102,Azusa,1,100,88101,PM2.5 - Local Conditions,143,R & P Model 2000 PM-2.5 Air Sampler w/VSCC,31080,"Los Angeles-Long Beach-Anaheim, CA",6,California,37,Los Angeles,34.1365,-117.92391
10/12/2020,AQS,1,12.4,ug/m3 LC,57,Azusa,1,100,88101,PM2.5 - Local Conditions,143,R & P Model 2000 PM-2.5 Air Sampler w/VSCC,31080,"Los Angeles-Long Beach-Anaheim, CA",6,California,37,Los Angeles,34.1365,-117.92391
10/18/2020,AQS,1,19.5,ug/m3 LC,70,Azusa,1,100,88101,PM2.5 - Local Conditions,143,R & P Model 2000 PM-2.5 Air Sampler w/VSCC,31080,"Los Angeles-Long Beach-Anaheim, CA",6,California,37,Los Angeles,34.1365,-117.92391
10/24/2020,AQS,1,9.6,ug/m3 LC,52,Azusa,1,100,88101,PM2.5 - Local Conditions,143,R & P Model 2000 PM-2.5 Air Sampler w/VSCC,31080,"Los Angeles-Long Beach-Anaheim, CA",6,California,37,Los Angeles,34.1365,-117.92391
10/30/2020,AQS,1,17,ug/m3 LC,66,Azusa,1,100,88101,PM2.5 - Local Conditions,143,R & P Model 2000 PM-2.5 Air Sampler w/VSCC,31080,"Los Angeles-Long Beach-Anaheim, CA",6,California,37,Los Angeles,34.1365,-117.92391
11/05/2020,AQS,1,6.8,ug/m3 LC,38,Azusa,1,100,88101,PM2.5 - Local Conditions,143,R & P Model 2000 PM-2.5 Air Sampler w/VSCC,31080,"Los Angeles-Long Beach-Anaheim, CA",6,California,37,Los Angeles,34.1365,-117.92391
11/11/2020,AQS,1,8.8,ug/m3 LC,49,Azusa,1,100,88101,PM2.5 - Local Conditions,143,R & P Model 2000 PM-2.5 Air Sampler w/VSCC,31080,"Los Angeles-Long Beach-Anaheim, CA",6,California,37,Los Angeles,34.1365,-117.92391
11/17/2020,AQS,1,9.6,ug/m3 LC,52,Azusa,1,100,88101,PM2.5 - Local Conditions,143,R & P Model 2000 PM-2.5 Air Sampler w/VSCC,31080,"Los Angeles-Long Beach-Anaheim, CA",6,California,37,Los Angeles,34.1365,-117.92391
11/23/2020,AQS,1,25.3,ug/m3 LC,81,Azusa,1,100,88101,PM2.5 - Local Conditions,143,R & P Model 2000 PM-2.5 Air Sampler w/VSCC,31080,"Los Angeles-Long Beach-Anaheim, CA",6,California,37,Los Angeles,34.1365,-117.92391
11/29/2020,AQS,1,3.6,ug/m3 LC,20,Azusa,1,100,88101,PM2.5 - Local Conditions,143,R & P Model 2000 PM-2.5 Air Sampler w/VSCC,31080,"Los Angeles-Long Beach-Anaheim, CA",6,California,37,Los Angeles,34.1365,-117.92391
12/05/2020,AQS,1,6.2,ug/m3 LC,34,Azusa,1,100,88101,PM2.5 - Local Conditions,143,R & P Model 2000 PM-2.5 Air Sampler w/VSCC,31080,"Los Angeles-Long Beach-Anaheim, CA",6,California,37,Los Angeles,34.1365,-117.92391
12/11/2020,AQS,1,18.8,ug/m3 LC,69,Azusa,1,100,88101,PM2.5 - Local Conditions,143,R & P Model 2000 PM-2.5 Air Sampler w/VSCC,31080,"Los Angeles-Long Beach-Anaheim, CA",6,California,37,Los Angeles,34.1365,-117.92391
12/17/2020,AQS,1,9,ug/m3 LC,50,Azusa,1,100,88101,PM2.5 - Local Conditions,143,R & P Model 2000 PM-2.5 Air Sampler w/VSCC,31080,"Los Angeles-Long Beach-Anaheim, CA",6,California,37,Los Angeles,34.1365,-117.92391
12/23/2020,AQS,1,19.6,ug/m3 LC,71,Azusa,1,100,88101,PM2.5 - Local Conditions,143,R & P Model 2000 PM-2.5 Air Sampler w/VSCC,31080,"Los Angeles-Long Beach-Anaheim, CA",6,California,37,Los Angeles,34.1365,-117.92391
12/29/2020,AQS,1,2.4,ug/m3 LC,13,Azusa,1,100,88101,PM2.5 - Local Conditions,143,R & P Model 2000 PM-2.5 Air Sampler w/VSCC,31080,"Los Angeles-Long Beach-Anaheim, CA",6,California,37,Los Angeles,34.1365,-117.92391
01/01/2020,AQS,21,8.4,ug/m3 LC,47,Azusa,1,100,88101,PM2.5 - Local Conditions,143,R & P Model 2000 PM-2.5 Air Sampler w/VSCC,31080,"Los Angeles-Long Beach-Anaheim, CA",6,California,37,Los Angeles,34.1365,-117.92391
01/07/2020,AQS,21,3.8,ug/m3 LC,21,Azusa,1,100,88101,PM2.5 - Local Conditions,143,R & P Model 2000 PM-2.5 Air Sampler w/VSCC,31080,"Los Angeles-Long Beach-Anaheim, CA",6,California,37,Los Angeles,34.1365,-117.92391
01/13/2020,AQS,21,12.3,ug/m3 LC,57,Azusa,1,100,88101,PM2.5 - Local Conditions,143,R & P Model 2000 PM-2.5 Air Sampler w/VSCC,31080,"Los Angeles-Long Beach-Anaheim, CA",6,California,37,Los Angeles,34.1365,-117.92391
01/19/2020,AQS,21,3.9,ug/m3 LC,22,Azusa,1,100,88101,PM2.5 - Local Conditions,143,R & P Model 2000 PM-2.5 Air Sampler w/VSCC,31080,"Los Angeles-Long Beach-Anaheim, CA",6,California,37,Los Angeles,34.1365,-117.92391
01/25/2020,AQS,21,22.8,ug/m3 LC,77,Azusa,1,100,88101,PM2.5 - Local Conditions,143,R & P Model 2000 PM-2.5 Air Sampler w/VSCC,31080,"Los Angeles-Long Beach-Anaheim, CA",6,California,37,Los Angeles,34.1365,-117.92391
01/31/2020,AQS,21,2.5,ug/m3 LC,14,Azusa,1,100,88101,PM2.5 - Local Conditions,143,R & P Model 2000 PM-2.5 Air Sampler w/VSCC,31080,"Los Angeles-Long Beach-Anaheim, CA",6,California,37,Los Angeles,34.1365,-117.92391
02/06/2020,AQS,21,8.2,ug/m3 LC,46,Azusa,1,100,88101,PM2.5 - Local Conditions,143,R & P Model 2000 PM-2.5 Air Sampler w/VSCC,31080,"Los Angeles-Long Beach-Anaheim, CA",6,California,37,Los Angeles,34.1365,-117.92391
02/12/2020,AQS,21,6,ug/m3 LC,33,Azusa,1,100,88101,PM2.5 - Local Conditions,143,R & P Model 2000 PM-2.5 Air Sampler w/VSCC,31080,"Los Angeles-Long Beach-Anaheim, CA",6,California,37,Los Angeles,34.1365,-117.92391
02/18/2020,AQS,21,20.2,ug/m3 LC,72,Azusa,1,100,88101,PM2.5 - Local Conditions,143,R & P Model 2000 PM-2.5 Air Sampler w/VSCC,31080,"Los Angeles-Long Beach-Anaheim, CA",6,California,37,Los Angeles,34.1365,-117.92391
02/24/2020,AQS,21,13,ug/m3 LC,58,Azusa,1,100,88101,PM2.5 - Local Conditions,143,R & P Model 2000 PM-2.5 Air Sampler w/VSCC,31080,"Los Angeles-Long Beach-Anaheim, CA",6,California,37,Los Angeles,34.1365,-117.92391
03/01/2020,AQS,21,7.2,ug/m3 LC,40,Azusa,1,100,88101,PM2.5 - Local Conditions,143,R & P Model 2000 PM-2.5 Air Sampler w/VSCC,31080,"Los Angeles-Long Beach-Anaheim, CA",6,California,37,Los Angeles,34.1365,-117.92391
03/07/2020,AQS,21,3.7,ug/m3 LC,21,Azusa,1,100,88101,PM2.5 - Local Conditions,143,R & P Model 2000 PM-2.5 Air Sampler w/VSCC,31080,"Los Angeles-Long Beach-Anaheim, CA",6,California,37,Los Angeles,34.1365,-117.92391
03/13/2020,AQS,21,2.8,ug/m3 LC,16,Azusa,1,100,88101,PM2.5 - Local Conditions,143,R & P Model 2000 PM-2.5 Air Sampler w/VSCC,31080,"Los Angeles-Long Beach-Anaheim, CA",6,California,37,Los Angeles,34.1365,-117.92391
03/19/2020,AQS,21,3,ug/m3 LC,17,Azusa,1,100,88101,PM2.5 - Local Conditions,143,R & P Model 2000 PM-2.5 Air Sampler w/VSCC,31080,"Los Angeles-Long Beach-Anaheim, CA",6,California,37,Los Angeles,34.1365,-117.92391
03/25/2020,AQS,21,3,ug/m3 LC,17,Azusa,1,100,88101,PM2.5 - Local Conditions,143,R & P Model 2000 PM-2.5 Air Sampler w/VSCC,31080,"Los Angeles-Long Beach-Anaheim, CA",6,California,37,Los Angeles,34.1365,-117.92391
03/31/2020,AQS,21,8.9,ug/m3 LC,49,Azusa,1,100,88101,PM2.5 - Local Conditions,143,R & P Model 2000 PM-2.5 Air Sampler w/VSCC,31080,"Los Angeles-Long Beach-Anaheim, CA",6,California,37,Los Angeles,34.1365,-117.92391
04/06/2020,AQS,21,2,ug/m3 LC,11,Azusa,1,100,88101,PM2.5 - Local Conditions,143,R & P Model 2000 PM-2.5 Air Sampler w/VSCC,31080,"Los Angeles-Long Beach-Anaheim, CA",6,California,37,Los Angeles,34.1365,-117.92391
04/12/2020,AQS,21,4.5,ug/m3 LC,25,Azusa,1,100,88101,PM2.5 - Local Conditions,143,R & P Model 2000 PM-2.5 Air Sampler w/VSCC,31080,"Los Angeles-Long Beach-Anaheim, CA",6,California,37,Los Angeles,34.1365,-117.92391
04/18/2020,AQS,21,4.9,ug/m3 LC,27,Azusa,1,100,88101,PM2.5 - Local Conditions,143,R & P Model 2000 PM-2.5 Air Sampler w/VSCC,31080,"Los Angeles-Long Beach-Anaheim, CA",6,California,37,Los Angeles,34.1365,-117.92391
04/24/2020,AQS,21,9.2,ug/m3 LC,51,Azusa,1,100,88101,PM2.5 - Local Conditions,143,R & P Model 2000 PM-2.5 Air Sampler w/VSCC,31080,"Los Angeles-Long Beach-Anaheim, CA",6,California,37,Los Angeles,34.1365,-117.92391
04/30/2020,AQS,21,14.5,ug/m3 LC,61,Azusa,1,100,88101,PM2.5 - Local Conditions,143,R & P Model 2000 PM-2.5 Air Sampler w/VSCC,31080,"Los Angeles-Long Beach-Anaheim, CA",6,California,37,Los Angeles,34.1365,-117.92391
05/06/2020,AQS,21,12.8,ug/m3 LC,58,Azusa,1,100,88101,PM2.5 - Local Conditions,143,R & P Model 2000 PM-2.5 Air Sampler w/VSCC,31080,"Los Angeles-Long Beach-Anaheim, CA",6,California,37,Los Angeles,34.1365,-117.92391
05/12/2020,AQS,21,6.6,ug/m3 LC,37,Azusa,1,100,88101,PM2.5 - Local Conditions,143,R & P Model 2000 PM-2.5 Air Sampler w/VSCC,31080,"Los Angeles-Long Beach-Anaheim, CA",6,California,37,Los Angeles,34.1365,-117.92391
05/18/2020,AQS,21,4.9,ug/m3 LC,27,Azusa,1,100,88101,PM2.5 - Local Conditions,143,R & P Model 2000 PM-2.5 Air Sampler w/VSCC,31080,"Los Angeles-Long Beach-Anaheim, CA",6,California,37,Los Angeles,34.1365,-117.92391
05/24/2020,AQS,21,16.2,ug/m3 LC,64,Azusa,1,100,88101,PM2.5 - Local Conditions,143,R & P Model 2000 PM-2.5 Air Sampler w/VSCC,31080,"Los Angeles-Long Beach-Anaheim, CA",6,California,37,Los Angeles,34.1365,-117.92391
05/30/2020,AQS,21,4.3,ug/m3 LC,24,Azusa,1,100,88101,PM2.5 - Local Conditions,143,R & P Model 2000 PM-2.5 Air Sampler w/VSCC,31080,"Los Angeles-Long Beach-Anaheim, CA",6,California,37,Los Angeles,34.1365,-117.92391
06/05/2020,AQS,21,6.1,ug/m3 LC,34,Azusa,1,100,88101,PM2.5 - Local Conditions,143,R & P Model 2000 PM-2.5 Air Sampler w/VSCC,31080,"Los Angeles-Long Beach-Anaheim, CA",6,California,37,Los Angeles,34.1365,-117.92391
06/11/2020,AQS,21,11,ug/m3 LC,55,Azusa,1,100,88101,PM2.5 - Local Conditions,143,R & P Model 2000 PM-2.5 Air Sampler w/VSCC,31080,"Los Angeles-Long Beach-Anaheim, CA",6,California,37,Los Angeles,34.1365,-117.92391
06/17/2020,AQS,21,8.5,ug/m3 LC,47,Azusa,1,100,88101,PM2.5 - Local Conditions,143,R & P Model 2000 PM-2.5 Air Sampler w/VSCC,31080,"Los Angeles-Long Beach-Anaheim, CA",6,California,37,Los Angeles,34.1365,-117.92391
06/23/2020,AQS,21,13.2,ug/m3 LC,59,Azusa,1,100,88101,PM2.5 - Local Conditions,143,R & P Model 2000 PM-2.5 Air Sampler w/VSCC,31080,"Los Angeles-Long Beach-Anaheim, CA",6,California,37,Los Angeles,34.1365,-117.92391
06/29/2020,AQS,21,4.5,ug/m3 LC,25,Azusa,1,100,88101,PM2.5 - Local Conditions,143,R & P Model 2000 PM-2.5 Air Sampler w/VSCC,31080,"Los Angeles-Long Beach-Anaheim, CA",6,California,37,Los Angeles,34.1365,-117.92391
07/05/2020,AQS,21,78.2,ug/m3 LC,167,Azusa,1,100,88101,PM2.5 - Local Conditions,143,R & P Model 2000 PM-2.5 Air Sampler w/VSCC,31080,"Los Angeles-Long Beach-Anaheim, CA",6,California,37,Los Angeles,34.1365,-117.92391
07/11/2020,AQS,21,12.8,ug/m3 LC,58,Azusa,1,100,88101,PM2.5 - Local Conditions,143,R & P Model 2000 PM-2.5 Air Sampler w/VSCC,31080,"Los Angeles-Long Beach-Anaheim, CA",6,California,37,Los Angeles,34.1365,-117.92391
07/17/2020,AQS,21,8.7,ug/m3 LC,48,Azusa,1,100,88101,PM2.5 - Local Conditions,143,R & P Model 2000 PM-2.5 Air Sampler w/VSCC,31080,"Los Angeles-Long Beach-Anaheim, CA",6,California,37,Los Angeles,34.1365,-117.92391
07/23/2020,AQS,21,8.4,ug/m3 LC,47,Azusa,1,100,88101,PM2.5 - Local Conditions,143,R & P Model 2000 PM-2.5 Air Sampler w/VSCC,31080,"Los Angeles-Long Beach-Anaheim, CA",6,California,37,Los Angeles,34.1365,-117.92391
07/29/2020,AQS,21,14,ug/m3 LC,60,Azusa,1,100,88101,PM2.5 - Local Conditions,143,R & P Model 2000 PM-2.5 Air Sampler w/VSCC,31080,"Los Angeles-Long Beach-Anaheim, CA",6,California,37,Los Angeles,34.1365,-117.92391
08/04/2020,AQS,21,13,ug/m3 LC,58,Azusa,1,100,88101,PM2.5 - Local Conditions,143,R & P Model 2000 PM-2.5 Air Sampler w/VSCC,31080,"Los Angeles-Long Beach-Anaheim, CA",6,California,37,Los Angeles,34.1365,-117.92391
08/10/2020,AQS,21,10.9,ug/m3 LC,54,Azusa,1,100,88101,PM2.5 - Local Conditions,143,R & P Model 2000 PM-2.5 Air Sampler w/VSCC,31080,"Los Angeles-Long Beach-Anaheim, CA",6,California,37,Los Angeles,34.1365,-117.92391
08/16/2020,AQS,21,13.6,ug/m3 LC,59,Azusa,1,100,88101,PM2.5 - Local Conditions,143,R & P Model 2000 PM-2.5 Air Sampler w/VSCC,31080,"Los Angeles-Long Beach-Anaheim, CA",6,California,37,Los Angeles,34.1365,-117.92391
08/22/2020,AQS,21,18,ug/m3 LC,68,Azusa,1,100,88101,PM2.5 - Local Conditions,143,R & P Model 2000 PM-2.5 Air Sampler w/VSCC,31080,"Los Angeles-Long Beach-Anaheim, CA",6,California,37,Los Angeles,34.1365,-117.92391
08/28/2020,AQS,21,14.7,ug/m3 LC,61,Azusa,1,100,88101,PM2.5 - Local Conditions,143,R & P Model 2000 PM-2.5 Air Sampler w/VSCC,31080,"Los Angeles-Long Beach-Anaheim, CA",6,California,37,Los Angeles,34.1365,-117.92391
09/03/2020,AQS,21,16.8,ug/m3 LC,65,Azusa,1,100,88101,PM2.5 - Local Conditions,143,R & P Model 2000 PM-2.5 Air Sampler w/VSCC,31080,"Los Angeles-Long Beach-Anaheim, CA",6,California,37,Los Angeles,34.1365,-117.92391
09/09/2020,AQS,21,33,ug/m3 LC,96,Azusa,1,100,88101,PM2.5 - Local Conditions,143,R & P Model 2000 PM-2.5 Air Sampler w/VSCC,31080,"Los Angeles-Long Beach-Anaheim, CA",6,California,37,Los Angeles,34.1365,-117.92391
09/15/2020,AQS,21,53.1,ug/m3 LC,144,Azusa,1,100,88101,PM2.5 - Local Conditions,143,R & P Model 2000 PM-2.5 Air Sampler w/VSCC,31080,"Los Angeles-Long Beach-Anaheim, CA",6,California,37,Los Angeles,34.1365,-117.92391
09/21/2020,AQS,21,17.6,ug/m3 LC,67,Azusa,1,100,88101,PM2.5 - Local Conditions,143,R & P Model 2000 PM-2.5 Air Sampler w/VSCC,31080,"Los Angeles-Long Beach-Anaheim, CA",6,California,37,Los Angeles,34.1365,-117.92391
09/27/2020,AQS,21,17.6,ug/m3 LC,67,Azusa,1,100,88101,PM2.5 - Local Conditions,143,R & P Model 2000 PM-2.5 Air Sampler w/VSCC,31080,"Los Angeles-Long Beach-Anaheim, CA",6,California,37,Los Angeles,34.1365,-117.92391
10/03/2020,AQS,21,25.8,ug/m3 LC,82,Azusa,1,100,88101,PM2.5 - Local Conditions,143,R & P Model 2000 PM-2.5 Air Sampler w/VSCC,31080,"Los Angeles-Long Beach-Anaheim, CA",6,California,37,Los Angeles,34.1365,-117.92391
10/09/2020,AQS,21,18.5,ug/m3 LC,69,Azusa,1,100,88101,PM2.5 - Local Conditions,143,R & P Model 2000 PM-2.5 Air Sampler w/VSCC,31080,"Los Angeles-Long Beach-Anaheim, CA",6,California,37,Los Angeles,34.1365,-117.92391
10/15/2020,AQS,21,19.1,ug/m3 LC,70,Azusa,1,100,88101,PM2.5 - Local Conditions,143,R & P Model 2000 PM-2.5 Air Sampler w/VSCC,31080,"Los Angeles-Long Beach-Anaheim, CA",6,California,37,Los Angeles,34.1365,-117.92391
10/21/2020,AQS,21,32.8,ug/m3 LC,95,Azusa,1,100,88101,PM2.5 - Local Conditions,143,R & P Model 2000 PM-2.5 Air Sampler w/VSCC,31080,"Los Angeles-Long Beach-Anaheim, CA",6,California,37,Los Angeles,34.1365,-117.92391
10/27/2020,AQS,21,50.3,ug/m3 LC,137,Azusa,1,100,88101,PM2.5 - Local Conditions,143,R & P Model 2000 PM-2.5 Air Sampler w/VSCC,31080,"Los Angeles-Long Beach-Anaheim, CA",6,California,37,Los Angeles,34.1365,-117.92391
11/02/2020,AQS,21,20.2,ug/m3 LC,72,Azusa,1,100,88101,PM2.5 - Local Conditions,143,R & P Model 2000 PM-2.5 Air Sampler w/VSCC,31080,"Los Angeles-Long Beach-Anaheim, CA",6,California,37,Los Angeles,34.1365,-117.92391
11/08/2020,AQS,21,4.9,ug/m3 LC,27,Azusa,1,100,88101,PM2.5 - Local Conditions,143,R & P Model 2000 PM-2.5 Air Sampler w/VSCC,31080,"Los Angeles-Long Beach-Anaheim, CA",6,California,37,Los Angeles,34.1365,-117.92391
11/14/2020,AQS,21,10.3,ug/m3 LC,53,Azusa,1,100,88101,PM2.5 - Local Conditions,143,R & P Model 2000 PM-2.5 Air Sampler w/VSCC,31080,"Los Angeles-Long Beach-Anaheim, CA",6,California,37,Los Angeles,34.1365,-117.92391
11/20/2020,AQS,21,15,ug/m3 LC,62,Azusa,1,100,88101,PM2.5 - Local Conditions,143,R & P Model 2000 PM-2.5 Air Sampler w/VSCC,31080,"Los Angeles-Long Beach-Anaheim, CA",6,California,37,Los Angeles,34.1365,-117.92391
11/26/2020,AQS,21,15.2,ug/m3 LC,62,Azusa,1,100,88101,PM2.5 - Local Conditions,143,R & P Model 2000 PM-2.5 Air Sampler w/VSCC,31080,"Los Angeles-Long Beach-Anaheim, CA",6,California,37,Los Angeles,34.1365,-117.92391
12/02/2020,AQS,21,8.7,ug/m3 LC,48,Azusa,1,100,88101,PM2.5 - Local Conditions,143,R & P Model 2000 PM-2.5 Air Sampler w/VSCC,31080,"Los Angeles-Long Beach-Anaheim, CA",6,California,37,Los Angeles,34.1365,-117.92391
12/08/2020,AQS,21,5.5,ug/m3 LC,31,Azusa,1,100,88101,PM2.5 - Local Conditions,143,R & P Model 2000 PM-2.5 Air Sampler w/VSCC,31080,"Los Angeles-Long Beach-Anaheim, CA",6,California,37,Los Angeles,34.1365,-117.92391
12/14/2020,AQS,21,7.9,ug/m3 LC,44,Azusa,1,100,88101,PM2.5 - Local Conditions,143,R & P Model 2000 PM-2.5 Air Sampler w/VSCC,31080,"Los Angeles-Long Beach-Anaheim, CA",6,California,37,Los Angeles,34.1365,-117.92391
12/20/2020,AQS,21,2,ug/m3 LC,11,Azusa,1,100,88101,PM2.5 - Local Conditions,143,R & P Model 2000 PM-2.5 Air Sampler w/VSCC,31080,"Los Angeles-Long Beach-Anaheim, CA",6,California,37,Los Angeles,34.1365,-117.92391
12/26/2020,AQS,21,8.2,ug/m3 LC,46,Azusa,1,100,88101,PM2.5 - Local Conditions,143,R & P Model 2000 PM-2.5 Air Sampler w/VSCC,31080,"Los Angeles-Long Beach-Anaheim, CA",6,California,37,Los Angeles,34.1365,-117.92391
01/10/2021,AQS,1,3.9,ug/m3 LC,22,Azusa,1,100,88101,PM2.5 - Local Conditions,143,R & P Model 2000 PM-2.5 Air Sampler w/VSCC,31080,"Los Angeles-Long Beach-Anaheim, CA",6,California,37,Los Angeles,34.1365,-117.92391
01/16/2021,AQS,1,4.5,ug/m3 LC,25,Azusa,1,100,88101,PM2.5 - Local Conditions,143,R & P Model 2000 PM-2.5 Air Sampler w/VSCC,31080,"Los Angeles-Long Beach-Anaheim, CA",6,California,37,Los Angeles,34.1365,-117.92391
01/22/2021,AQS,1,5.7,ug/m3 LC,32,Azusa,1,100,88101,PM2.5 - Local Conditions,143,R & P Model 2000 PM-2.5 Air Sampler w/VSCC,31080,"Los Angeles-Long Beach-Anaheim, CA",6,California,37,Los Angeles,34.1365,-117.92391
01/28/2021,AQS,1,3.8,ug/m3 LC,21,Azusa,1,100,88101,PM2.5 - Local Conditions,143,R & P Model 2000 PM-2.5 Air Sampler w/VSCC,31080,"Los Angeles-Long Beach-Anaheim, CA",6,California,37,Los Angeles,34.1365,-117.92391
02/03/2021,AQS,1,8.7,ug/m3 LC,48,Azusa,1,100,88101,PM2.5 - Local Conditions,143,R & P Model 2000 PM-2.5 Air Sampler w/VSCC,31080,"Los Angeles-Long Beach-Anaheim, CA",6,California,37,Los Angeles,34.1365,-117.92391
02/09/2021,AQS,1,18.6,ug/m3 LC,69,Azusa,1,100,88101,PM2.5 - Local Conditions,143,R & P Model 2000 PM-2.5 Air Sampler w/VSCC,31080,"Los Angeles-Long Beach-Anaheim, CA",6,California,37,Los Angeles,34.1365,-117.92391
02/15/2021,AQS,1,8.4,ug/m3 LC,47,Azusa,1,100,88101,PM2.5 - Local Conditions,143,R & P Model 2000 PM-2.5 Air Sampler w/VSCC,31080,"Los Angeles-Long Beach-Anaheim, CA",6,California,37,Los Angeles,34.1365,-117.92391
02/21/2021,AQS,1,4.3,ug/m3 LC,24,Azusa,1,100,88101,PM2.5 - Local Conditions,143,R & P Model 2000 PM-2.5 Air Sampler w/VSCC,31080,"Los Angeles-Long Beach-Anaheim, CA",6,California,37,Los Angeles,34.1365,-117.92391
02/27/2021,AQS,1,9,ug/m3 LC,50,Azusa,1,100,88101,PM2.5 - Local Conditions,143,R & P Model 2000 PM-2.5 Air Sampler w/VSCC,31080,"Los Angeles-Long Beach-Anaheim, CA",6,California,37,Los Angeles,34.1365,-117.92391
03/05/2021,AQS,1,7.3,ug/m3 LC,41,Azusa,1,100,88101,PM2.5 - Local Conditions,143,R & P Model 2000 PM-2.5 Air Sampler w/VSCC,31080,"Los Angeles-Long Beach-Anaheim, CA",6,California,37,Los Angeles,34.1365,-117.92391
03/11/2021,AQS,1,1.4,ug/m3 LC,8,Azusa,1,100,88101,PM2.5 - Local Conditions,143,R & P Model 2000 PM-2.5 Air Sampler w/VSCC,31080,"Los Angeles-Long Beach-Anaheim, CA",6,California,37,Los Angeles,34.1365,-117.92391
03/17/2021,AQS,1,9.8,ug/m3 LC,52,Azusa,1,100,88101,PM2.5 - Local Conditions,143,R & P Model 2000 PM-2.5 Air Sampler w/VSCC,31080,"Los Angeles-Long Beach-Anaheim, CA",6,California,37,Los Angeles,34.1365,-117.92391
03/23/2021,AQS,1,8.9,ug/m3 LC,49,Azusa,1,100,88101,PM2.5 - Local Conditions,143,R & P Model 2000 PM-2.5 Air Sampler w/VSCC,31080,"Los Angeles-Long Beach-Anaheim, CA",6,California,37,Los Angeles,34.1365,-117.92391
03/29/2021,AQS,1,9.4,ug/m3 LC,52,Azusa,1,100,88101,PM2.5 - Local Conditions,143,R & P Model 2000 PM-2.5 Air Sampler w/VSCC,31080,"Los Angeles-Long Beach-Anaheim, CA",6,California,37,Los Angeles,34.1365,-117.92391
04/04/2021,AQS,1,15.2,ug/m3 LC,62,Azusa,1,100,88101,PM2.5 - Local Conditions,143,R & P Model 2000 PM-2.5 Air Sampler w/VSCC,31080,"Los Angeles-Long Beach-Anaheim, CA",6,California,37,Los Angeles,34.1365,-117.92391
04/10/2021,AQS,1,17.4,ug/m3 LC,66,Azusa,1,100,88101,PM2.5 - Local Conditions,143,R & P Model 2000 PM-2.5 Air Sampler w/VSCC,31080,"Los Angeles-Long Beach-Anaheim, CA",6,California,37,Los Angeles,34.1365,-117.92391
04/16/2021,AQS,1,14.1,ug/m3 LC,60,Azusa,1,100,88101,PM2.5 - Local Conditions,143,R & P Model 2000 PM-2.5 Air Sampler w/VSCC,31080,"Los Angeles-Long Beach-Anaheim, CA",6,California,37,Los Angeles,34.1365,-117.92391
04/22/2021,AQS,1,9.6,ug/m3 LC,52,Azusa,1,100,88101,PM2.5 - Local Conditions,143,R & P Model 2000 PM-2.5 Air Sampler w/VSCC,31080,"Los Angeles-Long Beach-Anaheim, CA",6,California,37,Los Angeles,34.1365,-117.92391
04/28/2021,AQS,1,8,ug/m3 LC,44,Azusa,1,100,88101,PM2.5 - Local Conditions,143,R & P Model 2000 PM-2.5 Air Sampler w/VSCC,31080,"Los Angeles-Long Beach-Anaheim, CA",6,California,37,Los Angeles,34.1365,-117.92391
05/04/2021,AQS,1,17.6,ug/m3 LC,67,Azusa,1,100,88101,PM2.5 - Local Conditions,143,R & P Model 2000 PM-2.5 Air Sampler w/VSCC,31080,"Los Angeles-Long Beach-Anaheim, CA",6,California,37,Los Angeles,34.1365,-117.92391
05/10/2021,AQS,1,12.3,ug/m3 LC,57,Azusa,1,100,88101,PM2.5 - Local Conditions,143,R & P Model 2000 PM-2.5 Air Sampler w/VSCC,31080,"Los Angeles-Long Beach-Anaheim, CA",6,California,37,Los Angeles,34.1365,-117.92391
05/16/2021,AQS,1,4.1,ug/m3 LC,23,Azusa,1,100,88101,PM2.5 - Local Conditions,143,R & P Model 2000 PM-2.5 Air Sampler w/VSCC,31080,"Los Angeles-Long Beach-Anaheim, CA",6,California,37,Los Angeles,34.1365,-117.92391
05/22/2021,AQS,1,10.4,ug/m3 LC,53,Azusa,1,100,88101,PM2.5 - Local Conditions,143,R & P Model 2000 PM-2.5 Air Sampler w/VSCC,31080,"Los Angeles-Long Beach-Anaheim, CA",6,California,37,Los Angeles,34.1365,-117.92391
05/28/2021,AQS,1,12.9,ug/m3 LC,58,Azusa,1,100,88101,PM2.5 - Local Conditions,143,R & P Model 2000 PM-2.5 Air Sampler w/VSCC,31080,"Los Angeles-Long Beach-Anaheim, CA",6,California,37,Los Angeles,34.1365,-117.92391
06/09/2021,AQS,1,7.8,ug/m3 LC,43,Azusa,1,100,88101,PM2.5 - Local Conditions,143,R & P Model 2000 PM-2.5 Air Sampler w/VSCC,31080,"Los Angeles-Long Beach-Anaheim, CA",6,California,37,Los Angeles,34.1365,-117.92391
06/15/2021,AQS,1,14.3,ug/m3 LC,61,Azusa,1,100,88101,PM2.5 - Local Conditions,143,R & P Model 2000 PM-2.5 Air Sampler w/VSCC,31080,"Los Angeles-Long Beach-Anaheim, CA",6,California,37,Los Angeles,34.1365,-117.92391
06/21/2021,AQS,1,10.7,ug/m3 LC,54,Azusa,1,100,88101,PM2.5 - Local Conditions,143,R & P Model 2000 PM-2.5 Air Sampler w/VSCC,31080,"Los Angeles-Long Beach-Anaheim, CA",6,California,37,Los Angeles,34.1365,-117.92391
06/27/2021,AQS,1,13.1,ug/m3 LC,58,Azusa,1,100,88101,PM2.5 - Local Conditions,143,R & P Model 2000 PM-2.5 Air Sampler w/VSCC,31080,"Los Angeles-Long Beach-Anaheim, CA",6,California,37,Los Angeles,34.1365,-117.92391
07/03/2021,AQS,1,12.3,ug/m3 LC,57,Azusa,1,100,88101,PM2.5 - Local Conditions,143,R & P Model 2000 PM-2.5 Air Sampler w/VSCC,31080,"Los Angeles-Long Beach-Anaheim, CA",6,California,37,Los Angeles,34.1365,-117.92391
07/09/2021,AQS,1,13.9,ug/m3 LC,60,Azusa,1,100,88101,PM2.5 - Local Conditions,143,R & P Model 2000 PM-2.5 Air Sampler w/VSCC,31080,"Los Angeles-Long Beach-Anaheim, CA",6,California,37,Los Angeles,34.1365,-117.92391
07/15/2021,AQS,1,9.2,ug/m3 LC,51,Azusa,1,100,88101,PM2.5 - Local Conditions,143,R & P Model 2000 PM-2.5 Air Sampler w/VSCC,31080,"Los Angeles-Long Beach-Anaheim, CA",6,California,37,Los Angeles,34.1365,-117.92391
07/21/2021,AQS,1,14.9,ug/m3 LC,62,Azusa,1,100,88101,PM2.5 - Local Conditions,143,R & P Model 2000 PM-2.5 Air Sampler w/VSCC,31080,"Los Angeles-Long Beach-Anaheim, CA",6,California,37,Los Angeles,34.1365,-117.92391
07/27/2021,AQS,1,11,ug/m3 LC,55,Azusa,1,100,88101,PM2.5 - Local Conditions,143,R & P Model 2000 PM-2.5 Air Sampler w/VSCC,31080,"Los Angeles-Long Beach-Anaheim, CA",6,California,37,Los Angeles,34.1365,-117.92391
08/02/2021,AQS,1,11.2,ug/m3 LC,55,Azusa,1,100,88101,PM2.5 - Local Conditions,143,R & P Model 2000 PM-2.5 Air Sampler w/VSCC,31080,"Los Angeles-Long Beach-Anaheim, CA",6,California,37,Los Angeles,34.1365,-117.92391
08/08/2021,AQS,1,12,ug/m3 LC,56,Azusa,1,100,88101,PM2.5 - Local Conditions,143,R & P Model 2000 PM-2.5 Air Sampler w/VSCC,31080,"Los Angeles-Long Beach-Anaheim, CA",6,California,37,Los Angeles,34.1365,-117.92391
08/14/2021,AQS,1,11.7,ug/m3 LC,56,Azusa,1,100,88101,PM2.5 - Local Conditions,143,R & P Model 2000 PM-2.5 Air Sampler w/VSCC,31080,"Los Angeles-Long Beach-Anaheim, CA",6,California,37,Los Angeles,34.1365,-117.92391
08/20/2021,AQS,1,8,ug/m3 LC,44,Azusa,1,100,88101,PM2.5 - Local Conditions,143,R & P Model 2000 PM-2.5 Air Sampler w/VSCC,31080,"Los Angeles-Long Beach-Anaheim, CA",6,California,37,Los Angeles,34.1365,-117.92391
08/26/2021,AQS,1,21.1,ug/m3 LC,73,Azusa,1,100,88101,PM2.5 - Local Conditions,143,R & P Model 2000 PM-2.5 Air Sampler w/VSCC,31080,"Los Angeles-Long Beach-Anaheim, CA",6,California,37,Los Angeles,34.1365,-117.92391
09/01/2021,AQS,1,15.1,ug/m3 LC,62,Azusa,1,100,88101,PM2.5 - Local Conditions,143,R & P Model 2000 PM-2.5 Air Sampler w/VSCC,31080,"Los Angeles-Long Beach-Anaheim, CA",6,California,37,Los Angeles,34.1365,-117.92391
09/07/2021,AQS,1,17.3,ug/m3 LC,66,Azusa,1,100,88101,PM2.5 - Local Conditions,143,R & P Model 2000 PM-2.5 Air Sampler w/VSCC,31080,"Los Angeles-Long Beach-Anaheim, CA",6,California,37,Los Angeles,34.1365,-117.92391
09/13/2021,AQS,1,14.2,ug/m3 LC,61,Azusa,1,100,88101,PM2.5 - Local Conditions,143,R & P Model 2000 PM-2.5 Air Sampler w/VSCC,31080,"Los Angeles-Long Beach-Anaheim, CA",6,California,37,Los Angeles,34.1365,-117.92391
09/19/2021,AQS,1,11.5,ug/m3 LC,55,Azusa,1,100,88101,PM2.5 - Local Conditions,143,R & P Model 2000 PM-2.5 Air Sampler w/VSCC,31080,"Los Angeles-Long Beach-Anaheim, CA",6,California,37,Los Angeles,34.1365,-117.92391
09/25/2021,AQS,1,13.7,ug/m3 LC,60,Azusa,1,100,88101,PM2.5 - Local Conditions,143,R & P Model 2000 PM-2.5 Air Sampler w/VSCC,31080,"Los Angeles-Long Beach-Anaheim, CA",6,California,37,Los Angeles,34.1365,-117.92391
10/01/2021,AQS,1,6.5,ug/m3 LC,36,Azusa,1,100,88101,PM2.5 - Local Conditions,143,R & P Model 2000 PM-2.5 Air Sampler w/VSCC,31080,"Los Angeles-Long Beach-Anaheim, CA",6,California,37,Los Angeles,34.1365,-117.92391
10/07/2021,AQS,1,9.1,ug/m3 LC,51,Azusa,1,100,88101,PM2.5 - Local Conditions,143,R & P Model 2000 PM-2.5 Air Sampler w/VSCC,31080,"Los Angeles-Long Beach-Anaheim, CA",6,California,37,Los Angeles,34.1365,-117.92391
10/13/2021,AQS,1,6.6,ug/m3 LC,37,Azusa,1,100,88101,PM2.5 - Local Conditions,143,R & P Model 2000 PM-2.5 Air Sampler w/VSCC,31080,"Los Angeles-Long Beach-Anaheim, CA",6,California,37,Los Angeles,34.1365,-117.92391
10/19/2021,AQS,1,7.5,ug/m3 LC,42,Azusa,1,100,88101,PM2.5 - Local Conditions,143,R & P Model 2000 PM-2.5 Air Sampler w/VSCC,31080,"Los Angeles-Long Beach-Anaheim, CA",6,California,37,Los Angeles,34.1365,-117.92391
10/25/2021,AQS,1,8,ug/m3 LC,44,Azusa,1,100,88101,PM2.5 - Local Conditions,143,R & P Model 2000 PM-2.5 Air Sampler w/VSCC,31080,"Los Angeles-Long Beach-Anaheim, CA",6,California,37,Los Angeles,34.1365,-117.92391
10/31/2021,AQS,1,23.5,ug/m3 LC,78,Azusa,1,100,88101,PM2.5 - Local Conditions,143,R & P Model 2000 PM-2.5 Air Sampler w/VSCC,31080,"Los Angeles-Long Beach-Anaheim, CA",6,California,37,Los Angeles,34.1365,-117.92391
11/06/2021,AQS,1,61.9,ug/m3 LC,155,Azusa,1,100,88101,PM2.5 - Local Conditions,143,R & P Model 2000 PM-2.5 Air Sampler w/VSCC,31080,"Los Angeles-Long Beach-Anaheim, CA",6,California,37,Los Angeles,34.1365,-117.92391
11/12/2021,AQS,1,4.3,ug/m3 LC,24,Azusa,1,100,88101,PM2.5 - Local Conditions,143,R & P Model 2000 PM-2.5 Air Sampler w/VSCC,31080,"Los Angeles-Long Beach-Anaheim, CA",6,California,37,Los Angeles,34.1365,-117.92391
11/18/2021,AQS,1,32.2,ug/m3 LC,94,Azusa,1,100,88101,PM2.5 - Local Conditions,143,R & P Model 2000 PM-2.5 Air Sampler w/VSCC,31080,"Los Angeles-Long Beach-Anaheim, CA",6,California,37,Los Angeles,34.1365,-117.92391
11/24/2021,AQS,1,5.6,ug/m3 LC,31,Azusa,1,100,88101,PM2.5 - Local Conditions,143,R & P Model 2000 PM-2.5 Air Sampler w/VSCC,31080,"Los Angeles-Long Beach-Anaheim, CA",6,California,37,Los Angeles,34.1365,-117.92391
11/30/2021,AQS,1,30.3,ug/m3 LC,90,Azusa,1,100,88101,PM2.5 - Local Conditions,143,R & P Model 2000 PM-2.5 Air Sampler w/VSCC,31080,"Los Angeles-Long Beach-Anaheim, CA",6,California,37,Los Angeles,34.1365,-117.92391
12/06/2021,AQS,1,36.1,ug/m3 LC,102,Azusa,1,100,88101,PM2.5 - Local Conditions,143,R & P Model 2000 PM-2.5 Air Sampler w/VSCC,31080,"Los Angeles-Long Beach-Anaheim, CA",6,California,37,Los Angeles,34.1365,-117.92391
12/12/2021,AQS,1,8,ug/m3 LC,44,Azusa,1,100,88101,PM2.5 - Local Conditions,143,R & P Model 2000 PM-2.5 Air Sampler w/VSCC,31080,"Los Angeles-Long Beach-Anaheim, CA",6,California,37,Los Angeles,34.1365,-117.92391
12/18/2021,AQS,1,3.9,ug/m3 LC,22,Azusa,1,100,88101,PM2.5 - Local Conditions,143,R & P Model 2000 PM-2.5 Air Sampler w/VSCC,31080,"Los Angeles-Long Beach-Anaheim, CA",6,California,37,Los Angeles,34.1365,-117.92391
12/24/2021,AQS,1,4.6,ug/m3 LC,26,Azusa,1,100,88101,PM2.5 - Local Conditions,143,R & P Model 2000 PM-2.5 Air Sampler w/VSCC,31080,"Los Angeles-Long Beach-Anaheim, CA",6,California,37,Los Angeles,34.1365,-117.92391
12/30/2021,AQS,1,0.9,ug/m3 LC,5,Azusa,1,100,88101,PM2.5 - Local Conditions,143,R & P Model 2000 PM-2.5 Air Sampler w/VSCC,31080,"Los Angeles-Long Beach-Anaheim, CA",6,California,37,Los Angeles,34.1365,-117.92391
01/01/2021,AQS,21,5.6,ug/m3 LC,31,Azusa,1,100,88101,PM2.5 - Local Conditions,143,R & P Model 2000 PM-2.5 Air Sampler w/VSCC,31080,"Los Angeles-Long Beach-Anaheim, CA",6,California,37,Los Angeles,34.1365,-117.92391
01/07/2021,AQS,21,11,ug/m3 LC,55,Azusa,1,100,88101,PM2.5 - Local Conditions,143,R & P Model 2000 PM-2.5 Air Sampler w/VSCC,31080,"Los Angeles-Long Beach-Anaheim, CA",6,California,37,Los Angeles,34.1365,-117.92391
01/13/2021,AQS,21,4.8,ug/m3 LC,27,Azusa,1,100,88101,PM2.5 - Local Conditions,143,R & P Model 2000 PM-2.5 Air Sampler w/VSCC,31080,"Los Angeles-Long Beach-Anaheim, CA",6,California,37,Los Angeles,34.1365,-117.92391
01/19/2021,AQS,21,13,ug/m3 LC,58,Azusa,1,100,88101,PM2.5 - Local Conditions,143,R & P Model 2000 PM-2.5 Air Sampler w/VSCC,31080,"Los Angeles-Long Beach-Anaheim, CA",6,California,37,Los Angeles,34.1365,-117.92391
01/25/2021,AQS,21,2.6,ug/m3 LC,14,Azusa,1,100,88101,PM2.5 - Local Conditions,143,R & P Model 2000 PM-2.5 Air Sampler w/VSCC,31080,"Los Angeles-Long Beach-Anaheim, CA",6,California,37,Los Angeles,34.1365,-117.92391
01/31/2021,AQS,21,2.3,ug/m3 LC,13,Azusa,1,100,88101,PM2.5 - Local Conditions,143,R & P Model 2000 PM-2.5 Air Sampler w/VSCC,31080,"Los Angeles-Long Beach-Anaheim, CA",6,California,37,Los Angeles,34.1365,-117.92391
02/06/2021,AQS,21,17.4,ug/m3 LC,66,Azusa,1,100,88101,PM2.5 - Local Conditions,143,R & P Model 2000 PM-2.5 Air Sampler w/VSCC,31080,"Los Angeles-Long Beach-Anaheim, CA",6,California,37,Los Angeles,34.1365,-117.92391
02/12/2021,AQS,21,8.2,ug/m3 LC,46,Azusa,1,100,88101,PM2.5 - Local Conditions,143,R & P Model 2000 PM-2.5 Air Sampler w/VSCC,31080,"Los Angeles-Long Beach-Anaheim, CA",6,California,37,Los Angeles,34.1365,-117.92391
02/18/2021,AQS,21,6,ug/m3 LC,33,Azusa,1,100,88101,PM2.5 - Local Conditions,143,R & P Model 2000 PM-2.5 Air Sampler w/VSCC,31080,"Los Angeles-Long Beach-Anaheim, CA",6,California,37,Los Angeles,34.1365,-117.92391
02/24/2021,AQS,21,8,ug/m3 LC,44,Azusa,1,100,88101,PM2.5 - Local Conditions,143,R & P Model 2000 PM-2.5 Air Sampler w/VSCC,31080,"Los Angeles-Long Beach-Anaheim, CA",6,California,37,Los Angeles,34.1365,-117.92391
03/02/2021,AQS,21,4.1,ug/m3 LC,23,Azusa,1,100,88101,PM2.5 - Local Conditions,143,R & P Model 2000 PM-2.5 Air Sampler w/VSCC,31080,"Los Angeles-Long Beach-Anaheim, CA",6,California,37,Los Angeles,34.1365,-117.92391
03/08/2021,AQS,21,7.2,ug/m3 LC,40,Azusa,1,100,88101,PM2.5 - Local Conditions,143,R & P Model 2000 PM-2.5 Air Sampler w/VSCC,31080,"Los Angeles-Long Beach-Anaheim, CA",6,California,37,Los Angeles,34.1365,-117.92391
03/14/2021,AQS,21,10.5,ug/m3 LC,54,Azusa,1,100,88101,PM2.5 - Local Conditions,143,R & P Model 2000 PM-2.5 Air Sampler w/VSCC,31080,"Los Angeles-Long Beach-Anaheim, CA",6,California,37,Los Angeles,34.1365,-117.92391
03/20/2021,AQS,21,7,ug/m3 LC,39,Azusa,1,100,88101,PM2.5 - Local Conditions,143,R & P Model 2000 PM-2.5 Air Sampler w/VSCC,31080,"Los Angeles-Long Beach-Anaheim, CA",6,California,37,Los Angeles,34.1365,-117.92391
03/26/2021,AQS,21,7.7,ug/m3 LC,43,Azusa,1,100,88101,PM2.5 - Local Conditions,143,R & P Model 2000 PM-2.5 Air Sampler w/VSCC,31080,"Los Angeles-Long Beach-Anaheim, CA",6,California,37,Los Angeles,34.1365,-117.92391
04/01/2021,AQS,21,8.5,ug/m3 LC,47,Azusa,1,100,88101,PM2.5 - Local Conditions,143,R & P Model 2000 PM-2.5 Air Sampler w/VSCC,31080,"Los Angeles-Long Beach-Anaheim, CA",6,California,37,Los Angeles,34.1365,-117.92391
04/07/2021,AQS,21,14.9,ug/m3 LC,62,Azusa,1,100,88101,PM2.5 - Local Conditions,143,R & P Model 2000 PM-2.5 Air Sampler w/VSCC,31080,"Los Angeles-Long Beach-Anaheim, CA",6,California,37,Los Angeles,34.1365,-117.92391
04/13/2021,AQS,21,12.7,ug/m3 LC,58,Azusa,1,100,88101,PM2.5 - Local Conditions,143,R & P Model 2000 PM-2.5 Air Sampler w/VSCC,31080,"Los Angeles-Long Beach-Anaheim, CA",6,California,37,Los Angeles,34.1365,-117.92391
04/19/2021,AQS,21,9.9,ug/m3 LC,52,Azusa,1,100,88101,PM2.5 - Local Conditions,143,R & P Model 2000 PM-2.5 Air Sampler w/VSCC,31080,"Los Angeles-Long Beach-Anaheim, CA",6,California,37,Los Angeles,34.1365,-117.92391
04/25/2021,AQS,21,7.1,ug/m3 LC,39,Azusa,1,100,88101,PM2.5 - Local Conditions,143,R & P Model 2000 PM-2.5 Air Sampler w/VSCC,31080,"Los Angeles-Long Beach-Anaheim, CA",6,California,37,Los Angeles,34.1365,-117.92391
05/01/2021,AQS,21,14.7,ug/m3 LC,61,Azusa,1,100,88101,PM2.5 - Local Conditions,143,R & P Model 2000 PM-2.5 Air Sampler w/VSCC,31080,"Los Angeles-Long Beach-Anaheim, CA",6,California,37,Los Angeles,34.1365,-117.92391
05/07/2021,AQS,21,11.7,ug/m3 LC,56,Azusa,1,100,88101,PM2.5 - Local Conditions,143,R & P Model 2000 PM-2.5 Air Sampler w/VSCC,31080,"Los Angeles-Long Beach-Anaheim, CA",6,California,37,Los Angeles,34.1365,-117.92391
05/13/2021,AQS,21,12,ug/m3 LC,56,Azusa,1,100,88101,PM2.5 - Local Conditions,143,R & P Model 2000 PM-2.5 Air Sampler w/VSCC,31080,"Los Angeles-Long Beach-Anaheim, CA",6,California,37,Los Angeles,34.1365,-117.92391
05/19/2021,AQS,21,11.8,ug/m3 LC,56,Azusa,1,100,88101,PM2.5 - Local Conditions,143,R & P Model 2000 PM-2.5 Air Sampler w/VSCC,31080,"Los Angeles-Long Beach-Anaheim, CA",6,California,37,Los Angeles,34.1365,-117.92391
05/25/2021,AQS,21,12,ug/m3 LC,56,Azusa,1,100,88101,PM2.5 - Local Conditions,143,R & P Model 2000 PM-2.5 Air Sampler w/VSCC,31080,"Los Angeles-Long Beach-Anaheim, CA",6,California,37,Los Angeles,34.1365,-117.92391
05/31/2021,AQS,21,11,ug/m3 LC,55,Azusa,1,100,88101,PM2.5 - Local Conditions,143,R & P Model 2000 PM-2.5 Air Sampler w/VSCC,31080,"Los Angeles-Long Beach-Anaheim, CA",6,California,37,Los Angeles,34.1365,-117.92391
06/06/2021,AQS,21,6,ug/m3 LC,33,Azusa,1,100,88101,PM2.5 - Local Conditions,143,R & P Model 2000 PM-2.5 Air Sampler w/VSCC,31080,"Los Angeles-Long Beach-Anaheim, CA",6,California,37,Los Angeles,34.1365,-117.92391
06/12/2021,AQS,21,11.1,ug/m3 LC,55,Azusa,1,100,88101,PM2.5 - Local Conditions,143,R & P Model 2000 PM-2.5 Air Sampler w/VSCC,31080,"Los Angeles-Long Beach-Anaheim, CA",6,California,37,Los Angeles,34.1365,-117.92391
06/18/2021,AQS,21,12.9,ug/m3 LC,58,Azusa,1,100,88101,PM2.5 - Local Conditions,143,R & P Model 2000 PM-2.5 Air Sampler w/VSCC,31080,"Los Angeles-Long Beach-Anaheim, CA",6,California,37,Los Angeles,34.1365,-117.92391
06/24/2021,AQS,21,5.6,ug/m3 LC,31,Azusa,1,100,88101,PM2.5 - Local Conditions,143,R & P Model 2000 PM-2.5 Air Sampler w/VSCC,31080,"Los Angeles-Long Beach-Anaheim, CA",6,California,37,Los Angeles,34.1365,-117.92391
06/30/2021,AQS,21,10,ug/m3 LC,53,Azusa,1,100,88101,PM2.5 - Local Conditions,143,R & P Model 2000 PM-2.5 Air Sampler w/VSCC,31080,"Los Angeles-Long Beach-Anaheim, CA",6,California,37,Los Angeles,34.1365,-117.92391
07/06/2021,AQS,21,11.4,ug/m3 LC,55,Azusa,1,100,88101,PM2.5 - Local Conditions,143,R & P Model 2000 PM-2.5 Air Sampler w/VSCC,31080,"Los Angeles-Long Beach-Anaheim, CA",6,California,37,Los Angeles,34.1365,-117.92391
07/12/2021,AQS,21,11.7,ug/m3 LC,56,Azusa,1,100,88101,PM2.5 - Local Conditions,143,R & P Model 2000 PM-2.5 Air Sampler w/VSCC,31080,"Los Angeles-Long Beach-Anaheim, CA",6,California,37,Los Angeles,34.1365,-117.92391
07/18/2021,AQS,21,10.2,ug/m3 LC,53,Azusa,1,100,88101,PM2.5 - Local Conditions,143,R & P Model 2000 PM-2.5 Air Sampler w/VSCC,31080,"Los Angeles-Long Beach-Anaheim, CA",6,California,37,Los Angeles,34.1365,-117.92391
07/24/2021,AQS,21,14.5,ug/m3 LC,61,Azusa,1,100,88101,PM2.5 - Local Conditions,143,R & P Model 2000 PM-2.5 Air Sampler w/VSCC,31080,"Los Angeles-Long Beach-Anaheim, CA",6,California,37,Los Angeles,34.1365,-117.92391
07/30/2021,AQS,21,12.1,ug/m3 LC,57,Azusa,1,100,88101,PM2.5 - Local Conditions,143,R & P Model 2000 PM-2.5 Air Sampler w/VSCC,31080,"Los Angeles-Long Beach-Anaheim, CA",6,California,37,Los Angeles,34.1365,-117.92391
08/05/2021,AQS,21,15.8,ug/m3 LC,63,Azusa,1,100,88101,PM2.5 - Local Conditions,143,R & P Model 2000 PM-2.5 Air Sampler w/VSCC,31080,"Los Angeles-Long Beach-Anaheim, CA",6,California,37,Los Angeles,34.1365,-117.92391
08/11/2021,AQS,21,11.7,ug/m3 LC,56,Azusa,1,100,88101,PM2.5 - Local Conditions,143,R & P Model 2000 PM-2.5 Air Sampler w/VSCC,31080,"Los Angeles-Long Beach-Anaheim, CA",6,California,37,Los Angeles,34.1365,-117.92391
08/17/2021,AQS,21,11.2,ug/m3 LC,55,Azusa,1,100,88101,PM2.5 - Local Conditions,143,R & P Model 2000 PM-2.5 Air Sampler w/VSCC,31080,"Los Angeles-Long Beach-Anaheim, CA",6,California,37,Los Angeles,34.1365,-117.92391
08/23/2021,AQS,21,14.5,ug/m3 LC,61,Azusa,1,100,88101,PM2.5 - Local Conditions,143,R & P Model 2000 PM-2.5 Air Sampler w/VSCC,31080,"Los Angeles-Long Beach-Anaheim, CA",6,California,37,Los Angeles,34.1365,-117.92391
08/29/2021,AQS,21,15.7,ug/m3 LC,63,Azusa,1,100,88101,PM2.5 - Local Conditions,143,R & P Model 2000 PM-2.5 Air Sampler w/VSCC,31080,"Los Angeles-Long Beach-Anaheim, CA",6,California,37,Los Angeles,34.1365,-117.92391
09/04/2021,AQS,21,12.5,ug/m3 LC,57,Azusa,1,100,88101,PM2.5 - Local Conditions,143,R & P Model 2000 PM-2.5 Air Sampler w/VSCC,31080,"Los Angeles-Long Beach-Anaheim, CA",6,California,37,Los Angeles,34.1365,-117.92391
09/10/2021,AQS,21,12.2,ug/m3 LC,57,Azusa,1,100,88101,PM2.5 - Local Conditions,143,R & P Model 2000 PM-2.5 Air Sampler w/VSCC,31080,"Los Angeles-Long Beach-Anaheim, CA",6,California,37,Los Angeles,34.1365,-117.92391
09/16/2021,AQS,21,14.7,ug/m3 LC,61,Azusa,1,100,88101,PM2.5 - Local Conditions,143,R & P Model 2000 PM-2.5 Air Sampler w/VSCC,31080,"Los Angeles-Long Beach-Anaheim, CA",6,California,37,Los Angeles,34.1365,-117.92391
09/22/2021,AQS,21,11.9,ug/m3 LC,56,Azusa,1,100,88101,PM2.5 - Local Conditions,143,R & P Model 2000 PM-2.5 Air Sampler w/VSCC,31080,"Los Angeles-Long Beach-Anaheim, CA",6,California,37,Los Angeles,34.1365,-117.92391
09/28/2021,AQS,21,7,ug/m3 LC,39,Azusa,1,100,88101,PM2.5 - Local Conditions,143,R & P Model 2000 PM-2.5 Air Sampler w/VSCC,31080,"Los Angeles-Long Beach-Anaheim, CA",6,California,37,Los Angeles,34.1365,-117.92391
10/04/2021,AQS,21,10.2,ug/m3 LC,53,Azusa,1,100,88101,PM2.5 - Local Conditions,143,R & P Model 2000 PM-2.5 Air Sampler w/VSCC,31080,"Los Angeles-Long Beach-Anaheim, CA",6,California,37,Los Angeles,34.1365,-117.92391
10/10/2021,AQS,21,8.5,ug/m3 LC,47,Azusa,1,100,88101,PM2.5 - Local Conditions,143,R & P Model 2000 PM-2.5 Air Sampler w/VSCC,31080,"Los Angeles-Long Beach-Anaheim, CA",6,California,37,Los Angeles,34.1365,-117.92391
10/16/2021,AQS,21,6.1,ug/m3 LC,34,Azusa,1,100,88101,PM2.5 - Local Conditions,143,R & P Model 2000 PM-2.5 Air Sampler w/VSCC,31080,"Los Angeles-Long Beach-Anaheim, CA",6,California,37,Los Angeles,34.1365,-117.92391
10/22/2021,AQS,21,14.4,ug/m3 LC,61,Azusa,1,100,88101,PM2.5 - Local Conditions,143,R & P Model 2000 PM-2.5 Air Sampler w/VSCC,31080,"Los Angeles-Long Beach-Anaheim, CA",6,California,37,Los Angeles,34.1365,-117.92391
10/28/2021,AQS,21,4.5,ug/m3 LC,25,Azusa,1,100,88101,PM2.5 - Local Conditions,143,R & P Model 2000 PM-2.5 Air Sampler w/VSCC,31080,"Los Angeles-Long Beach-Anaheim, CA",6,California,37,Los Angeles,34.1365,-117.92391
11/03/2021,AQS,21,20.8,ug/m3 LC,73,Azusa,1,100,88101,PM2.5 - Local Conditions,143,R & P Model 2000 PM-2.5 Air Sampler w/VSCC,31080,"Los Angeles-Long Beach-Anaheim, CA",6,California,37,Los Angeles,34.1365,-117.92391
11/09/2021,AQS,21,14.1,ug/m3 LC,60,Azusa,1,100,88101,PM2.5 - Local Conditions,143,R & P Model 2000 PM-2.5 Air Sampler w/VSCC,31080,"Los Angeles-Long Beach-Anaheim, CA",6,California,37,Los Angeles,34.1365,-117.92391
11/15/2021,AQS,21,14.6,ug/m3 LC,61,Azusa,1,100,88101,PM2.5 - Local Conditions,143,R & P Model 2000 PM-2.5 Air Sampler w/VSCC,31080,"Los Angeles-Long Beach-Anaheim, CA",6,California,37,Los Angeles,34.1365,-117.92391
11/21/2021,AQS,21,6.8,ug/m3 LC,38,Azusa,1,100,88101,PM2.5 - Local Conditions,143,R & P Model 2000 PM-2.5 Air Sampler w/VSCC,31080,"Los Angeles-Long Beach-Anaheim, CA",6,California,37,Los Angeles,34.1365,-117.92391
11/27/2021,AQS,21,4,ug/m3 LC,22,Azusa,1,100,88101,PM2.5 - Local Conditions,143,R & P Model 2000 PM-2.5 Air Sampler w/VSCC,31080,"Los Angeles-Long Beach-Anaheim, CA",6,California,37,Los Angeles,34.1365,-117.92391
12/03/2021,AQS,21,54.5,ug/m3 LC,148,Azusa,1,100,88101,PM2.5 - Local Conditions,143,R & P Model 2000 PM-2.5 Air Sampler w/VSCC,31080,"Los Angeles-Long Beach-Anaheim, CA",6,California,37,Los Angeles,34.1365,-117.92391
12/09/2021,AQS,21,10.7,ug/m3 LC,54,Azusa,1,100,88101,PM2.5 - Local Conditions,143,R & P Model 2000 PM-2.5 Air Sampler w/VSCC,31080,"Los Angeles-Long Beach-Anaheim, CA",6,California,37,Los Angeles,34.1365,-117.92391
12/15/2021,AQS,21,4.2,ug/m3 LC,23,Azusa,1,100,88101,PM2.5 - Local Conditions,143,R & P Model 2000 PM-2.5 Air Sampler w/VSCC,31080,"Los Angeles-Long Beach-Anaheim, CA",6,California,37,Los Angeles,34.1365,-117.92391
12/21/2021,AQS,21,9.7,ug/m3 LC,52,Azusa,1,100,88101,PM2.5 - Local Conditions,143,R & P Model 2000 PM-2.5 Air Sampler w/VSCC,31080,"Los Angeles-Long Beach-Anaheim, CA",6,California,37,Los Angeles,34.1365,-117.92391
12/27/2021,AQS,21,3.1,ug/m3 LC,17,Azusa,1,100,88101,PM2.5 - Local Conditions,143,R & P Model 2000 PM-2.5 Air Sampler w/VSCC,31080,"Los Angeles-Long Beach-Anaheim, CA",6,California,37,Los Angeles,34.1365,-117.92391
01/05/2022,AQS,1,10.7,ug/m3 LC,54,Azusa,1,100,88101,PM2.5 - Local Conditions,143,R & P Model 2000 PM-2.5 Air Sampler w/VSCC,31080,"Los Angeles-Long Beach-Anaheim, CA",6,California,37,Los Angeles,34.1365,-117.92391
01/11/2022,AQS,1,3.1,ug/m3 LC,17,Azusa,1,100,88101,PM2.5 - Local Conditions,143,R & P Model 2000 PM-2.5 Air Sampler w/VSCC,31080,"Los Angeles-Long Beach-Anaheim, CA",6,California,37,Los Angeles,34.1365,-117.92391
01/17/2022,AQS,1,11.9,ug/m3 LC,56,Azusa,1,100,88101,PM2.5 - Local Conditions,143,R & P Model 2000 PM-2.5 Air Sampler w/VSCC,31080,"Los Angeles-Long Beach-Anaheim, CA",6,California,37,Los Angeles,34.1365,-117.92391
01/23/2022,AQS,1,3.5,ug/m3 LC,19,Azusa,1,100,88101,PM2.5 - Local Conditions,145,R & P Model 2025 PM-2.5 Sequential Air Sampler w/VSCC,31080,"Los Angeles-Long Beach-Anaheim, CA",6,California,37,Los Angeles,34.1365,-117.92391
01/26/2022,AQS,1,3.4,ug/m3 LC,19,Azusa,1,100,88101,PM2.5 - Local Conditions,145,R & P Model 2025 PM-2.5 Sequential Air Sampler w/VSCC,31080,"Los Angeles-Long Beach-Anaheim, CA",6,California,37,Los Angeles,34.1365,-117.92391
01/29/2022,AQS,1,4.3,ug/m3 LC,24,Azusa,1,100,88101,PM2.5 - Local Conditions,145,R & P Model 2025 PM-2.5 Sequential Air Sampler w/VSCC,31080,"Los Angeles-Long Beach-Anaheim, CA",6,California,37,Los Angeles,34.1365,-117.92391
02/01/2022,AQS,1,18.4,ug/m3 LC,68,Azusa,1,100,88101,PM2.5 - Local Conditions,145,R & P Model 2025 PM-2.5 Sequential Air Sampler w/VSCC,31080,"Los Angeles-Long Beach-Anaheim, CA",6,California,37,Los Angeles,34.1365,-117.92391
02/04/2022,AQS,1,3.7,ug/m3 LC,21,Azusa,1,100,88101,PM2.5 - Local Conditions,145,R & P Model 2025 PM-2.5 Sequential Air Sampler w/VSCC,31080,"Los Angeles-Long Beach-Anaheim, CA",6,California,37,Los Angeles,34.1365,-117.92391
02/07/2022,AQS,1,3.1,ug/m3 LC,17,Azusa,1,100,88101,PM2.5 - Local Conditions,145,R & P Model 2025 PM-2.5 Sequential Air Sampler w/VSCC,31080,"Los Angeles-Long Beach-Anaheim, CA",6,California,37,Los Angeles,34.1365,-117.92391
02/10/2022,AQS,1,5.2,ug/m3 LC,29,Azusa,1,100,88101,PM2.5 - Local Conditions,145,R & P Model 2025 PM-2.5 Sequential Air Sampler w/VSCC,31080,"Los Angeles-Long Beach-Anaheim, CA",6,California,37,Los Angeles,34.1365,-117.92391
02/13/2022,AQS,1,4,ug/m3 LC,22,Azusa,1,100,88101,PM2.5 - Local Conditions,145,R & P Model 2025 PM-2.5 Sequential Air Sampler w/VSCC,31080,"Los Angeles-Long Beach-Anaheim, CA",6,California,37,Los Angeles,34.1365,-117.92391
02/16/2022,AQS,1,4.6,ug/m3 LC,26,Azusa,1,100,88101,PM2.5 - Local Conditions,145,R & P Model 2025 PM-2.5 Sequential Air Sampler w/VSCC,31080,"Los Angeles-Long Beach-Anaheim, CA",6,California,37,Los Angeles,34.1365,-117.92391
02/19/2022,AQS,1,5.3,ug/m3 LC,29,Azusa,1,100,88101,PM2.5 - Local Conditions,145,R & P Model 2025 PM-2.5 Sequential Air Sampler w/VSCC,31080,"Los Angeles-Long Beach-Anaheim, CA",6,California,37,Los Angeles,34.1365,-117.92391
02/22/2022,AQS,1,4.7,ug/m3 LC,26,Azusa,1,100,88101,PM2.5 - Local Conditions,145,R & P Model 2025 PM-2.5 Sequential Air Sampler w/VSCC,31080,"Los Angeles-Long Beach-Anaheim, CA",6,California,37,Los Angeles,34.1365,-117.92391
02/25/2022,AQS,1,6.2,ug/m3 LC,34,Azusa,1,100,88101,PM2.5 - Local Conditions,145,R & P Model 2025 PM-2.5 Sequential Air Sampler w/VSCC,31080,"Los Angeles-Long Beach-Anaheim, CA",6,California,37,Los Angeles,34.1365,-117.92391
02/28/2022,AQS,1,4.8,ug/m3 LC,27,Azusa,1,100,88101,PM2.5 - Local Conditions,145,R & P Model 2025 PM-2.5 Sequential Air Sampler w/VSCC,31080,"Los Angeles-Long Beach-Anaheim, CA",6,California,37,Los Angeles,34.1365,-117.92391
03/03/2022,AQS,1,12.7,ug/m3 LC,58,Azusa,1,100,88101,PM2.5 - Local Conditions,145,R & P Model 2025 PM-2.5 Sequential Air Sampler w/VSCC,31080,"Los Angeles-Long Beach-Anaheim, CA",6,California,37,Los Angeles,34.1365,-117.92391
03/06/2022,AQS,1,4.6,ug/m3 LC,26,Azusa,1,100,88101,PM2.5 - Local Conditions,145,R & P Model 2025 PM-2.5 Sequential Air Sampler w/VSCC,31080,"Los Angeles-Long Beach-Anaheim, CA",6,California,37,Los Angeles,34.1365,-117.92391
03/09/2022,AQS,1,6.5,ug/m3 LC,36,Azusa,1,100,88101,PM2.5 - Local Conditions,145,R & P Model 2025 PM-2.5 Sequential Air Sampler w/VSCC,31080,"Los Angeles-Long Beach-Anaheim, CA",6,California,37,Los Angeles,34.1365,-117.92391
03/12/2022,AQS,1,4,ug/m3 LC,22,Azusa,1,100,88101,PM2.5 - Local Conditions,145,R & P Model 2025 PM-2.5 Sequential Air Sampler w/VSCC,31080,"Los Angeles-Long Beach-Anaheim, CA",6,California,37,Los Angeles,34.1365,-117.92391
03/15/2022,AQS,1,13.3,ug/m3 LC,59,Azusa,1,100,88101,PM2.5 - Local Conditions,145,R & P Model 2025 PM-2.5 Sequential Air Sampler w/VSCC,31080,"Los Angeles-Long Beach-Anaheim, CA",6,California,37,Los Angeles,34.1365,-117.92391
03/18/2022,AQS,1,9.7,ug/m3 LC,52,Azusa,1,100,88101,PM2.5 - Local Conditions,145,R & P Model 2025 PM-2.5 Sequential Air Sampler w/VSCC,31080,"Los Angeles-Long Beach-Anaheim, CA",6,California,37,Los Angeles,34.1365,-117.92391
03/21/2022,AQS,1,8.4,ug/m3 LC,47,Azusa,1,100,88101,PM2.5 - Local Conditions,145,R & P Model 2025 PM-2.5 Sequential Air Sampler w/VSCC,31080,"Los Angeles-Long Beach-Anaheim, CA",6,California,37,Los Angeles,34.1365,-117.92391
03/24/2022,AQS,1,8.4,ug/m3 LC,47,Azusa,1,100,88101,PM2.5 - Local Conditions,145,R & P Model 2025 PM-2.5 Sequential Air Sampler w/VSCC,31080,"Los Angeles-Long Beach-Anaheim, CA",6,California,37,Los Angeles,34.1365,-117.92391
03/27/2022,AQS,1,9.6,ug/m3 LC,52,Azusa,1,100,88101,PM2.5 - Local Conditions,145,R & P Model 2025 PM-2.5 Sequential Air Sampler w/VSCC,31080,"Los Angeles-Long Beach-Anaheim, CA",6,California,37,Los Angeles,34.1365,-117.92391
03/30/2022,AQS,1,8.3,ug/m3 LC,46,Azusa,1,100,88101,PM2.5 - Local Conditions,145,R & P Model 2025 PM-2.5 Sequential Air Sampler w/VSCC,31080,"Los Angeles-Long Beach-Anaheim, CA",6,California,37,Los Angeles,34.1365,-117.92391
04/02/2022,AQS,1,17.4,ug/m3 LC,66,Azusa,1,100,88101,PM2.5 - Local Conditions,145,R & P Model 2025 PM-2.5 Sequential Air Sampler w/VSCC,31080,"Los Angeles-Long Beach-Anaheim, CA",6,California,37,Los Angeles,34.1365,-117.92391
04/05/2022,AQS,1,15.7,ug/m3 LC,63,Azusa,1,100,88101,PM2.5 - Local Conditions,145,R & P Model 2025 PM-2.5 Sequential Air Sampler w/VSCC,31080,"Los Angeles-Long Beach-Anaheim, CA",6,California,37,Los Angeles,34.1365,-117.92391
04/08/2022,AQS,1,7.1,ug/m3 LC,39,Azusa,1,100,88101,PM2.5 - Local Conditions,145,R & P Model 2025 PM-2.5 Sequential Air Sampler w/VSCC,31080,"Los Angeles-Long Beach-Anaheim, CA",6,California,37,Los Angeles,34.1365,-117.92391
04/11/2022,AQS,1,14.6,ug/m3 LC,61,Azusa,1,100,88101,PM2.5 - Local Conditions,145,R & P Model 2025 PM-2.5 Sequential Air Sampler w/VSCC,31080,"Los Angeles-Long Beach-Anaheim, CA",6,California,37,Los Angeles,34.1365,-117.92391
04/14/2022,AQS,1,9,ug/m3 LC,50,Azusa,1,100,88101,PM2.5 - Local Conditions,145,R & P Model 2025 PM-2.5 Sequential Air Sampler w/VSCC,31080,"Los Angeles-Long Beach-Anaheim, CA",6,California,37,Los Angeles,34.1365,-117.92391
04/17/2022,AQS,1,7.7,ug/m3 LC,43,Azusa,1,100,88101,PM2.5 - Local Conditions,145,R & P Model 2025 PM-2.5 Sequential Air Sampler w/VSCC,31080,"Los Angeles-Long Beach-Anaheim, CA",6,California,37,Los Angeles,34.1365,-117.92391
04/20/2022,AQS,1,5.9,ug/m3 LC,33,Azusa,1,100,88101,PM2.5 - Local Conditions,145,R & P Model 2025 PM-2.5 Sequential Air Sampler w/VSCC,31080,"Los Angeles-Long Beach-Anaheim, CA",6,California,37,Los Angeles,34.1365,-117.92391
04/23/2022,AQS,1,6.7,ug/m3 LC,37,Azusa,1,100,88101,PM2.5 - Local Conditions,145,R & P Model 2025 PM-2.5 Sequential Air Sampler w/VSCC,31080,"Los Angeles-Long Beach-Anaheim, CA",6,California,37,Los Angeles,34.1365,-117.92391
04/26/2022,AQS,1,12.3,ug/m3 LC,57,Azusa,1,100,88101,PM2.5 - Local Conditions,145,R & P Model 2025 PM-2.5 Sequential Air Sampler w/VSCC,31080,"Los Angeles-Long Beach-Anaheim, CA",6,California,37,Los Angeles,34.1365,-117.92391
04/29/2022,AQS,1,14.7,ug/m3 LC,61,Azusa,1,100,88101,PM2.5 - Local Conditions,145,R & P Model 2025 PM-2.5 Sequential Air Sampler w/VSCC,31080,"Los Angeles-Long Beach-Anaheim, CA",6,California,37,Los Angeles,34.1365,-117.92391
05/02/2022,AQS,1,15.5,ug/m3 LC,63,Azusa,1,100,88101,PM2.5 - Local Conditions,145,R & P Model 2025 PM-2.5 Sequential Air Sampler w/VSCC,31080,"Los Angeles-Long Beach-Anaheim, CA",6,California,37,Los Angeles,34.1365,-117.92391
05/07/2022,AQS,1,12.9,ug/m3 LC,58,Azusa,1,100,88101,PM2.5 - Local Conditions,145,R & P Model 2025 PM-2.5 Sequential Air Sampler w/VSCC,31080,"Los Angeles-Long Beach-Anaheim, CA",6,California,37,Los Angeles,34.1365,-117.92391
05/08/2022,AQS,1,10.9,ug/m3 LC,54,Azusa,1,100,88101,PM2.5 - Local Conditions,145,R & P Model 2025 PM-2.5 Sequential Air Sampler w/VSCC,31080,"Los Angeles-Long Beach-Anaheim, CA",6,California,37,Los Angeles,34.1365,-117.92391
05/11/2022,AQS,1,5.1,ug/m3 LC,28,Azusa,1,100,88101,PM2.5 - Local Conditions,145,R & P Model 2025 PM-2.5 Sequential Air Sampler w/VSCC,31080,"Los Angeles-Long Beach-Anaheim, CA",6,California,37,Los Angeles,34.1365,-117.92391
05/14/2022,AQS,1,10.7,ug/m3 LC,54,Azusa,1,100,88101,PM2.5 - Local Conditions,145,R & P Model 2025 PM-2.5 Sequential Air Sampler w/VSCC,31080,"Los Angeles-Long Beach-Anaheim, CA",6,California,37,Los Angeles,34.1365,-117.92391
05/17/2022,AQS,1,13.8,ug/m3 LC,60,Azusa,1,100,88101,PM2.5 - Local Conditions,145,R & P Model 2025 PM-2.5 Sequential Air Sampler w/VSCC,31080,"Los Angeles-Long Beach-Anaheim, CA",6,California,37,Los Angeles,34.1365,-117.92391
05/20/2022,AQS,1,5.4,ug/m3 LC,30,Azusa,1,100,88101,PM2.5 - Local Conditions,145,R & P Model 2025 PM-2.5 Sequential Air Sampler w/VSCC,31080,"Los Angeles-Long Beach-Anaheim, CA",6,California,37,Los Angeles,34.1365,-117.92391
05/23/2022,AQS,1,15.8,ug/m3 LC,63,Azusa,1,100,88101,PM2.5 - Local Conditions,145,R & P Model 2025 PM-2.5 Sequential Air Sampler w/VSCC,31080,"Los Angeles-Long Beach-Anaheim, CA",6,California,37,Los Angeles,34.1365,-117.92391
05/26/2022,AQS,1,13.2,ug/m3 LC,59,Azusa,1,100,88101,PM2.5 - Local Conditions,145,R & P Model 2025 PM-2.5 Sequential Air Sampler w/VSCC,31080,"Los Angeles-Long Beach-Anaheim, CA",6,California,37,Los Angeles,34.1365,-117.92391
05/29/2022,AQS,1,7.9,ug/m3 LC,44,Azusa,1,100,88101,PM2.5 - Local Conditions,145,R & P Model 2025 PM-2.5 Sequential Air Sampler w/VSCC,31080,"Los Angeles-Long Beach-Anaheim, CA",6,California,37,Los Angeles,34.1365,-117.92391
06/01/2022,AQS,1,17.7,ug/m3 LC,67,Azusa,1,100,88101,PM2.5 - Local Conditions,145,R & P Model 2025 PM-2.5 Sequential Air Sampler w/VSCC,31080,"Los Angeles-Long Beach-Anaheim, CA",6,California,37,Los Angeles,34.1365,-117.92391
07/16/2022,AQS,1,14.2,ug/m3 LC,61,Azusa,1,100,88101,PM2.5 - Local Conditions,145,R & P Model 2025 PM-2.5 Sequential Air Sampler w/VSCC,31080,"Los Angeles-Long Beach-Anaheim, CA",6,California,37,Los Angeles,34.1365,-117.92391
07/19/2022,AQS,1,10.7,ug/m3 LC,54,Azusa,1,100,88101,PM2.5 - Local Conditions,145,R & P Model 2025 PM-2.5 Sequential Air Sampler w/VSCC,31080,"Los Angeles-Long Beach-Anaheim, CA",6,California,37,Los Angeles,34.1365,-117.92391
07/22/2022,AQS,1,11.6,ug/m3 LC,56,Azusa,1,100,88101,PM2.5 - Local Conditions,145,R & P Model 2025 PM-2.5 Sequential Air Sampler w/VSCC,31080,"Los Angeles-Long Beach-Anaheim, CA",6,California,37,Los Angeles,34.1365,-117.92391
07/25/2022,AQS,1,11.9,ug/m3 LC,56,Azusa,1,100,88101,PM2.5 - Local Conditions,145,R & P Model 2025 PM-2.5 Sequential Air Sampler w/VSCC,31080,"Los Angeles-Long Beach-Anaheim, CA",6,California,37,Los Angeles,34.1365,-117.92391
07/28/2022,AQS,1,9.3,ug/m3 LC,51,Azusa,1,100,88101,PM2.5 - Local Conditions,145,R & P Model 2025 PM-2.5 Sequential Air Sampler w/VSCC,31080,"Los Angeles-Long Beach-Anaheim, CA",6,California,37,Los Angeles,34.1365,-117.92391
07/31/2022,AQS,1,6.8,ug/m3 LC,38,Azusa,1,100,88101,PM2.5 - Local Conditions,145,R & P Model 2025 PM-2.5 Sequential Air Sampler w/VSCC,31080,"Los Angeles-Long Beach-Anaheim, CA",6,California,37,Los Angeles,34.1365,-117.92391
08/03/2022,AQS,1,10.1,ug/m3 LC,53,Azusa,1,100,88101,PM2.5 - Local Conditions,145,R & P Model 2025 PM-2.5 Sequential Air Sampler w/VSCC,31080,"Los Angeles-Long Beach-Anaheim, CA",6,California,37,Los Angeles,34.1365,-117.92391
08/06/2022,AQS,1,9,ug/m3 LC,50,Azusa,1,100,88101,PM2.5 - Local Conditions,145,R & P Model 2025 PM-2.5 Sequential Air Sampler w/VSCC,31080,"Los Angeles-Long Beach-Anaheim, CA",6,California,37,Los Angeles,34.1365,-117.92391
08/09/2022,AQS,1,11.5,ug/m3 LC,55,Azusa,1,100,88101,PM2.5 - Local Conditions,145,R & P Model 2025 PM-2.5 Sequential Air Sampler w/VSCC,31080,"Los Angeles-Long Beach-Anaheim, CA",6,California,37,Los Angeles,34.1365,-117.92391
08/12/2022,AQS,1,12.7,ug/m3 LC,58,Azusa,1,100,88101,PM2.5 - Local Conditions,145,R & P Model 2025 PM-2.5 Sequential Air Sampler w/VSCC,31080,"Los Angeles-Long Beach-Anaheim, CA",6,California,37,Los Angeles,34.1365,-117.92391
08/15/2022,AQS,1,17.8,ug/m3 LC,67,Azusa,1,100,88101,PM2.5 - Local Conditions,145,R & P Model 2025 PM-2.5 Sequential Air Sampler w/VSCC,31080,"Los Angeles-Long Beach-Anaheim, CA",6,California,37,Los Angeles,34.1365,-117.92391
08/18/2022,AQS,1,10.6,ug/m3 LC,54,Azusa,1,100,88101,PM2.5 - Local Conditions,145,R & P Model 2025 PM-2.5 Sequential Air Sampler w/VSCC,31080,"Los Angeles-Long Beach-Anaheim, CA",6,California,37,Los Angeles,34.1365,-117.92391
08/21/2022,AQS,1,10.9,ug/m3 LC,54,Azusa,1,100,88101,PM2.5 - Local Conditions,145,R & P Model 2025 PM-2.5 Sequential Air Sampler w/VSCC,31080,"Los Angeles-Long Beach-Anaheim, CA",6,California,37,Los Angeles,34.1365,-117.92391
08/24/2022,AQS,1,10.4,ug/m3 LC,53,Azusa,1,100,88101,PM2.5 - Local Conditions,145,R & P Model 2025 PM-2.5 Sequential Air Sampler w/VSCC,31080,"Los Angeles-Long Beach-Anaheim, CA",6,California,37,Los Angeles,34.1365,-117.92391
08/27/2022,AQS,1,9,ug/m3 LC,50,Azusa,1,100,88101,PM2.5 - Local Conditions,145,R & P Model 2025 PM-2.5 Sequential Air Sampler w/VSCC,31080,"Los Angeles-Long Beach-Anaheim, CA",6,California,37,Los Angeles,34.1365,-117.92391
08/30/2022,AQS,1,15.3,ug/m3 LC,63,Azusa,1,100,88101,PM2.5 - Local Conditions,145,R & P Model 2025 PM-2.5 Sequential Air Sampler w/VSCC,31080,"Los Angeles-Long Beach-Anaheim, CA",6,California,37,Los Angeles,34.1365,-117.92391
09/02/2022,AQS,1,16.4,ug/m3 LC,65,Azusa,1,100,88101,PM2.5 - Local Conditions,145,R & P Model 2025 PM-2.5 Sequential Air Sampler w/VSCC,31080,"Los Angeles-Long Beach-Anaheim, CA",6,California,37,Los Angeles,34.1365,-117.92391
09/05/2022,AQS,1,14.3,ug/m3 LC,61,Azusa,1,100,88101,PM2.5 - Local Conditions,145,R & P Model 2025 PM-2.5 Sequential Air Sampler w/VSCC,31080,"Los Angeles-Long Beach-Anaheim, CA",6,California,37,Los Angeles,34.1365,-117.92391
09/08/2022,AQS,1,14.9,ug/m3 LC,62,Azusa,1,100,88101,PM2.5 - Local Conditions,145,R & P Model 2025 PM-2.5 Sequential Air Sampler w/VSCC,31080,"Los Angeles-Long Beach-Anaheim, CA",6,California,37,Los Angeles,34.1365,-117.92391
09/11/2022,AQS,1,5.2,ug/m3 LC,29,Azusa,1,100,88101,PM2.5 - Local Conditions,145,R & P Model 2025 PM-2.5 Sequential Air Sampler w/VSCC,31080,"Los Angeles-Long Beach-Anaheim, CA",6,California,37,Los Angeles,34.1365,-117.92391
09/14/2022,AQS,1,10.3,ug/m3 LC,53,Azusa,1,100,88101,PM2.5 - Local Conditions,145,R & P Model 2025 PM-2.5 Sequential Air Sampler w/VSCC,31080,"Los Angeles-Long Beach-Anaheim, CA",6,California,37,Los Angeles,34.1365,-117.92391
09/17/2022,AQS,1,11.8,ug/m3 LC,56,Azusa,1,100,88101,PM2.5 - Local Conditions,145,R & P Model 2025 PM-2.5 Sequential Air Sampler w/VSCC,31080,"Los Angeles-Long Beach-Anaheim, CA",6,California,37,Los Angeles,34.1365,-117.92391
09/20/2022,AQS,1,4,ug/m3 LC,22,Azusa,1,100,88101,PM2.5 - Local Conditions,145,R & P Model 2025 PM-2.5 Sequential Air Sampler w/VSCC,31080,"Los Angeles-Long Beach-Anaheim, CA",6,California,37,Los Angeles,34.1365,-117.92391
09/23/2022,AQS,1,9.5,ug/m3 LC,52,Azusa,1,100,88101,PM2.5 - Local Conditions,145,R & P Model 2025 PM-2.5 Sequential Air Sampler w/VSCC,31080,"Los Angeles-Long Beach-Anaheim, CA",6,California,37,Los Angeles,34.1365,-117.92391
09/29/2022,AQS,1,16.7,ug/m3 LC,65,Azusa,1,100,88101,PM2.5 - Local Conditions,145,R & P Model 2025 PM-2.5 Sequential Air Sampler w/VSCC,31080,"Los Angeles-Long Beach-Anaheim, CA",6,California,37,Los Angeles,34.1365,-117.92391
01/02/2022,AQS,21,3.1,ug/m3 LC,17,Azusa,1,100,88101,PM2.5 - Local Conditions,143,R & P Model 2000 PM-2.5 Air Sampler w/VSCC,31080,"Los Angeles-Long Beach-Anaheim, CA",6,California,37,Los Angeles,34.1365,-117.92391
01/08/2022,AQS,21,16.2,ug/m3 LC,64,Azusa,1,100,88101,PM2.5 - Local Conditions,143,R & P Model 2000 PM-2.5 Air Sampler w/VSCC,31080,"Los Angeles-Long Beach-Anaheim, CA",6,California,37,Los Angeles,34.1365,-117.92391
01/14/2022,AQS,21,8,ug/m3 LC,44,Azusa,1,100,88101,PM2.5 - Local Conditions,143,R & P Model 2000 PM-2.5 Air Sampler w/VSCC,31080,"Los Angeles-Long Beach-Anaheim, CA",6,California,37,Los Angeles,34.1365,-117.92391
01/20/2022,AQS,21,3.9,ug/m3 LC,22,Azusa,1,100,88101,PM2.5 - Local Conditions,143,R & P Model 2000 PM-2.5 Air Sampler w/VSCC,31080,"Los Angeles-Long Beach-Anaheim, CA",6,California,37,Los Angeles,34.1365,-117.92391
01/03/2023,AQS,1,3.9,ug/m3 LC,22,Pico Rivera #2,1,100,88101,PM2.5 - Local Conditions,145,R & P Model 2025 PM-2.5 Sequential Air Sampler w/VSCC,31080,"Los Angeles-Long Beach-Anaheim, CA",6,California,37,Los Angeles,34.01029,-118.0685
01/06/2023,AQS,1,10,ug/m3 LC,53,Pico Rivera #2,1,100,88101,PM2.5 - Local Conditions,145,R & P Model 2025 PM-2.5 Sequential Air Sampler w/VSCC,31080,"Los Angeles-Long Beach-Anaheim, CA",6,California,37,Los Angeles,34.01029,-118.0685
01/09/2023,AQS,1,7,ug/m3 LC,39,Pico Rivera #2,1,100,88101,PM2.5 - Local Conditions,145,R & P Model 2025 PM-2.5 Sequential Air Sampler w/VSCC,31080,"Los Angeles-Long Beach-Anaheim, CA",6,California,37,Los Angeles,34.01029,-118.0685
01/12/2023,AQS,1,6.4,ug/m3 LC,36,Pico Rivera #2,1,100,88101,PM2.5 - Local Conditions,145,R & P Model 2025 PM-2.5 Sequential Air Sampler w/VSCC,31080,"Los Angeles-Long Beach-Anaheim, CA",6,California,37,Los Angeles,34.01029,-118.0685
01/15/2023,AQS,1,5.4,ug/m3 LC,30,Pico Rivera #2,1,100,88101,PM2.5 - Local Conditions,145,R & P Model 2025 PM-2.5 Sequential Air Sampler w/VSCC,31080,"Los Angeles-Long Beach-Anaheim, CA",6,California,37,Los Angeles,34.01029,-118.0685
01/18/2023,AQS,1,8.8,ug/m3 LC,49,Pico Rivera #2,1,100,88101,PM2.5 - Local Conditions,145,R & P Model 2025 PM-2.5 Sequential Air Sampler w/VSCC,31080,"Los Angeles-Long Beach-Anaheim, CA",6,California,37,Los Angeles,34.01029,-118.0685
01/21/2023,AQS,1,11,ug/m3 LC,55,Pico Rivera #2,1,100,88101,PM2.5 - Local Conditions,145,R & P Model 2025 PM-2.5 Sequential Air Sampler w/VSCC,31080,"Los Angeles-Long Beach-Anaheim, CA",6,California,37,Los Angeles,34.01029,-118.0685
01/24/2023,AQS,1,9.7,ug/m3 LC,52,Pico Rivera #2,1,100,88101,PM2.5 - Local Conditions,145,R & P Model 2025 PM-2.5 Sequential Air Sampler w/VSCC,31080,"Los Angeles-Long Beach-Anaheim, CA",6,California,37,Los Angeles,34.01029,-118.0685
01/27/2023,AQS,1,10,ug/m3 LC,53,Pico Rivera #2,1,100,88101,PM2.5 - Local Conditions,145,R & P Model 2025 PM-2.5 Sequential Air Sampler w/VSCC,31080,"Los Angeles-Long Beach-Anaheim, CA",6,California,37,Los Angeles,34.01029,-118.0685
01/30/2023,AQS,1,4.6,ug/m3 LC,26,Pico Rivera #2,1,100,88101,PM2.5 - Local Conditions,145,R & P Model 2025 PM-2.5 Sequential Air Sampler w/VSCC,31080,"Los Angeles-Long Beach-Anaheim, CA",6,California,37,Los Angeles,34.01029,-118.0685
02/02/2023,AQS,1,11.9,ug/m3 LC,56,Pico Rivera #2,1,100,88101,PM2.5 - Local Conditions,145,R & P Model 2025 PM-2.5 Sequential Air Sampler w/VSCC,31080,"Los Angeles-Long Beach-Anaheim, CA",6,California,37,Los Angeles,34.01029,-118.0685
02/05/2023,AQS,1,16.2,ug/m3 LC,64,Pico Rivera #2,1,100,88101,PM2.5 - Local Conditions,145,R & P Model 2025 PM-2.5 Sequential Air Sampler w/VSCC,31080,"Los Angeles-Long Beach-Anaheim, CA",6,California,37,Los Angeles,34.01029,-118.0685
02/14/2023,AQS,1,7.2,ug/m3 LC,40,Pico Rivera #2,1,100,88101,PM2.5 - Local Conditions,145,R & P Model 2025 PM-2.5 Sequential Air Sampler w/VSCC,31080,"Los Angeles-Long Beach-Anaheim, CA",6,California,37,Los Angeles,34.01029,-118.0685
02/17/2023,AQS,1,6.7,ug/m3 LC,37,Pico Rivera #2,1,100,88101,PM2.5 - Local Conditions,145,R & P Model 2025 PM-2.5 Sequential Air Sampler w/VSCC,31080,"Los Angeles-Long Beach-Anaheim, CA",6,California,37,Los Angeles,34.01029,-118.0685
02/20/2023,AQS,1,10.8,ug/m3 LC,54,Pico Rivera #2,1,100,88101,PM2.5 - Local Conditions,145,R & P Model 2025 PM-2.5 Sequential Air Sampler w/VSCC,31080,"Los Angeles-Long Beach-Anaheim, CA",6,California,37,Los Angeles,34.01029,-118.0685
02/23/2023,AQS,1,3.5,ug/m3 LC,19,Pico Rivera #2,1,100,88101,PM2.5 - Local Conditions,145,R & P Model 2025 PM-2.5 Sequential Air Sampler w/VSCC,31080,"Los Angeles-Long Beach-Anaheim, CA",6,California,37,Los Angeles,34.01029,-118.0685
02/26/2023,AQS,1,4.6,ug/m3 LC,26,Pico Rivera #2,1,100,88101,PM2.5 - Local Conditions,145,R & P Model 2025 PM-2.5 Sequential Air Sampler w/VSCC,31080,"Los Angeles-Long Beach-Anaheim, CA",6,California,37,Los Angeles,34.01029,-118.0685
03/01/2023,AQS,1,2.5,ug/m3 LC,14,Pico Rivera #2,1,100,88101,PM2.5 - Local Conditions,145,R & P Model 2025 PM-2.5 Sequential Air Sampler w/VSCC,31080,"Los Angeles-Long Beach-Anaheim, CA",6,California,37,Los Angeles,34.01029,-118.0685
03/04/2023,AQS,1,12.1,ug/m3 LC,57,Pico Rivera #2,1,100,88101,PM2.5 - Local Conditions,145,R & P Model 2025 PM-2.5 Sequential Air Sampler w/VSCC,31080,"Los Angeles-Long Beach-Anaheim, CA",6,California,37,Los Angeles,34.01029,-118.0685
03/07/2023,AQS,1,6.3,ug/m3 LC,35,Pico Rivera #2,1,100,88101,PM2.5 - Local Conditions,145,R & P Model 2025 PM-2.5 Sequential Air Sampler w/VSCC,31080,"Los Angeles-Long Beach-Anaheim, CA",6,California,37,Los Angeles,34.01029,-118.0685
03/10/2023,AQS,1,5.5,ug/m3 LC,31,Pico Rivera #2,1,100,88101,PM2.5 - Local Conditions,145,R & P Model 2025 PM-2.5 Sequential Air Sampler w/VSCC,31080,"Los Angeles-Long Beach-Anaheim, CA",6,California,37,Los Angeles,34.01029,-118.0685
03/13/2023,AQS,1,7.7,ug/m3 LC,43,Pico Rivera #2,1,100,88101,PM2.5 - Local Conditions,145,R & P Model 2025 PM-2.5 Sequential Air Sampler w/VSCC,31080,"Los Angeles-Long Beach-Anaheim, CA",6,California,37,Los Angeles,34.01029,-118.0685
03/16/2023,AQS,1,6.4,ug/m3 LC,36,Pico Rivera #2,1,100,88101,PM2.5 - Local Conditions,145,R & P Model 2025 PM-2.5 Sequential Air Sampler w/VSCC,31080,"Los Angeles-Long Beach-Anaheim, CA",6,California,37,Los Angeles,34.01029,-118.0685
03/19/2023,AQS,1,8.5,ug/m3 LC,47,Pico Rivera #2,1,100,88101,PM2.5 - Local Conditions,145,R & P Model 2025 PM-2.5 Sequential Air Sampler w/VSCC,31080,"Los Angeles-Long Beach-Anaheim, CA",6,California,37,Los Angeles,34.01029,-118.0685
03/22/2023,AQS,1,4.4,ug/m3 LC,24,Pico Rivera #2,1,100,88101,PM2.5 - Local Conditions,145,R & P Model 2025 PM-2.5 Sequential Air Sampler w/VSCC,31080,"Los Angeles-Long Beach-Anaheim, CA",6,California,37,Los Angeles,34.01029,-118.0685
03/25/2023,AQS,1,7.6,ug/m3 LC,42,Pico Rivera #2,1,100,88101,PM2.5 - Local Conditions,145,R & P Model 2025 PM-2.5 Sequential Air Sampler w/VSCC,31080,"Los Angeles-Long Beach-Anaheim, CA",6,California,37,Los Angeles,34.01029,-118.0685
03/28/2023,AQS,1,6.7,ug/m3 LC,37,Pico Rivera #2,1,100,88101,PM2.5 - Local Conditions,145,R & P Model 2025 PM-2.5 Sequential Air Sampler w/VSCC,31080,"Los Angeles-Long Beach-Anaheim, CA",6,California,37,Los Angeles,34.01029,-118.0685
03/31/2023,AQS,1,7.2,ug/m3 LC,40,Pico Rivera #2,1,100,88101,PM2.5 - Local Conditions,145,R & P Model 2025 PM-2.5 Sequential Air Sampler w/VSCC,31080,"Los Angeles-Long Beach-Anaheim, CA",6,California,37,Los Angeles,34.01029,-118.0685
04/03/2023,AQS,1,4,ug/m3 LC,22,Pico Rivera #2,1,100,88101,PM2.5 - Local Conditions,145,R & P Model 2025 PM-2.5 Sequential Air Sampler w/VSCC,31080,"Los Angeles-Long Beach-Anaheim, CA",6,California,37,Los Angeles,34.01029,-118.0685
04/06/2023,AQS,1,7.5,ug/m3 LC,42,Pico Rivera #2,1,100,88101,PM2.5 - Local Conditions,145,R & P Model 2025 PM-2.5 Sequential Air Sampler w/VSCC,31080,"Los Angeles-Long Beach-Anaheim, CA",6,California,37,Los Angeles,34.01029,-118.0685
04/09/2023,AQS,1,10.4,ug/m3 LC,53,Pico Rivera #2,1,100,88101,PM2.5 - Local Conditions,145,R & P Model 2025 PM-2.5 Sequential Air Sampler w/VSCC,31080,"Los Angeles-Long Beach-Anaheim, CA",6,California,37,Los Angeles,34.01029,-118.0685
04/12/2023,AQS,1,6.7,ug/m3 LC,37,Pico Rivera #2,1,100,88101,PM2.5 - Local Conditions,145,R & P Model 2025 PM-2.5 Sequential Air Sampler w/VSCC,31080,"Los Angeles-Long Beach-Anaheim, CA",6,California,37,Los Angeles,34.01029,-118.0685
04/15/2023,AQS,1,11.1,ug/m3 LC,55,Pico Rivera #2,1,100,88101,PM2.5 - Local Conditions,145,R & P Model 2025 PM-2.5 Sequential Air Sampler w/VSCC,31080,"Los Angeles-Long Beach-Anaheim, CA",6,California,37,Los Angeles,34.01029,-118.0685
04/18/2023,AQS,1,9.2,ug/m3 LC,51,Pico Rivera #2,1,100,88101,PM2.5 - Local Conditions,145,R & P Model 2025 PM-2.5 Sequential Air Sampler w/VSCC,31080,"Los Angeles-Long Beach-Anaheim, CA",6,California,37,Los Angeles,34.01029,-118.0685
04/21/2023,AQS,1,11.8,ug/m3 LC,56,Pico Rivera #2,1,100,88101,PM2.5 - Local Conditions,145,R & P Model 2025 PM-2.5 Sequential Air Sampler w/VSCC,31080,"Los Angeles-Long Beach-Anaheim, CA",6,California,37,Los Angeles,34.01029,-118.0685
04/24/2023,AQS,1,12.8,ug/m3 LC,58,Pico Rivera #2,1,100,88101,PM2.5 - Local Conditions,145,R & P Model 2025 PM-2.5 Sequential Air Sampler w/VSCC,31080,"Los Angeles-Long Beach-Anaheim, CA",6,California,37,Los Angeles,34.01029,-118.0685
04/30/2023,AQS,1,8.7,ug/m3 LC,48,Pico Rivera #2,1,100,88101,PM2.5 - Local Conditions,145,R & P Model 2025 PM-2.5 Sequential Air Sampler w/VSCC,31080,"Los Angeles-Long Beach-Anaheim, CA",6,California,37,Los Angeles,34.01029,-118.0685
05/03/2023,AQS,1,3.9,ug/m3 LC,22,Pico Rivera #2,1,100,88101,PM2.5 - Local Conditions,145,R & P Model 2025 PM-2.5 Sequential Air Sampler w/VSCC,31080,"Los Angeles-Long Beach-Anaheim, CA",6,California,37,Los Angeles,34.01029,-118.0685
05/06/2023,AQS,1,4.7,ug/m3 LC,26,Pico Rivera #2,1,100,88101,PM2.5 - Local Conditions,145,R & P Model 2025 PM-2.5 Sequential Air Sampler w/VSCC,31080,"Los Angeles-Long Beach-Anaheim, CA",6,California,37,Los Angeles,34.01029,-118.0685
05/09/2023,AQS,1,7.5,ug/m3 LC,42,Pico Rivera #2,1,100,88101,PM2.5 - Local Conditions,145,R & P Model 2025 PM-2.5 Sequential Air Sampler w/VSCC,31080,"Los Angeles-Long Beach-Anaheim, CA",6,California,37,Los Angeles,34.01029,-118.0685
05/12/2023,AQS,1,10.7,ug/m3 LC,54,Pico Rivera #2,1,100,88101,PM2.5 - Local Conditions,145,R & P Model 2025 PM-2.5 Sequential Air Sampler w/VSCC,31080,"Los Angeles-Long Beach-Anaheim, CA",6,California,37,Los Angeles,34.01029,-118.0685
05/15/2023,AQS,1,13.6,ug/m3 LC,59,Pico Rivera #2,1,100,88101,PM2.5 - Local Conditions,145,R & P Model 2025 PM-2.5 Sequential Air Sampler w/VSCC,31080,"Los Angeles-Long Beach-Anaheim, CA",6,California,37,Los Angeles,34.01029,-118.0685
05/18/2023,AQS,1,9.8,ug/m3 LC,52,Pico Rivera #2,1,100,88101,PM2.5 - Local Conditions,145,R & P Model 2025 PM-2.5 Sequential Air Sampler w/VSCC,31080,"Los Angeles-Long Beach-Anaheim, CA",6,California,37,Los Angeles,34.01029,-118.0685
05/21/2023,AQS,1,10.8,ug/m3 LC,54,Pico Rivera #2,1,100,88101,PM2.5 - Local Conditions,145,R & P Model 2025 PM-2.5 Sequential Air Sampler w/VSCC,31080,"Los Angeles-Long Beach-Anaheim, CA",6,California,37,Los Angeles,34.01029,-118.0685
05/24/2023,AQS,1,4.6,ug/m3 LC,26,Pico Rivera #2,1,100,88101,PM2.5 - Local Conditions,145,R & P Model 2025 PM-2.5 Sequential Air Sampler w/VSCC,31080,"Los Angeles-Long Beach-Anaheim, CA",6,California,37,Los Angeles,34.01029,-118.0685
05/27/2023,AQS,1,6.6,ug/m3 LC,37,Pico Rivera #2,1,100,88101,PM2.5 - Local Conditions,145,R & P Model 2025 PM-2.5 Sequential Air Sampler w/VSCC,31080,"Los Angeles-Long Beach-Anaheim, CA",6,California,37,Los Angeles,34.01029,-118.0685
05/30/2023,AQS,1,5.5,ug/m3 LC,31,Pico Rivera #2,1,100,88101,PM2.5 - Local Conditions,145,R & P Model 2025 PM-2.5 Sequential Air Sampler w/VSCC,31080,"Los Angeles-Long Beach-Anaheim, CA",6,California,37,Los Angeles,34.01029,-118.0685
06/02/2023,AQS,1,9.3,ug/m3 LC,51,Pico Rivera #2,1,100,88101,PM2.5 - Local Conditions,145,R & P Model 2025 PM-2.5 Sequential Air Sampler w/VSCC,31080,"Los Angeles-Long Beach-Anaheim, CA",6,California,37,Los Angeles,34.01029,-118.0685
06/05/2023,AQS,1,7.3,ug/m3 LC,41,Pico Rivera #2,1,100,88101,PM2.5 - Local Conditions,145,R & P Model 2025 PM-2.5 Sequential Air Sampler w/VSCC,31080,"Los Angeles-Long Beach-Anaheim, CA",6,California,37,Los Angeles,34.01029,-118.0685
06/08/2023,AQS,1,6.2,ug/m3 LC,34,Pico Rivera #2,1,100,88101,PM2.5 - Local Conditions,145,R & P Model 2025 PM-2.5 Sequential Air Sampler w/VSCC,31080,"Los Angeles-Long Beach-Anaheim, CA",6,California,37,Los Angeles,34.01029,-118.0685
06/11/2023,AQS,1,3.4,ug/m3 LC,19,Pico Rivera #2,1,100,88101,PM2.5 - Local Conditions,145,R & P Model 2025 PM-2.5 Sequential Air Sampler w/VSCC,31080,"Los Angeles-Long Beach-Anaheim, CA",6,California,37,Los Angeles,34.01029,-118.0685
06/14/2023,AQS,1,8.4,ug/m3 LC,47,Pico Rivera #2,1,100,88101,PM2.5 - Local Conditions,145,R & P Model 2025 PM-2.5 Sequential Air Sampler w/VSCC,31080,"Los Angeles-Long Beach-Anaheim, CA",6,California,37,Los Angeles,34.01029,-118.0685
06/17/2023,AQS,1,11,ug/m3 LC,55,Pico Rivera #2,1,100,88101,PM2.5 - Local Conditions,145,R & P Model 2025 PM-2.5 Sequential Air Sampler w/VSCC,31080,"Los Angeles-Long Beach-Anaheim, CA",6,California,37,Los Angeles,34.01029,-118.0685
06/20/2023,AQS,1,9.3,ug/m3 LC,51,Pico Rivera #2,1,100,88101,PM2.5 - Local Conditions,145,R & P Model 2025 PM-2.5 Sequential Air Sampler w/VSCC,31080,"Los Angeles-Long Beach-Anaheim, CA",6,California,37,Los Angeles,34.01029,-118.0685
06/23/2023,AQS,1,7.6,ug/m3 LC,42,Pico Rivera #2,1,100,88101,PM2.5 - Local Conditions,145,R & P Model 2025 PM-2.5 Sequential Air Sampler w/VSCC,31080,"Los Angeles-Long Beach-Anaheim, CA",6,California,37,Los Angeles,34.01029,-118.0685
06/26/2023,AQS,1,9.5,ug/m3 LC,52,Pico Rivera #2,1,100,88101,PM2.5 - Local Conditions,145,R & P Model 2025 PM-2.5 Sequential Air Sampler w/VSCC,31080,"Los Angeles-Long Beach-Anaheim, CA",6,California,37,Los Angeles,34.01029,-118.0685
06/29/2023,AQS,1,10.9,ug/m3 LC,54,Pico Rivera #2,1,100,88101,PM2.5 - Local Conditions,145,R & P Model 2025 PM-2.5 Sequential Air Sampler w/VSCC,31080,"Los Angeles-Long Beach-Anaheim, CA",6,California,37,Los Angeles,34.01029,-118.0685
07/02/2023,AQS,1,15,ug/m3 LC,62,Pico Rivera #2,1,100,88101,PM2.5 - Local Conditions,145,R & P Model 2025 PM-2.5 Sequential Air Sampler w/VSCC,31080,"Los Angeles-Long Beach-Anaheim, CA",6,California,37,Los Angeles,34.01029,-118.0685
07/05/2023,AQS,1,60.7,ug/m3 LC,155,Pico Rivera #2,1,100,88101,PM2.5 - Local Conditions,145,R & P Model 2025 PM-2.5 Sequential Air Sampler w/VSCC,31080,"Los Angeles-Long Beach-Anaheim, CA",6,California,37,Los Angeles,34.01029,-118.0685
07/08/2023,AQS,1,10.3,ug/m3 LC,53,Pico Rivera #2,1,100,88101,PM2.5 - Local Conditions,145,R & P Model 2025 PM-2.5 Sequential Air Sampler w/VSCC,31080,"Los Angeles-Long Beach-Anaheim, CA",6,California,37,Los Angeles,34.01029,-118.0685
07/11/2023,AQS,1,12,ug/m3 LC,56,Pico Rivera #2,1,100,88101,PM2.5 - Local Conditions,145,R & P Model 2025 PM-2.5 Sequential Air Sampler w/VSCC,31080,"Los Angeles-Long Beach-Anaheim, CA",6,California,37,Los Angeles,34.01029,-118.0685
07/14/2023,AQS,1,10.3,ug/m3 LC,53,Pico Rivera #2,1,100,88101,PM2.5 - Local Conditions,145,R & P Model 2025 PM-2.5 Sequential Air Sampler w/VSCC,31080,"Los Angeles-Long Beach-Anaheim, CA",6,California,37,Los Angeles,34.01029,-118.0685
07/17/2023,AQS,1,11.3,ug/m3 LC,55,Pico Rivera #2,1,100,88101,PM2.5 - Local Conditions,145,R & P Model 2025 PM-2.5 Sequential Air Sampler w/VSCC,31080,"Los Angeles-Long Beach-Anaheim, CA",6,California,37,Los Angeles,34.01029,-118.0685
07/20/2023,AQS,1,14.9,ug/m3 LC,62,Pico Rivera #2,1,100,88101,PM2.5 - Local Conditions,145,R & P Model 2025 PM-2.5 Sequential Air Sampler w/VSCC,31080,"Los Angeles-Long Beach-Anaheim, CA",6,California,37,Los Angeles,34.01029,-118.0685
07/23/2023,AQS,1,12,ug/m3 LC,56,Pico Rivera #2,1,100,88101,PM2.5 - Local Conditions,145,R & P Model 2025 PM-2.5 Sequential Air Sampler w/VSCC,31080,"Los Angeles-Long Beach-Anaheim, CA",6,California,37,Los Angeles,34.01029,-118.0685
07/29/2023,AQS,1,16.1,ug/m3 LC,64,Pico Rivera #2,1,100,88101,PM2.5 - Local Conditions,145,R & P Model 2025 PM-2.5 Sequential Air Sampler w/VSCC,31080,"Los Angeles-Long Beach-Anaheim, CA",6,California,37,Los Angeles,34.01029,-118.0685
08/01/2023,AQS,1,13.9,ug/m3 LC,60,Pico Rivera #2,1,100,88101,PM2.5 - Local Conditions,145,R & P Model 2025 PM-2.5 Sequential Air Sampler w/VSCC,31080,"Los Angeles-Long Beach-Anaheim, CA",6,California,37,Los Angeles,34.01029,-118.0685
08/04/2023,AQS,1,10.4,ug/m3 LC,53,Pico Rivera #2,1,100,88101,PM2.5 - Local Conditions,145,R & P Model 2025 PM-2.5 Sequential Air Sampler w/VSCC,31080,"Los Angeles-Long Beach-Anaheim, CA",6,California,37,Los Angeles,34.01029,-118.0685
08/07/2023,AQS,1,12.5,ug/m3 LC,57,Pico Rivera #2,1,100,88101,PM2.5 - Local Conditions,145,R & P Model 2025 PM-2.5 Sequential Air Sampler w/VSCC,31080,"Los Angeles-Long Beach-Anaheim, CA",6,California,37,Los Angeles,34.01029,-118.0685
08/10/2023,AQS,1,6.8,ug/m3 LC,38,Pico Rivera #2,1,100,88101,PM2.5 - Local Conditions,145,R & P Model 2025 PM-2.5 Sequential Air Sampler w/VSCC,31080,"Los Angeles-Long Beach-Anaheim, CA",6,California,37,Los Angeles,34.01029,-118.0685
08/13/2023,AQS,1,10.7,ug/m3 LC,54,Pico Rivera #2,1,100,88101,PM2.5 - Local Conditions,145,R & P Model 2025 PM-2.5 Sequential Air Sampler w/VSCC,31080,"Los Angeles-Long Beach-Anaheim, CA",6,California,37,Los Angeles,34.01029,-118.0685
08/16/2023,AQS,1,9.5,ug/m3 LC,52,Pico Rivera #2,1,100,88101,PM2.5 - Local Conditions,145,R & P Model 2025 PM-2.5 Sequential Air Sampler w/VSCC,31080,"Los Angeles-Long Beach-Anaheim, CA",6,California,37,Los Angeles,34.01029,-118.0685
08/19/2023,AQS,1,8.4,ug/m3 LC,47,Pico Rivera #2,1,100,88101,PM2.5 - Local Conditions,145,R & P Model 2025 PM-2.5 Sequential Air Sampler w/VSCC,31080,"Los Angeles-Long Beach-Anaheim, CA",6,California,37,Los Angeles,34.01029,-118.0685
08/22/2023,AQS,1,8.5,ug/m3 LC,47,Pico Rivera #2,1,100,88101,PM2.5 - Local Conditions,145,R & P Model 2025 PM-2.5 Sequential Air Sampler w/VSCC,31080,"Los Angeles-Long Beach-Anaheim, CA",6,California,37,Los Angeles,34.01029,-118.0685
08/25/2023,AQS,1,8.9,ug/m3 LC,49,Pico Rivera #2,1,100,88101,PM2.5 - Local Conditions,145,R & P Model 2025 PM-2.5 Sequential Air Sampler w/VSCC,31080,"Los Angeles-Long Beach-Anaheim, CA",6,California,37,Los Angeles,34.01029,-118.0685
08/28/2023,AQS,1,15.5,ug/m3 LC,63,Pico Rivera #2,1,100,88101,PM2.5 - Local Conditions,145,R & P Model 2025 PM-2.5 Sequential Air Sampler w/VSCC,31080,"Los Angeles-Long Beach-Anaheim, CA",6,California,37,Los Angeles,34.01029,-118.0685
08/31/2023,AQS,1,16.5,ug/m3 LC,65,Pico Rivera #2,1,100,88101,PM2.5 - Local Conditions,145,R & P Model 2025 PM-2.5 Sequential Air Sampler w/VSCC,31080,"Los Angeles-Long Beach-Anaheim, CA",6,California,37,Los Angeles,34.01029,-118.0685
09/03/2023,AQS,1,8.2,ug/m3 LC,46,Pico Rivera #2,1,100,88101,PM2.5 - Local Conditions,145,R & P Model 2025 PM-2.5 Sequential Air Sampler w/VSCC,31080,"Los Angeles-Long Beach-Anaheim, CA",6,California,37,Los Angeles,34.01029,-118.0685
09/06/2023,AQS,1,10,ug/m3 LC,53,Pico Rivera #2,1,100,88101,PM2.5 - Local Conditions,145,R & P Model 2025 PM-2.5 Sequential Air Sampler w/VSCC,31080,"Los Angeles-Long Beach-Anaheim, CA",6,California,37,Los Angeles,34.01029,-118.0685
09/09/2023,AQS,1,10.3,ug/m3 LC,53,Pico Rivera #2,1,100,88101,PM2.5 - Local Conditions,145,R & P Model 2025 PM-2.5 Sequential Air Sampler w/VSCC,31080,"Los Angeles-Long Beach-Anaheim, CA",6,California,37,Los Angeles,34.01029,-118.0685
09/12/2023,AQS,1,12.7,ug/m3 LC,58,Pico Rivera #2,1,100,88101,PM2.5 - Local Conditions,145,R & P Model 2025 PM-2.5 Sequential Air Sampler w/VSCC,31080,"Los Angeles-Long Beach-Anaheim, CA",6,California,37,Los Angeles,34.01029,-118.0685
09/15/2023,AQS,1,12.6,ug/m3 LC,58,Pico Rivera #2,1,100,88101,PM2.5 - Local Conditions,145,R & P Model 2025 PM-2.5 Sequential Air Sampler w/VSCC,31080,"Los Angeles-Long Beach-Anaheim, CA",6,California,37,Los Angeles,34.01029,-118.0685
09/18/2023,AQS,1,8.5,ug/m3 LC,47,Pico Rivera #2,1,100,88101,PM2.5 - Local Conditions,145,R & P Model 2025 PM-2.5 Sequential Air Sampler w/VSCC,31080,"Los Angeles-Long Beach-Anaheim, CA",6,California,37,Los Angeles,34.01029,-118.0685
09/21/2023,AQS,1,17.2,ug/m3 LC,66,Pico Rivera #2,1,100,88101,PM2.5 - Local Conditions,145,R & P Model 2025 PM-2.5 Sequential Air Sampler w/VSCC,31080,"Los Angeles-Long Beach-Anaheim, CA",6,California,37,Los Angeles,34.01029,-118.0685
09/24/2023,AQS,1,23.8,ug/m3 LC,78,Pico Rivera #2,1,100,88101,PM2.5 - Local Conditions,145,R & P Model 2025 PM-2.5 Sequential Air Sampler w/VSCC,31080,"Los Angeles-Long Beach-Anaheim, CA",6,California,37,Los Angeles,34.01029,-118.0685
09/27/2023,AQS,1,11.9,ug/m3 LC,56,Pico Rivera #2,1,100,88101,PM2.5 - Local Conditions,145,R & P Model 2025 PM-2.5 Sequential Air Sampler w/VSCC,31080,"Los Angeles-Long Beach-Anaheim, CA",6,California,37,Los Angeles,34.01029,-118.0685
09/30/2023,AQS,1,5.7,ug/m3 LC,32,Pico Rivera #2,1,100,88101,PM2.5 - Local Conditions,145,R & P Model 2025 PM-2.5 Sequential Air Sampler w/VSCC,31080,"Los Angeles-Long Beach-Anaheim, CA",6,California,37,Los Angeles,34.01029,-118.0685
10/03/2023,AQS,1,11,ug/m3 LC,55,Pico Rivera #2,1,100,88101,PM2.5 - Local Conditions,145,R & P Model 2025 PM-2.5 Sequential Air Sampler w/VSCC,31080,"Los Angeles-Long Beach-Anaheim, CA",6,California,37,Los Angeles,34.01029,-118.0685
10/06/2023,AQS,1,11.7,ug/m3 LC,56,Pico Rivera #2,1,100,88101,PM2.5 - Local Conditions,145,R & P Model 2025 PM-2.5 Sequential Air Sampler w/VSCC,31080,"Los Angeles-Long Beach-Anaheim, CA",6,California,37,Los Angeles,34.01029,-118.0685
10/09/2023,AQS,1,16.2,ug/m3 LC,64,Pico Rivera #2,1,100,88101,PM2.5 - Local Conditions,145,R & P Model 2025 PM-2.5 Sequential Air Sampler w/VSCC,31080,"Los Angeles-Long Beach-Anaheim, CA",6,California,37,Los Angeles,34.01029,-118.0685
10/12/2023,AQS,1,11.5,ug/m3 LC,55,Pico Rivera #2,1,100,88101,PM2.5 - Local Conditions,145,R & P Model 2025 PM-2.5 Sequential Air Sampler w/VSCC,31080,"Los Angeles-Long Beach-Anaheim, CA",6,California,37,Los Angeles,34.01029,-118.0685
10/15/2023,AQS,1,12.3,ug/m3 LC,57,Pico Rivera #2,1,100,88101,PM2.5 - Local Conditions,145,R & P Model 2025 PM-2.5 Sequential Air Sampler w/VSCC,31080,"Los Angeles-Long Beach-Anaheim, CA",6,California,37,Los Angeles,34.01029,-118.0685
10/18/2023,AQS,1,16.6,ug/m3 LC,65,Pico Rivera #2,1,100,88101,PM2.5 - Local Conditions,145,R & P Model 2025 PM-2.5 Sequential Air Sampler w/VSCC,31080,"Los Angeles-Long Beach-Anaheim, CA",6,California,37,Los Angeles,34.01029,-118.0685
10/21/2023,AQS,1,11.4,ug/m3 LC,55,Pico Rivera #2,1,100,88101,PM2.5 - Local Conditions,145,R & P Model 2025 PM-2.5 Sequential Air Sampler w/VSCC,31080,"Los Angeles-Long Beach-Anaheim, CA",6,California,37,Los Angeles,34.01029,-118.0685
10/24/2023,AQS,1,8,ug/m3 LC,44,Pico Rivera #2,1,100,88101,PM2.5 - Local Conditions,145,R & P Model 2025 PM-2.5 Sequential Air Sampler w/VSCC,31080,"Los Angeles-Long Beach-Anaheim, CA",6,California,37,Los Angeles,34.01029,-118.0685
10/27/2023,AQS,1,10.3,ug/m3 LC,53,Pico Rivera #2,1,100,88101,PM2.5 - Local Conditions,145,R & P Model 2025 PM-2.5 Sequential Air Sampler w/VSCC,31080,"Los Angeles-Long Beach-Anaheim, CA",6,California,37,Los Angeles,34.01029,-118.0685
10/30/2023,AQS,1,9,ug/m3 LC,50,Pico Rivera #2,1,100,88101,PM2.5 - Local Conditions,145,R & P Model 2025 PM-2.5 Sequential Air Sampler w/VSCC,31080,"Los Angeles-Long Beach-Anaheim, CA",6,California,37,Los Angeles,34.01029,-118.0685
11/02/2023,AQS,1,10.5,ug/m3 LC,54,Pico Rivera #2,1,100,88101,PM2.5 - Local Conditions,145,R & P Model 2025 PM-2.5 Sequential Air Sampler w/VSCC,31080,"Los Angeles-Long Beach-Anaheim, CA",6,California,37,Los Angeles,34.01029,-118.0685
11/05/2023,AQS,1,19.9,ug/m3 LC,71,Pico Rivera #2,1,100,88101,PM2.5 - Local Conditions,145,R & P Model 2025 PM-2.5 Sequential Air Sampler w/VSCC,31080,"Los Angeles-Long Beach-Anaheim, CA",6,California,37,Los Angeles,34.01029,-118.0685
11/08/2023,AQS,1,8.4,ug/m3 LC,47,Pico Rivera #2,1,100,88101,PM2.5 - Local Conditions,145,R & P Model 2025 PM-2.5 Sequential Air Sampler w/VSCC,31080,"Los Angeles-Long Beach-Anaheim, CA",6,California,37,Los Angeles,34.01029,-118.0685
11/11/2023,AQS,1,12.6,ug/m3 LC,58,Pico Rivera #2,1,100,88101,PM2.5 - Local Conditions,145,R & P Model 2025 PM-2.5 Sequential Air Sampler w/VSCC,31080,"Los Angeles-Long Beach-Anaheim, CA",6,California,37,Los Angeles,34.01029,-118.0685
11/14/2023,AQS,1,11.2,ug/m3 LC,55,Pico Rivera #2,1,100,88101,PM2.5 - Local Conditions,145,R & P Model 2025 PM-2.5 Sequential Air Sampler w/VSCC,31080,"Los Angeles-Long Beach-Anaheim, CA",6,California,37,Los Angeles,34.01029,-118.0685
11/17/2023,AQS,1,7.7,ug/m3 LC,43,Pico Rivera #2,1,100,88101,PM2.5 - Local Conditions,145,R & P Model 2025 PM-2.5 Sequential Air Sampler w/VSCC,31080,"Los Angeles-Long Beach-Anaheim, CA",6,California,37,Los Angeles,34.01029,-118.0685
11/20/2023,AQS,1,11.2,ug/m3 LC,55,Pico Rivera #2,1,100,88101,PM2.5 - Local Conditions,145,R & P Model 2025 PM-2.5 Sequential Air Sampler w/VSCC,31080,"Los Angeles-Long Beach-Anaheim, CA",6,California,37,Los Angeles,34.01029,-118.0685
11/23/2023,AQS,1,7.9,ug/m3 LC,44,Pico Rivera #2,1,100,88101,PM2.5 - Local Conditions,145,R & P Model 2025 PM-2.5 Sequential Air Sampler w/VSCC,31080,"Los Angeles-Long Beach-Anaheim, CA",6,California,37,Los Angeles,34.01029,-118.0685
11/26/2023,AQS,1,5.2,ug/m3 LC,29,Pico Rivera #2,1,100,88101,PM2.5 - Local Conditions,145,R & P Model 2025 PM-2.5 Sequential Air Sampler w/VSCC,31080,"Los Angeles-Long Beach-Anaheim, CA",6,California,37,Los Angeles,34.01029,-118.0685
11/29/2023,AQS,1,7.8,ug/m3 LC,43,Pico Rivera #2,1,100,88101,PM2.5 - Local Conditions,145,R & P Model 2025 PM-2.5 Sequential Air Sampler w/VSCC,31080,"Los Angeles-Long Beach-Anaheim, CA",6,California,37,Los Angeles,34.01029,-118.0685
12/02/2023,AQS,1,11.2,ug/m3 LC,55,Pico Rivera #2,1,100,88101,PM2.5 - Local Conditions,145,R & P Model 2025 PM-2.5 Sequential Air Sampler w/VSCC,31080,"Los Angeles-Long Beach-Anaheim, CA",6,California,37,Los Angeles,34.01029,-118.0685
12/05/2023,AQS,1,8.9,ug/m3 LC,49,Pico Rivera #2,1,100,88101,PM2.5 - Local Conditions,145,R & P Model 2025 PM-2.5 Sequential Air Sampler w/VSCC,31080,"Los Angeles-Long Beach-Anaheim, CA",6,California,37,Los Angeles,34.01029,-118.0685
12/08/2023,AQS,1,12.6,ug/m3 LC,58,Pico Rivera #2,1,100,88101,PM2.5 - Local Conditions,145,R & P Model 2025 PM-2.5 Sequential Air Sampler w/VSCC,31080,"Los Angeles-Long Beach-Anaheim, CA",6,California,37,Los Angeles,34.01029,-118.0685
12/11/2023,AQS,1,11.1,ug/m3 LC,55,Pico Rivera #2,1,100,88101,PM2.5 - Local Conditions,145,R & P Model 2025 PM-2.5 Sequential Air Sampler w/VSCC,31080,"Los Angeles-Long Beach-Anaheim, CA",6,California,37,Los Angeles,34.01029,-118.0685
12/14/2023,AQS,1,10.1,ug/m3 LC,53,Pico Rivera #2,1,100,88101,PM2.5 - Local Conditions,145,R & P Model 2025 PM-2.5 Sequential Air Sampler w/VSCC,31080,"Los Angeles-Long Beach-Anaheim, CA",6,California,37,Los Angeles,34.01029,-118.0685
12/17/2023,AQS,1,13.9,ug/m3 LC,60,Pico Rivera #2,1,100,88101,PM2.5 - Local Conditions,145,R & P Model 2025 PM-2.5 Sequential Air Sampler w/VSCC,31080,"Los Angeles-Long Beach-Anaheim, CA",6,California,37,Los Angeles,34.01029,-118.0685
12/20/2023,AQS,1,7,ug/m3 LC,39,Pico Rivera #2,1,100,88101,PM2.5 - Local Conditions,145,R & P Model 2025 PM-2.5 Sequential Air Sampler w/VSCC,31080,"Los Angeles-Long Beach-Anaheim, CA",6,California,37,Los Angeles,34.01029,-118.0685
12/23/2023,AQS,1,9.9,ug/m3 LC,52,Pico Rivera #2,1,100,88101,PM2.5 - Local Conditions,145,R & P Model 2025 PM-2.5 Sequential Air Sampler w/VSCC,31080,"Los Angeles-Long Beach-Anaheim, CA",6,California,37,Los Angeles,34.01029,-118.0685
12/26/2023,AQS,1,27.8,ug/m3 LC,86,Pico Rivera #2,1,100,88101,PM2.5 - Local Conditions,145,R & P Model 2025 PM-2.5 Sequential Air Sampler w/VSCC,31080,"Los Angeles-Long Beach-Anaheim, CA",6,California,37,Los Angeles,34.01029,-118.0685
12/29/2023,AQS,1,33.2,ug/m3 LC,96,Pico Rivera #2,1,100,88101,PM2.5 - Local Conditions,145,R & P Model 2025 PM-2.5 Sequential Air Sampler w/VSCC,31080,"Los Angeles-Long Beach-Anaheim, CA",6,California,37,Los Angeles,34.01029,-118.0685
01/01/2024,AQS,1,17.1,ug/m3 LC,66,Pico Rivera #2,1,100,88101,PM2.5 - Local Conditions,145,R & P Model 2025 PM-2.5 Sequential Air Sampler w/VSCC,31080,"Los Angeles-Long Beach-Anaheim, CA",6,California,37,Los Angeles,34.01029,-118.0685
01/04/2024,AQS,1,6.9,ug/m3 LC,38,Pico Rivera #2,1,100,88101,PM2.5 - Local Conditions,145,R & P Model 2025 PM-2.5 Sequential Air Sampler w/VSCC,31080,"Los Angeles-Long Beach-Anaheim, CA",6,California,37,Los Angeles,34.01029,-118.0685
01/07/2024,AQS,1,2.2,ug/m3 LC,12,Pico Rivera #2,1,100,88101,PM2.5 - Local Conditions,145,R & P Model 2025 PM-2.5 Sequential Air Sampler w/VSCC,31080,"Los Angeles-Long Beach-Anaheim, CA",6,California,37,Los Angeles,34.01029,-118.0685
01/10/2024,AQS,1,12.9,ug/m3 LC,58,Pico Rivera #2,1,100,88101,PM2.5 - Local Conditions,145,R & P Model 2025 PM-2.5 Sequential Air Sampler w/VSCC,31080,"Los Angeles-Long Beach-Anaheim, CA",6,California,37,Los Angeles,34.01029,-118.0685
01/13/2024,AQS,1,14.8,ug/m3 LC,62,Pico Rivera #2,1,100,88101,PM2.5 - Local Conditions,145,R & P Model 2025 PM-2.5 Sequential Air Sampler w/VSCC,31080,"Los Angeles-Long Beach-Anaheim, CA",6,California,37,Los Angeles,34.01029,-118.0685
01/16/2024,AQS,1,29.1,ug/m3 LC,88,Pico Rivera #2,1,100,88101,PM2.5 - Local Conditions,145,R & P Model 2025 PM-2.5 Sequential Air Sampler w/VSCC,31080,"Los Angeles-Long Beach-Anaheim, CA",6,California,37,Los Angeles,34.01029,-118.0685
01/19/2024,AQS,1,21.6,ug/m3 LC,74,Pico Rivera #2,1,100,88101,PM2.5 - Local Conditions,145,R & P Model 2025 PM-2.5 Sequential Air Sampler w/VSCC,31080,"Los Angeles-Long Beach-Anaheim, CA",6,California,37,Los Angeles,34.01029,-118.0685
01/22/2024,AQS,1,5.5,ug/m3 LC,31,Pico Rivera #2,1,100,88101,PM2.5 - Local Conditions,145,R & P Model 2025 PM-2.5 Sequential Air Sampler w/VSCC,31080,"Los Angeles-Long Beach-Anaheim, CA",6,California,37,Los Angeles,34.01029,-118.0685
01/25/2024,AQS,1,5.9,ug/m3 LC,33,Pico Rivera #2,1,100,88101,PM2.5 - Local Conditions,145,R & P Model 2025 PM-2.5 Sequential Air Sampler w/VSCC,31080,"Los Angeles-Long Beach-Anaheim, CA",6,California,37,Los Angeles,34.01029,-118.0685
01/28/2024,AQS,1,8.1,ug/m3 LC,45,Pico Rivera #2,1,100,88101,PM2.5 - Local Conditions,145,R & P Model 2025 PM-2.5 Sequential Air Sampler w/VSCC,31080,"Los Angeles-Long Beach-Anaheim, CA",6,California,37,Los Angeles,34.01029,-118.0685
01/31/2024,AQS,1,15.8,ug/m3 LC,63,Pico Rivera #2,1,100,88101,PM2.5 - Local Conditions,145,R & P Model 2025 PM-2.5 Sequential Air Sampler w/VSCC,31080,"Los Angeles-Long Beach-Anaheim, CA",6,California,37,Los Angeles,34.01029,-118.0685
02/03/2024,AQS,1,5.2,ug/m3 LC,29,Pico Rivera #2,1,100,88101,PM2.5 - Local Conditions,145,R & P Model 2025 PM-2.5 Sequential Air Sampler w/VSCC,31080,"Los Angeles-Long Beach-Anaheim, CA",6,California,37,Los Angeles,34.01029,-118.0685
02/06/2024,AQS,1,3.6,ug/m3 LC,20,Pico Rivera #2,1,100,88101,PM2.5 - Local Conditions,145,R & P Model 2025 PM-2.5 Sequential Air Sampler w/VSCC,31080,"Los Angeles-Long Beach-Anaheim, CA",6,California,37,Los Angeles,34.01029,-118.0685
02/09/2024,AQS,1,5.2,ug/m3 LC,29,Pico Rivera #2,1,100,88101,PM2.5 - Local Conditions,145,R & P Model 2025 PM-2.5 Sequential Air Sampler w/VSCC,31080,"Los Angeles-Long Beach-Anaheim, CA",6,California,37,Los Angeles,34.01029,-118.0685
02/12/2024,AQS,1,9.1,ug/m3 LC,51,Pico Rivera #2,1,100,88101,PM2.5 - Local Conditions,145,R & P Model 2025 PM-2.5 Sequential Air Sampler w/VSCC,31080,"Los Angeles-Long Beach-Anaheim, CA",6,California,37,Los Angeles,34.01029,-118.0685
02/15/2024,AQS,1,11,ug/m3 LC,55,Pico Rivera #2,1,100,88101,PM2.5 - Local Conditions,145,R & P Model 2025 PM-2.5 Sequential Air Sampler w/VSCC,31080,"Los Angeles-Long Beach-Anaheim, CA",6,California,37,Los Angeles,34.01029,-118.0685
02/18/2024,AQS,1,5.4,ug/m3 LC,30,Pico Rivera #2,1,100,88101,PM2.5 - Local Conditions,145,R & P Model 2025 PM-2.5 Sequential Air Sampler w/VSCC,31080,"Los Angeles-Long Beach-Anaheim, CA",6,California,37,Los Angeles,34.01029,-118.0685
02/21/2024,AQS,1,3.6,ug/m3 LC,20,Pico Rivera #2,1,100,88101,PM2.5 - Local Conditions,145,R & P Model 2025 PM-2.5 Sequential Air Sampler w/VSCC,31080,"Los Angeles-Long Beach-Anaheim, CA",6,California,37,Los Angeles,34.01029,-118.0685
02/24/2024,AQS,1,7.2,ug/m3 LC,40,Pico Rivera #2,1,100,88101,PM2.5 - Local Conditions,145,R & P Model 2025 PM-2.5 Sequential Air Sampler w/VSCC,31080,"Los Angeles-Long Beach-Anaheim, CA",6,California,37,Los Angeles,34.01029,-118.0685
02/27/2024,AQS,1,12.5,ug/m3 LC,57,Pico Rivera #2,1,100,88101,PM2.5 - Local Conditions,145,R & P Model 2025 PM-2.5 Sequential Air Sampler w/VSCC,31080,"Los Angeles-Long Beach-Anaheim, CA",6,California,37,Los Angeles,34.01029,-118.0685
03/01/2024,AQS,1,3.1,ug/m3 LC,17,Pico Rivera #2,1,100,88101,PM2.5 - Local Conditions,145,R & P Model 2025 PM-2.5 Sequential Air Sampler w/VSCC,31080,"Los Angeles-Long Beach-Anaheim, CA",6,California,37,Los Angeles,34.01029,-118.0685
03/04/2024,AQS,1,5.8,ug/m3 LC,32,Pico Rivera #2,1,100,88101,PM2.5 - Local Conditions,145,R & P Model 2025 PM-2.5 Sequential Air Sampler w/VSCC,31080,"Los Angeles-Long Beach-Anaheim, CA",6,California,37,Los Angeles,34.01029,-118.0685
03/07/2024,AQS,1,5.8,ug/m3 LC,32,Pico Rivera #2,1,100,88101,PM2.5 - Local Conditions,145,R & P Model 2025 PM-2.5 Sequential Air Sampler w/VSCC,31080,"Los Angeles-Long Beach-Anaheim, CA",6,California,37,Los Angeles,34.01029,-118.0685
03/10/2024,AQS,1,8.5,ug/m3 LC,47,Pico Rivera #2,1,100,88101,PM2.5 - Local Conditions,145,R & P Model 2025 PM-2.5 Sequential Air Sampler w/VSCC,31080,"Los Angeles-Long Beach-Anaheim, CA",6,California,37,Los Angeles,34.01029,-118.0685
03/13/2024,AQS,1,7.1,ug/m3 LC,39,Pico Rivera #2,1,100,88101,PM2.5 - Local Conditions,145,R & P Model 2025 PM-2.5 Sequential Air Sampler w/VSCC,31080,"Los Angeles-Long Beach-Anaheim, CA",6,California,37,Los Angeles,34.01029,-118.0685
03/16/2024,AQS,1,6.6,ug/m3 LC,37,Pico Rivera #2,1,100,88101,PM2.5 - Local Conditions,145,R & P Model 2025 PM-2.5 Sequential Air Sampler w/VSCC,31080,"Los Angeles-Long Beach-Anaheim, CA",6,California,37,Los Angeles,34.01029,-118.0685
03/19/2024,AQS,1,10,ug/m3 LC,53,Pico Rivera #2,1,100,88101,PM2.5 - Local Conditions,145,R & P Model 2025 PM-2.5 Sequential Air Sampler w/VSCC,31080,"Los Angeles-Long Beach-Anaheim, CA",6,California,37,Los Angeles,34.01029,-118.0685
03/22/2024,AQS,1,15.2,ug/m3 LC,62,Pico Rivera #2,1,100,88101,PM2.5 - Local Conditions,145,R & P Model 2025 PM-2.5 Sequential Air Sampler w/VSCC,31080,"Los Angeles-Long Beach-Anaheim, CA",6,California,37,Los Angeles,34.01029,-118.0685
03/25/2024,AQS,1,6.4,ug/m3 LC,36,Pico Rivera #2,1,100,88101,PM2.5 - Local Conditions,145,R & P Model 2025 PM-2.5 Sequential Air Sampler w/VSCC,31080,"Los Angeles-Long Beach-Anaheim, CA",6,California,37,Los Angeles,34.01029,-118.0685
03/28/2024,AQS,1,7.7,ug/m3 LC,43,Pico Rivera #2,1,100,88101,PM2.5 - Local Conditions,145,R & P Model 2025 PM-2.5 Sequential Air Sampler w/VSCC,31080,"Los Angeles-Long Beach-Anaheim, CA",6,California,37,Los Angeles,34.01029,-118.0685
03/31/2024,AQS,1,2.7,ug/m3 LC,15,Pico Rivera #2,1,100,88101,PM2.5 - Local Conditions,145,R & P Model 2025 PM-2.5 Sequential Air Sampler w/VSCC,31080,"Los Angeles-Long Beach-Anaheim, CA",6,California,37,Los Angeles,34.01029,-118.0685
04/03/2024,AQS,1,9.5,ug/m3 LC,52,Pico Rivera #2,1,100,88101,PM2.5 - Local Conditions,145,R & P Model 2025 PM-2.5 Sequential Air Sampler w/VSCC,31080,"Los Angeles-Long Beach-Anaheim, CA",6,California,37,Los Angeles,34.01029,-118.0685
04/06/2024,AQS,1,6,ug/m3 LC,33,Pico Rivera #2,1,100,88101,PM2.5 - Local Conditions,145,R & P Model 2025 PM-2.5 Sequential Air Sampler w/VSCC,31080,"Los Angeles-Long Beach-Anaheim, CA",6,California,37,Los Angeles,34.01029,-118.0685
04/09/2024,AQS,1,6.8,ug/m3 LC,38,Pico Rivera #2,1,100,88101,PM2.5 - Local Conditions,145,R & P Model 2025 PM-2.5 Sequential Air Sampler w/VSCC,31080,"Los Angeles-Long Beach-Anaheim, CA",6,California,37,Los Angeles,34.01029,-118.0685
04/12/2024,AQS,1,10.7,ug/m3 LC,54,Pico Rivera #2,1,100,88101,PM2.5 - Local Conditions,145,R & P Model 2025 PM-2.5 Sequential Air Sampler w/VSCC,31080,"Los Angeles-Long Beach-Anaheim, CA",6,California,37,Los Angeles,34.01029,-118.0685
04/15/2024,AQS,1,5.6,ug/m3 LC,31,Pico Rivera #2,1,100,88101,PM2.5 - Local Conditions,145,R & P Model 2025 PM-2.5 Sequential Air Sampler w/VSCC,31080,"Los Angeles-Long Beach-Anaheim, CA",6,California,37,Los Angeles,34.01029,-118.0685
04/18/2024,AQS,1,13.7,ug/m3 LC,60,Pico Rivera #2,1,100,88101,PM2.5 - Local Conditions,145,R & P Model 2025 PM-2.5 Sequential Air Sampler w/VSCC,31080,"Los Angeles-Long Beach-Anaheim, CA",6,California,37,Los Angeles,34.01029,-118.0685
04/21/2024,AQS,1,0,ug/m3 LC,0,Pico Rivera #2,1,100,88101,PM2.5 - Local Conditions,145,R & P Model 2025 PM-2.5 Sequential Air Sampler w/VSCC,31080,"Los Angeles-Long Beach-Anaheim, CA",6,California,37,Los Angeles,34.01029,-118.0685
04/24/2024,AQS,1,0,ug/m3 LC,0,Pico Rivera #2,1,100,88101,PM2.5 - Local Conditions,145,R & P Model 2025 PM-2.5 Sequential Air Sampler w/VSCC,31080,"Los Angeles-Long Beach-Anaheim, CA",6,California,37,Los Angeles,34.01029,-118.0685
04/27/2024,AQS,1,7.7,ug/m3 LC,43,Pico Rivera #2,1,100,88101,PM2.5 - Local Conditions,145,R & P Model 2025 PM-2.5 Sequential Air Sampler w/VSCC,31080,"Los Angeles-Long Beach-Anaheim, CA",6,California,37,Los Angeles,34.01029,-118.0685
04/30/2024,AQS,1,11.7,ug/m3 LC,56,Pico Rivera #2,1,100,88101,PM2.5 - Local Conditions,145,R & P Model 2025 PM-2.5 Sequential Air Sampler w/VSCC,31080,"Los Angeles-Long Beach-Anaheim, CA",6,California,37,Los Angeles,34.01029,-118.0685
05/03/2024,AQS,1,10.9,ug/m3 LC,54,Pico Rivera #2,1,100,88101,PM2.5 - Local Conditions,145,R & P Model 2025 PM-2.5 Sequential Air Sampler w/VSCC,31080,"Los Angeles-Long Beach-Anaheim, CA",6,California,37,Los Angeles,34.01029,-118.0685
05/06/2024,AQS,1,7.2,ug/m3 LC,40,Pico Rivera #2,1,100,88101,PM2.5 - Local Conditions,145,R & P Model 2025 PM-2.5 Sequential Air Sampler w/VSCC,31080,"Los Angeles-Long Beach-Anaheim, CA",6,California,37,Los Angeles,34.01029,-118.0685
05/09/2024,AQS,1,13.7,ug/m3 LC,60,Pico Rivera #2,1,100,88101,PM2.5 - Local Conditions,145,R & P Model 2025 PM-2.5 Sequential Air Sampler w/VSCC,31080,"Los Angeles-Long Beach-Anaheim, CA",6,California,37,Los Angeles,34.01029,-118.0685
05/12/2024,AQS,1,13.8,ug/m3 LC,60,Pico Rivera #2,1,100,88101,PM2.5 - Local Conditions,145,R & P Model 2025 PM-2.5 Sequential Air Sampler w/VSCC,31080,"Los Angeles-Long Beach-Anaheim, CA",6,California,37,Los Angeles,34.01029,-118.0685
05/15/2024,AQS,1,5.9,ug/m3 LC,33,Pico Rivera #2,1,100,88101,PM2.5 - Local Conditions,145,R & P Model 2025 PM-2.5 Sequential Air Sampler w/VSCC,31080,"Los Angeles-Long Beach-Anaheim, CA",6,California,37,Los Angeles,34.01029,-118.0685
05/18/2024,AQS,1,6.5,ug/m3 LC,36,Pico Rivera #2,1,100,88101,PM2.5 - Local Conditions,145,R & P Model 2025 PM-2.5 Sequential Air Sampler w/VSCC,31080,"Los Angeles-Long Beach-Anaheim, CA",6,California,37,Los Angeles,34.01029,-118.0685
05/21/2024,AQS,1,12.2,ug/m3 LC,57,Pico Rivera #2,1,100,88101,PM2.5 - Local Conditions,145,R & P Model 2025 PM-2.5 Sequential Air Sampler w/VSCC,31080,"Los Angeles-Long Beach-Anaheim, CA",6,California,37,Los Angeles,34.01029,-118.0685
05/24/2024,AQS,1,11.1,ug/m3 LC,55,Pico Rivera #2,1,100,88101,PM2.5 - Local Conditions,145,R & P Model 2025 PM-2.5 Sequential Air Sampler w/VSCC,31080,"Los Angeles-Long Beach-Anaheim, CA",6,California,37,Los Angeles,34.01029,-118.0685
05/27/2024,AQS,1,11.8,ug/m3 LC,56,Pico Rivera #2,1,100,88101,PM2.5 - Local Conditions,145,R & P Model 2025 PM-2.5 Sequential Air Sampler w/VSCC,31080,"Los Angeles-Long Beach-Anaheim, CA",6,California,37,Los Angeles,34.01029,-118.0685
05/30/2024,AQS,1,11.5,ug/m3 LC,55,Pico Rivera #2,1,100,88101,PM2.5 - Local Conditions,145,R & P Model 2025 PM-2.5 Sequential Air Sampler w/VSCC,31080,"Los Angeles-Long Beach-Anaheim, CA",6,California,37,Los Angeles,34.01029,-118.0685
06/02/2024,AQS,1,6.4,ug/m3 LC,36,Pico Rivera #2,1,100,88101,PM2.5 - Local Conditions,145,R & P Model 2025 PM-2.5 Sequential Air Sampler w/VSCC,31080,"Los Angeles-Long Beach-Anaheim, CA",6,California,37,Los Angeles,34.01029,-118.0685
06/05/2024,AQS,1,11.2,ug/m3 LC,55,Pico Rivera #2,1,100,88101,PM2.5 - Local Conditions,145,R & P Model 2025 PM-2.5 Sequential Air Sampler w/VSCC,31080,"Los Angeles-Long Beach-Anaheim, CA",6,California,37,Los Angeles,34.01029,-118.0685
06/08/2024,AQS,1,4.2,ug/m3 LC,23,Pico Rivera #2,1,100,88101,PM2.5 - Local Conditions,145,R & P Model 2025 PM-2.5 Sequential Air Sampler w/VSCC,31080,"Los Angeles-Long Beach-Anaheim, CA",6,California,37,Los Angeles,34.01029,-118.0685
06/11/2024,AQS,1,11.7,ug/m3 LC,56,Pico Rivera #2,1,100,88101,PM2.5 - Local Conditions,145,R & P Model 2025 PM-2.5 Sequential Air Sampler w/VSCC,31080,"Los Angeles-Long Beach-Anaheim, CA",6,California,37,Los Angeles,34.01029,-118.0685
06/14/2024,AQS,1,9.2,ug/m3 LC,51,Pico Rivera #2,1,100,88101,PM2.5 - Local Conditions,145,R & P Model 2025 PM-2.5 Sequential Air Sampler w/VSCC,31080,"Los Angeles-Long Beach-Anaheim, CA",6,California,37,Los Angeles,34.01029,-118.0685
06/17/2024,AQS,1,17.1,ug/m3 LC,66,Pico Rivera #2,1,100,88101,PM2.5 - Local Conditions,145,R & P Model 2025 PM-2.5 Sequential Air Sampler w/VSCC,31080,"Los Angeles-Long Beach-Anaheim, CA",6,California,37,Los Angeles,34.01029,-118.0685
06/20/2024,AQS,1,14.4,ug/m3 LC,61,Pico Rivera #2,1,100,88101,PM2.5 - Local Conditions,145,R & P Model 2025 PM-2.5 Sequential Air Sampler w/VSCC,31080,"Los Angeles-Long Beach-Anaheim, CA",6,California,37,Los Angeles,34.01029,-118.0685
06/23/2024,AQS,1,10.6,ug/m3 LC,54,Pico Rivera #2,1,100,88101,PM2.5 - Local Conditions,145,R & P Model 2025 PM-2.5 Sequential Air Sampler w/VSCC,31080,"Los Angeles-Long Beach-Anaheim, CA",6,California,37,Los Angeles,34.01029,-118.0685
06/26/2024,AQS,1,13.9,ug/m3 LC,60,Pico Rivera #2,1,100,88101,PM2.5 - Local Conditions,145,R & P Model 2025 PM-2.5 Sequential Air Sampler w/VSCC,31080,"Los Angeles-Long Beach-Anaheim, CA",6,California,37,Los Angeles,34.01029,-118.0685
06/29/2024,AQS,1,13.2,ug/m3 LC,59,Pico Rivera #2,1,100,88101,PM2.5 - Local Conditions,145,R & P Model 2025 PM-2.5 Sequential Air Sampler w/VSCC,31080,"Los Angeles-Long Beach-Anaheim, CA",6,California,37,Los Angeles,34.01029,-118.0685
07/02/2024,AQS,1,12,ug/m3 LC,56,Pico Rivera #2,1,100,88101,PM2.5 - Local Conditions,145,R & P Model 2025 PM-2.5 Sequential Air Sampler w/VSCC,31080,"Los Angeles-Long Beach-Anaheim, CA",6,California,37,Los Angeles,34.01029,-118.0685
07/05/2024,AQS,1,68.2,ug/m3 LC,160,Pico Rivera #2,1,100,88101,PM2.5 - Local Conditions,145,R & P Model 2025 PM-2.5 Sequential Air Sampler w/VSCC,31080,"Los Angeles-Long Beach-Anaheim, CA",6,California,37,Los Angeles,34.01029,-118.0685
07/08/2024,AQS,1,11.7,ug/m3 LC,56,Pico Rivera #2,1,100,88101,PM2.5 - Local Conditions,145,R & P Model 2025 PM-2.5 Sequential Air Sampler w/VSCC,31080,"Los Angeles-Long Beach-Anaheim, CA",6,California,37,Los Angeles,34.01029,-118.0685
07/11/2024,AQS,1,12.2,ug/m3 LC,57,Pico Rivera #2,1,100,88101,PM2.5 - Local Conditions,145,R & P Model 2025 PM-2.5 Sequential Air Sampler w/VSCC,31080,"Los Angeles-Long Beach-Anaheim, CA",6,California,37,Los Angeles,34.01029,-118.0685
07/14/2024,AQS,1,9.8,ug/m3 LC,52,Pico Rivera #2,1,100,88101,PM2.5 - Local Conditions,145,R & P Model 2025 PM-2.5 Sequential Air Sampler w/VSCC,31080,"Los Angeles-Long Beach-Anaheim, CA",6,California,37,Los Angeles,34.01029,-118.0685
07/17/2024,AQS,1,8.1,ug/m3 LC,45,Pico Rivera #2,1,100,88101,PM2.5 - Local Conditions,145,R & P Model 2025 PM-2.5 Sequential Air Sampler w/VSCC,31080,"Los Angeles-Long Beach-Anaheim, CA",6,California,37,Los Angeles,34.01029,-118.0685
07/20/2024,AQS,1,12.9,ug/m3 LC,58,Pico Rivera #2,1,100,88101,PM2.5 - Local Conditions,145,R & P Model 2025 PM-2.5 Sequential Air Sampler w/VSCC,31080,"Los Angeles-Long Beach-Anaheim, CA",6,California,37,Los Angeles,34.01029,-118.0685
07/23/2024,AQS,1,9.4,ug/m3 LC,52,Pico Rivera #2,1,100,88101,PM2.5 - Local Conditions,145,R & P Model 2025 PM-2.5 Sequential Air Sampler w/VSCC,31080,"Los Angeles-Long Beach-Anaheim, CA",6,California,37,Los Angeles,34.01029,-118.0685
07/26/2024,AQS,1,11.7,ug/m3 LC,56,Pico Rivera #2,1,100,88101,PM2.5 - Local Conditions,145,R & P Model 2025 PM-2.5 Sequential Air Sampler w/VSCC,31080,"Los Angeles-Long Beach-Anaheim, CA",6,California,37,Los Angeles,34.01029,-118.0685
07/29/2024,AQS,1,9.5,ug/m3 LC,52,Pico Rivera #2,1,100,88101,PM2.5 - Local Conditions,145,R & P Model 2025 PM-2.5 Sequential Air Sampler w/VSCC,31080,"Los Angeles-Long Beach-Anaheim, CA",6,California,37,Los Angeles,34.01029,-118.0685
08/01/2024,AQS,1,10.5,ug/m3 LC,54,Pico Rivera #2,1,100,88101,PM2.5 - Local Conditions,145,R & P Model 2025 PM-2.5 Sequential Air Sampler w/VSCC,31080,"Los Angeles-Long Beach-Anaheim, CA",6,California,37,Los Angeles,34.01029,-118.0685
08/04/2024,AQS,1,10.1,ug/m3 LC,53,Pico Rivera #2,1,100,88101,PM2.5 - Local Conditions,145,R & P Model 2025 PM-2.5 Sequential Air Sampler w/VSCC,31080,"Los Angeles-Long Beach-Anaheim, CA",6,California,37,Los Angeles,34.01029,-118.0685
08/07/2024,AQS,1,14.1,ug/m3 LC,60,Pico Rivera #2,1,100,88101,PM2.5 - Local Conditions,145,R & P Model 2025 PM-2.5 Sequential Air Sampler w/VSCC,31080,"Los Angeles-Long Beach-Anaheim, CA",6,California,37,Los Angeles,34.01029,-118.0685
08/10/2024,AQS,1,11.6,ug/m3 LC,56,Pico Rivera #2,1,100,88101,PM2.5 - Local Conditions,145,R & P Model 2025 PM-2.5 Sequential Air Sampler w/VSCC,31080,"Los Angeles-Long Beach-Anaheim, CA",6,California,37,Los Angeles,34.01029,-118.0685
08/13/2024,AQS,1,11,ug/m3 LC,55,Pico Rivera #2,1,100,88101,PM2.5 - Local Conditions,145,R & P Model 2025 PM-2.5 Sequential Air Sampler w/VSCC,31080,"Los Angeles-Long Beach-Anaheim, CA",6,California,37,Los Angeles,34.01029,-118.0685
08/16/2024,AQS,1,11.6,ug/m3 LC,56,Pico Rivera #2,1,100,88101,PM2.5 - Local Conditions,145,R & P Model 2025 PM-2.5 Sequential Air Sampler w/VSCC,31080,"Los Angeles-Long Beach-Anaheim, CA",6,California,37,Los Angeles,34.01029,-118.0685
08/19/2024,AQS,1,9.9,ug/m3 LC,52,Pico Rivera #2,1,100,88101,PM2.5 - Local Conditions,145,R & P Model 2025 PM-2.5 Sequential Air Sampler w/VSCC,31080,"Los Angeles-Long Beach-Anaheim, CA",6,California,37,Los Angeles,34.01029,-118.0685
08/22/2024,AQS,1,11.4,ug/m3 LC,55,Pico Rivera #2,1,100,88101,PM2.5 - Local Conditions,145,R & P Model 2025 PM-2.5 Sequential Air Sampler w/VSCC,31080,"Los Angeles-Long Beach-Anaheim, CA",6,California,37,Los Angeles,34.01029,-118.0685
08/25/2024,AQS,1,10.2,ug/m3 LC,53,Pico Rivera #2,1,100,88101,PM2.5 - Local Conditions,145,R & P Model 2025 PM-2.5 Sequential Air Sampler w/VSCC,31080,"Los Angeles-Long Beach-Anaheim, CA",6,California,37,Los Angeles,34.01029,-118.0685
08/28/2024,AQS,1,14.6,ug/m3 LC,61,Pico Rivera #2,1,100,88101,PM2.5 - Local Conditions,145,R & P Model 2025 PM-2.5 Sequential Air Sampler w/VSCC,31080,"Los Angeles-Long Beach-Anaheim, CA",6,California,37,Los Angeles,34.01029,-118.0685
08/31/2024,AQS,1,12.5,ug/m3 LC,57,Pico Rivera #2,1,100,88101,PM2.5 - Local Conditions,145,R & P Model 2025 PM-2.5 Sequential Air Sampler w/VSCC,31080,"Los Angeles-Long Beach-Anaheim, CA",6,California,37,Los Angeles,34.01029,-118.0685
09/03/2024,AQS,1,13,ug/m3 LC,58,Pico Rivera #2,1,100,88101,PM2.5 - Local Conditions,145,R & P Model 2025 PM-2.5 Sequential Air Sampler w/VSCC,31080,"Los Angeles-Long Beach-Anaheim, CA",6,California,37,Los Angeles,34.01029,-118.0685
09/06/2024,AQS,1,14.7,ug/m3 LC,61,Pico Rivera #2,1,100,88101,PM2.5 - Local Conditions,145,R & P Model 2025 PM-2.5 Sequential Air Sampler w/VSCC,31080,"Los Angeles-Long Beach-Anaheim, CA",6,California,37,Los Angeles,34.01029,-118.0685
09/09/2024,AQS,1,20.9,ug/m3 LC,73,Pico Rivera #2,1,100,88101,PM2.5 - Local Conditions,145,R & P Model 2025 PM-2.5 Sequential Air Sampler w/VSCC,31080,"Los Angeles-Long Beach-Anaheim, CA",6,California,37,Los Angeles,34.01029,-118.0685
09/12/2024,AQS,1,9.7,ug/m3 LC,52,Pico Rivera #2,1,100,88101,PM2.5 - Local Conditions,145,R & P Model 2025 PM-2.5 Sequential Air Sampler w/VSCC,31080,"Los Angeles-Long Beach-Anaheim, CA",6,California,37,Los Angeles,34.01029,-118.0685
09/15/2024,AQS,1,8.4,ug/m3 LC,47,Pico Rivera #2,1,100,88101,PM2.5 - Local Conditions,145,R & P Model 2025 PM-2.5 Sequential Air Sampler w/VSCC,31080,"Los Angeles-Long Beach-Anaheim, CA",6,California,37,Los Angeles,34.01029,-118.0685
09/18/2024,AQS,1,10,ug/m3 LC,53,Pico Rivera #2,1,100,88101,PM2.5 - Local Conditions,145,R & P Model 2025 PM-2.5 Sequential Air Sampler w/VSCC,31080,"Los Angeles-Long Beach-Anaheim, CA",6,California,37,Los Angeles,34.01029,-118.0685
09/21/2024,AQS,1,9.3,ug/m3 LC,51,Pico Rivera #2,1,100,88101,PM2.5 - Local Conditions,145,R & P Model 2025 PM-2.5 Sequential Air Sampler w/VSCC,31080,"Los Angeles-Long Beach-Anaheim, CA",6,California,37,Los Angeles,34.01029,-118.0685
09/24/2024,AQS,1,14.6,ug/m3 LC,61,Pico Rivera #2,1,100,88101,PM2.5 - Local Conditions,145,R & P Model 2025 PM-2.5 Sequential Air Sampler w/VSCC,31080,"Los Angeles-Long Beach-Anaheim, CA",6,California,37,Los Angeles,34.01029,-118.0685
09/27/2024,AQS,1,16.1,ug/m3 LC,64,Pico Rivera #2,1,100,88101,PM2.5 - Local Conditions,145,R & P Model 2025 PM-2.5 Sequential Air Sampler w/VSCC,31080,"Los Angeles-Long Beach-Anaheim, CA",6,California,37,Los Angeles,34.01029,-118.0685
09/30/2024,AQS,1,14.7,ug/m3 LC,61,Pico Rivera #2,1,100,88101,PM2.5 - Local Conditions,145,R & P Model 2025 PM-2.5 Sequential Air Sampler w/VSCC,31080,"Los Angeles-Long Beach-Anaheim, CA",6,California,37,Los Angeles,34.01029,-118.0685
10/03/2024,AQS,1,13.1,ug/m3 LC,58,Pico Rivera #2,1,100,88101,PM2.5 - Local Conditions,145,R & P Model 2025 PM-2.5 Sequential Air Sampler w/VSCC,31080,"Los Angeles-Long Beach-Anaheim, CA",6,California,37,Los Angeles,34.01029,-118.0685
10/06/2024,AQS,1,15.5,ug/m3 LC,63,Pico Rivera #2,1,100,88101,PM2.5 - Local Conditions,145,R & P Model 2025 PM-2.5 Sequential Air Sampler w/VSCC,31080,"Los Angeles-Long Beach-Anaheim, CA",6,California,37,Los Angeles,34.01029,-118.0685
10/09/2024,AQS,1,23.5,ug/m3 LC,78,Pico Rivera #2,1,100,88101,PM2.5 - Local Conditions,145,R & P Model 2025 PM-2.5 Sequential Air Sampler w/VSCC,31080,"Los Angeles-Long Beach-Anaheim, CA",6,California,37,Los Angeles,34.01029,-118.0685
10/12/2024,AQS,1,14.3,ug/m3 LC,61,Pico Rivera #2,1,100,88101,PM2.5 - Local Conditions,145,R & P Model 2025 PM-2.5 Sequential Air Sampler w/VSCC,31080,"Los Angeles-Long Beach-Anaheim, CA",6,California,37,Los Angeles,34.01029,-118.0685
10/15/2024,AQS,1,19.1,ug/m3 LC,70,Pico Rivera #2,1,100,88101,PM2.5 - Local Conditions,145,R & P Model 2025 PM-2.5 Sequential Air Sampler w/VSCC,31080,"Los Angeles-Long Beach-Anaheim, CA",6,California,37,Los Angeles,34.01029,-118.0685
10/18/2024,AQS,1,9.5,ug/m3 LC,52,Pico Rivera #2,1,100,88101,PM2.5 - Local Conditions,145,R & P Model 2025 PM-2.5 Sequential Air Sampler w/VSCC,31080,"Los Angeles-Long Beach-Anaheim, CA",6,California,37,Los Angeles,34.01029,-118.0685
10/21/2024,AQS,1,13.4,ug/m3 LC,59,Pico Rivera #2,1,100,88101,PM2.5 - Local Conditions,145,R & P Model 2025 PM-2.5 Sequential Air Sampler w/VSCC,31080,"Los Angeles-Long Beach-Anaheim, CA",6,California,37,Los Angeles,34.01029,-118.0685
10/24/2024,AQS,1,17.7,ug/m3 LC,67,Pico Rivera #2,1,100,88101,PM2.5 - Local Conditions,145,R & P Model 2025 PM-2.5 Sequential Air Sampler w/VSCC,31080,"Los Angeles-Long Beach-Anaheim, CA",6,California,37,Los Angeles,34.01029,-118.0685
10/27/2024,AQS,1,17.4,ug/m3 LC,66,Pico Rivera #2,1,100,88101,PM2.5 - Local Conditions,145,R & P Model 2025 PM-2.5 Sequential Air Sampler w/VSCC,31080,"Los Angeles-Long Beach-Anaheim, CA",6,California,37,Los Angeles,34.01029,-118.0685
10/30/2024,AQS,1,9.5,ug/m3 LC,52,Pico Rivera #2,1,100,88101,PM2.5 - Local Conditions,145,R & P Model 2025 PM-2.5 Sequential Air Sampler w/VSCC,31080,"Los Angeles-Long Beach-Anaheim, CA",6,California,37,Los Angeles,34.01029,-118.0685
11/02/2024,AQS,1,11,ug/m3 LC,55,Pico Rivera #2,1,100,88101,PM2.5 - Local Conditions,145,R & P Model 2025 PM-2.5 Sequential Air Sampler w/VSCC,31080,"Los Angeles-Long Beach-Anaheim, CA",6,California,37,Los Angeles,34.01029,-118.0685
11/05/2024,AQS,1,9.3,ug/m3 LC,51,Pico Rivera #2,1,100,88101,PM2.5 - Local Conditions,145,R & P Model 2025 PM-2.5 Sequential Air Sampler w/VSCC,31080,"Los Angeles-Long Beach-Anaheim, CA",6,California,37,Los Angeles,34.01029,-118.0685
11/08/2024,AQS,1,9.7,ug/m3 LC,52,Pico Rivera #2,1,100,88101,PM2.5 - Local Conditions,145,R & P Model 2025 PM-2.5 Sequential Air Sampler w/VSCC,31080,"Los Angeles-Long Beach-Anaheim, CA",6,California,37,Los Angeles,34.01029,-118.0685
11/11/2024,AQS,1,20.9,ug/m3 LC,73,Pico Rivera #2,1,100,88101,PM2.5 - Local Conditions,145,R & P Model 2025 PM-2.5 Sequential Air Sampler w/VSCC,31080,"Los Angeles-Long Beach-Anaheim, CA",6,California,37,Los Angeles,34.01029,-118.0685
11/14/2024,AQS,1,12.7,ug/m3 LC,58,Pico Rivera #2,1,100,88101,PM2.5 - Local Conditions,145,R & P Model 2025 PM-2.5 Sequential Air Sampler w/VSCC,31080,"Los Angeles-Long Beach-Anaheim, CA",6,California,37,Los Angeles,34.01029,-118.0685
11/17/2024,AQS,1,9.1,ug/m3 LC,51,Pico Rivera #2,1,100,88101,PM2.5 - Local Conditions,145,R & P Model 2025 PM-2.5 Sequential Air Sampler w/VSCC,31080,"Los Angeles-Long Beach-Anaheim, CA",6,California,37,Los Angeles,34.01029,-118.0685
11/20/2024,AQS,1,12,ug/m3 LC,56,Pico Rivera #2,1,100,88101,PM2.5 - Local Conditions,145,R & P Model 2025 PM-2.5 Sequential Air Sampler w/VSCC,31080,"Los Angeles-Long Beach-Anaheim, CA",6,California,37,Los Angeles,34.01029,-118.0685
11/23/2024,AQS,1,19.8,ug/m3 LC,71,Pico Rivera #2,1,100,88101,PM2.5 - Local Conditions,145,R & P Model 2025 PM-2.5 Sequential Air Sampler w/VSCC,31080,"Los Angeles-Long Beach-Anaheim, CA",6,California,37,Los Angeles,34.01029,-118.0685
11/26/2024,AQS,1,12.9,ug/m3 LC,58,Pico Rivera #2,1,100,88101,PM2.5 - Local Conditions,145,R & P Model 2025 PM-2.5 Sequential Air Sampler w/VSCC,31080,"Los Angeles-Long Beach-Anaheim, CA",6,California,37,Los Angeles,34.01029,-118.0685
11/29/2024,AQS,1,7.3,ug/m3 LC,41,Pico Rivera #2,1,100,88101,PM2.5 - Local Conditions,145,R & P Model 2025 PM-2.5 Sequential Air Sampler w/VSCC,31080,"Los Angeles-Long Beach-Anaheim, CA",6,California,37,Los Angeles,34.01029,-118.0685
12/02/2024,AQS,1,20.2,ug/m3 LC,72,Pico Rivera #2,1,100,88101,PM2.5 - Local Conditions,145,R & P Model 2025 PM-2.5 Sequential Air Sampler w/VSCC,31080,"Los Angeles-Long Beach-Anaheim, CA",6,California,37,Los Angeles,34.01029,-118.0685
12/05/2024,AQS,1,61.7,ug/m3 LC,155,Pico Rivera #2,1,100,88101,PM2.5 - Local Conditions,145,R & P Model 2025 PM-2.5 Sequential Air Sampler w/VSCC,31080,"Los Angeles-Long Beach-Anaheim, CA",6,California,37,Los Angeles,34.01029,-118.0685
12/08/2024,AQS,1,19.6,ug/m3 LC,71,Pico Rivera #2,1,100,88101,PM2.5 - Local Conditions,145,R & P Model 2025 PM-2.5 Sequential Air Sampler w/VSCC,31080,"Los Angeles-Long Beach-Anaheim, CA",6,California,37,Los Angeles,34.01029,-118.0685
12/11/2024,AQS,1,10.1,ug/m3 LC,53,Pico Rivera #2,1,100,88101,PM2.5 - Local Conditions,145,R & P Model 2025 PM-2.5 Sequential Air Sampler w/VSCC,31080,"Los Angeles-Long Beach-Anaheim, CA",6,California,37,Los Angeles,34.01029,-118.0685
12/14/2024,AQS,1,18,ug/m3 LC,68,Pico Rivera #2,1,100,88101,PM2.5 - Local Conditions,145,R & P Model 2025 PM-2.5 Sequential Air Sampler w/VSCC,31080,"Los Angeles-Long Beach-Anaheim, CA",6,California,37,Los Angeles,34.01029,-118.0685
12/17/2024,AQS,1,18.8,ug/m3 LC,69,Pico Rivera #2,1,100,88101,PM2.5 - Local Conditions,145,R & P Model 2025 PM-2.5 Sequential Air Sampler w/VSCC,31080,"Los Angeles-Long Beach-Anaheim, CA",6,California,37,Los Angeles,34.01029,-118.0685
12/20/2024,AQS,1,30.4,ug/m3 LC,91,Pico Rivera #2,1,100,88101,PM2.5 - Local Conditions,145,R & P Model 2025 PM-2.5 Sequential Air Sampler w/VSCC,31080,"Los Angeles-Long Beach-Anaheim, CA",6,California,37,Los Angeles,34.01029,-118.0685
12/23/2024,AQS,1,37.7,ug/m3 LC,106,Pico Rivera #2,1,100,88101,PM2.5 - Local Conditions,145,R & P Model 2025 PM-2.5 Sequential Air Sampler w/VSCC,31080,"Los Angeles-Long Beach-Anaheim, CA",6,California,37,Los Angeles,34.01029,-118.0685
12/26/2024,AQS,1,15.5,ug/m3 LC,63,Pico Rivera #2,1,100,88101,PM2.5 - Local Conditions,145,R & P Model 2025 PM-2.5 Sequential Air Sampler w/VSCC,31080,"Los Angeles-Long Beach-Anaheim, CA",6,California,37,Los Angeles,34.01029,-118.0685
12/29/2024,AQS,1,34.6,ug/m3 LC,99,Pico Rivera #2,1,100,88101,PM2.5 - Local Conditions,145,R & P Model 2025 PM-2.5 Sequential Air Sampler w/VSCC,31080,"Los Angeles-Long Beach-Anaheim, CA",6,California,37,Los Angeles,34.01029,-118.0685
01/01/2025,AQS,1,41.8,ug/m3 LC,117,Pico Rivera #2,1,100,88101,PM2.5 - Local Conditions,145,R & P Model 2025 PM-2.5 Sequential Air Sampler w/VSCC,31080,"Los Angeles-Long Beach-Anaheim, CA",6,California,37,Los Angeles,34.01029,-118.0685
01/04/2025,AQS,1,31.1,ug/m3 LC,92,Pico Rivera #2,1,100,88101,PM2.5 - Local Conditions,145,R & P Model 2025 PM-2.5 Sequential Air Sampler w/VSCC,31080,"Los Angeles-Long Beach-Anaheim, CA",6,California,37,Los Angeles,34.01029,-118.0685
01/07/2025,AQS,1,19.9,ug/m3 LC,71,Pico Rivera #2,1,100,88101,PM2.5 - Local Conditions,145,R & P Model 2025 PM-2.5 Sequential Air Sampler w/VSCC,31080,"Los Angeles-Long Beach-Anaheim, CA",6,California,37,Los Angeles,34.01029,-118.0685
01/10/2025,AQS,1,38.5,ug/m3 LC,108,Pico Rivera #2,1,100,88101,PM2.5 - Local Conditions,145,R & P Model 2025 PM-2.5 Sequential Air Sampler w/VSCC,31080,"Los Angeles-Long Beach-Anaheim, CA",6,California,37,Los Angeles,34.01029,-118.0685
01/13/2025,AQS,1,9.3,ug/m3 LC,51,Pico Rivera #2,1,100,88101,PM2.5 - Local Conditions,145,R & P Model 2025 PM-2.5 Sequential Air Sampler w/VSCC,31080,"Los Angeles-Long Beach-Anaheim, CA",6,California,37,Los Angeles,34.01029,-118.0685
01/16/2025,AQS,1,12.6,ug/m3 LC,58,Pico Rivera #2,1,100,88101,PM2.5 - Local Conditions,145,R & P Model 2025 PM-2.5 Sequential Air Sampler w/VSCC,31080,"Los Angeles-Long Beach-Anaheim, CA",6,California,37,Los Angeles,34.01029,-118.0685
01/19/2025,AQS,1,27.3,ug/m3 LC,85,Pico Rivera #2,1,100,88101,PM2.5 - Local Conditions,145,R & P Model 2025 PM-2.5 Sequential Air Sampler w/VSCC,31080,"Los Angeles-Long Beach-Anaheim, CA",6,California,37,Los Angeles,34.01029,-118.0685
01/22/2025,AQS,1,11.6,ug/m3 LC,56,Pico Rivera #2,1,100,88101,PM2.5 - Local Conditions,145,R & P Model 2025 PM-2.5 Sequential Air Sampler w/VSCC,31080,"Los Angeles-Long Beach-Anaheim, CA",6,California,37,Los Angeles,34.01029,-118.0685
01/25/2025,AQS,1,11.3,ug/m3 LC,55,Pico Rivera #2,1,100,88101,PM2.5 - Local Conditions,145,R & P Model 2025 PM-2.5 Sequential Air Sampler w/VSCC,31080,"Los Angeles-Long Beach-Anaheim, CA",6,California,37,Los Angeles,34.01029,-118.0685
01/28/2025,AQS,1,13.4,ug/m3 LC,59,Pico Rivera #2,1,100,88101,PM2.5 - Local Conditions,145,R & P Model 2025 PM-2.5 Sequential Air Sampler w/VSCC,31080,"Los Angeles-Long Beach-Anaheim, CA",6,California,37,Los Angeles,34.01029,-118.0685
01/31/2025,AQS,1,21.3,ug/m3 LC,74,Pico Rivera #2,1,100,88101,PM2.5 - Local Conditions,145,R & P Model 2025 PM-2.5 Sequential Air Sampler w/VSCC,31080,"Los Angeles-Long Beach-Anaheim, CA",6,California,37,Los Angeles,34.01029,-118.0685
02/03/2025,AQS,1,24,ug/m3 LC,79,Pico Rivera #2,1,100,88101,PM2.5 - Local Conditions,145,R & P Model 2025 PM-2.5 Sequential Air Sampler w/VSCC,31080,"Los Angeles-Long Beach-Anaheim, CA",6,California,37,Los Angeles,34.01029,-118.0685
02/06/2025,AQS,1,5.2,ug/m3 LC,29,Pico Rivera #2,1,100,88101,PM2.5 - Local Conditions,145,R & P Model 2025 PM-2.5 Sequential Air Sampler w/VSCC,31080,"Los Angeles-Long Beach-Anaheim, CA",6,California,37,Los Angeles,34.01029,-118.0685
02/09/2025,AQS,1,13.5,ug/m3 LC,59,Pico Rivera #2,1,100,88101,PM2.5 - Local Conditions,145,R & P Model 2025 PM-2.5 Sequential Air Sampler w/VSCC,31080,"Los Angeles-Long Beach-Anaheim, CA",6,California,37,Los Angeles,34.01029,-118.0685
02/12/2025,AQS,1,6.2,ug/m3 LC,34,Pico Rivera #2,1,100,88101,PM2.5 - Local Conditions,145,R & P Model 2025 PM-2.5 Sequential Air Sampler w/VSCC,31080,"Los Angeles-Long Beach-Anaheim, CA",6,California,37,Los Angeles,34.01029,-118.0685
02/15/2025,AQS,1,10,ug/m3 LC,53,Pico Rivera #2,1,100,88101,PM2.5 - Local Conditions,145,R & P Model 2025 PM-2.5 Sequential Air Sampler w/VSCC,31080,"Los Angeles-Long Beach-Anaheim, CA",6,California,37,Los Angeles,34.01029,-118.0685
02/18/2025,AQS,1,11.4,ug/m3 LC,55,Pico Rivera #2,1,100,88101,PM2.5 - Local Conditions,145,R & P Model 2025 PM-2.5 Sequential Air Sampler w/VSCC,31080,"Los Angeles-Long Beach-Anaheim, CA",6,California,37,Los Angeles,34.01029,-118.0685
02/21/2025,AQS,1,10.5,ug/m3 LC,54,Pico Rivera #2,1,100,88101,PM2.5 - Local Conditions,145,R & P Model 2025 PM-2.5 Sequential Air Sampler w/VSCC,31080,"Los Angeles-Long Beach-Anaheim, CA",6,California,37,Los Angeles,34.01029,-118.0685
02/24/2025,AQS,1,13.6,ug/m3 LC,59,Pico Rivera #2,1,100,88101,PM2.5 - Local Conditions,145,R & P Model 2025 PM-2.5 Sequential Air Sampler w/VSCC,31080,"Los Angeles-Long Beach-Anaheim, CA",6,California,37,Los Angeles,34.01029,-118.0685
02/27/2025,AQS,1,10,ug/m3 LC,53,Pico Rivera #2,1,100,88101,PM2.5 - Local Conditions,145,R & P Model 2025 PM-2.5 Sequential Air Sampler w/VSCC,31080,"Los Angeles-Long Beach-Anaheim, CA",6,California,37,Los Angeles,34.01029,-118.0685
03/02/2025,AQS,1,6.1,ug/m3 LC,34,Pico Rivera #2,1,100,88101,PM2.5 - Local Conditions,145,R & P Model 2025 PM-2.5 Sequential Air Sampler w/VSCC,31080,"Los Angeles-Long Beach-Anaheim, CA",6,California,37,Los Angeles,34.01029,-118.0685
03/05/2025,AQS,1,10.8,ug/m3 LC,54,Pico Rivera #2,1,100,88101,PM2.5 - Local Conditions,145,R & P Model 2025 PM-2.5 Sequential Air Sampler w/VSCC,31080,"Los Angeles-Long Beach-Anaheim, CA",6,California,37,Los Angeles,34.01029,-118.0685
03/08/2025,AQS,1,8.5,ug/m3 LC,47,Pico Rivera #2,1,100,88101,PM2.5 - Local Conditions,145,R & P Model 2025 PM-2.5 Sequential Air Sampler w/VSCC,31080,"Los Angeles-Long Beach-Anaheim, CA",6,California,37,Los Angeles,34.01029,-118.0685
03/11/2025,AQS,1,3.6,ug/m3 LC,20,Pico Rivera #2,1,100,88101,PM2.5 - Local Conditions,145,R & P Model 2025 PM-2.5 Sequential Air Sampler w/VSCC,31080,"Los Angeles-Long Beach-Anaheim, CA",6,California,37,Los Angeles,34.01029,-118.0685
03/14/2025,AQS,1,5,ug/m3 LC,28,Pico Rivera #2,1,100,88101,PM2.5 - Local Conditions,145,R & P Model 2025 PM-2.5 Sequential Air Sampler w/VSCC,31080,"Los Angeles-Long Beach-Anaheim, CA",6,California,37,Los Angeles,34.01029,-118.0685
03/17/2025,AQS,1,10.6,ug/m3 LC,54,Pico Rivera #2,1,100,88101,PM2.5 - Local Conditions,145,R & P Model 2025 PM-2.5 Sequential Air Sampler w/VSCC,31080,"Los Angeles-Long Beach-Anaheim, CA",6,California,37,Los Angeles,34.01029,-118.0685
03/20/2025,AQS,1,9.2,ug/m3 LC,51,Pico Rivera #2,1,100,88101,PM2.5 - Local Conditions,145,R & P Model 2025 PM-2.5 Sequential Air Sampler w/VSCC,31080,"Los Angeles-Long Beach-Anaheim, CA",6,California,37,Los Angeles,34.01029,-118.0685
03/23/2025,AQS,1,14.7,ug/m3 LC,61,Pico Rivera #2,1,100,88101,PM2.5 - Local Conditions,145,R & P Model 2025 PM-2.5 Sequential Air Sampler w/VSCC,31080,"Los Angeles-Long Beach-Anaheim, CA",6,California,37,Los Angeles,34.01029,-118.0685
03/26/2025,AQS,1,10,ug/m3 LC,53,Pico Rivera #2,1,100,88101,PM2.5 - Local Conditions,145,R & P Model 2025 PM-2.5 Sequential Air Sampler w/VSCC,31080,"Los Angeles-Long Beach-Anaheim, CA",6,California,37,Los Angeles,34.01029,-118.0685
03/29/2025,AQS,1,8.5,ug/m3 LC,47,Pico Rivera #2,1,100,88101,PM2.5 - Local Conditions,145,R & P Model 2025 PM-2.5 Sequential Air Sampler w/VSCC,31080,"Los Angeles-Long Beach-Anaheim, CA",6,California,37,Los Angeles,34.01029,-118.0685
