Date,Source,POC,Daily Mean PM2.5 Concentration,Units,Daily AQI Value,Local Site Name,Daily Obs Count,Percent Complete,AQS Parameter Code,AQS Parameter Description,Method Code,Method Description,CBSA Code,CBSA Name,State FIPS Code,State,County FIPS Code,County,Site Latitude,Site Longitude
01/01/2015,AQS,3,12,ug/m3 LC,56,CCNY,1,100,88502,Acceptable PM2.5 AQI & Speciation Mass,702,PM2.5 SCC w/Correction Factor,35620,"New York-Newark-Jersey City, NY-NJ-PA",36,New York,61,New York,40.81976,-73.94825
01/02/2015,AQS,3,12.5,ug/m3 LC,57,CCNY,1,100,88502,Acceptable PM2.5 AQI & Speciation Mass,702,PM2.5 SCC w/Correction Factor,35620,"New York-Newark-Jersey City, NY-NJ-PA",36,New York,61,New York,40.81976,-73.94825
01/03/2015,AQS,3,10.7,ug/m3 LC,54,CCNY,1,100,88502,Acceptable PM2.5 AQI & Speciation Mass,702,PM2.5 SCC w/Correction Factor,35620,"New York-Newark-Jersey City, NY-NJ-PA",36,New York,61,New York,40.81976,-73.94825
01/04/2015,AQS,3,10.6,ug/m3 LC,54,CCNY,1,100,88502,Acceptable PM2.5 AQI & Speciation Mass,702,PM2.5 SCC w/Correction Factor,35620,"New York-Newark-Jersey City, NY-NJ-PA",36,New York,61,New York,40.81976,-73.94825
01/05/2015,AQS,3,8,ug/m3 LC,44,CCNY,1,100,88502,Acceptable PM2.5 AQI & Speciation Mass,702,PM2.5 SCC w/Correction Factor,35620,"New York-Newark-Jersey City, NY-NJ-PA",36,New York,61,New York,40.81976,-73.94825
01/06/2015,AQS,3,9.7,ug/m3 LC,52,CCNY,1,100,88502,Acceptable PM2.5 AQI & Speciation Mass,702,PM2.5 SCC w/Correction Factor,35620,"New York-Newark-Jersey City, NY-NJ-PA",36,New York,61,New York,40.81976,-73.94825
01/07/2015,AQS,3,10.3,ug/m3 LC,53,CCNY,1,100,88502,Acceptable PM2.5 AQI & Speciation Mass,702,PM2.5 SCC w/Correction Factor,35620,"New York-Newark-Jersey City, NY-NJ-PA",36,New York,61,New York,40.81976,-73.94825
01/08/2015,AQS,3,9.2,ug/m3 LC,51,CCNY,1,100,88502,Acceptable PM2.5 AQI & Speciation Mass,702,PM2.5 SCC w/Correction Factor,35620,"New York-Newark-Jersey City, NY-NJ-PA",36,New York,61,New York,40.81976,-73.94825
01/09/2015,AQS,3,11.7,ug/m3 LC,56,CCNY,1,100,88502,Acceptable PM2.5 AQI & Speciation Mass,702,PM2.5 SCC w/Correction Factor,35620,"New York-Newark-Jersey City, NY-NJ-PA",36,New York,61,New York,40.81976,-73.94825
01/10/2015,AQS,3,11.5,ug/m3 LC,55,CCNY,1,100,88502,Acceptable PM2.5 AQI & Speciation Mass,702,PM2.5 SCC w/Correction Factor,35620,"New York-Newark-Jersey City, NY-NJ-PA",36,New York,61,New York,40.81976,-73.94825
01/11/2015,AQS,3,13.2,ug/m3 LC,59,CCNY,1,100,88502,Acceptable PM2.5 AQI & Speciation Mass,702,PM2.5 SCC w/Correction Factor,35620,"New York-Newark-Jersey City, NY-NJ-PA",36,New York,61,New York,40.81976,-73.94825
01/12/2015,AQS,3,15,ug/m3 LC,62,CCNY,1,100,88502,Acceptable PM2.5 AQI & Speciation Mass,702,PM2.5 SCC w/Correction Factor,35620,"New York-Newark-Jersey City, NY-NJ-PA",36,New York,61,New York,40.81976,-73.94825
01/13/2015,AQS,3,10.3,ug/m3 LC,53,CCNY,1,100,88502,Acceptable PM2.5 AQI & Speciation Mass,702,PM2.5 SCC w/Correction Factor,35620,"New York-Newark-Jersey City, NY-NJ-PA",36,New York,61,New York,40.81976,-73.94825
01/14/2015,AQS,3,13.4,ug/m3 LC,59,CCNY,1,100,88502,Acceptable PM2.5 AQI & Speciation Mass,702,PM2.5 SCC w/Correction Factor,35620,"New York-Newark-Jersey City, NY-NJ-PA",36,New York,61,New York,40.81976,-73.94825
01/15/2015,AQS,3,16.4,ug/m3 LC,65,CCNY,1,100,88502,Acceptable PM2.5 AQI & Speciation Mass,702,PM2.5 SCC w/Correction Factor,35620,"New York-Newark-Jersey City, NY-NJ-PA",36,New York,61,New York,40.81976,-73.94825
01/16/2015,AQS,3,17.5,ug/m3 LC,67,CCNY,1,100,88502,Acceptable PM2.5 AQI & Speciation Mass,702,PM2.5 SCC w/Correction Factor,35620,"New York-Newark-Jersey City, NY-NJ-PA",36,New York,61,New York,40.81976,-73.94825
01/17/2015,AQS,3,8.4,ug/m3 LC,47,CCNY,1,100,88502,Acceptable PM2.5 AQI & Speciation Mass,702,PM2.5 SCC w/Correction Factor,35620,"New York-Newark-Jersey City, NY-NJ-PA",36,New York,61,New York,40.81976,-73.94825
01/18/2015,AQS,3,18,ug/m3 LC,68,CCNY,1,100,88502,Acceptable PM2.5 AQI & Speciation Mass,702,PM2.5 SCC w/Correction Factor,35620,"New York-Newark-Jersey City, NY-NJ-PA",36,New York,61,New York,40.81976,-73.94825
01/19/2015,AQS,3,7.5,ug/m3 LC,42,CCNY,1,100,88502,Acceptable PM2.5 AQI & Speciation Mass,702,PM2.5 SCC w/Correction Factor,35620,"New York-Newark-Jersey City, NY-NJ-PA",36,New York,61,New York,40.81976,-73.94825
01/20/2015,AQS,3,7.6,ug/m3 LC,42,CCNY,1,100,88502,Acceptable PM2.5 AQI & Speciation Mass,702,PM2.5 SCC w/Correction Factor,35620,"New York-Newark-Jersey City, NY-NJ-PA",36,New York,61,New York,40.81976,-73.94825
01/21/2015,AQS,3,10.1,ug/m3 LC,53,CCNY,1,100,88502,Acceptable PM2.5 AQI & Speciation Mass,702,PM2.5 SCC w/Correction Factor,35620,"New York-Newark-Jersey City, NY-NJ-PA",36,New York,61,New York,40.81976,-73.94825
01/22/2015,AQS,3,11.6,ug/m3 LC,56,CCNY,1,100,88502,Acceptable PM2.5 AQI & Speciation Mass,702,PM2.5 SCC w/Correction Factor,35620,"New York-Newark-Jersey City, NY-NJ-PA",36,New York,61,New York,40.81976,-73.94825
01/23/2015,AQS,3,12.7,ug/m3 LC,58,CCNY,1,100,88502,Acceptable PM2.5 AQI & Speciation Mass,702,PM2.5 SCC w/Correction Factor,35620,"New York-Newark-Jersey City, NY-NJ-PA",36,New York,61,New York,40.81976,-73.94825
01/24/2015,AQS,3,14.8,ug/m3 LC,62,CCNY,1,100,88502,Acceptable PM2.5 AQI & Speciation Mass,702,PM2.5 SCC w/Correction Factor,35620,"New York-Newark-Jersey City, NY-NJ-PA",36,New York,61,New York,40.81976,-73.94825
01/25/2015,AQS,3,9.2,ug/m3 LC,51,CCNY,1,100,88502,Acceptable PM2.5 AQI & Speciation Mass,702,PM2.5 SCC w/Correction Factor,35620,"New York-Newark-Jersey City, NY-NJ-PA",36,New York,61,New York,40.81976,-73.94825
01/26/2015,AQS,3,7.8,ug/m3 LC,43,CCNY,1,100,88502,Acceptable PM2.5 AQI & Speciation Mass,702,PM2.5 SCC w/Correction Factor,35620,"New York-Newark-Jersey City, NY-NJ-PA",36,New York,61,New York,40.81976,-73.94825
01/27/2015,AQS,3,8,ug/m3 LC,44,CCNY,1,100,88502,Acceptable PM2.5 AQI & Speciation Mass,702,PM2.5 SCC w/Correction Factor,35620,"New York-Newark-Jersey City, NY-NJ-PA",36,New York,61,New York,40.81976,-73.94825
01/28/2015,AQS,3,9.3,ug/m3 LC,51,CCNY,1,100,88502,Acceptable PM2.5 AQI & Speciation Mass,702,PM2.5 SCC w/Correction Factor,35620,"New York-Newark-Jersey City, NY-NJ-PA",36,New York,61,New York,40.81976,-73.94825
01/29/2015,AQS,3,9.4,ug/m3 LC,52,CCNY,1,100,88502,Acceptable PM2.5 AQI & Speciation Mass,702,PM2.5 SCC w/Correction Factor,35620,"New York-Newark-Jersey City, NY-NJ-PA",36,New York,61,New York,40.81976,-73.94825
01/30/2015,AQS,3,9.2,ug/m3 LC,51,CCNY,1,100,88502,Acceptable PM2.5 AQI & Speciation Mass,702,PM2.5 SCC w/Correction Factor,35620,"New York-Newark-Jersey City, NY-NJ-PA",36,New York,61,New York,40.81976,-73.94825
01/31/2015,AQS,3,7.1,ug/m3 LC,39,CCNY,1,100,88502,Acceptable PM2.5 AQI & Speciation Mass,702,PM2.5 SCC w/Correction Factor,35620,"New York-Newark-Jersey City, NY-NJ-PA",36,New York,61,New York,40.81976,-73.94825
02/01/2015,AQS,3,11.3,ug/m3 LC,55,CCNY,1,100,88502,Acceptable PM2.5 AQI & Speciation Mass,702,PM2.5 SCC w/Correction Factor,35620,"New York-Newark-Jersey City, NY-NJ-PA",36,New York,61,New York,40.81976,-73.94825
02/02/2015,AQS,3,8.8,ug/m3 LC,49,CCNY,1,100,88502,Acceptable PM2.5 AQI & Speciation Mass,702,PM2.5 SCC w/Correction Factor,35620,"New York-Newark-Jersey City, NY-NJ-PA",36,New York,61,New York,40.81976,-73.94825
02/03/2015,AQS,3,9.5,ug/m3 LC,52,CCNY,1,100,88502,Acceptable PM2.5 AQI & Speciation Mass,702,PM2.5 SCC w/Correction Factor,35620,"New York-Newark-Jersey City, NY-NJ-PA",36,New York,61,New York,40.81976,-73.94825
02/04/2015,AQS,3,14,ug/m3 LC,60,CCNY,1,100,88502,Acceptable PM2.5 AQI & Speciation Mass,702,PM2.5 SCC w/Correction Factor,35620,"New York-Newark-Jersey City, NY-NJ-PA",36,New York,61,New York,40.81976,-73.94825
02/05/2015,AQS,3,10.6,ug/m3 LC,54,CCNY,1,100,88502,Acceptable PM2.5 AQI & Speciation Mass,702,PM2.5 SCC w/Correction Factor,35620,"New York-Newark-Jersey City, NY-NJ-PA",36,New York,61,New York,40.81976,-73.94825
02/06/2015,AQS,3,9.1,ug/m3 LC,51,CCNY,1,100,88502,Acceptable PM2.5 AQI & Speciation Mass,702,PM2.5 SCC w/Correction Factor,35620,"New York-Newark-Jersey City, NY-NJ-PA",36,New York,61,New York,40.81976,-73.94825
02/07/2015,AQS,3,16.6,ug/m3 LC,65,CCNY,1,100,88502,Acceptable PM2.5 AQI & Speciation Mass,702,PM2.5 SCC w/Correction Factor,35620,"New York-Newark-Jersey City, NY-NJ-PA",36,New York,61,New York,40.81976,-73.94825
02/08/2015,AQS,3,19.4,ug/m3 LC,70,CCNY,1,100,88502,Acceptable PM2.5 AQI & Speciation Mass,702,PM2.5 SCC w/Correction Factor,35620,"New York-Newark-Jersey City, NY-NJ-PA",36,New York,61,New York,40.81976,-73.94825
02/09/2015,AQS,3,8.3,ug/m3 LC,46,CCNY,1,100,88502,Acceptable PM2.5 AQI & Speciation Mass,702,PM2.5 SCC w/Correction Factor,35620,"New York-Newark-Jersey City, NY-NJ-PA",36,New York,61,New York,40.81976,-73.94825
02/10/2015,AQS,3,7.5,ug/m3 LC,42,CCNY,1,100,88502,Acceptable PM2.5 AQI & Speciation Mass,702,PM2.5 SCC w/Correction Factor,35620,"New York-Newark-Jersey City, NY-NJ-PA",36,New York,61,New York,40.81976,-73.94825
02/11/2015,AQS,3,9.1,ug/m3 LC,51,CCNY,1,100,88502,Acceptable PM2.5 AQI & Speciation Mass,702,PM2.5 SCC w/Correction Factor,35620,"New York-Newark-Jersey City, NY-NJ-PA",36,New York,61,New York,40.81976,-73.94825
02/12/2015,AQS,3,9.7,ug/m3 LC,52,CCNY,1,100,88502,Acceptable PM2.5 AQI & Speciation Mass,702,PM2.5 SCC w/Correction Factor,35620,"New York-Newark-Jersey City, NY-NJ-PA",36,New York,61,New York,40.81976,-73.94825
02/13/2015,AQS,3,7,ug/m3 LC,39,CCNY,1,100,88502,Acceptable PM2.5 AQI & Speciation Mass,702,PM2.5 SCC w/Correction Factor,35620,"New York-Newark-Jersey City, NY-NJ-PA",36,New York,61,New York,40.81976,-73.94825
02/14/2015,AQS,3,10,ug/m3 LC,53,CCNY,1,100,88502,Acceptable PM2.5 AQI & Speciation Mass,702,PM2.5 SCC w/Correction Factor,35620,"New York-Newark-Jersey City, NY-NJ-PA",36,New York,61,New York,40.81976,-73.94825
02/15/2015,AQS,3,9.8,ug/m3 LC,52,CCNY,1,100,88502,Acceptable PM2.5 AQI & Speciation Mass,702,PM2.5 SCC w/Correction Factor,35620,"New York-Newark-Jersey City, NY-NJ-PA",36,New York,61,New York,40.81976,-73.94825
02/16/2015,AQS,3,6.9,ug/m3 LC,38,CCNY,1,100,88502,Acceptable PM2.5 AQI & Speciation Mass,702,PM2.5 SCC w/Correction Factor,35620,"New York-Newark-Jersey City, NY-NJ-PA",36,New York,61,New York,40.81976,-73.94825
02/17/2015,AQS,3,9.5,ug/m3 LC,52,CCNY,1,100,88502,Acceptable PM2.5 AQI & Speciation Mass,702,PM2.5 SCC w/Correction Factor,35620,"New York-Newark-Jersey City, NY-NJ-PA",36,New York,61,New York,40.81976,-73.94825
02/18/2015,AQS,3,13.7,ug/m3 LC,60,CCNY,1,100,88502,Acceptable PM2.5 AQI & Speciation Mass,702,PM2.5 SCC w/Correction Factor,35620,"New York-Newark-Jersey City, NY-NJ-PA",36,New York,61,New York,40.81976,-73.94825
02/19/2015,AQS,3,8.3,ug/m3 LC,46,CCNY,1,100,88502,Acceptable PM2.5 AQI & Speciation Mass,702,PM2.5 SCC w/Correction Factor,35620,"New York-Newark-Jersey City, NY-NJ-PA",36,New York,61,New York,40.81976,-73.94825
02/20/2015,AQS,3,9.6,ug/m3 LC,52,CCNY,1,100,88502,Acceptable PM2.5 AQI & Speciation Mass,702,PM2.5 SCC w/Correction Factor,35620,"New York-Newark-Jersey City, NY-NJ-PA",36,New York,61,New York,40.81976,-73.94825
02/21/2015,AQS,3,10.3,ug/m3 LC,53,CCNY,1,100,88502,Acceptable PM2.5 AQI & Speciation Mass,702,PM2.5 SCC w/Correction Factor,35620,"New York-Newark-Jersey City, NY-NJ-PA",36,New York,61,New York,40.81976,-73.94825
02/22/2015,AQS,3,15,ug/m3 LC,62,CCNY,1,100,88502,Acceptable PM2.5 AQI & Speciation Mass,702,PM2.5 SCC w/Correction Factor,35620,"New York-Newark-Jersey City, NY-NJ-PA",36,New York,61,New York,40.81976,-73.94825
02/23/2015,AQS,3,8.2,ug/m3 LC,46,CCNY,1,100,88502,Acceptable PM2.5 AQI & Speciation Mass,702,PM2.5 SCC w/Correction Factor,35620,"New York-Newark-Jersey City, NY-NJ-PA",36,New York,61,New York,40.81976,-73.94825
02/24/2015,AQS,3,7.5,ug/m3 LC,42,CCNY,1,100,88502,Acceptable PM2.5 AQI & Speciation Mass,702,PM2.5 SCC w/Correction Factor,35620,"New York-Newark-Jersey City, NY-NJ-PA",36,New York,61,New York,40.81976,-73.94825
02/25/2015,AQS,3,12.1,ug/m3 LC,57,CCNY,1,100,88502,Acceptable PM2.5 AQI & Speciation Mass,702,PM2.5 SCC w/Correction Factor,35620,"New York-Newark-Jersey City, NY-NJ-PA",36,New York,61,New York,40.81976,-73.94825
02/26/2015,AQS,3,8.3,ug/m3 LC,46,CCNY,1,100,88502,Acceptable PM2.5 AQI & Speciation Mass,702,PM2.5 SCC w/Correction Factor,35620,"New York-Newark-Jersey City, NY-NJ-PA",36,New York,61,New York,40.81976,-73.94825
02/27/2015,AQS,3,9.9,ug/m3 LC,52,CCNY,1,100,88502,Acceptable PM2.5 AQI & Speciation Mass,702,PM2.5 SCC w/Correction Factor,35620,"New York-Newark-Jersey City, NY-NJ-PA",36,New York,61,New York,40.81976,-73.94825
02/28/2015,AQS,3,8.3,ug/m3 LC,46,CCNY,1,100,88502,Acceptable PM2.5 AQI & Speciation Mass,702,PM2.5 SCC w/Correction Factor,35620,"New York-Newark-Jersey City, NY-NJ-PA",36,New York,61,New York,40.81976,-73.94825
03/01/2015,AQS,3,9.5,ug/m3 LC,52,CCNY,1,100,88502,Acceptable PM2.5 AQI & Speciation Mass,702,PM2.5 SCC w/Correction Factor,35620,"New York-Newark-Jersey City, NY-NJ-PA",36,New York,61,New York,40.81976,-73.94825
03/02/2015,AQS,3,12,ug/m3 LC,56,CCNY,1,100,88502,Acceptable PM2.5 AQI & Speciation Mass,702,PM2.5 SCC w/Correction Factor,35620,"New York-Newark-Jersey City, NY-NJ-PA",36,New York,61,New York,40.81976,-73.94825
03/03/2015,AQS,3,7.3,ug/m3 LC,41,CCNY,1,100,88502,Acceptable PM2.5 AQI & Speciation Mass,702,PM2.5 SCC w/Correction Factor,35620,"New York-Newark-Jersey City, NY-NJ-PA",36,New York,61,New York,40.81976,-73.94825
03/04/2015,AQS,3,15.1,ug/m3 LC,62,CCNY,1,100,88502,Acceptable PM2.5 AQI & Speciation Mass,702,PM2.5 SCC w/Correction Factor,35620,"New York-Newark-Jersey City, NY-NJ-PA",36,New York,61,New York,40.81976,-73.94825
03/05/2015,AQS,3,8.1,ug/m3 LC,45,CCNY,1,100,88502,Acceptable PM2.5 AQI & Speciation Mass,702,PM2.5 SCC w/Correction Factor,35620,"New York-Newark-Jersey City, NY-NJ-PA",36,New York,61,New York,40.81976,-73.94825
03/06/2015,AQS,3,7.5,ug/m3 LC,42,CCNY,1,100,88502,Acceptable PM2.5 AQI & Speciation Mass,702,PM2.5 SCC w/Correction Factor,35620,"New York-Newark-Jersey City, NY-NJ-PA",36,New York,61,New York,40.81976,-73.94825
03/07/2015,AQS,3,11.8,ug/m3 LC,56,CCNY,1,100,88502,Acceptable PM2.5 AQI & Speciation Mass,702,PM2.5 SCC w/Correction Factor,35620,"New York-Newark-Jersey City, NY-NJ-PA",36,New York,61,New York,40.81976,-73.94825
03/08/2015,AQS,3,12.6,ug/m3 LC,58,CCNY,1,100,88502,Acceptable PM2.5 AQI & Speciation Mass,702,PM2.5 SCC w/Correction Factor,35620,"New York-Newark-Jersey City, NY-NJ-PA",36,New York,61,New York,40.81976,-73.94825
03/09/2015,AQS,3,10.8,ug/m3 LC,54,CCNY,1,100,88502,Acceptable PM2.5 AQI & Speciation Mass,702,PM2.5 SCC w/Correction Factor,35620,"New York-Newark-Jersey City, NY-NJ-PA",36,New York,61,New York,40.81976,-73.94825
03/10/2015,AQS,3,21.9,ug/m3 LC,75,CCNY,1,100,88502,Acceptable PM2.5 AQI & Speciation Mass,702,PM2.5 SCC w/Correction Factor,35620,"New York-Newark-Jersey City, NY-NJ-PA",36,New York,61,New York,40.81976,-73.94825
03/11/2015,AQS,3,9.2,ug/m3 LC,51,CCNY,1,100,88502,Acceptable PM2.5 AQI & Speciation Mass,702,PM2.5 SCC w/Correction Factor,35620,"New York-Newark-Jersey City, NY-NJ-PA",36,New York,61,New York,40.81976,-73.94825
03/12/2015,AQS,3,5.6,ug/m3 LC,31,CCNY,1,100,88502,Acceptable PM2.5 AQI & Speciation Mass,702,PM2.5 SCC w/Correction Factor,35620,"New York-Newark-Jersey City, NY-NJ-PA",36,New York,61,New York,40.81976,-73.94825
03/13/2015,AQS,3,4.4,ug/m3 LC,24,CCNY,1,100,88502,Acceptable PM2.5 AQI & Speciation Mass,702,PM2.5 SCC w/Correction Factor,35620,"New York-Newark-Jersey City, NY-NJ-PA",36,New York,61,New York,40.81976,-73.94825
03/14/2015,AQS,3,3.4,ug/m3 LC,19,CCNY,1,100,88502,Acceptable PM2.5 AQI & Speciation Mass,702,PM2.5 SCC w/Correction Factor,35620,"New York-Newark-Jersey City, NY-NJ-PA",36,New York,61,New York,40.81976,-73.94825
03/15/2015,AQS,3,4.5,ug/m3 LC,25,CCNY,1,100,88502,Acceptable PM2.5 AQI & Speciation Mass,702,PM2.5 SCC w/Correction Factor,35620,"New York-Newark-Jersey City, NY-NJ-PA",36,New York,61,New York,40.81976,-73.94825
03/16/2015,AQS,3,8.5,ug/m3 LC,47,CCNY,1,100,88502,Acceptable PM2.5 AQI & Speciation Mass,702,PM2.5 SCC w/Correction Factor,35620,"New York-Newark-Jersey City, NY-NJ-PA",36,New York,61,New York,40.81976,-73.94825
03/17/2015,AQS,3,10.8,ug/m3 LC,54,CCNY,1,100,88502,Acceptable PM2.5 AQI & Speciation Mass,702,PM2.5 SCC w/Correction Factor,35620,"New York-Newark-Jersey City, NY-NJ-PA",36,New York,61,New York,40.81976,-73.94825
03/18/2015,AQS,3,3.6,ug/m3 LC,20,CCNY,1,100,88502,Acceptable PM2.5 AQI & Speciation Mass,702,PM2.5 SCC w/Correction Factor,35620,"New York-Newark-Jersey City, NY-NJ-PA",36,New York,61,New York,40.81976,-73.94825
03/19/2015,AQS,3,4.1,ug/m3 LC,23,CCNY,1,100,88502,Acceptable PM2.5 AQI & Speciation Mass,702,PM2.5 SCC w/Correction Factor,35620,"New York-Newark-Jersey City, NY-NJ-PA",36,New York,61,New York,40.81976,-73.94825
03/20/2015,AQS,3,5.5,ug/m3 LC,31,CCNY,1,100,88502,Acceptable PM2.5 AQI & Speciation Mass,702,PM2.5 SCC w/Correction Factor,35620,"New York-Newark-Jersey City, NY-NJ-PA",36,New York,61,New York,40.81976,-73.94825
03/21/2015,AQS,3,9.1,ug/m3 LC,51,CCNY,1,100,88502,Acceptable PM2.5 AQI & Speciation Mass,702,PM2.5 SCC w/Correction Factor,35620,"New York-Newark-Jersey City, NY-NJ-PA",36,New York,61,New York,40.81976,-73.94825
03/22/2015,AQS,3,4.4,ug/m3 LC,24,CCNY,1,100,88502,Acceptable PM2.5 AQI & Speciation Mass,702,PM2.5 SCC w/Correction Factor,35620,"New York-Newark-Jersey City, NY-NJ-PA",36,New York,61,New York,40.81976,-73.94825
03/23/2015,AQS,3,5.5,ug/m3 LC,31,CCNY,1,100,88502,Acceptable PM2.5 AQI & Speciation Mass,702,PM2.5 SCC w/Correction Factor,35620,"New York-Newark-Jersey City, NY-NJ-PA",36,New York,61,New York,40.81976,-73.94825
03/24/2015,AQS,3,7,ug/m3 LC,39,CCNY,1,100,88502,Acceptable PM2.5 AQI & Speciation Mass,702,PM2.5 SCC w/Correction Factor,35620,"New York-Newark-Jersey City, NY-NJ-PA",36,New York,61,New York,40.81976,-73.94825
03/25/2015,AQS,3,12,ug/m3 LC,56,CCNY,1,100,88502,Acceptable PM2.5 AQI & Speciation Mass,702,PM2.5 SCC w/Correction Factor,35620,"New York-Newark-Jersey City, NY-NJ-PA",36,New York,61,New York,40.81976,-73.94825
03/26/2015,AQS,3,14.5,ug/m3 LC,61,CCNY,1,100,88502,Acceptable PM2.5 AQI & Speciation Mass,702,PM2.5 SCC w/Correction Factor,35620,"New York-Newark-Jersey City, NY-NJ-PA",36,New York,61,New York,40.81976,-73.94825
03/27/2015,AQS,3,4.4,ug/m3 LC,24,CCNY,1,100,88502,Acceptable PM2.5 AQI & Speciation Mass,702,PM2.5 SCC w/Correction Factor,35620,"New York-Newark-Jersey City, NY-NJ-PA",36,New York,61,New York,40.81976,-73.94825
03/31/2015,AQS,3,3.8,ug/m3 LC,21,CCNY,1,100,88502,Acceptable PM2.5 AQI & Speciation Mass,702,PM2.5 SCC w/Correction Factor,35620,"New York-Newark-Jersey City, NY-NJ-PA",36,New York,61,New York,40.81976,-73.94825
04/01/2015,AQS,3,5.8,ug/m3 LC,32,CCNY,1,100,88502,Acceptable PM2.5 AQI & Speciation Mass,702,PM2.5 SCC w/Correction Factor,35620,"New York-Newark-Jersey City, NY-NJ-PA",36,New York,61,New York,40.81976,-73.94825
04/02/2015,AQS,3,9.5,ug/m3 LC,52,CCNY,1,100,88502,Acceptable PM2.5 AQI & Speciation Mass,702,PM2.5 SCC w/Correction Factor,35620,"New York-Newark-Jersey City, NY-NJ-PA",36,New York,61,New York,40.81976,-73.94825
04/03/2015,AQS,3,14.2,ug/m3 LC,61,CCNY,1,100,88502,Acceptable PM2.5 AQI & Speciation Mass,702,PM2.5 SCC w/Correction Factor,35620,"New York-Newark-Jersey City, NY-NJ-PA",36,New York,61,New York,40.81976,-73.94825
04/04/2015,AQS,3,5.8,ug/m3 LC,32,CCNY,1,100,88502,Acceptable PM2.5 AQI & Speciation Mass,702,PM2.5 SCC w/Correction Factor,35620,"New York-Newark-Jersey City, NY-NJ-PA",36,New York,61,New York,40.81976,-73.94825
04/05/2015,AQS,3,5.9,ug/m3 LC,33,CCNY,1,100,88502,Acceptable PM2.5 AQI & Speciation Mass,702,PM2.5 SCC w/Correction Factor,35620,"New York-Newark-Jersey City, NY-NJ-PA",36,New York,61,New York,40.81976,-73.94825
04/06/2015,AQS,3,10.6,ug/m3 LC,54,CCNY,1,100,88502,Acceptable PM2.5 AQI & Speciation Mass,702,PM2.5 SCC w/Correction Factor,35620,"New York-Newark-Jersey City, NY-NJ-PA",36,New York,61,New York,40.81976,-73.94825
04/07/2015,AQS,3,10.4,ug/m3 LC,53,CCNY,1,100,88502,Acceptable PM2.5 AQI & Speciation Mass,702,PM2.5 SCC w/Correction Factor,35620,"New York-Newark-Jersey City, NY-NJ-PA",36,New York,61,New York,40.81976,-73.94825
04/08/2015,AQS,3,4.4,ug/m3 LC,24,CCNY,1,100,88502,Acceptable PM2.5 AQI & Speciation Mass,702,PM2.5 SCC w/Correction Factor,35620,"New York-Newark-Jersey City, NY-NJ-PA",36,New York,61,New York,40.81976,-73.94825
04/09/2015,AQS,3,3.3,ug/m3 LC,18,CCNY,1,100,88502,Acceptable PM2.5 AQI & Speciation Mass,702,PM2.5 SCC w/Correction Factor,35620,"New York-Newark-Jersey City, NY-NJ-PA",36,New York,61,New York,40.81976,-73.94825
04/10/2015,AQS,3,8.2,ug/m3 LC,46,CCNY,1,100,88502,Acceptable PM2.5 AQI & Speciation Mass,702,PM2.5 SCC w/Correction Factor,35620,"New York-Newark-Jersey City, NY-NJ-PA",36,New York,61,New York,40.81976,-73.94825
04/11/2015,AQS,3,3.9,ug/m3 LC,22,CCNY,1,100,88502,Acceptable PM2.5 AQI & Speciation Mass,702,PM2.5 SCC w/Correction Factor,35620,"New York-Newark-Jersey City, NY-NJ-PA",36,New York,61,New York,40.81976,-73.94825
04/12/2015,AQS,3,6.3,ug/m3 LC,35,CCNY,1,100,88502,Acceptable PM2.5 AQI & Speciation Mass,702,PM2.5 SCC w/Correction Factor,35620,"New York-Newark-Jersey City, NY-NJ-PA",36,New York,61,New York,40.81976,-73.94825
04/13/2015,AQS,3,8.2,ug/m3 LC,46,CCNY,1,100,88502,Acceptable PM2.5 AQI & Speciation Mass,702,PM2.5 SCC w/Correction Factor,35620,"New York-Newark-Jersey City, NY-NJ-PA",36,New York,61,New York,40.81976,-73.94825
04/14/2015,AQS,3,6.2,ug/m3 LC,34,CCNY,1,100,88502,Acceptable PM2.5 AQI & Speciation Mass,702,PM2.5 SCC w/Correction Factor,35620,"New York-Newark-Jersey City, NY-NJ-PA",36,New York,61,New York,40.81976,-73.94825
04/15/2015,AQS,3,3.4,ug/m3 LC,19,CCNY,1,100,88502,Acceptable PM2.5 AQI & Speciation Mass,702,PM2.5 SCC w/Correction Factor,35620,"New York-Newark-Jersey City, NY-NJ-PA",36,New York,61,New York,40.81976,-73.94825
04/16/2015,AQS,3,3.4,ug/m3 LC,19,CCNY,1,100,88502,Acceptable PM2.5 AQI & Speciation Mass,702,PM2.5 SCC w/Correction Factor,35620,"New York-Newark-Jersey City, NY-NJ-PA",36,New York,61,New York,40.81976,-73.94825
04/17/2015,AQS,3,6.5,ug/m3 LC,36,CCNY,1,100,88502,Acceptable PM2.5 AQI & Speciation Mass,702,PM2.5 SCC w/Correction Factor,35620,"New York-Newark-Jersey City, NY-NJ-PA",36,New York,61,New York,40.81976,-73.94825
04/18/2015,AQS,3,8,ug/m3 LC,44,CCNY,1,100,88502,Acceptable PM2.5 AQI & Speciation Mass,702,PM2.5 SCC w/Correction Factor,35620,"New York-Newark-Jersey City, NY-NJ-PA",36,New York,61,New York,40.81976,-73.94825
04/19/2015,AQS,3,2.1,ug/m3 LC,12,CCNY,1,100,88502,Acceptable PM2.5 AQI & Speciation Mass,702,PM2.5 SCC w/Correction Factor,35620,"New York-Newark-Jersey City, NY-NJ-PA",36,New York,61,New York,40.81976,-73.94825
04/20/2015,AQS,3,4,ug/m3 LC,22,CCNY,1,100,88502,Acceptable PM2.5 AQI & Speciation Mass,702,PM2.5 SCC w/Correction Factor,35620,"New York-Newark-Jersey City, NY-NJ-PA",36,New York,61,New York,40.81976,-73.94825
04/21/2015,AQS,3,4.3,ug/m3 LC,24,CCNY,1,100,88502,Acceptable PM2.5 AQI & Speciation Mass,702,PM2.5 SCC w/Correction Factor,35620,"New York-Newark-Jersey City, NY-NJ-PA",36,New York,61,New York,40.81976,-73.94825
04/22/2015,AQS,3,6.8,ug/m3 LC,38,CCNY,1,100,88502,Acceptable PM2.5 AQI & Speciation Mass,702,PM2.5 SCC w/Correction Factor,35620,"New York-Newark-Jersey City, NY-NJ-PA",36,New York,61,New York,40.81976,-73.94825
04/23/2015,AQS,3,1.6,ug/m3 LC,9,CCNY,1,100,88502,Acceptable PM2.5 AQI & Speciation Mass,702,PM2.5 SCC w/Correction Factor,35620,"New York-Newark-Jersey City, NY-NJ-PA",36,New York,61,New York,40.81976,-73.94825
04/24/2015,AQS,3,2.3,ug/m3 LC,13,CCNY,1,100,88502,Acceptable PM2.5 AQI & Speciation Mass,702,PM2.5 SCC w/Correction Factor,35620,"New York-Newark-Jersey City, NY-NJ-PA",36,New York,61,New York,40.81976,-73.94825
04/25/2015,AQS,3,3.1,ug/m3 LC,17,CCNY,1,100,88502,Acceptable PM2.5 AQI & Speciation Mass,702,PM2.5 SCC w/Correction Factor,35620,"New York-Newark-Jersey City, NY-NJ-PA",36,New York,61,New York,40.81976,-73.94825
04/26/2015,AQS,3,2.1,ug/m3 LC,12,CCNY,1,100,88502,Acceptable PM2.5 AQI & Speciation Mass,702,PM2.5 SCC w/Correction Factor,35620,"New York-Newark-Jersey City, NY-NJ-PA",36,New York,61,New York,40.81976,-73.94825
04/27/2015,AQS,3,1.9,ug/m3 LC,11,CCNY,1,100,88502,Acceptable PM2.5 AQI & Speciation Mass,702,PM2.5 SCC w/Correction Factor,35620,"New York-Newark-Jersey City, NY-NJ-PA",36,New York,61,New York,40.81976,-73.94825
04/28/2015,AQS,3,2.2,ug/m3 LC,12,CCNY,1,100,88502,Acceptable PM2.5 AQI & Speciation Mass,702,PM2.5 SCC w/Correction Factor,35620,"New York-Newark-Jersey City, NY-NJ-PA",36,New York,61,New York,40.81976,-73.94825
04/29/2015,AQS,3,3.8,ug/m3 LC,21,CCNY,1,100,88502,Acceptable PM2.5 AQI & Speciation Mass,702,PM2.5 SCC w/Correction Factor,35620,"New York-Newark-Jersey City, NY-NJ-PA",36,New York,61,New York,40.81976,-73.94825
04/30/2015,AQS,3,2.4,ug/m3 LC,13,CCNY,1,100,88502,Acceptable PM2.5 AQI & Speciation Mass,702,PM2.5 SCC w/Correction Factor,35620,"New York-Newark-Jersey City, NY-NJ-PA",36,New York,61,New York,40.81976,-73.94825
05/01/2015,AQS,3,3.2,ug/m3 LC,18,CCNY,1,100,88502,Acceptable PM2.5 AQI & Speciation Mass,702,PM2.5 SCC w/Correction Factor,35620,"New York-Newark-Jersey City, NY-NJ-PA",36,New York,61,New York,40.81976,-73.94825
05/02/2015,AQS,3,5.5,ug/m3 LC,31,CCNY,1,100,88502,Acceptable PM2.5 AQI & Speciation Mass,702,PM2.5 SCC w/Correction Factor,35620,"New York-Newark-Jersey City, NY-NJ-PA",36,New York,61,New York,40.81976,-73.94825
05/03/2015,AQS,3,7.6,ug/m3 LC,42,CCNY,1,100,88502,Acceptable PM2.5 AQI & Speciation Mass,702,PM2.5 SCC w/Correction Factor,35620,"New York-Newark-Jersey City, NY-NJ-PA",36,New York,61,New York,40.81976,-73.94825
05/04/2015,AQS,3,15.4,ug/m3 LC,63,CCNY,1,100,88502,Acceptable PM2.5 AQI & Speciation Mass,702,PM2.5 SCC w/Correction Factor,35620,"New York-Newark-Jersey City, NY-NJ-PA",36,New York,61,New York,40.81976,-73.94825
05/05/2015,AQS,3,15,ug/m3 LC,62,CCNY,1,100,88502,Acceptable PM2.5 AQI & Speciation Mass,702,PM2.5 SCC w/Correction Factor,35620,"New York-Newark-Jersey City, NY-NJ-PA",36,New York,61,New York,40.81976,-73.94825
05/06/2015,AQS,3,5.6,ug/m3 LC,31,CCNY,1,100,88502,Acceptable PM2.5 AQI & Speciation Mass,702,PM2.5 SCC w/Correction Factor,35620,"New York-Newark-Jersey City, NY-NJ-PA",36,New York,61,New York,40.81976,-73.94825
05/07/2015,AQS,3,9.2,ug/m3 LC,51,CCNY,1,100,88502,Acceptable PM2.5 AQI & Speciation Mass,702,PM2.5 SCC w/Correction Factor,35620,"New York-Newark-Jersey City, NY-NJ-PA",36,New York,61,New York,40.81976,-73.94825
05/08/2015,AQS,3,13.3,ug/m3 LC,59,CCNY,1,100,88502,Acceptable PM2.5 AQI & Speciation Mass,702,PM2.5 SCC w/Correction Factor,35620,"New York-Newark-Jersey City, NY-NJ-PA",36,New York,61,New York,40.81976,-73.94825
05/09/2015,AQS,3,9.4,ug/m3 LC,52,CCNY,1,100,88502,Acceptable PM2.5 AQI & Speciation Mass,702,PM2.5 SCC w/Correction Factor,35620,"New York-Newark-Jersey City, NY-NJ-PA",36,New York,61,New York,40.81976,-73.94825
05/10/2015,AQS,3,9.7,ug/m3 LC,52,CCNY,1,100,88502,Acceptable PM2.5 AQI & Speciation Mass,702,PM2.5 SCC w/Correction Factor,35620,"New York-Newark-Jersey City, NY-NJ-PA",36,New York,61,New York,40.81976,-73.94825
05/11/2015,AQS,3,21.3,ug/m3 LC,74,CCNY,1,100,88502,Acceptable PM2.5 AQI & Speciation Mass,702,PM2.5 SCC w/Correction Factor,35620,"New York-Newark-Jersey City, NY-NJ-PA",36,New York,61,New York,40.81976,-73.94825
05/12/2015,AQS,3,12.3,ug/m3 LC,57,CCNY,1,100,88502,Acceptable PM2.5 AQI & Speciation Mass,702,PM2.5 SCC w/Correction Factor,35620,"New York-Newark-Jersey City, NY-NJ-PA",36,New York,61,New York,40.81976,-73.94825
05/13/2015,AQS,3,1.3,ug/m3 LC,7,CCNY,1,100,88502,Acceptable PM2.5 AQI & Speciation Mass,702,PM2.5 SCC w/Correction Factor,35620,"New York-Newark-Jersey City, NY-NJ-PA",36,New York,61,New York,40.81976,-73.94825
05/14/2015,AQS,3,3,ug/m3 LC,17,CCNY,1,100,88502,Acceptable PM2.5 AQI & Speciation Mass,702,PM2.5 SCC w/Correction Factor,35620,"New York-Newark-Jersey City, NY-NJ-PA",36,New York,61,New York,40.81976,-73.94825
05/15/2015,AQS,3,6.8,ug/m3 LC,38,CCNY,1,100,88502,Acceptable PM2.5 AQI & Speciation Mass,702,PM2.5 SCC w/Correction Factor,35620,"New York-Newark-Jersey City, NY-NJ-PA",36,New York,61,New York,40.81976,-73.94825
05/16/2015,AQS,3,12,ug/m3 LC,56,CCNY,1,100,88502,Acceptable PM2.5 AQI & Speciation Mass,702,PM2.5 SCC w/Correction Factor,35620,"New York-Newark-Jersey City, NY-NJ-PA",36,New York,61,New York,40.81976,-73.94825
05/17/2015,AQS,3,12.9,ug/m3 LC,58,CCNY,1,100,88502,Acceptable PM2.5 AQI & Speciation Mass,702,PM2.5 SCC w/Correction Factor,35620,"New York-Newark-Jersey City, NY-NJ-PA",36,New York,61,New York,40.81976,-73.94825
05/18/2015,AQS,3,10.2,ug/m3 LC,53,CCNY,1,100,88502,Acceptable PM2.5 AQI & Speciation Mass,702,PM2.5 SCC w/Correction Factor,35620,"New York-Newark-Jersey City, NY-NJ-PA",36,New York,61,New York,40.81976,-73.94825
05/19/2015,AQS,3,12.2,ug/m3 LC,57,CCNY,1,100,88502,Acceptable PM2.5 AQI & Speciation Mass,702,PM2.5 SCC w/Correction Factor,35620,"New York-Newark-Jersey City, NY-NJ-PA",36,New York,61,New York,40.81976,-73.94825
05/21/2015,AQS,3,2.9,ug/m3 LC,16,CCNY,1,100,88502,Acceptable PM2.5 AQI & Speciation Mass,702,PM2.5 SCC w/Correction Factor,35620,"New York-Newark-Jersey City, NY-NJ-PA",36,New York,61,New York,40.81976,-73.94825
05/22/2015,AQS,3,4.6,ug/m3 LC,26,CCNY,1,100,88502,Acceptable PM2.5 AQI & Speciation Mass,702,PM2.5 SCC w/Correction Factor,35620,"New York-Newark-Jersey City, NY-NJ-PA",36,New York,61,New York,40.81976,-73.94825
05/23/2015,AQS,3,4.6,ug/m3 LC,26,CCNY,1,100,88502,Acceptable PM2.5 AQI & Speciation Mass,702,PM2.5 SCC w/Correction Factor,35620,"New York-Newark-Jersey City, NY-NJ-PA",36,New York,61,New York,40.81976,-73.94825
05/24/2015,AQS,3,9.1,ug/m3 LC,51,CCNY,1,100,88502,Acceptable PM2.5 AQI & Speciation Mass,702,PM2.5 SCC w/Correction Factor,35620,"New York-Newark-Jersey City, NY-NJ-PA",36,New York,61,New York,40.81976,-73.94825
05/25/2015,AQS,3,10.9,ug/m3 LC,54,CCNY,1,100,88502,Acceptable PM2.5 AQI & Speciation Mass,702,PM2.5 SCC w/Correction Factor,35620,"New York-Newark-Jersey City, NY-NJ-PA",36,New York,61,New York,40.81976,-73.94825
05/26/2015,AQS,3,8.8,ug/m3 LC,49,CCNY,1,100,88502,Acceptable PM2.5 AQI & Speciation Mass,702,PM2.5 SCC w/Correction Factor,35620,"New York-Newark-Jersey City, NY-NJ-PA",36,New York,61,New York,40.81976,-73.94825
05/27/2015,AQS,3,7.7,ug/m3 LC,43,CCNY,1,100,88502,Acceptable PM2.5 AQI & Speciation Mass,702,PM2.5 SCC w/Correction Factor,35620,"New York-Newark-Jersey City, NY-NJ-PA",36,New York,61,New York,40.81976,-73.94825
05/28/2015,AQS,3,9.5,ug/m3 LC,52,CCNY,1,100,88502,Acceptable PM2.5 AQI & Speciation Mass,702,PM2.5 SCC w/Correction Factor,35620,"New York-Newark-Jersey City, NY-NJ-PA",36,New York,61,New York,40.81976,-73.94825
05/30/2015,AQS,3,4.6,ug/m3 LC,26,CCNY,1,100,88502,Acceptable PM2.5 AQI & Speciation Mass,702,PM2.5 SCC w/Correction Factor,35620,"New York-Newark-Jersey City, NY-NJ-PA",36,New York,61,New York,40.81976,-73.94825
05/31/2015,AQS,3,5.7,ug/m3 LC,32,CCNY,1,100,88502,Acceptable PM2.5 AQI & Speciation Mass,702,PM2.5 SCC w/Correction Factor,35620,"New York-Newark-Jersey City, NY-NJ-PA",36,New York,61,New York,40.81976,-73.94825
06/03/2015,AQS,3,2.5,ug/m3 LC,14,CCNY,1,100,88502,Acceptable PM2.5 AQI & Speciation Mass,702,PM2.5 SCC w/Correction Factor,35620,"New York-Newark-Jersey City, NY-NJ-PA",36,New York,61,New York,40.81976,-73.94825
06/04/2015,AQS,3,1,ug/m3 LC,6,CCNY,1,100,88502,Acceptable PM2.5 AQI & Speciation Mass,702,PM2.5 SCC w/Correction Factor,35620,"New York-Newark-Jersey City, NY-NJ-PA",36,New York,61,New York,40.81976,-73.94825
06/05/2015,AQS,3,4.8,ug/m3 LC,27,CCNY,1,100,88502,Acceptable PM2.5 AQI & Speciation Mass,702,PM2.5 SCC w/Correction Factor,35620,"New York-Newark-Jersey City, NY-NJ-PA",36,New York,61,New York,40.81976,-73.94825
06/06/2015,AQS,3,4.5,ug/m3 LC,25,CCNY,1,100,88502,Acceptable PM2.5 AQI & Speciation Mass,702,PM2.5 SCC w/Correction Factor,35620,"New York-Newark-Jersey City, NY-NJ-PA",36,New York,61,New York,40.81976,-73.94825
06/07/2015,AQS,3,2.9,ug/m3 LC,16,CCNY,1,100,88502,Acceptable PM2.5 AQI & Speciation Mass,702,PM2.5 SCC w/Correction Factor,35620,"New York-Newark-Jersey City, NY-NJ-PA",36,New York,61,New York,40.81976,-73.94825
06/08/2015,AQS,3,5.8,ug/m3 LC,32,CCNY,1,100,88502,Acceptable PM2.5 AQI & Speciation Mass,702,PM2.5 SCC w/Correction Factor,35620,"New York-Newark-Jersey City, NY-NJ-PA",36,New York,61,New York,40.81976,-73.94825
06/09/2015,AQS,3,6.5,ug/m3 LC,36,CCNY,1,100,88502,Acceptable PM2.5 AQI & Speciation Mass,702,PM2.5 SCC w/Correction Factor,35620,"New York-Newark-Jersey City, NY-NJ-PA",36,New York,61,New York,40.81976,-73.94825
06/10/2015,AQS,3,13.3,ug/m3 LC,59,CCNY,1,100,88502,Acceptable PM2.5 AQI & Speciation Mass,702,PM2.5 SCC w/Correction Factor,35620,"New York-Newark-Jersey City, NY-NJ-PA",36,New York,61,New York,40.81976,-73.94825
06/11/2015,AQS,3,26.7,ug/m3 LC,84,CCNY,1,100,88502,Acceptable PM2.5 AQI & Speciation Mass,702,PM2.5 SCC w/Correction Factor,35620,"New York-Newark-Jersey City, NY-NJ-PA",36,New York,61,New York,40.81976,-73.94825
06/12/2015,AQS,3,15.1,ug/m3 LC,62,CCNY,1,100,88502,Acceptable PM2.5 AQI & Speciation Mass,702,PM2.5 SCC w/Correction Factor,35620,"New York-Newark-Jersey City, NY-NJ-PA",36,New York,61,New York,40.81976,-73.94825
06/13/2015,AQS,3,4.1,ug/m3 LC,23,CCNY,1,100,88502,Acceptable PM2.5 AQI & Speciation Mass,702,PM2.5 SCC w/Correction Factor,35620,"New York-Newark-Jersey City, NY-NJ-PA",36,New York,61,New York,40.81976,-73.94825
06/14/2015,AQS,3,5.7,ug/m3 LC,32,CCNY,1,100,88502,Acceptable PM2.5 AQI & Speciation Mass,702,PM2.5 SCC w/Correction Factor,35620,"New York-Newark-Jersey City, NY-NJ-PA",36,New York,61,New York,40.81976,-73.94825
06/16/2015,AQS,3,8.7,ug/m3 LC,48,CCNY,1,100,88502,Acceptable PM2.5 AQI & Speciation Mass,702,PM2.5 SCC w/Correction Factor,35620,"New York-Newark-Jersey City, NY-NJ-PA",36,New York,61,New York,40.81976,-73.94825
06/17/2015,AQS,3,3.9,ug/m3 LC,22,CCNY,1,100,88502,Acceptable PM2.5 AQI & Speciation Mass,702,PM2.5 SCC w/Correction Factor,35620,"New York-Newark-Jersey City, NY-NJ-PA",36,New York,61,New York,40.81976,-73.94825
06/18/2015,AQS,3,3.1,ug/m3 LC,17,CCNY,1,100,88502,Acceptable PM2.5 AQI & Speciation Mass,702,PM2.5 SCC w/Correction Factor,35620,"New York-Newark-Jersey City, NY-NJ-PA",36,New York,61,New York,40.81976,-73.94825
06/19/2015,AQS,3,6.2,ug/m3 LC,34,CCNY,1,100,88502,Acceptable PM2.5 AQI & Speciation Mass,702,PM2.5 SCC w/Correction Factor,35620,"New York-Newark-Jersey City, NY-NJ-PA",36,New York,61,New York,40.81976,-73.94825
06/20/2015,AQS,3,4.5,ug/m3 LC,25,CCNY,1,100,88502,Acceptable PM2.5 AQI & Speciation Mass,702,PM2.5 SCC w/Correction Factor,35620,"New York-Newark-Jersey City, NY-NJ-PA",36,New York,61,New York,40.81976,-73.94825
06/21/2015,AQS,3,5.3,ug/m3 LC,29,CCNY,1,100,88502,Acceptable PM2.5 AQI & Speciation Mass,702,PM2.5 SCC w/Correction Factor,35620,"New York-Newark-Jersey City, NY-NJ-PA",36,New York,61,New York,40.81976,-73.94825
06/22/2015,AQS,3,7.1,ug/m3 LC,39,CCNY,1,100,88502,Acceptable PM2.5 AQI & Speciation Mass,702,PM2.5 SCC w/Correction Factor,35620,"New York-Newark-Jersey City, NY-NJ-PA",36,New York,61,New York,40.81976,-73.94825
06/23/2015,AQS,3,15.8,ug/m3 LC,63,CCNY,1,100,88502,Acceptable PM2.5 AQI & Speciation Mass,702,PM2.5 SCC w/Correction Factor,35620,"New York-Newark-Jersey City, NY-NJ-PA",36,New York,61,New York,40.81976,-73.94825
06/24/2015,AQS,3,1.9,ug/m3 LC,11,CCNY,1,100,88502,Acceptable PM2.5 AQI & Speciation Mass,702,PM2.5 SCC w/Correction Factor,35620,"New York-Newark-Jersey City, NY-NJ-PA",36,New York,61,New York,40.81976,-73.94825
06/25/2015,AQS,3,5.6,ug/m3 LC,31,CCNY,1,100,88502,Acceptable PM2.5 AQI & Speciation Mass,702,PM2.5 SCC w/Correction Factor,35620,"New York-Newark-Jersey City, NY-NJ-PA",36,New York,61,New York,40.81976,-73.94825
06/26/2015,AQS,3,6.5,ug/m3 LC,36,CCNY,1,100,88502,Acceptable PM2.5 AQI & Speciation Mass,702,PM2.5 SCC w/Correction Factor,35620,"New York-Newark-Jersey City, NY-NJ-PA",36,New York,61,New York,40.81976,-73.94825
06/30/2015,AQS,3,6.7,ug/m3 LC,37,CCNY,1,100,88502,Acceptable PM2.5 AQI & Speciation Mass,702,PM2.5 SCC w/Correction Factor,35620,"New York-Newark-Jersey City, NY-NJ-PA",36,New York,61,New York,40.81976,-73.94825
07/01/2015,AQS,3,14.1,ug/m3 LC,60,CCNY,1,100,88502,Acceptable PM2.5 AQI & Speciation Mass,702,PM2.5 SCC w/Correction Factor,35620,"New York-Newark-Jersey City, NY-NJ-PA",36,New York,61,New York,40.81976,-73.94825
07/02/2015,AQS,3,9.9,ug/m3 LC,52,CCNY,1,100,88502,Acceptable PM2.5 AQI & Speciation Mass,702,PM2.5 SCC w/Correction Factor,35620,"New York-Newark-Jersey City, NY-NJ-PA",36,New York,61,New York,40.81976,-73.94825
07/03/2015,AQS,3,5.9,ug/m3 LC,33,CCNY,1,100,88502,Acceptable PM2.5 AQI & Speciation Mass,702,PM2.5 SCC w/Correction Factor,35620,"New York-Newark-Jersey City, NY-NJ-PA",36,New York,61,New York,40.81976,-73.94825
07/04/2015,AQS,3,10.3,ug/m3 LC,53,CCNY,1,100,88502,Acceptable PM2.5 AQI & Speciation Mass,702,PM2.5 SCC w/Correction Factor,35620,"New York-Newark-Jersey City, NY-NJ-PA",36,New York,61,New York,40.81976,-73.94825
07/05/2015,AQS,3,12.5,ug/m3 LC,57,CCNY,1,100,88502,Acceptable PM2.5 AQI & Speciation Mass,702,PM2.5 SCC w/Correction Factor,35620,"New York-Newark-Jersey City, NY-NJ-PA",36,New York,61,New York,40.81976,-73.94825
07/06/2015,AQS,3,9.3,ug/m3 LC,51,CCNY,1,100,88502,Acceptable PM2.5 AQI & Speciation Mass,702,PM2.5 SCC w/Correction Factor,35620,"New York-Newark-Jersey City, NY-NJ-PA",36,New York,61,New York,40.81976,-73.94825
07/07/2015,AQS,3,11.3,ug/m3 LC,55,CCNY,1,100,88502,Acceptable PM2.5 AQI & Speciation Mass,702,PM2.5 SCC w/Correction Factor,35620,"New York-Newark-Jersey City, NY-NJ-PA",36,New York,61,New York,40.81976,-73.94825
07/08/2015,AQS,3,15.8,ug/m3 LC,63,CCNY,1,100,88502,Acceptable PM2.5 AQI & Speciation Mass,702,PM2.5 SCC w/Correction Factor,35620,"New York-Newark-Jersey City, NY-NJ-PA",36,New York,61,New York,40.81976,-73.94825
07/09/2015,AQS,3,12.7,ug/m3 LC,58,CCNY,1,100,88502,Acceptable PM2.5 AQI & Speciation Mass,702,PM2.5 SCC w/Correction Factor,35620,"New York-Newark-Jersey City, NY-NJ-PA",36,New York,61,New York,40.81976,-73.94825
07/11/2015,AQS,3,4.9,ug/m3 LC,27,CCNY,1,100,88502,Acceptable PM2.5 AQI & Speciation Mass,702,PM2.5 SCC w/Correction Factor,35620,"New York-Newark-Jersey City, NY-NJ-PA",36,New York,61,New York,40.81976,-73.94825
07/12/2015,AQS,3,6.1,ug/m3 LC,34,CCNY,1,100,88502,Acceptable PM2.5 AQI & Speciation Mass,702,PM2.5 SCC w/Correction Factor,35620,"New York-Newark-Jersey City, NY-NJ-PA",36,New York,61,New York,40.81976,-73.94825
07/13/2015,AQS,3,6.9,ug/m3 LC,38,CCNY,1,100,88502,Acceptable PM2.5 AQI & Speciation Mass,702,PM2.5 SCC w/Correction Factor,35620,"New York-Newark-Jersey City, NY-NJ-PA",36,New York,61,New York,40.81976,-73.94825
07/14/2015,AQS,3,5.1,ug/m3 LC,28,CCNY,1,100,88502,Acceptable PM2.5 AQI & Speciation Mass,702,PM2.5 SCC w/Correction Factor,35620,"New York-Newark-Jersey City, NY-NJ-PA",36,New York,61,New York,40.81976,-73.94825
07/15/2015,AQS,3,5.8,ug/m3 LC,32,CCNY,1,100,88502,Acceptable PM2.5 AQI & Speciation Mass,702,PM2.5 SCC w/Correction Factor,35620,"New York-Newark-Jersey City, NY-NJ-PA",36,New York,61,New York,40.81976,-73.94825
07/17/2015,AQS,3,2.2,ug/m3 LC,12,CCNY,1,100,88502,Acceptable PM2.5 AQI & Speciation Mass,702,PM2.5 SCC w/Correction Factor,35620,"New York-Newark-Jersey City, NY-NJ-PA",36,New York,61,New York,40.81976,-73.94825
07/18/2015,AQS,3,7.8,ug/m3 LC,43,CCNY,1,100,88502,Acceptable PM2.5 AQI & Speciation Mass,702,PM2.5 SCC w/Correction Factor,35620,"New York-Newark-Jersey City, NY-NJ-PA",36,New York,61,New York,40.81976,-73.94825
07/19/2015,AQS,3,11.9,ug/m3 LC,56,CCNY,1,100,88502,Acceptable PM2.5 AQI & Speciation Mass,702,PM2.5 SCC w/Correction Factor,35620,"New York-Newark-Jersey City, NY-NJ-PA",36,New York,61,New York,40.81976,-73.94825
07/20/2015,AQS,3,11.1,ug/m3 LC,55,CCNY,1,100,88502,Acceptable PM2.5 AQI & Speciation Mass,702,PM2.5 SCC w/Correction Factor,35620,"New York-Newark-Jersey City, NY-NJ-PA",36,New York,61,New York,40.81976,-73.94825
07/21/2015,AQS,3,10.2,ug/m3 LC,53,CCNY,1,100,88502,Acceptable PM2.5 AQI & Speciation Mass,702,PM2.5 SCC w/Correction Factor,35620,"New York-Newark-Jersey City, NY-NJ-PA",36,New York,61,New York,40.81976,-73.94825
07/25/2015,AQS,3,6.4,ug/m3 LC,36,CCNY,1,100,88502,Acceptable PM2.5 AQI & Speciation Mass,702,PM2.5 SCC w/Correction Factor,35620,"New York-Newark-Jersey City, NY-NJ-PA",36,New York,61,New York,40.81976,-73.94825
07/26/2015,AQS,3,7.4,ug/m3 LC,41,CCNY,1,100,88502,Acceptable PM2.5 AQI & Speciation Mass,702,PM2.5 SCC w/Correction Factor,35620,"New York-Newark-Jersey City, NY-NJ-PA",36,New York,61,New York,40.81976,-73.94825
07/27/2015,AQS,3,7.7,ug/m3 LC,43,CCNY,1,100,88502,Acceptable PM2.5 AQI & Speciation Mass,702,PM2.5 SCC w/Correction Factor,35620,"New York-Newark-Jersey City, NY-NJ-PA",36,New York,61,New York,40.81976,-73.94825
07/28/2015,AQS,3,11.3,ug/m3 LC,55,CCNY,1,100,88502,Acceptable PM2.5 AQI & Speciation Mass,702,PM2.5 SCC w/Correction Factor,35620,"New York-Newark-Jersey City, NY-NJ-PA",36,New York,61,New York,40.81976,-73.94825
07/29/2015,AQS,3,13.5,ug/m3 LC,59,CCNY,1,100,88502,Acceptable PM2.5 AQI & Speciation Mass,702,PM2.5 SCC w/Correction Factor,35620,"New York-Newark-Jersey City, NY-NJ-PA",36,New York,61,New York,40.81976,-73.94825
07/30/2015,AQS,3,11.7,ug/m3 LC,56,CCNY,1,100,88502,Acceptable PM2.5 AQI & Speciation Mass,702,PM2.5 SCC w/Correction Factor,35620,"New York-Newark-Jersey City, NY-NJ-PA",36,New York,61,New York,40.81976,-73.94825
08/01/2015,AQS,3,5.5,ug/m3 LC,31,CCNY,1,100,88502,Acceptable PM2.5 AQI & Speciation Mass,702,PM2.5 SCC w/Correction Factor,35620,"New York-Newark-Jersey City, NY-NJ-PA",36,New York,61,New York,40.81976,-73.94825
08/02/2015,AQS,3,4.7,ug/m3 LC,26,CCNY,1,100,88502,Acceptable PM2.5 AQI & Speciation Mass,702,PM2.5 SCC w/Correction Factor,35620,"New York-Newark-Jersey City, NY-NJ-PA",36,New York,61,New York,40.81976,-73.94825
08/03/2015,AQS,3,8.5,ug/m3 LC,47,CCNY,1,100,88502,Acceptable PM2.5 AQI & Speciation Mass,702,PM2.5 SCC w/Correction Factor,35620,"New York-Newark-Jersey City, NY-NJ-PA",36,New York,61,New York,40.81976,-73.94825
08/04/2015,AQS,3,7.5,ug/m3 LC,42,CCNY,1,100,88502,Acceptable PM2.5 AQI & Speciation Mass,702,PM2.5 SCC w/Correction Factor,35620,"New York-Newark-Jersey City, NY-NJ-PA",36,New York,61,New York,40.81976,-73.94825
08/05/2015,AQS,3,5,ug/m3 LC,28,CCNY,1,100,88502,Acceptable PM2.5 AQI & Speciation Mass,702,PM2.5 SCC w/Correction Factor,35620,"New York-Newark-Jersey City, NY-NJ-PA",36,New York,61,New York,40.81976,-73.94825
08/06/2015,AQS,3,1.6,ug/m3 LC,9,CCNY,1,100,88502,Acceptable PM2.5 AQI & Speciation Mass,702,PM2.5 SCC w/Correction Factor,35620,"New York-Newark-Jersey City, NY-NJ-PA",36,New York,61,New York,40.81976,-73.94825
08/07/2015,AQS,3,3.4,ug/m3 LC,19,CCNY,1,100,88502,Acceptable PM2.5 AQI & Speciation Mass,702,PM2.5 SCC w/Correction Factor,35620,"New York-Newark-Jersey City, NY-NJ-PA",36,New York,61,New York,40.81976,-73.94825
08/08/2015,AQS,3,3.5,ug/m3 LC,19,CCNY,1,100,88502,Acceptable PM2.5 AQI & Speciation Mass,702,PM2.5 SCC w/Correction Factor,35620,"New York-Newark-Jersey City, NY-NJ-PA",36,New York,61,New York,40.81976,-73.94825
08/09/2015,AQS,3,3.2,ug/m3 LC,18,CCNY,1,100,88502,Acceptable PM2.5 AQI & Speciation Mass,702,PM2.5 SCC w/Correction Factor,35620,"New York-Newark-Jersey City, NY-NJ-PA",36,New York,61,New York,40.81976,-73.94825
08/10/2015,AQS,3,2.3,ug/m3 LC,13,CCNY,1,100,88502,Acceptable PM2.5 AQI & Speciation Mass,702,PM2.5 SCC w/Correction Factor,35620,"New York-Newark-Jersey City, NY-NJ-PA",36,New York,61,New York,40.81976,-73.94825
08/11/2015,AQS,3,4.1,ug/m3 LC,23,CCNY,1,100,88502,Acceptable PM2.5 AQI & Speciation Mass,702,PM2.5 SCC w/Correction Factor,35620,"New York-Newark-Jersey City, NY-NJ-PA",36,New York,61,New York,40.81976,-73.94825
08/12/2015,AQS,3,3,ug/m3 LC,17,CCNY,1,100,88502,Acceptable PM2.5 AQI & Speciation Mass,702,PM2.5 SCC w/Correction Factor,35620,"New York-Newark-Jersey City, NY-NJ-PA",36,New York,61,New York,40.81976,-73.94825
08/13/2015,AQS,3,2.2,ug/m3 LC,12,CCNY,1,100,88502,Acceptable PM2.5 AQI & Speciation Mass,702,PM2.5 SCC w/Correction Factor,35620,"New York-Newark-Jersey City, NY-NJ-PA",36,New York,61,New York,40.81976,-73.94825
08/14/2015,AQS,3,6.5,ug/m3 LC,36,CCNY,1,100,88502,Acceptable PM2.5 AQI & Speciation Mass,702,PM2.5 SCC w/Correction Factor,35620,"New York-Newark-Jersey City, NY-NJ-PA",36,New York,61,New York,40.81976,-73.94825
08/15/2015,AQS,3,13.2,ug/m3 LC,59,CCNY,1,100,88502,Acceptable PM2.5 AQI & Speciation Mass,702,PM2.5 SCC w/Correction Factor,35620,"New York-Newark-Jersey City, NY-NJ-PA",36,New York,61,New York,40.81976,-73.94825
08/16/2015,AQS,3,13.8,ug/m3 LC,60,CCNY,1,100,88502,Acceptable PM2.5 AQI & Speciation Mass,702,PM2.5 SCC w/Correction Factor,35620,"New York-Newark-Jersey City, NY-NJ-PA",36,New York,61,New York,40.81976,-73.94825
08/17/2015,AQS,3,14.9,ug/m3 LC,62,CCNY,1,100,88502,Acceptable PM2.5 AQI & Speciation Mass,702,PM2.5 SCC w/Correction Factor,35620,"New York-Newark-Jersey City, NY-NJ-PA",36,New York,61,New York,40.81976,-73.94825
08/18/2015,AQS,3,9.4,ug/m3 LC,52,CCNY,1,100,88502,Acceptable PM2.5 AQI & Speciation Mass,702,PM2.5 SCC w/Correction Factor,35620,"New York-Newark-Jersey City, NY-NJ-PA",36,New York,61,New York,40.81976,-73.94825
08/19/2015,AQS,3,2.3,ug/m3 LC,13,CCNY,1,100,88502,Acceptable PM2.5 AQI & Speciation Mass,702,PM2.5 SCC w/Correction Factor,35620,"New York-Newark-Jersey City, NY-NJ-PA",36,New York,61,New York,40.81976,-73.94825
08/23/2015,AQS,3,4.7,ug/m3 LC,26,CCNY,1,100,88502,Acceptable PM2.5 AQI & Speciation Mass,702,PM2.5 SCC w/Correction Factor,35620,"New York-Newark-Jersey City, NY-NJ-PA",36,New York,61,New York,40.81976,-73.94825
08/24/2015,AQS,3,7.6,ug/m3 LC,42,CCNY,1,100,88502,Acceptable PM2.5 AQI & Speciation Mass,702,PM2.5 SCC w/Correction Factor,35620,"New York-Newark-Jersey City, NY-NJ-PA",36,New York,61,New York,40.81976,-73.94825
08/25/2015,AQS,3,10.6,ug/m3 LC,54,CCNY,1,100,88502,Acceptable PM2.5 AQI & Speciation Mass,702,PM2.5 SCC w/Correction Factor,35620,"New York-Newark-Jersey City, NY-NJ-PA",36,New York,61,New York,40.81976,-73.94825
08/26/2015,AQS,3,4.1,ug/m3 LC,23,CCNY,1,100,88502,Acceptable PM2.5 AQI & Speciation Mass,702,PM2.5 SCC w/Correction Factor,35620,"New York-Newark-Jersey City, NY-NJ-PA",36,New York,61,New York,40.81976,-73.94825
08/27/2015,AQS,3,3,ug/m3 LC,17,CCNY,1,100,88502,Acceptable PM2.5 AQI & Speciation Mass,702,PM2.5 SCC w/Correction Factor,35620,"New York-Newark-Jersey City, NY-NJ-PA",36,New York,61,New York,40.81976,-73.94825
08/28/2015,AQS,3,2.1,ug/m3 LC,12,CCNY,1,100,88502,Acceptable PM2.5 AQI & Speciation Mass,702,PM2.5 SCC w/Correction Factor,35620,"New York-Newark-Jersey City, NY-NJ-PA",36,New York,61,New York,40.81976,-73.94825
08/29/2015,AQS,3,7.7,ug/m3 LC,43,CCNY,1,100,88502,Acceptable PM2.5 AQI & Speciation Mass,702,PM2.5 SCC w/Correction Factor,35620,"New York-Newark-Jersey City, NY-NJ-PA",36,New York,61,New York,40.81976,-73.94825
08/30/2015,AQS,3,12.5,ug/m3 LC,57,CCNY,1,100,88502,Acceptable PM2.5 AQI & Speciation Mass,702,PM2.5 SCC w/Correction Factor,35620,"New York-Newark-Jersey City, NY-NJ-PA",36,New York,61,New York,40.81976,-73.94825
08/31/2015,AQS,3,17.5,ug/m3 LC,67,CCNY,1,100,88502,Acceptable PM2.5 AQI & Speciation Mass,702,PM2.5 SCC w/Correction Factor,35620,"New York-Newark-Jersey City, NY-NJ-PA",36,New York,61,New York,40.81976,-73.94825
09/01/2015,AQS,3,18.2,ug/m3 LC,68,CCNY,1,100,88502,Acceptable PM2.5 AQI & Speciation Mass,702,PM2.5 SCC w/Correction Factor,35620,"New York-Newark-Jersey City, NY-NJ-PA",36,New York,61,New York,40.81976,-73.94825
09/02/2015,AQS,3,21.8,ug/m3 LC,75,CCNY,1,100,88502,Acceptable PM2.5 AQI & Speciation Mass,702,PM2.5 SCC w/Correction Factor,35620,"New York-Newark-Jersey City, NY-NJ-PA",36,New York,61,New York,40.81976,-73.94825
09/03/2015,AQS,3,25.7,ug/m3 LC,82,CCNY,1,100,88502,Acceptable PM2.5 AQI & Speciation Mass,702,PM2.5 SCC w/Correction Factor,35620,"New York-Newark-Jersey City, NY-NJ-PA",36,New York,61,New York,40.81976,-73.94825
09/04/2015,AQS,3,14.2,ug/m3 LC,61,CCNY,1,100,88502,Acceptable PM2.5 AQI & Speciation Mass,702,PM2.5 SCC w/Correction Factor,35620,"New York-Newark-Jersey City, NY-NJ-PA",36,New York,61,New York,40.81976,-73.94825
09/07/2015,AQS,3,8.6,ug/m3 LC,48,CCNY,1,100,88502,Acceptable PM2.5 AQI & Speciation Mass,702,PM2.5 SCC w/Correction Factor,35620,"New York-Newark-Jersey City, NY-NJ-PA",36,New York,61,New York,40.81976,-73.94825
09/08/2015,AQS,3,12,ug/m3 LC,56,CCNY,1,100,88502,Acceptable PM2.5 AQI & Speciation Mass,702,PM2.5 SCC w/Correction Factor,35620,"New York-Newark-Jersey City, NY-NJ-PA",36,New York,61,New York,40.81976,-73.94825
09/09/2015,AQS,3,9,ug/m3 LC,50,CCNY,1,100,88502,Acceptable PM2.5 AQI & Speciation Mass,702,PM2.5 SCC w/Correction Factor,35620,"New York-Newark-Jersey City, NY-NJ-PA",36,New York,61,New York,40.81976,-73.94825
09/10/2015,AQS,3,5.6,ug/m3 LC,31,CCNY,1,100,88502,Acceptable PM2.5 AQI & Speciation Mass,702,PM2.5 SCC w/Correction Factor,35620,"New York-Newark-Jersey City, NY-NJ-PA",36,New York,61,New York,40.81976,-73.94825
09/12/2015,AQS,3,4.3,ug/m3 LC,24,CCNY,1,100,88502,Acceptable PM2.5 AQI & Speciation Mass,702,PM2.5 SCC w/Correction Factor,35620,"New York-Newark-Jersey City, NY-NJ-PA",36,New York,61,New York,40.81976,-73.94825
09/13/2015,AQS,3,2.5,ug/m3 LC,14,CCNY,1,100,88502,Acceptable PM2.5 AQI & Speciation Mass,702,PM2.5 SCC w/Correction Factor,35620,"New York-Newark-Jersey City, NY-NJ-PA",36,New York,61,New York,40.81976,-73.94825
09/14/2015,AQS,3,2.5,ug/m3 LC,14,CCNY,1,100,88502,Acceptable PM2.5 AQI & Speciation Mass,702,PM2.5 SCC w/Correction Factor,35620,"New York-Newark-Jersey City, NY-NJ-PA",36,New York,61,New York,40.81976,-73.94825
09/15/2015,AQS,3,6.6,ug/m3 LC,37,CCNY,1,100,88502,Acceptable PM2.5 AQI & Speciation Mass,702,PM2.5 SCC w/Correction Factor,35620,"New York-Newark-Jersey City, NY-NJ-PA",36,New York,61,New York,40.81976,-73.94825
09/16/2015,AQS,3,9.4,ug/m3 LC,52,CCNY,1,100,88502,Acceptable PM2.5 AQI & Speciation Mass,702,PM2.5 SCC w/Correction Factor,35620,"New York-Newark-Jersey City, NY-NJ-PA",36,New York,61,New York,40.81976,-73.94825
09/17/2015,AQS,3,11.3,ug/m3 LC,55,CCNY,1,100,88502,Acceptable PM2.5 AQI & Speciation Mass,702,PM2.5 SCC w/Correction Factor,35620,"New York-Newark-Jersey City, NY-NJ-PA",36,New York,61,New York,40.81976,-73.94825
09/18/2015,AQS,3,13.2,ug/m3 LC,59,CCNY,1,100,88502,Acceptable PM2.5 AQI & Speciation Mass,702,PM2.5 SCC w/Correction Factor,35620,"New York-Newark-Jersey City, NY-NJ-PA",36,New York,61,New York,40.81976,-73.94825
09/19/2015,AQS,3,7,ug/m3 LC,39,CCNY,1,100,88502,Acceptable PM2.5 AQI & Speciation Mass,702,PM2.5 SCC w/Correction Factor,35620,"New York-Newark-Jersey City, NY-NJ-PA",36,New York,61,New York,40.81976,-73.94825
09/21/2015,AQS,3,3,ug/m3 LC,17,CCNY,1,100,88502,Acceptable PM2.5 AQI & Speciation Mass,702,PM2.5 SCC w/Correction Factor,35620,"New York-Newark-Jersey City, NY-NJ-PA",36,New York,61,New York,40.81976,-73.94825
09/22/2015,AQS,3,3.3,ug/m3 LC,18,CCNY,1,100,88502,Acceptable PM2.5 AQI & Speciation Mass,702,PM2.5 SCC w/Correction Factor,35620,"New York-Newark-Jersey City, NY-NJ-PA",36,New York,61,New York,40.81976,-73.94825
09/23/2015,AQS,3,5.4,ug/m3 LC,30,CCNY,1,100,88502,Acceptable PM2.5 AQI & Speciation Mass,702,PM2.5 SCC w/Correction Factor,35620,"New York-Newark-Jersey City, NY-NJ-PA",36,New York,61,New York,40.81976,-73.94825
09/24/2015,AQS,3,5.7,ug/m3 LC,32,CCNY,1,100,88502,Acceptable PM2.5 AQI & Speciation Mass,702,PM2.5 SCC w/Correction Factor,35620,"New York-Newark-Jersey City, NY-NJ-PA",36,New York,61,New York,40.81976,-73.94825
09/25/2015,AQS,3,4.2,ug/m3 LC,23,CCNY,1,100,88502,Acceptable PM2.5 AQI & Speciation Mass,702,PM2.5 SCC w/Correction Factor,35620,"New York-Newark-Jersey City, NY-NJ-PA",36,New York,61,New York,40.81976,-73.94825
09/26/2015,AQS,3,2.9,ug/m3 LC,16,CCNY,1,100,88502,Acceptable PM2.5 AQI & Speciation Mass,702,PM2.5 SCC w/Correction Factor,35620,"New York-Newark-Jersey City, NY-NJ-PA",36,New York,61,New York,40.81976,-73.94825
09/27/2015,AQS,3,4.1,ug/m3 LC,23,CCNY,1,100,88502,Acceptable PM2.5 AQI & Speciation Mass,702,PM2.5 SCC w/Correction Factor,35620,"New York-Newark-Jersey City, NY-NJ-PA",36,New York,61,New York,40.81976,-73.94825
09/28/2015,AQS,3,5.4,ug/m3 LC,30,CCNY,1,100,88502,Acceptable PM2.5 AQI & Speciation Mass,702,PM2.5 SCC w/Correction Factor,35620,"New York-Newark-Jersey City, NY-NJ-PA",36,New York,61,New York,40.81976,-73.94825
09/29/2015,AQS,3,6,ug/m3 LC,33,CCNY,1,100,88502,Acceptable PM2.5 AQI & Speciation Mass,702,PM2.5 SCC w/Correction Factor,35620,"New York-Newark-Jersey City, NY-NJ-PA",36,New York,61,New York,40.81976,-73.94825
10/01/2015,AQS,3,2.5,ug/m3 LC,14,CCNY,1,100,88502,Acceptable PM2.5 AQI & Speciation Mass,702,PM2.5 SCC w/Correction Factor,35620,"New York-Newark-Jersey City, NY-NJ-PA",36,New York,61,New York,40.81976,-73.94825
10/02/2015,AQS,3,1.4,ug/m3 LC,8,CCNY,1,100,88502,Acceptable PM2.5 AQI & Speciation Mass,702,PM2.5 SCC w/Correction Factor,35620,"New York-Newark-Jersey City, NY-NJ-PA",36,New York,61,New York,40.81976,-73.94825
10/03/2015,AQS,3,1.6,ug/m3 LC,9,CCNY,1,100,88502,Acceptable PM2.5 AQI & Speciation Mass,702,PM2.5 SCC w/Correction Factor,35620,"New York-Newark-Jersey City, NY-NJ-PA",36,New York,61,New York,40.81976,-73.94825
10/04/2015,AQS,3,3.1,ug/m3 LC,17,CCNY,1,100,88502,Acceptable PM2.5 AQI & Speciation Mass,702,PM2.5 SCC w/Correction Factor,35620,"New York-Newark-Jersey City, NY-NJ-PA",36,New York,61,New York,40.81976,-73.94825
10/05/2015,AQS,3,3.9,ug/m3 LC,22,CCNY,1,100,88502,Acceptable PM2.5 AQI & Speciation Mass,702,PM2.5 SCC w/Correction Factor,35620,"New York-Newark-Jersey City, NY-NJ-PA",36,New York,61,New York,40.81976,-73.94825
10/06/2015,AQS,3,4.2,ug/m3 LC,23,CCNY,1,100,88502,Acceptable PM2.5 AQI & Speciation Mass,702,PM2.5 SCC w/Correction Factor,35620,"New York-Newark-Jersey City, NY-NJ-PA",36,New York,61,New York,40.81976,-73.94825
10/07/2015,AQS,3,4.2,ug/m3 LC,23,CCNY,1,100,88502,Acceptable PM2.5 AQI & Speciation Mass,702,PM2.5 SCC w/Correction Factor,35620,"New York-Newark-Jersey City, NY-NJ-PA",36,New York,61,New York,40.81976,-73.94825
10/08/2015,AQS,3,6.7,ug/m3 LC,37,CCNY,1,100,88502,Acceptable PM2.5 AQI & Speciation Mass,702,PM2.5 SCC w/Correction Factor,35620,"New York-Newark-Jersey City, NY-NJ-PA",36,New York,61,New York,40.81976,-73.94825
10/09/2015,AQS,3,7.5,ug/m3 LC,42,CCNY,1,100,88502,Acceptable PM2.5 AQI & Speciation Mass,702,PM2.5 SCC w/Correction Factor,35620,"New York-Newark-Jersey City, NY-NJ-PA",36,New York,61,New York,40.81976,-73.94825
10/10/2015,AQS,3,2.6,ug/m3 LC,14,CCNY,1,100,88502,Acceptable PM2.5 AQI & Speciation Mass,702,PM2.5 SCC w/Correction Factor,35620,"New York-Newark-Jersey City, NY-NJ-PA",36,New York,61,New York,40.81976,-73.94825
10/11/2015,AQS,3,6,ug/m3 LC,33,CCNY,1,100,88502,Acceptable PM2.5 AQI & Speciation Mass,702,PM2.5 SCC w/Correction Factor,35620,"New York-Newark-Jersey City, NY-NJ-PA",36,New York,61,New York,40.81976,-73.94825
10/12/2015,AQS,3,8.8,ug/m3 LC,49,CCNY,1,100,88502,Acceptable PM2.5 AQI & Speciation Mass,702,PM2.5 SCC w/Correction Factor,35620,"New York-Newark-Jersey City, NY-NJ-PA",36,New York,61,New York,40.81976,-73.94825
10/13/2015,AQS,3,8.1,ug/m3 LC,45,CCNY,1,100,88502,Acceptable PM2.5 AQI & Speciation Mass,702,PM2.5 SCC w/Correction Factor,35620,"New York-Newark-Jersey City, NY-NJ-PA",36,New York,61,New York,40.81976,-73.94825
10/14/2015,AQS,3,3.6,ug/m3 LC,20,CCNY,1,100,88502,Acceptable PM2.5 AQI & Speciation Mass,702,PM2.5 SCC w/Correction Factor,35620,"New York-Newark-Jersey City, NY-NJ-PA",36,New York,61,New York,40.81976,-73.94825
10/15/2015,AQS,3,3.4,ug/m3 LC,19,CCNY,1,100,88502,Acceptable PM2.5 AQI & Speciation Mass,702,PM2.5 SCC w/Correction Factor,35620,"New York-Newark-Jersey City, NY-NJ-PA",36,New York,61,New York,40.81976,-73.94825
10/16/2015,AQS,3,4.3,ug/m3 LC,24,CCNY,1,100,88502,Acceptable PM2.5 AQI & Speciation Mass,702,PM2.5 SCC w/Correction Factor,35620,"New York-Newark-Jersey City, NY-NJ-PA",36,New York,61,New York,40.81976,-73.94825
10/17/2015,AQS,3,2.8,ug/m3 LC,16,CCNY,1,100,88502,Acceptable PM2.5 AQI & Speciation Mass,702,PM2.5 SCC w/Correction Factor,35620,"New York-Newark-Jersey City, NY-NJ-PA",36,New York,61,New York,40.81976,-73.94825
10/18/2015,AQS,3,2.8,ug/m3 LC,16,CCNY,1,100,88502,Acceptable PM2.5 AQI & Speciation Mass,702,PM2.5 SCC w/Correction Factor,35620,"New York-Newark-Jersey City, NY-NJ-PA",36,New York,61,New York,40.81976,-73.94825
10/19/2015,AQS,3,4.3,ug/m3 LC,24,CCNY,1,100,88502,Acceptable PM2.5 AQI & Speciation Mass,702,PM2.5 SCC w/Correction Factor,35620,"New York-Newark-Jersey City, NY-NJ-PA",36,New York,61,New York,40.81976,-73.94825
10/20/2015,AQS,3,7.8,ug/m3 LC,43,CCNY,1,100,88502,Acceptable PM2.5 AQI & Speciation Mass,702,PM2.5 SCC w/Correction Factor,35620,"New York-Newark-Jersey City, NY-NJ-PA",36,New York,61,New York,40.81976,-73.94825
10/21/2015,AQS,3,14.6,ug/m3 LC,61,CCNY,1,100,88502,Acceptable PM2.5 AQI & Speciation Mass,702,PM2.5 SCC w/Correction Factor,35620,"New York-Newark-Jersey City, NY-NJ-PA",36,New York,61,New York,40.81976,-73.94825
10/22/2015,AQS,3,14.4,ug/m3 LC,61,CCNY,1,100,88502,Acceptable PM2.5 AQI & Speciation Mass,702,PM2.5 SCC w/Correction Factor,35620,"New York-Newark-Jersey City, NY-NJ-PA",36,New York,61,New York,40.81976,-73.94825
10/24/2015,AQS,3,2.7,ug/m3 LC,15,CCNY,1,100,88502,Acceptable PM2.5 AQI & Speciation Mass,702,PM2.5 SCC w/Correction Factor,35620,"New York-Newark-Jersey City, NY-NJ-PA",36,New York,61,New York,40.81976,-73.94825
10/25/2015,AQS,3,3.1,ug/m3 LC,17,CCNY,1,100,88502,Acceptable PM2.5 AQI & Speciation Mass,702,PM2.5 SCC w/Correction Factor,35620,"New York-Newark-Jersey City, NY-NJ-PA",36,New York,61,New York,40.81976,-73.94825
10/26/2015,AQS,3,3.9,ug/m3 LC,22,CCNY,1,100,88502,Acceptable PM2.5 AQI & Speciation Mass,702,PM2.5 SCC w/Correction Factor,35620,"New York-Newark-Jersey City, NY-NJ-PA",36,New York,61,New York,40.81976,-73.94825
10/27/2015,AQS,3,5.3,ug/m3 LC,29,CCNY,1,100,88502,Acceptable PM2.5 AQI & Speciation Mass,702,PM2.5 SCC w/Correction Factor,35620,"New York-Newark-Jersey City, NY-NJ-PA",36,New York,61,New York,40.81976,-73.94825
10/28/2015,AQS,3,2.1,ug/m3 LC,12,CCNY,1,100,88502,Acceptable PM2.5 AQI & Speciation Mass,702,PM2.5 SCC w/Correction Factor,35620,"New York-Newark-Jersey City, NY-NJ-PA",36,New York,61,New York,40.81976,-73.94825
10/29/2015,AQS,3,3.1,ug/m3 LC,17,CCNY,1,100,88502,Acceptable PM2.5 AQI & Speciation Mass,702,PM2.5 SCC w/Correction Factor,35620,"New York-Newark-Jersey City, NY-NJ-PA",36,New York,61,New York,40.81976,-73.94825
10/30/2015,AQS,3,4.1,ug/m3 LC,23,CCNY,1,100,88502,Acceptable PM2.5 AQI & Speciation Mass,702,PM2.5 SCC w/Correction Factor,35620,"New York-Newark-Jersey City, NY-NJ-PA",36,New York,61,New York,40.81976,-73.94825
10/31/2015,AQS,3,5.2,ug/m3 LC,29,CCNY,1,100,88502,Acceptable PM2.5 AQI & Speciation Mass,702,PM2.5 SCC w/Correction Factor,35620,"New York-Newark-Jersey City, NY-NJ-PA",36,New York,61,New York,40.81976,-73.94825
11/01/2015,AQS,3,8.7,ug/m3 LC,48,CCNY,1,100,88502,Acceptable PM2.5 AQI & Speciation Mass,702,PM2.5 SCC w/Correction Factor,35620,"New York-Newark-Jersey City, NY-NJ-PA",36,New York,61,New York,40.81976,-73.94825
11/02/2015,AQS,3,7.9,ug/m3 LC,44,CCNY,1,100,88502,Acceptable PM2.5 AQI & Speciation Mass,702,PM2.5 SCC w/Correction Factor,35620,"New York-Newark-Jersey City, NY-NJ-PA",36,New York,61,New York,40.81976,-73.94825
11/03/2015,AQS,3,12.6,ug/m3 LC,58,CCNY,1,100,88502,Acceptable PM2.5 AQI & Speciation Mass,702,PM2.5 SCC w/Correction Factor,35620,"New York-Newark-Jersey City, NY-NJ-PA",36,New York,61,New York,40.81976,-73.94825
11/04/2015,AQS,3,11.9,ug/m3 LC,56,CCNY,1,100,88502,Acceptable PM2.5 AQI & Speciation Mass,702,PM2.5 SCC w/Correction Factor,35620,"New York-Newark-Jersey City, NY-NJ-PA",36,New York,61,New York,40.81976,-73.94825
11/05/2015,AQS,3,14.8,ug/m3 LC,62,CCNY,1,100,88502,Acceptable PM2.5 AQI & Speciation Mass,702,PM2.5 SCC w/Correction Factor,35620,"New York-Newark-Jersey City, NY-NJ-PA",36,New York,61,New York,40.81976,-73.94825
11/06/2015,AQS,3,9.1,ug/m3 LC,51,CCNY,1,100,88502,Acceptable PM2.5 AQI & Speciation Mass,702,PM2.5 SCC w/Correction Factor,35620,"New York-Newark-Jersey City, NY-NJ-PA",36,New York,61,New York,40.81976,-73.94825
11/07/2015,AQS,3,3.9,ug/m3 LC,22,CCNY,1,100,88502,Acceptable PM2.5 AQI & Speciation Mass,702,PM2.5 SCC w/Correction Factor,35620,"New York-Newark-Jersey City, NY-NJ-PA",36,New York,61,New York,40.81976,-73.94825
11/08/2015,AQS,3,4.2,ug/m3 LC,23,CCNY,1,100,88502,Acceptable PM2.5 AQI & Speciation Mass,702,PM2.5 SCC w/Correction Factor,35620,"New York-Newark-Jersey City, NY-NJ-PA",36,New York,61,New York,40.81976,-73.94825
11/09/2015,AQS,3,8.3,ug/m3 LC,46,CCNY,1,100,88502,Acceptable PM2.5 AQI & Speciation Mass,702,PM2.5 SCC w/Correction Factor,35620,"New York-Newark-Jersey City, NY-NJ-PA",36,New York,61,New York,40.81976,-73.94825
11/10/2015,AQS,3,5.1,ug/m3 LC,28,CCNY,1,100,88502,Acceptable PM2.5 AQI & Speciation Mass,702,PM2.5 SCC w/Correction Factor,35620,"New York-Newark-Jersey City, NY-NJ-PA",36,New York,61,New York,40.81976,-73.94825
11/11/2015,AQS,3,3.3,ug/m3 LC,18,CCNY,1,100,88502,Acceptable PM2.5 AQI & Speciation Mass,702,PM2.5 SCC w/Correction Factor,35620,"New York-Newark-Jersey City, NY-NJ-PA",36,New York,61,New York,40.81976,-73.94825
11/12/2015,AQS,3,4.7,ug/m3 LC,26,CCNY,1,100,88502,Acceptable PM2.5 AQI & Speciation Mass,702,PM2.5 SCC w/Correction Factor,35620,"New York-Newark-Jersey City, NY-NJ-PA",36,New York,61,New York,40.81976,-73.94825
11/13/2015,AQS,3,4.2,ug/m3 LC,23,CCNY,1,100,88502,Acceptable PM2.5 AQI & Speciation Mass,702,PM2.5 SCC w/Correction Factor,35620,"New York-Newark-Jersey City, NY-NJ-PA",36,New York,61,New York,40.81976,-73.94825
11/14/2015,AQS,3,4.5,ug/m3 LC,25,CCNY,1,100,88502,Acceptable PM2.5 AQI & Speciation Mass,702,PM2.5 SCC w/Correction Factor,35620,"New York-Newark-Jersey City, NY-NJ-PA",36,New York,61,New York,40.81976,-73.94825
11/15/2015,AQS,3,6.4,ug/m3 LC,36,CCNY,1,100,88502,Acceptable PM2.5 AQI & Speciation Mass,702,PM2.5 SCC w/Correction Factor,35620,"New York-Newark-Jersey City, NY-NJ-PA",36,New York,61,New York,40.81976,-73.94825
11/16/2015,AQS,3,10.3,ug/m3 LC,53,CCNY,1,100,88502,Acceptable PM2.5 AQI & Speciation Mass,702,PM2.5 SCC w/Correction Factor,35620,"New York-Newark-Jersey City, NY-NJ-PA",36,New York,61,New York,40.81976,-73.94825
11/17/2015,AQS,3,5.6,ug/m3 LC,31,CCNY,1,100,88502,Acceptable PM2.5 AQI & Speciation Mass,702,PM2.5 SCC w/Correction Factor,35620,"New York-Newark-Jersey City, NY-NJ-PA",36,New York,61,New York,40.81976,-73.94825
11/18/2015,AQS,3,5.3,ug/m3 LC,29,CCNY,1,100,88502,Acceptable PM2.5 AQI & Speciation Mass,702,PM2.5 SCC w/Correction Factor,35620,"New York-Newark-Jersey City, NY-NJ-PA",36,New York,61,New York,40.81976,-73.94825
11/19/2015,AQS,3,4.7,ug/m3 LC,26,CCNY,1,100,88502,Acceptable PM2.5 AQI & Speciation Mass,702,PM2.5 SCC w/Correction Factor,35620,"New York-Newark-Jersey City, NY-NJ-PA",36,New York,61,New York,40.81976,-73.94825
11/20/2015,AQS,3,6.1,ug/m3 LC,34,CCNY,1,100,88502,Acceptable PM2.5 AQI & Speciation Mass,702,PM2.5 SCC w/Correction Factor,35620,"New York-Newark-Jersey City, NY-NJ-PA",36,New York,61,New York,40.81976,-73.94825
11/21/2015,AQS,3,8.4,ug/m3 LC,47,CCNY,1,100,88502,Acceptable PM2.5 AQI & Speciation Mass,702,PM2.5 SCC w/Correction Factor,35620,"New York-Newark-Jersey City, NY-NJ-PA",36,New York,61,New York,40.81976,-73.94825
11/22/2015,AQS,3,6.3,ug/m3 LC,35,CCNY,1,100,88502,Acceptable PM2.5 AQI & Speciation Mass,702,PM2.5 SCC w/Correction Factor,35620,"New York-Newark-Jersey City, NY-NJ-PA",36,New York,61,New York,40.81976,-73.94825
11/23/2015,AQS,3,6.1,ug/m3 LC,34,CCNY,1,100,88502,Acceptable PM2.5 AQI & Speciation Mass,702,PM2.5 SCC w/Correction Factor,35620,"New York-Newark-Jersey City, NY-NJ-PA",36,New York,61,New York,40.81976,-73.94825
11/24/2015,AQS,3,10.8,ug/m3 LC,54,CCNY,1,100,88502,Acceptable PM2.5 AQI & Speciation Mass,702,PM2.5 SCC w/Correction Factor,35620,"New York-Newark-Jersey City, NY-NJ-PA",36,New York,61,New York,40.81976,-73.94825
11/25/2015,AQS,3,12.8,ug/m3 LC,58,CCNY,1,100,88502,Acceptable PM2.5 AQI & Speciation Mass,702,PM2.5 SCC w/Correction Factor,35620,"New York-Newark-Jersey City, NY-NJ-PA",36,New York,61,New York,40.81976,-73.94825
11/26/2015,AQS,3,15.9,ug/m3 LC,64,CCNY,1,100,88502,Acceptable PM2.5 AQI & Speciation Mass,702,PM2.5 SCC w/Correction Factor,35620,"New York-Newark-Jersey City, NY-NJ-PA",36,New York,61,New York,40.81976,-73.94825
11/27/2015,AQS,3,8,ug/m3 LC,44,CCNY,1,100,88502,Acceptable PM2.5 AQI & Speciation Mass,702,PM2.5 SCC w/Correction Factor,35620,"New York-Newark-Jersey City, NY-NJ-PA",36,New York,61,New York,40.81976,-73.94825
11/28/2015,AQS,3,7.7,ug/m3 LC,43,CCNY,1,100,88502,Acceptable PM2.5 AQI & Speciation Mass,702,PM2.5 SCC w/Correction Factor,35620,"New York-Newark-Jersey City, NY-NJ-PA",36,New York,61,New York,40.81976,-73.94825
11/29/2015,AQS,3,4.6,ug/m3 LC,26,CCNY,1,100,88502,Acceptable PM2.5 AQI & Speciation Mass,702,PM2.5 SCC w/Correction Factor,35620,"New York-Newark-Jersey City, NY-NJ-PA",36,New York,61,New York,40.81976,-73.94825
11/30/2015,AQS,3,8.5,ug/m3 LC,47,CCNY,1,100,88502,Acceptable PM2.5 AQI & Speciation Mass,702,PM2.5 SCC w/Correction Factor,35620,"New York-Newark-Jersey City, NY-NJ-PA",36,New York,61,New York,40.81976,-73.94825
12/01/2015,AQS,3,8,ug/m3 LC,44,CCNY,1,100,88502,Acceptable PM2.5 AQI & Speciation Mass,702,PM2.5 SCC w/Correction Factor,35620,"New York-Newark-Jersey City, NY-NJ-PA",36,New York,61,New York,40.81976,-73.94825
12/02/2015,AQS,3,14.9,ug/m3 LC,62,CCNY,1,100,88502,Acceptable PM2.5 AQI & Speciation Mass,702,PM2.5 SCC w/Correction Factor,35620,"New York-Newark-Jersey City, NY-NJ-PA",36,New York,61,New York,40.81976,-73.94825
12/03/2015,AQS,3,5.2,ug/m3 LC,29,CCNY,1,100,88502,Acceptable PM2.5 AQI & Speciation Mass,702,PM2.5 SCC w/Correction Factor,35620,"New York-Newark-Jersey City, NY-NJ-PA",36,New York,61,New York,40.81976,-73.94825
12/04/2015,AQS,3,7.9,ug/m3 LC,44,CCNY,1,100,88502,Acceptable PM2.5 AQI & Speciation Mass,702,PM2.5 SCC w/Correction Factor,35620,"New York-Newark-Jersey City, NY-NJ-PA",36,New York,61,New York,40.81976,-73.94825
12/05/2015,AQS,3,11.3,ug/m3 LC,55,CCNY,1,100,88502,Acceptable PM2.5 AQI & Speciation Mass,702,PM2.5 SCC w/Correction Factor,35620,"New York-Newark-Jersey City, NY-NJ-PA",36,New York,61,New York,40.81976,-73.94825
12/06/2015,AQS,3,16.1,ug/m3 LC,64,CCNY,1,100,88502,Acceptable PM2.5 AQI & Speciation Mass,702,PM2.5 SCC w/Correction Factor,35620,"New York-Newark-Jersey City, NY-NJ-PA",36,New York,61,New York,40.81976,-73.94825
12/07/2015,AQS,3,17.9,ug/m3 LC,67,CCNY,1,100,88502,Acceptable PM2.5 AQI & Speciation Mass,702,PM2.5 SCC w/Correction Factor,35620,"New York-Newark-Jersey City, NY-NJ-PA",36,New York,61,New York,40.81976,-73.94825
12/08/2015,AQS,3,11.8,ug/m3 LC,56,CCNY,1,100,88502,Acceptable PM2.5 AQI & Speciation Mass,702,PM2.5 SCC w/Correction Factor,35620,"New York-Newark-Jersey City, NY-NJ-PA",36,New York,61,New York,40.81976,-73.94825
12/09/2015,AQS,3,18.1,ug/m3 LC,68,CCNY,1,100,88502,Acceptable PM2.5 AQI & Speciation Mass,702,PM2.5 SCC w/Correction Factor,35620,"New York-Newark-Jersey City, NY-NJ-PA",36,New York,61,New York,40.81976,-73.94825
12/10/2015,AQS,3,14.6,ug/m3 LC,61,CCNY,1,100,88502,Acceptable PM2.5 AQI & Speciation Mass,702,PM2.5 SCC w/Correction Factor,35620,"New York-Newark-Jersey City, NY-NJ-PA",36,New York,61,New York,40.81976,-73.94825
12/11/2015,AQS,3,21.3,ug/m3 LC,74,CCNY,1,100,88502,Acceptable PM2.5 AQI & Speciation Mass,702,PM2.5 SCC w/Correction Factor,35620,"New York-Newark-Jersey City, NY-NJ-PA",36,New York,61,New York,40.81976,-73.94825
12/12/2015,AQS,3,24.9,ug/m3 LC,80,CCNY,1,100,88502,Acceptable PM2.5 AQI & Speciation Mass,702,PM2.5 SCC w/Correction Factor,35620,"New York-Newark-Jersey City, NY-NJ-PA",36,New York,61,New York,40.81976,-73.94825
12/13/2015,AQS,3,21.4,ug/m3 LC,74,CCNY,1,100,88502,Acceptable PM2.5 AQI & Speciation Mass,702,PM2.5 SCC w/Correction Factor,35620,"New York-Newark-Jersey City, NY-NJ-PA",36,New York,61,New York,40.81976,-73.94825
12/14/2015,AQS,3,13.7,ug/m3 LC,60,CCNY,1,100,88502,Acceptable PM2.5 AQI & Speciation Mass,702,PM2.5 SCC w/Correction Factor,35620,"New York-Newark-Jersey City, NY-NJ-PA",36,New York,61,New York,40.81976,-73.94825
12/16/2015,AQS,3,6.8,ug/m3 LC,38,CCNY,1,100,88502,Acceptable PM2.5 AQI & Speciation Mass,702,PM2.5 SCC w/Correction Factor,35620,"New York-Newark-Jersey City, NY-NJ-PA",36,New York,61,New York,40.81976,-73.94825
12/17/2015,AQS,3,8,ug/m3 LC,44,CCNY,1,100,88502,Acceptable PM2.5 AQI & Speciation Mass,702,PM2.5 SCC w/Correction Factor,35620,"New York-Newark-Jersey City, NY-NJ-PA",36,New York,61,New York,40.81976,-73.94825
12/18/2015,AQS,3,4,ug/m3 LC,22,CCNY,1,100,88502,Acceptable PM2.5 AQI & Speciation Mass,702,PM2.5 SCC w/Correction Factor,35620,"New York-Newark-Jersey City, NY-NJ-PA",36,New York,61,New York,40.81976,-73.94825
12/19/2015,AQS,3,6.3,ug/m3 LC,35,CCNY,1,100,88502,Acceptable PM2.5 AQI & Speciation Mass,702,PM2.5 SCC w/Correction Factor,35620,"New York-Newark-Jersey City, NY-NJ-PA",36,New York,61,New York,40.81976,-73.94825
12/20/2015,AQS,3,7.6,ug/m3 LC,42,CCNY,1,100,88502,Acceptable PM2.5 AQI & Speciation Mass,702,PM2.5 SCC w/Correction Factor,35620,"New York-Newark-Jersey City, NY-NJ-PA",36,New York,61,New York,40.81976,-73.94825
12/21/2015,AQS,3,10,ug/m3 LC,53,CCNY,1,100,88502,Acceptable PM2.5 AQI & Speciation Mass,702,PM2.5 SCC w/Correction Factor,35620,"New York-Newark-Jersey City, NY-NJ-PA",36,New York,61,New York,40.81976,-73.94825
12/22/2015,AQS,3,12.6,ug/m3 LC,58,CCNY,1,100,88502,Acceptable PM2.5 AQI & Speciation Mass,702,PM2.5 SCC w/Correction Factor,35620,"New York-Newark-Jersey City, NY-NJ-PA",36,New York,61,New York,40.81976,-73.94825
12/23/2015,AQS,3,13.6,ug/m3 LC,59,CCNY,1,100,88502,Acceptable PM2.5 AQI & Speciation Mass,702,PM2.5 SCC w/Correction Factor,35620,"New York-Newark-Jersey City, NY-NJ-PA",36,New York,61,New York,40.81976,-73.94825
12/24/2015,AQS,3,8,ug/m3 LC,44,CCNY,1,100,88502,Acceptable PM2.5 AQI & Speciation Mass,702,PM2.5 SCC w/Correction Factor,35620,"New York-Newark-Jersey City, NY-NJ-PA",36,New York,61,New York,40.81976,-73.94825
12/25/2015,AQS,3,15.4,ug/m3 LC,63,CCNY,1,100,88502,Acceptable PM2.5 AQI & Speciation Mass,702,PM2.5 SCC w/Correction Factor,35620,"New York-Newark-Jersey City, NY-NJ-PA",36,New York,61,New York,40.81976,-73.94825
12/26/2015,AQS,3,6.1,ug/m3 LC,34,CCNY,1,100,88502,Acceptable PM2.5 AQI & Speciation Mass,702,PM2.5 SCC w/Correction Factor,35620,"New York-Newark-Jersey City, NY-NJ-PA",36,New York,61,New York,40.81976,-73.94825
12/27/2015,AQS,3,9.6,ug/m3 LC,52,CCNY,1,100,88502,Acceptable PM2.5 AQI & Speciation Mass,702,PM2.5 SCC w/Correction Factor,35620,"New York-Newark-Jersey City, NY-NJ-PA",36,New York,61,New York,40.81976,-73.94825
12/28/2015,AQS,3,4.7,ug/m3 LC,26,CCNY,1,100,88502,Acceptable PM2.5 AQI & Speciation Mass,702,PM2.5 SCC w/Correction Factor,35620,"New York-Newark-Jersey City, NY-NJ-PA",36,New York,61,New York,40.81976,-73.94825
12/29/2015,AQS,3,6.6,ug/m3 LC,37,CCNY,1,100,88502,Acceptable PM2.5 AQI & Speciation Mass,702,PM2.5 SCC w/Correction Factor,35620,"New York-Newark-Jersey City, NY-NJ-PA",36,New York,61,New York,40.81976,-73.94825
12/30/2015,AQS,3,11.4,ug/m3 LC,55,CCNY,1,100,88502,Acceptable PM2.5 AQI & Speciation Mass,702,PM2.5 SCC w/Correction Factor,35620,"New York-Newark-Jersey City, NY-NJ-PA",36,New York,61,New York,40.81976,-73.94825
12/31/2015,AQS,3,5.9,ug/m3 LC,33,CCNY,1,100,88502,Acceptable PM2.5 AQI & Speciation Mass,702,PM2.5 SCC w/Correction Factor,35620,"New York-Newark-Jersey City, NY-NJ-PA",36,New York,61,New York,40.81976,-73.94825
01/01/2016,AQS,3,7.1,ug/m3 LC,39,CCNY,1,100,88502,Acceptable PM2.5 AQI & Speciation Mass,702,PM2.5 SCC w/Correction Factor,35620,"New York-Newark-Jersey City, NY-NJ-PA",36,New York,61,New York,40.81976,-73.94825
01/02/2016,AQS,3,10.2,ug/m3 LC,53,CCNY,1,100,88502,Acceptable PM2.5 AQI & Speciation Mass,702,PM2.5 SCC w/Correction Factor,35620,"New York-Newark-Jersey City, NY-NJ-PA",36,New York,61,New York,40.81976,-73.94825
01/03/2016,AQS,3,12.4,ug/m3 LC,57,CCNY,1,100,88502,Acceptable PM2.5 AQI & Speciation Mass,702,PM2.5 SCC w/Correction Factor,35620,"New York-Newark-Jersey City, NY-NJ-PA",36,New York,61,New York,40.81976,-73.94825
01/04/2016,AQS,3,9.5,ug/m3 LC,52,CCNY,1,100,88502,Acceptable PM2.5 AQI & Speciation Mass,702,PM2.5 SCC w/Correction Factor,35620,"New York-Newark-Jersey City, NY-NJ-PA",36,New York,61,New York,40.81976,-73.94825
01/05/2016,AQS,3,11.3,ug/m3 LC,55,CCNY,1,100,88502,Acceptable PM2.5 AQI & Speciation Mass,702,PM2.5 SCC w/Correction Factor,35620,"New York-Newark-Jersey City, NY-NJ-PA",36,New York,61,New York,40.81976,-73.94825
01/06/2016,AQS,3,13.9,ug/m3 LC,60,CCNY,1,100,88502,Acceptable PM2.5 AQI & Speciation Mass,702,PM2.5 SCC w/Correction Factor,35620,"New York-Newark-Jersey City, NY-NJ-PA",36,New York,61,New York,40.81976,-73.94825
01/07/2016,AQS,3,18.8,ug/m3 LC,69,CCNY,1,100,88502,Acceptable PM2.5 AQI & Speciation Mass,702,PM2.5 SCC w/Correction Factor,35620,"New York-Newark-Jersey City, NY-NJ-PA",36,New York,61,New York,40.81976,-73.94825
01/08/2016,AQS,3,15.7,ug/m3 LC,63,CCNY,1,100,88502,Acceptable PM2.5 AQI & Speciation Mass,702,PM2.5 SCC w/Correction Factor,35620,"New York-Newark-Jersey City, NY-NJ-PA",36,New York,61,New York,40.81976,-73.94825
01/09/2016,AQS,3,14.1,ug/m3 LC,60,CCNY,1,100,88502,Acceptable PM2.5 AQI & Speciation Mass,702,PM2.5 SCC w/Correction Factor,35620,"New York-Newark-Jersey City, NY-NJ-PA",36,New York,61,New York,40.81976,-73.94825
01/10/2016,AQS,3,6.6,ug/m3 LC,37,CCNY,1,100,88502,Acceptable PM2.5 AQI & Speciation Mass,702,PM2.5 SCC w/Correction Factor,35620,"New York-Newark-Jersey City, NY-NJ-PA",36,New York,61,New York,40.81976,-73.94825
01/11/2016,AQS,3,7.6,ug/m3 LC,42,CCNY,1,100,88502,Acceptable PM2.5 AQI & Speciation Mass,702,PM2.5 SCC w/Correction Factor,35620,"New York-Newark-Jersey City, NY-NJ-PA",36,New York,61,New York,40.81976,-73.94825
01/12/2016,AQS,3,9.9,ug/m3 LC,52,CCNY,1,100,88502,Acceptable PM2.5 AQI & Speciation Mass,702,PM2.5 SCC w/Correction Factor,35620,"New York-Newark-Jersey City, NY-NJ-PA",36,New York,61,New York,40.81976,-73.94825
01/13/2016,AQS,3,10.1,ug/m3 LC,53,CCNY,1,100,88502,Acceptable PM2.5 AQI & Speciation Mass,702,PM2.5 SCC w/Correction Factor,35620,"New York-Newark-Jersey City, NY-NJ-PA",36,New York,61,New York,40.81976,-73.94825
01/14/2016,AQS,3,13.8,ug/m3 LC,60,CCNY,1,100,88502,Acceptable PM2.5 AQI & Speciation Mass,702,PM2.5 SCC w/Correction Factor,35620,"New York-Newark-Jersey City, NY-NJ-PA",36,New York,61,New York,40.81976,-73.94825
01/15/2016,AQS,3,23.6,ug/m3 LC,78,CCNY,1,100,88502,Acceptable PM2.5 AQI & Speciation Mass,702,PM2.5 SCC w/Correction Factor,35620,"New York-Newark-Jersey City, NY-NJ-PA",36,New York,61,New York,40.81976,-73.94825
01/16/2016,AQS,3,10.3,ug/m3 LC,53,CCNY,1,100,88502,Acceptable PM2.5 AQI & Speciation Mass,702,PM2.5 SCC w/Correction Factor,35620,"New York-Newark-Jersey City, NY-NJ-PA",36,New York,61,New York,40.81976,-73.94825
01/17/2016,AQS,3,8.8,ug/m3 LC,49,CCNY,1,100,88502,Acceptable PM2.5 AQI & Speciation Mass,702,PM2.5 SCC w/Correction Factor,35620,"New York-Newark-Jersey City, NY-NJ-PA",36,New York,61,New York,40.81976,-73.94825
01/18/2016,AQS,3,7.8,ug/m3 LC,43,CCNY,1,100,88502,Acceptable PM2.5 AQI & Speciation Mass,702,PM2.5 SCC w/Correction Factor,35620,"New York-Newark-Jersey City, NY-NJ-PA",36,New York,61,New York,40.81976,-73.94825
01/19/2016,AQS,3,7.9,ug/m3 LC,44,CCNY,1,100,88502,Acceptable PM2.5 AQI & Speciation Mass,702,PM2.5 SCC w/Correction Factor,35620,"New York-Newark-Jersey City, NY-NJ-PA",36,New York,61,New York,40.81976,-73.94825
01/20/2016,AQS,3,8.4,ug/m3 LC,47,CCNY,1,100,88502,Acceptable PM2.5 AQI & Speciation Mass,702,PM2.5 SCC w/Correction Factor,35620,"New York-Newark-Jersey City, NY-NJ-PA",36,New York,61,New York,40.81976,-73.94825
01/21/2016,AQS,3,8.5,ug/m3 LC,47,CCNY,1,100,88502,Acceptable PM2.5 AQI & Speciation Mass,702,PM2.5 SCC w/Correction Factor,35620,"New York-Newark-Jersey City, NY-NJ-PA",36,New York,61,New York,40.81976,-73.94825
01/22/2016,AQS,3,6.7,ug/m3 LC,37,CCNY,1,100,88502,Acceptable PM2.5 AQI & Speciation Mass,702,PM2.5 SCC w/Correction Factor,35620,"New York-Newark-Jersey City, NY-NJ-PA",36,New York,61,New York,40.81976,-73.94825
01/23/2016,AQS,3,8.4,ug/m3 LC,47,CCNY,1,100,88502,Acceptable PM2.5 AQI & Speciation Mass,702,PM2.5 SCC w/Correction Factor,35620,"New York-Newark-Jersey City, NY-NJ-PA",36,New York,61,New York,40.81976,-73.94825
01/24/2016,AQS,3,9.6,ug/m3 LC,52,CCNY,1,100,88502,Acceptable PM2.5 AQI & Speciation Mass,702,PM2.5 SCC w/Correction Factor,35620,"New York-Newark-Jersey City, NY-NJ-PA",36,New York,61,New York,40.81976,-73.94825
01/25/2016,AQS,3,15.3,ug/m3 LC,63,CCNY,1,100,88502,Acceptable PM2.5 AQI & Speciation Mass,702,PM2.5 SCC w/Correction Factor,35620,"New York-Newark-Jersey City, NY-NJ-PA",36,New York,61,New York,40.81976,-73.94825
01/26/2016,AQS,3,16.5,ug/m3 LC,65,CCNY,1,100,88502,Acceptable PM2.5 AQI & Speciation Mass,702,PM2.5 SCC w/Correction Factor,35620,"New York-Newark-Jersey City, NY-NJ-PA",36,New York,61,New York,40.81976,-73.94825
01/27/2016,AQS,3,10.2,ug/m3 LC,53,CCNY,1,100,88502,Acceptable PM2.5 AQI & Speciation Mass,702,PM2.5 SCC w/Correction Factor,35620,"New York-Newark-Jersey City, NY-NJ-PA",36,New York,61,New York,40.81976,-73.94825
01/28/2016,AQS,3,11,ug/m3 LC,55,CCNY,1,100,88502,Acceptable PM2.5 AQI & Speciation Mass,702,PM2.5 SCC w/Correction Factor,35620,"New York-Newark-Jersey City, NY-NJ-PA",36,New York,61,New York,40.81976,-73.94825
01/29/2016,AQS,3,11.4,ug/m3 LC,55,CCNY,1,100,88502,Acceptable PM2.5 AQI & Speciation Mass,702,PM2.5 SCC w/Correction Factor,35620,"New York-Newark-Jersey City, NY-NJ-PA",36,New York,61,New York,40.81976,-73.94825
01/30/2016,AQS,3,10.5,ug/m3 LC,54,CCNY,1,100,88502,Acceptable PM2.5 AQI & Speciation Mass,702,PM2.5 SCC w/Correction Factor,35620,"New York-Newark-Jersey City, NY-NJ-PA",36,New York,61,New York,40.81976,-73.94825
01/31/2016,AQS,3,16.2,ug/m3 LC,64,CCNY,1,100,88502,Acceptable PM2.5 AQI & Speciation Mass,702,PM2.5 SCC w/Correction Factor,35620,"New York-Newark-Jersey City, NY-NJ-PA",36,New York,61,New York,40.81976,-73.94825
02/01/2016,AQS,3,15,ug/m3 LC,62,CCNY,1,100,88502,Acceptable PM2.5 AQI & Speciation Mass,702,PM2.5 SCC w/Correction Factor,35620,"New York-Newark-Jersey City, NY-NJ-PA",36,New York,61,New York,40.81976,-73.94825
02/02/2016,AQS,3,7.7,ug/m3 LC,43,CCNY,1,100,88502,Acceptable PM2.5 AQI & Speciation Mass,702,PM2.5 SCC w/Correction Factor,35620,"New York-Newark-Jersey City, NY-NJ-PA",36,New York,61,New York,40.81976,-73.94825
02/03/2016,AQS,3,10.6,ug/m3 LC,54,CCNY,1,100,88502,Acceptable PM2.5 AQI & Speciation Mass,702,PM2.5 SCC w/Correction Factor,35620,"New York-Newark-Jersey City, NY-NJ-PA",36,New York,61,New York,40.81976,-73.94825
02/04/2016,AQS,3,5.9,ug/m3 LC,33,CCNY,1,100,88502,Acceptable PM2.5 AQI & Speciation Mass,702,PM2.5 SCC w/Correction Factor,35620,"New York-Newark-Jersey City, NY-NJ-PA",36,New York,61,New York,40.81976,-73.94825
02/05/2016,AQS,3,5.3,ug/m3 LC,29,CCNY,1,100,88502,Acceptable PM2.5 AQI & Speciation Mass,702,PM2.5 SCC w/Correction Factor,35620,"New York-Newark-Jersey City, NY-NJ-PA",36,New York,61,New York,40.81976,-73.94825
02/06/2016,AQS,3,16,ug/m3 LC,64,CCNY,1,100,88502,Acceptable PM2.5 AQI & Speciation Mass,702,PM2.5 SCC w/Correction Factor,35620,"New York-Newark-Jersey City, NY-NJ-PA",36,New York,61,New York,40.81976,-73.94825
02/07/2016,AQS,3,12.4,ug/m3 LC,57,CCNY,1,100,88502,Acceptable PM2.5 AQI & Speciation Mass,702,PM2.5 SCC w/Correction Factor,35620,"New York-Newark-Jersey City, NY-NJ-PA",36,New York,61,New York,40.81976,-73.94825
02/08/2016,AQS,3,6.9,ug/m3 LC,38,CCNY,1,100,88502,Acceptable PM2.5 AQI & Speciation Mass,702,PM2.5 SCC w/Correction Factor,35620,"New York-Newark-Jersey City, NY-NJ-PA",36,New York,61,New York,40.81976,-73.94825
02/09/2016,AQS,3,10,ug/m3 LC,53,CCNY,1,100,88502,Acceptable PM2.5 AQI & Speciation Mass,702,PM2.5 SCC w/Correction Factor,35620,"New York-Newark-Jersey City, NY-NJ-PA",36,New York,61,New York,40.81976,-73.94825
02/10/2016,AQS,3,9.7,ug/m3 LC,52,CCNY,1,100,88502,Acceptable PM2.5 AQI & Speciation Mass,702,PM2.5 SCC w/Correction Factor,35620,"New York-Newark-Jersey City, NY-NJ-PA",36,New York,61,New York,40.81976,-73.94825
02/11/2016,AQS,3,5.2,ug/m3 LC,29,CCNY,1,100,88502,Acceptable PM2.5 AQI & Speciation Mass,702,PM2.5 SCC w/Correction Factor,35620,"New York-Newark-Jersey City, NY-NJ-PA",36,New York,61,New York,40.81976,-73.94825
02/12/2016,AQS,3,6.5,ug/m3 LC,36,CCNY,1,100,88502,Acceptable PM2.5 AQI & Speciation Mass,702,PM2.5 SCC w/Correction Factor,35620,"New York-Newark-Jersey City, NY-NJ-PA",36,New York,61,New York,40.81976,-73.94825
02/13/2016,AQS,3,7.1,ug/m3 LC,39,CCNY,1,100,88502,Acceptable PM2.5 AQI & Speciation Mass,702,PM2.5 SCC w/Correction Factor,35620,"New York-Newark-Jersey City, NY-NJ-PA",36,New York,61,New York,40.81976,-73.94825
02/14/2016,AQS,3,9,ug/m3 LC,50,CCNY,1,100,88502,Acceptable PM2.5 AQI & Speciation Mass,702,PM2.5 SCC w/Correction Factor,35620,"New York-Newark-Jersey City, NY-NJ-PA",36,New York,61,New York,40.81976,-73.94825
02/15/2016,AQS,3,12.6,ug/m3 LC,58,CCNY,1,100,88502,Acceptable PM2.5 AQI & Speciation Mass,702,PM2.5 SCC w/Correction Factor,35620,"New York-Newark-Jersey City, NY-NJ-PA",36,New York,61,New York,40.81976,-73.94825
02/16/2016,AQS,3,10.8,ug/m3 LC,54,CCNY,1,100,88502,Acceptable PM2.5 AQI & Speciation Mass,702,PM2.5 SCC w/Correction Factor,35620,"New York-Newark-Jersey City, NY-NJ-PA",36,New York,61,New York,40.81976,-73.94825
02/17/2016,AQS,3,9.4,ug/m3 LC,52,CCNY,1,100,88502,Acceptable PM2.5 AQI & Speciation Mass,702,PM2.5 SCC w/Correction Factor,35620,"New York-Newark-Jersey City, NY-NJ-PA",36,New York,61,New York,40.81976,-73.94825
02/18/2016,AQS,3,5.8,ug/m3 LC,32,CCNY,1,100,88502,Acceptable PM2.5 AQI & Speciation Mass,702,PM2.5 SCC w/Correction Factor,35620,"New York-Newark-Jersey City, NY-NJ-PA",36,New York,61,New York,40.81976,-73.94825
02/19/2016,AQS,3,10.2,ug/m3 LC,53,CCNY,1,100,88502,Acceptable PM2.5 AQI & Speciation Mass,702,PM2.5 SCC w/Correction Factor,35620,"New York-Newark-Jersey City, NY-NJ-PA",36,New York,61,New York,40.81976,-73.94825
02/20/2016,AQS,3,9.5,ug/m3 LC,52,CCNY,1,100,88502,Acceptable PM2.5 AQI & Speciation Mass,702,PM2.5 SCC w/Correction Factor,35620,"New York-Newark-Jersey City, NY-NJ-PA",36,New York,61,New York,40.81976,-73.94825
02/21/2016,AQS,3,10.4,ug/m3 LC,53,CCNY,1,100,88502,Acceptable PM2.5 AQI & Speciation Mass,702,PM2.5 SCC w/Correction Factor,35620,"New York-Newark-Jersey City, NY-NJ-PA",36,New York,61,New York,40.81976,-73.94825
02/26/2016,AQS,3,6.5,ug/m3 LC,36,CCNY,1,100,88502,Acceptable PM2.5 AQI & Speciation Mass,702,PM2.5 SCC w/Correction Factor,35620,"New York-Newark-Jersey City, NY-NJ-PA",36,New York,61,New York,40.81976,-73.94825
02/27/2016,AQS,3,9.2,ug/m3 LC,51,CCNY,1,100,88502,Acceptable PM2.5 AQI & Speciation Mass,702,PM2.5 SCC w/Correction Factor,35620,"New York-Newark-Jersey City, NY-NJ-PA",36,New York,61,New York,40.81976,-73.94825
02/28/2016,AQS,3,10.2,ug/m3 LC,53,CCNY,1,100,88502,Acceptable PM2.5 AQI & Speciation Mass,702,PM2.5 SCC w/Correction Factor,35620,"New York-Newark-Jersey City, NY-NJ-PA",36,New York,61,New York,40.81976,-73.94825
02/29/2016,AQS,3,12.2,ug/m3 LC,57,CCNY,1,100,88502,Acceptable PM2.5 AQI & Speciation Mass,702,PM2.5 SCC w/Correction Factor,35620,"New York-Newark-Jersey City, NY-NJ-PA",36,New York,61,New York,40.81976,-73.94825
03/01/2016,AQS,3,9.7,ug/m3 LC,52,CCNY,1,100,88502,Acceptable PM2.5 AQI & Speciation Mass,702,PM2.5 SCC w/Correction Factor,35620,"New York-Newark-Jersey City, NY-NJ-PA",36,New York,61,New York,40.81976,-73.94825
03/03/2016,AQS,3,5.2,ug/m3 LC,29,CCNY,1,100,88502,Acceptable PM2.5 AQI & Speciation Mass,702,PM2.5 SCC w/Correction Factor,35620,"New York-Newark-Jersey City, NY-NJ-PA",36,New York,61,New York,40.81976,-73.94825
03/04/2016,AQS,3,7.8,ug/m3 LC,43,CCNY,1,100,88502,Acceptable PM2.5 AQI & Speciation Mass,702,PM2.5 SCC w/Correction Factor,35620,"New York-Newark-Jersey City, NY-NJ-PA",36,New York,61,New York,40.81976,-73.94825
03/05/2016,AQS,3,5.8,ug/m3 LC,32,CCNY,1,100,88502,Acceptable PM2.5 AQI & Speciation Mass,702,PM2.5 SCC w/Correction Factor,35620,"New York-Newark-Jersey City, NY-NJ-PA",36,New York,61,New York,40.81976,-73.94825
03/06/2016,AQS,3,8.7,ug/m3 LC,48,CCNY,1,100,88502,Acceptable PM2.5 AQI & Speciation Mass,702,PM2.5 SCC w/Correction Factor,35620,"New York-Newark-Jersey City, NY-NJ-PA",36,New York,61,New York,40.81976,-73.94825
03/07/2016,AQS,3,14.6,ug/m3 LC,61,CCNY,1,100,88502,Acceptable PM2.5 AQI & Speciation Mass,702,PM2.5 SCC w/Correction Factor,35620,"New York-Newark-Jersey City, NY-NJ-PA",36,New York,61,New York,40.81976,-73.94825
03/09/2016,AQS,3,24.2,ug/m3 LC,79,CCNY,1,100,88502,Acceptable PM2.5 AQI & Speciation Mass,702,PM2.5 SCC w/Correction Factor,35620,"New York-Newark-Jersey City, NY-NJ-PA",36,New York,61,New York,40.81976,-73.94825
03/10/2016,AQS,3,14.6,ug/m3 LC,61,CCNY,1,100,88502,Acceptable PM2.5 AQI & Speciation Mass,702,PM2.5 SCC w/Correction Factor,35620,"New York-Newark-Jersey City, NY-NJ-PA",36,New York,61,New York,40.81976,-73.94825
03/11/2016,AQS,3,4.2,ug/m3 LC,23,CCNY,1,100,88502,Acceptable PM2.5 AQI & Speciation Mass,702,PM2.5 SCC w/Correction Factor,35620,"New York-Newark-Jersey City, NY-NJ-PA",36,New York,61,New York,40.81976,-73.94825
03/12/2016,AQS,3,6.1,ug/m3 LC,34,CCNY,1,100,88502,Acceptable PM2.5 AQI & Speciation Mass,702,PM2.5 SCC w/Correction Factor,35620,"New York-Newark-Jersey City, NY-NJ-PA",36,New York,61,New York,40.81976,-73.94825
03/13/2016,AQS,3,7.7,ug/m3 LC,43,CCNY,1,100,88502,Acceptable PM2.5 AQI & Speciation Mass,702,PM2.5 SCC w/Correction Factor,35620,"New York-Newark-Jersey City, NY-NJ-PA",36,New York,61,New York,40.81976,-73.94825
03/14/2016,AQS,3,5.5,ug/m3 LC,31,CCNY,1,100,88502,Acceptable PM2.5 AQI & Speciation Mass,702,PM2.5 SCC w/Correction Factor,35620,"New York-Newark-Jersey City, NY-NJ-PA",36,New York,61,New York,40.81976,-73.94825
03/15/2016,AQS,3,4.6,ug/m3 LC,26,CCNY,1,100,88502,Acceptable PM2.5 AQI & Speciation Mass,702,PM2.5 SCC w/Correction Factor,35620,"New York-Newark-Jersey City, NY-NJ-PA",36,New York,61,New York,40.81976,-73.94825
03/16/2016,AQS,3,9.5,ug/m3 LC,52,CCNY,1,100,88502,Acceptable PM2.5 AQI & Speciation Mass,702,PM2.5 SCC w/Correction Factor,35620,"New York-Newark-Jersey City, NY-NJ-PA",36,New York,61,New York,40.81976,-73.94825
03/17/2016,AQS,3,6,ug/m3 LC,33,CCNY,1,100,88502,Acceptable PM2.5 AQI & Speciation Mass,702,PM2.5 SCC w/Correction Factor,35620,"New York-Newark-Jersey City, NY-NJ-PA",36,New York,61,New York,40.81976,-73.94825
03/18/2016,AQS,3,4.6,ug/m3 LC,26,CCNY,1,100,88502,Acceptable PM2.5 AQI & Speciation Mass,702,PM2.5 SCC w/Correction Factor,35620,"New York-Newark-Jersey City, NY-NJ-PA",36,New York,61,New York,40.81976,-73.94825
03/19/2016,AQS,3,4,ug/m3 LC,22,CCNY,1,100,88502,Acceptable PM2.5 AQI & Speciation Mass,702,PM2.5 SCC w/Correction Factor,35620,"New York-Newark-Jersey City, NY-NJ-PA",36,New York,61,New York,40.81976,-73.94825
03/20/2016,AQS,3,5.3,ug/m3 LC,29,CCNY,1,100,88502,Acceptable PM2.5 AQI & Speciation Mass,702,PM2.5 SCC w/Correction Factor,35620,"New York-Newark-Jersey City, NY-NJ-PA",36,New York,61,New York,40.81976,-73.94825
03/21/2016,AQS,3,5.1,ug/m3 LC,28,CCNY,1,100,88502,Acceptable PM2.5 AQI & Speciation Mass,702,PM2.5 SCC w/Correction Factor,35620,"New York-Newark-Jersey City, NY-NJ-PA",36,New York,61,New York,40.81976,-73.94825
03/22/2016,AQS,3,6.2,ug/m3 LC,34,CCNY,1,100,88502,Acceptable PM2.5 AQI & Speciation Mass,702,PM2.5 SCC w/Correction Factor,35620,"New York-Newark-Jersey City, NY-NJ-PA",36,New York,61,New York,40.81976,-73.94825
03/23/2016,AQS,3,11.9,ug/m3 LC,56,CCNY,1,100,88502,Acceptable PM2.5 AQI & Speciation Mass,702,PM2.5 SCC w/Correction Factor,35620,"New York-Newark-Jersey City, NY-NJ-PA",36,New York,61,New York,40.81976,-73.94825
03/24/2016,AQS,3,10.8,ug/m3 LC,54,CCNY,1,100,88502,Acceptable PM2.5 AQI & Speciation Mass,702,PM2.5 SCC w/Correction Factor,35620,"New York-Newark-Jersey City, NY-NJ-PA",36,New York,61,New York,40.81976,-73.94825
03/25/2016,AQS,3,13.5,ug/m3 LC,59,CCNY,1,100,88502,Acceptable PM2.5 AQI & Speciation Mass,702,PM2.5 SCC w/Correction Factor,35620,"New York-Newark-Jersey City, NY-NJ-PA",36,New York,61,New York,40.81976,-73.94825
03/26/2016,AQS,3,4.9,ug/m3 LC,27,CCNY,1,100,88502,Acceptable PM2.5 AQI & Speciation Mass,702,PM2.5 SCC w/Correction Factor,35620,"New York-Newark-Jersey City, NY-NJ-PA",36,New York,61,New York,40.81976,-73.94825
03/27/2016,AQS,3,5.2,ug/m3 LC,29,CCNY,1,100,88502,Acceptable PM2.5 AQI & Speciation Mass,702,PM2.5 SCC w/Correction Factor,35620,"New York-Newark-Jersey City, NY-NJ-PA",36,New York,61,New York,40.81976,-73.94825
03/28/2016,AQS,3,2.6,ug/m3 LC,14,CCNY,1,100,88502,Acceptable PM2.5 AQI & Speciation Mass,702,PM2.5 SCC w/Correction Factor,35620,"New York-Newark-Jersey City, NY-NJ-PA",36,New York,61,New York,40.81976,-73.94825
03/29/2016,AQS,3,4.7,ug/m3 LC,26,CCNY,1,100,88502,Acceptable PM2.5 AQI & Speciation Mass,702,PM2.5 SCC w/Correction Factor,35620,"New York-Newark-Jersey City, NY-NJ-PA",36,New York,61,New York,40.81976,-73.94825
03/30/2016,AQS,3,7,ug/m3 LC,39,CCNY,1,100,88502,Acceptable PM2.5 AQI & Speciation Mass,702,PM2.5 SCC w/Correction Factor,35620,"New York-Newark-Jersey City, NY-NJ-PA",36,New York,61,New York,40.81976,-73.94825
03/31/2016,AQS,3,10.1,ug/m3 LC,53,CCNY,1,100,88502,Acceptable PM2.5 AQI & Speciation Mass,702,PM2.5 SCC w/Correction Factor,35620,"New York-Newark-Jersey City, NY-NJ-PA",36,New York,61,New York,40.81976,-73.94825
04/01/2016,AQS,3,8.5,ug/m3 LC,47,CCNY,1,100,88502,Acceptable PM2.5 AQI & Speciation Mass,702,PM2.5 SCC w/Correction Factor,35620,"New York-Newark-Jersey City, NY-NJ-PA",36,New York,61,New York,40.81976,-73.94825
04/02/2016,AQS,3,5,ug/m3 LC,28,CCNY,1,100,88502,Acceptable PM2.5 AQI & Speciation Mass,702,PM2.5 SCC w/Correction Factor,35620,"New York-Newark-Jersey City, NY-NJ-PA",36,New York,61,New York,40.81976,-73.94825
04/03/2016,AQS,3,4.5,ug/m3 LC,25,CCNY,1,100,88502,Acceptable PM2.5 AQI & Speciation Mass,702,PM2.5 SCC w/Correction Factor,35620,"New York-Newark-Jersey City, NY-NJ-PA",36,New York,61,New York,40.81976,-73.94825
04/04/2016,AQS,3,7.9,ug/m3 LC,44,CCNY,1,100,88502,Acceptable PM2.5 AQI & Speciation Mass,702,PM2.5 SCC w/Correction Factor,35620,"New York-Newark-Jersey City, NY-NJ-PA",36,New York,61,New York,40.81976,-73.94825
04/05/2016,AQS,3,4.9,ug/m3 LC,27,CCNY,1,100,88502,Acceptable PM2.5 AQI & Speciation Mass,702,PM2.5 SCC w/Correction Factor,35620,"New York-Newark-Jersey City, NY-NJ-PA",36,New York,61,New York,40.81976,-73.94825
04/06/2016,AQS,3,5.2,ug/m3 LC,29,CCNY,1,100,88502,Acceptable PM2.5 AQI & Speciation Mass,702,PM2.5 SCC w/Correction Factor,35620,"New York-Newark-Jersey City, NY-NJ-PA",36,New York,61,New York,40.81976,-73.94825
04/07/2016,AQS,3,5.3,ug/m3 LC,29,CCNY,1,100,88502,Acceptable PM2.5 AQI & Speciation Mass,702,PM2.5 SCC w/Correction Factor,35620,"New York-Newark-Jersey City, NY-NJ-PA",36,New York,61,New York,40.81976,-73.94825
04/08/2016,AQS,3,3.6,ug/m3 LC,20,CCNY,1,100,88502,Acceptable PM2.5 AQI & Speciation Mass,702,PM2.5 SCC w/Correction Factor,35620,"New York-Newark-Jersey City, NY-NJ-PA",36,New York,61,New York,40.81976,-73.94825
04/09/2016,AQS,3,6.4,ug/m3 LC,36,CCNY,1,100,88502,Acceptable PM2.5 AQI & Speciation Mass,702,PM2.5 SCC w/Correction Factor,35620,"New York-Newark-Jersey City, NY-NJ-PA",36,New York,61,New York,40.81976,-73.94825
04/10/2016,AQS,3,5,ug/m3 LC,28,CCNY,1,100,88502,Acceptable PM2.5 AQI & Speciation Mass,702,PM2.5 SCC w/Correction Factor,35620,"New York-Newark-Jersey City, NY-NJ-PA",36,New York,61,New York,40.81976,-73.94825
04/11/2016,AQS,3,9.2,ug/m3 LC,51,CCNY,1,100,88502,Acceptable PM2.5 AQI & Speciation Mass,702,PM2.5 SCC w/Correction Factor,35620,"New York-Newark-Jersey City, NY-NJ-PA",36,New York,61,New York,40.81976,-73.94825
04/12/2016,AQS,3,8,ug/m3 LC,44,CCNY,1,100,88502,Acceptable PM2.5 AQI & Speciation Mass,702,PM2.5 SCC w/Correction Factor,35620,"New York-Newark-Jersey City, NY-NJ-PA",36,New York,61,New York,40.81976,-73.94825
04/13/2016,AQS,3,5.2,ug/m3 LC,29,CCNY,1,100,88502,Acceptable PM2.5 AQI & Speciation Mass,702,PM2.5 SCC w/Correction Factor,35620,"New York-Newark-Jersey City, NY-NJ-PA",36,New York,61,New York,40.81976,-73.94825
04/14/2016,AQS,3,6.4,ug/m3 LC,36,CCNY,1,100,88502,Acceptable PM2.5 AQI & Speciation Mass,702,PM2.5 SCC w/Correction Factor,35620,"New York-Newark-Jersey City, NY-NJ-PA",36,New York,61,New York,40.81976,-73.94825
04/15/2016,AQS,3,7.5,ug/m3 LC,42,CCNY,1,100,88502,Acceptable PM2.5 AQI & Speciation Mass,702,PM2.5 SCC w/Correction Factor,35620,"New York-Newark-Jersey City, NY-NJ-PA",36,New York,61,New York,40.81976,-73.94825
04/16/2016,AQS,3,5.4,ug/m3 LC,30,CCNY,1,100,88502,Acceptable PM2.5 AQI & Speciation Mass,702,PM2.5 SCC w/Correction Factor,35620,"New York-Newark-Jersey City, NY-NJ-PA",36,New York,61,New York,40.81976,-73.94825
04/17/2016,AQS,3,5.9,ug/m3 LC,33,CCNY,1,100,88502,Acceptable PM2.5 AQI & Speciation Mass,702,PM2.5 SCC w/Correction Factor,35620,"New York-Newark-Jersey City, NY-NJ-PA",36,New York,61,New York,40.81976,-73.94825
04/18/2016,AQS,3,7.8,ug/m3 LC,43,CCNY,1,100,88502,Acceptable PM2.5 AQI & Speciation Mass,702,PM2.5 SCC w/Correction Factor,35620,"New York-Newark-Jersey City, NY-NJ-PA",36,New York,61,New York,40.81976,-73.94825
04/19/2016,AQS,3,6.4,ug/m3 LC,36,CCNY,1,100,88502,Acceptable PM2.5 AQI & Speciation Mass,702,PM2.5 SCC w/Correction Factor,35620,"New York-Newark-Jersey City, NY-NJ-PA",36,New York,61,New York,40.81976,-73.94825
04/20/2016,AQS,3,3.4,ug/m3 LC,19,CCNY,1,100,88502,Acceptable PM2.5 AQI & Speciation Mass,702,PM2.5 SCC w/Correction Factor,35620,"New York-Newark-Jersey City, NY-NJ-PA",36,New York,61,New York,40.81976,-73.94825
04/21/2016,AQS,3,9.1,ug/m3 LC,51,CCNY,1,100,88502,Acceptable PM2.5 AQI & Speciation Mass,702,PM2.5 SCC w/Correction Factor,35620,"New York-Newark-Jersey City, NY-NJ-PA",36,New York,61,New York,40.81976,-73.94825
04/22/2016,AQS,3,17.5,ug/m3 LC,67,CCNY,1,100,88502,Acceptable PM2.5 AQI & Speciation Mass,702,PM2.5 SCC w/Correction Factor,35620,"New York-Newark-Jersey City, NY-NJ-PA",36,New York,61,New York,40.81976,-73.94825
04/23/2016,AQS,3,5.5,ug/m3 LC,31,CCNY,1,100,88502,Acceptable PM2.5 AQI & Speciation Mass,702,PM2.5 SCC w/Correction Factor,35620,"New York-Newark-Jersey City, NY-NJ-PA",36,New York,61,New York,40.81976,-73.94825
04/24/2016,AQS,3,4.2,ug/m3 LC,23,CCNY,1,100,88502,Acceptable PM2.5 AQI & Speciation Mass,702,PM2.5 SCC w/Correction Factor,35620,"New York-Newark-Jersey City, NY-NJ-PA",36,New York,61,New York,40.81976,-73.94825
04/25/2016,AQS,3,8.8,ug/m3 LC,49,CCNY,1,100,88502,Acceptable PM2.5 AQI & Speciation Mass,702,PM2.5 SCC w/Correction Factor,35620,"New York-Newark-Jersey City, NY-NJ-PA",36,New York,61,New York,40.81976,-73.94825
04/26/2016,AQS,3,8.8,ug/m3 LC,49,CCNY,1,100,88502,Acceptable PM2.5 AQI & Speciation Mass,702,PM2.5 SCC w/Correction Factor,35620,"New York-Newark-Jersey City, NY-NJ-PA",36,New York,61,New York,40.81976,-73.94825
04/27/2016,AQS,3,4,ug/m3 LC,22,CCNY,1,100,88502,Acceptable PM2.5 AQI & Speciation Mass,702,PM2.5 SCC w/Correction Factor,35620,"New York-Newark-Jersey City, NY-NJ-PA",36,New York,61,New York,40.81976,-73.94825
04/28/2016,AQS,3,4.8,ug/m3 LC,27,CCNY,1,100,88502,Acceptable PM2.5 AQI & Speciation Mass,702,PM2.5 SCC w/Correction Factor,35620,"New York-Newark-Jersey City, NY-NJ-PA",36,New York,61,New York,40.81976,-73.94825
04/29/2016,AQS,3,5.5,ug/m3 LC,31,CCNY,1,100,88502,Acceptable PM2.5 AQI & Speciation Mass,702,PM2.5 SCC w/Correction Factor,35620,"New York-Newark-Jersey City, NY-NJ-PA",36,New York,61,New York,40.81976,-73.94825
04/30/2016,AQS,3,5,ug/m3 LC,28,CCNY,1,100,88502,Acceptable PM2.5 AQI & Speciation Mass,702,PM2.5 SCC w/Correction Factor,35620,"New York-Newark-Jersey City, NY-NJ-PA",36,New York,61,New York,40.81976,-73.94825
05/01/2016,AQS,3,2.9,ug/m3 LC,16,CCNY,1,100,88502,Acceptable PM2.5 AQI & Speciation Mass,702,PM2.5 SCC w/Correction Factor,35620,"New York-Newark-Jersey City, NY-NJ-PA",36,New York,61,New York,40.81976,-73.94825
05/02/2016,AQS,3,7.9,ug/m3 LC,44,CCNY,1,100,88502,Acceptable PM2.5 AQI & Speciation Mass,702,PM2.5 SCC w/Correction Factor,35620,"New York-Newark-Jersey City, NY-NJ-PA",36,New York,61,New York,40.81976,-73.94825
05/03/2016,AQS,3,2.7,ug/m3 LC,15,CCNY,1,100,88502,Acceptable PM2.5 AQI & Speciation Mass,702,PM2.5 SCC w/Correction Factor,35620,"New York-Newark-Jersey City, NY-NJ-PA",36,New York,61,New York,40.81976,-73.94825
05/04/2016,AQS,3,2.4,ug/m3 LC,13,CCNY,1,100,88502,Acceptable PM2.5 AQI & Speciation Mass,702,PM2.5 SCC w/Correction Factor,35620,"New York-Newark-Jersey City, NY-NJ-PA",36,New York,61,New York,40.81976,-73.94825
05/05/2016,AQS,3,2.3,ug/m3 LC,13,CCNY,1,100,88502,Acceptable PM2.5 AQI & Speciation Mass,702,PM2.5 SCC w/Correction Factor,35620,"New York-Newark-Jersey City, NY-NJ-PA",36,New York,61,New York,40.81976,-73.94825
05/06/2016,AQS,3,4,ug/m3 LC,22,CCNY,1,100,88502,Acceptable PM2.5 AQI & Speciation Mass,702,PM2.5 SCC w/Correction Factor,35620,"New York-Newark-Jersey City, NY-NJ-PA",36,New York,61,New York,40.81976,-73.94825
05/07/2016,AQS,3,3.4,ug/m3 LC,19,CCNY,1,100,88502,Acceptable PM2.5 AQI & Speciation Mass,702,PM2.5 SCC w/Correction Factor,35620,"New York-Newark-Jersey City, NY-NJ-PA",36,New York,61,New York,40.81976,-73.94825
05/08/2016,AQS,3,5,ug/m3 LC,28,CCNY,1,100,88502,Acceptable PM2.5 AQI & Speciation Mass,702,PM2.5 SCC w/Correction Factor,35620,"New York-Newark-Jersey City, NY-NJ-PA",36,New York,61,New York,40.81976,-73.94825
05/09/2016,AQS,3,9.3,ug/m3 LC,51,CCNY,1,100,88502,Acceptable PM2.5 AQI & Speciation Mass,702,PM2.5 SCC w/Correction Factor,35620,"New York-Newark-Jersey City, NY-NJ-PA",36,New York,61,New York,40.81976,-73.94825
05/10/2016,AQS,3,4.5,ug/m3 LC,25,CCNY,1,100,88502,Acceptable PM2.5 AQI & Speciation Mass,702,PM2.5 SCC w/Correction Factor,35620,"New York-Newark-Jersey City, NY-NJ-PA",36,New York,61,New York,40.81976,-73.94825
05/11/2016,AQS,3,8.3,ug/m3 LC,46,CCNY,1,100,88502,Acceptable PM2.5 AQI & Speciation Mass,702,PM2.5 SCC w/Correction Factor,35620,"New York-Newark-Jersey City, NY-NJ-PA",36,New York,61,New York,40.81976,-73.94825
05/12/2016,AQS,3,11.6,ug/m3 LC,56,CCNY,1,100,88502,Acceptable PM2.5 AQI & Speciation Mass,702,PM2.5 SCC w/Correction Factor,35620,"New York-Newark-Jersey City, NY-NJ-PA",36,New York,61,New York,40.81976,-73.94825
05/13/2016,AQS,3,12.5,ug/m3 LC,57,CCNY,1,100,88502,Acceptable PM2.5 AQI & Speciation Mass,702,PM2.5 SCC w/Correction Factor,35620,"New York-Newark-Jersey City, NY-NJ-PA",36,New York,61,New York,40.81976,-73.94825
05/14/2016,AQS,3,4,ug/m3 LC,22,CCNY,1,100,88502,Acceptable PM2.5 AQI & Speciation Mass,702,PM2.5 SCC w/Correction Factor,35620,"New York-Newark-Jersey City, NY-NJ-PA",36,New York,61,New York,40.81976,-73.94825
05/16/2016,AQS,3,3.2,ug/m3 LC,18,CCNY,1,100,88502,Acceptable PM2.5 AQI & Speciation Mass,702,PM2.5 SCC w/Correction Factor,35620,"New York-Newark-Jersey City, NY-NJ-PA",36,New York,61,New York,40.81976,-73.94825
05/17/2016,AQS,3,7.5,ug/m3 LC,42,CCNY,1,100,88502,Acceptable PM2.5 AQI & Speciation Mass,702,PM2.5 SCC w/Correction Factor,35620,"New York-Newark-Jersey City, NY-NJ-PA",36,New York,61,New York,40.81976,-73.94825
05/18/2016,AQS,3,4.5,ug/m3 LC,25,CCNY,1,100,88502,Acceptable PM2.5 AQI & Speciation Mass,702,PM2.5 SCC w/Correction Factor,35620,"New York-Newark-Jersey City, NY-NJ-PA",36,New York,61,New York,40.81976,-73.94825
05/19/2016,AQS,3,8,ug/m3 LC,44,CCNY,1,100,88502,Acceptable PM2.5 AQI & Speciation Mass,702,PM2.5 SCC w/Correction Factor,35620,"New York-Newark-Jersey City, NY-NJ-PA",36,New York,61,New York,40.81976,-73.94825
05/20/2016,AQS,3,4.8,ug/m3 LC,27,CCNY,1,100,88502,Acceptable PM2.5 AQI & Speciation Mass,702,PM2.5 SCC w/Correction Factor,35620,"New York-Newark-Jersey City, NY-NJ-PA",36,New York,61,New York,40.81976,-73.94825
05/21/2016,AQS,3,6.5,ug/m3 LC,36,CCNY,1,100,88502,Acceptable PM2.5 AQI & Speciation Mass,702,PM2.5 SCC w/Correction Factor,35620,"New York-Newark-Jersey City, NY-NJ-PA",36,New York,61,New York,40.81976,-73.94825
05/22/2016,AQS,3,5.2,ug/m3 LC,29,CCNY,1,100,88502,Acceptable PM2.5 AQI & Speciation Mass,702,PM2.5 SCC w/Correction Factor,35620,"New York-Newark-Jersey City, NY-NJ-PA",36,New York,61,New York,40.81976,-73.94825
05/23/2016,AQS,3,6.7,ug/m3 LC,37,CCNY,1,100,88502,Acceptable PM2.5 AQI & Speciation Mass,702,PM2.5 SCC w/Correction Factor,35620,"New York-Newark-Jersey City, NY-NJ-PA",36,New York,61,New York,40.81976,-73.94825
05/24/2016,AQS,3,7.3,ug/m3 LC,41,CCNY,1,100,88502,Acceptable PM2.5 AQI & Speciation Mass,702,PM2.5 SCC w/Correction Factor,35620,"New York-Newark-Jersey City, NY-NJ-PA",36,New York,61,New York,40.81976,-73.94825
05/25/2016,AQS,3,14,ug/m3 LC,60,CCNY,1,100,88502,Acceptable PM2.5 AQI & Speciation Mass,702,PM2.5 SCC w/Correction Factor,35620,"New York-Newark-Jersey City, NY-NJ-PA",36,New York,61,New York,40.81976,-73.94825
05/26/2016,AQS,3,19.2,ug/m3 LC,70,CCNY,1,100,88502,Acceptable PM2.5 AQI & Speciation Mass,702,PM2.5 SCC w/Correction Factor,35620,"New York-Newark-Jersey City, NY-NJ-PA",36,New York,61,New York,40.81976,-73.94825
05/27/2016,AQS,3,21.3,ug/m3 LC,74,CCNY,1,100,88502,Acceptable PM2.5 AQI & Speciation Mass,702,PM2.5 SCC w/Correction Factor,35620,"New York-Newark-Jersey City, NY-NJ-PA",36,New York,61,New York,40.81976,-73.94825
05/28/2016,AQS,3,15.3,ug/m3 LC,63,CCNY,1,100,88502,Acceptable PM2.5 AQI & Speciation Mass,702,PM2.5 SCC w/Correction Factor,35620,"New York-Newark-Jersey City, NY-NJ-PA",36,New York,61,New York,40.81976,-73.94825
05/29/2016,AQS,3,6.2,ug/m3 LC,34,CCNY,1,100,88502,Acceptable PM2.5 AQI & Speciation Mass,702,PM2.5 SCC w/Correction Factor,35620,"New York-Newark-Jersey City, NY-NJ-PA",36,New York,61,New York,40.81976,-73.94825
05/30/2016,AQS,3,4,ug/m3 LC,22,CCNY,1,100,88502,Acceptable PM2.5 AQI & Speciation Mass,702,PM2.5 SCC w/Correction Factor,35620,"New York-Newark-Jersey City, NY-NJ-PA",36,New York,61,New York,40.81976,-73.94825
05/31/2016,AQS,3,7.9,ug/m3 LC,44,CCNY,1,100,88502,Acceptable PM2.5 AQI & Speciation Mass,702,PM2.5 SCC w/Correction Factor,35620,"New York-Newark-Jersey City, NY-NJ-PA",36,New York,61,New York,40.81976,-73.94825
06/01/2016,AQS,3,7,ug/m3 LC,39,CCNY,1,100,88502,Acceptable PM2.5 AQI & Speciation Mass,702,PM2.5 SCC w/Correction Factor,35620,"New York-Newark-Jersey City, NY-NJ-PA",36,New York,61,New York,40.81976,-73.94825
06/02/2016,AQS,3,6.5,ug/m3 LC,36,CCNY,1,100,88502,Acceptable PM2.5 AQI & Speciation Mass,702,PM2.5 SCC w/Correction Factor,35620,"New York-Newark-Jersey City, NY-NJ-PA",36,New York,61,New York,40.81976,-73.94825
06/03/2016,AQS,3,8,ug/m3 LC,44,CCNY,1,100,88502,Acceptable PM2.5 AQI & Speciation Mass,702,PM2.5 SCC w/Correction Factor,35620,"New York-Newark-Jersey City, NY-NJ-PA",36,New York,61,New York,40.81976,-73.94825
06/04/2016,AQS,3,10,ug/m3 LC,53,CCNY,1,100,88502,Acceptable PM2.5 AQI & Speciation Mass,702,PM2.5 SCC w/Correction Factor,35620,"New York-Newark-Jersey City, NY-NJ-PA",36,New York,61,New York,40.81976,-73.94825
06/05/2016,AQS,3,3.2,ug/m3 LC,18,CCNY,1,100,88502,Acceptable PM2.5 AQI & Speciation Mass,702,PM2.5 SCC w/Correction Factor,35620,"New York-Newark-Jersey City, NY-NJ-PA",36,New York,61,New York,40.81976,-73.94825
06/06/2016,AQS,3,5.2,ug/m3 LC,29,CCNY,1,100,88502,Acceptable PM2.5 AQI & Speciation Mass,702,PM2.5 SCC w/Correction Factor,35620,"New York-Newark-Jersey City, NY-NJ-PA",36,New York,61,New York,40.81976,-73.94825
06/07/2016,AQS,3,5,ug/m3 LC,28,CCNY,1,100,88502,Acceptable PM2.5 AQI & Speciation Mass,702,PM2.5 SCC w/Correction Factor,35620,"New York-Newark-Jersey City, NY-NJ-PA",36,New York,61,New York,40.81976,-73.94825
06/08/2016,AQS,3,2.5,ug/m3 LC,14,CCNY,1,100,88502,Acceptable PM2.5 AQI & Speciation Mass,702,PM2.5 SCC w/Correction Factor,35620,"New York-Newark-Jersey City, NY-NJ-PA",36,New York,61,New York,40.81976,-73.94825
06/09/2016,AQS,3,2.3,ug/m3 LC,13,CCNY,1,100,88502,Acceptable PM2.5 AQI & Speciation Mass,702,PM2.5 SCC w/Correction Factor,35620,"New York-Newark-Jersey City, NY-NJ-PA",36,New York,61,New York,40.81976,-73.94825
06/10/2016,AQS,3,3.8,ug/m3 LC,21,CCNY,1,100,88502,Acceptable PM2.5 AQI & Speciation Mass,702,PM2.5 SCC w/Correction Factor,35620,"New York-Newark-Jersey City, NY-NJ-PA",36,New York,61,New York,40.81976,-73.94825
06/11/2016,AQS,3,13.3,ug/m3 LC,59,CCNY,1,100,88502,Acceptable PM2.5 AQI & Speciation Mass,702,PM2.5 SCC w/Correction Factor,35620,"New York-Newark-Jersey City, NY-NJ-PA",36,New York,61,New York,40.81976,-73.94825
06/12/2016,AQS,3,7.7,ug/m3 LC,43,CCNY,1,100,88502,Acceptable PM2.5 AQI & Speciation Mass,702,PM2.5 SCC w/Correction Factor,35620,"New York-Newark-Jersey City, NY-NJ-PA",36,New York,61,New York,40.81976,-73.94825
06/13/2016,AQS,3,1.7,ug/m3 LC,9,CCNY,1,100,88502,Acceptable PM2.5 AQI & Speciation Mass,702,PM2.5 SCC w/Correction Factor,35620,"New York-Newark-Jersey City, NY-NJ-PA",36,New York,61,New York,40.81976,-73.94825
06/14/2016,AQS,3,3,ug/m3 LC,17,CCNY,1,100,88502,Acceptable PM2.5 AQI & Speciation Mass,702,PM2.5 SCC w/Correction Factor,35620,"New York-Newark-Jersey City, NY-NJ-PA",36,New York,61,New York,40.81976,-73.94825
06/15/2016,AQS,3,7.3,ug/m3 LC,41,CCNY,1,100,88502,Acceptable PM2.5 AQI & Speciation Mass,702,PM2.5 SCC w/Correction Factor,35620,"New York-Newark-Jersey City, NY-NJ-PA",36,New York,61,New York,40.81976,-73.94825
06/16/2016,AQS,3,13.3,ug/m3 LC,59,CCNY,1,100,88502,Acceptable PM2.5 AQI & Speciation Mass,702,PM2.5 SCC w/Correction Factor,35620,"New York-Newark-Jersey City, NY-NJ-PA",36,New York,61,New York,40.81976,-73.94825
06/17/2016,AQS,3,7.2,ug/m3 LC,40,CCNY,1,100,88502,Acceptable PM2.5 AQI & Speciation Mass,702,PM2.5 SCC w/Correction Factor,35620,"New York-Newark-Jersey City, NY-NJ-PA",36,New York,61,New York,40.81976,-73.94825
06/18/2016,AQS,3,7.2,ug/m3 LC,40,CCNY,1,100,88502,Acceptable PM2.5 AQI & Speciation Mass,702,PM2.5 SCC w/Correction Factor,35620,"New York-Newark-Jersey City, NY-NJ-PA",36,New York,61,New York,40.81976,-73.94825
06/19/2016,AQS,3,8.4,ug/m3 LC,47,CCNY,1,100,88502,Acceptable PM2.5 AQI & Speciation Mass,702,PM2.5 SCC w/Correction Factor,35620,"New York-Newark-Jersey City, NY-NJ-PA",36,New York,61,New York,40.81976,-73.94825
06/20/2016,AQS,3,9.4,ug/m3 LC,52,CCNY,1,100,88502,Acceptable PM2.5 AQI & Speciation Mass,702,PM2.5 SCC w/Correction Factor,35620,"New York-Newark-Jersey City, NY-NJ-PA",36,New York,61,New York,40.81976,-73.94825
06/21/2016,AQS,3,7.6,ug/m3 LC,42,CCNY,1,100,88502,Acceptable PM2.5 AQI & Speciation Mass,702,PM2.5 SCC w/Correction Factor,35620,"New York-Newark-Jersey City, NY-NJ-PA",36,New York,61,New York,40.81976,-73.94825
06/22/2016,AQS,3,6,ug/m3 LC,33,CCNY,1,100,88502,Acceptable PM2.5 AQI & Speciation Mass,702,PM2.5 SCC w/Correction Factor,35620,"New York-Newark-Jersey City, NY-NJ-PA",36,New York,61,New York,40.81976,-73.94825
06/23/2016,AQS,3,13.2,ug/m3 LC,59,CCNY,1,100,88502,Acceptable PM2.5 AQI & Speciation Mass,702,PM2.5 SCC w/Correction Factor,35620,"New York-Newark-Jersey City, NY-NJ-PA",36,New York,61,New York,40.81976,-73.94825
06/24/2016,AQS,3,10.3,ug/m3 LC,53,CCNY,1,100,88502,Acceptable PM2.5 AQI & Speciation Mass,702,PM2.5 SCC w/Correction Factor,35620,"New York-Newark-Jersey City, NY-NJ-PA",36,New York,61,New York,40.81976,-73.94825
06/25/2016,AQS,3,5.2,ug/m3 LC,29,CCNY,1,100,88502,Acceptable PM2.5 AQI & Speciation Mass,702,PM2.5 SCC w/Correction Factor,35620,"New York-Newark-Jersey City, NY-NJ-PA",36,New York,61,New York,40.81976,-73.94825
06/26/2016,AQS,3,7.2,ug/m3 LC,40,CCNY,1,100,88502,Acceptable PM2.5 AQI & Speciation Mass,702,PM2.5 SCC w/Correction Factor,35620,"New York-Newark-Jersey City, NY-NJ-PA",36,New York,61,New York,40.81976,-73.94825
06/27/2016,AQS,3,7.4,ug/m3 LC,41,CCNY,1,100,88502,Acceptable PM2.5 AQI & Speciation Mass,702,PM2.5 SCC w/Correction Factor,35620,"New York-Newark-Jersey City, NY-NJ-PA",36,New York,61,New York,40.81976,-73.94825
06/28/2016,AQS,3,4.5,ug/m3 LC,25,CCNY,1,100,88502,Acceptable PM2.5 AQI & Speciation Mass,702,PM2.5 SCC w/Correction Factor,35620,"New York-Newark-Jersey City, NY-NJ-PA",36,New York,61,New York,40.81976,-73.94825
06/29/2016,AQS,3,4.1,ug/m3 LC,23,CCNY,1,100,88502,Acceptable PM2.5 AQI & Speciation Mass,702,PM2.5 SCC w/Correction Factor,35620,"New York-Newark-Jersey City, NY-NJ-PA",36,New York,61,New York,40.81976,-73.94825
06/30/2016,AQS,3,5.6,ug/m3 LC,31,CCNY,1,100,88502,Acceptable PM2.5 AQI & Speciation Mass,702,PM2.5 SCC w/Correction Factor,35620,"New York-Newark-Jersey City, NY-NJ-PA",36,New York,61,New York,40.81976,-73.94825
07/01/2016,AQS,3,6,ug/m3 LC,33,CCNY,1,100,88502,Acceptable PM2.5 AQI & Speciation Mass,702,PM2.5 SCC w/Correction Factor,35620,"New York-Newark-Jersey City, NY-NJ-PA",36,New York,61,New York,40.81976,-73.94825
07/02/2016,AQS,3,3.5,ug/m3 LC,19,CCNY,1,100,88502,Acceptable PM2.5 AQI & Speciation Mass,702,PM2.5 SCC w/Correction Factor,35620,"New York-Newark-Jersey City, NY-NJ-PA",36,New York,61,New York,40.81976,-73.94825
07/03/2016,AQS,3,6.7,ug/m3 LC,37,CCNY,1,100,88502,Acceptable PM2.5 AQI & Speciation Mass,702,PM2.5 SCC w/Correction Factor,35620,"New York-Newark-Jersey City, NY-NJ-PA",36,New York,61,New York,40.81976,-73.94825
07/04/2016,AQS,3,10.5,ug/m3 LC,54,CCNY,1,100,88502,Acceptable PM2.5 AQI & Speciation Mass,702,PM2.5 SCC w/Correction Factor,35620,"New York-Newark-Jersey City, NY-NJ-PA",36,New York,61,New York,40.81976,-73.94825
07/05/2016,AQS,3,3.3,ug/m3 LC,18,CCNY,1,100,88502,Acceptable PM2.5 AQI & Speciation Mass,702,PM2.5 SCC w/Correction Factor,35620,"New York-Newark-Jersey City, NY-NJ-PA",36,New York,61,New York,40.81976,-73.94825
07/06/2016,AQS,3,11.1,ug/m3 LC,55,CCNY,1,100,88502,Acceptable PM2.5 AQI & Speciation Mass,702,PM2.5 SCC w/Correction Factor,35620,"New York-Newark-Jersey City, NY-NJ-PA",36,New York,61,New York,40.81976,-73.94825
07/07/2016,AQS,3,14.7,ug/m3 LC,61,CCNY,1,100,88502,Acceptable PM2.5 AQI & Speciation Mass,702,PM2.5 SCC w/Correction Factor,35620,"New York-Newark-Jersey City, NY-NJ-PA",36,New York,61,New York,40.81976,-73.94825
07/08/2016,AQS,3,10.1,ug/m3 LC,53,CCNY,1,100,88502,Acceptable PM2.5 AQI & Speciation Mass,702,PM2.5 SCC w/Correction Factor,35620,"New York-Newark-Jersey City, NY-NJ-PA",36,New York,61,New York,40.81976,-73.94825
07/09/2016,AQS,3,3.4,ug/m3 LC,19,CCNY,1,100,88502,Acceptable PM2.5 AQI & Speciation Mass,702,PM2.5 SCC w/Correction Factor,35620,"New York-Newark-Jersey City, NY-NJ-PA",36,New York,61,New York,40.81976,-73.94825
07/10/2016,AQS,3,1.8,ug/m3 LC,10,CCNY,1,100,88502,Acceptable PM2.5 AQI & Speciation Mass,702,PM2.5 SCC w/Correction Factor,35620,"New York-Newark-Jersey City, NY-NJ-PA",36,New York,61,New York,40.81976,-73.94825
07/11/2016,AQS,3,2.4,ug/m3 LC,13,CCNY,1,100,88502,Acceptable PM2.5 AQI & Speciation Mass,702,PM2.5 SCC w/Correction Factor,35620,"New York-Newark-Jersey City, NY-NJ-PA",36,New York,61,New York,40.81976,-73.94825
07/12/2016,AQS,3,5,ug/m3 LC,28,CCNY,1,100,88502,Acceptable PM2.5 AQI & Speciation Mass,702,PM2.5 SCC w/Correction Factor,35620,"New York-Newark-Jersey City, NY-NJ-PA",36,New York,61,New York,40.81976,-73.94825
07/13/2016,AQS,3,6.2,ug/m3 LC,34,CCNY,1,100,88502,Acceptable PM2.5 AQI & Speciation Mass,702,PM2.5 SCC w/Correction Factor,35620,"New York-Newark-Jersey City, NY-NJ-PA",36,New York,61,New York,40.81976,-73.94825
07/16/2016,AQS,3,8.6,ug/m3 LC,48,CCNY,1,100,88502,Acceptable PM2.5 AQI & Speciation Mass,702,PM2.5 SCC w/Correction Factor,35620,"New York-Newark-Jersey City, NY-NJ-PA",36,New York,61,New York,40.81976,-73.94825
07/17/2016,AQS,3,8.5,ug/m3 LC,47,CCNY,1,100,88502,Acceptable PM2.5 AQI & Speciation Mass,702,PM2.5 SCC w/Correction Factor,35620,"New York-Newark-Jersey City, NY-NJ-PA",36,New York,61,New York,40.81976,-73.94825
07/18/2016,AQS,3,11.1,ug/m3 LC,55,CCNY,1,100,88502,Acceptable PM2.5 AQI & Speciation Mass,702,PM2.5 SCC w/Correction Factor,35620,"New York-Newark-Jersey City, NY-NJ-PA",36,New York,61,New York,40.81976,-73.94825
07/19/2016,AQS,3,3.1,ug/m3 LC,17,CCNY,1,100,88502,Acceptable PM2.5 AQI & Speciation Mass,702,PM2.5 SCC w/Correction Factor,35620,"New York-Newark-Jersey City, NY-NJ-PA",36,New York,61,New York,40.81976,-73.94825
07/20/2016,AQS,3,5.4,ug/m3 LC,30,CCNY,1,100,88502,Acceptable PM2.5 AQI & Speciation Mass,702,PM2.5 SCC w/Correction Factor,35620,"New York-Newark-Jersey City, NY-NJ-PA",36,New York,61,New York,40.81976,-73.94825
07/21/2016,AQS,3,8.5,ug/m3 LC,47,CCNY,1,100,88502,Acceptable PM2.5 AQI & Speciation Mass,702,PM2.5 SCC w/Correction Factor,35620,"New York-Newark-Jersey City, NY-NJ-PA",36,New York,61,New York,40.81976,-73.94825
07/22/2016,AQS,3,13.9,ug/m3 LC,60,CCNY,1,100,88502,Acceptable PM2.5 AQI & Speciation Mass,702,PM2.5 SCC w/Correction Factor,35620,"New York-Newark-Jersey City, NY-NJ-PA",36,New York,61,New York,40.81976,-73.94825
07/23/2016,AQS,3,6.5,ug/m3 LC,36,CCNY,1,100,88502,Acceptable PM2.5 AQI & Speciation Mass,702,PM2.5 SCC w/Correction Factor,35620,"New York-Newark-Jersey City, NY-NJ-PA",36,New York,61,New York,40.81976,-73.94825
07/24/2016,AQS,3,7.2,ug/m3 LC,40,CCNY,1,100,88502,Acceptable PM2.5 AQI & Speciation Mass,702,PM2.5 SCC w/Correction Factor,35620,"New York-Newark-Jersey City, NY-NJ-PA",36,New York,61,New York,40.81976,-73.94825
07/25/2016,AQS,3,9.7,ug/m3 LC,52,CCNY,1,100,88502,Acceptable PM2.5 AQI & Speciation Mass,702,PM2.5 SCC w/Correction Factor,35620,"New York-Newark-Jersey City, NY-NJ-PA",36,New York,61,New York,40.81976,-73.94825
07/26/2016,AQS,3,4.4,ug/m3 LC,24,CCNY,1,100,88502,Acceptable PM2.5 AQI & Speciation Mass,702,PM2.5 SCC w/Correction Factor,35620,"New York-Newark-Jersey City, NY-NJ-PA",36,New York,61,New York,40.81976,-73.94825
07/27/2016,AQS,3,7.1,ug/m3 LC,39,CCNY,1,100,88502,Acceptable PM2.5 AQI & Speciation Mass,702,PM2.5 SCC w/Correction Factor,35620,"New York-Newark-Jersey City, NY-NJ-PA",36,New York,61,New York,40.81976,-73.94825
07/28/2016,AQS,3,12.9,ug/m3 LC,58,CCNY,1,100,88502,Acceptable PM2.5 AQI & Speciation Mass,702,PM2.5 SCC w/Correction Factor,35620,"New York-Newark-Jersey City, NY-NJ-PA",36,New York,61,New York,40.81976,-73.94825
07/29/2016,AQS,3,12.4,ug/m3 LC,57,CCNY,1,100,88502,Acceptable PM2.5 AQI & Speciation Mass,702,PM2.5 SCC w/Correction Factor,35620,"New York-Newark-Jersey City, NY-NJ-PA",36,New York,61,New York,40.81976,-73.94825
07/30/2016,AQS,3,16.7,ug/m3 LC,65,CCNY,1,100,88502,Acceptable PM2.5 AQI & Speciation Mass,702,PM2.5 SCC w/Correction Factor,35620,"New York-Newark-Jersey City, NY-NJ-PA",36,New York,61,New York,40.81976,-73.94825
07/31/2016,AQS,3,14,ug/m3 LC,60,CCNY,1,100,88502,Acceptable PM2.5 AQI & Speciation Mass,702,PM2.5 SCC w/Correction Factor,35620,"New York-Newark-Jersey City, NY-NJ-PA",36,New York,61,New York,40.81976,-73.94825
08/04/2016,AQS,3,6.3,ug/m3 LC,35,CCNY,1,100,88502,Acceptable PM2.5 AQI & Speciation Mass,702,PM2.5 SCC w/Correction Factor,35620,"New York-Newark-Jersey City, NY-NJ-PA",36,New York,61,New York,40.81976,-73.94825
08/05/2016,AQS,3,6.4,ug/m3 LC,36,CCNY,1,100,88502,Acceptable PM2.5 AQI & Speciation Mass,702,PM2.5 SCC w/Correction Factor,35620,"New York-Newark-Jersey City, NY-NJ-PA",36,New York,61,New York,40.81976,-73.94825
08/06/2016,AQS,3,6.5,ug/m3 LC,36,CCNY,1,100,88502,Acceptable PM2.5 AQI & Speciation Mass,702,PM2.5 SCC w/Correction Factor,35620,"New York-Newark-Jersey City, NY-NJ-PA",36,New York,61,New York,40.81976,-73.94825
08/07/2016,AQS,3,3.6,ug/m3 LC,20,CCNY,1,100,88502,Acceptable PM2.5 AQI & Speciation Mass,702,PM2.5 SCC w/Correction Factor,35620,"New York-Newark-Jersey City, NY-NJ-PA",36,New York,61,New York,40.81976,-73.94825
08/08/2016,AQS,3,6.3,ug/m3 LC,35,CCNY,1,100,88502,Acceptable PM2.5 AQI & Speciation Mass,702,PM2.5 SCC w/Correction Factor,35620,"New York-Newark-Jersey City, NY-NJ-PA",36,New York,61,New York,40.81976,-73.94825
08/09/2016,AQS,3,7.8,ug/m3 LC,43,CCNY,1,100,88502,Acceptable PM2.5 AQI & Speciation Mass,702,PM2.5 SCC w/Correction Factor,35620,"New York-Newark-Jersey City, NY-NJ-PA",36,New York,61,New York,40.81976,-73.94825
08/10/2016,AQS,3,8.2,ug/m3 LC,46,CCNY,1,100,88502,Acceptable PM2.5 AQI & Speciation Mass,702,PM2.5 SCC w/Correction Factor,35620,"New York-Newark-Jersey City, NY-NJ-PA",36,New York,61,New York,40.81976,-73.94825
08/11/2016,AQS,3,9.7,ug/m3 LC,52,CCNY,1,100,88502,Acceptable PM2.5 AQI & Speciation Mass,702,PM2.5 SCC w/Correction Factor,35620,"New York-Newark-Jersey City, NY-NJ-PA",36,New York,61,New York,40.81976,-73.94825
08/12/2016,AQS,3,8.9,ug/m3 LC,49,CCNY,1,100,88502,Acceptable PM2.5 AQI & Speciation Mass,702,PM2.5 SCC w/Correction Factor,35620,"New York-Newark-Jersey City, NY-NJ-PA",36,New York,61,New York,40.81976,-73.94825
08/13/2016,AQS,3,11.5,ug/m3 LC,55,CCNY,1,100,88502,Acceptable PM2.5 AQI & Speciation Mass,702,PM2.5 SCC w/Correction Factor,35620,"New York-Newark-Jersey City, NY-NJ-PA",36,New York,61,New York,40.81976,-73.94825
08/14/2016,AQS,3,6.8,ug/m3 LC,38,CCNY,1,100,88502,Acceptable PM2.5 AQI & Speciation Mass,702,PM2.5 SCC w/Correction Factor,35620,"New York-Newark-Jersey City, NY-NJ-PA",36,New York,61,New York,40.81976,-73.94825
08/15/2016,AQS,3,5,ug/m3 LC,28,CCNY,1,100,88502,Acceptable PM2.5 AQI & Speciation Mass,702,PM2.5 SCC w/Correction Factor,35620,"New York-Newark-Jersey City, NY-NJ-PA",36,New York,61,New York,40.81976,-73.94825
08/16/2016,AQS,3,9.2,ug/m3 LC,51,CCNY,1,100,88502,Acceptable PM2.5 AQI & Speciation Mass,702,PM2.5 SCC w/Correction Factor,35620,"New York-Newark-Jersey City, NY-NJ-PA",36,New York,61,New York,40.81976,-73.94825
08/17/2016,AQS,3,2.1,ug/m3 LC,12,CCNY,1,100,88502,Acceptable PM2.5 AQI & Speciation Mass,702,PM2.5 SCC w/Correction Factor,35620,"New York-Newark-Jersey City, NY-NJ-PA",36,New York,61,New York,40.81976,-73.94825
08/18/2016,AQS,3,5.4,ug/m3 LC,30,CCNY,1,100,88502,Acceptable PM2.5 AQI & Speciation Mass,702,PM2.5 SCC w/Correction Factor,35620,"New York-Newark-Jersey City, NY-NJ-PA",36,New York,61,New York,40.81976,-73.94825
08/19/2016,AQS,3,8.8,ug/m3 LC,49,CCNY,1,100,88502,Acceptable PM2.5 AQI & Speciation Mass,702,PM2.5 SCC w/Correction Factor,35620,"New York-Newark-Jersey City, NY-NJ-PA",36,New York,61,New York,40.81976,-73.94825
08/20/2016,AQS,3,7.8,ug/m3 LC,43,CCNY,1,100,88502,Acceptable PM2.5 AQI & Speciation Mass,702,PM2.5 SCC w/Correction Factor,35620,"New York-Newark-Jersey City, NY-NJ-PA",36,New York,61,New York,40.81976,-73.94825
08/21/2016,AQS,3,5.3,ug/m3 LC,29,CCNY,1,100,88502,Acceptable PM2.5 AQI & Speciation Mass,702,PM2.5 SCC w/Correction Factor,35620,"New York-Newark-Jersey City, NY-NJ-PA",36,New York,61,New York,40.81976,-73.94825
08/22/2016,AQS,3,2.8,ug/m3 LC,16,CCNY,1,100,88502,Acceptable PM2.5 AQI & Speciation Mass,702,PM2.5 SCC w/Correction Factor,35620,"New York-Newark-Jersey City, NY-NJ-PA",36,New York,61,New York,40.81976,-73.94825
08/23/2016,AQS,3,5.2,ug/m3 LC,29,CCNY,1,100,88502,Acceptable PM2.5 AQI & Speciation Mass,702,PM2.5 SCC w/Correction Factor,35620,"New York-Newark-Jersey City, NY-NJ-PA",36,New York,61,New York,40.81976,-73.94825
08/24/2016,AQS,3,10.2,ug/m3 LC,53,CCNY,1,100,88502,Acceptable PM2.5 AQI & Speciation Mass,702,PM2.5 SCC w/Correction Factor,35620,"New York-Newark-Jersey City, NY-NJ-PA",36,New York,61,New York,40.81976,-73.94825
08/25/2016,AQS,3,10.2,ug/m3 LC,53,CCNY,1,100,88502,Acceptable PM2.5 AQI & Speciation Mass,702,PM2.5 SCC w/Correction Factor,35620,"New York-Newark-Jersey City, NY-NJ-PA",36,New York,61,New York,40.81976,-73.94825
08/26/2016,AQS,3,10,ug/m3 LC,53,CCNY,1,100,88502,Acceptable PM2.5 AQI & Speciation Mass,702,PM2.5 SCC w/Correction Factor,35620,"New York-Newark-Jersey City, NY-NJ-PA",36,New York,61,New York,40.81976,-73.94825
08/27/2016,AQS,3,6.9,ug/m3 LC,38,CCNY,1,100,88502,Acceptable PM2.5 AQI & Speciation Mass,702,PM2.5 SCC w/Correction Factor,35620,"New York-Newark-Jersey City, NY-NJ-PA",36,New York,61,New York,40.81976,-73.94825
08/28/2016,AQS,3,6.6,ug/m3 LC,37,CCNY,1,100,88502,Acceptable PM2.5 AQI & Speciation Mass,702,PM2.5 SCC w/Correction Factor,35620,"New York-Newark-Jersey City, NY-NJ-PA",36,New York,61,New York,40.81976,-73.94825
08/29/2016,AQS,3,5.4,ug/m3 LC,30,CCNY,1,100,88502,Acceptable PM2.5 AQI & Speciation Mass,702,PM2.5 SCC w/Correction Factor,35620,"New York-Newark-Jersey City, NY-NJ-PA",36,New York,61,New York,40.81976,-73.94825
08/30/2016,AQS,3,5.3,ug/m3 LC,29,CCNY,1,100,88502,Acceptable PM2.5 AQI & Speciation Mass,702,PM2.5 SCC w/Correction Factor,35620,"New York-Newark-Jersey City, NY-NJ-PA",36,New York,61,New York,40.81976,-73.94825
08/31/2016,AQS,3,10.4,ug/m3 LC,53,CCNY,1,100,88502,Acceptable PM2.5 AQI & Speciation Mass,702,PM2.5 SCC w/Correction Factor,35620,"New York-Newark-Jersey City, NY-NJ-PA",36,New York,61,New York,40.81976,-73.94825
09/01/2016,AQS,3,12.2,ug/m3 LC,57,CCNY,1,100,88502,Acceptable PM2.5 AQI & Speciation Mass,702,PM2.5 SCC w/Correction Factor,35620,"New York-Newark-Jersey City, NY-NJ-PA",36,New York,61,New York,40.81976,-73.94825
09/02/2016,AQS,3,3.1,ug/m3 LC,17,CCNY,1,100,88502,Acceptable PM2.5 AQI & Speciation Mass,702,PM2.5 SCC w/Correction Factor,35620,"New York-Newark-Jersey City, NY-NJ-PA",36,New York,61,New York,40.81976,-73.94825
09/03/2016,AQS,3,5.5,ug/m3 LC,31,CCNY,1,100,88502,Acceptable PM2.5 AQI & Speciation Mass,702,PM2.5 SCC w/Correction Factor,35620,"New York-Newark-Jersey City, NY-NJ-PA",36,New York,61,New York,40.81976,-73.94825
09/04/2016,AQS,3,4,ug/m3 LC,22,CCNY,1,100,88502,Acceptable PM2.5 AQI & Speciation Mass,702,PM2.5 SCC w/Correction Factor,35620,"New York-Newark-Jersey City, NY-NJ-PA",36,New York,61,New York,40.81976,-73.94825
09/05/2016,AQS,3,4.2,ug/m3 LC,23,CCNY,1,100,88502,Acceptable PM2.5 AQI & Speciation Mass,702,PM2.5 SCC w/Correction Factor,35620,"New York-Newark-Jersey City, NY-NJ-PA",36,New York,61,New York,40.81976,-73.94825
09/06/2016,AQS,3,4,ug/m3 LC,22,CCNY,1,100,88502,Acceptable PM2.5 AQI & Speciation Mass,702,PM2.5 SCC w/Correction Factor,35620,"New York-Newark-Jersey City, NY-NJ-PA",36,New York,61,New York,40.81976,-73.94825
09/07/2016,AQS,3,6.1,ug/m3 LC,34,CCNY,1,100,88502,Acceptable PM2.5 AQI & Speciation Mass,702,PM2.5 SCC w/Correction Factor,35620,"New York-Newark-Jersey City, NY-NJ-PA",36,New York,61,New York,40.81976,-73.94825
09/08/2016,AQS,3,14.5,ug/m3 LC,61,CCNY,1,100,88502,Acceptable PM2.5 AQI & Speciation Mass,702,PM2.5 SCC w/Correction Factor,35620,"New York-Newark-Jersey City, NY-NJ-PA",36,New York,61,New York,40.81976,-73.94825
09/09/2016,AQS,3,11,ug/m3 LC,55,CCNY,1,100,88502,Acceptable PM2.5 AQI & Speciation Mass,702,PM2.5 SCC w/Correction Factor,35620,"New York-Newark-Jersey City, NY-NJ-PA",36,New York,61,New York,40.81976,-73.94825
09/10/2016,AQS,3,16,ug/m3 LC,64,CCNY,1,100,88502,Acceptable PM2.5 AQI & Speciation Mass,702,PM2.5 SCC w/Correction Factor,35620,"New York-Newark-Jersey City, NY-NJ-PA",36,New York,61,New York,40.81976,-73.94825
09/11/2016,AQS,3,6.8,ug/m3 LC,38,CCNY,1,100,88502,Acceptable PM2.5 AQI & Speciation Mass,702,PM2.5 SCC w/Correction Factor,35620,"New York-Newark-Jersey City, NY-NJ-PA",36,New York,61,New York,40.81976,-73.94825
09/12/2016,AQS,3,4.3,ug/m3 LC,24,CCNY,1,100,88502,Acceptable PM2.5 AQI & Speciation Mass,702,PM2.5 SCC w/Correction Factor,35620,"New York-Newark-Jersey City, NY-NJ-PA",36,New York,61,New York,40.81976,-73.94825
09/13/2016,AQS,3,5.7,ug/m3 LC,32,CCNY,1,100,88502,Acceptable PM2.5 AQI & Speciation Mass,702,PM2.5 SCC w/Correction Factor,35620,"New York-Newark-Jersey City, NY-NJ-PA",36,New York,61,New York,40.81976,-73.94825
09/14/2016,AQS,3,9.2,ug/m3 LC,51,CCNY,1,100,88502,Acceptable PM2.5 AQI & Speciation Mass,702,PM2.5 SCC w/Correction Factor,35620,"New York-Newark-Jersey City, NY-NJ-PA",36,New York,61,New York,40.81976,-73.94825
09/15/2016,AQS,3,2,ug/m3 LC,11,CCNY,1,100,88502,Acceptable PM2.5 AQI & Speciation Mass,702,PM2.5 SCC w/Correction Factor,35620,"New York-Newark-Jersey City, NY-NJ-PA",36,New York,61,New York,40.81976,-73.94825
09/16/2016,AQS,3,3.3,ug/m3 LC,18,CCNY,1,100,88502,Acceptable PM2.5 AQI & Speciation Mass,702,PM2.5 SCC w/Correction Factor,35620,"New York-Newark-Jersey City, NY-NJ-PA",36,New York,61,New York,40.81976,-73.94825
09/17/2016,AQS,3,4.5,ug/m3 LC,25,CCNY,1,100,88502,Acceptable PM2.5 AQI & Speciation Mass,702,PM2.5 SCC w/Correction Factor,35620,"New York-Newark-Jersey City, NY-NJ-PA",36,New York,61,New York,40.81976,-73.94825
09/18/2016,AQS,3,8.2,ug/m3 LC,46,CCNY,1,100,88502,Acceptable PM2.5 AQI & Speciation Mass,702,PM2.5 SCC w/Correction Factor,35620,"New York-Newark-Jersey City, NY-NJ-PA",36,New York,61,New York,40.81976,-73.94825
09/19/2016,AQS,3,6.2,ug/m3 LC,34,CCNY,1,100,88502,Acceptable PM2.5 AQI & Speciation Mass,702,PM2.5 SCC w/Correction Factor,35620,"New York-Newark-Jersey City, NY-NJ-PA",36,New York,61,New York,40.81976,-73.94825
09/20/2016,AQS,3,6.9,ug/m3 LC,38,CCNY,1,100,88502,Acceptable PM2.5 AQI & Speciation Mass,702,PM2.5 SCC w/Correction Factor,35620,"New York-Newark-Jersey City, NY-NJ-PA",36,New York,61,New York,40.81976,-73.94825
09/21/2016,AQS,3,6.4,ug/m3 LC,36,CCNY,1,100,88502,Acceptable PM2.5 AQI & Speciation Mass,702,PM2.5 SCC w/Correction Factor,35620,"New York-Newark-Jersey City, NY-NJ-PA",36,New York,61,New York,40.81976,-73.94825
09/22/2016,AQS,3,6.8,ug/m3 LC,38,CCNY,1,100,88502,Acceptable PM2.5 AQI & Speciation Mass,702,PM2.5 SCC w/Correction Factor,35620,"New York-Newark-Jersey City, NY-NJ-PA",36,New York,61,New York,40.81976,-73.94825
09/23/2016,AQS,3,11.8,ug/m3 LC,56,CCNY,1,100,88502,Acceptable PM2.5 AQI & Speciation Mass,702,PM2.5 SCC w/Correction Factor,35620,"New York-Newark-Jersey City, NY-NJ-PA",36,New York,61,New York,40.81976,-73.94825
09/24/2016,AQS,3,3,ug/m3 LC,17,CCNY,1,100,88502,Acceptable PM2.5 AQI & Speciation Mass,702,PM2.5 SCC w/Correction Factor,35620,"New York-Newark-Jersey City, NY-NJ-PA",36,New York,61,New York,40.81976,-73.94825
09/25/2016,AQS,3,3.4,ug/m3 LC,19,CCNY,1,100,88502,Acceptable PM2.5 AQI & Speciation Mass,702,PM2.5 SCC w/Correction Factor,35620,"New York-Newark-Jersey City, NY-NJ-PA",36,New York,61,New York,40.81976,-73.94825
09/26/2016,AQS,3,4.9,ug/m3 LC,27,CCNY,1,100,88502,Acceptable PM2.5 AQI & Speciation Mass,702,PM2.5 SCC w/Correction Factor,35620,"New York-Newark-Jersey City, NY-NJ-PA",36,New York,61,New York,40.81976,-73.94825
09/27/2016,AQS,3,7.3,ug/m3 LC,41,CCNY,1,100,88502,Acceptable PM2.5 AQI & Speciation Mass,702,PM2.5 SCC w/Correction Factor,35620,"New York-Newark-Jersey City, NY-NJ-PA",36,New York,61,New York,40.81976,-73.94825
09/28/2016,AQS,3,7.2,ug/m3 LC,40,CCNY,1,100,88502,Acceptable PM2.5 AQI & Speciation Mass,702,PM2.5 SCC w/Correction Factor,35620,"New York-Newark-Jersey City, NY-NJ-PA",36,New York,61,New York,40.81976,-73.94825
09/29/2016,AQS,3,5.2,ug/m3 LC,29,CCNY,1,100,88502,Acceptable PM2.5 AQI & Speciation Mass,702,PM2.5 SCC w/Correction Factor,35620,"New York-Newark-Jersey City, NY-NJ-PA",36,New York,61,New York,40.81976,-73.94825
09/30/2016,AQS,3,4.5,ug/m3 LC,25,CCNY,1,100,88502,Acceptable PM2.5 AQI & Speciation Mass,702,PM2.5 SCC w/Correction Factor,35620,"New York-Newark-Jersey City, NY-NJ-PA",36,New York,61,New York,40.81976,-73.94825
10/01/2016,AQS,3,2.9,ug/m3 LC,16,CCNY,1,100,88502,Acceptable PM2.5 AQI & Speciation Mass,702,PM2.5 SCC w/Correction Factor,35620,"New York-Newark-Jersey City, NY-NJ-PA",36,New York,61,New York,40.81976,-73.94825
10/02/2016,AQS,3,5.7,ug/m3 LC,32,CCNY,1,100,88502,Acceptable PM2.5 AQI & Speciation Mass,702,PM2.5 SCC w/Correction Factor,35620,"New York-Newark-Jersey City, NY-NJ-PA",36,New York,61,New York,40.81976,-73.94825
10/03/2016,AQS,3,9.2,ug/m3 LC,51,CCNY,1,100,88502,Acceptable PM2.5 AQI & Speciation Mass,702,PM2.5 SCC w/Correction Factor,35620,"New York-Newark-Jersey City, NY-NJ-PA",36,New York,61,New York,40.81976,-73.94825
10/04/2016,AQS,3,6.3,ug/m3 LC,35,CCNY,1,100,88502,Acceptable PM2.5 AQI & Speciation Mass,702,PM2.5 SCC w/Correction Factor,35620,"New York-Newark-Jersey City, NY-NJ-PA",36,New York,61,New York,40.81976,-73.94825
10/05/2016,AQS,3,6.5,ug/m3 LC,36,CCNY,1,100,88502,Acceptable PM2.5 AQI & Speciation Mass,702,PM2.5 SCC w/Correction Factor,35620,"New York-Newark-Jersey City, NY-NJ-PA",36,New York,61,New York,40.81976,-73.94825
10/06/2016,AQS,3,9.5,ug/m3 LC,52,CCNY,1,100,88502,Acceptable PM2.5 AQI & Speciation Mass,702,PM2.5 SCC w/Correction Factor,35620,"New York-Newark-Jersey City, NY-NJ-PA",36,New York,61,New York,40.81976,-73.94825
10/07/2016,AQS,3,9.6,ug/m3 LC,52,CCNY,1,100,88502,Acceptable PM2.5 AQI & Speciation Mass,702,PM2.5 SCC w/Correction Factor,35620,"New York-Newark-Jersey City, NY-NJ-PA",36,New York,61,New York,40.81976,-73.94825
10/08/2016,AQS,3,8.2,ug/m3 LC,46,CCNY,1,100,88502,Acceptable PM2.5 AQI & Speciation Mass,702,PM2.5 SCC w/Correction Factor,35620,"New York-Newark-Jersey City, NY-NJ-PA",36,New York,61,New York,40.81976,-73.94825
10/09/2016,AQS,3,3.7,ug/m3 LC,21,CCNY,1,100,88502,Acceptable PM2.5 AQI & Speciation Mass,702,PM2.5 SCC w/Correction Factor,35620,"New York-Newark-Jersey City, NY-NJ-PA",36,New York,61,New York,40.81976,-73.94825
10/10/2016,AQS,3,3.9,ug/m3 LC,22,CCNY,1,100,88502,Acceptable PM2.5 AQI & Speciation Mass,702,PM2.5 SCC w/Correction Factor,35620,"New York-Newark-Jersey City, NY-NJ-PA",36,New York,61,New York,40.81976,-73.94825
10/11/2016,AQS,3,5.9,ug/m3 LC,33,CCNY,1,100,88502,Acceptable PM2.5 AQI & Speciation Mass,702,PM2.5 SCC w/Correction Factor,35620,"New York-Newark-Jersey City, NY-NJ-PA",36,New York,61,New York,40.81976,-73.94825
10/12/2016,AQS,3,8.3,ug/m3 LC,46,CCNY,1,100,88502,Acceptable PM2.5 AQI & Speciation Mass,702,PM2.5 SCC w/Correction Factor,35620,"New York-Newark-Jersey City, NY-NJ-PA",36,New York,61,New York,40.81976,-73.94825
10/13/2016,AQS,3,8,ug/m3 LC,44,CCNY,1,100,88502,Acceptable PM2.5 AQI & Speciation Mass,702,PM2.5 SCC w/Correction Factor,35620,"New York-Newark-Jersey City, NY-NJ-PA",36,New York,61,New York,40.81976,-73.94825
10/14/2016,AQS,3,4,ug/m3 LC,22,CCNY,1,100,88502,Acceptable PM2.5 AQI & Speciation Mass,702,PM2.5 SCC w/Correction Factor,35620,"New York-Newark-Jersey City, NY-NJ-PA",36,New York,61,New York,40.81976,-73.94825
10/15/2016,AQS,3,4.6,ug/m3 LC,26,CCNY,1,100,88502,Acceptable PM2.5 AQI & Speciation Mass,702,PM2.5 SCC w/Correction Factor,35620,"New York-Newark-Jersey City, NY-NJ-PA",36,New York,61,New York,40.81976,-73.94825
10/16/2016,AQS,3,7.5,ug/m3 LC,42,CCNY,1,100,88502,Acceptable PM2.5 AQI & Speciation Mass,702,PM2.5 SCC w/Correction Factor,35620,"New York-Newark-Jersey City, NY-NJ-PA",36,New York,61,New York,40.81976,-73.94825
10/17/2016,AQS,3,13.9,ug/m3 LC,60,CCNY,1,100,88502,Acceptable PM2.5 AQI & Speciation Mass,702,PM2.5 SCC w/Correction Factor,35620,"New York-Newark-Jersey City, NY-NJ-PA",36,New York,61,New York,40.81976,-73.94825
10/18/2016,AQS,3,17.3,ug/m3 LC,66,CCNY,1,100,88502,Acceptable PM2.5 AQI & Speciation Mass,702,PM2.5 SCC w/Correction Factor,35620,"New York-Newark-Jersey City, NY-NJ-PA",36,New York,61,New York,40.81976,-73.94825
10/20/2016,AQS,3,8.7,ug/m3 LC,48,CCNY,1,100,88502,Acceptable PM2.5 AQI & Speciation Mass,702,PM2.5 SCC w/Correction Factor,35620,"New York-Newark-Jersey City, NY-NJ-PA",36,New York,61,New York,40.81976,-73.94825
10/21/2016,AQS,3,5.5,ug/m3 LC,31,CCNY,1,100,88502,Acceptable PM2.5 AQI & Speciation Mass,702,PM2.5 SCC w/Correction Factor,35620,"New York-Newark-Jersey City, NY-NJ-PA",36,New York,61,New York,40.81976,-73.94825
10/22/2016,AQS,3,3.5,ug/m3 LC,19,CCNY,1,100,88502,Acceptable PM2.5 AQI & Speciation Mass,702,PM2.5 SCC w/Correction Factor,35620,"New York-Newark-Jersey City, NY-NJ-PA",36,New York,61,New York,40.81976,-73.94825
10/23/2016,AQS,3,5.7,ug/m3 LC,32,CCNY,1,100,88502,Acceptable PM2.5 AQI & Speciation Mass,702,PM2.5 SCC w/Correction Factor,35620,"New York-Newark-Jersey City, NY-NJ-PA",36,New York,61,New York,40.81976,-73.94825
10/24/2016,AQS,3,7.7,ug/m3 LC,43,CCNY,1,100,88502,Acceptable PM2.5 AQI & Speciation Mass,702,PM2.5 SCC w/Correction Factor,35620,"New York-Newark-Jersey City, NY-NJ-PA",36,New York,61,New York,40.81976,-73.94825
10/25/2016,AQS,3,5.2,ug/m3 LC,29,CCNY,1,100,88502,Acceptable PM2.5 AQI & Speciation Mass,702,PM2.5 SCC w/Correction Factor,35620,"New York-Newark-Jersey City, NY-NJ-PA",36,New York,61,New York,40.81976,-73.94825
10/26/2016,AQS,3,4.6,ug/m3 LC,26,CCNY,1,100,88502,Acceptable PM2.5 AQI & Speciation Mass,702,PM2.5 SCC w/Correction Factor,35620,"New York-Newark-Jersey City, NY-NJ-PA",36,New York,61,New York,40.81976,-73.94825
10/27/2016,AQS,3,6.4,ug/m3 LC,36,CCNY,1,100,88502,Acceptable PM2.5 AQI & Speciation Mass,702,PM2.5 SCC w/Correction Factor,35620,"New York-Newark-Jersey City, NY-NJ-PA",36,New York,61,New York,40.81976,-73.94825
10/28/2016,AQS,3,4.8,ug/m3 LC,27,CCNY,1,100,88502,Acceptable PM2.5 AQI & Speciation Mass,702,PM2.5 SCC w/Correction Factor,35620,"New York-Newark-Jersey City, NY-NJ-PA",36,New York,61,New York,40.81976,-73.94825
10/29/2016,AQS,3,8.6,ug/m3 LC,48,CCNY,1,100,88502,Acceptable PM2.5 AQI & Speciation Mass,702,PM2.5 SCC w/Correction Factor,35620,"New York-Newark-Jersey City, NY-NJ-PA",36,New York,61,New York,40.81976,-73.94825
10/30/2016,AQS,3,14.4,ug/m3 LC,61,CCNY,1,100,88502,Acceptable PM2.5 AQI & Speciation Mass,702,PM2.5 SCC w/Correction Factor,35620,"New York-Newark-Jersey City, NY-NJ-PA",36,New York,61,New York,40.81976,-73.94825
10/31/2016,AQS,3,4.5,ug/m3 LC,25,CCNY,1,100,88502,Acceptable PM2.5 AQI & Speciation Mass,702,PM2.5 SCC w/Correction Factor,35620,"New York-Newark-Jersey City, NY-NJ-PA",36,New York,61,New York,40.81976,-73.94825
11/01/2016,AQS,3,7.9,ug/m3 LC,44,CCNY,1,100,88502,Acceptable PM2.5 AQI & Speciation Mass,702,PM2.5 SCC w/Correction Factor,35620,"New York-Newark-Jersey City, NY-NJ-PA",36,New York,61,New York,40.81976,-73.94825
11/02/2016,AQS,3,12.6,ug/m3 LC,58,CCNY,1,100,88502,Acceptable PM2.5 AQI & Speciation Mass,702,PM2.5 SCC w/Correction Factor,35620,"New York-Newark-Jersey City, NY-NJ-PA",36,New York,61,New York,40.81976,-73.94825
11/03/2016,AQS,3,12.6,ug/m3 LC,58,CCNY,1,100,88502,Acceptable PM2.5 AQI & Speciation Mass,702,PM2.5 SCC w/Correction Factor,35620,"New York-Newark-Jersey City, NY-NJ-PA",36,New York,61,New York,40.81976,-73.94825
11/04/2016,AQS,3,5.6,ug/m3 LC,31,CCNY,1,100,88502,Acceptable PM2.5 AQI & Speciation Mass,702,PM2.5 SCC w/Correction Factor,35620,"New York-Newark-Jersey City, NY-NJ-PA",36,New York,61,New York,40.81976,-73.94825
11/05/2016,AQS,3,7.1,ug/m3 LC,39,CCNY,1,100,88502,Acceptable PM2.5 AQI & Speciation Mass,702,PM2.5 SCC w/Correction Factor,35620,"New York-Newark-Jersey City, NY-NJ-PA",36,New York,61,New York,40.81976,-73.94825
11/06/2016,AQS,3,6.1,ug/m3 LC,34,CCNY,1,100,88502,Acceptable PM2.5 AQI & Speciation Mass,702,PM2.5 SCC w/Correction Factor,35620,"New York-Newark-Jersey City, NY-NJ-PA",36,New York,61,New York,40.81976,-73.94825
11/07/2016,AQS,3,5,ug/m3 LC,28,CCNY,1,100,88502,Acceptable PM2.5 AQI & Speciation Mass,702,PM2.5 SCC w/Correction Factor,35620,"New York-Newark-Jersey City, NY-NJ-PA",36,New York,61,New York,40.81976,-73.94825
11/08/2016,AQS,3,9.7,ug/m3 LC,52,CCNY,1,100,88502,Acceptable PM2.5 AQI & Speciation Mass,702,PM2.5 SCC w/Correction Factor,35620,"New York-Newark-Jersey City, NY-NJ-PA",36,New York,61,New York,40.81976,-73.94825
11/09/2016,AQS,3,13.3,ug/m3 LC,59,CCNY,1,100,88502,Acceptable PM2.5 AQI & Speciation Mass,702,PM2.5 SCC w/Correction Factor,35620,"New York-Newark-Jersey City, NY-NJ-PA",36,New York,61,New York,40.81976,-73.94825
11/10/2016,AQS,3,5.3,ug/m3 LC,29,CCNY,1,100,88502,Acceptable PM2.5 AQI & Speciation Mass,702,PM2.5 SCC w/Correction Factor,35620,"New York-Newark-Jersey City, NY-NJ-PA",36,New York,61,New York,40.81976,-73.94825
11/11/2016,AQS,3,7.5,ug/m3 LC,42,CCNY,1,100,88502,Acceptable PM2.5 AQI & Speciation Mass,702,PM2.5 SCC w/Correction Factor,35620,"New York-Newark-Jersey City, NY-NJ-PA",36,New York,61,New York,40.81976,-73.94825
11/12/2016,AQS,3,5.3,ug/m3 LC,29,CCNY,1,100,88502,Acceptable PM2.5 AQI & Speciation Mass,702,PM2.5 SCC w/Correction Factor,35620,"New York-Newark-Jersey City, NY-NJ-PA",36,New York,61,New York,40.81976,-73.94825
11/13/2016,AQS,3,8.7,ug/m3 LC,48,CCNY,1,100,88502,Acceptable PM2.5 AQI & Speciation Mass,702,PM2.5 SCC w/Correction Factor,35620,"New York-Newark-Jersey City, NY-NJ-PA",36,New York,61,New York,40.81976,-73.94825
11/14/2016,AQS,3,12.9,ug/m3 LC,58,CCNY,1,100,88502,Acceptable PM2.5 AQI & Speciation Mass,702,PM2.5 SCC w/Correction Factor,35620,"New York-Newark-Jersey City, NY-NJ-PA",36,New York,61,New York,40.81976,-73.94825
11/15/2016,AQS,3,9.7,ug/m3 LC,52,CCNY,1,100,88502,Acceptable PM2.5 AQI & Speciation Mass,702,PM2.5 SCC w/Correction Factor,35620,"New York-Newark-Jersey City, NY-NJ-PA",36,New York,61,New York,40.81976,-73.94825
11/16/2016,AQS,3,12.9,ug/m3 LC,58,CCNY,1,100,88502,Acceptable PM2.5 AQI & Speciation Mass,702,PM2.5 SCC w/Correction Factor,35620,"New York-Newark-Jersey City, NY-NJ-PA",36,New York,61,New York,40.81976,-73.94825
11/17/2016,AQS,3,13.4,ug/m3 LC,59,CCNY,1,100,88502,Acceptable PM2.5 AQI & Speciation Mass,702,PM2.5 SCC w/Correction Factor,35620,"New York-Newark-Jersey City, NY-NJ-PA",36,New York,61,New York,40.81976,-73.94825
11/18/2016,AQS,3,12.5,ug/m3 LC,57,CCNY,1,100,88502,Acceptable PM2.5 AQI & Speciation Mass,702,PM2.5 SCC w/Correction Factor,35620,"New York-Newark-Jersey City, NY-NJ-PA",36,New York,61,New York,40.81976,-73.94825
11/19/2016,AQS,3,9.6,ug/m3 LC,52,CCNY,1,100,88502,Acceptable PM2.5 AQI & Speciation Mass,702,PM2.5 SCC w/Correction Factor,35620,"New York-Newark-Jersey City, NY-NJ-PA",36,New York,61,New York,40.81976,-73.94825
11/20/2016,AQS,3,3.6,ug/m3 LC,20,CCNY,1,100,88502,Acceptable PM2.5 AQI & Speciation Mass,702,PM2.5 SCC w/Correction Factor,35620,"New York-Newark-Jersey City, NY-NJ-PA",36,New York,61,New York,40.81976,-73.94825
11/21/2016,AQS,3,4.9,ug/m3 LC,27,CCNY,1,100,88502,Acceptable PM2.5 AQI & Speciation Mass,702,PM2.5 SCC w/Correction Factor,35620,"New York-Newark-Jersey City, NY-NJ-PA",36,New York,61,New York,40.81976,-73.94825
11/22/2016,AQS,3,6.8,ug/m3 LC,38,CCNY,1,100,88502,Acceptable PM2.5 AQI & Speciation Mass,702,PM2.5 SCC w/Correction Factor,35620,"New York-Newark-Jersey City, NY-NJ-PA",36,New York,61,New York,40.81976,-73.94825
11/23/2016,AQS,3,7.9,ug/m3 LC,44,CCNY,1,100,88502,Acceptable PM2.5 AQI & Speciation Mass,702,PM2.5 SCC w/Correction Factor,35620,"New York-Newark-Jersey City, NY-NJ-PA",36,New York,61,New York,40.81976,-73.94825
11/24/2016,AQS,3,9.6,ug/m3 LC,52,CCNY,1,100,88502,Acceptable PM2.5 AQI & Speciation Mass,702,PM2.5 SCC w/Correction Factor,35620,"New York-Newark-Jersey City, NY-NJ-PA",36,New York,61,New York,40.81976,-73.94825
11/25/2016,AQS,3,16.9,ug/m3 LC,66,CCNY,1,100,88502,Acceptable PM2.5 AQI & Speciation Mass,702,PM2.5 SCC w/Correction Factor,35620,"New York-Newark-Jersey City, NY-NJ-PA",36,New York,61,New York,40.81976,-73.94825
11/26/2016,AQS,3,10,ug/m3 LC,53,CCNY,1,100,88502,Acceptable PM2.5 AQI & Speciation Mass,702,PM2.5 SCC w/Correction Factor,35620,"New York-Newark-Jersey City, NY-NJ-PA",36,New York,61,New York,40.81976,-73.94825
11/27/2016,AQS,3,7,ug/m3 LC,39,CCNY,1,100,88502,Acceptable PM2.5 AQI & Speciation Mass,702,PM2.5 SCC w/Correction Factor,35620,"New York-Newark-Jersey City, NY-NJ-PA",36,New York,61,New York,40.81976,-73.94825
11/28/2016,AQS,3,10.9,ug/m3 LC,54,CCNY,1,100,88502,Acceptable PM2.5 AQI & Speciation Mass,702,PM2.5 SCC w/Correction Factor,35620,"New York-Newark-Jersey City, NY-NJ-PA",36,New York,61,New York,40.81976,-73.94825
11/29/2016,AQS,3,8.9,ug/m3 LC,49,CCNY,1,100,88502,Acceptable PM2.5 AQI & Speciation Mass,702,PM2.5 SCC w/Correction Factor,35620,"New York-Newark-Jersey City, NY-NJ-PA",36,New York,61,New York,40.81976,-73.94825
11/30/2016,AQS,3,9.4,ug/m3 LC,52,CCNY,1,100,88502,Acceptable PM2.5 AQI & Speciation Mass,702,PM2.5 SCC w/Correction Factor,35620,"New York-Newark-Jersey City, NY-NJ-PA",36,New York,61,New York,40.81976,-73.94825
12/01/2016,AQS,3,6.5,ug/m3 LC,36,CCNY,1,100,88502,Acceptable PM2.5 AQI & Speciation Mass,702,PM2.5 SCC w/Correction Factor,35620,"New York-Newark-Jersey City, NY-NJ-PA",36,New York,61,New York,40.81976,-73.94825
12/02/2016,AQS,3,8.4,ug/m3 LC,47,CCNY,1,100,88502,Acceptable PM2.5 AQI & Speciation Mass,702,PM2.5 SCC w/Correction Factor,35620,"New York-Newark-Jersey City, NY-NJ-PA",36,New York,61,New York,40.81976,-73.94825
12/03/2016,AQS,3,7.3,ug/m3 LC,41,CCNY,1,100,88502,Acceptable PM2.5 AQI & Speciation Mass,702,PM2.5 SCC w/Correction Factor,35620,"New York-Newark-Jersey City, NY-NJ-PA",36,New York,61,New York,40.81976,-73.94825
12/04/2016,AQS,3,7.7,ug/m3 LC,43,CCNY,1,100,88502,Acceptable PM2.5 AQI & Speciation Mass,702,PM2.5 SCC w/Correction Factor,35620,"New York-Newark-Jersey City, NY-NJ-PA",36,New York,61,New York,40.81976,-73.94825
12/05/2016,AQS,3,9.8,ug/m3 LC,52,CCNY,1,100,88502,Acceptable PM2.5 AQI & Speciation Mass,702,PM2.5 SCC w/Correction Factor,35620,"New York-Newark-Jersey City, NY-NJ-PA",36,New York,61,New York,40.81976,-73.94825
12/06/2016,AQS,3,8.7,ug/m3 LC,48,CCNY,1,100,88502,Acceptable PM2.5 AQI & Speciation Mass,702,PM2.5 SCC w/Correction Factor,35620,"New York-Newark-Jersey City, NY-NJ-PA",36,New York,61,New York,40.81976,-73.94825
12/07/2016,AQS,3,9.7,ug/m3 LC,52,CCNY,1,100,88502,Acceptable PM2.5 AQI & Speciation Mass,702,PM2.5 SCC w/Correction Factor,35620,"New York-Newark-Jersey City, NY-NJ-PA",36,New York,61,New York,40.81976,-73.94825
12/08/2016,AQS,3,11.6,ug/m3 LC,56,CCNY,1,100,88502,Acceptable PM2.5 AQI & Speciation Mass,702,PM2.5 SCC w/Correction Factor,35620,"New York-Newark-Jersey City, NY-NJ-PA",36,New York,61,New York,40.81976,-73.94825
12/09/2016,AQS,3,8,ug/m3 LC,44,CCNY,1,100,88502,Acceptable PM2.5 AQI & Speciation Mass,702,PM2.5 SCC w/Correction Factor,35620,"New York-Newark-Jersey City, NY-NJ-PA",36,New York,61,New York,40.81976,-73.94825
12/10/2016,AQS,3,7.8,ug/m3 LC,43,CCNY,1,100,88502,Acceptable PM2.5 AQI & Speciation Mass,702,PM2.5 SCC w/Correction Factor,35620,"New York-Newark-Jersey City, NY-NJ-PA",36,New York,61,New York,40.81976,-73.94825
12/11/2016,AQS,3,8.5,ug/m3 LC,47,CCNY,1,100,88502,Acceptable PM2.5 AQI & Speciation Mass,702,PM2.5 SCC w/Correction Factor,35620,"New York-Newark-Jersey City, NY-NJ-PA",36,New York,61,New York,40.81976,-73.94825
12/12/2016,AQS,3,11.3,ug/m3 LC,55,CCNY,1,100,88502,Acceptable PM2.5 AQI & Speciation Mass,702,PM2.5 SCC w/Correction Factor,35620,"New York-Newark-Jersey City, NY-NJ-PA",36,New York,61,New York,40.81976,-73.94825
12/13/2016,AQS,3,12.6,ug/m3 LC,58,CCNY,1,100,88502,Acceptable PM2.5 AQI & Speciation Mass,702,PM2.5 SCC w/Correction Factor,35620,"New York-Newark-Jersey City, NY-NJ-PA",36,New York,61,New York,40.81976,-73.94825
12/14/2016,AQS,3,12.1,ug/m3 LC,57,CCNY,1,100,88502,Acceptable PM2.5 AQI & Speciation Mass,702,PM2.5 SCC w/Correction Factor,35620,"New York-Newark-Jersey City, NY-NJ-PA",36,New York,61,New York,40.81976,-73.94825
12/15/2016,AQS,3,8.5,ug/m3 LC,47,CCNY,1,100,88502,Acceptable PM2.5 AQI & Speciation Mass,702,PM2.5 SCC w/Correction Factor,35620,"New York-Newark-Jersey City, NY-NJ-PA",36,New York,61,New York,40.81976,-73.94825
12/16/2016,AQS,3,10.8,ug/m3 LC,54,CCNY,1,100,88502,Acceptable PM2.5 AQI & Speciation Mass,702,PM2.5 SCC w/Correction Factor,35620,"New York-Newark-Jersey City, NY-NJ-PA",36,New York,61,New York,40.81976,-73.94825
12/17/2016,AQS,3,11.5,ug/m3 LC,55,CCNY,1,100,88502,Acceptable PM2.5 AQI & Speciation Mass,702,PM2.5 SCC w/Correction Factor,35620,"New York-Newark-Jersey City, NY-NJ-PA",36,New York,61,New York,40.81976,-73.94825
12/18/2016,AQS,3,13.2,ug/m3 LC,59,CCNY,1,100,88502,Acceptable PM2.5 AQI & Speciation Mass,702,PM2.5 SCC w/Correction Factor,35620,"New York-Newark-Jersey City, NY-NJ-PA",36,New York,61,New York,40.81976,-73.94825
12/19/2016,AQS,3,8.1,ug/m3 LC,45,CCNY,1,100,88502,Acceptable PM2.5 AQI & Speciation Mass,702,PM2.5 SCC w/Correction Factor,35620,"New York-Newark-Jersey City, NY-NJ-PA",36,New York,61,New York,40.81976,-73.94825
12/20/2016,AQS,3,9.9,ug/m3 LC,52,CCNY,1,100,88502,Acceptable PM2.5 AQI & Speciation Mass,702,PM2.5 SCC w/Correction Factor,35620,"New York-Newark-Jersey City, NY-NJ-PA",36,New York,61,New York,40.81976,-73.94825
12/21/2016,AQS,3,16.7,ug/m3 LC,65,CCNY,1,100,88502,Acceptable PM2.5 AQI & Speciation Mass,702,PM2.5 SCC w/Correction Factor,35620,"New York-Newark-Jersey City, NY-NJ-PA",36,New York,61,New York,40.81976,-73.94825
12/22/2016,AQS,3,14.9,ug/m3 LC,62,CCNY,1,100,88502,Acceptable PM2.5 AQI & Speciation Mass,702,PM2.5 SCC w/Correction Factor,35620,"New York-Newark-Jersey City, NY-NJ-PA",36,New York,61,New York,40.81976,-73.94825
12/23/2016,AQS,3,11.9,ug/m3 LC,56,CCNY,1,100,88502,Acceptable PM2.5 AQI & Speciation Mass,702,PM2.5 SCC w/Correction Factor,35620,"New York-Newark-Jersey City, NY-NJ-PA",36,New York,61,New York,40.81976,-73.94825
12/24/2016,AQS,3,12.7,ug/m3 LC,58,CCNY,1,100,88502,Acceptable PM2.5 AQI & Speciation Mass,702,PM2.5 SCC w/Correction Factor,35620,"New York-Newark-Jersey City, NY-NJ-PA",36,New York,61,New York,40.81976,-73.94825
12/25/2016,AQS,3,9.9,ug/m3 LC,52,CCNY,1,100,88502,Acceptable PM2.5 AQI & Speciation Mass,702,PM2.5 SCC w/Correction Factor,35620,"New York-Newark-Jersey City, NY-NJ-PA",36,New York,61,New York,40.81976,-73.94825
12/26/2016,AQS,3,9.7,ug/m3 LC,52,CCNY,1,100,88502,Acceptable PM2.5 AQI & Speciation Mass,702,PM2.5 SCC w/Correction Factor,35620,"New York-Newark-Jersey City, NY-NJ-PA",36,New York,61,New York,40.81976,-73.94825
12/27/2016,AQS,3,10.1,ug/m3 LC,53,CCNY,1,100,88502,Acceptable PM2.5 AQI & Speciation Mass,702,PM2.5 SCC w/Correction Factor,35620,"New York-Newark-Jersey City, NY-NJ-PA",36,New York,61,New York,40.81976,-73.94825
12/28/2016,AQS,3,9.8,ug/m3 LC,52,CCNY,1,100,88502,Acceptable PM2.5 AQI & Speciation Mass,702,PM2.5 SCC w/Correction Factor,35620,"New York-Newark-Jersey City, NY-NJ-PA",36,New York,61,New York,40.81976,-73.94825
12/29/2016,AQS,3,9.8,ug/m3 LC,52,CCNY,1,100,88502,Acceptable PM2.5 AQI & Speciation Mass,702,PM2.5 SCC w/Correction Factor,35620,"New York-Newark-Jersey City, NY-NJ-PA",36,New York,61,New York,40.81976,-73.94825
12/30/2016,AQS,3,9.5,ug/m3 LC,52,CCNY,1,100,88502,Acceptable PM2.5 AQI & Speciation Mass,702,PM2.5 SCC w/Correction Factor,35620,"New York-Newark-Jersey City, NY-NJ-PA",36,New York,61,New York,40.81976,-73.94825
12/31/2016,AQS,3,9.8,ug/m3 LC,52,CCNY,1,100,88502,Acceptable PM2.5 AQI & Speciation Mass,702,PM2.5 SCC w/Correction Factor,35620,"New York-Newark-Jersey City, NY-NJ-PA",36,New York,61,New York,40.81976,-73.94825
01/01/2017,AQS,3,12.6,ug/m3 LC,58,CCNY,1,100,88502,Acceptable PM2.5 AQI & Speciation Mass,702,PM2.5 SCC w/Correction Factor,35620,"New York-Newark-Jersey City, NY-NJ-PA",36,New York,61,New York,40.81976,-73.94825
01/02/2017,AQS,3,11.5,ug/m3 LC,55,CCNY,1,100,88502,Acceptable PM2.5 AQI & Speciation Mass,702,PM2.5 SCC w/Correction Factor,35620,"New York-Newark-Jersey City, NY-NJ-PA",36,New York,61,New York,40.81976,-73.94825
01/03/2017,AQS,3,4.9,ug/m3 LC,27,CCNY,1,100,88502,Acceptable PM2.5 AQI & Speciation Mass,702,PM2.5 SCC w/Correction Factor,35620,"New York-Newark-Jersey City, NY-NJ-PA",36,New York,61,New York,40.81976,-73.94825
01/04/2017,AQS,3,8.5,ug/m3 LC,47,CCNY,1,100,88502,Acceptable PM2.5 AQI & Speciation Mass,702,PM2.5 SCC w/Correction Factor,35620,"New York-Newark-Jersey City, NY-NJ-PA",36,New York,61,New York,40.81976,-73.94825
01/05/2017,AQS,3,9.3,ug/m3 LC,51,CCNY,1,100,88502,Acceptable PM2.5 AQI & Speciation Mass,702,PM2.5 SCC w/Correction Factor,35620,"New York-Newark-Jersey City, NY-NJ-PA",36,New York,61,New York,40.81976,-73.94825
01/06/2017,AQS,3,10.9,ug/m3 LC,54,CCNY,1,100,88502,Acceptable PM2.5 AQI & Speciation Mass,702,PM2.5 SCC w/Correction Factor,35620,"New York-Newark-Jersey City, NY-NJ-PA",36,New York,61,New York,40.81976,-73.94825
01/07/2017,AQS,3,11.2,ug/m3 LC,55,CCNY,1,100,88502,Acceptable PM2.5 AQI & Speciation Mass,702,PM2.5 SCC w/Correction Factor,35620,"New York-Newark-Jersey City, NY-NJ-PA",36,New York,61,New York,40.81976,-73.94825
01/08/2017,AQS,3,10.2,ug/m3 LC,53,CCNY,1,100,88502,Acceptable PM2.5 AQI & Speciation Mass,702,PM2.5 SCC w/Correction Factor,35620,"New York-Newark-Jersey City, NY-NJ-PA",36,New York,61,New York,40.81976,-73.94825
01/09/2017,AQS,3,9.7,ug/m3 LC,52,CCNY,1,100,88502,Acceptable PM2.5 AQI & Speciation Mass,702,PM2.5 SCC w/Correction Factor,35620,"New York-Newark-Jersey City, NY-NJ-PA",36,New York,61,New York,40.81976,-73.94825
01/10/2017,AQS,3,12.1,ug/m3 LC,57,CCNY,1,100,88502,Acceptable PM2.5 AQI & Speciation Mass,702,PM2.5 SCC w/Correction Factor,35620,"New York-Newark-Jersey City, NY-NJ-PA",36,New York,61,New York,40.81976,-73.94825
01/11/2017,AQS,3,12.5,ug/m3 LC,57,CCNY,1,100,88502,Acceptable PM2.5 AQI & Speciation Mass,702,PM2.5 SCC w/Correction Factor,35620,"New York-Newark-Jersey City, NY-NJ-PA",36,New York,61,New York,40.81976,-73.94825
01/12/2017,AQS,3,11.5,ug/m3 LC,55,CCNY,1,100,88502,Acceptable PM2.5 AQI & Speciation Mass,702,PM2.5 SCC w/Correction Factor,35620,"New York-Newark-Jersey City, NY-NJ-PA",36,New York,61,New York,40.81976,-73.94825
01/13/2017,AQS,3,9.9,ug/m3 LC,52,CCNY,1,100,88502,Acceptable PM2.5 AQI & Speciation Mass,702,PM2.5 SCC w/Correction Factor,35620,"New York-Newark-Jersey City, NY-NJ-PA",36,New York,61,New York,40.81976,-73.94825
01/14/2017,AQS,3,8.7,ug/m3 LC,48,CCNY,1,100,88502,Acceptable PM2.5 AQI & Speciation Mass,702,PM2.5 SCC w/Correction Factor,35620,"New York-Newark-Jersey City, NY-NJ-PA",36,New York,61,New York,40.81976,-73.94825
01/15/2017,AQS,3,11.1,ug/m3 LC,55,CCNY,1,100,88502,Acceptable PM2.5 AQI & Speciation Mass,702,PM2.5 SCC w/Correction Factor,35620,"New York-Newark-Jersey City, NY-NJ-PA",36,New York,61,New York,40.81976,-73.94825
01/16/2017,AQS,3,13.9,ug/m3 LC,60,CCNY,1,100,88502,Acceptable PM2.5 AQI & Speciation Mass,702,PM2.5 SCC w/Correction Factor,35620,"New York-Newark-Jersey City, NY-NJ-PA",36,New York,61,New York,40.81976,-73.94825
01/17/2017,AQS,3,17.1,ug/m3 LC,66,CCNY,1,100,88502,Acceptable PM2.5 AQI & Speciation Mass,702,PM2.5 SCC w/Correction Factor,35620,"New York-Newark-Jersey City, NY-NJ-PA",36,New York,61,New York,40.81976,-73.94825
01/18/2017,AQS,3,8,ug/m3 LC,44,CCNY,1,100,88502,Acceptable PM2.5 AQI & Speciation Mass,702,PM2.5 SCC w/Correction Factor,35620,"New York-Newark-Jersey City, NY-NJ-PA",36,New York,61,New York,40.81976,-73.94825
01/19/2017,AQS,3,7.3,ug/m3 LC,41,CCNY,1,100,88502,Acceptable PM2.5 AQI & Speciation Mass,702,PM2.5 SCC w/Correction Factor,35620,"New York-Newark-Jersey City, NY-NJ-PA",36,New York,61,New York,40.81976,-73.94825
01/20/2017,AQS,3,9.1,ug/m3 LC,51,CCNY,1,100,88502,Acceptable PM2.5 AQI & Speciation Mass,702,PM2.5 SCC w/Correction Factor,35620,"New York-Newark-Jersey City, NY-NJ-PA",36,New York,61,New York,40.81976,-73.94825
01/21/2017,AQS,3,13.6,ug/m3 LC,59,CCNY,1,100,88502,Acceptable PM2.5 AQI & Speciation Mass,702,PM2.5 SCC w/Correction Factor,35620,"New York-Newark-Jersey City, NY-NJ-PA",36,New York,61,New York,40.81976,-73.94825
01/22/2017,AQS,3,15.4,ug/m3 LC,63,CCNY,1,100,88502,Acceptable PM2.5 AQI & Speciation Mass,702,PM2.5 SCC w/Correction Factor,35620,"New York-Newark-Jersey City, NY-NJ-PA",36,New York,61,New York,40.81976,-73.94825
01/23/2017,AQS,3,5.1,ug/m3 LC,28,CCNY,1,100,88502,Acceptable PM2.5 AQI & Speciation Mass,702,PM2.5 SCC w/Correction Factor,35620,"New York-Newark-Jersey City, NY-NJ-PA",36,New York,61,New York,40.81976,-73.94825
01/24/2017,AQS,3,5.3,ug/m3 LC,29,CCNY,1,100,88502,Acceptable PM2.5 AQI & Speciation Mass,702,PM2.5 SCC w/Correction Factor,35620,"New York-Newark-Jersey City, NY-NJ-PA",36,New York,61,New York,40.81976,-73.94825
01/25/2017,AQS,3,7.3,ug/m3 LC,41,CCNY,1,100,88502,Acceptable PM2.5 AQI & Speciation Mass,702,PM2.5 SCC w/Correction Factor,35620,"New York-Newark-Jersey City, NY-NJ-PA",36,New York,61,New York,40.81976,-73.94825
01/26/2017,AQS,3,9.3,ug/m3 LC,51,CCNY,1,100,88502,Acceptable PM2.5 AQI & Speciation Mass,702,PM2.5 SCC w/Correction Factor,35620,"New York-Newark-Jersey City, NY-NJ-PA",36,New York,61,New York,40.81976,-73.94825
01/27/2017,AQS,3,5.5,ug/m3 LC,31,CCNY,1,100,88502,Acceptable PM2.5 AQI & Speciation Mass,702,PM2.5 SCC w/Correction Factor,35620,"New York-Newark-Jersey City, NY-NJ-PA",36,New York,61,New York,40.81976,-73.94825
01/28/2017,AQS,3,6.5,ug/m3 LC,36,CCNY,1,100,88502,Acceptable PM2.5 AQI & Speciation Mass,702,PM2.5 SCC w/Correction Factor,35620,"New York-Newark-Jersey City, NY-NJ-PA",36,New York,61,New York,40.81976,-73.94825
01/29/2017,AQS,3,7.9,ug/m3 LC,44,CCNY,1,100,88502,Acceptable PM2.5 AQI & Speciation Mass,702,PM2.5 SCC w/Correction Factor,35620,"New York-Newark-Jersey City, NY-NJ-PA",36,New York,61,New York,40.81976,-73.94825
01/30/2017,AQS,3,7.9,ug/m3 LC,44,CCNY,1,100,88502,Acceptable PM2.5 AQI & Speciation Mass,702,PM2.5 SCC w/Correction Factor,35620,"New York-Newark-Jersey City, NY-NJ-PA",36,New York,61,New York,40.81976,-73.94825
01/31/2017,AQS,3,8.6,ug/m3 LC,48,CCNY,1,100,88502,Acceptable PM2.5 AQI & Speciation Mass,702,PM2.5 SCC w/Correction Factor,35620,"New York-Newark-Jersey City, NY-NJ-PA",36,New York,61,New York,40.81976,-73.94825
02/01/2017,AQS,3,9,ug/m3 LC,50,CCNY,1,100,88502,Acceptable PM2.5 AQI & Speciation Mass,702,PM2.5 SCC w/Correction Factor,35620,"New York-Newark-Jersey City, NY-NJ-PA",36,New York,61,New York,40.81976,-73.94825
02/02/2017,AQS,3,7.7,ug/m3 LC,43,CCNY,1,100,88502,Acceptable PM2.5 AQI & Speciation Mass,702,PM2.5 SCC w/Correction Factor,35620,"New York-Newark-Jersey City, NY-NJ-PA",36,New York,61,New York,40.81976,-73.94825
02/03/2017,AQS,3,7.5,ug/m3 LC,42,CCNY,1,100,88502,Acceptable PM2.5 AQI & Speciation Mass,702,PM2.5 SCC w/Correction Factor,35620,"New York-Newark-Jersey City, NY-NJ-PA",36,New York,61,New York,40.81976,-73.94825
02/04/2017,AQS,3,7.6,ug/m3 LC,42,CCNY,1,100,88502,Acceptable PM2.5 AQI & Speciation Mass,702,PM2.5 SCC w/Correction Factor,35620,"New York-Newark-Jersey City, NY-NJ-PA",36,New York,61,New York,40.81976,-73.94825
02/05/2017,AQS,3,9.7,ug/m3 LC,52,CCNY,1,100,88502,Acceptable PM2.5 AQI & Speciation Mass,702,PM2.5 SCC w/Correction Factor,35620,"New York-Newark-Jersey City, NY-NJ-PA",36,New York,61,New York,40.81976,-73.94825
02/06/2017,AQS,3,12,ug/m3 LC,56,CCNY,1,100,88502,Acceptable PM2.5 AQI & Speciation Mass,702,PM2.5 SCC w/Correction Factor,35620,"New York-Newark-Jersey City, NY-NJ-PA",36,New York,61,New York,40.81976,-73.94825
02/09/2017,AQS,3,5.9,ug/m3 LC,33,CCNY,1,100,88502,Acceptable PM2.5 AQI & Speciation Mass,702,PM2.5 SCC w/Correction Factor,35620,"New York-Newark-Jersey City, NY-NJ-PA",36,New York,61,New York,40.81976,-73.94825
02/10/2017,AQS,3,6.6,ug/m3 LC,37,CCNY,1,100,88502,Acceptable PM2.5 AQI & Speciation Mass,702,PM2.5 SCC w/Correction Factor,35620,"New York-Newark-Jersey City, NY-NJ-PA",36,New York,61,New York,40.81976,-73.94825
02/11/2017,AQS,3,14.7,ug/m3 LC,61,CCNY,1,100,88502,Acceptable PM2.5 AQI & Speciation Mass,702,PM2.5 SCC w/Correction Factor,35620,"New York-Newark-Jersey City, NY-NJ-PA",36,New York,61,New York,40.81976,-73.94825
02/12/2017,AQS,3,8.3,ug/m3 LC,46,CCNY,1,100,88502,Acceptable PM2.5 AQI & Speciation Mass,702,PM2.5 SCC w/Correction Factor,35620,"New York-Newark-Jersey City, NY-NJ-PA",36,New York,61,New York,40.81976,-73.94825
02/13/2017,AQS,3,6.7,ug/m3 LC,37,CCNY,1,100,88502,Acceptable PM2.5 AQI & Speciation Mass,702,PM2.5 SCC w/Correction Factor,35620,"New York-Newark-Jersey City, NY-NJ-PA",36,New York,61,New York,40.81976,-73.94825
02/14/2017,AQS,3,8,ug/m3 LC,44,CCNY,1,100,88502,Acceptable PM2.5 AQI & Speciation Mass,702,PM2.5 SCC w/Correction Factor,35620,"New York-Newark-Jersey City, NY-NJ-PA",36,New York,61,New York,40.81976,-73.94825
02/15/2017,AQS,3,11.1,ug/m3 LC,55,CCNY,1,100,88502,Acceptable PM2.5 AQI & Speciation Mass,702,PM2.5 SCC w/Correction Factor,35620,"New York-Newark-Jersey City, NY-NJ-PA",36,New York,61,New York,40.81976,-73.94825
02/16/2017,AQS,3,7.2,ug/m3 LC,40,CCNY,1,100,88502,Acceptable PM2.5 AQI & Speciation Mass,702,PM2.5 SCC w/Correction Factor,35620,"New York-Newark-Jersey City, NY-NJ-PA",36,New York,61,New York,40.81976,-73.94825
02/17/2017,AQS,3,8.7,ug/m3 LC,48,CCNY,1,100,88502,Acceptable PM2.5 AQI & Speciation Mass,702,PM2.5 SCC w/Correction Factor,35620,"New York-Newark-Jersey City, NY-NJ-PA",36,New York,61,New York,40.81976,-73.94825
02/18/2017,AQS,3,11.5,ug/m3 LC,55,CCNY,1,100,88502,Acceptable PM2.5 AQI & Speciation Mass,702,PM2.5 SCC w/Correction Factor,35620,"New York-Newark-Jersey City, NY-NJ-PA",36,New York,61,New York,40.81976,-73.94825
02/19/2017,AQS,3,11.4,ug/m3 LC,55,CCNY,1,100,88502,Acceptable PM2.5 AQI & Speciation Mass,702,PM2.5 SCC w/Correction Factor,35620,"New York-Newark-Jersey City, NY-NJ-PA",36,New York,61,New York,40.81976,-73.94825
02/20/2017,AQS,3,6.7,ug/m3 LC,37,CCNY,1,100,88502,Acceptable PM2.5 AQI & Speciation Mass,702,PM2.5 SCC w/Correction Factor,35620,"New York-Newark-Jersey City, NY-NJ-PA",36,New York,61,New York,40.81976,-73.94825
02/21/2017,AQS,3,7.7,ug/m3 LC,43,CCNY,1,100,88502,Acceptable PM2.5 AQI & Speciation Mass,702,PM2.5 SCC w/Correction Factor,35620,"New York-Newark-Jersey City, NY-NJ-PA",36,New York,61,New York,40.81976,-73.94825
02/22/2017,AQS,3,13.6,ug/m3 LC,59,CCNY,1,100,88502,Acceptable PM2.5 AQI & Speciation Mass,702,PM2.5 SCC w/Correction Factor,35620,"New York-Newark-Jersey City, NY-NJ-PA",36,New York,61,New York,40.81976,-73.94825
02/23/2017,AQS,3,19.8,ug/m3 LC,71,CCNY,1,100,88502,Acceptable PM2.5 AQI & Speciation Mass,702,PM2.5 SCC w/Correction Factor,35620,"New York-Newark-Jersey City, NY-NJ-PA",36,New York,61,New York,40.81976,-73.94825
02/24/2017,AQS,3,9.3,ug/m3 LC,51,CCNY,1,100,88502,Acceptable PM2.5 AQI & Speciation Mass,702,PM2.5 SCC w/Correction Factor,35620,"New York-Newark-Jersey City, NY-NJ-PA",36,New York,61,New York,40.81976,-73.94825
02/25/2017,AQS,3,4.3,ug/m3 LC,24,CCNY,1,100,88502,Acceptable PM2.5 AQI & Speciation Mass,702,PM2.5 SCC w/Correction Factor,35620,"New York-Newark-Jersey City, NY-NJ-PA",36,New York,61,New York,40.81976,-73.94825
02/26/2017,AQS,3,5.5,ug/m3 LC,31,CCNY,1,100,88502,Acceptable PM2.5 AQI & Speciation Mass,702,PM2.5 SCC w/Correction Factor,35620,"New York-Newark-Jersey City, NY-NJ-PA",36,New York,61,New York,40.81976,-73.94825
02/27/2017,AQS,3,11.6,ug/m3 LC,56,CCNY,1,100,88502,Acceptable PM2.5 AQI & Speciation Mass,702,PM2.5 SCC w/Correction Factor,35620,"New York-Newark-Jersey City, NY-NJ-PA",36,New York,61,New York,40.81976,-73.94825
02/28/2017,AQS,3,10.6,ug/m3 LC,54,CCNY,1,100,88502,Acceptable PM2.5 AQI & Speciation Mass,702,PM2.5 SCC w/Correction Factor,35620,"New York-Newark-Jersey City, NY-NJ-PA",36,New York,61,New York,40.81976,-73.94825
03/01/2017,AQS,3,9.5,ug/m3 LC,52,CCNY,1,100,88502,Acceptable PM2.5 AQI & Speciation Mass,702,PM2.5 SCC w/Correction Factor,35620,"New York-Newark-Jersey City, NY-NJ-PA",36,New York,61,New York,40.81976,-73.94825
03/02/2017,AQS,3,5.2,ug/m3 LC,29,CCNY,1,100,88502,Acceptable PM2.5 AQI & Speciation Mass,702,PM2.5 SCC w/Correction Factor,35620,"New York-Newark-Jersey City, NY-NJ-PA",36,New York,61,New York,40.81976,-73.94825
03/03/2017,AQS,3,6,ug/m3 LC,33,CCNY,1,100,88502,Acceptable PM2.5 AQI & Speciation Mass,702,PM2.5 SCC w/Correction Factor,35620,"New York-Newark-Jersey City, NY-NJ-PA",36,New York,61,New York,40.81976,-73.94825
03/04/2017,AQS,3,5.3,ug/m3 LC,29,CCNY,1,100,88502,Acceptable PM2.5 AQI & Speciation Mass,702,PM2.5 SCC w/Correction Factor,35620,"New York-Newark-Jersey City, NY-NJ-PA",36,New York,61,New York,40.81976,-73.94825
03/05/2017,AQS,3,4.7,ug/m3 LC,26,CCNY,1,100,88502,Acceptable PM2.5 AQI & Speciation Mass,702,PM2.5 SCC w/Correction Factor,35620,"New York-Newark-Jersey City, NY-NJ-PA",36,New York,61,New York,40.81976,-73.94825
03/06/2017,AQS,3,9.5,ug/m3 LC,52,CCNY,1,100,88502,Acceptable PM2.5 AQI & Speciation Mass,702,PM2.5 SCC w/Correction Factor,35620,"New York-Newark-Jersey City, NY-NJ-PA",36,New York,61,New York,40.81976,-73.94825
03/07/2017,AQS,3,12.6,ug/m3 LC,58,CCNY,1,100,88502,Acceptable PM2.5 AQI & Speciation Mass,702,PM2.5 SCC w/Correction Factor,35620,"New York-Newark-Jersey City, NY-NJ-PA",36,New York,61,New York,40.81976,-73.94825
03/08/2017,AQS,3,5.8,ug/m3 LC,32,CCNY,1,100,88502,Acceptable PM2.5 AQI & Speciation Mass,702,PM2.5 SCC w/Correction Factor,35620,"New York-Newark-Jersey City, NY-NJ-PA",36,New York,61,New York,40.81976,-73.94825
03/09/2017,AQS,3,4.6,ug/m3 LC,26,CCNY,1,100,88502,Acceptable PM2.5 AQI & Speciation Mass,702,PM2.5 SCC w/Correction Factor,35620,"New York-Newark-Jersey City, NY-NJ-PA",36,New York,61,New York,40.81976,-73.94825
03/10/2017,AQS,3,5,ug/m3 LC,28,CCNY,1,100,88502,Acceptable PM2.5 AQI & Speciation Mass,702,PM2.5 SCC w/Correction Factor,35620,"New York-Newark-Jersey City, NY-NJ-PA",36,New York,61,New York,40.81976,-73.94825
03/11/2017,AQS,3,4.8,ug/m3 LC,27,CCNY,1,100,88502,Acceptable PM2.5 AQI & Speciation Mass,702,PM2.5 SCC w/Correction Factor,35620,"New York-Newark-Jersey City, NY-NJ-PA",36,New York,61,New York,40.81976,-73.94825
03/12/2017,AQS,3,5.9,ug/m3 LC,33,CCNY,1,100,88502,Acceptable PM2.5 AQI & Speciation Mass,702,PM2.5 SCC w/Correction Factor,35620,"New York-Newark-Jersey City, NY-NJ-PA",36,New York,61,New York,40.81976,-73.94825
03/13/2017,AQS,3,6.7,ug/m3 LC,37,CCNY,1,100,88502,Acceptable PM2.5 AQI & Speciation Mass,702,PM2.5 SCC w/Correction Factor,35620,"New York-Newark-Jersey City, NY-NJ-PA",36,New York,61,New York,40.81976,-73.94825
03/15/2017,AQS,3,5.5,ug/m3 LC,31,CCNY,1,100,88502,Acceptable PM2.5 AQI & Speciation Mass,702,PM2.5 SCC w/Correction Factor,35620,"New York-Newark-Jersey City, NY-NJ-PA",36,New York,61,New York,40.81976,-73.94825
03/16/2017,AQS,3,6.7,ug/m3 LC,37,CCNY,1,100,88502,Acceptable PM2.5 AQI & Speciation Mass,702,PM2.5 SCC w/Correction Factor,35620,"New York-Newark-Jersey City, NY-NJ-PA",36,New York,61,New York,40.81976,-73.94825
03/17/2017,AQS,3,7.9,ug/m3 LC,44,CCNY,1,100,88502,Acceptable PM2.5 AQI & Speciation Mass,702,PM2.5 SCC w/Correction Factor,35620,"New York-Newark-Jersey City, NY-NJ-PA",36,New York,61,New York,40.81976,-73.94825
03/18/2017,AQS,3,9.4,ug/m3 LC,52,CCNY,1,100,88502,Acceptable PM2.5 AQI & Speciation Mass,702,PM2.5 SCC w/Correction Factor,35620,"New York-Newark-Jersey City, NY-NJ-PA",36,New York,61,New York,40.81976,-73.94825
03/19/2017,AQS,3,5.5,ug/m3 LC,31,CCNY,1,100,88502,Acceptable PM2.5 AQI & Speciation Mass,702,PM2.5 SCC w/Correction Factor,35620,"New York-Newark-Jersey City, NY-NJ-PA",36,New York,61,New York,40.81976,-73.94825
03/20/2017,AQS,3,6.4,ug/m3 LC,36,CCNY,1,100,88502,Acceptable PM2.5 AQI & Speciation Mass,702,PM2.5 SCC w/Correction Factor,35620,"New York-Newark-Jersey City, NY-NJ-PA",36,New York,61,New York,40.81976,-73.94825
03/21/2017,AQS,3,8.9,ug/m3 LC,49,CCNY,1,100,88502,Acceptable PM2.5 AQI & Speciation Mass,702,PM2.5 SCC w/Correction Factor,35620,"New York-Newark-Jersey City, NY-NJ-PA",36,New York,61,New York,40.81976,-73.94825
03/22/2017,AQS,3,6.4,ug/m3 LC,36,CCNY,1,100,88502,Acceptable PM2.5 AQI & Speciation Mass,702,PM2.5 SCC w/Correction Factor,35620,"New York-Newark-Jersey City, NY-NJ-PA",36,New York,61,New York,40.81976,-73.94825
03/23/2017,AQS,3,5.8,ug/m3 LC,32,CCNY,1,100,88502,Acceptable PM2.5 AQI & Speciation Mass,702,PM2.5 SCC w/Correction Factor,35620,"New York-Newark-Jersey City, NY-NJ-PA",36,New York,61,New York,40.81976,-73.94825
03/24/2017,AQS,3,9.4,ug/m3 LC,52,CCNY,1,100,88502,Acceptable PM2.5 AQI & Speciation Mass,702,PM2.5 SCC w/Correction Factor,35620,"New York-Newark-Jersey City, NY-NJ-PA",36,New York,61,New York,40.81976,-73.94825
03/25/2017,AQS,3,15.2,ug/m3 LC,62,CCNY,1,100,88502,Acceptable PM2.5 AQI & Speciation Mass,702,PM2.5 SCC w/Correction Factor,35620,"New York-Newark-Jersey City, NY-NJ-PA",36,New York,61,New York,40.81976,-73.94825
03/26/2017,AQS,3,6.4,ug/m3 LC,36,CCNY,1,100,88502,Acceptable PM2.5 AQI & Speciation Mass,702,PM2.5 SCC w/Correction Factor,35620,"New York-Newark-Jersey City, NY-NJ-PA",36,New York,61,New York,40.81976,-73.94825
03/27/2017,AQS,3,9.3,ug/m3 LC,51,CCNY,1,100,88502,Acceptable PM2.5 AQI & Speciation Mass,702,PM2.5 SCC w/Correction Factor,35620,"New York-Newark-Jersey City, NY-NJ-PA",36,New York,61,New York,40.81976,-73.94825
03/28/2017,AQS,3,4.9,ug/m3 LC,27,CCNY,1,100,88502,Acceptable PM2.5 AQI & Speciation Mass,702,PM2.5 SCC w/Correction Factor,35620,"New York-Newark-Jersey City, NY-NJ-PA",36,New York,61,New York,40.81976,-73.94825
03/29/2017,AQS,3,2.9,ug/m3 LC,16,CCNY,1,100,88502,Acceptable PM2.5 AQI & Speciation Mass,702,PM2.5 SCC w/Correction Factor,35620,"New York-Newark-Jersey City, NY-NJ-PA",36,New York,61,New York,40.81976,-73.94825
03/30/2017,AQS,3,4.3,ug/m3 LC,24,CCNY,1,100,88502,Acceptable PM2.5 AQI & Speciation Mass,702,PM2.5 SCC w/Correction Factor,35620,"New York-Newark-Jersey City, NY-NJ-PA",36,New York,61,New York,40.81976,-73.94825
03/31/2017,AQS,3,2.8,ug/m3 LC,16,CCNY,1,100,88502,Acceptable PM2.5 AQI & Speciation Mass,702,PM2.5 SCC w/Correction Factor,35620,"New York-Newark-Jersey City, NY-NJ-PA",36,New York,61,New York,40.81976,-73.94825
04/01/2017,AQS,3,3.2,ug/m3 LC,18,CCNY,1,100,88502,Acceptable PM2.5 AQI & Speciation Mass,702,PM2.5 SCC w/Correction Factor,35620,"New York-Newark-Jersey City, NY-NJ-PA",36,New York,61,New York,40.81976,-73.94825
04/02/2017,AQS,3,4.8,ug/m3 LC,27,CCNY,1,100,88502,Acceptable PM2.5 AQI & Speciation Mass,702,PM2.5 SCC w/Correction Factor,35620,"New York-Newark-Jersey City, NY-NJ-PA",36,New York,61,New York,40.81976,-73.94825
04/03/2017,AQS,3,7.7,ug/m3 LC,43,CCNY,1,100,88502,Acceptable PM2.5 AQI & Speciation Mass,702,PM2.5 SCC w/Correction Factor,35620,"New York-Newark-Jersey City, NY-NJ-PA",36,New York,61,New York,40.81976,-73.94825
04/04/2017,AQS,3,4.8,ug/m3 LC,27,CCNY,1,100,88502,Acceptable PM2.5 AQI & Speciation Mass,702,PM2.5 SCC w/Correction Factor,35620,"New York-Newark-Jersey City, NY-NJ-PA",36,New York,61,New York,40.81976,-73.94825
04/05/2017,AQS,3,7.7,ug/m3 LC,43,CCNY,1,100,88502,Acceptable PM2.5 AQI & Speciation Mass,702,PM2.5 SCC w/Correction Factor,35620,"New York-Newark-Jersey City, NY-NJ-PA",36,New York,61,New York,40.81976,-73.94825
04/11/2017,AQS,3,16,ug/m3 LC,64,CCNY,1,100,88502,Acceptable PM2.5 AQI & Speciation Mass,702,PM2.5 SCC w/Correction Factor,35620,"New York-Newark-Jersey City, NY-NJ-PA",36,New York,61,New York,40.81976,-73.94825
04/12/2017,AQS,3,13.2,ug/m3 LC,59,CCNY,1,100,88502,Acceptable PM2.5 AQI & Speciation Mass,702,PM2.5 SCC w/Correction Factor,35620,"New York-Newark-Jersey City, NY-NJ-PA",36,New York,61,New York,40.81976,-73.94825
04/13/2017,AQS,3,2.7,ug/m3 LC,15,CCNY,1,100,88502,Acceptable PM2.5 AQI & Speciation Mass,702,PM2.5 SCC w/Correction Factor,35620,"New York-Newark-Jersey City, NY-NJ-PA",36,New York,61,New York,40.81976,-73.94825
04/14/2017,AQS,3,3.4,ug/m3 LC,19,CCNY,1,100,88502,Acceptable PM2.5 AQI & Speciation Mass,702,PM2.5 SCC w/Correction Factor,35620,"New York-Newark-Jersey City, NY-NJ-PA",36,New York,61,New York,40.81976,-73.94825
04/15/2017,AQS,3,5.5,ug/m3 LC,31,CCNY,1,100,88502,Acceptable PM2.5 AQI & Speciation Mass,702,PM2.5 SCC w/Correction Factor,35620,"New York-Newark-Jersey City, NY-NJ-PA",36,New York,61,New York,40.81976,-73.94825
04/16/2017,AQS,3,8.7,ug/m3 LC,48,CCNY,1,100,88502,Acceptable PM2.5 AQI & Speciation Mass,702,PM2.5 SCC w/Correction Factor,35620,"New York-Newark-Jersey City, NY-NJ-PA",36,New York,61,New York,40.81976,-73.94825
04/17/2017,AQS,3,3.6,ug/m3 LC,20,CCNY,1,100,88502,Acceptable PM2.5 AQI & Speciation Mass,702,PM2.5 SCC w/Correction Factor,35620,"New York-Newark-Jersey City, NY-NJ-PA",36,New York,61,New York,40.81976,-73.94825
04/18/2017,AQS,3,3.9,ug/m3 LC,22,CCNY,1,100,88502,Acceptable PM2.5 AQI & Speciation Mass,702,PM2.5 SCC w/Correction Factor,35620,"New York-Newark-Jersey City, NY-NJ-PA",36,New York,61,New York,40.81976,-73.94825
04/19/2017,AQS,3,4.3,ug/m3 LC,24,CCNY,1,100,88502,Acceptable PM2.5 AQI & Speciation Mass,702,PM2.5 SCC w/Correction Factor,35620,"New York-Newark-Jersey City, NY-NJ-PA",36,New York,61,New York,40.81976,-73.94825
04/20/2017,AQS,3,7.7,ug/m3 LC,43,CCNY,1,100,88502,Acceptable PM2.5 AQI & Speciation Mass,702,PM2.5 SCC w/Correction Factor,35620,"New York-Newark-Jersey City, NY-NJ-PA",36,New York,61,New York,40.81976,-73.94825
04/21/2017,AQS,3,3.1,ug/m3 LC,17,CCNY,1,100,88502,Acceptable PM2.5 AQI & Speciation Mass,702,PM2.5 SCC w/Correction Factor,35620,"New York-Newark-Jersey City, NY-NJ-PA",36,New York,61,New York,40.81976,-73.94825
04/22/2017,AQS,3,4.1,ug/m3 LC,23,CCNY,1,100,88502,Acceptable PM2.5 AQI & Speciation Mass,702,PM2.5 SCC w/Correction Factor,35620,"New York-Newark-Jersey City, NY-NJ-PA",36,New York,61,New York,40.81976,-73.94825
04/23/2017,AQS,3,3,ug/m3 LC,17,CCNY,1,100,88502,Acceptable PM2.5 AQI & Speciation Mass,702,PM2.5 SCC w/Correction Factor,35620,"New York-Newark-Jersey City, NY-NJ-PA",36,New York,61,New York,40.81976,-73.94825
04/24/2017,AQS,3,6.7,ug/m3 LC,37,CCNY,1,100,88502,Acceptable PM2.5 AQI & Speciation Mass,702,PM2.5 SCC w/Correction Factor,35620,"New York-Newark-Jersey City, NY-NJ-PA",36,New York,61,New York,40.81976,-73.94825
04/25/2017,AQS,3,2.3,ug/m3 LC,13,CCNY,1,100,88502,Acceptable PM2.5 AQI & Speciation Mass,702,PM2.5 SCC w/Correction Factor,35620,"New York-Newark-Jersey City, NY-NJ-PA",36,New York,61,New York,40.81976,-73.94825
04/26/2017,AQS,3,5.7,ug/m3 LC,32,CCNY,1,100,88502,Acceptable PM2.5 AQI & Speciation Mass,702,PM2.5 SCC w/Correction Factor,35620,"New York-Newark-Jersey City, NY-NJ-PA",36,New York,61,New York,40.81976,-73.94825
04/27/2017,AQS,3,7.5,ug/m3 LC,42,CCNY,1,100,88502,Acceptable PM2.5 AQI & Speciation Mass,702,PM2.5 SCC w/Correction Factor,35620,"New York-Newark-Jersey City, NY-NJ-PA",36,New York,61,New York,40.81976,-73.94825
04/28/2017,AQS,3,12.3,ug/m3 LC,57,CCNY,1,100,88502,Acceptable PM2.5 AQI & Speciation Mass,702,PM2.5 SCC w/Correction Factor,35620,"New York-Newark-Jersey City, NY-NJ-PA",36,New York,61,New York,40.81976,-73.94825
04/29/2017,AQS,3,8.3,ug/m3 LC,46,CCNY,1,100,88502,Acceptable PM2.5 AQI & Speciation Mass,702,PM2.5 SCC w/Correction Factor,35620,"New York-Newark-Jersey City, NY-NJ-PA",36,New York,61,New York,40.81976,-73.94825
04/30/2017,AQS,3,3.2,ug/m3 LC,18,CCNY,1,100,88502,Acceptable PM2.5 AQI & Speciation Mass,702,PM2.5 SCC w/Correction Factor,35620,"New York-Newark-Jersey City, NY-NJ-PA",36,New York,61,New York,40.81976,-73.94825
05/01/2017,AQS,3,7.1,ug/m3 LC,39,CCNY,1,100,88502,Acceptable PM2.5 AQI & Speciation Mass,702,PM2.5 SCC w/Correction Factor,35620,"New York-Newark-Jersey City, NY-NJ-PA",36,New York,61,New York,40.81976,-73.94825
05/02/2017,AQS,3,5.3,ug/m3 LC,29,CCNY,1,100,88502,Acceptable PM2.5 AQI & Speciation Mass,702,PM2.5 SCC w/Correction Factor,35620,"New York-Newark-Jersey City, NY-NJ-PA",36,New York,61,New York,40.81976,-73.94825
05/03/2017,AQS,3,3.5,ug/m3 LC,19,CCNY,1,100,88502,Acceptable PM2.5 AQI & Speciation Mass,702,PM2.5 SCC w/Correction Factor,35620,"New York-Newark-Jersey City, NY-NJ-PA",36,New York,61,New York,40.81976,-73.94825
05/04/2017,AQS,3,3.6,ug/m3 LC,20,CCNY,1,100,88502,Acceptable PM2.5 AQI & Speciation Mass,702,PM2.5 SCC w/Correction Factor,35620,"New York-Newark-Jersey City, NY-NJ-PA",36,New York,61,New York,40.81976,-73.94825
05/05/2017,AQS,3,3.6,ug/m3 LC,20,CCNY,1,100,88502,Acceptable PM2.5 AQI & Speciation Mass,702,PM2.5 SCC w/Correction Factor,35620,"New York-Newark-Jersey City, NY-NJ-PA",36,New York,61,New York,40.81976,-73.94825
05/06/2017,AQS,3,5.1,ug/m3 LC,28,CCNY,1,100,88502,Acceptable PM2.5 AQI & Speciation Mass,702,PM2.5 SCC w/Correction Factor,35620,"New York-Newark-Jersey City, NY-NJ-PA",36,New York,61,New York,40.81976,-73.94825
05/07/2017,AQS,3,2.2,ug/m3 LC,12,CCNY,1,100,88502,Acceptable PM2.5 AQI & Speciation Mass,702,PM2.5 SCC w/Correction Factor,35620,"New York-Newark-Jersey City, NY-NJ-PA",36,New York,61,New York,40.81976,-73.94825
05/08/2017,AQS,3,3.3,ug/m3 LC,18,CCNY,1,100,88502,Acceptable PM2.5 AQI & Speciation Mass,702,PM2.5 SCC w/Correction Factor,35620,"New York-Newark-Jersey City, NY-NJ-PA",36,New York,61,New York,40.81976,-73.94825
05/09/2017,AQS,3,5.1,ug/m3 LC,28,CCNY,1,100,88502,Acceptable PM2.5 AQI & Speciation Mass,702,PM2.5 SCC w/Correction Factor,35620,"New York-Newark-Jersey City, NY-NJ-PA",36,New York,61,New York,40.81976,-73.94825
05/10/2017,AQS,3,5,ug/m3 LC,28,CCNY,1,100,88502,Acceptable PM2.5 AQI & Speciation Mass,702,PM2.5 SCC w/Correction Factor,35620,"New York-Newark-Jersey City, NY-NJ-PA",36,New York,61,New York,40.81976,-73.94825
05/11/2017,AQS,3,4.4,ug/m3 LC,24,CCNY,1,100,88502,Acceptable PM2.5 AQI & Speciation Mass,702,PM2.5 SCC w/Correction Factor,35620,"New York-Newark-Jersey City, NY-NJ-PA",36,New York,61,New York,40.81976,-73.94825
05/12/2017,AQS,3,3.5,ug/m3 LC,19,CCNY,1,100,88502,Acceptable PM2.5 AQI & Speciation Mass,702,PM2.5 SCC w/Correction Factor,35620,"New York-Newark-Jersey City, NY-NJ-PA",36,New York,61,New York,40.81976,-73.94825
05/13/2017,AQS,3,1.8,ug/m3 LC,10,CCNY,1,100,88502,Acceptable PM2.5 AQI & Speciation Mass,702,PM2.5 SCC w/Correction Factor,35620,"New York-Newark-Jersey City, NY-NJ-PA",36,New York,61,New York,40.81976,-73.94825
05/14/2017,AQS,3,3.7,ug/m3 LC,21,CCNY,1,100,88502,Acceptable PM2.5 AQI & Speciation Mass,702,PM2.5 SCC w/Correction Factor,35620,"New York-Newark-Jersey City, NY-NJ-PA",36,New York,61,New York,40.81976,-73.94825
05/15/2017,AQS,3,3.9,ug/m3 LC,22,CCNY,1,100,88502,Acceptable PM2.5 AQI & Speciation Mass,702,PM2.5 SCC w/Correction Factor,35620,"New York-Newark-Jersey City, NY-NJ-PA",36,New York,61,New York,40.81976,-73.94825
05/16/2017,AQS,3,4.8,ug/m3 LC,27,CCNY,1,100,88502,Acceptable PM2.5 AQI & Speciation Mass,702,PM2.5 SCC w/Correction Factor,35620,"New York-Newark-Jersey City, NY-NJ-PA",36,New York,61,New York,40.81976,-73.94825
05/17/2017,AQS,3,14.3,ug/m3 LC,61,CCNY,1,100,88502,Acceptable PM2.5 AQI & Speciation Mass,702,PM2.5 SCC w/Correction Factor,35620,"New York-Newark-Jersey City, NY-NJ-PA",36,New York,61,New York,40.81976,-73.94825
05/18/2017,AQS,3,16,ug/m3 LC,64,CCNY,1,100,88502,Acceptable PM2.5 AQI & Speciation Mass,702,PM2.5 SCC w/Correction Factor,35620,"New York-Newark-Jersey City, NY-NJ-PA",36,New York,61,New York,40.81976,-73.94825
05/19/2017,AQS,3,10.4,ug/m3 LC,53,CCNY,1,100,88502,Acceptable PM2.5 AQI & Speciation Mass,702,PM2.5 SCC w/Correction Factor,35620,"New York-Newark-Jersey City, NY-NJ-PA",36,New York,61,New York,40.81976,-73.94825
05/20/2017,AQS,3,3.8,ug/m3 LC,21,CCNY,1,100,88502,Acceptable PM2.5 AQI & Speciation Mass,702,PM2.5 SCC w/Correction Factor,35620,"New York-Newark-Jersey City, NY-NJ-PA",36,New York,61,New York,40.81976,-73.94825
05/21/2017,AQS,3,2.6,ug/m3 LC,14,CCNY,1,100,88502,Acceptable PM2.5 AQI & Speciation Mass,702,PM2.5 SCC w/Correction Factor,35620,"New York-Newark-Jersey City, NY-NJ-PA",36,New York,61,New York,40.81976,-73.94825
05/22/2017,AQS,3,3.5,ug/m3 LC,19,CCNY,1,100,88502,Acceptable PM2.5 AQI & Speciation Mass,702,PM2.5 SCC w/Correction Factor,35620,"New York-Newark-Jersey City, NY-NJ-PA",36,New York,61,New York,40.81976,-73.94825
05/23/2017,AQS,3,4.5,ug/m3 LC,25,CCNY,1,100,88502,Acceptable PM2.5 AQI & Speciation Mass,702,PM2.5 SCC w/Correction Factor,35620,"New York-Newark-Jersey City, NY-NJ-PA",36,New York,61,New York,40.81976,-73.94825
05/24/2017,AQS,3,5,ug/m3 LC,28,CCNY,1,100,88502,Acceptable PM2.5 AQI & Speciation Mass,702,PM2.5 SCC w/Correction Factor,35620,"New York-Newark-Jersey City, NY-NJ-PA",36,New York,61,New York,40.81976,-73.94825
05/26/2017,AQS,3,2.6,ug/m3 LC,14,CCNY,1,100,88502,Acceptable PM2.5 AQI & Speciation Mass,702,PM2.5 SCC w/Correction Factor,35620,"New York-Newark-Jersey City, NY-NJ-PA",36,New York,61,New York,40.81976,-73.94825
05/27/2017,AQS,3,3.9,ug/m3 LC,22,CCNY,1,100,88502,Acceptable PM2.5 AQI & Speciation Mass,702,PM2.5 SCC w/Correction Factor,35620,"New York-Newark-Jersey City, NY-NJ-PA",36,New York,61,New York,40.81976,-73.94825
05/28/2017,AQS,3,4.6,ug/m3 LC,26,CCNY,1,100,88502,Acceptable PM2.5 AQI & Speciation Mass,702,PM2.5 SCC w/Correction Factor,35620,"New York-Newark-Jersey City, NY-NJ-PA",36,New York,61,New York,40.81976,-73.94825
05/29/2017,AQS,3,2.7,ug/m3 LC,15,CCNY,1,100,88502,Acceptable PM2.5 AQI & Speciation Mass,702,PM2.5 SCC w/Correction Factor,35620,"New York-Newark-Jersey City, NY-NJ-PA",36,New York,61,New York,40.81976,-73.94825
05/31/2017,AQS,3,4.7,ug/m3 LC,26,CCNY,1,100,88502,Acceptable PM2.5 AQI & Speciation Mass,702,PM2.5 SCC w/Correction Factor,35620,"New York-Newark-Jersey City, NY-NJ-PA",36,New York,61,New York,40.81976,-73.94825
06/01/2017,AQS,3,4.9,ug/m3 LC,27,CCNY,1,100,88502,Acceptable PM2.5 AQI & Speciation Mass,702,PM2.5 SCC w/Correction Factor,35620,"New York-Newark-Jersey City, NY-NJ-PA",36,New York,61,New York,40.81976,-73.94825
06/02/2017,AQS,3,3.9,ug/m3 LC,22,CCNY,1,100,88502,Acceptable PM2.5 AQI & Speciation Mass,702,PM2.5 SCC w/Correction Factor,35620,"New York-Newark-Jersey City, NY-NJ-PA",36,New York,61,New York,40.81976,-73.94825
06/03/2017,AQS,3,4.1,ug/m3 LC,23,CCNY,1,100,88502,Acceptable PM2.5 AQI & Speciation Mass,702,PM2.5 SCC w/Correction Factor,35620,"New York-Newark-Jersey City, NY-NJ-PA",36,New York,61,New York,40.81976,-73.94825
06/04/2017,AQS,3,4.4,ug/m3 LC,24,CCNY,1,100,88502,Acceptable PM2.5 AQI & Speciation Mass,702,PM2.5 SCC w/Correction Factor,35620,"New York-Newark-Jersey City, NY-NJ-PA",36,New York,61,New York,40.81976,-73.94825
06/05/2017,AQS,3,8.2,ug/m3 LC,46,CCNY,1,100,88502,Acceptable PM2.5 AQI & Speciation Mass,702,PM2.5 SCC w/Correction Factor,35620,"New York-Newark-Jersey City, NY-NJ-PA",36,New York,61,New York,40.81976,-73.94825
06/06/2017,AQS,3,1.5,ug/m3 LC,8,CCNY,1,100,88502,Acceptable PM2.5 AQI & Speciation Mass,702,PM2.5 SCC w/Correction Factor,35620,"New York-Newark-Jersey City, NY-NJ-PA",36,New York,61,New York,40.81976,-73.94825
06/07/2017,AQS,3,3.2,ug/m3 LC,18,CCNY,1,100,88502,Acceptable PM2.5 AQI & Speciation Mass,702,PM2.5 SCC w/Correction Factor,35620,"New York-Newark-Jersey City, NY-NJ-PA",36,New York,61,New York,40.81976,-73.94825
06/08/2017,AQS,3,3.8,ug/m3 LC,21,CCNY,1,100,88502,Acceptable PM2.5 AQI & Speciation Mass,702,PM2.5 SCC w/Correction Factor,35620,"New York-Newark-Jersey City, NY-NJ-PA",36,New York,61,New York,40.81976,-73.94825
06/09/2017,AQS,3,6,ug/m3 LC,33,CCNY,1,100,88502,Acceptable PM2.5 AQI & Speciation Mass,702,PM2.5 SCC w/Correction Factor,35620,"New York-Newark-Jersey City, NY-NJ-PA",36,New York,61,New York,40.81976,-73.94825
06/10/2017,AQS,3,10.6,ug/m3 LC,54,CCNY,1,100,88502,Acceptable PM2.5 AQI & Speciation Mass,702,PM2.5 SCC w/Correction Factor,35620,"New York-Newark-Jersey City, NY-NJ-PA",36,New York,61,New York,40.81976,-73.94825
06/11/2017,AQS,3,11.4,ug/m3 LC,55,CCNY,1,100,88502,Acceptable PM2.5 AQI & Speciation Mass,702,PM2.5 SCC w/Correction Factor,35620,"New York-Newark-Jersey City, NY-NJ-PA",36,New York,61,New York,40.81976,-73.94825
06/12/2017,AQS,3,14.2,ug/m3 LC,61,CCNY,1,100,88502,Acceptable PM2.5 AQI & Speciation Mass,702,PM2.5 SCC w/Correction Factor,35620,"New York-Newark-Jersey City, NY-NJ-PA",36,New York,61,New York,40.81976,-73.94825
06/13/2017,AQS,3,15.2,ug/m3 LC,62,CCNY,1,100,88502,Acceptable PM2.5 AQI & Speciation Mass,702,PM2.5 SCC w/Correction Factor,35620,"New York-Newark-Jersey City, NY-NJ-PA",36,New York,61,New York,40.81976,-73.94825
06/14/2017,AQS,3,6.4,ug/m3 LC,36,CCNY,1,100,88502,Acceptable PM2.5 AQI & Speciation Mass,702,PM2.5 SCC w/Correction Factor,35620,"New York-Newark-Jersey City, NY-NJ-PA",36,New York,61,New York,40.81976,-73.94825
06/15/2017,AQS,3,4,ug/m3 LC,22,CCNY,1,100,88502,Acceptable PM2.5 AQI & Speciation Mass,702,PM2.5 SCC w/Correction Factor,35620,"New York-Newark-Jersey City, NY-NJ-PA",36,New York,61,New York,40.81976,-73.94825
06/16/2017,AQS,3,3.8,ug/m3 LC,21,CCNY,1,100,88502,Acceptable PM2.5 AQI & Speciation Mass,702,PM2.5 SCC w/Correction Factor,35620,"New York-Newark-Jersey City, NY-NJ-PA",36,New York,61,New York,40.81976,-73.94825
06/17/2017,AQS,3,5.9,ug/m3 LC,33,CCNY,1,100,88502,Acceptable PM2.5 AQI & Speciation Mass,702,PM2.5 SCC w/Correction Factor,35620,"New York-Newark-Jersey City, NY-NJ-PA",36,New York,61,New York,40.81976,-73.94825
06/18/2017,AQS,3,9,ug/m3 LC,50,CCNY,1,100,88502,Acceptable PM2.5 AQI & Speciation Mass,702,PM2.5 SCC w/Correction Factor,35620,"New York-Newark-Jersey City, NY-NJ-PA",36,New York,61,New York,40.81976,-73.94825
06/19/2017,AQS,3,7.8,ug/m3 LC,43,CCNY,1,100,88502,Acceptable PM2.5 AQI & Speciation Mass,702,PM2.5 SCC w/Correction Factor,35620,"New York-Newark-Jersey City, NY-NJ-PA",36,New York,61,New York,40.81976,-73.94825
06/20/2017,AQS,3,3.6,ug/m3 LC,20,CCNY,1,100,88502,Acceptable PM2.5 AQI & Speciation Mass,702,PM2.5 SCC w/Correction Factor,35620,"New York-Newark-Jersey City, NY-NJ-PA",36,New York,61,New York,40.81976,-73.94825
06/21/2017,AQS,3,8.3,ug/m3 LC,46,CCNY,1,100,88502,Acceptable PM2.5 AQI & Speciation Mass,702,PM2.5 SCC w/Correction Factor,35620,"New York-Newark-Jersey City, NY-NJ-PA",36,New York,61,New York,40.81976,-73.94825
06/22/2017,AQS,3,10.3,ug/m3 LC,53,CCNY,1,100,88502,Acceptable PM2.5 AQI & Speciation Mass,702,PM2.5 SCC w/Correction Factor,35620,"New York-Newark-Jersey City, NY-NJ-PA",36,New York,61,New York,40.81976,-73.94825
06/23/2017,AQS,3,12.6,ug/m3 LC,58,CCNY,1,100,88502,Acceptable PM2.5 AQI & Speciation Mass,702,PM2.5 SCC w/Correction Factor,35620,"New York-Newark-Jersey City, NY-NJ-PA",36,New York,61,New York,40.81976,-73.94825
06/25/2017,AQS,3,5.1,ug/m3 LC,28,CCNY,1,100,88502,Acceptable PM2.5 AQI & Speciation Mass,702,PM2.5 SCC w/Correction Factor,35620,"New York-Newark-Jersey City, NY-NJ-PA",36,New York,61,New York,40.81976,-73.94825
06/26/2017,AQS,3,3.8,ug/m3 LC,21,CCNY,1,100,88502,Acceptable PM2.5 AQI & Speciation Mass,702,PM2.5 SCC w/Correction Factor,35620,"New York-Newark-Jersey City, NY-NJ-PA",36,New York,61,New York,40.81976,-73.94825
06/27/2017,AQS,3,4.8,ug/m3 LC,27,CCNY,1,100,88502,Acceptable PM2.5 AQI & Speciation Mass,702,PM2.5 SCC w/Correction Factor,35620,"New York-Newark-Jersey City, NY-NJ-PA",36,New York,61,New York,40.81976,-73.94825
06/28/2017,AQS,3,3.3,ug/m3 LC,18,CCNY,1,100,88502,Acceptable PM2.5 AQI & Speciation Mass,702,PM2.5 SCC w/Correction Factor,35620,"New York-Newark-Jersey City, NY-NJ-PA",36,New York,61,New York,40.81976,-73.94825
06/29/2017,AQS,3,8.2,ug/m3 LC,46,CCNY,1,100,88502,Acceptable PM2.5 AQI & Speciation Mass,702,PM2.5 SCC w/Correction Factor,35620,"New York-Newark-Jersey City, NY-NJ-PA",36,New York,61,New York,40.81976,-73.94825
06/30/2017,AQS,3,11.4,ug/m3 LC,55,CCNY,1,100,88502,Acceptable PM2.5 AQI & Speciation Mass,702,PM2.5 SCC w/Correction Factor,35620,"New York-Newark-Jersey City, NY-NJ-PA",36,New York,61,New York,40.81976,-73.94825
07/01/2017,AQS,3,5.2,ug/m3 LC,29,CCNY,1,100,88502,Acceptable PM2.5 AQI & Speciation Mass,702,PM2.5 SCC w/Correction Factor,35620,"New York-Newark-Jersey City, NY-NJ-PA",36,New York,61,New York,40.81976,-73.94825
07/02/2017,AQS,3,4.8,ug/m3 LC,27,CCNY,1,100,88502,Acceptable PM2.5 AQI & Speciation Mass,702,PM2.5 SCC w/Correction Factor,35620,"New York-Newark-Jersey City, NY-NJ-PA",36,New York,61,New York,40.81976,-73.94825
07/03/2017,AQS,3,8.2,ug/m3 LC,46,CCNY,1,100,88502,Acceptable PM2.5 AQI & Speciation Mass,702,PM2.5 SCC w/Correction Factor,35620,"New York-Newark-Jersey City, NY-NJ-PA",36,New York,61,New York,40.81976,-73.94825
07/04/2017,AQS,3,10.9,ug/m3 LC,54,CCNY,1,100,88502,Acceptable PM2.5 AQI & Speciation Mass,702,PM2.5 SCC w/Correction Factor,35620,"New York-Newark-Jersey City, NY-NJ-PA",36,New York,61,New York,40.81976,-73.94825
07/05/2017,AQS,3,13,ug/m3 LC,58,CCNY,1,100,88502,Acceptable PM2.5 AQI & Speciation Mass,702,PM2.5 SCC w/Correction Factor,35620,"New York-Newark-Jersey City, NY-NJ-PA",36,New York,61,New York,40.81976,-73.94825
07/06/2017,AQS,3,3.7,ug/m3 LC,21,CCNY,1,100,88502,Acceptable PM2.5 AQI & Speciation Mass,702,PM2.5 SCC w/Correction Factor,35620,"New York-Newark-Jersey City, NY-NJ-PA",36,New York,61,New York,40.81976,-73.94825
07/07/2017,AQS,3,3.5,ug/m3 LC,19,CCNY,1,100,88502,Acceptable PM2.5 AQI & Speciation Mass,702,PM2.5 SCC w/Correction Factor,35620,"New York-Newark-Jersey City, NY-NJ-PA",36,New York,61,New York,40.81976,-73.94825
07/08/2017,AQS,3,6.9,ug/m3 LC,38,CCNY,1,100,88502,Acceptable PM2.5 AQI & Speciation Mass,702,PM2.5 SCC w/Correction Factor,35620,"New York-Newark-Jersey City, NY-NJ-PA",36,New York,61,New York,40.81976,-73.94825
07/09/2017,AQS,3,5.1,ug/m3 LC,28,CCNY,1,100,88502,Acceptable PM2.5 AQI & Speciation Mass,702,PM2.5 SCC w/Correction Factor,35620,"New York-Newark-Jersey City, NY-NJ-PA",36,New York,61,New York,40.81976,-73.94825
07/10/2017,AQS,3,8.5,ug/m3 LC,47,CCNY,1,100,88502,Acceptable PM2.5 AQI & Speciation Mass,702,PM2.5 SCC w/Correction Factor,35620,"New York-Newark-Jersey City, NY-NJ-PA",36,New York,61,New York,40.81976,-73.94825
07/11/2017,AQS,3,9.2,ug/m3 LC,51,CCNY,1,100,88502,Acceptable PM2.5 AQI & Speciation Mass,702,PM2.5 SCC w/Correction Factor,35620,"New York-Newark-Jersey City, NY-NJ-PA",36,New York,61,New York,40.81976,-73.94825
07/12/2017,AQS,3,12,ug/m3 LC,56,CCNY,1,100,88502,Acceptable PM2.5 AQI & Speciation Mass,702,PM2.5 SCC w/Correction Factor,35620,"New York-Newark-Jersey City, NY-NJ-PA",36,New York,61,New York,40.81976,-73.94825
07/13/2017,AQS,3,14.4,ug/m3 LC,61,CCNY,1,100,88502,Acceptable PM2.5 AQI & Speciation Mass,702,PM2.5 SCC w/Correction Factor,35620,"New York-Newark-Jersey City, NY-NJ-PA",36,New York,61,New York,40.81976,-73.94825
07/14/2017,AQS,3,3.8,ug/m3 LC,21,CCNY,1,100,88502,Acceptable PM2.5 AQI & Speciation Mass,702,PM2.5 SCC w/Correction Factor,35620,"New York-Newark-Jersey City, NY-NJ-PA",36,New York,61,New York,40.81976,-73.94825
07/15/2017,AQS,3,2.8,ug/m3 LC,16,CCNY,1,100,88502,Acceptable PM2.5 AQI & Speciation Mass,702,PM2.5 SCC w/Correction Factor,35620,"New York-Newark-Jersey City, NY-NJ-PA",36,New York,61,New York,40.81976,-73.94825
07/16/2017,AQS,3,4,ug/m3 LC,22,CCNY,1,100,88502,Acceptable PM2.5 AQI & Speciation Mass,702,PM2.5 SCC w/Correction Factor,35620,"New York-Newark-Jersey City, NY-NJ-PA",36,New York,61,New York,40.81976,-73.94825
07/17/2017,AQS,3,7.4,ug/m3 LC,41,CCNY,1,100,88502,Acceptable PM2.5 AQI & Speciation Mass,702,PM2.5 SCC w/Correction Factor,35620,"New York-Newark-Jersey City, NY-NJ-PA",36,New York,61,New York,40.81976,-73.94825
07/18/2017,AQS,3,5.1,ug/m3 LC,28,CCNY,1,100,88502,Acceptable PM2.5 AQI & Speciation Mass,702,PM2.5 SCC w/Correction Factor,35620,"New York-Newark-Jersey City, NY-NJ-PA",36,New York,61,New York,40.81976,-73.94825
07/19/2017,AQS,3,9.8,ug/m3 LC,52,CCNY,1,100,88502,Acceptable PM2.5 AQI & Speciation Mass,702,PM2.5 SCC w/Correction Factor,35620,"New York-Newark-Jersey City, NY-NJ-PA",36,New York,61,New York,40.81976,-73.94825
07/21/2017,AQS,3,7.1,ug/m3 LC,39,CCNY,1,100,88502,Acceptable PM2.5 AQI & Speciation Mass,702,PM2.5 SCC w/Correction Factor,35620,"New York-Newark-Jersey City, NY-NJ-PA",36,New York,61,New York,40.81976,-73.94825
07/22/2017,AQS,3,11.4,ug/m3 LC,55,CCNY,1,100,88502,Acceptable PM2.5 AQI & Speciation Mass,702,PM2.5 SCC w/Correction Factor,35620,"New York-Newark-Jersey City, NY-NJ-PA",36,New York,61,New York,40.81976,-73.94825
07/24/2017,AQS,3,2.7,ug/m3 LC,15,CCNY,1,100,88502,Acceptable PM2.5 AQI & Speciation Mass,702,PM2.5 SCC w/Correction Factor,35620,"New York-Newark-Jersey City, NY-NJ-PA",36,New York,61,New York,40.81976,-73.94825
07/25/2017,AQS,3,3.2,ug/m3 LC,18,CCNY,1,100,88502,Acceptable PM2.5 AQI & Speciation Mass,702,PM2.5 SCC w/Correction Factor,35620,"New York-Newark-Jersey City, NY-NJ-PA",36,New York,61,New York,40.81976,-73.94825
07/26/2017,AQS,3,3,ug/m3 LC,17,CCNY,1,100,88502,Acceptable PM2.5 AQI & Speciation Mass,702,PM2.5 SCC w/Correction Factor,35620,"New York-Newark-Jersey City, NY-NJ-PA",36,New York,61,New York,40.81976,-73.94825
07/27/2017,AQS,3,6.9,ug/m3 LC,38,CCNY,1,100,88502,Acceptable PM2.5 AQI & Speciation Mass,702,PM2.5 SCC w/Correction Factor,35620,"New York-Newark-Jersey City, NY-NJ-PA",36,New York,61,New York,40.81976,-73.94825
07/28/2017,AQS,3,10.6,ug/m3 LC,54,CCNY,1,100,88502,Acceptable PM2.5 AQI & Speciation Mass,702,PM2.5 SCC w/Correction Factor,35620,"New York-Newark-Jersey City, NY-NJ-PA",36,New York,61,New York,40.81976,-73.94825
07/29/2017,AQS,3,4.4,ug/m3 LC,24,CCNY,1,100,88502,Acceptable PM2.5 AQI & Speciation Mass,702,PM2.5 SCC w/Correction Factor,35620,"New York-Newark-Jersey City, NY-NJ-PA",36,New York,61,New York,40.81976,-73.94825
07/30/2017,AQS,3,4.8,ug/m3 LC,27,CCNY,1,100,88502,Acceptable PM2.5 AQI & Speciation Mass,702,PM2.5 SCC w/Correction Factor,35620,"New York-Newark-Jersey City, NY-NJ-PA",36,New York,61,New York,40.81976,-73.94825
07/31/2017,AQS,3,9.1,ug/m3 LC,51,CCNY,1,100,88502,Acceptable PM2.5 AQI & Speciation Mass,702,PM2.5 SCC w/Correction Factor,35620,"New York-Newark-Jersey City, NY-NJ-PA",36,New York,61,New York,40.81976,-73.94825
08/01/2017,AQS,3,14.1,ug/m3 LC,60,CCNY,1,100,88502,Acceptable PM2.5 AQI & Speciation Mass,702,PM2.5 SCC w/Correction Factor,35620,"New York-Newark-Jersey City, NY-NJ-PA",36,New York,61,New York,40.81976,-73.94825
08/03/2017,AQS,3,9.3,ug/m3 LC,51,CCNY,1,100,88502,Acceptable PM2.5 AQI & Speciation Mass,702,PM2.5 SCC w/Correction Factor,35620,"New York-Newark-Jersey City, NY-NJ-PA",36,New York,61,New York,40.81976,-73.94825
08/04/2017,AQS,3,4.7,ug/m3 LC,26,CCNY,1,100,88502,Acceptable PM2.5 AQI & Speciation Mass,702,PM2.5 SCC w/Correction Factor,35620,"New York-Newark-Jersey City, NY-NJ-PA",36,New York,61,New York,40.81976,-73.94825
08/05/2017,AQS,3,3.9,ug/m3 LC,22,CCNY,1,100,88502,Acceptable PM2.5 AQI & Speciation Mass,702,PM2.5 SCC w/Correction Factor,35620,"New York-Newark-Jersey City, NY-NJ-PA",36,New York,61,New York,40.81976,-73.94825
08/06/2017,AQS,3,3.7,ug/m3 LC,21,CCNY,1,100,88502,Acceptable PM2.5 AQI & Speciation Mass,702,PM2.5 SCC w/Correction Factor,35620,"New York-Newark-Jersey City, NY-NJ-PA",36,New York,61,New York,40.81976,-73.94825
08/07/2017,AQS,3,6.4,ug/m3 LC,36,CCNY,1,100,88502,Acceptable PM2.5 AQI & Speciation Mass,702,PM2.5 SCC w/Correction Factor,35620,"New York-Newark-Jersey City, NY-NJ-PA",36,New York,61,New York,40.81976,-73.94825
08/08/2017,AQS,3,5.4,ug/m3 LC,30,CCNY,1,100,88502,Acceptable PM2.5 AQI & Speciation Mass,702,PM2.5 SCC w/Correction Factor,35620,"New York-Newark-Jersey City, NY-NJ-PA",36,New York,61,New York,40.81976,-73.94825
08/09/2017,AQS,3,9.4,ug/m3 LC,52,CCNY,1,100,88502,Acceptable PM2.5 AQI & Speciation Mass,702,PM2.5 SCC w/Correction Factor,35620,"New York-Newark-Jersey City, NY-NJ-PA",36,New York,61,New York,40.81976,-73.94825
08/10/2017,AQS,3,11.3,ug/m3 LC,55,CCNY,1,100,88502,Acceptable PM2.5 AQI & Speciation Mass,702,PM2.5 SCC w/Correction Factor,35620,"New York-Newark-Jersey City, NY-NJ-PA",36,New York,61,New York,40.81976,-73.94825
08/11/2017,AQS,3,4.3,ug/m3 LC,24,CCNY,1,100,88502,Acceptable PM2.5 AQI & Speciation Mass,702,PM2.5 SCC w/Correction Factor,35620,"New York-Newark-Jersey City, NY-NJ-PA",36,New York,61,New York,40.81976,-73.94825
08/12/2017,AQS,3,6,ug/m3 LC,33,CCNY,1,100,88502,Acceptable PM2.5 AQI & Speciation Mass,702,PM2.5 SCC w/Correction Factor,35620,"New York-Newark-Jersey City, NY-NJ-PA",36,New York,61,New York,40.81976,-73.94825
08/13/2017,AQS,3,6.2,ug/m3 LC,34,CCNY,1,100,88502,Acceptable PM2.5 AQI & Speciation Mass,702,PM2.5 SCC w/Correction Factor,35620,"New York-Newark-Jersey City, NY-NJ-PA",36,New York,61,New York,40.81976,-73.94825
08/14/2017,AQS,3,8.3,ug/m3 LC,46,CCNY,1,100,88502,Acceptable PM2.5 AQI & Speciation Mass,702,PM2.5 SCC w/Correction Factor,35620,"New York-Newark-Jersey City, NY-NJ-PA",36,New York,61,New York,40.81976,-73.94825
08/15/2017,AQS,3,11.5,ug/m3 LC,55,CCNY,1,100,88502,Acceptable PM2.5 AQI & Speciation Mass,702,PM2.5 SCC w/Correction Factor,35620,"New York-Newark-Jersey City, NY-NJ-PA",36,New York,61,New York,40.81976,-73.94825
08/16/2017,AQS,3,8.7,ug/m3 LC,48,CCNY,1,100,88502,Acceptable PM2.5 AQI & Speciation Mass,702,PM2.5 SCC w/Correction Factor,35620,"New York-Newark-Jersey City, NY-NJ-PA",36,New York,61,New York,40.81976,-73.94825
08/17/2017,AQS,3,8.4,ug/m3 LC,47,CCNY,1,100,88502,Acceptable PM2.5 AQI & Speciation Mass,702,PM2.5 SCC w/Correction Factor,35620,"New York-Newark-Jersey City, NY-NJ-PA",36,New York,61,New York,40.81976,-73.94825
08/19/2017,AQS,3,8.7,ug/m3 LC,48,CCNY,1,100,88502,Acceptable PM2.5 AQI & Speciation Mass,702,PM2.5 SCC w/Correction Factor,35620,"New York-Newark-Jersey City, NY-NJ-PA",36,New York,61,New York,40.81976,-73.94825
08/20/2017,AQS,3,8.6,ug/m3 LC,48,CCNY,1,100,88502,Acceptable PM2.5 AQI & Speciation Mass,702,PM2.5 SCC w/Correction Factor,35620,"New York-Newark-Jersey City, NY-NJ-PA",36,New York,61,New York,40.81976,-73.94825
08/21/2017,AQS,3,14.2,ug/m3 LC,61,CCNY,1,100,88502,Acceptable PM2.5 AQI & Speciation Mass,702,PM2.5 SCC w/Correction Factor,35620,"New York-Newark-Jersey City, NY-NJ-PA",36,New York,61,New York,40.81976,-73.94825
08/22/2017,AQS,3,13.9,ug/m3 LC,60,CCNY,1,100,88502,Acceptable PM2.5 AQI & Speciation Mass,702,PM2.5 SCC w/Correction Factor,35620,"New York-Newark-Jersey City, NY-NJ-PA",36,New York,61,New York,40.81976,-73.94825
08/24/2017,AQS,3,6.4,ug/m3 LC,36,CCNY,1,100,88502,Acceptable PM2.5 AQI & Speciation Mass,702,PM2.5 SCC w/Correction Factor,35620,"New York-Newark-Jersey City, NY-NJ-PA",36,New York,61,New York,40.81976,-73.94825
08/25/2017,AQS,3,4.6,ug/m3 LC,26,CCNY,1,100,88502,Acceptable PM2.5 AQI & Speciation Mass,702,PM2.5 SCC w/Correction Factor,35620,"New York-Newark-Jersey City, NY-NJ-PA",36,New York,61,New York,40.81976,-73.94825
08/26/2017,AQS,3,5.1,ug/m3 LC,28,CCNY,1,100,88502,Acceptable PM2.5 AQI & Speciation Mass,702,PM2.5 SCC w/Correction Factor,35620,"New York-Newark-Jersey City, NY-NJ-PA",36,New York,61,New York,40.81976,-73.94825
08/27/2017,AQS,3,8.1,ug/m3 LC,45,CCNY,1,100,88502,Acceptable PM2.5 AQI & Speciation Mass,702,PM2.5 SCC w/Correction Factor,35620,"New York-Newark-Jersey City, NY-NJ-PA",36,New York,61,New York,40.81976,-73.94825
08/28/2017,AQS,3,7,ug/m3 LC,39,CCNY,1,100,88502,Acceptable PM2.5 AQI & Speciation Mass,702,PM2.5 SCC w/Correction Factor,35620,"New York-Newark-Jersey City, NY-NJ-PA",36,New York,61,New York,40.81976,-73.94825
08/29/2017,AQS,3,3.9,ug/m3 LC,22,CCNY,1,100,88502,Acceptable PM2.5 AQI & Speciation Mass,702,PM2.5 SCC w/Correction Factor,35620,"New York-Newark-Jersey City, NY-NJ-PA",36,New York,61,New York,40.81976,-73.94825
08/30/2017,AQS,3,6.3,ug/m3 LC,35,CCNY,1,100,88502,Acceptable PM2.5 AQI & Speciation Mass,702,PM2.5 SCC w/Correction Factor,35620,"New York-Newark-Jersey City, NY-NJ-PA",36,New York,61,New York,40.81976,-73.94825
08/31/2017,AQS,3,11,ug/m3 LC,55,CCNY,1,100,88502,Acceptable PM2.5 AQI & Speciation Mass,702,PM2.5 SCC w/Correction Factor,35620,"New York-Newark-Jersey City, NY-NJ-PA",36,New York,61,New York,40.81976,-73.94825
09/01/2017,AQS,3,3.4,ug/m3 LC,19,CCNY,1,100,88502,Acceptable PM2.5 AQI & Speciation Mass,702,PM2.5 SCC w/Correction Factor,35620,"New York-Newark-Jersey City, NY-NJ-PA",36,New York,61,New York,40.81976,-73.94825
09/02/2017,AQS,3,3.8,ug/m3 LC,21,CCNY,1,100,88502,Acceptable PM2.5 AQI & Speciation Mass,702,PM2.5 SCC w/Correction Factor,35620,"New York-Newark-Jersey City, NY-NJ-PA",36,New York,61,New York,40.81976,-73.94825
09/03/2017,AQS,3,3,ug/m3 LC,17,CCNY,1,100,88502,Acceptable PM2.5 AQI & Speciation Mass,702,PM2.5 SCC w/Correction Factor,35620,"New York-Newark-Jersey City, NY-NJ-PA",36,New York,61,New York,40.81976,-73.94825
09/04/2017,AQS,3,11.1,ug/m3 LC,55,CCNY,1,100,88502,Acceptable PM2.5 AQI & Speciation Mass,702,PM2.5 SCC w/Correction Factor,35620,"New York-Newark-Jersey City, NY-NJ-PA",36,New York,61,New York,40.81976,-73.94825
09/05/2017,AQS,3,18.8,ug/m3 LC,69,CCNY,1,100,88502,Acceptable PM2.5 AQI & Speciation Mass,702,PM2.5 SCC w/Correction Factor,35620,"New York-Newark-Jersey City, NY-NJ-PA",36,New York,61,New York,40.81976,-73.94825
09/06/2017,AQS,3,12.8,ug/m3 LC,58,CCNY,1,100,88502,Acceptable PM2.5 AQI & Speciation Mass,702,PM2.5 SCC w/Correction Factor,35620,"New York-Newark-Jersey City, NY-NJ-PA",36,New York,61,New York,40.81976,-73.94825
09/07/2017,AQS,3,7.8,ug/m3 LC,43,CCNY,1,100,88502,Acceptable PM2.5 AQI & Speciation Mass,702,PM2.5 SCC w/Correction Factor,35620,"New York-Newark-Jersey City, NY-NJ-PA",36,New York,61,New York,40.81976,-73.94825
09/08/2017,AQS,3,4.5,ug/m3 LC,25,CCNY,1,100,88502,Acceptable PM2.5 AQI & Speciation Mass,702,PM2.5 SCC w/Correction Factor,35620,"New York-Newark-Jersey City, NY-NJ-PA",36,New York,61,New York,40.81976,-73.94825
09/09/2017,AQS,3,2.9,ug/m3 LC,16,CCNY,1,100,88502,Acceptable PM2.5 AQI & Speciation Mass,702,PM2.5 SCC w/Correction Factor,35620,"New York-Newark-Jersey City, NY-NJ-PA",36,New York,61,New York,40.81976,-73.94825
09/10/2017,AQS,3,3.7,ug/m3 LC,21,CCNY,1,100,88502,Acceptable PM2.5 AQI & Speciation Mass,702,PM2.5 SCC w/Correction Factor,35620,"New York-Newark-Jersey City, NY-NJ-PA",36,New York,61,New York,40.81976,-73.94825
09/11/2017,AQS,3,4.4,ug/m3 LC,24,CCNY,1,100,88502,Acceptable PM2.5 AQI & Speciation Mass,702,PM2.5 SCC w/Correction Factor,35620,"New York-Newark-Jersey City, NY-NJ-PA",36,New York,61,New York,40.81976,-73.94825
09/12/2017,AQS,3,7.3,ug/m3 LC,41,CCNY,1,100,88502,Acceptable PM2.5 AQI & Speciation Mass,702,PM2.5 SCC w/Correction Factor,35620,"New York-Newark-Jersey City, NY-NJ-PA",36,New York,61,New York,40.81976,-73.94825
09/13/2017,AQS,3,9.8,ug/m3 LC,52,CCNY,1,100,88502,Acceptable PM2.5 AQI & Speciation Mass,702,PM2.5 SCC w/Correction Factor,35620,"New York-Newark-Jersey City, NY-NJ-PA",36,New York,61,New York,40.81976,-73.94825
09/14/2017,AQS,3,10.1,ug/m3 LC,53,CCNY,1,100,88502,Acceptable PM2.5 AQI & Speciation Mass,702,PM2.5 SCC w/Correction Factor,35620,"New York-Newark-Jersey City, NY-NJ-PA",36,New York,61,New York,40.81976,-73.94825
09/15/2017,AQS,3,10.6,ug/m3 LC,54,CCNY,1,100,88502,Acceptable PM2.5 AQI & Speciation Mass,702,PM2.5 SCC w/Correction Factor,35620,"New York-Newark-Jersey City, NY-NJ-PA",36,New York,61,New York,40.81976,-73.94825
09/16/2017,AQS,3,14.8,ug/m3 LC,62,CCNY,1,100,88502,Acceptable PM2.5 AQI & Speciation Mass,702,PM2.5 SCC w/Correction Factor,35620,"New York-Newark-Jersey City, NY-NJ-PA",36,New York,61,New York,40.81976,-73.94825
09/17/2017,AQS,3,12.9,ug/m3 LC,58,CCNY,1,100,88502,Acceptable PM2.5 AQI & Speciation Mass,702,PM2.5 SCC w/Correction Factor,35620,"New York-Newark-Jersey City, NY-NJ-PA",36,New York,61,New York,40.81976,-73.94825
09/18/2017,AQS,3,4.4,ug/m3 LC,24,CCNY,1,100,88502,Acceptable PM2.5 AQI & Speciation Mass,702,PM2.5 SCC w/Correction Factor,35620,"New York-Newark-Jersey City, NY-NJ-PA",36,New York,61,New York,40.81976,-73.94825
09/19/2017,AQS,3,8.2,ug/m3 LC,46,CCNY,1,100,88502,Acceptable PM2.5 AQI & Speciation Mass,702,PM2.5 SCC w/Correction Factor,35620,"New York-Newark-Jersey City, NY-NJ-PA",36,New York,61,New York,40.81976,-73.94825
09/20/2017,AQS,3,5,ug/m3 LC,28,CCNY,1,100,88502,Acceptable PM2.5 AQI & Speciation Mass,702,PM2.5 SCC w/Correction Factor,35620,"New York-Newark-Jersey City, NY-NJ-PA",36,New York,61,New York,40.81976,-73.94825
09/21/2017,AQS,3,8.6,ug/m3 LC,48,CCNY,1,100,88502,Acceptable PM2.5 AQI & Speciation Mass,702,PM2.5 SCC w/Correction Factor,35620,"New York-Newark-Jersey City, NY-NJ-PA",36,New York,61,New York,40.81976,-73.94825
09/22/2017,AQS,3,4.9,ug/m3 LC,27,CCNY,1,100,88502,Acceptable PM2.5 AQI & Speciation Mass,702,PM2.5 SCC w/Correction Factor,35620,"New York-Newark-Jersey City, NY-NJ-PA",36,New York,61,New York,40.81976,-73.94825
09/23/2017,AQS,3,6.4,ug/m3 LC,36,CCNY,1,100,88502,Acceptable PM2.5 AQI & Speciation Mass,702,PM2.5 SCC w/Correction Factor,35620,"New York-Newark-Jersey City, NY-NJ-PA",36,New York,61,New York,40.81976,-73.94825
09/24/2017,AQS,3,12.9,ug/m3 LC,58,CCNY,1,100,88502,Acceptable PM2.5 AQI & Speciation Mass,702,PM2.5 SCC w/Correction Factor,35620,"New York-Newark-Jersey City, NY-NJ-PA",36,New York,61,New York,40.81976,-73.94825
09/25/2017,AQS,3,13,ug/m3 LC,58,CCNY,1,100,88502,Acceptable PM2.5 AQI & Speciation Mass,702,PM2.5 SCC w/Correction Factor,35620,"New York-Newark-Jersey City, NY-NJ-PA",36,New York,61,New York,40.81976,-73.94825
09/26/2017,AQS,3,6,ug/m3 LC,33,CCNY,1,100,88502,Acceptable PM2.5 AQI & Speciation Mass,702,PM2.5 SCC w/Correction Factor,35620,"New York-Newark-Jersey City, NY-NJ-PA",36,New York,61,New York,40.81976,-73.94825
09/27/2017,AQS,3,4.8,ug/m3 LC,27,CCNY,1,100,88502,Acceptable PM2.5 AQI & Speciation Mass,702,PM2.5 SCC w/Correction Factor,35620,"New York-Newark-Jersey City, NY-NJ-PA",36,New York,61,New York,40.81976,-73.94825
09/29/2017,AQS,3,3.8,ug/m3 LC,21,CCNY,1,100,88502,Acceptable PM2.5 AQI & Speciation Mass,702,PM2.5 SCC w/Correction Factor,35620,"New York-Newark-Jersey City, NY-NJ-PA",36,New York,61,New York,40.81976,-73.94825
09/30/2017,AQS,3,6,ug/m3 LC,33,CCNY,1,100,88502,Acceptable PM2.5 AQI & Speciation Mass,702,PM2.5 SCC w/Correction Factor,35620,"New York-Newark-Jersey City, NY-NJ-PA",36,New York,61,New York,40.81976,-73.94825
10/01/2017,AQS,3,4.6,ug/m3 LC,26,CCNY,1,100,88502,Acceptable PM2.5 AQI & Speciation Mass,702,PM2.5 SCC w/Correction Factor,35620,"New York-Newark-Jersey City, NY-NJ-PA",36,New York,61,New York,40.81976,-73.94825
10/02/2017,AQS,3,6.6,ug/m3 LC,37,CCNY,1,100,88502,Acceptable PM2.5 AQI & Speciation Mass,702,PM2.5 SCC w/Correction Factor,35620,"New York-Newark-Jersey City, NY-NJ-PA",36,New York,61,New York,40.81976,-73.94825
10/03/2017,AQS,3,6.7,ug/m3 LC,37,CCNY,1,100,88502,Acceptable PM2.5 AQI & Speciation Mass,702,PM2.5 SCC w/Correction Factor,35620,"New York-Newark-Jersey City, NY-NJ-PA",36,New York,61,New York,40.81976,-73.94825
10/04/2017,AQS,3,8.7,ug/m3 LC,48,CCNY,1,100,88502,Acceptable PM2.5 AQI & Speciation Mass,702,PM2.5 SCC w/Correction Factor,35620,"New York-Newark-Jersey City, NY-NJ-PA",36,New York,61,New York,40.81976,-73.94825
10/05/2017,AQS,3,11,ug/m3 LC,55,CCNY,1,100,88502,Acceptable PM2.5 AQI & Speciation Mass,702,PM2.5 SCC w/Correction Factor,35620,"New York-Newark-Jersey City, NY-NJ-PA",36,New York,61,New York,40.81976,-73.94825
10/06/2017,AQS,3,11.7,ug/m3 LC,56,CCNY,1,100,88502,Acceptable PM2.5 AQI & Speciation Mass,702,PM2.5 SCC w/Correction Factor,35620,"New York-Newark-Jersey City, NY-NJ-PA",36,New York,61,New York,40.81976,-73.94825
10/07/2017,AQS,3,9.7,ug/m3 LC,52,CCNY,1,100,88502,Acceptable PM2.5 AQI & Speciation Mass,702,PM2.5 SCC w/Correction Factor,35620,"New York-Newark-Jersey City, NY-NJ-PA",36,New York,61,New York,40.81976,-73.94825
10/08/2017,AQS,3,5.6,ug/m3 LC,31,CCNY,1,100,88502,Acceptable PM2.5 AQI & Speciation Mass,702,PM2.5 SCC w/Correction Factor,35620,"New York-Newark-Jersey City, NY-NJ-PA",36,New York,61,New York,40.81976,-73.94825
10/09/2017,AQS,3,6.3,ug/m3 LC,35,CCNY,1,100,88502,Acceptable PM2.5 AQI & Speciation Mass,702,PM2.5 SCC w/Correction Factor,35620,"New York-Newark-Jersey City, NY-NJ-PA",36,New York,61,New York,40.81976,-73.94825
10/10/2017,AQS,3,6.4,ug/m3 LC,36,CCNY,1,100,88502,Acceptable PM2.5 AQI & Speciation Mass,702,PM2.5 SCC w/Correction Factor,35620,"New York-Newark-Jersey City, NY-NJ-PA",36,New York,61,New York,40.81976,-73.94825
10/11/2017,AQS,3,10.1,ug/m3 LC,53,CCNY,1,100,88502,Acceptable PM2.5 AQI & Speciation Mass,702,PM2.5 SCC w/Correction Factor,35620,"New York-Newark-Jersey City, NY-NJ-PA",36,New York,61,New York,40.81976,-73.94825
10/12/2017,AQS,3,5.7,ug/m3 LC,32,CCNY,1,100,88502,Acceptable PM2.5 AQI & Speciation Mass,702,PM2.5 SCC w/Correction Factor,35620,"New York-Newark-Jersey City, NY-NJ-PA",36,New York,61,New York,40.81976,-73.94825
10/13/2017,AQS,3,5.6,ug/m3 LC,31,CCNY,1,100,88502,Acceptable PM2.5 AQI & Speciation Mass,702,PM2.5 SCC w/Correction Factor,35620,"New York-Newark-Jersey City, NY-NJ-PA",36,New York,61,New York,40.81976,-73.94825
10/14/2017,AQS,3,4.7,ug/m3 LC,26,CCNY,1,100,88502,Acceptable PM2.5 AQI & Speciation Mass,702,PM2.5 SCC w/Correction Factor,35620,"New York-Newark-Jersey City, NY-NJ-PA",36,New York,61,New York,40.81976,-73.94825
10/15/2017,AQS,3,6.5,ug/m3 LC,36,CCNY,1,100,88502,Acceptable PM2.5 AQI & Speciation Mass,702,PM2.5 SCC w/Correction Factor,35620,"New York-Newark-Jersey City, NY-NJ-PA",36,New York,61,New York,40.81976,-73.94825
10/16/2017,AQS,3,3.2,ug/m3 LC,18,CCNY,1,100,88502,Acceptable PM2.5 AQI & Speciation Mass,702,PM2.5 SCC w/Correction Factor,35620,"New York-Newark-Jersey City, NY-NJ-PA",36,New York,61,New York,40.81976,-73.94825
10/17/2017,AQS,3,5.7,ug/m3 LC,32,CCNY,1,100,88502,Acceptable PM2.5 AQI & Speciation Mass,702,PM2.5 SCC w/Correction Factor,35620,"New York-Newark-Jersey City, NY-NJ-PA",36,New York,61,New York,40.81976,-73.94825
10/18/2017,AQS,3,10.6,ug/m3 LC,54,CCNY,1,100,88502,Acceptable PM2.5 AQI & Speciation Mass,702,PM2.5 SCC w/Correction Factor,35620,"New York-Newark-Jersey City, NY-NJ-PA",36,New York,61,New York,40.81976,-73.94825
10/19/2017,AQS,3,10.1,ug/m3 LC,53,CCNY,1,100,88502,Acceptable PM2.5 AQI & Speciation Mass,702,PM2.5 SCC w/Correction Factor,35620,"New York-Newark-Jersey City, NY-NJ-PA",36,New York,61,New York,40.81976,-73.94825
10/20/2017,AQS,3,7.2,ug/m3 LC,40,CCNY,1,100,88502,Acceptable PM2.5 AQI & Speciation Mass,702,PM2.5 SCC w/Correction Factor,35620,"New York-Newark-Jersey City, NY-NJ-PA",36,New York,61,New York,40.81976,-73.94825
10/21/2017,AQS,3,9.4,ug/m3 LC,52,CCNY,1,100,88502,Acceptable PM2.5 AQI & Speciation Mass,702,PM2.5 SCC w/Correction Factor,35620,"New York-Newark-Jersey City, NY-NJ-PA",36,New York,61,New York,40.81976,-73.94825
10/22/2017,AQS,3,11.7,ug/m3 LC,56,CCNY,1,100,88502,Acceptable PM2.5 AQI & Speciation Mass,702,PM2.5 SCC w/Correction Factor,35620,"New York-Newark-Jersey City, NY-NJ-PA",36,New York,61,New York,40.81976,-73.94825
10/23/2017,AQS,3,6.1,ug/m3 LC,34,CCNY,1,100,88502,Acceptable PM2.5 AQI & Speciation Mass,702,PM2.5 SCC w/Correction Factor,35620,"New York-Newark-Jersey City, NY-NJ-PA",36,New York,61,New York,40.81976,-73.94825
10/24/2017,AQS,3,8.7,ug/m3 LC,48,CCNY,1,100,88502,Acceptable PM2.5 AQI & Speciation Mass,702,PM2.5 SCC w/Correction Factor,35620,"New York-Newark-Jersey City, NY-NJ-PA",36,New York,61,New York,40.81976,-73.94825
10/25/2017,AQS,3,6.5,ug/m3 LC,36,CCNY,1,100,88502,Acceptable PM2.5 AQI & Speciation Mass,702,PM2.5 SCC w/Correction Factor,35620,"New York-Newark-Jersey City, NY-NJ-PA",36,New York,61,New York,40.81976,-73.94825
10/26/2017,AQS,3,6,ug/m3 LC,33,CCNY,1,100,88502,Acceptable PM2.5 AQI & Speciation Mass,702,PM2.5 SCC w/Correction Factor,35620,"New York-Newark-Jersey City, NY-NJ-PA",36,New York,61,New York,40.81976,-73.94825
10/27/2017,AQS,3,7.4,ug/m3 LC,41,CCNY,1,100,88502,Acceptable PM2.5 AQI & Speciation Mass,702,PM2.5 SCC w/Correction Factor,35620,"New York-Newark-Jersey City, NY-NJ-PA",36,New York,61,New York,40.81976,-73.94825
10/28/2017,AQS,3,6.8,ug/m3 LC,38,CCNY,1,100,88502,Acceptable PM2.5 AQI & Speciation Mass,702,PM2.5 SCC w/Correction Factor,35620,"New York-Newark-Jersey City, NY-NJ-PA",36,New York,61,New York,40.81976,-73.94825
10/29/2017,AQS,3,2.9,ug/m3 LC,16,CCNY,1,100,88502,Acceptable PM2.5 AQI & Speciation Mass,702,PM2.5 SCC w/Correction Factor,35620,"New York-Newark-Jersey City, NY-NJ-PA",36,New York,61,New York,40.81976,-73.94825
10/30/2017,AQS,3,6.3,ug/m3 LC,35,CCNY,1,100,88502,Acceptable PM2.5 AQI & Speciation Mass,702,PM2.5 SCC w/Correction Factor,35620,"New York-Newark-Jersey City, NY-NJ-PA",36,New York,61,New York,40.81976,-73.94825
10/31/2017,AQS,3,8,ug/m3 LC,44,CCNY,1,100,88502,Acceptable PM2.5 AQI & Speciation Mass,702,PM2.5 SCC w/Correction Factor,35620,"New York-Newark-Jersey City, NY-NJ-PA",36,New York,61,New York,40.81976,-73.94825
11/01/2017,AQS,3,9.5,ug/m3 LC,52,CCNY,1,100,88502,Acceptable PM2.5 AQI & Speciation Mass,702,PM2.5 SCC w/Correction Factor,35620,"New York-Newark-Jersey City, NY-NJ-PA",36,New York,61,New York,40.81976,-73.94825
11/02/2017,AQS,3,11.3,ug/m3 LC,55,CCNY,1,100,88502,Acceptable PM2.5 AQI & Speciation Mass,702,PM2.5 SCC w/Correction Factor,35620,"New York-Newark-Jersey City, NY-NJ-PA",36,New York,61,New York,40.81976,-73.94825
11/03/2017,AQS,3,7.9,ug/m3 LC,44,CCNY,1,100,88502,Acceptable PM2.5 AQI & Speciation Mass,702,PM2.5 SCC w/Correction Factor,35620,"New York-Newark-Jersey City, NY-NJ-PA",36,New York,61,New York,40.81976,-73.94825
11/04/2017,AQS,3,5.8,ug/m3 LC,32,CCNY,1,100,88502,Acceptable PM2.5 AQI & Speciation Mass,702,PM2.5 SCC w/Correction Factor,35620,"New York-Newark-Jersey City, NY-NJ-PA",36,New York,61,New York,40.81976,-73.94825
11/05/2017,AQS,3,6.6,ug/m3 LC,37,CCNY,1,100,88502,Acceptable PM2.5 AQI & Speciation Mass,702,PM2.5 SCC w/Correction Factor,35620,"New York-Newark-Jersey City, NY-NJ-PA",36,New York,61,New York,40.81976,-73.94825
11/06/2017,AQS,3,8.8,ug/m3 LC,49,CCNY,1,100,88502,Acceptable PM2.5 AQI & Speciation Mass,702,PM2.5 SCC w/Correction Factor,35620,"New York-Newark-Jersey City, NY-NJ-PA",36,New York,61,New York,40.81976,-73.94825
11/07/2017,AQS,3,6,ug/m3 LC,33,CCNY,1,100,88502,Acceptable PM2.5 AQI & Speciation Mass,702,PM2.5 SCC w/Correction Factor,35620,"New York-Newark-Jersey City, NY-NJ-PA",36,New York,61,New York,40.81976,-73.94825
11/08/2017,AQS,3,6.8,ug/m3 LC,38,CCNY,1,100,88502,Acceptable PM2.5 AQI & Speciation Mass,702,PM2.5 SCC w/Correction Factor,35620,"New York-Newark-Jersey City, NY-NJ-PA",36,New York,61,New York,40.81976,-73.94825
11/09/2017,AQS,3,8,ug/m3 LC,44,CCNY,1,100,88502,Acceptable PM2.5 AQI & Speciation Mass,702,PM2.5 SCC w/Correction Factor,35620,"New York-Newark-Jersey City, NY-NJ-PA",36,New York,61,New York,40.81976,-73.94825
11/10/2017,AQS,3,6.1,ug/m3 LC,34,CCNY,1,100,88502,Acceptable PM2.5 AQI & Speciation Mass,702,PM2.5 SCC w/Correction Factor,35620,"New York-Newark-Jersey City, NY-NJ-PA",36,New York,61,New York,40.81976,-73.94825
11/11/2017,AQS,3,5.7,ug/m3 LC,32,CCNY,1,100,88502,Acceptable PM2.5 AQI & Speciation Mass,702,PM2.5 SCC w/Correction Factor,35620,"New York-Newark-Jersey City, NY-NJ-PA",36,New York,61,New York,40.81976,-73.94825
11/12/2017,AQS,3,10.5,ug/m3 LC,54,CCNY,1,100,88502,Acceptable PM2.5 AQI & Speciation Mass,702,PM2.5 SCC w/Correction Factor,35620,"New York-Newark-Jersey City, NY-NJ-PA",36,New York,61,New York,40.81976,-73.94825
11/13/2017,AQS,3,11.7,ug/m3 LC,56,CCNY,1,100,88502,Acceptable PM2.5 AQI & Speciation Mass,702,PM2.5 SCC w/Correction Factor,35620,"New York-Newark-Jersey City, NY-NJ-PA",36,New York,61,New York,40.81976,-73.94825
11/16/2017,AQS,3,6.2,ug/m3 LC,34,CCNY,1,100,88502,Acceptable PM2.5 AQI & Speciation Mass,702,PM2.5 SCC w/Correction Factor,35620,"New York-Newark-Jersey City, NY-NJ-PA",36,New York,61,New York,40.81976,-73.94825
11/17/2017,AQS,3,6,ug/m3 LC,33,CCNY,1,100,88502,Acceptable PM2.5 AQI & Speciation Mass,702,PM2.5 SCC w/Correction Factor,35620,"New York-Newark-Jersey City, NY-NJ-PA",36,New York,61,New York,40.81976,-73.94825
11/18/2017,AQS,3,8.4,ug/m3 LC,47,CCNY,1,100,88502,Acceptable PM2.5 AQI & Speciation Mass,702,PM2.5 SCC w/Correction Factor,35620,"New York-Newark-Jersey City, NY-NJ-PA",36,New York,61,New York,40.81976,-73.94825
11/19/2017,AQS,3,7.1,ug/m3 LC,39,CCNY,1,100,88502,Acceptable PM2.5 AQI & Speciation Mass,702,PM2.5 SCC w/Correction Factor,35620,"New York-Newark-Jersey City, NY-NJ-PA",36,New York,61,New York,40.81976,-73.94825
11/20/2017,AQS,3,7.6,ug/m3 LC,42,CCNY,1,100,88502,Acceptable PM2.5 AQI & Speciation Mass,702,PM2.5 SCC w/Correction Factor,35620,"New York-Newark-Jersey City, NY-NJ-PA",36,New York,61,New York,40.81976,-73.94825
11/21/2017,AQS,3,10.6,ug/m3 LC,54,CCNY,1,100,88502,Acceptable PM2.5 AQI & Speciation Mass,702,PM2.5 SCC w/Correction Factor,35620,"New York-Newark-Jersey City, NY-NJ-PA",36,New York,61,New York,40.81976,-73.94825
11/22/2017,AQS,3,9.7,ug/m3 LC,52,CCNY,1,100,88502,Acceptable PM2.5 AQI & Speciation Mass,702,PM2.5 SCC w/Correction Factor,35620,"New York-Newark-Jersey City, NY-NJ-PA",36,New York,61,New York,40.81976,-73.94825
11/23/2017,AQS,3,7.3,ug/m3 LC,41,CCNY,1,100,88502,Acceptable PM2.5 AQI & Speciation Mass,702,PM2.5 SCC w/Correction Factor,35620,"New York-Newark-Jersey City, NY-NJ-PA",36,New York,61,New York,40.81976,-73.94825
11/24/2017,AQS,3,10.6,ug/m3 LC,54,CCNY,1,100,88502,Acceptable PM2.5 AQI & Speciation Mass,702,PM2.5 SCC w/Correction Factor,35620,"New York-Newark-Jersey City, NY-NJ-PA",36,New York,61,New York,40.81976,-73.94825
11/25/2017,AQS,3,12.9,ug/m3 LC,58,CCNY,1,100,88502,Acceptable PM2.5 AQI & Speciation Mass,702,PM2.5 SCC w/Correction Factor,35620,"New York-Newark-Jersey City, NY-NJ-PA",36,New York,61,New York,40.81976,-73.94825
11/26/2017,AQS,3,7.1,ug/m3 LC,39,CCNY,1,100,88502,Acceptable PM2.5 AQI & Speciation Mass,702,PM2.5 SCC w/Correction Factor,35620,"New York-Newark-Jersey City, NY-NJ-PA",36,New York,61,New York,40.81976,-73.94825
11/27/2017,AQS,3,9.2,ug/m3 LC,51,CCNY,1,100,88502,Acceptable PM2.5 AQI & Speciation Mass,702,PM2.5 SCC w/Correction Factor,35620,"New York-Newark-Jersey City, NY-NJ-PA",36,New York,61,New York,40.81976,-73.94825
11/28/2017,AQS,3,9,ug/m3 LC,50,CCNY,1,100,88502,Acceptable PM2.5 AQI & Speciation Mass,702,PM2.5 SCC w/Correction Factor,35620,"New York-Newark-Jersey City, NY-NJ-PA",36,New York,61,New York,40.81976,-73.94825
11/29/2017,AQS,3,10,ug/m3 LC,53,CCNY,1,100,88502,Acceptable PM2.5 AQI & Speciation Mass,702,PM2.5 SCC w/Correction Factor,35620,"New York-Newark-Jersey City, NY-NJ-PA",36,New York,61,New York,40.81976,-73.94825
11/30/2017,AQS,3,8.6,ug/m3 LC,48,CCNY,1,100,88502,Acceptable PM2.5 AQI & Speciation Mass,702,PM2.5 SCC w/Correction Factor,35620,"New York-Newark-Jersey City, NY-NJ-PA",36,New York,61,New York,40.81976,-73.94825
12/01/2017,AQS,3,10,ug/m3 LC,53,CCNY,1,100,88502,Acceptable PM2.5 AQI & Speciation Mass,702,PM2.5 SCC w/Correction Factor,35620,"New York-Newark-Jersey City, NY-NJ-PA",36,New York,61,New York,40.81976,-73.94825
12/02/2017,AQS,3,9.1,ug/m3 LC,51,CCNY,1,100,88502,Acceptable PM2.5 AQI & Speciation Mass,702,PM2.5 SCC w/Correction Factor,35620,"New York-Newark-Jersey City, NY-NJ-PA",36,New York,61,New York,40.81976,-73.94825
12/03/2017,AQS,3,12.3,ug/m3 LC,57,CCNY,1,100,88502,Acceptable PM2.5 AQI & Speciation Mass,702,PM2.5 SCC w/Correction Factor,35620,"New York-Newark-Jersey City, NY-NJ-PA",36,New York,61,New York,40.81976,-73.94825
12/04/2017,AQS,3,16.8,ug/m3 LC,65,CCNY,1,100,88502,Acceptable PM2.5 AQI & Speciation Mass,702,PM2.5 SCC w/Correction Factor,35620,"New York-Newark-Jersey City, NY-NJ-PA",36,New York,61,New York,40.81976,-73.94825
12/05/2017,AQS,3,9.5,ug/m3 LC,52,CCNY,1,100,88502,Acceptable PM2.5 AQI & Speciation Mass,702,PM2.5 SCC w/Correction Factor,35620,"New York-Newark-Jersey City, NY-NJ-PA",36,New York,61,New York,40.81976,-73.94825
12/06/2017,AQS,3,7,ug/m3 LC,39,CCNY,1,100,88502,Acceptable PM2.5 AQI & Speciation Mass,702,PM2.5 SCC w/Correction Factor,35620,"New York-Newark-Jersey City, NY-NJ-PA",36,New York,61,New York,40.81976,-73.94825
12/07/2017,AQS,3,8.7,ug/m3 LC,48,CCNY,1,100,88502,Acceptable PM2.5 AQI & Speciation Mass,702,PM2.5 SCC w/Correction Factor,35620,"New York-Newark-Jersey City, NY-NJ-PA",36,New York,61,New York,40.81976,-73.94825
12/08/2017,AQS,3,9.2,ug/m3 LC,51,CCNY,1,100,88502,Acceptable PM2.5 AQI & Speciation Mass,702,PM2.5 SCC w/Correction Factor,35620,"New York-Newark-Jersey City, NY-NJ-PA",36,New York,61,New York,40.81976,-73.94825
12/09/2017,AQS,3,10.2,ug/m3 LC,53,CCNY,1,100,88502,Acceptable PM2.5 AQI & Speciation Mass,702,PM2.5 SCC w/Correction Factor,35620,"New York-Newark-Jersey City, NY-NJ-PA",36,New York,61,New York,40.81976,-73.94825
12/10/2017,AQS,3,11.6,ug/m3 LC,56,CCNY,1,100,88502,Acceptable PM2.5 AQI & Speciation Mass,702,PM2.5 SCC w/Correction Factor,35620,"New York-Newark-Jersey City, NY-NJ-PA",36,New York,61,New York,40.81976,-73.94825
12/11/2017,AQS,3,10.6,ug/m3 LC,54,CCNY,1,100,88502,Acceptable PM2.5 AQI & Speciation Mass,702,PM2.5 SCC w/Correction Factor,35620,"New York-Newark-Jersey City, NY-NJ-PA",36,New York,61,New York,40.81976,-73.94825
12/12/2017,AQS,3,9.6,ug/m3 LC,52,CCNY,1,100,88502,Acceptable PM2.5 AQI & Speciation Mass,702,PM2.5 SCC w/Correction Factor,35620,"New York-Newark-Jersey City, NY-NJ-PA",36,New York,61,New York,40.81976,-73.94825
12/13/2017,AQS,3,6.6,ug/m3 LC,37,CCNY,1,100,88502,Acceptable PM2.5 AQI & Speciation Mass,702,PM2.5 SCC w/Correction Factor,35620,"New York-Newark-Jersey City, NY-NJ-PA",36,New York,61,New York,40.81976,-73.94825
12/14/2017,AQS,3,10,ug/m3 LC,53,CCNY,1,100,88502,Acceptable PM2.5 AQI & Speciation Mass,702,PM2.5 SCC w/Correction Factor,35620,"New York-Newark-Jersey City, NY-NJ-PA",36,New York,61,New York,40.81976,-73.94825
12/15/2017,AQS,3,9.8,ug/m3 LC,52,CCNY,1,100,88502,Acceptable PM2.5 AQI & Speciation Mass,702,PM2.5 SCC w/Correction Factor,35620,"New York-Newark-Jersey City, NY-NJ-PA",36,New York,61,New York,40.81976,-73.94825
12/16/2017,AQS,3,12.6,ug/m3 LC,58,CCNY,1,100,88502,Acceptable PM2.5 AQI & Speciation Mass,702,PM2.5 SCC w/Correction Factor,35620,"New York-Newark-Jersey City, NY-NJ-PA",36,New York,61,New York,40.81976,-73.94825
12/17/2017,AQS,3,10.1,ug/m3 LC,53,CCNY,1,100,88502,Acceptable PM2.5 AQI & Speciation Mass,702,PM2.5 SCC w/Correction Factor,35620,"New York-Newark-Jersey City, NY-NJ-PA",36,New York,61,New York,40.81976,-73.94825
12/18/2017,AQS,3,15.1,ug/m3 LC,62,CCNY,1,100,88502,Acceptable PM2.5 AQI & Speciation Mass,702,PM2.5 SCC w/Correction Factor,35620,"New York-Newark-Jersey City, NY-NJ-PA",36,New York,61,New York,40.81976,-73.94825
12/19/2017,AQS,3,11.5,ug/m3 LC,55,CCNY,1,100,88502,Acceptable PM2.5 AQI & Speciation Mass,702,PM2.5 SCC w/Correction Factor,35620,"New York-Newark-Jersey City, NY-NJ-PA",36,New York,61,New York,40.81976,-73.94825
12/20/2017,AQS,3,8.9,ug/m3 LC,49,CCNY,1,100,88502,Acceptable PM2.5 AQI & Speciation Mass,702,PM2.5 SCC w/Correction Factor,35620,"New York-Newark-Jersey City, NY-NJ-PA",36,New York,61,New York,40.81976,-73.94825
12/21/2017,AQS,3,7.7,ug/m3 LC,43,CCNY,1,100,88502,Acceptable PM2.5 AQI & Speciation Mass,702,PM2.5 SCC w/Correction Factor,35620,"New York-Newark-Jersey City, NY-NJ-PA",36,New York,61,New York,40.81976,-73.94825
12/22/2017,AQS,3,12.4,ug/m3 LC,57,CCNY,1,100,88502,Acceptable PM2.5 AQI & Speciation Mass,702,PM2.5 SCC w/Correction Factor,35620,"New York-Newark-Jersey City, NY-NJ-PA",36,New York,61,New York,40.81976,-73.94825
12/23/2017,AQS,3,11.2,ug/m3 LC,55,CCNY,1,100,88502,Acceptable PM2.5 AQI & Speciation Mass,702,PM2.5 SCC w/Correction Factor,35620,"New York-Newark-Jersey City, NY-NJ-PA",36,New York,61,New York,40.81976,-73.94825
12/24/2017,AQS,3,8.4,ug/m3 LC,47,CCNY,1,100,88502,Acceptable PM2.5 AQI & Speciation Mass,702,PM2.5 SCC w/Correction Factor,35620,"New York-Newark-Jersey City, NY-NJ-PA",36,New York,61,New York,40.81976,-73.94825
12/25/2017,AQS,3,9.3,ug/m3 LC,51,CCNY,1,100,88502,Acceptable PM2.5 AQI & Speciation Mass,702,PM2.5 SCC w/Correction Factor,35620,"New York-Newark-Jersey City, NY-NJ-PA",36,New York,61,New York,40.81976,-73.94825
12/26/2017,AQS,3,8.9,ug/m3 LC,49,CCNY,1,100,88502,Acceptable PM2.5 AQI & Speciation Mass,702,PM2.5 SCC w/Correction Factor,35620,"New York-Newark-Jersey City, NY-NJ-PA",36,New York,61,New York,40.81976,-73.94825
12/27/2017,AQS,3,10.1,ug/m3 LC,53,CCNY,1,100,88502,Acceptable PM2.5 AQI & Speciation Mass,702,PM2.5 SCC w/Correction Factor,35620,"New York-Newark-Jersey City, NY-NJ-PA",36,New York,61,New York,40.81976,-73.94825
12/28/2017,AQS,3,8.1,ug/m3 LC,45,CCNY,1,100,88502,Acceptable PM2.5 AQI & Speciation Mass,702,PM2.5 SCC w/Correction Factor,35620,"New York-Newark-Jersey City, NY-NJ-PA",36,New York,61,New York,40.81976,-73.94825
12/29/2017,AQS,3,9,ug/m3 LC,50,CCNY,1,100,88502,Acceptable PM2.5 AQI & Speciation Mass,702,PM2.5 SCC w/Correction Factor,35620,"New York-Newark-Jersey City, NY-NJ-PA",36,New York,61,New York,40.81976,-73.94825
12/30/2017,AQS,3,14.1,ug/m3 LC,60,CCNY,1,100,88502,Acceptable PM2.5 AQI & Speciation Mass,702,PM2.5 SCC w/Correction Factor,35620,"New York-Newark-Jersey City, NY-NJ-PA",36,New York,61,New York,40.81976,-73.94825
12/31/2017,AQS,3,9.7,ug/m3 LC,52,CCNY,1,100,88502,Acceptable PM2.5 AQI & Speciation Mass,702,PM2.5 SCC w/Correction Factor,35620,"New York-Newark-Jersey City, NY-NJ-PA",36,New York,61,New York,40.81976,-73.94825
01/01/2018,AQS,3,8.7,ug/m3 LC,48,CCNY,1,100,88502,Acceptable PM2.5 AQI & Speciation Mass,702,PM2.5 SCC w/Correction Factor,35620,"New York-Newark-Jersey City, NY-NJ-PA",36,New York,61,New York,40.81976,-73.94825
01/02/2018,AQS,3,10.5,ug/m3 LC,54,CCNY,1,100,88502,Acceptable PM2.5 AQI & Speciation Mass,702,PM2.5 SCC w/Correction Factor,35620,"New York-Newark-Jersey City, NY-NJ-PA",36,New York,61,New York,40.81976,-73.94825
01/03/2018,AQS,3,15.1,ug/m3 LC,62,CCNY,1,100,88502,Acceptable PM2.5 AQI & Speciation Mass,702,PM2.5 SCC w/Correction Factor,35620,"New York-Newark-Jersey City, NY-NJ-PA",36,New York,61,New York,40.81976,-73.94825
01/04/2018,AQS,3,8.8,ug/m3 LC,49,CCNY,1,100,88502,Acceptable PM2.5 AQI & Speciation Mass,702,PM2.5 SCC w/Correction Factor,35620,"New York-Newark-Jersey City, NY-NJ-PA",36,New York,61,New York,40.81976,-73.94825
01/05/2018,AQS,3,8.9,ug/m3 LC,49,CCNY,1,100,88502,Acceptable PM2.5 AQI & Speciation Mass,702,PM2.5 SCC w/Correction Factor,35620,"New York-Newark-Jersey City, NY-NJ-PA",36,New York,61,New York,40.81976,-73.94825
01/06/2018,AQS,3,8.7,ug/m3 LC,48,CCNY,1,100,88502,Acceptable PM2.5 AQI & Speciation Mass,702,PM2.5 SCC w/Correction Factor,35620,"New York-Newark-Jersey City, NY-NJ-PA",36,New York,61,New York,40.81976,-73.94825
01/07/2018,AQS,3,10.2,ug/m3 LC,53,CCNY,1,100,88502,Acceptable PM2.5 AQI & Speciation Mass,702,PM2.5 SCC w/Correction Factor,35620,"New York-Newark-Jersey City, NY-NJ-PA",36,New York,61,New York,40.81976,-73.94825
01/08/2018,AQS,3,13.6,ug/m3 LC,59,CCNY,1,100,88502,Acceptable PM2.5 AQI & Speciation Mass,702,PM2.5 SCC w/Correction Factor,35620,"New York-Newark-Jersey City, NY-NJ-PA",36,New York,61,New York,40.81976,-73.94825
01/09/2018,AQS,3,14.1,ug/m3 LC,60,CCNY,1,100,88502,Acceptable PM2.5 AQI & Speciation Mass,702,PM2.5 SCC w/Correction Factor,35620,"New York-Newark-Jersey City, NY-NJ-PA",36,New York,61,New York,40.81976,-73.94825
01/10/2018,AQS,3,11.9,ug/m3 LC,56,CCNY,1,100,88502,Acceptable PM2.5 AQI & Speciation Mass,702,PM2.5 SCC w/Correction Factor,35620,"New York-Newark-Jersey City, NY-NJ-PA",36,New York,61,New York,40.81976,-73.94825
01/11/2018,AQS,3,16.5,ug/m3 LC,65,CCNY,1,100,88502,Acceptable PM2.5 AQI & Speciation Mass,702,PM2.5 SCC w/Correction Factor,35620,"New York-Newark-Jersey City, NY-NJ-PA",36,New York,61,New York,40.81976,-73.94825
01/12/2018,AQS,3,8.4,ug/m3 LC,47,CCNY,1,100,88502,Acceptable PM2.5 AQI & Speciation Mass,702,PM2.5 SCC w/Correction Factor,35620,"New York-Newark-Jersey City, NY-NJ-PA",36,New York,61,New York,40.81976,-73.94825
01/17/2018,AQS,3,13.2,ug/m3 LC,59,CCNY,1,100,88502,Acceptable PM2.5 AQI & Speciation Mass,702,PM2.5 SCC w/Correction Factor,35620,"New York-Newark-Jersey City, NY-NJ-PA",36,New York,61,New York,40.81976,-73.94825
01/18/2018,AQS,3,11.5,ug/m3 LC,55,CCNY,1,100,88502,Acceptable PM2.5 AQI & Speciation Mass,702,PM2.5 SCC w/Correction Factor,35620,"New York-Newark-Jersey City, NY-NJ-PA",36,New York,61,New York,40.81976,-73.94825
01/19/2018,AQS,3,14.7,ug/m3 LC,61,CCNY,1,100,88502,Acceptable PM2.5 AQI & Speciation Mass,702,PM2.5 SCC w/Correction Factor,35620,"New York-Newark-Jersey City, NY-NJ-PA",36,New York,61,New York,40.81976,-73.94825
01/20/2018,AQS,3,11.6,ug/m3 LC,56,CCNY,1,100,88502,Acceptable PM2.5 AQI & Speciation Mass,702,PM2.5 SCC w/Correction Factor,35620,"New York-Newark-Jersey City, NY-NJ-PA",36,New York,61,New York,40.81976,-73.94825
01/21/2018,AQS,3,16,ug/m3 LC,64,CCNY,1,100,88502,Acceptable PM2.5 AQI & Speciation Mass,702,PM2.5 SCC w/Correction Factor,35620,"New York-Newark-Jersey City, NY-NJ-PA",36,New York,61,New York,40.81976,-73.94825
01/22/2018,AQS,3,19.9,ug/m3 LC,71,CCNY,1,100,88502,Acceptable PM2.5 AQI & Speciation Mass,702,PM2.5 SCC w/Correction Factor,35620,"New York-Newark-Jersey City, NY-NJ-PA",36,New York,61,New York,40.81976,-73.94825
01/23/2018,AQS,3,7.9,ug/m3 LC,44,CCNY,1,100,88502,Acceptable PM2.5 AQI & Speciation Mass,702,PM2.5 SCC w/Correction Factor,35620,"New York-Newark-Jersey City, NY-NJ-PA",36,New York,61,New York,40.81976,-73.94825
01/24/2018,AQS,3,6.8,ug/m3 LC,38,CCNY,1,100,88502,Acceptable PM2.5 AQI & Speciation Mass,702,PM2.5 SCC w/Correction Factor,35620,"New York-Newark-Jersey City, NY-NJ-PA",36,New York,61,New York,40.81976,-73.94825
01/25/2018,AQS,3,6.9,ug/m3 LC,38,CCNY,1,100,88502,Acceptable PM2.5 AQI & Speciation Mass,702,PM2.5 SCC w/Correction Factor,35620,"New York-Newark-Jersey City, NY-NJ-PA",36,New York,61,New York,40.81976,-73.94825
01/26/2018,AQS,3,8.6,ug/m3 LC,48,CCNY,1,100,88502,Acceptable PM2.5 AQI & Speciation Mass,702,PM2.5 SCC w/Correction Factor,35620,"New York-Newark-Jersey City, NY-NJ-PA",36,New York,61,New York,40.81976,-73.94825
01/27/2018,AQS,3,9.5,ug/m3 LC,52,CCNY,1,100,88502,Acceptable PM2.5 AQI & Speciation Mass,702,PM2.5 SCC w/Correction Factor,35620,"New York-Newark-Jersey City, NY-NJ-PA",36,New York,61,New York,40.81976,-73.94825
01/28/2018,AQS,3,9.8,ug/m3 LC,52,CCNY,1,100,88502,Acceptable PM2.5 AQI & Speciation Mass,702,PM2.5 SCC w/Correction Factor,35620,"New York-Newark-Jersey City, NY-NJ-PA",36,New York,61,New York,40.81976,-73.94825
01/29/2018,AQS,3,9.1,ug/m3 LC,51,CCNY,1,100,88502,Acceptable PM2.5 AQI & Speciation Mass,702,PM2.5 SCC w/Correction Factor,35620,"New York-Newark-Jersey City, NY-NJ-PA",36,New York,61,New York,40.81976,-73.94825
01/30/2018,AQS,3,7.6,ug/m3 LC,42,CCNY,1,100,88502,Acceptable PM2.5 AQI & Speciation Mass,702,PM2.5 SCC w/Correction Factor,35620,"New York-Newark-Jersey City, NY-NJ-PA",36,New York,61,New York,40.81976,-73.94825
01/31/2018,AQS,3,6.7,ug/m3 LC,37,CCNY,1,100,88502,Acceptable PM2.5 AQI & Speciation Mass,702,PM2.5 SCC w/Correction Factor,35620,"New York-Newark-Jersey City, NY-NJ-PA",36,New York,61,New York,40.81976,-73.94825
02/01/2018,AQS,3,13,ug/m3 LC,58,CCNY,1,100,88502,Acceptable PM2.5 AQI & Speciation Mass,702,PM2.5 SCC w/Correction Factor,35620,"New York-Newark-Jersey City, NY-NJ-PA",36,New York,61,New York,40.81976,-73.94825
02/02/2018,AQS,3,7.6,ug/m3 LC,42,CCNY,1,100,88502,Acceptable PM2.5 AQI & Speciation Mass,702,PM2.5 SCC w/Correction Factor,35620,"New York-Newark-Jersey City, NY-NJ-PA",36,New York,61,New York,40.81976,-73.94825
02/03/2018,AQS,3,8.5,ug/m3 LC,47,CCNY,1,100,88502,Acceptable PM2.5 AQI & Speciation Mass,702,PM2.5 SCC w/Correction Factor,35620,"New York-Newark-Jersey City, NY-NJ-PA",36,New York,61,New York,40.81976,-73.94825
02/04/2018,AQS,3,8.8,ug/m3 LC,49,CCNY,1,100,88502,Acceptable PM2.5 AQI & Speciation Mass,702,PM2.5 SCC w/Correction Factor,35620,"New York-Newark-Jersey City, NY-NJ-PA",36,New York,61,New York,40.81976,-73.94825
02/05/2018,AQS,3,7.2,ug/m3 LC,40,CCNY,1,100,88502,Acceptable PM2.5 AQI & Speciation Mass,702,PM2.5 SCC w/Correction Factor,35620,"New York-Newark-Jersey City, NY-NJ-PA",36,New York,61,New York,40.81976,-73.94825
02/06/2018,AQS,3,11.5,ug/m3 LC,55,CCNY,1,100,88502,Acceptable PM2.5 AQI & Speciation Mass,702,PM2.5 SCC w/Correction Factor,35620,"New York-Newark-Jersey City, NY-NJ-PA",36,New York,61,New York,40.81976,-73.94825
02/07/2018,AQS,3,9.2,ug/m3 LC,51,CCNY,1,100,88502,Acceptable PM2.5 AQI & Speciation Mass,702,PM2.5 SCC w/Correction Factor,35620,"New York-Newark-Jersey City, NY-NJ-PA",36,New York,61,New York,40.81976,-73.94825
02/08/2018,AQS,3,9.5,ug/m3 LC,52,CCNY,1,100,88502,Acceptable PM2.5 AQI & Speciation Mass,702,PM2.5 SCC w/Correction Factor,35620,"New York-Newark-Jersey City, NY-NJ-PA",36,New York,61,New York,40.81976,-73.94825
02/09/2018,AQS,3,14.6,ug/m3 LC,61,CCNY,1,100,88502,Acceptable PM2.5 AQI & Speciation Mass,702,PM2.5 SCC w/Correction Factor,35620,"New York-Newark-Jersey City, NY-NJ-PA",36,New York,61,New York,40.81976,-73.94825
02/10/2018,AQS,3,15.2,ug/m3 LC,62,CCNY,1,100,88502,Acceptable PM2.5 AQI & Speciation Mass,702,PM2.5 SCC w/Correction Factor,35620,"New York-Newark-Jersey City, NY-NJ-PA",36,New York,61,New York,40.81976,-73.94825
02/11/2018,AQS,3,12.9,ug/m3 LC,58,CCNY,1,100,88502,Acceptable PM2.5 AQI & Speciation Mass,702,PM2.5 SCC w/Correction Factor,35620,"New York-Newark-Jersey City, NY-NJ-PA",36,New York,61,New York,40.81976,-73.94825
02/12/2018,AQS,3,8,ug/m3 LC,44,CCNY,1,100,88502,Acceptable PM2.5 AQI & Speciation Mass,702,PM2.5 SCC w/Correction Factor,35620,"New York-Newark-Jersey City, NY-NJ-PA",36,New York,61,New York,40.81976,-73.94825
02/13/2018,AQS,3,7,ug/m3 LC,39,CCNY,1,100,88502,Acceptable PM2.5 AQI & Speciation Mass,702,PM2.5 SCC w/Correction Factor,35620,"New York-Newark-Jersey City, NY-NJ-PA",36,New York,61,New York,40.81976,-73.94825
02/14/2018,AQS,3,10.5,ug/m3 LC,54,CCNY,1,100,88502,Acceptable PM2.5 AQI & Speciation Mass,702,PM2.5 SCC w/Correction Factor,35620,"New York-Newark-Jersey City, NY-NJ-PA",36,New York,61,New York,40.81976,-73.94825
02/15/2018,AQS,3,14.1,ug/m3 LC,60,CCNY,1,100,88502,Acceptable PM2.5 AQI & Speciation Mass,702,PM2.5 SCC w/Correction Factor,35620,"New York-Newark-Jersey City, NY-NJ-PA",36,New York,61,New York,40.81976,-73.94825
02/16/2018,AQS,3,7.2,ug/m3 LC,40,CCNY,1,100,88502,Acceptable PM2.5 AQI & Speciation Mass,702,PM2.5 SCC w/Correction Factor,35620,"New York-Newark-Jersey City, NY-NJ-PA",36,New York,61,New York,40.81976,-73.94825
02/17/2018,AQS,3,6.4,ug/m3 LC,36,CCNY,1,100,88502,Acceptable PM2.5 AQI & Speciation Mass,702,PM2.5 SCC w/Correction Factor,35620,"New York-Newark-Jersey City, NY-NJ-PA",36,New York,61,New York,40.81976,-73.94825
02/18/2018,AQS,3,9.5,ug/m3 LC,52,CCNY,1,100,88502,Acceptable PM2.5 AQI & Speciation Mass,702,PM2.5 SCC w/Correction Factor,35620,"New York-Newark-Jersey City, NY-NJ-PA",36,New York,61,New York,40.81976,-73.94825
02/19/2018,AQS,3,10.3,ug/m3 LC,53,CCNY,1,100,88502,Acceptable PM2.5 AQI & Speciation Mass,702,PM2.5 SCC w/Correction Factor,35620,"New York-Newark-Jersey City, NY-NJ-PA",36,New York,61,New York,40.81976,-73.94825
02/20/2018,AQS,3,14.1,ug/m3 LC,60,CCNY,1,100,88502,Acceptable PM2.5 AQI & Speciation Mass,702,PM2.5 SCC w/Correction Factor,35620,"New York-Newark-Jersey City, NY-NJ-PA",36,New York,61,New York,40.81976,-73.94825
02/21/2018,AQS,3,11.2,ug/m3 LC,55,CCNY,1,100,88502,Acceptable PM2.5 AQI & Speciation Mass,702,PM2.5 SCC w/Correction Factor,35620,"New York-Newark-Jersey City, NY-NJ-PA",36,New York,61,New York,40.81976,-73.94825
02/22/2018,AQS,3,4.8,ug/m3 LC,27,CCNY,1,100,88502,Acceptable PM2.5 AQI & Speciation Mass,702,PM2.5 SCC w/Correction Factor,35620,"New York-Newark-Jersey City, NY-NJ-PA",36,New York,61,New York,40.81976,-73.94825
02/23/2018,AQS,3,5.8,ug/m3 LC,32,CCNY,1,100,88502,Acceptable PM2.5 AQI & Speciation Mass,702,PM2.5 SCC w/Correction Factor,35620,"New York-Newark-Jersey City, NY-NJ-PA",36,New York,61,New York,40.81976,-73.94825
02/24/2018,AQS,3,7.1,ug/m3 LC,39,CCNY,1,100,88502,Acceptable PM2.5 AQI & Speciation Mass,702,PM2.5 SCC w/Correction Factor,35620,"New York-Newark-Jersey City, NY-NJ-PA",36,New York,61,New York,40.81976,-73.94825
02/25/2018,AQS,3,6.4,ug/m3 LC,36,CCNY,1,100,88502,Acceptable PM2.5 AQI & Speciation Mass,702,PM2.5 SCC w/Correction Factor,35620,"New York-Newark-Jersey City, NY-NJ-PA",36,New York,61,New York,40.81976,-73.94825
02/26/2018,AQS,3,6.9,ug/m3 LC,38,CCNY,1,100,88502,Acceptable PM2.5 AQI & Speciation Mass,702,PM2.5 SCC w/Correction Factor,35620,"New York-Newark-Jersey City, NY-NJ-PA",36,New York,61,New York,40.81976,-73.94825
02/27/2018,AQS,3,6.2,ug/m3 LC,34,CCNY,1,100,88502,Acceptable PM2.5 AQI & Speciation Mass,702,PM2.5 SCC w/Correction Factor,35620,"New York-Newark-Jersey City, NY-NJ-PA",36,New York,61,New York,40.81976,-73.94825
02/28/2018,AQS,3,8,ug/m3 LC,44,CCNY,1,100,88502,Acceptable PM2.5 AQI & Speciation Mass,702,PM2.5 SCC w/Correction Factor,35620,"New York-Newark-Jersey City, NY-NJ-PA",36,New York,61,New York,40.81976,-73.94825
03/01/2018,AQS,3,11.9,ug/m3 LC,56,CCNY,1,100,88502,Acceptable PM2.5 AQI & Speciation Mass,702,PM2.5 SCC w/Correction Factor,35620,"New York-Newark-Jersey City, NY-NJ-PA",36,New York,61,New York,40.81976,-73.94825
03/02/2018,AQS,3,4.8,ug/m3 LC,27,CCNY,1,100,88502,Acceptable PM2.5 AQI & Speciation Mass,702,PM2.5 SCC w/Correction Factor,35620,"New York-Newark-Jersey City, NY-NJ-PA",36,New York,61,New York,40.81976,-73.94825
03/03/2018,AQS,3,5.5,ug/m3 LC,31,CCNY,1,100,88502,Acceptable PM2.5 AQI & Speciation Mass,702,PM2.5 SCC w/Correction Factor,35620,"New York-Newark-Jersey City, NY-NJ-PA",36,New York,61,New York,40.81976,-73.94825
03/04/2018,AQS,3,3.8,ug/m3 LC,21,CCNY,1,100,88502,Acceptable PM2.5 AQI & Speciation Mass,702,PM2.5 SCC w/Correction Factor,35620,"New York-Newark-Jersey City, NY-NJ-PA",36,New York,61,New York,40.81976,-73.94825
03/05/2018,AQS,3,4.1,ug/m3 LC,23,CCNY,1,100,88502,Acceptable PM2.5 AQI & Speciation Mass,702,PM2.5 SCC w/Correction Factor,35620,"New York-Newark-Jersey City, NY-NJ-PA",36,New York,61,New York,40.81976,-73.94825
03/06/2018,AQS,3,5.4,ug/m3 LC,30,CCNY,1,100,88502,Acceptable PM2.5 AQI & Speciation Mass,702,PM2.5 SCC w/Correction Factor,35620,"New York-Newark-Jersey City, NY-NJ-PA",36,New York,61,New York,40.81976,-73.94825
03/07/2018,AQS,3,3.5,ug/m3 LC,19,CCNY,1,100,88502,Acceptable PM2.5 AQI & Speciation Mass,702,PM2.5 SCC w/Correction Factor,35620,"New York-Newark-Jersey City, NY-NJ-PA",36,New York,61,New York,40.81976,-73.94825
03/08/2018,AQS,3,5,ug/m3 LC,28,CCNY,1,100,88502,Acceptable PM2.5 AQI & Speciation Mass,702,PM2.5 SCC w/Correction Factor,35620,"New York-Newark-Jersey City, NY-NJ-PA",36,New York,61,New York,40.81976,-73.94825
03/09/2018,AQS,3,5.2,ug/m3 LC,29,CCNY,1,100,88502,Acceptable PM2.5 AQI & Speciation Mass,702,PM2.5 SCC w/Correction Factor,35620,"New York-Newark-Jersey City, NY-NJ-PA",36,New York,61,New York,40.81976,-73.94825
03/10/2018,AQS,3,4.6,ug/m3 LC,26,CCNY,1,100,88502,Acceptable PM2.5 AQI & Speciation Mass,702,PM2.5 SCC w/Correction Factor,35620,"New York-Newark-Jersey City, NY-NJ-PA",36,New York,61,New York,40.81976,-73.94825
03/11/2018,AQS,3,4.9,ug/m3 LC,27,CCNY,1,100,88502,Acceptable PM2.5 AQI & Speciation Mass,702,PM2.5 SCC w/Correction Factor,35620,"New York-Newark-Jersey City, NY-NJ-PA",36,New York,61,New York,40.81976,-73.94825
03/12/2018,AQS,3,4.5,ug/m3 LC,25,CCNY,1,100,88502,Acceptable PM2.5 AQI & Speciation Mass,702,PM2.5 SCC w/Correction Factor,35620,"New York-Newark-Jersey City, NY-NJ-PA",36,New York,61,New York,40.81976,-73.94825
03/13/2018,AQS,3,4.3,ug/m3 LC,24,CCNY,1,100,88502,Acceptable PM2.5 AQI & Speciation Mass,702,PM2.5 SCC w/Correction Factor,35620,"New York-Newark-Jersey City, NY-NJ-PA",36,New York,61,New York,40.81976,-73.94825
03/14/2018,AQS,3,4.6,ug/m3 LC,26,CCNY,1,100,88502,Acceptable PM2.5 AQI & Speciation Mass,702,PM2.5 SCC w/Correction Factor,35620,"New York-Newark-Jersey City, NY-NJ-PA",36,New York,61,New York,40.81976,-73.94825
03/15/2018,AQS,3,7.5,ug/m3 LC,42,CCNY,1,100,88502,Acceptable PM2.5 AQI & Speciation Mass,702,PM2.5 SCC w/Correction Factor,35620,"New York-Newark-Jersey City, NY-NJ-PA",36,New York,61,New York,40.81976,-73.94825
03/16/2018,AQS,3,7.4,ug/m3 LC,41,CCNY,1,100,88502,Acceptable PM2.5 AQI & Speciation Mass,702,PM2.5 SCC w/Correction Factor,35620,"New York-Newark-Jersey City, NY-NJ-PA",36,New York,61,New York,40.81976,-73.94825
03/17/2018,AQS,3,5.5,ug/m3 LC,31,CCNY,1,100,88502,Acceptable PM2.5 AQI & Speciation Mass,702,PM2.5 SCC w/Correction Factor,35620,"New York-Newark-Jersey City, NY-NJ-PA",36,New York,61,New York,40.81976,-73.94825
03/18/2018,AQS,3,4.8,ug/m3 LC,27,CCNY,1,100,88502,Acceptable PM2.5 AQI & Speciation Mass,702,PM2.5 SCC w/Correction Factor,35620,"New York-Newark-Jersey City, NY-NJ-PA",36,New York,61,New York,40.81976,-73.94825
03/19/2018,AQS,3,6,ug/m3 LC,33,CCNY,1,100,88502,Acceptable PM2.5 AQI & Speciation Mass,702,PM2.5 SCC w/Correction Factor,35620,"New York-Newark-Jersey City, NY-NJ-PA",36,New York,61,New York,40.81976,-73.94825
03/20/2018,AQS,3,5.9,ug/m3 LC,33,CCNY,1,100,88502,Acceptable PM2.5 AQI & Speciation Mass,702,PM2.5 SCC w/Correction Factor,35620,"New York-Newark-Jersey City, NY-NJ-PA",36,New York,61,New York,40.81976,-73.94825
03/21/2018,AQS,3,5.9,ug/m3 LC,33,CCNY,1,100,88502,Acceptable PM2.5 AQI & Speciation Mass,702,PM2.5 SCC w/Correction Factor,35620,"New York-Newark-Jersey City, NY-NJ-PA",36,New York,61,New York,40.81976,-73.94825
03/22/2018,AQS,3,5.9,ug/m3 LC,33,CCNY,1,100,88502,Acceptable PM2.5 AQI & Speciation Mass,702,PM2.5 SCC w/Correction Factor,35620,"New York-Newark-Jersey City, NY-NJ-PA",36,New York,61,New York,40.81976,-73.94825
03/23/2018,AQS,3,5.3,ug/m3 LC,29,CCNY,1,100,88502,Acceptable PM2.5 AQI & Speciation Mass,702,PM2.5 SCC w/Correction Factor,35620,"New York-Newark-Jersey City, NY-NJ-PA",36,New York,61,New York,40.81976,-73.94825
03/25/2018,AQS,3,5,ug/m3 LC,28,CCNY,1,100,88502,Acceptable PM2.5 AQI & Speciation Mass,702,PM2.5 SCC w/Correction Factor,35620,"New York-Newark-Jersey City, NY-NJ-PA",36,New York,61,New York,40.81976,-73.94825
03/26/2018,AQS,3,5.9,ug/m3 LC,33,CCNY,1,100,88502,Acceptable PM2.5 AQI & Speciation Mass,702,PM2.5 SCC w/Correction Factor,35620,"New York-Newark-Jersey City, NY-NJ-PA",36,New York,61,New York,40.81976,-73.94825
03/27/2018,AQS,3,6.3,ug/m3 LC,35,CCNY,1,100,88502,Acceptable PM2.5 AQI & Speciation Mass,702,PM2.5 SCC w/Correction Factor,35620,"New York-Newark-Jersey City, NY-NJ-PA",36,New York,61,New York,40.81976,-73.94825
03/28/2018,AQS,3,10.1,ug/m3 LC,53,CCNY,1,100,88502,Acceptable PM2.5 AQI & Speciation Mass,702,PM2.5 SCC w/Correction Factor,35620,"New York-Newark-Jersey City, NY-NJ-PA",36,New York,61,New York,40.81976,-73.94825
03/29/2018,AQS,3,12.8,ug/m3 LC,58,CCNY,1,100,88502,Acceptable PM2.5 AQI & Speciation Mass,702,PM2.5 SCC w/Correction Factor,35620,"New York-Newark-Jersey City, NY-NJ-PA",36,New York,61,New York,40.81976,-73.94825
03/30/2018,AQS,3,11.4,ug/m3 LC,55,CCNY,1,100,88502,Acceptable PM2.5 AQI & Speciation Mass,702,PM2.5 SCC w/Correction Factor,35620,"New York-Newark-Jersey City, NY-NJ-PA",36,New York,61,New York,40.81976,-73.94825
03/31/2018,AQS,3,3.8,ug/m3 LC,21,CCNY,1,100,88502,Acceptable PM2.5 AQI & Speciation Mass,702,PM2.5 SCC w/Correction Factor,35620,"New York-Newark-Jersey City, NY-NJ-PA",36,New York,61,New York,40.81976,-73.94825
04/01/2018,AQS,3,5.4,ug/m3 LC,30,CCNY,1,100,88502,Acceptable PM2.5 AQI & Speciation Mass,702,PM2.5 SCC w/Correction Factor,35620,"New York-Newark-Jersey City, NY-NJ-PA",36,New York,61,New York,40.81976,-73.94825
04/02/2018,AQS,3,5.9,ug/m3 LC,33,CCNY,1,100,88502,Acceptable PM2.5 AQI & Speciation Mass,702,PM2.5 SCC w/Correction Factor,35620,"New York-Newark-Jersey City, NY-NJ-PA",36,New York,61,New York,40.81976,-73.94825
04/03/2018,AQS,3,4.9,ug/m3 LC,27,CCNY,1,100,88502,Acceptable PM2.5 AQI & Speciation Mass,702,PM2.5 SCC w/Correction Factor,35620,"New York-Newark-Jersey City, NY-NJ-PA",36,New York,61,New York,40.81976,-73.94825
04/04/2018,AQS,3,7.6,ug/m3 LC,42,CCNY,1,100,88502,Acceptable PM2.5 AQI & Speciation Mass,702,PM2.5 SCC w/Correction Factor,35620,"New York-Newark-Jersey City, NY-NJ-PA",36,New York,61,New York,40.81976,-73.94825
04/05/2018,AQS,3,4.3,ug/m3 LC,24,CCNY,1,100,88502,Acceptable PM2.5 AQI & Speciation Mass,702,PM2.5 SCC w/Correction Factor,35620,"New York-Newark-Jersey City, NY-NJ-PA",36,New York,61,New York,40.81976,-73.94825
04/06/2018,AQS,3,9.3,ug/m3 LC,51,CCNY,1,100,88502,Acceptable PM2.5 AQI & Speciation Mass,702,PM2.5 SCC w/Correction Factor,35620,"New York-Newark-Jersey City, NY-NJ-PA",36,New York,61,New York,40.81976,-73.94825
04/07/2018,AQS,3,3.8,ug/m3 LC,21,CCNY,1,100,88502,Acceptable PM2.5 AQI & Speciation Mass,702,PM2.5 SCC w/Correction Factor,35620,"New York-Newark-Jersey City, NY-NJ-PA",36,New York,61,New York,40.81976,-73.94825
04/08/2018,AQS,3,5,ug/m3 LC,28,CCNY,1,100,88502,Acceptable PM2.5 AQI & Speciation Mass,702,PM2.5 SCC w/Correction Factor,35620,"New York-Newark-Jersey City, NY-NJ-PA",36,New York,61,New York,40.81976,-73.94825
04/09/2018,AQS,3,5.4,ug/m3 LC,30,CCNY,1,100,88502,Acceptable PM2.5 AQI & Speciation Mass,702,PM2.5 SCC w/Correction Factor,35620,"New York-Newark-Jersey City, NY-NJ-PA",36,New York,61,New York,40.81976,-73.94825
04/10/2018,AQS,3,7.9,ug/m3 LC,44,CCNY,1,100,88502,Acceptable PM2.5 AQI & Speciation Mass,702,PM2.5 SCC w/Correction Factor,35620,"New York-Newark-Jersey City, NY-NJ-PA",36,New York,61,New York,40.81976,-73.94825
04/11/2018,AQS,3,8.8,ug/m3 LC,49,CCNY,1,100,88502,Acceptable PM2.5 AQI & Speciation Mass,702,PM2.5 SCC w/Correction Factor,35620,"New York-Newark-Jersey City, NY-NJ-PA",36,New York,61,New York,40.81976,-73.94825
04/12/2018,AQS,3,14.3,ug/m3 LC,61,CCNY,1,100,88502,Acceptable PM2.5 AQI & Speciation Mass,702,PM2.5 SCC w/Correction Factor,35620,"New York-Newark-Jersey City, NY-NJ-PA",36,New York,61,New York,40.81976,-73.94825
04/13/2018,AQS,3,17.5,ug/m3 LC,67,CCNY,1,100,88502,Acceptable PM2.5 AQI & Speciation Mass,702,PM2.5 SCC w/Correction Factor,35620,"New York-Newark-Jersey City, NY-NJ-PA",36,New York,61,New York,40.81976,-73.94825
04/14/2018,AQS,3,15.9,ug/m3 LC,64,CCNY,1,100,88502,Acceptable PM2.5 AQI & Speciation Mass,702,PM2.5 SCC w/Correction Factor,35620,"New York-Newark-Jersey City, NY-NJ-PA",36,New York,61,New York,40.81976,-73.94825
04/15/2018,AQS,3,9.8,ug/m3 LC,52,CCNY,1,100,88502,Acceptable PM2.5 AQI & Speciation Mass,702,PM2.5 SCC w/Correction Factor,35620,"New York-Newark-Jersey City, NY-NJ-PA",36,New York,61,New York,40.81976,-73.94825
04/16/2018,AQS,3,6.4,ug/m3 LC,36,CCNY,1,100,88502,Acceptable PM2.5 AQI & Speciation Mass,702,PM2.5 SCC w/Correction Factor,35620,"New York-Newark-Jersey City, NY-NJ-PA",36,New York,61,New York,40.81976,-73.94825
04/17/2018,AQS,3,2.4,ug/m3 LC,13,CCNY,1,100,88502,Acceptable PM2.5 AQI & Speciation Mass,702,PM2.5 SCC w/Correction Factor,35620,"New York-Newark-Jersey City, NY-NJ-PA",36,New York,61,New York,40.81976,-73.94825
04/18/2018,AQS,3,4,ug/m3 LC,22,CCNY,1,100,88502,Acceptable PM2.5 AQI & Speciation Mass,702,PM2.5 SCC w/Correction Factor,35620,"New York-Newark-Jersey City, NY-NJ-PA",36,New York,61,New York,40.81976,-73.94825
04/19/2018,AQS,3,4.6,ug/m3 LC,26,CCNY,1,100,88502,Acceptable PM2.5 AQI & Speciation Mass,702,PM2.5 SCC w/Correction Factor,35620,"New York-Newark-Jersey City, NY-NJ-PA",36,New York,61,New York,40.81976,-73.94825
04/20/2018,AQS,3,4.2,ug/m3 LC,23,CCNY,1,100,88502,Acceptable PM2.5 AQI & Speciation Mass,702,PM2.5 SCC w/Correction Factor,35620,"New York-Newark-Jersey City, NY-NJ-PA",36,New York,61,New York,40.81976,-73.94825
04/22/2018,AQS,3,4.2,ug/m3 LC,23,CCNY,1,100,88502,Acceptable PM2.5 AQI & Speciation Mass,702,PM2.5 SCC w/Correction Factor,35620,"New York-Newark-Jersey City, NY-NJ-PA",36,New York,61,New York,40.81976,-73.94825
04/23/2018,AQS,3,9.6,ug/m3 LC,52,CCNY,1,100,88502,Acceptable PM2.5 AQI & Speciation Mass,702,PM2.5 SCC w/Correction Factor,35620,"New York-Newark-Jersey City, NY-NJ-PA",36,New York,61,New York,40.81976,-73.94825
04/24/2018,AQS,3,5.9,ug/m3 LC,33,CCNY,1,100,88502,Acceptable PM2.5 AQI & Speciation Mass,702,PM2.5 SCC w/Correction Factor,35620,"New York-Newark-Jersey City, NY-NJ-PA",36,New York,61,New York,40.81976,-73.94825
04/25/2018,AQS,3,5.2,ug/m3 LC,29,CCNY,1,100,88502,Acceptable PM2.5 AQI & Speciation Mass,702,PM2.5 SCC w/Correction Factor,35620,"New York-Newark-Jersey City, NY-NJ-PA",36,New York,61,New York,40.81976,-73.94825
04/26/2018,AQS,3,3.8,ug/m3 LC,21,CCNY,1,100,88502,Acceptable PM2.5 AQI & Speciation Mass,702,PM2.5 SCC w/Correction Factor,35620,"New York-Newark-Jersey City, NY-NJ-PA",36,New York,61,New York,40.81976,-73.94825
04/27/2018,AQS,3,4.3,ug/m3 LC,24,CCNY,1,100,88502,Acceptable PM2.5 AQI & Speciation Mass,702,PM2.5 SCC w/Correction Factor,35620,"New York-Newark-Jersey City, NY-NJ-PA",36,New York,61,New York,40.81976,-73.94825
04/28/2018,AQS,3,7.6,ug/m3 LC,42,CCNY,1,100,88502,Acceptable PM2.5 AQI & Speciation Mass,702,PM2.5 SCC w/Correction Factor,35620,"New York-Newark-Jersey City, NY-NJ-PA",36,New York,61,New York,40.81976,-73.94825
04/29/2018,AQS,3,3.4,ug/m3 LC,19,CCNY,1,100,88502,Acceptable PM2.5 AQI & Speciation Mass,702,PM2.5 SCC w/Correction Factor,35620,"New York-Newark-Jersey City, NY-NJ-PA",36,New York,61,New York,40.81976,-73.94825
04/30/2018,AQS,3,3.8,ug/m3 LC,21,CCNY,1,100,88502,Acceptable PM2.5 AQI & Speciation Mass,702,PM2.5 SCC w/Correction Factor,35620,"New York-Newark-Jersey City, NY-NJ-PA",36,New York,61,New York,40.81976,-73.94825
05/01/2018,AQS,3,8.2,ug/m3 LC,46,CCNY,1,100,88502,Acceptable PM2.5 AQI & Speciation Mass,702,PM2.5 SCC w/Correction Factor,35620,"New York-Newark-Jersey City, NY-NJ-PA",36,New York,61,New York,40.81976,-73.94825
05/02/2018,AQS,3,11.1,ug/m3 LC,55,CCNY,1,100,88502,Acceptable PM2.5 AQI & Speciation Mass,702,PM2.5 SCC w/Correction Factor,35620,"New York-Newark-Jersey City, NY-NJ-PA",36,New York,61,New York,40.81976,-73.94825
05/03/2018,AQS,3,14.6,ug/m3 LC,61,CCNY,1,100,88502,Acceptable PM2.5 AQI & Speciation Mass,702,PM2.5 SCC w/Correction Factor,35620,"New York-Newark-Jersey City, NY-NJ-PA",36,New York,61,New York,40.81976,-73.94825
05/04/2018,AQS,3,11.5,ug/m3 LC,55,CCNY,1,100,88502,Acceptable PM2.5 AQI & Speciation Mass,702,PM2.5 SCC w/Correction Factor,35620,"New York-Newark-Jersey City, NY-NJ-PA",36,New York,61,New York,40.81976,-73.94825
05/05/2018,AQS,3,4.8,ug/m3 LC,27,CCNY,1,100,88502,Acceptable PM2.5 AQI & Speciation Mass,702,PM2.5 SCC w/Correction Factor,35620,"New York-Newark-Jersey City, NY-NJ-PA",36,New York,61,New York,40.81976,-73.94825
05/06/2018,AQS,3,7.3,ug/m3 LC,41,CCNY,1,100,88502,Acceptable PM2.5 AQI & Speciation Mass,702,PM2.5 SCC w/Correction Factor,35620,"New York-Newark-Jersey City, NY-NJ-PA",36,New York,61,New York,40.81976,-73.94825
05/07/2018,AQS,3,7.3,ug/m3 LC,41,CCNY,1,100,88502,Acceptable PM2.5 AQI & Speciation Mass,702,PM2.5 SCC w/Correction Factor,35620,"New York-Newark-Jersey City, NY-NJ-PA",36,New York,61,New York,40.81976,-73.94825
05/08/2018,AQS,3,6.6,ug/m3 LC,37,CCNY,1,100,88502,Acceptable PM2.5 AQI & Speciation Mass,702,PM2.5 SCC w/Correction Factor,35620,"New York-Newark-Jersey City, NY-NJ-PA",36,New York,61,New York,40.81976,-73.94825
05/09/2018,AQS,3,7.2,ug/m3 LC,40,CCNY,1,100,88502,Acceptable PM2.5 AQI & Speciation Mass,702,PM2.5 SCC w/Correction Factor,35620,"New York-Newark-Jersey City, NY-NJ-PA",36,New York,61,New York,40.81976,-73.94825
05/10/2018,AQS,3,4.6,ug/m3 LC,26,CCNY,1,100,88502,Acceptable PM2.5 AQI & Speciation Mass,702,PM2.5 SCC w/Correction Factor,35620,"New York-Newark-Jersey City, NY-NJ-PA",36,New York,61,New York,40.81976,-73.94825
05/11/2018,AQS,3,4.5,ug/m3 LC,25,CCNY,1,100,88502,Acceptable PM2.5 AQI & Speciation Mass,702,PM2.5 SCC w/Correction Factor,35620,"New York-Newark-Jersey City, NY-NJ-PA",36,New York,61,New York,40.81976,-73.94825
05/12/2018,AQS,3,5.1,ug/m3 LC,28,CCNY,1,100,88502,Acceptable PM2.5 AQI & Speciation Mass,702,PM2.5 SCC w/Correction Factor,35620,"New York-Newark-Jersey City, NY-NJ-PA",36,New York,61,New York,40.81976,-73.94825
05/13/2018,AQS,3,2.8,ug/m3 LC,16,CCNY,1,100,88502,Acceptable PM2.5 AQI & Speciation Mass,702,PM2.5 SCC w/Correction Factor,35620,"New York-Newark-Jersey City, NY-NJ-PA",36,New York,61,New York,40.81976,-73.94825
05/14/2018,AQS,3,6.7,ug/m3 LC,37,CCNY,1,100,88502,Acceptable PM2.5 AQI & Speciation Mass,702,PM2.5 SCC w/Correction Factor,35620,"New York-Newark-Jersey City, NY-NJ-PA",36,New York,61,New York,40.81976,-73.94825
05/15/2018,AQS,3,11.4,ug/m3 LC,55,CCNY,1,100,88502,Acceptable PM2.5 AQI & Speciation Mass,702,PM2.5 SCC w/Correction Factor,35620,"New York-Newark-Jersey City, NY-NJ-PA",36,New York,61,New York,40.81976,-73.94825
05/16/2018,AQS,3,5.8,ug/m3 LC,32,CCNY,1,100,88502,Acceptable PM2.5 AQI & Speciation Mass,702,PM2.5 SCC w/Correction Factor,35620,"New York-Newark-Jersey City, NY-NJ-PA",36,New York,61,New York,40.81976,-73.94825
05/17/2018,AQS,3,7.5,ug/m3 LC,42,CCNY,1,100,88502,Acceptable PM2.5 AQI & Speciation Mass,702,PM2.5 SCC w/Correction Factor,35620,"New York-Newark-Jersey City, NY-NJ-PA",36,New York,61,New York,40.81976,-73.94825
05/18/2018,AQS,3,4.4,ug/m3 LC,24,CCNY,1,100,88502,Acceptable PM2.5 AQI & Speciation Mass,702,PM2.5 SCC w/Correction Factor,35620,"New York-Newark-Jersey City, NY-NJ-PA",36,New York,61,New York,40.81976,-73.94825
05/19/2018,AQS,3,3,ug/m3 LC,17,CCNY,1,100,88502,Acceptable PM2.5 AQI & Speciation Mass,702,PM2.5 SCC w/Correction Factor,35620,"New York-Newark-Jersey City, NY-NJ-PA",36,New York,61,New York,40.81976,-73.94825
05/20/2018,AQS,3,5.1,ug/m3 LC,28,CCNY,1,100,88502,Acceptable PM2.5 AQI & Speciation Mass,702,PM2.5 SCC w/Correction Factor,35620,"New York-Newark-Jersey City, NY-NJ-PA",36,New York,61,New York,40.81976,-73.94825
05/21/2018,AQS,3,5.2,ug/m3 LC,29,CCNY,1,100,88502,Acceptable PM2.5 AQI & Speciation Mass,702,PM2.5 SCC w/Correction Factor,35620,"New York-Newark-Jersey City, NY-NJ-PA",36,New York,61,New York,40.81976,-73.94825
05/22/2018,AQS,3,8.2,ug/m3 LC,46,CCNY,1,100,88502,Acceptable PM2.5 AQI & Speciation Mass,702,PM2.5 SCC w/Correction Factor,35620,"New York-Newark-Jersey City, NY-NJ-PA",36,New York,61,New York,40.81976,-73.94825
05/24/2018,AQS,3,6.8,ug/m3 LC,38,CCNY,1,100,88502,Acceptable PM2.5 AQI & Speciation Mass,702,PM2.5 SCC w/Correction Factor,35620,"New York-Newark-Jersey City, NY-NJ-PA",36,New York,61,New York,40.81976,-73.94825
05/25/2018,AQS,3,11,ug/m3 LC,55,CCNY,1,100,88502,Acceptable PM2.5 AQI & Speciation Mass,702,PM2.5 SCC w/Correction Factor,35620,"New York-Newark-Jersey City, NY-NJ-PA",36,New York,61,New York,40.81976,-73.94825
05/26/2018,AQS,3,14.6,ug/m3 LC,61,CCNY,1,100,88502,Acceptable PM2.5 AQI & Speciation Mass,702,PM2.5 SCC w/Correction Factor,35620,"New York-Newark-Jersey City, NY-NJ-PA",36,New York,61,New York,40.81976,-73.94825
05/27/2018,AQS,3,7.2,ug/m3 LC,40,CCNY,1,100,88502,Acceptable PM2.5 AQI & Speciation Mass,702,PM2.5 SCC w/Correction Factor,35620,"New York-Newark-Jersey City, NY-NJ-PA",36,New York,61,New York,40.81976,-73.94825
05/28/2018,AQS,3,4.6,ug/m3 LC,26,CCNY,1,100,88502,Acceptable PM2.5 AQI & Speciation Mass,702,PM2.5 SCC w/Correction Factor,35620,"New York-Newark-Jersey City, NY-NJ-PA",36,New York,61,New York,40.81976,-73.94825
05/29/2018,AQS,3,12.2,ug/m3 LC,57,CCNY,1,100,88502,Acceptable PM2.5 AQI & Speciation Mass,702,PM2.5 SCC w/Correction Factor,35620,"New York-Newark-Jersey City, NY-NJ-PA",36,New York,61,New York,40.81976,-73.94825
05/30/2018,AQS,3,5.4,ug/m3 LC,30,CCNY,1,100,88502,Acceptable PM2.5 AQI & Speciation Mass,702,PM2.5 SCC w/Correction Factor,35620,"New York-Newark-Jersey City, NY-NJ-PA",36,New York,61,New York,40.81976,-73.94825
05/31/2018,AQS,3,6.9,ug/m3 LC,38,CCNY,1,100,88502,Acceptable PM2.5 AQI & Speciation Mass,702,PM2.5 SCC w/Correction Factor,35620,"New York-Newark-Jersey City, NY-NJ-PA",36,New York,61,New York,40.81976,-73.94825
06/01/2018,AQS,3,9.5,ug/m3 LC,52,CCNY,1,100,88502,Acceptable PM2.5 AQI & Speciation Mass,702,PM2.5 SCC w/Correction Factor,35620,"New York-Newark-Jersey City, NY-NJ-PA",36,New York,61,New York,40.81976,-73.94825
06/02/2018,AQS,3,6.4,ug/m3 LC,36,CCNY,1,100,88502,Acceptable PM2.5 AQI & Speciation Mass,702,PM2.5 SCC w/Correction Factor,35620,"New York-Newark-Jersey City, NY-NJ-PA",36,New York,61,New York,40.81976,-73.94825
06/03/2018,AQS,3,1.9,ug/m3 LC,11,CCNY,1,100,88502,Acceptable PM2.5 AQI & Speciation Mass,702,PM2.5 SCC w/Correction Factor,35620,"New York-Newark-Jersey City, NY-NJ-PA",36,New York,61,New York,40.81976,-73.94825
06/05/2018,AQS,3,4.1,ug/m3 LC,23,CCNY,1,100,88502,Acceptable PM2.5 AQI & Speciation Mass,702,PM2.5 SCC w/Correction Factor,35620,"New York-Newark-Jersey City, NY-NJ-PA",36,New York,61,New York,40.81976,-73.94825
06/06/2018,AQS,3,3.9,ug/m3 LC,22,CCNY,1,100,88502,Acceptable PM2.5 AQI & Speciation Mass,702,PM2.5 SCC w/Correction Factor,35620,"New York-Newark-Jersey City, NY-NJ-PA",36,New York,61,New York,40.81976,-73.94825
06/07/2018,AQS,3,4,ug/m3 LC,22,CCNY,1,100,88502,Acceptable PM2.5 AQI & Speciation Mass,702,PM2.5 SCC w/Correction Factor,35620,"New York-Newark-Jersey City, NY-NJ-PA",36,New York,61,New York,40.81976,-73.94825
06/08/2018,AQS,3,9.7,ug/m3 LC,52,CCNY,1,100,88502,Acceptable PM2.5 AQI & Speciation Mass,702,PM2.5 SCC w/Correction Factor,35620,"New York-Newark-Jersey City, NY-NJ-PA",36,New York,61,New York,40.81976,-73.94825
06/09/2018,AQS,3,8.7,ug/m3 LC,48,CCNY,1,100,88502,Acceptable PM2.5 AQI & Speciation Mass,702,PM2.5 SCC w/Correction Factor,35620,"New York-Newark-Jersey City, NY-NJ-PA",36,New York,61,New York,40.81976,-73.94825
06/10/2018,AQS,3,5.8,ug/m3 LC,32,CCNY,1,100,88502,Acceptable PM2.5 AQI & Speciation Mass,702,PM2.5 SCC w/Correction Factor,35620,"New York-Newark-Jersey City, NY-NJ-PA",36,New York,61,New York,40.81976,-73.94825
06/11/2018,AQS,3,4.3,ug/m3 LC,24,CCNY,1,100,88502,Acceptable PM2.5 AQI & Speciation Mass,702,PM2.5 SCC w/Correction Factor,35620,"New York-Newark-Jersey City, NY-NJ-PA",36,New York,61,New York,40.81976,-73.94825
06/12/2018,AQS,3,4.1,ug/m3 LC,23,CCNY,1,100,88502,Acceptable PM2.5 AQI & Speciation Mass,702,PM2.5 SCC w/Correction Factor,35620,"New York-Newark-Jersey City, NY-NJ-PA",36,New York,61,New York,40.81976,-73.94825
06/13/2018,AQS,3,6.7,ug/m3 LC,37,CCNY,1,100,88502,Acceptable PM2.5 AQI & Speciation Mass,702,PM2.5 SCC w/Correction Factor,35620,"New York-Newark-Jersey City, NY-NJ-PA",36,New York,61,New York,40.81976,-73.94825
06/14/2018,AQS,3,3.6,ug/m3 LC,20,CCNY,1,100,88502,Acceptable PM2.5 AQI & Speciation Mass,702,PM2.5 SCC w/Correction Factor,35620,"New York-Newark-Jersey City, NY-NJ-PA",36,New York,61,New York,40.81976,-73.94825
06/15/2018,AQS,3,2.7,ug/m3 LC,15,CCNY,1,100,88502,Acceptable PM2.5 AQI & Speciation Mass,702,PM2.5 SCC w/Correction Factor,35620,"New York-Newark-Jersey City, NY-NJ-PA",36,New York,61,New York,40.81976,-73.94825
06/16/2018,AQS,3,6.8,ug/m3 LC,38,CCNY,1,100,88502,Acceptable PM2.5 AQI & Speciation Mass,702,PM2.5 SCC w/Correction Factor,35620,"New York-Newark-Jersey City, NY-NJ-PA",36,New York,61,New York,40.81976,-73.94825
06/17/2018,AQS,3,9.9,ug/m3 LC,52,CCNY,1,100,88502,Acceptable PM2.5 AQI & Speciation Mass,702,PM2.5 SCC w/Correction Factor,35620,"New York-Newark-Jersey City, NY-NJ-PA",36,New York,61,New York,40.81976,-73.94825
06/18/2018,AQS,3,15.3,ug/m3 LC,63,CCNY,1,100,88502,Acceptable PM2.5 AQI & Speciation Mass,702,PM2.5 SCC w/Correction Factor,35620,"New York-Newark-Jersey City, NY-NJ-PA",36,New York,61,New York,40.81976,-73.94825
06/19/2018,AQS,3,6.1,ug/m3 LC,34,CCNY,1,100,88502,Acceptable PM2.5 AQI & Speciation Mass,702,PM2.5 SCC w/Correction Factor,35620,"New York-Newark-Jersey City, NY-NJ-PA",36,New York,61,New York,40.81976,-73.94825
06/20/2018,AQS,3,5.4,ug/m3 LC,30,CCNY,1,100,88502,Acceptable PM2.5 AQI & Speciation Mass,702,PM2.5 SCC w/Correction Factor,35620,"New York-Newark-Jersey City, NY-NJ-PA",36,New York,61,New York,40.81976,-73.94825
06/21/2018,AQS,3,7,ug/m3 LC,39,CCNY,1,100,88502,Acceptable PM2.5 AQI & Speciation Mass,702,PM2.5 SCC w/Correction Factor,35620,"New York-Newark-Jersey City, NY-NJ-PA",36,New York,61,New York,40.81976,-73.94825
06/22/2018,AQS,3,4.9,ug/m3 LC,27,CCNY,1,100,88502,Acceptable PM2.5 AQI & Speciation Mass,702,PM2.5 SCC w/Correction Factor,35620,"New York-Newark-Jersey City, NY-NJ-PA",36,New York,61,New York,40.81976,-73.94825
06/23/2018,AQS,3,4.4,ug/m3 LC,24,CCNY,1,100,88502,Acceptable PM2.5 AQI & Speciation Mass,702,PM2.5 SCC w/Correction Factor,35620,"New York-Newark-Jersey City, NY-NJ-PA",36,New York,61,New York,40.81976,-73.94825
06/24/2018,AQS,3,9.6,ug/m3 LC,52,CCNY,1,100,88502,Acceptable PM2.5 AQI & Speciation Mass,702,PM2.5 SCC w/Correction Factor,35620,"New York-Newark-Jersey City, NY-NJ-PA",36,New York,61,New York,40.81976,-73.94825
06/25/2018,AQS,3,3.6,ug/m3 LC,20,CCNY,1,100,88502,Acceptable PM2.5 AQI & Speciation Mass,702,PM2.5 SCC w/Correction Factor,35620,"New York-Newark-Jersey City, NY-NJ-PA",36,New York,61,New York,40.81976,-73.94825
06/26/2018,AQS,3,4.7,ug/m3 LC,26,CCNY,1,100,88502,Acceptable PM2.5 AQI & Speciation Mass,702,PM2.5 SCC w/Correction Factor,35620,"New York-Newark-Jersey City, NY-NJ-PA",36,New York,61,New York,40.81976,-73.94825
06/27/2018,AQS,3,3.8,ug/m3 LC,21,CCNY,1,100,88502,Acceptable PM2.5 AQI & Speciation Mass,702,PM2.5 SCC w/Correction Factor,35620,"New York-Newark-Jersey City, NY-NJ-PA",36,New York,61,New York,40.81976,-73.94825
06/28/2018,AQS,3,7,ug/m3 LC,39,CCNY,1,100,88502,Acceptable PM2.5 AQI & Speciation Mass,702,PM2.5 SCC w/Correction Factor,35620,"New York-Newark-Jersey City, NY-NJ-PA",36,New York,61,New York,40.81976,-73.94825
06/29/2018,AQS,3,6.3,ug/m3 LC,35,CCNY,1,100,88502,Acceptable PM2.5 AQI & Speciation Mass,702,PM2.5 SCC w/Correction Factor,35620,"New York-Newark-Jersey City, NY-NJ-PA",36,New York,61,New York,40.81976,-73.94825
06/30/2018,AQS,3,11.2,ug/m3 LC,55,CCNY,1,100,88502,Acceptable PM2.5 AQI & Speciation Mass,702,PM2.5 SCC w/Correction Factor,35620,"New York-Newark-Jersey City, NY-NJ-PA",36,New York,61,New York,40.81976,-73.94825
07/01/2018,AQS,3,20.8,ug/m3 LC,73,CCNY,1,100,88502,Acceptable PM2.5 AQI & Speciation Mass,702,PM2.5 SCC w/Correction Factor,35620,"New York-Newark-Jersey City, NY-NJ-PA",36,New York,61,New York,40.81976,-73.94825
07/02/2018,AQS,3,25.4,ug/m3 LC,81,CCNY,1,100,88502,Acceptable PM2.5 AQI & Speciation Mass,702,PM2.5 SCC w/Correction Factor,35620,"New York-Newark-Jersey City, NY-NJ-PA",36,New York,61,New York,40.81976,-73.94825
07/03/2018,AQS,3,23.2,ug/m3 LC,77,CCNY,1,100,88502,Acceptable PM2.5 AQI & Speciation Mass,702,PM2.5 SCC w/Correction Factor,35620,"New York-Newark-Jersey City, NY-NJ-PA",36,New York,61,New York,40.81976,-73.94825
07/04/2018,AQS,3,16.5,ug/m3 LC,65,CCNY,1,100,88502,Acceptable PM2.5 AQI & Speciation Mass,702,PM2.5 SCC w/Correction Factor,35620,"New York-Newark-Jersey City, NY-NJ-PA",36,New York,61,New York,40.81976,-73.94825
07/05/2018,AQS,3,5.4,ug/m3 LC,30,CCNY,1,100,88502,Acceptable PM2.5 AQI & Speciation Mass,702,PM2.5 SCC w/Correction Factor,35620,"New York-Newark-Jersey City, NY-NJ-PA",36,New York,61,New York,40.81976,-73.94825
07/08/2018,AQS,3,4.2,ug/m3 LC,23,CCNY,1,100,88502,Acceptable PM2.5 AQI & Speciation Mass,702,PM2.5 SCC w/Correction Factor,35620,"New York-Newark-Jersey City, NY-NJ-PA",36,New York,61,New York,40.81976,-73.94825
07/09/2018,AQS,3,7,ug/m3 LC,39,CCNY,1,100,88502,Acceptable PM2.5 AQI & Speciation Mass,702,PM2.5 SCC w/Correction Factor,35620,"New York-Newark-Jersey City, NY-NJ-PA",36,New York,61,New York,40.81976,-73.94825
07/10/2018,AQS,3,9.6,ug/m3 LC,52,CCNY,1,100,88502,Acceptable PM2.5 AQI & Speciation Mass,702,PM2.5 SCC w/Correction Factor,35620,"New York-Newark-Jersey City, NY-NJ-PA",36,New York,61,New York,40.81976,-73.94825
07/11/2018,AQS,3,10.1,ug/m3 LC,53,CCNY,1,100,88502,Acceptable PM2.5 AQI & Speciation Mass,702,PM2.5 SCC w/Correction Factor,35620,"New York-Newark-Jersey City, NY-NJ-PA",36,New York,61,New York,40.81976,-73.94825
07/12/2018,AQS,3,7.2,ug/m3 LC,40,CCNY,1,100,88502,Acceptable PM2.5 AQI & Speciation Mass,702,PM2.5 SCC w/Correction Factor,35620,"New York-Newark-Jersey City, NY-NJ-PA",36,New York,61,New York,40.81976,-73.94825
07/13/2018,AQS,3,8.8,ug/m3 LC,49,CCNY,1,100,88502,Acceptable PM2.5 AQI & Speciation Mass,702,PM2.5 SCC w/Correction Factor,35620,"New York-Newark-Jersey City, NY-NJ-PA",36,New York,61,New York,40.81976,-73.94825
07/14/2018,AQS,3,8.8,ug/m3 LC,49,CCNY,1,100,88502,Acceptable PM2.5 AQI & Speciation Mass,702,PM2.5 SCC w/Correction Factor,35620,"New York-Newark-Jersey City, NY-NJ-PA",36,New York,61,New York,40.81976,-73.94825
07/15/2018,AQS,3,5.7,ug/m3 LC,32,CCNY,1,100,88502,Acceptable PM2.5 AQI & Speciation Mass,702,PM2.5 SCC w/Correction Factor,35620,"New York-Newark-Jersey City, NY-NJ-PA",36,New York,61,New York,40.81976,-73.94825
07/16/2018,AQS,3,13.5,ug/m3 LC,59,CCNY,1,100,88502,Acceptable PM2.5 AQI & Speciation Mass,702,PM2.5 SCC w/Correction Factor,35620,"New York-Newark-Jersey City, NY-NJ-PA",36,New York,61,New York,40.81976,-73.94825
07/17/2018,AQS,3,11.1,ug/m3 LC,55,CCNY,1,100,88502,Acceptable PM2.5 AQI & Speciation Mass,702,PM2.5 SCC w/Correction Factor,35620,"New York-Newark-Jersey City, NY-NJ-PA",36,New York,61,New York,40.81976,-73.94825
07/18/2018,AQS,3,4.3,ug/m3 LC,24,CCNY,1,100,88502,Acceptable PM2.5 AQI & Speciation Mass,702,PM2.5 SCC w/Correction Factor,35620,"New York-Newark-Jersey City, NY-NJ-PA",36,New York,61,New York,40.81976,-73.94825
07/19/2018,AQS,3,5.3,ug/m3 LC,29,CCNY,1,100,88502,Acceptable PM2.5 AQI & Speciation Mass,702,PM2.5 SCC w/Correction Factor,35620,"New York-Newark-Jersey City, NY-NJ-PA",36,New York,61,New York,40.81976,-73.94825
07/20/2018,AQS,3,6.8,ug/m3 LC,38,CCNY,1,100,88502,Acceptable PM2.5 AQI & Speciation Mass,702,PM2.5 SCC w/Correction Factor,35620,"New York-Newark-Jersey City, NY-NJ-PA",36,New York,61,New York,40.81976,-73.94825
07/21/2018,AQS,3,4.8,ug/m3 LC,27,CCNY,1,100,88502,Acceptable PM2.5 AQI & Speciation Mass,702,PM2.5 SCC w/Correction Factor,35620,"New York-Newark-Jersey City, NY-NJ-PA",36,New York,61,New York,40.81976,-73.94825
07/22/2018,AQS,3,6.2,ug/m3 LC,34,CCNY,1,100,88502,Acceptable PM2.5 AQI & Speciation Mass,702,PM2.5 SCC w/Correction Factor,35620,"New York-Newark-Jersey City, NY-NJ-PA",36,New York,61,New York,40.81976,-73.94825
07/23/2018,AQS,3,10.5,ug/m3 LC,54,CCNY,1,100,88502,Acceptable PM2.5 AQI & Speciation Mass,702,PM2.5 SCC w/Correction Factor,35620,"New York-Newark-Jersey City, NY-NJ-PA",36,New York,61,New York,40.81976,-73.94825
07/24/2018,AQS,3,6.3,ug/m3 LC,35,CCNY,1,100,88502,Acceptable PM2.5 AQI & Speciation Mass,702,PM2.5 SCC w/Correction Factor,35620,"New York-Newark-Jersey City, NY-NJ-PA",36,New York,61,New York,40.81976,-73.94825
07/25/2018,AQS,3,3.6,ug/m3 LC,20,CCNY,1,100,88502,Acceptable PM2.5 AQI & Speciation Mass,702,PM2.5 SCC w/Correction Factor,35620,"New York-Newark-Jersey City, NY-NJ-PA",36,New York,61,New York,40.81976,-73.94825
07/26/2018,AQS,3,5.4,ug/m3 LC,30,CCNY,1,100,88502,Acceptable PM2.5 AQI & Speciation Mass,702,PM2.5 SCC w/Correction Factor,35620,"New York-Newark-Jersey City, NY-NJ-PA",36,New York,61,New York,40.81976,-73.94825
07/27/2018,AQS,3,11.9,ug/m3 LC,56,CCNY,1,100,88502,Acceptable PM2.5 AQI & Speciation Mass,702,PM2.5 SCC w/Correction Factor,35620,"New York-Newark-Jersey City, NY-NJ-PA",36,New York,61,New York,40.81976,-73.94825
07/28/2018,AQS,3,9.8,ug/m3 LC,52,CCNY,1,100,88502,Acceptable PM2.5 AQI & Speciation Mass,702,PM2.5 SCC w/Correction Factor,35620,"New York-Newark-Jersey City, NY-NJ-PA",36,New York,61,New York,40.81976,-73.94825
07/29/2018,AQS,3,5.1,ug/m3 LC,28,CCNY,1,100,88502,Acceptable PM2.5 AQI & Speciation Mass,702,PM2.5 SCC w/Correction Factor,35620,"New York-Newark-Jersey City, NY-NJ-PA",36,New York,61,New York,40.81976,-73.94825
07/30/2018,AQS,3,7.2,ug/m3 LC,40,CCNY,1,100,88502,Acceptable PM2.5 AQI & Speciation Mass,702,PM2.5 SCC w/Correction Factor,35620,"New York-Newark-Jersey City, NY-NJ-PA",36,New York,61,New York,40.81976,-73.94825
07/31/2018,AQS,3,6.8,ug/m3 LC,38,CCNY,1,100,88502,Acceptable PM2.5 AQI & Speciation Mass,702,PM2.5 SCC w/Correction Factor,35620,"New York-Newark-Jersey City, NY-NJ-PA",36,New York,61,New York,40.81976,-73.94825
08/01/2018,AQS,3,6.3,ug/m3 LC,35,CCNY,1,100,88502,Acceptable PM2.5 AQI & Speciation Mass,702,PM2.5 SCC w/Correction Factor,35620,"New York-Newark-Jersey City, NY-NJ-PA",36,New York,61,New York,40.81976,-73.94825
08/02/2018,AQS,3,4.9,ug/m3 LC,27,CCNY,1,100,88502,Acceptable PM2.5 AQI & Speciation Mass,702,PM2.5 SCC w/Correction Factor,35620,"New York-Newark-Jersey City, NY-NJ-PA",36,New York,61,New York,40.81976,-73.94825
08/03/2018,AQS,3,5.9,ug/m3 LC,33,CCNY,1,100,88502,Acceptable PM2.5 AQI & Speciation Mass,702,PM2.5 SCC w/Correction Factor,35620,"New York-Newark-Jersey City, NY-NJ-PA",36,New York,61,New York,40.81976,-73.94825
08/04/2018,AQS,3,3.6,ug/m3 LC,20,CCNY,1,100,88502,Acceptable PM2.5 AQI & Speciation Mass,702,PM2.5 SCC w/Correction Factor,35620,"New York-Newark-Jersey City, NY-NJ-PA",36,New York,61,New York,40.81976,-73.94825
08/05/2018,AQS,3,10.5,ug/m3 LC,54,CCNY,1,100,88502,Acceptable PM2.5 AQI & Speciation Mass,702,PM2.5 SCC w/Correction Factor,35620,"New York-Newark-Jersey City, NY-NJ-PA",36,New York,61,New York,40.81976,-73.94825
08/06/2018,AQS,3,18.9,ug/m3 LC,69,CCNY,1,100,88502,Acceptable PM2.5 AQI & Speciation Mass,702,PM2.5 SCC w/Correction Factor,35620,"New York-Newark-Jersey City, NY-NJ-PA",36,New York,61,New York,40.81976,-73.94825
08/07/2018,AQS,3,14.9,ug/m3 LC,62,CCNY,1,100,88502,Acceptable PM2.5 AQI & Speciation Mass,702,PM2.5 SCC w/Correction Factor,35620,"New York-Newark-Jersey City, NY-NJ-PA",36,New York,61,New York,40.81976,-73.94825
08/08/2018,AQS,3,14.5,ug/m3 LC,61,CCNY,1,100,88502,Acceptable PM2.5 AQI & Speciation Mass,702,PM2.5 SCC w/Correction Factor,35620,"New York-Newark-Jersey City, NY-NJ-PA",36,New York,61,New York,40.81976,-73.94825
08/09/2018,AQS,3,10.3,ug/m3 LC,53,CCNY,1,100,88502,Acceptable PM2.5 AQI & Speciation Mass,702,PM2.5 SCC w/Correction Factor,35620,"New York-Newark-Jersey City, NY-NJ-PA",36,New York,61,New York,40.81976,-73.94825
08/19/2018,AQS,3,3.7,ug/m3 LC,21,CCNY,1,100,88502,Acceptable PM2.5 AQI & Speciation Mass,702,PM2.5 SCC w/Correction Factor,35620,"New York-Newark-Jersey City, NY-NJ-PA",36,New York,61,New York,40.81976,-73.94825
08/20/2018,AQS,3,4.5,ug/m3 LC,25,CCNY,1,100,88502,Acceptable PM2.5 AQI & Speciation Mass,702,PM2.5 SCC w/Correction Factor,35620,"New York-Newark-Jersey City, NY-NJ-PA",36,New York,61,New York,40.81976,-73.94825
08/21/2018,AQS,3,4,ug/m3 LC,22,CCNY,1,100,88502,Acceptable PM2.5 AQI & Speciation Mass,702,PM2.5 SCC w/Correction Factor,35620,"New York-Newark-Jersey City, NY-NJ-PA",36,New York,61,New York,40.81976,-73.94825
08/22/2018,AQS,3,6.4,ug/m3 LC,36,CCNY,1,100,88502,Acceptable PM2.5 AQI & Speciation Mass,702,PM2.5 SCC w/Correction Factor,35620,"New York-Newark-Jersey City, NY-NJ-PA",36,New York,61,New York,40.81976,-73.94825
08/23/2018,AQS,3,7.6,ug/m3 LC,42,CCNY,1,100,88502,Acceptable PM2.5 AQI & Speciation Mass,702,PM2.5 SCC w/Correction Factor,35620,"New York-Newark-Jersey City, NY-NJ-PA",36,New York,61,New York,40.81976,-73.94825
08/24/2018,AQS,3,12.2,ug/m3 LC,57,CCNY,1,100,88502,Acceptable PM2.5 AQI & Speciation Mass,702,PM2.5 SCC w/Correction Factor,35620,"New York-Newark-Jersey City, NY-NJ-PA",36,New York,61,New York,40.81976,-73.94825
08/25/2018,AQS,3,7.4,ug/m3 LC,41,CCNY,1,100,88502,Acceptable PM2.5 AQI & Speciation Mass,702,PM2.5 SCC w/Correction Factor,35620,"New York-Newark-Jersey City, NY-NJ-PA",36,New York,61,New York,40.81976,-73.94825
08/26/2018,AQS,3,9.4,ug/m3 LC,52,CCNY,1,100,88502,Acceptable PM2.5 AQI & Speciation Mass,702,PM2.5 SCC w/Correction Factor,35620,"New York-Newark-Jersey City, NY-NJ-PA",36,New York,61,New York,40.81976,-73.94825
08/27/2018,AQS,3,20,ug/m3 LC,71,CCNY,1,100,88502,Acceptable PM2.5 AQI & Speciation Mass,702,PM2.5 SCC w/Correction Factor,35620,"New York-Newark-Jersey City, NY-NJ-PA",36,New York,61,New York,40.81976,-73.94825
08/28/2018,AQS,3,28.7,ug/m3 LC,88,CCNY,1,100,88502,Acceptable PM2.5 AQI & Speciation Mass,702,PM2.5 SCC w/Correction Factor,35620,"New York-Newark-Jersey City, NY-NJ-PA",36,New York,61,New York,40.81976,-73.94825
08/30/2018,AQS,3,7,ug/m3 LC,39,CCNY,1,100,88502,Acceptable PM2.5 AQI & Speciation Mass,702,PM2.5 SCC w/Correction Factor,35620,"New York-Newark-Jersey City, NY-NJ-PA",36,New York,61,New York,40.81976,-73.94825
08/31/2018,AQS,3,4.1,ug/m3 LC,23,CCNY,1,100,88502,Acceptable PM2.5 AQI & Speciation Mass,702,PM2.5 SCC w/Correction Factor,35620,"New York-Newark-Jersey City, NY-NJ-PA",36,New York,61,New York,40.81976,-73.94825
09/01/2018,AQS,3,5.4,ug/m3 LC,30,CCNY,1,100,88502,Acceptable PM2.5 AQI & Speciation Mass,702,PM2.5 SCC w/Correction Factor,35620,"New York-Newark-Jersey City, NY-NJ-PA",36,New York,61,New York,40.81976,-73.94825
09/02/2018,AQS,3,7.7,ug/m3 LC,43,CCNY,1,100,88502,Acceptable PM2.5 AQI & Speciation Mass,702,PM2.5 SCC w/Correction Factor,35620,"New York-Newark-Jersey City, NY-NJ-PA",36,New York,61,New York,40.81976,-73.94825
09/03/2018,AQS,3,10.6,ug/m3 LC,54,CCNY,1,100,88502,Acceptable PM2.5 AQI & Speciation Mass,702,PM2.5 SCC w/Correction Factor,35620,"New York-Newark-Jersey City, NY-NJ-PA",36,New York,61,New York,40.81976,-73.94825
09/04/2018,AQS,3,6.1,ug/m3 LC,34,CCNY,1,100,88502,Acceptable PM2.5 AQI & Speciation Mass,702,PM2.5 SCC w/Correction Factor,35620,"New York-Newark-Jersey City, NY-NJ-PA",36,New York,61,New York,40.81976,-73.94825
09/05/2018,AQS,3,10.9,ug/m3 LC,54,CCNY,1,100,88502,Acceptable PM2.5 AQI & Speciation Mass,702,PM2.5 SCC w/Correction Factor,35620,"New York-Newark-Jersey City, NY-NJ-PA",36,New York,61,New York,40.81976,-73.94825
09/06/2018,AQS,3,12.8,ug/m3 LC,58,CCNY,1,100,88502,Acceptable PM2.5 AQI & Speciation Mass,702,PM2.5 SCC w/Correction Factor,35620,"New York-Newark-Jersey City, NY-NJ-PA",36,New York,61,New York,40.81976,-73.94825
09/07/2018,AQS,3,5.8,ug/m3 LC,32,CCNY,1,100,88502,Acceptable PM2.5 AQI & Speciation Mass,702,PM2.5 SCC w/Correction Factor,35620,"New York-Newark-Jersey City, NY-NJ-PA",36,New York,61,New York,40.81976,-73.94825
09/08/2018,AQS,3,4.2,ug/m3 LC,23,CCNY,1,100,88502,Acceptable PM2.5 AQI & Speciation Mass,702,PM2.5 SCC w/Correction Factor,35620,"New York-Newark-Jersey City, NY-NJ-PA",36,New York,61,New York,40.81976,-73.94825
09/09/2018,AQS,3,3.4,ug/m3 LC,19,CCNY,1,100,88502,Acceptable PM2.5 AQI & Speciation Mass,702,PM2.5 SCC w/Correction Factor,35620,"New York-Newark-Jersey City, NY-NJ-PA",36,New York,61,New York,40.81976,-73.94825
09/10/2018,AQS,3,1.9,ug/m3 LC,11,CCNY,1,100,88502,Acceptable PM2.5 AQI & Speciation Mass,702,PM2.5 SCC w/Correction Factor,35620,"New York-Newark-Jersey City, NY-NJ-PA",36,New York,61,New York,40.81976,-73.94825
09/11/2018,AQS,3,7.5,ug/m3 LC,42,CCNY,1,100,88502,Acceptable PM2.5 AQI & Speciation Mass,702,PM2.5 SCC w/Correction Factor,35620,"New York-Newark-Jersey City, NY-NJ-PA",36,New York,61,New York,40.81976,-73.94825
09/12/2018,AQS,3,6.7,ug/m3 LC,37,CCNY,1,100,88502,Acceptable PM2.5 AQI & Speciation Mass,702,PM2.5 SCC w/Correction Factor,35620,"New York-Newark-Jersey City, NY-NJ-PA",36,New York,61,New York,40.81976,-73.94825
09/13/2018,AQS,3,3,ug/m3 LC,17,CCNY,1,100,88502,Acceptable PM2.5 AQI & Speciation Mass,702,PM2.5 SCC w/Correction Factor,35620,"New York-Newark-Jersey City, NY-NJ-PA",36,New York,61,New York,40.81976,-73.94825
09/14/2018,AQS,3,3.6,ug/m3 LC,20,CCNY,1,100,88502,Acceptable PM2.5 AQI & Speciation Mass,702,PM2.5 SCC w/Correction Factor,35620,"New York-Newark-Jersey City, NY-NJ-PA",36,New York,61,New York,40.81976,-73.94825
09/15/2018,AQS,3,6.5,ug/m3 LC,36,CCNY,1,100,88502,Acceptable PM2.5 AQI & Speciation Mass,702,PM2.5 SCC w/Correction Factor,35620,"New York-Newark-Jersey City, NY-NJ-PA",36,New York,61,New York,40.81976,-73.94825
09/16/2018,AQS,3,8.2,ug/m3 LC,46,CCNY,1,100,88502,Acceptable PM2.5 AQI & Speciation Mass,702,PM2.5 SCC w/Correction Factor,35620,"New York-Newark-Jersey City, NY-NJ-PA",36,New York,61,New York,40.81976,-73.94825
09/17/2018,AQS,3,5.6,ug/m3 LC,31,CCNY,1,100,88502,Acceptable PM2.5 AQI & Speciation Mass,702,PM2.5 SCC w/Correction Factor,35620,"New York-Newark-Jersey City, NY-NJ-PA",36,New York,61,New York,40.81976,-73.94825
09/18/2018,AQS,3,4.9,ug/m3 LC,27,CCNY,1,100,88502,Acceptable PM2.5 AQI & Speciation Mass,702,PM2.5 SCC w/Correction Factor,35620,"New York-Newark-Jersey City, NY-NJ-PA",36,New York,61,New York,40.81976,-73.94825
09/19/2018,AQS,3,8,ug/m3 LC,44,CCNY,1,100,88502,Acceptable PM2.5 AQI & Speciation Mass,702,PM2.5 SCC w/Correction Factor,35620,"New York-Newark-Jersey City, NY-NJ-PA",36,New York,61,New York,40.81976,-73.94825
09/20/2018,AQS,3,3.6,ug/m3 LC,20,CCNY,1,100,88502,Acceptable PM2.5 AQI & Speciation Mass,702,PM2.5 SCC w/Correction Factor,35620,"New York-Newark-Jersey City, NY-NJ-PA",36,New York,61,New York,40.81976,-73.94825
09/21/2018,AQS,3,3.9,ug/m3 LC,22,CCNY,1,100,88502,Acceptable PM2.5 AQI & Speciation Mass,702,PM2.5 SCC w/Correction Factor,35620,"New York-Newark-Jersey City, NY-NJ-PA",36,New York,61,New York,40.81976,-73.94825
09/23/2018,AQS,3,2.8,ug/m3 LC,16,CCNY,1,100,88502,Acceptable PM2.5 AQI & Speciation Mass,702,PM2.5 SCC w/Correction Factor,35620,"New York-Newark-Jersey City, NY-NJ-PA",36,New York,61,New York,40.81976,-73.94825
09/24/2018,AQS,3,4.9,ug/m3 LC,27,CCNY,1,100,88502,Acceptable PM2.5 AQI & Speciation Mass,702,PM2.5 SCC w/Correction Factor,35620,"New York-Newark-Jersey City, NY-NJ-PA",36,New York,61,New York,40.81976,-73.94825
09/25/2018,AQS,3,3.9,ug/m3 LC,22,CCNY,1,100,88502,Acceptable PM2.5 AQI & Speciation Mass,702,PM2.5 SCC w/Correction Factor,35620,"New York-Newark-Jersey City, NY-NJ-PA",36,New York,61,New York,40.81976,-73.94825
09/26/2018,AQS,3,7,ug/m3 LC,39,CCNY,1,100,88502,Acceptable PM2.5 AQI & Speciation Mass,702,PM2.5 SCC w/Correction Factor,35620,"New York-Newark-Jersey City, NY-NJ-PA",36,New York,61,New York,40.81976,-73.94825
09/27/2018,AQS,3,3.4,ug/m3 LC,19,CCNY,1,100,88502,Acceptable PM2.5 AQI & Speciation Mass,702,PM2.5 SCC w/Correction Factor,35620,"New York-Newark-Jersey City, NY-NJ-PA",36,New York,61,New York,40.81976,-73.94825
09/28/2018,AQS,3,4,ug/m3 LC,22,CCNY,1,100,88502,Acceptable PM2.5 AQI & Speciation Mass,702,PM2.5 SCC w/Correction Factor,35620,"New York-Newark-Jersey City, NY-NJ-PA",36,New York,61,New York,40.81976,-73.94825
09/29/2018,AQS,3,5.8,ug/m3 LC,32,CCNY,1,100,88502,Acceptable PM2.5 AQI & Speciation Mass,702,PM2.5 SCC w/Correction Factor,35620,"New York-Newark-Jersey City, NY-NJ-PA",36,New York,61,New York,40.81976,-73.94825
09/30/2018,AQS,3,5.4,ug/m3 LC,30,CCNY,1,100,88502,Acceptable PM2.5 AQI & Speciation Mass,702,PM2.5 SCC w/Correction Factor,35620,"New York-Newark-Jersey City, NY-NJ-PA",36,New York,61,New York,40.81976,-73.94825
10/01/2018,AQS,3,12.5,ug/m3 LC,57,CCNY,1,100,88502,Acceptable PM2.5 AQI & Speciation Mass,702,PM2.5 SCC w/Correction Factor,35620,"New York-Newark-Jersey City, NY-NJ-PA",36,New York,61,New York,40.81976,-73.94825
10/02/2018,AQS,3,9.4,ug/m3 LC,52,CCNY,1,100,88502,Acceptable PM2.5 AQI & Speciation Mass,702,PM2.5 SCC w/Correction Factor,35620,"New York-Newark-Jersey City, NY-NJ-PA",36,New York,61,New York,40.81976,-73.94825
10/03/2018,AQS,3,4.6,ug/m3 LC,26,CCNY,1,100,88502,Acceptable PM2.5 AQI & Speciation Mass,702,PM2.5 SCC w/Correction Factor,35620,"New York-Newark-Jersey City, NY-NJ-PA",36,New York,61,New York,40.81976,-73.94825
10/04/2018,AQS,3,12.4,ug/m3 LC,57,CCNY,1,100,88502,Acceptable PM2.5 AQI & Speciation Mass,702,PM2.5 SCC w/Correction Factor,35620,"New York-Newark-Jersey City, NY-NJ-PA",36,New York,61,New York,40.81976,-73.94825
10/05/2018,AQS,3,4.5,ug/m3 LC,25,CCNY,1,100,88502,Acceptable PM2.5 AQI & Speciation Mass,702,PM2.5 SCC w/Correction Factor,35620,"New York-Newark-Jersey City, NY-NJ-PA",36,New York,61,New York,40.81976,-73.94825
10/06/2018,AQS,3,5.8,ug/m3 LC,32,CCNY,1,100,88502,Acceptable PM2.5 AQI & Speciation Mass,702,PM2.5 SCC w/Correction Factor,35620,"New York-Newark-Jersey City, NY-NJ-PA",36,New York,61,New York,40.81976,-73.94825
10/07/2018,AQS,3,10.4,ug/m3 LC,53,CCNY,1,100,88502,Acceptable PM2.5 AQI & Speciation Mass,702,PM2.5 SCC w/Correction Factor,35620,"New York-Newark-Jersey City, NY-NJ-PA",36,New York,61,New York,40.81976,-73.94825
10/08/2018,AQS,3,5.8,ug/m3 LC,32,CCNY,1,100,88502,Acceptable PM2.5 AQI & Speciation Mass,702,PM2.5 SCC w/Correction Factor,35620,"New York-Newark-Jersey City, NY-NJ-PA",36,New York,61,New York,40.81976,-73.94825
10/09/2018,AQS,3,8.2,ug/m3 LC,46,CCNY,1,100,88502,Acceptable PM2.5 AQI & Speciation Mass,702,PM2.5 SCC w/Correction Factor,35620,"New York-Newark-Jersey City, NY-NJ-PA",36,New York,61,New York,40.81976,-73.94825
10/10/2018,AQS,3,7.3,ug/m3 LC,41,CCNY,1,100,88502,Acceptable PM2.5 AQI & Speciation Mass,702,PM2.5 SCC w/Correction Factor,35620,"New York-Newark-Jersey City, NY-NJ-PA",36,New York,61,New York,40.81976,-73.94825
10/11/2018,AQS,3,4.7,ug/m3 LC,26,CCNY,1,100,88502,Acceptable PM2.5 AQI & Speciation Mass,702,PM2.5 SCC w/Correction Factor,35620,"New York-Newark-Jersey City, NY-NJ-PA",36,New York,61,New York,40.81976,-73.94825
10/12/2018,AQS,3,3.8,ug/m3 LC,21,CCNY,1,100,88502,Acceptable PM2.5 AQI & Speciation Mass,702,PM2.5 SCC w/Correction Factor,35620,"New York-Newark-Jersey City, NY-NJ-PA",36,New York,61,New York,40.81976,-73.94825
10/13/2018,AQS,3,4.7,ug/m3 LC,26,CCNY,1,100,88502,Acceptable PM2.5 AQI & Speciation Mass,702,PM2.5 SCC w/Correction Factor,35620,"New York-Newark-Jersey City, NY-NJ-PA",36,New York,61,New York,40.81976,-73.94825
10/14/2018,AQS,3,5.9,ug/m3 LC,33,CCNY,1,100,88502,Acceptable PM2.5 AQI & Speciation Mass,702,PM2.5 SCC w/Correction Factor,35620,"New York-Newark-Jersey City, NY-NJ-PA",36,New York,61,New York,40.81976,-73.94825
10/15/2018,AQS,3,7.8,ug/m3 LC,43,CCNY,1,100,88502,Acceptable PM2.5 AQI & Speciation Mass,702,PM2.5 SCC w/Correction Factor,35620,"New York-Newark-Jersey City, NY-NJ-PA",36,New York,61,New York,40.81976,-73.94825
10/16/2018,AQS,3,3.9,ug/m3 LC,22,CCNY,1,100,88502,Acceptable PM2.5 AQI & Speciation Mass,702,PM2.5 SCC w/Correction Factor,35620,"New York-Newark-Jersey City, NY-NJ-PA",36,New York,61,New York,40.81976,-73.94825
10/17/2018,AQS,3,6.4,ug/m3 LC,36,CCNY,1,100,88502,Acceptable PM2.5 AQI & Speciation Mass,702,PM2.5 SCC w/Correction Factor,35620,"New York-Newark-Jersey City, NY-NJ-PA",36,New York,61,New York,40.81976,-73.94825
10/18/2018,AQS,3,3.6,ug/m3 LC,20,CCNY,1,100,88502,Acceptable PM2.5 AQI & Speciation Mass,702,PM2.5 SCC w/Correction Factor,35620,"New York-Newark-Jersey City, NY-NJ-PA",36,New York,61,New York,40.81976,-73.94825
10/19/2018,AQS,3,4.9,ug/m3 LC,27,CCNY,1,100,88502,Acceptable PM2.5 AQI & Speciation Mass,702,PM2.5 SCC w/Correction Factor,35620,"New York-Newark-Jersey City, NY-NJ-PA",36,New York,61,New York,40.81976,-73.94825
10/20/2018,AQS,3,5,ug/m3 LC,28,CCNY,1,100,88502,Acceptable PM2.5 AQI & Speciation Mass,702,PM2.5 SCC w/Correction Factor,35620,"New York-Newark-Jersey City, NY-NJ-PA",36,New York,61,New York,40.81976,-73.94825
10/21/2018,AQS,3,4.9,ug/m3 LC,27,CCNY,1,100,88502,Acceptable PM2.5 AQI & Speciation Mass,702,PM2.5 SCC w/Correction Factor,35620,"New York-Newark-Jersey City, NY-NJ-PA",36,New York,61,New York,40.81976,-73.94825
10/22/2018,AQS,3,5.4,ug/m3 LC,30,CCNY,1,100,88502,Acceptable PM2.5 AQI & Speciation Mass,702,PM2.5 SCC w/Correction Factor,35620,"New York-Newark-Jersey City, NY-NJ-PA",36,New York,61,New York,40.81976,-73.94825
10/23/2018,AQS,3,7.1,ug/m3 LC,39,CCNY,1,100,88502,Acceptable PM2.5 AQI & Speciation Mass,702,PM2.5 SCC w/Correction Factor,35620,"New York-Newark-Jersey City, NY-NJ-PA",36,New York,61,New York,40.81976,-73.94825
10/24/2018,AQS,3,4.8,ug/m3 LC,27,CCNY,1,100,88502,Acceptable PM2.5 AQI & Speciation Mass,702,PM2.5 SCC w/Correction Factor,35620,"New York-Newark-Jersey City, NY-NJ-PA",36,New York,61,New York,40.81976,-73.94825
10/25/2018,AQS,3,3.8,ug/m3 LC,21,CCNY,1,100,88502,Acceptable PM2.5 AQI & Speciation Mass,702,PM2.5 SCC w/Correction Factor,35620,"New York-Newark-Jersey City, NY-NJ-PA",36,New York,61,New York,40.81976,-73.94825
10/26/2018,AQS,3,5.8,ug/m3 LC,32,CCNY,1,100,88502,Acceptable PM2.5 AQI & Speciation Mass,702,PM2.5 SCC w/Correction Factor,35620,"New York-Newark-Jersey City, NY-NJ-PA",36,New York,61,New York,40.81976,-73.94825
10/27/2018,AQS,3,2.9,ug/m3 LC,16,CCNY,1,100,88502,Acceptable PM2.5 AQI & Speciation Mass,702,PM2.5 SCC w/Correction Factor,35620,"New York-Newark-Jersey City, NY-NJ-PA",36,New York,61,New York,40.81976,-73.94825
10/28/2018,AQS,3,4.7,ug/m3 LC,26,CCNY,1,100,88502,Acceptable PM2.5 AQI & Speciation Mass,702,PM2.5 SCC w/Correction Factor,35620,"New York-Newark-Jersey City, NY-NJ-PA",36,New York,61,New York,40.81976,-73.94825
10/29/2018,AQS,3,6.3,ug/m3 LC,35,CCNY,1,100,88502,Acceptable PM2.5 AQI & Speciation Mass,702,PM2.5 SCC w/Correction Factor,35620,"New York-Newark-Jersey City, NY-NJ-PA",36,New York,61,New York,40.81976,-73.94825
10/30/2018,AQS,3,5.7,ug/m3 LC,32,CCNY,1,100,88502,Acceptable PM2.5 AQI & Speciation Mass,702,PM2.5 SCC w/Correction Factor,35620,"New York-Newark-Jersey City, NY-NJ-PA",36,New York,61,New York,40.81976,-73.94825
10/31/2018,AQS,3,10.4,ug/m3 LC,53,CCNY,1,100,88502,Acceptable PM2.5 AQI & Speciation Mass,702,PM2.5 SCC w/Correction Factor,35620,"New York-Newark-Jersey City, NY-NJ-PA",36,New York,61,New York,40.81976,-73.94825
11/01/2018,AQS,3,15.4,ug/m3 LC,63,CCNY,1,100,88502,Acceptable PM2.5 AQI & Speciation Mass,702,PM2.5 SCC w/Correction Factor,35620,"New York-Newark-Jersey City, NY-NJ-PA",36,New York,61,New York,40.81976,-73.94825
11/02/2018,AQS,3,8.7,ug/m3 LC,48,CCNY,1,100,88502,Acceptable PM2.5 AQI & Speciation Mass,702,PM2.5 SCC w/Correction Factor,35620,"New York-Newark-Jersey City, NY-NJ-PA",36,New York,61,New York,40.81976,-73.94825
11/03/2018,AQS,3,5.1,ug/m3 LC,28,CCNY,1,100,88502,Acceptable PM2.5 AQI & Speciation Mass,702,PM2.5 SCC w/Correction Factor,35620,"New York-Newark-Jersey City, NY-NJ-PA",36,New York,61,New York,40.81976,-73.94825
11/04/2018,AQS,3,6.4,ug/m3 LC,36,CCNY,1,100,88502,Acceptable PM2.5 AQI & Speciation Mass,702,PM2.5 SCC w/Correction Factor,35620,"New York-Newark-Jersey City, NY-NJ-PA",36,New York,61,New York,40.81976,-73.94825
11/05/2018,AQS,3,5.5,ug/m3 LC,31,CCNY,1,100,88502,Acceptable PM2.5 AQI & Speciation Mass,702,PM2.5 SCC w/Correction Factor,35620,"New York-Newark-Jersey City, NY-NJ-PA",36,New York,61,New York,40.81976,-73.94825
11/06/2018,AQS,3,5.9,ug/m3 LC,33,CCNY,1,100,88502,Acceptable PM2.5 AQI & Speciation Mass,702,PM2.5 SCC w/Correction Factor,35620,"New York-Newark-Jersey City, NY-NJ-PA",36,New York,61,New York,40.81976,-73.94825
11/07/2018,AQS,3,6.5,ug/m3 LC,36,CCNY,1,100,88502,Acceptable PM2.5 AQI & Speciation Mass,702,PM2.5 SCC w/Correction Factor,35620,"New York-Newark-Jersey City, NY-NJ-PA",36,New York,61,New York,40.81976,-73.94825
11/08/2018,AQS,3,7.2,ug/m3 LC,40,CCNY,1,100,88502,Acceptable PM2.5 AQI & Speciation Mass,702,PM2.5 SCC w/Correction Factor,35620,"New York-Newark-Jersey City, NY-NJ-PA",36,New York,61,New York,40.81976,-73.94825
11/09/2018,AQS,3,5.7,ug/m3 LC,32,CCNY,1,100,88502,Acceptable PM2.5 AQI & Speciation Mass,702,PM2.5 SCC w/Correction Factor,35620,"New York-Newark-Jersey City, NY-NJ-PA",36,New York,61,New York,40.81976,-73.94825
11/10/2018,AQS,3,5.6,ug/m3 LC,31,CCNY,1,100,88502,Acceptable PM2.5 AQI & Speciation Mass,702,PM2.5 SCC w/Correction Factor,35620,"New York-Newark-Jersey City, NY-NJ-PA",36,New York,61,New York,40.81976,-73.94825
11/11/2018,AQS,3,7,ug/m3 LC,39,CCNY,1,100,88502,Acceptable PM2.5 AQI & Speciation Mass,702,PM2.5 SCC w/Correction Factor,35620,"New York-Newark-Jersey City, NY-NJ-PA",36,New York,61,New York,40.81976,-73.94825
11/12/2018,AQS,3,11.9,ug/m3 LC,56,CCNY,1,100,88502,Acceptable PM2.5 AQI & Speciation Mass,702,PM2.5 SCC w/Correction Factor,35620,"New York-Newark-Jersey City, NY-NJ-PA",36,New York,61,New York,40.81976,-73.94825
11/13/2018,AQS,3,8.1,ug/m3 LC,45,CCNY,1,100,88502,Acceptable PM2.5 AQI & Speciation Mass,702,PM2.5 SCC w/Correction Factor,35620,"New York-Newark-Jersey City, NY-NJ-PA",36,New York,61,New York,40.81976,-73.94825
11/14/2018,AQS,3,5.7,ug/m3 LC,32,CCNY,1,100,88502,Acceptable PM2.5 AQI & Speciation Mass,702,PM2.5 SCC w/Correction Factor,35620,"New York-Newark-Jersey City, NY-NJ-PA",36,New York,61,New York,40.81976,-73.94825
11/15/2018,AQS,3,5,ug/m3 LC,28,CCNY,1,100,88502,Acceptable PM2.5 AQI & Speciation Mass,702,PM2.5 SCC w/Correction Factor,35620,"New York-Newark-Jersey City, NY-NJ-PA",36,New York,61,New York,40.81976,-73.94825
11/16/2018,AQS,3,7.1,ug/m3 LC,39,CCNY,1,100,88502,Acceptable PM2.5 AQI & Speciation Mass,702,PM2.5 SCC w/Correction Factor,35620,"New York-Newark-Jersey City, NY-NJ-PA",36,New York,61,New York,40.81976,-73.94825
11/17/2018,AQS,3,9.9,ug/m3 LC,52,CCNY,1,100,88502,Acceptable PM2.5 AQI & Speciation Mass,702,PM2.5 SCC w/Correction Factor,35620,"New York-Newark-Jersey City, NY-NJ-PA",36,New York,61,New York,40.81976,-73.94825
11/18/2018,AQS,3,6.5,ug/m3 LC,36,CCNY,1,100,88502,Acceptable PM2.5 AQI & Speciation Mass,702,PM2.5 SCC w/Correction Factor,35620,"New York-Newark-Jersey City, NY-NJ-PA",36,New York,61,New York,40.81976,-73.94825
11/19/2018,AQS,3,14.4,ug/m3 LC,61,CCNY,1,100,88502,Acceptable PM2.5 AQI & Speciation Mass,702,PM2.5 SCC w/Correction Factor,35620,"New York-Newark-Jersey City, NY-NJ-PA",36,New York,61,New York,40.81976,-73.94825
11/20/2018,AQS,3,9.4,ug/m3 LC,52,CCNY,1,100,88502,Acceptable PM2.5 AQI & Speciation Mass,702,PM2.5 SCC w/Correction Factor,35620,"New York-Newark-Jersey City, NY-NJ-PA",36,New York,61,New York,40.81976,-73.94825
11/21/2018,AQS,3,7.7,ug/m3 LC,43,CCNY,1,100,88502,Acceptable PM2.5 AQI & Speciation Mass,702,PM2.5 SCC w/Correction Factor,35620,"New York-Newark-Jersey City, NY-NJ-PA",36,New York,61,New York,40.81976,-73.94825
11/22/2018,AQS,3,5.8,ug/m3 LC,32,CCNY,1,100,88502,Acceptable PM2.5 AQI & Speciation Mass,702,PM2.5 SCC w/Correction Factor,35620,"New York-Newark-Jersey City, NY-NJ-PA",36,New York,61,New York,40.81976,-73.94825
11/23/2018,AQS,3,6.7,ug/m3 LC,37,CCNY,1,100,88502,Acceptable PM2.5 AQI & Speciation Mass,702,PM2.5 SCC w/Correction Factor,35620,"New York-Newark-Jersey City, NY-NJ-PA",36,New York,61,New York,40.81976,-73.94825
11/24/2018,AQS,3,8.2,ug/m3 LC,46,CCNY,1,100,88502,Acceptable PM2.5 AQI & Speciation Mass,702,PM2.5 SCC w/Correction Factor,35620,"New York-Newark-Jersey City, NY-NJ-PA",36,New York,61,New York,40.81976,-73.94825
11/25/2018,AQS,3,9.4,ug/m3 LC,52,CCNY,1,100,88502,Acceptable PM2.5 AQI & Speciation Mass,702,PM2.5 SCC w/Correction Factor,35620,"New York-Newark-Jersey City, NY-NJ-PA",36,New York,61,New York,40.81976,-73.94825
11/26/2018,AQS,3,9.3,ug/m3 LC,51,CCNY,1,100,88502,Acceptable PM2.5 AQI & Speciation Mass,702,PM2.5 SCC w/Correction Factor,35620,"New York-Newark-Jersey City, NY-NJ-PA",36,New York,61,New York,40.81976,-73.94825
11/27/2018,AQS,3,4.6,ug/m3 LC,26,CCNY,1,100,88502,Acceptable PM2.5 AQI & Speciation Mass,702,PM2.5 SCC w/Correction Factor,35620,"New York-Newark-Jersey City, NY-NJ-PA",36,New York,61,New York,40.81976,-73.94825
11/28/2018,AQS,3,4.9,ug/m3 LC,27,CCNY,1,100,88502,Acceptable PM2.5 AQI & Speciation Mass,702,PM2.5 SCC w/Correction Factor,35620,"New York-Newark-Jersey City, NY-NJ-PA",36,New York,61,New York,40.81976,-73.94825
11/29/2018,AQS,3,5.9,ug/m3 LC,33,CCNY,1,100,88502,Acceptable PM2.5 AQI & Speciation Mass,702,PM2.5 SCC w/Correction Factor,35620,"New York-Newark-Jersey City, NY-NJ-PA",36,New York,61,New York,40.81976,-73.94825
11/30/2018,AQS,3,10.6,ug/m3 LC,54,CCNY,1,100,88502,Acceptable PM2.5 AQI & Speciation Mass,702,PM2.5 SCC w/Correction Factor,35620,"New York-Newark-Jersey City, NY-NJ-PA",36,New York,61,New York,40.81976,-73.94825
12/01/2018,AQS,3,10.2,ug/m3 LC,53,CCNY,1,100,88502,Acceptable PM2.5 AQI & Speciation Mass,702,PM2.5 SCC w/Correction Factor,35620,"New York-Newark-Jersey City, NY-NJ-PA",36,New York,61,New York,40.81976,-73.94825
12/02/2018,AQS,3,10.9,ug/m3 LC,54,CCNY,1,100,88502,Acceptable PM2.5 AQI & Speciation Mass,702,PM2.5 SCC w/Correction Factor,35620,"New York-Newark-Jersey City, NY-NJ-PA",36,New York,61,New York,40.81976,-73.94825
12/03/2018,AQS,3,7,ug/m3 LC,39,CCNY,1,100,88502,Acceptable PM2.5 AQI & Speciation Mass,702,PM2.5 SCC w/Correction Factor,35620,"New York-Newark-Jersey City, NY-NJ-PA",36,New York,61,New York,40.81976,-73.94825
12/04/2018,AQS,3,6,ug/m3 LC,33,CCNY,1,100,88502,Acceptable PM2.5 AQI & Speciation Mass,702,PM2.5 SCC w/Correction Factor,35620,"New York-Newark-Jersey City, NY-NJ-PA",36,New York,61,New York,40.81976,-73.94825
12/05/2018,AQS,3,7.3,ug/m3 LC,41,CCNY,1,100,88502,Acceptable PM2.5 AQI & Speciation Mass,702,PM2.5 SCC w/Correction Factor,35620,"New York-Newark-Jersey City, NY-NJ-PA",36,New York,61,New York,40.81976,-73.94825
12/06/2018,AQS,3,9.9,ug/m3 LC,52,CCNY,1,100,88502,Acceptable PM2.5 AQI & Speciation Mass,702,PM2.5 SCC w/Correction Factor,35620,"New York-Newark-Jersey City, NY-NJ-PA",36,New York,61,New York,40.81976,-73.94825
12/07/2018,AQS,3,8.8,ug/m3 LC,49,CCNY,1,100,88502,Acceptable PM2.5 AQI & Speciation Mass,702,PM2.5 SCC w/Correction Factor,35620,"New York-Newark-Jersey City, NY-NJ-PA",36,New York,61,New York,40.81976,-73.94825
12/08/2018,AQS,3,9.5,ug/m3 LC,52,CCNY,1,100,88502,Acceptable PM2.5 AQI & Speciation Mass,702,PM2.5 SCC w/Correction Factor,35620,"New York-Newark-Jersey City, NY-NJ-PA",36,New York,61,New York,40.81976,-73.94825
12/09/2018,AQS,3,9,ug/m3 LC,50,CCNY,1,100,88502,Acceptable PM2.5 AQI & Speciation Mass,702,PM2.5 SCC w/Correction Factor,35620,"New York-Newark-Jersey City, NY-NJ-PA",36,New York,61,New York,40.81976,-73.94825
12/10/2018,AQS,3,10.4,ug/m3 LC,53,CCNY,1,100,88502,Acceptable PM2.5 AQI & Speciation Mass,702,PM2.5 SCC w/Correction Factor,35620,"New York-Newark-Jersey City, NY-NJ-PA",36,New York,61,New York,40.81976,-73.94825
12/11/2018,AQS,3,13.2,ug/m3 LC,59,CCNY,1,100,88502,Acceptable PM2.5 AQI & Speciation Mass,702,PM2.5 SCC w/Correction Factor,35620,"New York-Newark-Jersey City, NY-NJ-PA",36,New York,61,New York,40.81976,-73.94825
12/12/2018,AQS,3,14.1,ug/m3 LC,60,CCNY,1,100,88502,Acceptable PM2.5 AQI & Speciation Mass,702,PM2.5 SCC w/Correction Factor,35620,"New York-Newark-Jersey City, NY-NJ-PA",36,New York,61,New York,40.81976,-73.94825
12/13/2018,AQS,3,11.5,ug/m3 LC,55,CCNY,1,100,88502,Acceptable PM2.5 AQI & Speciation Mass,702,PM2.5 SCC w/Correction Factor,35620,"New York-Newark-Jersey City, NY-NJ-PA",36,New York,61,New York,40.81976,-73.94825
12/14/2018,AQS,3,10.8,ug/m3 LC,54,CCNY,1,100,88502,Acceptable PM2.5 AQI & Speciation Mass,702,PM2.5 SCC w/Correction Factor,35620,"New York-Newark-Jersey City, NY-NJ-PA",36,New York,61,New York,40.81976,-73.94825
12/15/2018,AQS,3,13,ug/m3 LC,58,CCNY,1,100,88502,Acceptable PM2.5 AQI & Speciation Mass,702,PM2.5 SCC w/Correction Factor,35620,"New York-Newark-Jersey City, NY-NJ-PA",36,New York,61,New York,40.81976,-73.94825
12/16/2018,AQS,3,7.7,ug/m3 LC,43,CCNY,1,100,88502,Acceptable PM2.5 AQI & Speciation Mass,702,PM2.5 SCC w/Correction Factor,35620,"New York-Newark-Jersey City, NY-NJ-PA",36,New York,61,New York,40.81976,-73.94825
12/17/2018,AQS,3,7.6,ug/m3 LC,42,CCNY,1,100,88502,Acceptable PM2.5 AQI & Speciation Mass,702,PM2.5 SCC w/Correction Factor,35620,"New York-Newark-Jersey City, NY-NJ-PA",36,New York,61,New York,40.81976,-73.94825
12/18/2018,AQS,3,7.9,ug/m3 LC,44,CCNY,1,100,88502,Acceptable PM2.5 AQI & Speciation Mass,702,PM2.5 SCC w/Correction Factor,35620,"New York-Newark-Jersey City, NY-NJ-PA",36,New York,61,New York,40.81976,-73.94825
12/19/2018,AQS,3,11.3,ug/m3 LC,55,CCNY,1,100,88502,Acceptable PM2.5 AQI & Speciation Mass,702,PM2.5 SCC w/Correction Factor,35620,"New York-Newark-Jersey City, NY-NJ-PA",36,New York,61,New York,40.81976,-73.94825
12/20/2018,AQS,3,16.2,ug/m3 LC,64,CCNY,1,100,88502,Acceptable PM2.5 AQI & Speciation Mass,702,PM2.5 SCC w/Correction Factor,35620,"New York-Newark-Jersey City, NY-NJ-PA",36,New York,61,New York,40.81976,-73.94825
12/22/2018,AQS,3,10.2,ug/m3 LC,53,CCNY,1,100,88502,Acceptable PM2.5 AQI & Speciation Mass,702,PM2.5 SCC w/Correction Factor,35620,"New York-Newark-Jersey City, NY-NJ-PA",36,New York,61,New York,40.81976,-73.94825
12/23/2018,AQS,3,9.6,ug/m3 LC,52,CCNY,1,100,88502,Acceptable PM2.5 AQI & Speciation Mass,702,PM2.5 SCC w/Correction Factor,35620,"New York-Newark-Jersey City, NY-NJ-PA",36,New York,61,New York,40.81976,-73.94825
12/24/2018,AQS,3,11.3,ug/m3 LC,55,CCNY,1,100,88502,Acceptable PM2.5 AQI & Speciation Mass,702,PM2.5 SCC w/Correction Factor,35620,"New York-Newark-Jersey City, NY-NJ-PA",36,New York,61,New York,40.81976,-73.94825
12/25/2018,AQS,3,8.7,ug/m3 LC,48,CCNY,1,100,88502,Acceptable PM2.5 AQI & Speciation Mass,702,PM2.5 SCC w/Correction Factor,35620,"New York-Newark-Jersey City, NY-NJ-PA",36,New York,61,New York,40.81976,-73.94825
12/26/2018,AQS,3,11.3,ug/m3 LC,55,CCNY,1,100,88502,Acceptable PM2.5 AQI & Speciation Mass,702,PM2.5 SCC w/Correction Factor,35620,"New York-Newark-Jersey City, NY-NJ-PA",36,New York,61,New York,40.81976,-73.94825
12/27/2018,AQS,3,12.1,ug/m3 LC,57,CCNY,1,100,88502,Acceptable PM2.5 AQI & Speciation Mass,702,PM2.5 SCC w/Correction Factor,35620,"New York-Newark-Jersey City, NY-NJ-PA",36,New York,61,New York,40.81976,-73.94825
12/28/2018,AQS,3,9.4,ug/m3 LC,52,CCNY,1,100,88502,Acceptable PM2.5 AQI & Speciation Mass,702,PM2.5 SCC w/Correction Factor,35620,"New York-Newark-Jersey City, NY-NJ-PA",36,New York,61,New York,40.81976,-73.94825
12/29/2018,AQS,3,9.1,ug/m3 LC,51,CCNY,1,100,88502,Acceptable PM2.5 AQI & Speciation Mass,702,PM2.5 SCC w/Correction Factor,35620,"New York-Newark-Jersey City, NY-NJ-PA",36,New York,61,New York,40.81976,-73.94825
12/30/2018,AQS,3,10.5,ug/m3 LC,54,CCNY,1,100,88502,Acceptable PM2.5 AQI & Speciation Mass,702,PM2.5 SCC w/Correction Factor,35620,"New York-Newark-Jersey City, NY-NJ-PA",36,New York,61,New York,40.81976,-73.94825
12/31/2018,AQS,3,12.9,ug/m3 LC,58,CCNY,1,100,88502,Acceptable PM2.5 AQI & Speciation Mass,702,PM2.5 SCC w/Correction Factor,35620,"New York-Newark-Jersey City, NY-NJ-PA",36,New York,61,New York,40.81976,-73.94825
01/01/2019,AQS,3,8.6,ug/m3 LC,48,CCNY,1,100,88502,Acceptable PM2.5 AQI & Speciation Mass,702,PM2.5 SCC w/Correction Factor,35620,"New York-Newark-Jersey City, NY-NJ-PA",36,New York,61,New York,40.81976,-73.94825
01/02/2019,AQS,3,9.2,ug/m3 LC,51,CCNY,1,100,88502,Acceptable PM2.5 AQI & Speciation Mass,702,PM2.5 SCC w/Correction Factor,35620,"New York-Newark-Jersey City, NY-NJ-PA",36,New York,61,New York,40.81976,-73.94825
01/03/2019,AQS,3,9.2,ug/m3 LC,51,CCNY,1,100,88502,Acceptable PM2.5 AQI & Speciation Mass,702,PM2.5 SCC w/Correction Factor,35620,"New York-Newark-Jersey City, NY-NJ-PA",36,New York,61,New York,40.81976,-73.94825
01/04/2019,AQS,3,12.5,ug/m3 LC,57,CCNY,1,100,88502,Acceptable PM2.5 AQI & Speciation Mass,702,PM2.5 SCC w/Correction Factor,35620,"New York-Newark-Jersey City, NY-NJ-PA",36,New York,61,New York,40.81976,-73.94825
01/05/2019,AQS,3,9.3,ug/m3 LC,51,CCNY,1,100,88502,Acceptable PM2.5 AQI & Speciation Mass,702,PM2.5 SCC w/Correction Factor,35620,"New York-Newark-Jersey City, NY-NJ-PA",36,New York,61,New York,40.81976,-73.94825
01/06/2019,AQS,3,10,ug/m3 LC,53,CCNY,1,100,88502,Acceptable PM2.5 AQI & Speciation Mass,702,PM2.5 SCC w/Correction Factor,35620,"New York-Newark-Jersey City, NY-NJ-PA",36,New York,61,New York,40.81976,-73.94825
01/07/2019,AQS,3,6.8,ug/m3 LC,38,CCNY,1,100,88502,Acceptable PM2.5 AQI & Speciation Mass,702,PM2.5 SCC w/Correction Factor,35620,"New York-Newark-Jersey City, NY-NJ-PA",36,New York,61,New York,40.81976,-73.94825
01/08/2019,AQS,3,11.1,ug/m3 LC,55,CCNY,1,100,88502,Acceptable PM2.5 AQI & Speciation Mass,702,PM2.5 SCC w/Correction Factor,35620,"New York-Newark-Jersey City, NY-NJ-PA",36,New York,61,New York,40.81976,-73.94825
01/09/2019,AQS,3,5,ug/m3 LC,28,CCNY,1,100,88502,Acceptable PM2.5 AQI & Speciation Mass,702,PM2.5 SCC w/Correction Factor,35620,"New York-Newark-Jersey City, NY-NJ-PA",36,New York,61,New York,40.81976,-73.94825
01/10/2019,AQS,3,6,ug/m3 LC,33,CCNY,1,100,88502,Acceptable PM2.5 AQI & Speciation Mass,702,PM2.5 SCC w/Correction Factor,35620,"New York-Newark-Jersey City, NY-NJ-PA",36,New York,61,New York,40.81976,-73.94825
01/11/2019,AQS,3,7,ug/m3 LC,39,CCNY,1,100,88502,Acceptable PM2.5 AQI & Speciation Mass,702,PM2.5 SCC w/Correction Factor,35620,"New York-Newark-Jersey City, NY-NJ-PA",36,New York,61,New York,40.81976,-73.94825
01/12/2019,AQS,3,7,ug/m3 LC,39,CCNY,1,100,88502,Acceptable PM2.5 AQI & Speciation Mass,702,PM2.5 SCC w/Correction Factor,35620,"New York-Newark-Jersey City, NY-NJ-PA",36,New York,61,New York,40.81976,-73.94825
01/13/2019,AQS,3,8.2,ug/m3 LC,46,CCNY,1,100,88502,Acceptable PM2.5 AQI & Speciation Mass,702,PM2.5 SCC w/Correction Factor,35620,"New York-Newark-Jersey City, NY-NJ-PA",36,New York,61,New York,40.81976,-73.94825
01/14/2019,AQS,3,8.4,ug/m3 LC,47,CCNY,1,100,88502,Acceptable PM2.5 AQI & Speciation Mass,702,PM2.5 SCC w/Correction Factor,35620,"New York-Newark-Jersey City, NY-NJ-PA",36,New York,61,New York,40.81976,-73.94825
01/15/2019,AQS,3,12.2,ug/m3 LC,57,CCNY,1,100,88502,Acceptable PM2.5 AQI & Speciation Mass,702,PM2.5 SCC w/Correction Factor,35620,"New York-Newark-Jersey City, NY-NJ-PA",36,New York,61,New York,40.81976,-73.94825
01/16/2019,AQS,3,12.5,ug/m3 LC,57,CCNY,1,100,88502,Acceptable PM2.5 AQI & Speciation Mass,702,PM2.5 SCC w/Correction Factor,35620,"New York-Newark-Jersey City, NY-NJ-PA",36,New York,61,New York,40.81976,-73.94825
01/17/2019,AQS,3,7.6,ug/m3 LC,42,CCNY,1,100,88502,Acceptable PM2.5 AQI & Speciation Mass,702,PM2.5 SCC w/Correction Factor,35620,"New York-Newark-Jersey City, NY-NJ-PA",36,New York,61,New York,40.81976,-73.94825
01/18/2019,AQS,3,12.3,ug/m3 LC,57,CCNY,1,100,88502,Acceptable PM2.5 AQI & Speciation Mass,702,PM2.5 SCC w/Correction Factor,35620,"New York-Newark-Jersey City, NY-NJ-PA",36,New York,61,New York,40.81976,-73.94825
01/19/2019,AQS,3,8.4,ug/m3 LC,47,CCNY,1,100,88502,Acceptable PM2.5 AQI & Speciation Mass,702,PM2.5 SCC w/Correction Factor,35620,"New York-Newark-Jersey City, NY-NJ-PA",36,New York,61,New York,40.81976,-73.94825
01/20/2019,AQS,3,6.5,ug/m3 LC,36,CCNY,1,100,88502,Acceptable PM2.5 AQI & Speciation Mass,702,PM2.5 SCC w/Correction Factor,35620,"New York-Newark-Jersey City, NY-NJ-PA",36,New York,61,New York,40.81976,-73.94825
01/21/2019,AQS,3,7.5,ug/m3 LC,42,CCNY,1,100,88502,Acceptable PM2.5 AQI & Speciation Mass,702,PM2.5 SCC w/Correction Factor,35620,"New York-Newark-Jersey City, NY-NJ-PA",36,New York,61,New York,40.81976,-73.94825
01/22/2019,AQS,3,7.9,ug/m3 LC,44,CCNY,1,100,88502,Acceptable PM2.5 AQI & Speciation Mass,702,PM2.5 SCC w/Correction Factor,35620,"New York-Newark-Jersey City, NY-NJ-PA",36,New York,61,New York,40.81976,-73.94825
01/23/2019,AQS,3,9.4,ug/m3 LC,52,CCNY,1,100,88502,Acceptable PM2.5 AQI & Speciation Mass,702,PM2.5 SCC w/Correction Factor,35620,"New York-Newark-Jersey City, NY-NJ-PA",36,New York,61,New York,40.81976,-73.94825
01/24/2019,AQS,3,6.4,ug/m3 LC,36,CCNY,1,100,88502,Acceptable PM2.5 AQI & Speciation Mass,702,PM2.5 SCC w/Correction Factor,35620,"New York-Newark-Jersey City, NY-NJ-PA",36,New York,61,New York,40.81976,-73.94825
01/25/2019,AQS,3,8.2,ug/m3 LC,46,CCNY,1,100,88502,Acceptable PM2.5 AQI & Speciation Mass,702,PM2.5 SCC w/Correction Factor,35620,"New York-Newark-Jersey City, NY-NJ-PA",36,New York,61,New York,40.81976,-73.94825
01/26/2019,AQS,3,8.6,ug/m3 LC,48,CCNY,1,100,88502,Acceptable PM2.5 AQI & Speciation Mass,702,PM2.5 SCC w/Correction Factor,35620,"New York-Newark-Jersey City, NY-NJ-PA",36,New York,61,New York,40.81976,-73.94825
01/27/2019,AQS,3,9.4,ug/m3 LC,52,CCNY,1,100,88502,Acceptable PM2.5 AQI & Speciation Mass,702,PM2.5 SCC w/Correction Factor,35620,"New York-Newark-Jersey City, NY-NJ-PA",36,New York,61,New York,40.81976,-73.94825
01/28/2019,AQS,3,8.9,ug/m3 LC,49,CCNY,1,100,88502,Acceptable PM2.5 AQI & Speciation Mass,702,PM2.5 SCC w/Correction Factor,35620,"New York-Newark-Jersey City, NY-NJ-PA",36,New York,61,New York,40.81976,-73.94825
01/29/2019,AQS,3,11.3,ug/m3 LC,55,CCNY,1,100,88502,Acceptable PM2.5 AQI & Speciation Mass,702,PM2.5 SCC w/Correction Factor,35620,"New York-Newark-Jersey City, NY-NJ-PA",36,New York,61,New York,40.81976,-73.94825
01/30/2019,AQS,3,9.1,ug/m3 LC,51,CCNY,1,100,88502,Acceptable PM2.5 AQI & Speciation Mass,702,PM2.5 SCC w/Correction Factor,35620,"New York-Newark-Jersey City, NY-NJ-PA",36,New York,61,New York,40.81976,-73.94825
01/31/2019,AQS,3,8.3,ug/m3 LC,46,CCNY,1,100,88502,Acceptable PM2.5 AQI & Speciation Mass,702,PM2.5 SCC w/Correction Factor,35620,"New York-Newark-Jersey City, NY-NJ-PA",36,New York,61,New York,40.81976,-73.94825
02/01/2019,AQS,3,9.1,ug/m3 LC,51,CCNY,1,100,88502,Acceptable PM2.5 AQI & Speciation Mass,702,PM2.5 SCC w/Correction Factor,35620,"New York-Newark-Jersey City, NY-NJ-PA",36,New York,61,New York,40.81976,-73.94825
02/02/2019,AQS,3,13.6,ug/m3 LC,59,CCNY,1,100,88502,Acceptable PM2.5 AQI & Speciation Mass,702,PM2.5 SCC w/Correction Factor,35620,"New York-Newark-Jersey City, NY-NJ-PA",36,New York,61,New York,40.81976,-73.94825
02/03/2019,AQS,3,17.9,ug/m3 LC,67,CCNY,1,100,88502,Acceptable PM2.5 AQI & Speciation Mass,702,PM2.5 SCC w/Correction Factor,35620,"New York-Newark-Jersey City, NY-NJ-PA",36,New York,61,New York,40.81976,-73.94825
02/04/2019,AQS,3,17.2,ug/m3 LC,66,CCNY,1,100,88502,Acceptable PM2.5 AQI & Speciation Mass,702,PM2.5 SCC w/Correction Factor,35620,"New York-Newark-Jersey City, NY-NJ-PA",36,New York,61,New York,40.81976,-73.94825
02/05/2019,AQS,3,13.3,ug/m3 LC,59,CCNY,1,100,88502,Acceptable PM2.5 AQI & Speciation Mass,702,PM2.5 SCC w/Correction Factor,35620,"New York-Newark-Jersey City, NY-NJ-PA",36,New York,61,New York,40.81976,-73.94825
02/06/2019,AQS,3,4.4,ug/m3 LC,24,CCNY,1,100,88502,Acceptable PM2.5 AQI & Speciation Mass,702,PM2.5 SCC w/Correction Factor,35620,"New York-Newark-Jersey City, NY-NJ-PA",36,New York,61,New York,40.81976,-73.94825
02/07/2019,AQS,3,5.1,ug/m3 LC,28,CCNY,1,100,88502,Acceptable PM2.5 AQI & Speciation Mass,702,PM2.5 SCC w/Correction Factor,35620,"New York-Newark-Jersey City, NY-NJ-PA",36,New York,61,New York,40.81976,-73.94825
02/08/2019,AQS,3,5.9,ug/m3 LC,33,CCNY,1,100,88502,Acceptable PM2.5 AQI & Speciation Mass,702,PM2.5 SCC w/Correction Factor,35620,"New York-Newark-Jersey City, NY-NJ-PA",36,New York,61,New York,40.81976,-73.94825
02/09/2019,AQS,3,5.4,ug/m3 LC,30,CCNY,1,100,88502,Acceptable PM2.5 AQI & Speciation Mass,702,PM2.5 SCC w/Correction Factor,35620,"New York-Newark-Jersey City, NY-NJ-PA",36,New York,61,New York,40.81976,-73.94825
02/10/2019,AQS,3,5,ug/m3 LC,28,CCNY,1,100,88502,Acceptable PM2.5 AQI & Speciation Mass,702,PM2.5 SCC w/Correction Factor,35620,"New York-Newark-Jersey City, NY-NJ-PA",36,New York,61,New York,40.81976,-73.94825
02/11/2019,AQS,3,9,ug/m3 LC,50,CCNY,1,100,88502,Acceptable PM2.5 AQI & Speciation Mass,702,PM2.5 SCC w/Correction Factor,35620,"New York-Newark-Jersey City, NY-NJ-PA",36,New York,61,New York,40.81976,-73.94825
02/12/2019,AQS,3,4,ug/m3 LC,22,CCNY,1,100,88502,Acceptable PM2.5 AQI & Speciation Mass,702,PM2.5 SCC w/Correction Factor,35620,"New York-Newark-Jersey City, NY-NJ-PA",36,New York,61,New York,40.81976,-73.94825
02/13/2019,AQS,3,6.1,ug/m3 LC,34,CCNY,1,100,88502,Acceptable PM2.5 AQI & Speciation Mass,702,PM2.5 SCC w/Correction Factor,35620,"New York-Newark-Jersey City, NY-NJ-PA",36,New York,61,New York,40.81976,-73.94825
02/14/2019,AQS,3,8,ug/m3 LC,44,CCNY,1,100,88502,Acceptable PM2.5 AQI & Speciation Mass,702,PM2.5 SCC w/Correction Factor,35620,"New York-Newark-Jersey City, NY-NJ-PA",36,New York,61,New York,40.81976,-73.94825
02/15/2019,AQS,3,12.3,ug/m3 LC,57,CCNY,1,100,88502,Acceptable PM2.5 AQI & Speciation Mass,702,PM2.5 SCC w/Correction Factor,35620,"New York-Newark-Jersey City, NY-NJ-PA",36,New York,61,New York,40.81976,-73.94825
02/16/2019,AQS,3,6.6,ug/m3 LC,37,CCNY,1,100,88502,Acceptable PM2.5 AQI & Speciation Mass,702,PM2.5 SCC w/Correction Factor,35620,"New York-Newark-Jersey City, NY-NJ-PA",36,New York,61,New York,40.81976,-73.94825
02/17/2019,AQS,3,5.8,ug/m3 LC,32,CCNY,1,100,88502,Acceptable PM2.5 AQI & Speciation Mass,702,PM2.5 SCC w/Correction Factor,35620,"New York-Newark-Jersey City, NY-NJ-PA",36,New York,61,New York,40.81976,-73.94825
02/18/2019,AQS,3,7.2,ug/m3 LC,40,CCNY,1,100,88502,Acceptable PM2.5 AQI & Speciation Mass,702,PM2.5 SCC w/Correction Factor,35620,"New York-Newark-Jersey City, NY-NJ-PA",36,New York,61,New York,40.81976,-73.94825
02/19/2019,AQS,3,5.7,ug/m3 LC,32,CCNY,1,100,88502,Acceptable PM2.5 AQI & Speciation Mass,702,PM2.5 SCC w/Correction Factor,35620,"New York-Newark-Jersey City, NY-NJ-PA",36,New York,61,New York,40.81976,-73.94825
02/20/2019,AQS,3,6.7,ug/m3 LC,37,CCNY,1,100,88502,Acceptable PM2.5 AQI & Speciation Mass,702,PM2.5 SCC w/Correction Factor,35620,"New York-Newark-Jersey City, NY-NJ-PA",36,New York,61,New York,40.81976,-73.94825
02/21/2019,AQS,3,6.5,ug/m3 LC,36,CCNY,1,100,88502,Acceptable PM2.5 AQI & Speciation Mass,702,PM2.5 SCC w/Correction Factor,35620,"New York-Newark-Jersey City, NY-NJ-PA",36,New York,61,New York,40.81976,-73.94825
02/22/2019,AQS,3,9.7,ug/m3 LC,52,CCNY,1,100,88502,Acceptable PM2.5 AQI & Speciation Mass,702,PM2.5 SCC w/Correction Factor,35620,"New York-Newark-Jersey City, NY-NJ-PA",36,New York,61,New York,40.81976,-73.94825
02/23/2019,AQS,3,8.1,ug/m3 LC,45,CCNY,1,100,88502,Acceptable PM2.5 AQI & Speciation Mass,702,PM2.5 SCC w/Correction Factor,35620,"New York-Newark-Jersey City, NY-NJ-PA",36,New York,61,New York,40.81976,-73.94825
02/24/2019,AQS,3,5.7,ug/m3 LC,32,CCNY,1,100,88502,Acceptable PM2.5 AQI & Speciation Mass,702,PM2.5 SCC w/Correction Factor,35620,"New York-Newark-Jersey City, NY-NJ-PA",36,New York,61,New York,40.81976,-73.94825
02/25/2019,AQS,3,7.6,ug/m3 LC,42,CCNY,1,100,88502,Acceptable PM2.5 AQI & Speciation Mass,702,PM2.5 SCC w/Correction Factor,35620,"New York-Newark-Jersey City, NY-NJ-PA",36,New York,61,New York,40.81976,-73.94825
02/26/2019,AQS,3,6.5,ug/m3 LC,36,CCNY,1,100,88502,Acceptable PM2.5 AQI & Speciation Mass,702,PM2.5 SCC w/Correction Factor,35620,"New York-Newark-Jersey City, NY-NJ-PA",36,New York,61,New York,40.81976,-73.94825
02/27/2019,AQS,3,4.7,ug/m3 LC,26,CCNY,1,100,88502,Acceptable PM2.5 AQI & Speciation Mass,702,PM2.5 SCC w/Correction Factor,35620,"New York-Newark-Jersey City, NY-NJ-PA",36,New York,61,New York,40.81976,-73.94825
02/28/2019,AQS,3,7.5,ug/m3 LC,42,CCNY,1,100,88502,Acceptable PM2.5 AQI & Speciation Mass,702,PM2.5 SCC w/Correction Factor,35620,"New York-Newark-Jersey City, NY-NJ-PA",36,New York,61,New York,40.81976,-73.94825
03/01/2019,AQS,3,7.8,ug/m3 LC,43,CCNY,1,100,88502,Acceptable PM2.5 AQI & Speciation Mass,702,PM2.5 SCC w/Correction Factor,35620,"New York-Newark-Jersey City, NY-NJ-PA",36,New York,61,New York,40.81976,-73.94825
03/02/2019,AQS,3,8.2,ug/m3 LC,46,CCNY,1,100,88502,Acceptable PM2.5 AQI & Speciation Mass,702,PM2.5 SCC w/Correction Factor,35620,"New York-Newark-Jersey City, NY-NJ-PA",36,New York,61,New York,40.81976,-73.94825
03/03/2019,AQS,3,9,ug/m3 LC,50,CCNY,1,100,88502,Acceptable PM2.5 AQI & Speciation Mass,702,PM2.5 SCC w/Correction Factor,35620,"New York-Newark-Jersey City, NY-NJ-PA",36,New York,61,New York,40.81976,-73.94825
03/04/2019,AQS,3,7.1,ug/m3 LC,39,CCNY,1,100,88502,Acceptable PM2.5 AQI & Speciation Mass,702,PM2.5 SCC w/Correction Factor,35620,"New York-Newark-Jersey City, NY-NJ-PA",36,New York,61,New York,40.81976,-73.94825
03/05/2019,AQS,3,7.5,ug/m3 LC,42,CCNY,1,100,88502,Acceptable PM2.5 AQI & Speciation Mass,702,PM2.5 SCC w/Correction Factor,35620,"New York-Newark-Jersey City, NY-NJ-PA",36,New York,61,New York,40.81976,-73.94825
03/06/2019,AQS,3,7.8,ug/m3 LC,43,CCNY,1,100,88502,Acceptable PM2.5 AQI & Speciation Mass,702,PM2.5 SCC w/Correction Factor,35620,"New York-Newark-Jersey City, NY-NJ-PA",36,New York,61,New York,40.81976,-73.94825
03/07/2019,AQS,3,8.4,ug/m3 LC,47,CCNY,1,100,88502,Acceptable PM2.5 AQI & Speciation Mass,702,PM2.5 SCC w/Correction Factor,35620,"New York-Newark-Jersey City, NY-NJ-PA",36,New York,61,New York,40.81976,-73.94825
03/08/2019,AQS,3,9.7,ug/m3 LC,52,CCNY,1,100,88502,Acceptable PM2.5 AQI & Speciation Mass,702,PM2.5 SCC w/Correction Factor,35620,"New York-Newark-Jersey City, NY-NJ-PA",36,New York,61,New York,40.81976,-73.94825
03/09/2019,AQS,3,11.4,ug/m3 LC,55,CCNY,1,100,88502,Acceptable PM2.5 AQI & Speciation Mass,702,PM2.5 SCC w/Correction Factor,35620,"New York-Newark-Jersey City, NY-NJ-PA",36,New York,61,New York,40.81976,-73.94825
03/10/2019,AQS,3,6.1,ug/m3 LC,34,CCNY,1,100,88502,Acceptable PM2.5 AQI & Speciation Mass,702,PM2.5 SCC w/Correction Factor,35620,"New York-Newark-Jersey City, NY-NJ-PA",36,New York,61,New York,40.81976,-73.94825
03/11/2019,AQS,3,6,ug/m3 LC,33,CCNY,1,100,88502,Acceptable PM2.5 AQI & Speciation Mass,702,PM2.5 SCC w/Correction Factor,35620,"New York-Newark-Jersey City, NY-NJ-PA",36,New York,61,New York,40.81976,-73.94825
03/12/2019,AQS,3,6.3,ug/m3 LC,35,CCNY,1,100,88502,Acceptable PM2.5 AQI & Speciation Mass,702,PM2.5 SCC w/Correction Factor,35620,"New York-Newark-Jersey City, NY-NJ-PA",36,New York,61,New York,40.81976,-73.94825
03/13/2019,AQS,3,9.1,ug/m3 LC,51,CCNY,1,100,88502,Acceptable PM2.5 AQI & Speciation Mass,702,PM2.5 SCC w/Correction Factor,35620,"New York-Newark-Jersey City, NY-NJ-PA",36,New York,61,New York,40.81976,-73.94825
03/14/2019,AQS,3,7.4,ug/m3 LC,41,CCNY,1,100,88502,Acceptable PM2.5 AQI & Speciation Mass,702,PM2.5 SCC w/Correction Factor,35620,"New York-Newark-Jersey City, NY-NJ-PA",36,New York,61,New York,40.81976,-73.94825
03/15/2019,AQS,3,11.4,ug/m3 LC,55,CCNY,1,100,88502,Acceptable PM2.5 AQI & Speciation Mass,702,PM2.5 SCC w/Correction Factor,35620,"New York-Newark-Jersey City, NY-NJ-PA",36,New York,61,New York,40.81976,-73.94825
03/16/2019,AQS,3,3.2,ug/m3 LC,18,CCNY,1,100,88502,Acceptable PM2.5 AQI & Speciation Mass,702,PM2.5 SCC w/Correction Factor,35620,"New York-Newark-Jersey City, NY-NJ-PA",36,New York,61,New York,40.81976,-73.94825
03/17/2019,AQS,3,3.5,ug/m3 LC,19,CCNY,1,100,88502,Acceptable PM2.5 AQI & Speciation Mass,702,PM2.5 SCC w/Correction Factor,35620,"New York-Newark-Jersey City, NY-NJ-PA",36,New York,61,New York,40.81976,-73.94825
03/18/2019,AQS,3,5,ug/m3 LC,28,CCNY,1,100,88502,Acceptable PM2.5 AQI & Speciation Mass,702,PM2.5 SCC w/Correction Factor,35620,"New York-Newark-Jersey City, NY-NJ-PA",36,New York,61,New York,40.81976,-73.94825
03/19/2019,AQS,3,6.8,ug/m3 LC,38,CCNY,1,100,88502,Acceptable PM2.5 AQI & Speciation Mass,702,PM2.5 SCC w/Correction Factor,35620,"New York-Newark-Jersey City, NY-NJ-PA",36,New York,61,New York,40.81976,-73.94825
03/20/2019,AQS,3,8.6,ug/m3 LC,48,CCNY,1,100,88502,Acceptable PM2.5 AQI & Speciation Mass,702,PM2.5 SCC w/Correction Factor,35620,"New York-Newark-Jersey City, NY-NJ-PA",36,New York,61,New York,40.81976,-73.94825
03/21/2019,AQS,3,5.5,ug/m3 LC,31,CCNY,1,100,88502,Acceptable PM2.5 AQI & Speciation Mass,702,PM2.5 SCC w/Correction Factor,35620,"New York-Newark-Jersey City, NY-NJ-PA",36,New York,61,New York,40.81976,-73.94825
03/22/2019,AQS,3,3.7,ug/m3 LC,21,CCNY,1,100,88502,Acceptable PM2.5 AQI & Speciation Mass,702,PM2.5 SCC w/Correction Factor,35620,"New York-Newark-Jersey City, NY-NJ-PA",36,New York,61,New York,40.81976,-73.94825
03/23/2019,AQS,3,4.5,ug/m3 LC,25,CCNY,1,100,88502,Acceptable PM2.5 AQI & Speciation Mass,702,PM2.5 SCC w/Correction Factor,35620,"New York-Newark-Jersey City, NY-NJ-PA",36,New York,61,New York,40.81976,-73.94825
03/24/2019,AQS,3,4.8,ug/m3 LC,27,CCNY,1,100,88502,Acceptable PM2.5 AQI & Speciation Mass,702,PM2.5 SCC w/Correction Factor,35620,"New York-Newark-Jersey City, NY-NJ-PA",36,New York,61,New York,40.81976,-73.94825
03/25/2019,AQS,3,7.1,ug/m3 LC,39,CCNY,1,100,88502,Acceptable PM2.5 AQI & Speciation Mass,702,PM2.5 SCC w/Correction Factor,35620,"New York-Newark-Jersey City, NY-NJ-PA",36,New York,61,New York,40.81976,-73.94825
03/26/2019,AQS,3,3.9,ug/m3 LC,22,CCNY,1,100,88502,Acceptable PM2.5 AQI & Speciation Mass,702,PM2.5 SCC w/Correction Factor,35620,"New York-Newark-Jersey City, NY-NJ-PA",36,New York,61,New York,40.81976,-73.94825
03/27/2019,AQS,3,5.6,ug/m3 LC,31,CCNY,1,100,88502,Acceptable PM2.5 AQI & Speciation Mass,702,PM2.5 SCC w/Correction Factor,35620,"New York-Newark-Jersey City, NY-NJ-PA",36,New York,61,New York,40.81976,-73.94825
03/28/2019,AQS,3,6.8,ug/m3 LC,38,CCNY,1,100,88502,Acceptable PM2.5 AQI & Speciation Mass,702,PM2.5 SCC w/Correction Factor,35620,"New York-Newark-Jersey City, NY-NJ-PA",36,New York,61,New York,40.81976,-73.94825
03/29/2019,AQS,3,10.2,ug/m3 LC,53,CCNY,1,100,88502,Acceptable PM2.5 AQI & Speciation Mass,702,PM2.5 SCC w/Correction Factor,35620,"New York-Newark-Jersey City, NY-NJ-PA",36,New York,61,New York,40.81976,-73.94825
03/30/2019,AQS,3,11.6,ug/m3 LC,56,CCNY,1,100,88502,Acceptable PM2.5 AQI & Speciation Mass,702,PM2.5 SCC w/Correction Factor,35620,"New York-Newark-Jersey City, NY-NJ-PA",36,New York,61,New York,40.81976,-73.94825
03/31/2019,AQS,3,7.8,ug/m3 LC,43,CCNY,1,100,88502,Acceptable PM2.5 AQI & Speciation Mass,702,PM2.5 SCC w/Correction Factor,35620,"New York-Newark-Jersey City, NY-NJ-PA",36,New York,61,New York,40.81976,-73.94825
04/01/2019,AQS,3,4.1,ug/m3 LC,23,CCNY,1,100,88502,Acceptable PM2.5 AQI & Speciation Mass,702,PM2.5 SCC w/Correction Factor,35620,"New York-Newark-Jersey City, NY-NJ-PA",36,New York,61,New York,40.81976,-73.94825
04/02/2019,AQS,3,5.1,ug/m3 LC,28,CCNY,1,100,88502,Acceptable PM2.5 AQI & Speciation Mass,702,PM2.5 SCC w/Correction Factor,35620,"New York-Newark-Jersey City, NY-NJ-PA",36,New York,61,New York,40.81976,-73.94825
04/03/2019,AQS,3,4.3,ug/m3 LC,24,CCNY,1,100,88502,Acceptable PM2.5 AQI & Speciation Mass,702,PM2.5 SCC w/Correction Factor,35620,"New York-Newark-Jersey City, NY-NJ-PA",36,New York,61,New York,40.81976,-73.94825
04/04/2019,AQS,3,3,ug/m3 LC,17,CCNY,1,100,88502,Acceptable PM2.5 AQI & Speciation Mass,702,PM2.5 SCC w/Correction Factor,35620,"New York-Newark-Jersey City, NY-NJ-PA",36,New York,61,New York,40.81976,-73.94825
04/05/2019,AQS,3,4.2,ug/m3 LC,23,CCNY,1,100,88502,Acceptable PM2.5 AQI & Speciation Mass,702,PM2.5 SCC w/Correction Factor,35620,"New York-Newark-Jersey City, NY-NJ-PA",36,New York,61,New York,40.81976,-73.94825
04/06/2019,AQS,3,5.5,ug/m3 LC,31,CCNY,1,100,88502,Acceptable PM2.5 AQI & Speciation Mass,702,PM2.5 SCC w/Correction Factor,35620,"New York-Newark-Jersey City, NY-NJ-PA",36,New York,61,New York,40.81976,-73.94825
04/07/2019,AQS,3,8.1,ug/m3 LC,45,CCNY,1,100,88502,Acceptable PM2.5 AQI & Speciation Mass,702,PM2.5 SCC w/Correction Factor,35620,"New York-Newark-Jersey City, NY-NJ-PA",36,New York,61,New York,40.81976,-73.94825
04/08/2019,AQS,3,7.7,ug/m3 LC,43,CCNY,1,100,88502,Acceptable PM2.5 AQI & Speciation Mass,702,PM2.5 SCC w/Correction Factor,35620,"New York-Newark-Jersey City, NY-NJ-PA",36,New York,61,New York,40.81976,-73.94825
04/09/2019,AQS,3,6,ug/m3 LC,33,CCNY,1,100,88502,Acceptable PM2.5 AQI & Speciation Mass,702,PM2.5 SCC w/Correction Factor,35620,"New York-Newark-Jersey City, NY-NJ-PA",36,New York,61,New York,40.81976,-73.94825
04/10/2019,AQS,3,2.7,ug/m3 LC,15,CCNY,1,100,88502,Acceptable PM2.5 AQI & Speciation Mass,702,PM2.5 SCC w/Correction Factor,35620,"New York-Newark-Jersey City, NY-NJ-PA",36,New York,61,New York,40.81976,-73.94825
04/11/2019,AQS,3,4.8,ug/m3 LC,27,CCNY,1,100,88502,Acceptable PM2.5 AQI & Speciation Mass,702,PM2.5 SCC w/Correction Factor,35620,"New York-Newark-Jersey City, NY-NJ-PA",36,New York,61,New York,40.81976,-73.94825
04/12/2019,AQS,3,7.6,ug/m3 LC,42,CCNY,1,100,88502,Acceptable PM2.5 AQI & Speciation Mass,702,PM2.5 SCC w/Correction Factor,35620,"New York-Newark-Jersey City, NY-NJ-PA",36,New York,61,New York,40.81976,-73.94825
04/13/2019,AQS,3,8.8,ug/m3 LC,49,CCNY,1,100,88502,Acceptable PM2.5 AQI & Speciation Mass,702,PM2.5 SCC w/Correction Factor,35620,"New York-Newark-Jersey City, NY-NJ-PA",36,New York,61,New York,40.81976,-73.94825
04/14/2019,AQS,3,6.8,ug/m3 LC,38,CCNY,1,100,88502,Acceptable PM2.5 AQI & Speciation Mass,702,PM2.5 SCC w/Correction Factor,35620,"New York-Newark-Jersey City, NY-NJ-PA",36,New York,61,New York,40.81976,-73.94825
04/15/2019,AQS,3,3.9,ug/m3 LC,22,CCNY,1,100,88502,Acceptable PM2.5 AQI & Speciation Mass,702,PM2.5 SCC w/Correction Factor,35620,"New York-Newark-Jersey City, NY-NJ-PA",36,New York,61,New York,40.81976,-73.94825
04/16/2019,AQS,3,3.1,ug/m3 LC,17,CCNY,1,100,88502,Acceptable PM2.5 AQI & Speciation Mass,702,PM2.5 SCC w/Correction Factor,35620,"New York-Newark-Jersey City, NY-NJ-PA",36,New York,61,New York,40.81976,-73.94825
04/17/2019,AQS,3,3.5,ug/m3 LC,19,CCNY,1,100,88502,Acceptable PM2.5 AQI & Speciation Mass,702,PM2.5 SCC w/Correction Factor,35620,"New York-Newark-Jersey City, NY-NJ-PA",36,New York,61,New York,40.81976,-73.94825
04/18/2019,AQS,3,8,ug/m3 LC,44,CCNY,1,100,88502,Acceptable PM2.5 AQI & Speciation Mass,702,PM2.5 SCC w/Correction Factor,35620,"New York-Newark-Jersey City, NY-NJ-PA",36,New York,61,New York,40.81976,-73.94825
04/19/2019,AQS,3,10.3,ug/m3 LC,53,CCNY,1,100,88502,Acceptable PM2.5 AQI & Speciation Mass,702,PM2.5 SCC w/Correction Factor,35620,"New York-Newark-Jersey City, NY-NJ-PA",36,New York,61,New York,40.81976,-73.94825
04/20/2019,AQS,3,6.9,ug/m3 LC,38,CCNY,1,100,88502,Acceptable PM2.5 AQI & Speciation Mass,702,PM2.5 SCC w/Correction Factor,35620,"New York-Newark-Jersey City, NY-NJ-PA",36,New York,61,New York,40.81976,-73.94825
04/21/2019,AQS,3,6.1,ug/m3 LC,34,CCNY,1,100,88502,Acceptable PM2.5 AQI & Speciation Mass,702,PM2.5 SCC w/Correction Factor,35620,"New York-Newark-Jersey City, NY-NJ-PA",36,New York,61,New York,40.81976,-73.94825
04/22/2019,AQS,3,5.4,ug/m3 LC,30,CCNY,1,100,88502,Acceptable PM2.5 AQI & Speciation Mass,702,PM2.5 SCC w/Correction Factor,35620,"New York-Newark-Jersey City, NY-NJ-PA",36,New York,61,New York,40.81976,-73.94825
04/23/2019,AQS,3,6.4,ug/m3 LC,36,CCNY,1,100,88502,Acceptable PM2.5 AQI & Speciation Mass,702,PM2.5 SCC w/Correction Factor,35620,"New York-Newark-Jersey City, NY-NJ-PA",36,New York,61,New York,40.81976,-73.94825
04/24/2019,AQS,3,4.1,ug/m3 LC,23,CCNY,1,100,88502,Acceptable PM2.5 AQI & Speciation Mass,702,PM2.5 SCC w/Correction Factor,35620,"New York-Newark-Jersey City, NY-NJ-PA",36,New York,61,New York,40.81976,-73.94825
04/25/2019,AQS,3,5.2,ug/m3 LC,29,CCNY,1,100,88502,Acceptable PM2.5 AQI & Speciation Mass,702,PM2.5 SCC w/Correction Factor,35620,"New York-Newark-Jersey City, NY-NJ-PA",36,New York,61,New York,40.81976,-73.94825
04/26/2019,AQS,3,4,ug/m3 LC,22,CCNY,1,100,88502,Acceptable PM2.5 AQI & Speciation Mass,702,PM2.5 SCC w/Correction Factor,35620,"New York-Newark-Jersey City, NY-NJ-PA",36,New York,61,New York,40.81976,-73.94825
04/27/2019,AQS,3,3.6,ug/m3 LC,20,CCNY,1,100,88502,Acceptable PM2.5 AQI & Speciation Mass,702,PM2.5 SCC w/Correction Factor,35620,"New York-Newark-Jersey City, NY-NJ-PA",36,New York,61,New York,40.81976,-73.94825
04/28/2019,AQS,3,4.9,ug/m3 LC,27,CCNY,1,100,88502,Acceptable PM2.5 AQI & Speciation Mass,702,PM2.5 SCC w/Correction Factor,35620,"New York-Newark-Jersey City, NY-NJ-PA",36,New York,61,New York,40.81976,-73.94825
04/29/2019,AQS,3,4.5,ug/m3 LC,25,CCNY,1,100,88502,Acceptable PM2.5 AQI & Speciation Mass,702,PM2.5 SCC w/Correction Factor,35620,"New York-Newark-Jersey City, NY-NJ-PA",36,New York,61,New York,40.81976,-73.94825
04/30/2019,AQS,3,7.4,ug/m3 LC,41,CCNY,1,100,88502,Acceptable PM2.5 AQI & Speciation Mass,702,PM2.5 SCC w/Correction Factor,35620,"New York-Newark-Jersey City, NY-NJ-PA",36,New York,61,New York,40.81976,-73.94825
05/01/2019,AQS,3,3.9,ug/m3 LC,22,CCNY,1,100,88502,Acceptable PM2.5 AQI & Speciation Mass,702,PM2.5 SCC w/Correction Factor,35620,"New York-Newark-Jersey City, NY-NJ-PA",36,New York,61,New York,40.81976,-73.94825
05/02/2019,AQS,3,8,ug/m3 LC,44,CCNY,1,100,88502,Acceptable PM2.5 AQI & Speciation Mass,702,PM2.5 SCC w/Correction Factor,35620,"New York-Newark-Jersey City, NY-NJ-PA",36,New York,61,New York,40.81976,-73.94825
05/03/2019,AQS,3,7.5,ug/m3 LC,42,CCNY,1,100,88502,Acceptable PM2.5 AQI & Speciation Mass,702,PM2.5 SCC w/Correction Factor,35620,"New York-Newark-Jersey City, NY-NJ-PA",36,New York,61,New York,40.81976,-73.94825
05/04/2019,AQS,3,7.6,ug/m3 LC,42,CCNY,1,100,88502,Acceptable PM2.5 AQI & Speciation Mass,702,PM2.5 SCC w/Correction Factor,35620,"New York-Newark-Jersey City, NY-NJ-PA",36,New York,61,New York,40.81976,-73.94825
05/05/2019,AQS,3,2.3,ug/m3 LC,13,CCNY,1,100,88502,Acceptable PM2.5 AQI & Speciation Mass,702,PM2.5 SCC w/Correction Factor,35620,"New York-Newark-Jersey City, NY-NJ-PA",36,New York,61,New York,40.81976,-73.94825
05/06/2019,AQS,3,4.1,ug/m3 LC,23,CCNY,1,100,88502,Acceptable PM2.5 AQI & Speciation Mass,702,PM2.5 SCC w/Correction Factor,35620,"New York-Newark-Jersey City, NY-NJ-PA",36,New York,61,New York,40.81976,-73.94825
05/07/2019,AQS,3,6.4,ug/m3 LC,36,CCNY,1,100,88502,Acceptable PM2.5 AQI & Speciation Mass,702,PM2.5 SCC w/Correction Factor,35620,"New York-Newark-Jersey City, NY-NJ-PA",36,New York,61,New York,40.81976,-73.94825
05/08/2019,AQS,3,4.5,ug/m3 LC,25,CCNY,1,100,88502,Acceptable PM2.5 AQI & Speciation Mass,702,PM2.5 SCC w/Correction Factor,35620,"New York-Newark-Jersey City, NY-NJ-PA",36,New York,61,New York,40.81976,-73.94825
05/09/2019,AQS,3,4.5,ug/m3 LC,25,CCNY,1,100,88502,Acceptable PM2.5 AQI & Speciation Mass,702,PM2.5 SCC w/Correction Factor,35620,"New York-Newark-Jersey City, NY-NJ-PA",36,New York,61,New York,40.81976,-73.94825
05/10/2019,AQS,3,8.1,ug/m3 LC,45,CCNY,1,100,88502,Acceptable PM2.5 AQI & Speciation Mass,702,PM2.5 SCC w/Correction Factor,35620,"New York-Newark-Jersey City, NY-NJ-PA",36,New York,61,New York,40.81976,-73.94825
05/11/2019,AQS,3,3.8,ug/m3 LC,21,CCNY,1,100,88502,Acceptable PM2.5 AQI & Speciation Mass,702,PM2.5 SCC w/Correction Factor,35620,"New York-Newark-Jersey City, NY-NJ-PA",36,New York,61,New York,40.81976,-73.94825
05/12/2019,AQS,3,2.6,ug/m3 LC,14,CCNY,1,100,88502,Acceptable PM2.5 AQI & Speciation Mass,702,PM2.5 SCC w/Correction Factor,35620,"New York-Newark-Jersey City, NY-NJ-PA",36,New York,61,New York,40.81976,-73.94825
05/13/2019,AQS,3,2.2,ug/m3 LC,12,CCNY,1,100,88502,Acceptable PM2.5 AQI & Speciation Mass,702,PM2.5 SCC w/Correction Factor,35620,"New York-Newark-Jersey City, NY-NJ-PA",36,New York,61,New York,40.81976,-73.94825
05/14/2019,AQS,3,3.9,ug/m3 LC,22,CCNY,1,100,88502,Acceptable PM2.5 AQI & Speciation Mass,702,PM2.5 SCC w/Correction Factor,35620,"New York-Newark-Jersey City, NY-NJ-PA",36,New York,61,New York,40.81976,-73.94825
05/15/2019,AQS,3,2.7,ug/m3 LC,15,CCNY,1,100,88502,Acceptable PM2.5 AQI & Speciation Mass,702,PM2.5 SCC w/Correction Factor,35620,"New York-Newark-Jersey City, NY-NJ-PA",36,New York,61,New York,40.81976,-73.94825
05/16/2019,AQS,3,5.9,ug/m3 LC,33,CCNY,1,100,88502,Acceptable PM2.5 AQI & Speciation Mass,702,PM2.5 SCC w/Correction Factor,35620,"New York-Newark-Jersey City, NY-NJ-PA",36,New York,61,New York,40.81976,-73.94825
05/17/2019,AQS,3,11.4,ug/m3 LC,55,CCNY,1,100,88502,Acceptable PM2.5 AQI & Speciation Mass,702,PM2.5 SCC w/Correction Factor,35620,"New York-Newark-Jersey City, NY-NJ-PA",36,New York,61,New York,40.81976,-73.94825
05/18/2019,AQS,3,5.1,ug/m3 LC,28,CCNY,1,100,88502,Acceptable PM2.5 AQI & Speciation Mass,702,PM2.5 SCC w/Correction Factor,35620,"New York-Newark-Jersey City, NY-NJ-PA",36,New York,61,New York,40.81976,-73.94825
05/19/2019,AQS,3,7.8,ug/m3 LC,43,CCNY,1,100,88502,Acceptable PM2.5 AQI & Speciation Mass,702,PM2.5 SCC w/Correction Factor,35620,"New York-Newark-Jersey City, NY-NJ-PA",36,New York,61,New York,40.81976,-73.94825
05/20/2019,AQS,3,8.2,ug/m3 LC,46,CCNY,1,100,88502,Acceptable PM2.5 AQI & Speciation Mass,702,PM2.5 SCC w/Correction Factor,35620,"New York-Newark-Jersey City, NY-NJ-PA",36,New York,61,New York,40.81976,-73.94825
05/22/2019,AQS,3,3.5,ug/m3 LC,19,CCNY,1,100,88502,Acceptable PM2.5 AQI & Speciation Mass,702,PM2.5 SCC w/Correction Factor,35620,"New York-Newark-Jersey City, NY-NJ-PA",36,New York,61,New York,40.81976,-73.94825
05/23/2019,AQS,3,6.8,ug/m3 LC,38,CCNY,1,100,88502,Acceptable PM2.5 AQI & Speciation Mass,702,PM2.5 SCC w/Correction Factor,35620,"New York-Newark-Jersey City, NY-NJ-PA",36,New York,61,New York,40.81976,-73.94825
05/24/2019,AQS,3,3.9,ug/m3 LC,22,CCNY,1,100,88502,Acceptable PM2.5 AQI & Speciation Mass,702,PM2.5 SCC w/Correction Factor,35620,"New York-Newark-Jersey City, NY-NJ-PA",36,New York,61,New York,40.81976,-73.94825
05/25/2019,AQS,3,2.6,ug/m3 LC,14,CCNY,1,100,88502,Acceptable PM2.5 AQI & Speciation Mass,702,PM2.5 SCC w/Correction Factor,35620,"New York-Newark-Jersey City, NY-NJ-PA",36,New York,61,New York,40.81976,-73.94825
05/26/2019,AQS,3,6.1,ug/m3 LC,34,CCNY,1,100,88502,Acceptable PM2.5 AQI & Speciation Mass,702,PM2.5 SCC w/Correction Factor,35620,"New York-Newark-Jersey City, NY-NJ-PA",36,New York,61,New York,40.81976,-73.94825
05/27/2019,AQS,3,4.6,ug/m3 LC,26,CCNY,1,100,88502,Acceptable PM2.5 AQI & Speciation Mass,702,PM2.5 SCC w/Correction Factor,35620,"New York-Newark-Jersey City, NY-NJ-PA",36,New York,61,New York,40.81976,-73.94825
05/28/2019,AQS,3,8,ug/m3 LC,44,CCNY,1,100,88502,Acceptable PM2.5 AQI & Speciation Mass,702,PM2.5 SCC w/Correction Factor,35620,"New York-Newark-Jersey City, NY-NJ-PA",36,New York,61,New York,40.81976,-73.94825
05/29/2019,AQS,3,4.5,ug/m3 LC,25,CCNY,1,100,88502,Acceptable PM2.5 AQI & Speciation Mass,702,PM2.5 SCC w/Correction Factor,35620,"New York-Newark-Jersey City, NY-NJ-PA",36,New York,61,New York,40.81976,-73.94825
05/30/2019,AQS,3,5.1,ug/m3 LC,28,CCNY,1,100,88502,Acceptable PM2.5 AQI & Speciation Mass,702,PM2.5 SCC w/Correction Factor,35620,"New York-Newark-Jersey City, NY-NJ-PA",36,New York,61,New York,40.81976,-73.94825
05/31/2019,AQS,3,7.8,ug/m3 LC,43,CCNY,1,100,88502,Acceptable PM2.5 AQI & Speciation Mass,702,PM2.5 SCC w/Correction Factor,35620,"New York-Newark-Jersey City, NY-NJ-PA",36,New York,61,New York,40.81976,-73.94825
06/01/2019,AQS,3,12.1,ug/m3 LC,57,CCNY,1,100,88502,Acceptable PM2.5 AQI & Speciation Mass,702,PM2.5 SCC w/Correction Factor,35620,"New York-Newark-Jersey City, NY-NJ-PA",36,New York,61,New York,40.81976,-73.94825
06/02/2019,AQS,3,10.1,ug/m3 LC,53,CCNY,1,100,88502,Acceptable PM2.5 AQI & Speciation Mass,702,PM2.5 SCC w/Correction Factor,35620,"New York-Newark-Jersey City, NY-NJ-PA",36,New York,61,New York,40.81976,-73.94825
06/03/2019,AQS,3,3.5,ug/m3 LC,19,CCNY,1,100,88502,Acceptable PM2.5 AQI & Speciation Mass,702,PM2.5 SCC w/Correction Factor,35620,"New York-Newark-Jersey City, NY-NJ-PA",36,New York,61,New York,40.81976,-73.94825
06/04/2019,AQS,3,3.3,ug/m3 LC,18,CCNY,1,100,88502,Acceptable PM2.5 AQI & Speciation Mass,702,PM2.5 SCC w/Correction Factor,35620,"New York-Newark-Jersey City, NY-NJ-PA",36,New York,61,New York,40.81976,-73.94825
06/05/2019,AQS,3,12.9,ug/m3 LC,58,CCNY,1,100,88502,Acceptable PM2.5 AQI & Speciation Mass,702,PM2.5 SCC w/Correction Factor,35620,"New York-Newark-Jersey City, NY-NJ-PA",36,New York,61,New York,40.81976,-73.94825
06/07/2019,AQS,3,6.7,ug/m3 LC,37,CCNY,1,100,88502,Acceptable PM2.5 AQI & Speciation Mass,702,PM2.5 SCC w/Correction Factor,35620,"New York-Newark-Jersey City, NY-NJ-PA",36,New York,61,New York,40.81976,-73.94825
06/08/2019,AQS,3,4.2,ug/m3 LC,23,CCNY,1,100,88502,Acceptable PM2.5 AQI & Speciation Mass,702,PM2.5 SCC w/Correction Factor,35620,"New York-Newark-Jersey City, NY-NJ-PA",36,New York,61,New York,40.81976,-73.94825
06/09/2019,AQS,3,2.7,ug/m3 LC,15,CCNY,1,100,88502,Acceptable PM2.5 AQI & Speciation Mass,702,PM2.5 SCC w/Correction Factor,35620,"New York-Newark-Jersey City, NY-NJ-PA",36,New York,61,New York,40.81976,-73.94825
06/10/2019,AQS,3,2.5,ug/m3 LC,14,CCNY,1,100,88502,Acceptable PM2.5 AQI & Speciation Mass,702,PM2.5 SCC w/Correction Factor,35620,"New York-Newark-Jersey City, NY-NJ-PA",36,New York,61,New York,40.81976,-73.94825
06/14/2019,AQS,3,3.1,ug/m3 LC,17,CCNY,1,100,88502,Acceptable PM2.5 AQI & Speciation Mass,702,PM2.5 SCC w/Correction Factor,35620,"New York-Newark-Jersey City, NY-NJ-PA",36,New York,61,New York,40.81976,-73.94825
06/15/2019,AQS,3,5.4,ug/m3 LC,30,CCNY,1,100,88502,Acceptable PM2.5 AQI & Speciation Mass,702,PM2.5 SCC w/Correction Factor,35620,"New York-Newark-Jersey City, NY-NJ-PA",36,New York,61,New York,40.81976,-73.94825
06/16/2019,AQS,3,10.7,ug/m3 LC,54,CCNY,1,100,88502,Acceptable PM2.5 AQI & Speciation Mass,702,PM2.5 SCC w/Correction Factor,35620,"New York-Newark-Jersey City, NY-NJ-PA",36,New York,61,New York,40.81976,-73.94825
06/17/2019,AQS,3,7.1,ug/m3 LC,39,CCNY,1,100,88502,Acceptable PM2.5 AQI & Speciation Mass,702,PM2.5 SCC w/Correction Factor,35620,"New York-Newark-Jersey City, NY-NJ-PA",36,New York,61,New York,40.81976,-73.94825
06/18/2019,AQS,3,8.3,ug/m3 LC,46,CCNY,1,100,88502,Acceptable PM2.5 AQI & Speciation Mass,702,PM2.5 SCC w/Correction Factor,35620,"New York-Newark-Jersey City, NY-NJ-PA",36,New York,61,New York,40.81976,-73.94825
06/19/2019,AQS,3,3.1,ug/m3 LC,17,CCNY,1,100,88502,Acceptable PM2.5 AQI & Speciation Mass,702,PM2.5 SCC w/Correction Factor,35620,"New York-Newark-Jersey City, NY-NJ-PA",36,New York,61,New York,40.81976,-73.94825
06/20/2019,AQS,3,5.5,ug/m3 LC,31,CCNY,1,100,88502,Acceptable PM2.5 AQI & Speciation Mass,702,PM2.5 SCC w/Correction Factor,35620,"New York-Newark-Jersey City, NY-NJ-PA",36,New York,61,New York,40.81976,-73.94825
06/22/2019,AQS,3,1.3,ug/m3 LC,7,CCNY,1,100,88502,Acceptable PM2.5 AQI & Speciation Mass,702,PM2.5 SCC w/Correction Factor,35620,"New York-Newark-Jersey City, NY-NJ-PA",36,New York,61,New York,40.81976,-73.94825
06/23/2019,AQS,3,2.6,ug/m3 LC,14,CCNY,1,100,88502,Acceptable PM2.5 AQI & Speciation Mass,702,PM2.5 SCC w/Correction Factor,35620,"New York-Newark-Jersey City, NY-NJ-PA",36,New York,61,New York,40.81976,-73.94825
06/24/2019,AQS,3,9,ug/m3 LC,50,CCNY,1,100,88502,Acceptable PM2.5 AQI & Speciation Mass,702,PM2.5 SCC w/Correction Factor,35620,"New York-Newark-Jersey City, NY-NJ-PA",36,New York,61,New York,40.81976,-73.94825
06/25/2019,AQS,3,10.4,ug/m3 LC,53,CCNY,1,100,88502,Acceptable PM2.5 AQI & Speciation Mass,702,PM2.5 SCC w/Correction Factor,35620,"New York-Newark-Jersey City, NY-NJ-PA",36,New York,61,New York,40.81976,-73.94825
06/26/2019,AQS,3,7.4,ug/m3 LC,41,CCNY,1,100,88502,Acceptable PM2.5 AQI & Speciation Mass,702,PM2.5 SCC w/Correction Factor,35620,"New York-Newark-Jersey City, NY-NJ-PA",36,New York,61,New York,40.81976,-73.94825
06/27/2019,AQS,3,5.4,ug/m3 LC,30,CCNY,1,100,88502,Acceptable PM2.5 AQI & Speciation Mass,702,PM2.5 SCC w/Correction Factor,35620,"New York-Newark-Jersey City, NY-NJ-PA",36,New York,61,New York,40.81976,-73.94825
06/28/2019,AQS,3,9.1,ug/m3 LC,51,CCNY,1,100,88502,Acceptable PM2.5 AQI & Speciation Mass,702,PM2.5 SCC w/Correction Factor,35620,"New York-Newark-Jersey City, NY-NJ-PA",36,New York,61,New York,40.81976,-73.94825
06/29/2019,AQS,3,15,ug/m3 LC,62,CCNY,1,100,88502,Acceptable PM2.5 AQI & Speciation Mass,702,PM2.5 SCC w/Correction Factor,35620,"New York-Newark-Jersey City, NY-NJ-PA",36,New York,61,New York,40.81976,-73.94825
06/30/2019,AQS,3,4.3,ug/m3 LC,24,CCNY,1,100,88502,Acceptable PM2.5 AQI & Speciation Mass,702,PM2.5 SCC w/Correction Factor,35620,"New York-Newark-Jersey City, NY-NJ-PA",36,New York,61,New York,40.81976,-73.94825
07/01/2019,AQS,3,2.4,ug/m3 LC,13,CCNY,1,100,88502,Acceptable PM2.5 AQI & Speciation Mass,702,PM2.5 SCC w/Correction Factor,35620,"New York-Newark-Jersey City, NY-NJ-PA",36,New York,61,New York,40.81976,-73.94825
07/02/2019,AQS,3,4.8,ug/m3 LC,27,CCNY,1,100,88502,Acceptable PM2.5 AQI & Speciation Mass,702,PM2.5 SCC w/Correction Factor,35620,"New York-Newark-Jersey City, NY-NJ-PA",36,New York,61,New York,40.81976,-73.94825
07/03/2019,AQS,3,10.2,ug/m3 LC,53,CCNY,1,100,88502,Acceptable PM2.5 AQI & Speciation Mass,702,PM2.5 SCC w/Correction Factor,35620,"New York-Newark-Jersey City, NY-NJ-PA",36,New York,61,New York,40.81976,-73.94825
07/04/2019,AQS,3,17.8,ug/m3 LC,67,CCNY,1,100,88502,Acceptable PM2.5 AQI & Speciation Mass,702,PM2.5 SCC w/Correction Factor,35620,"New York-Newark-Jersey City, NY-NJ-PA",36,New York,61,New York,40.81976,-73.94825
07/05/2019,AQS,3,7.7,ug/m3 LC,43,CCNY,1,100,88502,Acceptable PM2.5 AQI & Speciation Mass,702,PM2.5 SCC w/Correction Factor,35620,"New York-Newark-Jersey City, NY-NJ-PA",36,New York,61,New York,40.81976,-73.94825
07/06/2019,AQS,3,5.2,ug/m3 LC,29,CCNY,1,100,88502,Acceptable PM2.5 AQI & Speciation Mass,702,PM2.5 SCC w/Correction Factor,35620,"New York-Newark-Jersey City, NY-NJ-PA",36,New York,61,New York,40.81976,-73.94825
07/07/2019,AQS,3,7.5,ug/m3 LC,42,CCNY,1,100,88502,Acceptable PM2.5 AQI & Speciation Mass,702,PM2.5 SCC w/Correction Factor,35620,"New York-Newark-Jersey City, NY-NJ-PA",36,New York,61,New York,40.81976,-73.94825
07/08/2019,AQS,3,7.5,ug/m3 LC,42,CCNY,1,100,88502,Acceptable PM2.5 AQI & Speciation Mass,702,PM2.5 SCC w/Correction Factor,35620,"New York-Newark-Jersey City, NY-NJ-PA",36,New York,61,New York,40.81976,-73.94825
07/09/2019,AQS,3,7.5,ug/m3 LC,42,CCNY,1,100,88502,Acceptable PM2.5 AQI & Speciation Mass,702,PM2.5 SCC w/Correction Factor,35620,"New York-Newark-Jersey City, NY-NJ-PA",36,New York,61,New York,40.81976,-73.94825
07/10/2019,AQS,3,12.6,ug/m3 LC,58,CCNY,1,100,88502,Acceptable PM2.5 AQI & Speciation Mass,702,PM2.5 SCC w/Correction Factor,35620,"New York-Newark-Jersey City, NY-NJ-PA",36,New York,61,New York,40.81976,-73.94825
07/11/2019,AQS,3,8.8,ug/m3 LC,49,CCNY,1,100,88502,Acceptable PM2.5 AQI & Speciation Mass,702,PM2.5 SCC w/Correction Factor,35620,"New York-Newark-Jersey City, NY-NJ-PA",36,New York,61,New York,40.81976,-73.94825
07/12/2019,AQS,3,6.2,ug/m3 LC,34,CCNY,1,100,88502,Acceptable PM2.5 AQI & Speciation Mass,702,PM2.5 SCC w/Correction Factor,35620,"New York-Newark-Jersey City, NY-NJ-PA",36,New York,61,New York,40.81976,-73.94825
07/13/2019,AQS,3,9.5,ug/m3 LC,52,CCNY,1,100,88502,Acceptable PM2.5 AQI & Speciation Mass,702,PM2.5 SCC w/Correction Factor,35620,"New York-Newark-Jersey City, NY-NJ-PA",36,New York,61,New York,40.81976,-73.94825
07/16/2019,AQS,3,6.6,ug/m3 LC,37,CCNY,1,100,88502,Acceptable PM2.5 AQI & Speciation Mass,702,PM2.5 SCC w/Correction Factor,35620,"New York-Newark-Jersey City, NY-NJ-PA",36,New York,61,New York,40.81976,-73.94825
07/19/2019,AQS,3,6,ug/m3 LC,33,CCNY,1,100,88502,Acceptable PM2.5 AQI & Speciation Mass,702,PM2.5 SCC w/Correction Factor,35620,"New York-Newark-Jersey City, NY-NJ-PA",36,New York,61,New York,40.81976,-73.94825
07/20/2019,AQS,3,8.6,ug/m3 LC,48,CCNY,1,100,88502,Acceptable PM2.5 AQI & Speciation Mass,702,PM2.5 SCC w/Correction Factor,35620,"New York-Newark-Jersey City, NY-NJ-PA",36,New York,61,New York,40.81976,-73.94825
07/21/2019,AQS,3,7.3,ug/m3 LC,41,CCNY,1,100,88502,Acceptable PM2.5 AQI & Speciation Mass,702,PM2.5 SCC w/Correction Factor,35620,"New York-Newark-Jersey City, NY-NJ-PA",36,New York,61,New York,40.81976,-73.94825
07/22/2019,AQS,3,3.4,ug/m3 LC,19,CCNY,1,100,88502,Acceptable PM2.5 AQI & Speciation Mass,702,PM2.5 SCC w/Correction Factor,35620,"New York-Newark-Jersey City, NY-NJ-PA",36,New York,61,New York,40.81976,-73.94825
07/24/2019,AQS,3,2.8,ug/m3 LC,16,CCNY,1,100,88502,Acceptable PM2.5 AQI & Speciation Mass,702,PM2.5 SCC w/Correction Factor,35620,"New York-Newark-Jersey City, NY-NJ-PA",36,New York,61,New York,40.81976,-73.94825
07/25/2019,AQS,3,5.3,ug/m3 LC,29,CCNY,1,100,88502,Acceptable PM2.5 AQI & Speciation Mass,702,PM2.5 SCC w/Correction Factor,35620,"New York-Newark-Jersey City, NY-NJ-PA",36,New York,61,New York,40.81976,-73.94825
07/26/2019,AQS,3,7.4,ug/m3 LC,41,CCNY,1,100,88502,Acceptable PM2.5 AQI & Speciation Mass,702,PM2.5 SCC w/Correction Factor,35620,"New York-Newark-Jersey City, NY-NJ-PA",36,New York,61,New York,40.81976,-73.94825
07/27/2019,AQS,3,8.7,ug/m3 LC,48,CCNY,1,100,88502,Acceptable PM2.5 AQI & Speciation Mass,702,PM2.5 SCC w/Correction Factor,35620,"New York-Newark-Jersey City, NY-NJ-PA",36,New York,61,New York,40.81976,-73.94825
07/28/2019,AQS,3,9.6,ug/m3 LC,52,CCNY,1,100,88502,Acceptable PM2.5 AQI & Speciation Mass,702,PM2.5 SCC w/Correction Factor,35620,"New York-Newark-Jersey City, NY-NJ-PA",36,New York,61,New York,40.81976,-73.94825
07/31/2019,AQS,3,8.9,ug/m3 LC,49,CCNY,1,100,88502,Acceptable PM2.5 AQI & Speciation Mass,702,PM2.5 SCC w/Correction Factor,35620,"New York-Newark-Jersey City, NY-NJ-PA",36,New York,61,New York,40.81976,-73.94825
08/01/2019,AQS,3,3.8,ug/m3 LC,21,CCNY,1,100,88502,Acceptable PM2.5 AQI & Speciation Mass,702,PM2.5 SCC w/Correction Factor,35620,"New York-Newark-Jersey City, NY-NJ-PA",36,New York,61,New York,40.81976,-73.94825
08/02/2019,AQS,3,6.1,ug/m3 LC,34,CCNY,1,100,88502,Acceptable PM2.5 AQI & Speciation Mass,702,PM2.5 SCC w/Correction Factor,35620,"New York-Newark-Jersey City, NY-NJ-PA",36,New York,61,New York,40.81976,-73.94825
08/03/2019,AQS,3,4.7,ug/m3 LC,26,CCNY,1,100,88502,Acceptable PM2.5 AQI & Speciation Mass,702,PM2.5 SCC w/Correction Factor,35620,"New York-Newark-Jersey City, NY-NJ-PA",36,New York,61,New York,40.81976,-73.94825
08/04/2019,AQS,3,4.3,ug/m3 LC,24,CCNY,1,100,88502,Acceptable PM2.5 AQI & Speciation Mass,702,PM2.5 SCC w/Correction Factor,35620,"New York-Newark-Jersey City, NY-NJ-PA",36,New York,61,New York,40.81976,-73.94825
08/05/2019,AQS,3,5.1,ug/m3 LC,28,CCNY,1,100,88502,Acceptable PM2.5 AQI & Speciation Mass,702,PM2.5 SCC w/Correction Factor,35620,"New York-Newark-Jersey City, NY-NJ-PA",36,New York,61,New York,40.81976,-73.94825
08/06/2019,AQS,3,9.6,ug/m3 LC,52,CCNY,1,100,88502,Acceptable PM2.5 AQI & Speciation Mass,702,PM2.5 SCC w/Correction Factor,35620,"New York-Newark-Jersey City, NY-NJ-PA",36,New York,61,New York,40.81976,-73.94825
08/07/2019,AQS,3,7.5,ug/m3 LC,42,CCNY,1,100,88502,Acceptable PM2.5 AQI & Speciation Mass,702,PM2.5 SCC w/Correction Factor,35620,"New York-Newark-Jersey City, NY-NJ-PA",36,New York,61,New York,40.81976,-73.94825
08/08/2019,AQS,3,6.3,ug/m3 LC,35,CCNY,1,100,88502,Acceptable PM2.5 AQI & Speciation Mass,702,PM2.5 SCC w/Correction Factor,35620,"New York-Newark-Jersey City, NY-NJ-PA",36,New York,61,New York,40.81976,-73.94825
08/09/2019,AQS,3,5.2,ug/m3 LC,29,CCNY,1,100,88502,Acceptable PM2.5 AQI & Speciation Mass,702,PM2.5 SCC w/Correction Factor,35620,"New York-Newark-Jersey City, NY-NJ-PA",36,New York,61,New York,40.81976,-73.94825
08/10/2019,AQS,3,2.1,ug/m3 LC,12,CCNY,1,100,88502,Acceptable PM2.5 AQI & Speciation Mass,702,PM2.5 SCC w/Correction Factor,35620,"New York-Newark-Jersey City, NY-NJ-PA",36,New York,61,New York,40.81976,-73.94825
08/11/2019,AQS,3,3.4,ug/m3 LC,19,CCNY,1,100,88502,Acceptable PM2.5 AQI & Speciation Mass,702,PM2.5 SCC w/Correction Factor,35620,"New York-Newark-Jersey City, NY-NJ-PA",36,New York,61,New York,40.81976,-73.94825
08/13/2019,AQS,3,7.8,ug/m3 LC,43,CCNY,1,100,88502,Acceptable PM2.5 AQI & Speciation Mass,702,PM2.5 SCC w/Correction Factor,35620,"New York-Newark-Jersey City, NY-NJ-PA",36,New York,61,New York,40.81976,-73.94825
08/14/2019,AQS,3,10.5,ug/m3 LC,54,CCNY,1,100,88502,Acceptable PM2.5 AQI & Speciation Mass,702,PM2.5 SCC w/Correction Factor,35620,"New York-Newark-Jersey City, NY-NJ-PA",36,New York,61,New York,40.81976,-73.94825
08/15/2019,AQS,3,7.2,ug/m3 LC,40,CCNY,1,100,88502,Acceptable PM2.5 AQI & Speciation Mass,702,PM2.5 SCC w/Correction Factor,35620,"New York-Newark-Jersey City, NY-NJ-PA",36,New York,61,New York,40.81976,-73.94825
08/16/2019,AQS,3,4.8,ug/m3 LC,27,CCNY,1,100,88502,Acceptable PM2.5 AQI & Speciation Mass,702,PM2.5 SCC w/Correction Factor,35620,"New York-Newark-Jersey City, NY-NJ-PA",36,New York,61,New York,40.81976,-73.94825
08/17/2019,AQS,3,4.1,ug/m3 LC,23,CCNY,1,100,88502,Acceptable PM2.5 AQI & Speciation Mass,702,PM2.5 SCC w/Correction Factor,35620,"New York-Newark-Jersey City, NY-NJ-PA",36,New York,61,New York,40.81976,-73.94825
08/18/2019,AQS,3,7.8,ug/m3 LC,43,CCNY,1,100,88502,Acceptable PM2.5 AQI & Speciation Mass,702,PM2.5 SCC w/Correction Factor,35620,"New York-Newark-Jersey City, NY-NJ-PA",36,New York,61,New York,40.81976,-73.94825
08/19/2019,AQS,3,7.3,ug/m3 LC,41,CCNY,1,100,88502,Acceptable PM2.5 AQI & Speciation Mass,702,PM2.5 SCC w/Correction Factor,35620,"New York-Newark-Jersey City, NY-NJ-PA",36,New York,61,New York,40.81976,-73.94825
08/20/2019,AQS,3,6.5,ug/m3 LC,36,CCNY,1,100,88502,Acceptable PM2.5 AQI & Speciation Mass,702,PM2.5 SCC w/Correction Factor,35620,"New York-Newark-Jersey City, NY-NJ-PA",36,New York,61,New York,40.81976,-73.94825
08/21/2019,AQS,3,10.8,ug/m3 LC,54,CCNY,1,100,88502,Acceptable PM2.5 AQI & Speciation Mass,702,PM2.5 SCC w/Correction Factor,35620,"New York-Newark-Jersey City, NY-NJ-PA",36,New York,61,New York,40.81976,-73.94825
08/22/2019,AQS,3,6.3,ug/m3 LC,35,CCNY,1,100,88502,Acceptable PM2.5 AQI & Speciation Mass,702,PM2.5 SCC w/Correction Factor,35620,"New York-Newark-Jersey City, NY-NJ-PA",36,New York,61,New York,40.81976,-73.94825
08/26/2019,AQS,3,1.8,ug/m3 LC,10,CCNY,1,100,88502,Acceptable PM2.5 AQI & Speciation Mass,702,PM2.5 SCC w/Correction Factor,35620,"New York-Newark-Jersey City, NY-NJ-PA",36,New York,61,New York,40.81976,-73.94825
08/27/2019,AQS,3,2.3,ug/m3 LC,13,CCNY,1,100,88502,Acceptable PM2.5 AQI & Speciation Mass,702,PM2.5 SCC w/Correction Factor,35620,"New York-Newark-Jersey City, NY-NJ-PA",36,New York,61,New York,40.81976,-73.94825
08/28/2019,AQS,3,2.7,ug/m3 LC,15,CCNY,1,100,88502,Acceptable PM2.5 AQI & Speciation Mass,702,PM2.5 SCC w/Correction Factor,35620,"New York-Newark-Jersey City, NY-NJ-PA",36,New York,61,New York,40.81976,-73.94825
08/29/2019,AQS,3,2.4,ug/m3 LC,13,CCNY,1,100,88502,Acceptable PM2.5 AQI & Speciation Mass,702,PM2.5 SCC w/Correction Factor,35620,"New York-Newark-Jersey City, NY-NJ-PA",36,New York,61,New York,40.81976,-73.94825
08/30/2019,AQS,3,7.4,ug/m3 LC,41,CCNY,1,100,88502,Acceptable PM2.5 AQI & Speciation Mass,702,PM2.5 SCC w/Correction Factor,35620,"New York-Newark-Jersey City, NY-NJ-PA",36,New York,61,New York,40.81976,-73.94825
08/31/2019,AQS,3,3.4,ug/m3 LC,19,CCNY,1,100,88502,Acceptable PM2.5 AQI & Speciation Mass,702,PM2.5 SCC w/Correction Factor,35620,"New York-Newark-Jersey City, NY-NJ-PA",36,New York,61,New York,40.81976,-73.94825
09/01/2019,AQS,3,2.6,ug/m3 LC,14,CCNY,1,100,88502,Acceptable PM2.5 AQI & Speciation Mass,702,PM2.5 SCC w/Correction Factor,35620,"New York-Newark-Jersey City, NY-NJ-PA",36,New York,61,New York,40.81976,-73.94825
09/02/2019,AQS,3,3.8,ug/m3 LC,21,CCNY,1,100,88502,Acceptable PM2.5 AQI & Speciation Mass,702,PM2.5 SCC w/Correction Factor,35620,"New York-Newark-Jersey City, NY-NJ-PA",36,New York,61,New York,40.81976,-73.94825
09/03/2019,AQS,3,4.6,ug/m3 LC,26,CCNY,1,100,88502,Acceptable PM2.5 AQI & Speciation Mass,702,PM2.5 SCC w/Correction Factor,35620,"New York-Newark-Jersey City, NY-NJ-PA",36,New York,61,New York,40.81976,-73.94825
09/04/2019,AQS,3,7.4,ug/m3 LC,41,CCNY,1,100,88502,Acceptable PM2.5 AQI & Speciation Mass,702,PM2.5 SCC w/Correction Factor,35620,"New York-Newark-Jersey City, NY-NJ-PA",36,New York,61,New York,40.81976,-73.94825
09/05/2019,AQS,3,1.6,ug/m3 LC,9,CCNY,1,100,88502,Acceptable PM2.5 AQI & Speciation Mass,702,PM2.5 SCC w/Correction Factor,35620,"New York-Newark-Jersey City, NY-NJ-PA",36,New York,61,New York,40.81976,-73.94825
09/06/2019,AQS,3,1.9,ug/m3 LC,11,CCNY,1,100,88502,Acceptable PM2.5 AQI & Speciation Mass,702,PM2.5 SCC w/Correction Factor,35620,"New York-Newark-Jersey City, NY-NJ-PA",36,New York,61,New York,40.81976,-73.94825
09/07/2019,AQS,3,2.9,ug/m3 LC,16,CCNY,1,100,88502,Acceptable PM2.5 AQI & Speciation Mass,702,PM2.5 SCC w/Correction Factor,35620,"New York-Newark-Jersey City, NY-NJ-PA",36,New York,61,New York,40.81976,-73.94825
09/08/2019,AQS,3,5.8,ug/m3 LC,32,CCNY,1,100,88502,Acceptable PM2.5 AQI & Speciation Mass,702,PM2.5 SCC w/Correction Factor,35620,"New York-Newark-Jersey City, NY-NJ-PA",36,New York,61,New York,40.81976,-73.94825
09/09/2019,AQS,3,4.5,ug/m3 LC,25,CCNY,1,100,88502,Acceptable PM2.5 AQI & Speciation Mass,702,PM2.5 SCC w/Correction Factor,35620,"New York-Newark-Jersey City, NY-NJ-PA",36,New York,61,New York,40.81976,-73.94825
09/10/2019,AQS,3,4.3,ug/m3 LC,24,CCNY,1,100,88502,Acceptable PM2.5 AQI & Speciation Mass,702,PM2.5 SCC w/Correction Factor,35620,"New York-Newark-Jersey City, NY-NJ-PA",36,New York,61,New York,40.81976,-73.94825
09/11/2019,AQS,3,9.4,ug/m3 LC,52,CCNY,1,100,88502,Acceptable PM2.5 AQI & Speciation Mass,702,PM2.5 SCC w/Correction Factor,35620,"New York-Newark-Jersey City, NY-NJ-PA",36,New York,61,New York,40.81976,-73.94825
09/12/2019,AQS,3,8.4,ug/m3 LC,47,CCNY,1,100,88502,Acceptable PM2.5 AQI & Speciation Mass,702,PM2.5 SCC w/Correction Factor,35620,"New York-Newark-Jersey City, NY-NJ-PA",36,New York,61,New York,40.81976,-73.94825
09/13/2019,AQS,3,1.4,ug/m3 LC,8,CCNY,1,100,88502,Acceptable PM2.5 AQI & Speciation Mass,702,PM2.5 SCC w/Correction Factor,35620,"New York-Newark-Jersey City, NY-NJ-PA",36,New York,61,New York,40.81976,-73.94825
09/14/2019,AQS,3,4.9,ug/m3 LC,27,CCNY,1,100,88502,Acceptable PM2.5 AQI & Speciation Mass,702,PM2.5 SCC w/Correction Factor,35620,"New York-Newark-Jersey City, NY-NJ-PA",36,New York,61,New York,40.81976,-73.94825
09/15/2019,AQS,3,4.5,ug/m3 LC,25,CCNY,1,100,88502,Acceptable PM2.5 AQI & Speciation Mass,702,PM2.5 SCC w/Correction Factor,35620,"New York-Newark-Jersey City, NY-NJ-PA",36,New York,61,New York,40.81976,-73.94825
09/16/2019,AQS,3,6.3,ug/m3 LC,35,CCNY,1,100,88502,Acceptable PM2.5 AQI & Speciation Mass,702,PM2.5 SCC w/Correction Factor,35620,"New York-Newark-Jersey City, NY-NJ-PA",36,New York,61,New York,40.81976,-73.94825
09/18/2019,AQS,3,2.7,ug/m3 LC,15,CCNY,1,100,88502,Acceptable PM2.5 AQI & Speciation Mass,702,PM2.5 SCC w/Correction Factor,35620,"New York-Newark-Jersey City, NY-NJ-PA",36,New York,61,New York,40.81976,-73.94825
09/19/2019,AQS,3,5.3,ug/m3 LC,29,CCNY,1,100,88502,Acceptable PM2.5 AQI & Speciation Mass,702,PM2.5 SCC w/Correction Factor,35620,"New York-Newark-Jersey City, NY-NJ-PA",36,New York,61,New York,40.81976,-73.94825
09/20/2019,AQS,3,6.8,ug/m3 LC,38,CCNY,1,100,88502,Acceptable PM2.5 AQI & Speciation Mass,702,PM2.5 SCC w/Correction Factor,35620,"New York-Newark-Jersey City, NY-NJ-PA",36,New York,61,New York,40.81976,-73.94825
09/21/2019,AQS,3,10.4,ug/m3 LC,53,CCNY,1,100,88502,Acceptable PM2.5 AQI & Speciation Mass,702,PM2.5 SCC w/Correction Factor,35620,"New York-Newark-Jersey City, NY-NJ-PA",36,New York,61,New York,40.81976,-73.94825
09/22/2019,AQS,3,6.7,ug/m3 LC,37,CCNY,1,100,88502,Acceptable PM2.5 AQI & Speciation Mass,702,PM2.5 SCC w/Correction Factor,35620,"New York-Newark-Jersey City, NY-NJ-PA",36,New York,61,New York,40.81976,-73.94825
09/23/2019,AQS,3,8.4,ug/m3 LC,47,CCNY,1,100,88502,Acceptable PM2.5 AQI & Speciation Mass,702,PM2.5 SCC w/Correction Factor,35620,"New York-Newark-Jersey City, NY-NJ-PA",36,New York,61,New York,40.81976,-73.94825
09/26/2019,AQS,3,5.7,ug/m3 LC,32,CCNY,1,100,88502,Acceptable PM2.5 AQI & Speciation Mass,702,PM2.5 SCC w/Correction Factor,35620,"New York-Newark-Jersey City, NY-NJ-PA",36,New York,61,New York,40.81976,-73.94825
09/27/2019,AQS,3,3.5,ug/m3 LC,19,CCNY,1,100,88502,Acceptable PM2.5 AQI & Speciation Mass,702,PM2.5 SCC w/Correction Factor,35620,"New York-Newark-Jersey City, NY-NJ-PA",36,New York,61,New York,40.81976,-73.94825
09/28/2019,AQS,3,5.2,ug/m3 LC,29,CCNY,1,100,88502,Acceptable PM2.5 AQI & Speciation Mass,702,PM2.5 SCC w/Correction Factor,35620,"New York-Newark-Jersey City, NY-NJ-PA",36,New York,61,New York,40.81976,-73.94825
09/29/2019,AQS,3,3.7,ug/m3 LC,21,CCNY,1,100,88502,Acceptable PM2.5 AQI & Speciation Mass,702,PM2.5 SCC w/Correction Factor,35620,"New York-Newark-Jersey City, NY-NJ-PA",36,New York,61,New York,40.81976,-73.94825
09/30/2019,AQS,3,1.8,ug/m3 LC,10,CCNY,1,100,88502,Acceptable PM2.5 AQI & Speciation Mass,702,PM2.5 SCC w/Correction Factor,35620,"New York-Newark-Jersey City, NY-NJ-PA",36,New York,61,New York,40.81976,-73.94825
10/01/2019,AQS,3,5.2,ug/m3 LC,29,CCNY,1,100,88502,Acceptable PM2.5 AQI & Speciation Mass,702,PM2.5 SCC w/Correction Factor,35620,"New York-Newark-Jersey City, NY-NJ-PA",36,New York,61,New York,40.81976,-73.94825
10/02/2019,AQS,3,10.2,ug/m3 LC,53,CCNY,1,100,88502,Acceptable PM2.5 AQI & Speciation Mass,702,PM2.5 SCC w/Correction Factor,35620,"New York-Newark-Jersey City, NY-NJ-PA",36,New York,61,New York,40.81976,-73.94825
10/05/2019,AQS,3,1.7,ug/m3 LC,9,CCNY,1,100,88502,Acceptable PM2.5 AQI & Speciation Mass,702,PM2.5 SCC w/Correction Factor,35620,"New York-Newark-Jersey City, NY-NJ-PA",36,New York,61,New York,40.81976,-73.94825
10/06/2019,AQS,3,3.4,ug/m3 LC,19,CCNY,1,100,88502,Acceptable PM2.5 AQI & Speciation Mass,702,PM2.5 SCC w/Correction Factor,35620,"New York-Newark-Jersey City, NY-NJ-PA",36,New York,61,New York,40.81976,-73.94825
10/07/2019,AQS,3,3.3,ug/m3 LC,18,CCNY,1,100,88502,Acceptable PM2.5 AQI & Speciation Mass,702,PM2.5 SCC w/Correction Factor,35620,"New York-Newark-Jersey City, NY-NJ-PA",36,New York,61,New York,40.81976,-73.94825
10/08/2019,AQS,3,2.1,ug/m3 LC,12,CCNY,1,100,88502,Acceptable PM2.5 AQI & Speciation Mass,702,PM2.5 SCC w/Correction Factor,35620,"New York-Newark-Jersey City, NY-NJ-PA",36,New York,61,New York,40.81976,-73.94825
10/09/2019,AQS,3,2.8,ug/m3 LC,16,CCNY,1,100,88502,Acceptable PM2.5 AQI & Speciation Mass,702,PM2.5 SCC w/Correction Factor,35620,"New York-Newark-Jersey City, NY-NJ-PA",36,New York,61,New York,40.81976,-73.94825
10/10/2019,AQS,3,1.3,ug/m3 LC,7,CCNY,1,100,88502,Acceptable PM2.5 AQI & Speciation Mass,702,PM2.5 SCC w/Correction Factor,35620,"New York-Newark-Jersey City, NY-NJ-PA",36,New York,61,New York,40.81976,-73.94825
10/11/2019,AQS,3,1.7,ug/m3 LC,9,CCNY,1,100,88502,Acceptable PM2.5 AQI & Speciation Mass,702,PM2.5 SCC w/Correction Factor,35620,"New York-Newark-Jersey City, NY-NJ-PA",36,New York,61,New York,40.81976,-73.94825
10/12/2019,AQS,3,3.4,ug/m3 LC,19,CCNY,1,100,88502,Acceptable PM2.5 AQI & Speciation Mass,702,PM2.5 SCC w/Correction Factor,35620,"New York-Newark-Jersey City, NY-NJ-PA",36,New York,61,New York,40.81976,-73.94825
10/13/2019,AQS,3,4.5,ug/m3 LC,25,CCNY,1,100,88502,Acceptable PM2.5 AQI & Speciation Mass,702,PM2.5 SCC w/Correction Factor,35620,"New York-Newark-Jersey City, NY-NJ-PA",36,New York,61,New York,40.81976,-73.94825
10/14/2019,AQS,3,6.4,ug/m3 LC,36,CCNY,1,100,88502,Acceptable PM2.5 AQI & Speciation Mass,702,PM2.5 SCC w/Correction Factor,35620,"New York-Newark-Jersey City, NY-NJ-PA",36,New York,61,New York,40.81976,-73.94825
10/15/2019,AQS,3,5.5,ug/m3 LC,31,CCNY,1,100,88502,Acceptable PM2.5 AQI & Speciation Mass,702,PM2.5 SCC w/Correction Factor,35620,"New York-Newark-Jersey City, NY-NJ-PA",36,New York,61,New York,40.81976,-73.94825
10/16/2019,AQS,3,5,ug/m3 LC,28,CCNY,1,100,88502,Acceptable PM2.5 AQI & Speciation Mass,702,PM2.5 SCC w/Correction Factor,35620,"New York-Newark-Jersey City, NY-NJ-PA",36,New York,61,New York,40.81976,-73.94825
10/17/2019,AQS,3,3.1,ug/m3 LC,17,CCNY,1,100,88502,Acceptable PM2.5 AQI & Speciation Mass,702,PM2.5 SCC w/Correction Factor,35620,"New York-Newark-Jersey City, NY-NJ-PA",36,New York,61,New York,40.81976,-73.94825
10/18/2019,AQS,3,2.5,ug/m3 LC,14,CCNY,1,100,88502,Acceptable PM2.5 AQI & Speciation Mass,702,PM2.5 SCC w/Correction Factor,35620,"New York-Newark-Jersey City, NY-NJ-PA",36,New York,61,New York,40.81976,-73.94825
10/20/2019,AQS,3,7.2,ug/m3 LC,40,CCNY,1,100,88502,Acceptable PM2.5 AQI & Speciation Mass,702,PM2.5 SCC w/Correction Factor,35620,"New York-Newark-Jersey City, NY-NJ-PA",36,New York,61,New York,40.81976,-73.94825
10/21/2019,AQS,3,6,ug/m3 LC,33,CCNY,1,100,88502,Acceptable PM2.5 AQI & Speciation Mass,702,PM2.5 SCC w/Correction Factor,35620,"New York-Newark-Jersey City, NY-NJ-PA",36,New York,61,New York,40.81976,-73.94825
10/22/2019,AQS,3,2.8,ug/m3 LC,16,CCNY,1,100,88502,Acceptable PM2.5 AQI & Speciation Mass,702,PM2.5 SCC w/Correction Factor,35620,"New York-Newark-Jersey City, NY-NJ-PA",36,New York,61,New York,40.81976,-73.94825
10/23/2019,AQS,3,3.5,ug/m3 LC,19,CCNY,1,100,88502,Acceptable PM2.5 AQI & Speciation Mass,702,PM2.5 SCC w/Correction Factor,35620,"New York-Newark-Jersey City, NY-NJ-PA",36,New York,61,New York,40.81976,-73.94825
10/24/2019,AQS,3,6,ug/m3 LC,33,CCNY,1,100,88502,Acceptable PM2.5 AQI & Speciation Mass,702,PM2.5 SCC w/Correction Factor,35620,"New York-Newark-Jersey City, NY-NJ-PA",36,New York,61,New York,40.81976,-73.94825
10/25/2019,AQS,3,9.4,ug/m3 LC,52,CCNY,1,100,88502,Acceptable PM2.5 AQI & Speciation Mass,702,PM2.5 SCC w/Correction Factor,35620,"New York-Newark-Jersey City, NY-NJ-PA",36,New York,61,New York,40.81976,-73.94825
10/26/2019,AQS,3,5.6,ug/m3 LC,31,CCNY,1,100,88502,Acceptable PM2.5 AQI & Speciation Mass,702,PM2.5 SCC w/Correction Factor,35620,"New York-Newark-Jersey City, NY-NJ-PA",36,New York,61,New York,40.81976,-73.94825
10/27/2019,AQS,3,3,ug/m3 LC,17,CCNY,1,100,88502,Acceptable PM2.5 AQI & Speciation Mass,702,PM2.5 SCC w/Correction Factor,35620,"New York-Newark-Jersey City, NY-NJ-PA",36,New York,61,New York,40.81976,-73.94825
10/28/2019,AQS,3,2.8,ug/m3 LC,16,CCNY,1,100,88502,Acceptable PM2.5 AQI & Speciation Mass,702,PM2.5 SCC w/Correction Factor,35620,"New York-Newark-Jersey City, NY-NJ-PA",36,New York,61,New York,40.81976,-73.94825
10/29/2019,AQS,3,2.4,ug/m3 LC,13,CCNY,1,100,88502,Acceptable PM2.5 AQI & Speciation Mass,702,PM2.5 SCC w/Correction Factor,35620,"New York-Newark-Jersey City, NY-NJ-PA",36,New York,61,New York,40.81976,-73.94825
10/30/2019,AQS,3,2.9,ug/m3 LC,16,CCNY,1,100,88502,Acceptable PM2.5 AQI & Speciation Mass,702,PM2.5 SCC w/Correction Factor,35620,"New York-Newark-Jersey City, NY-NJ-PA",36,New York,61,New York,40.81976,-73.94825
10/31/2019,AQS,3,4.3,ug/m3 LC,24,CCNY,1,100,88502,Acceptable PM2.5 AQI & Speciation Mass,702,PM2.5 SCC w/Correction Factor,35620,"New York-Newark-Jersey City, NY-NJ-PA",36,New York,61,New York,40.81976,-73.94825
11/01/2019,AQS,3,3.2,ug/m3 LC,18,CCNY,1,100,88502,Acceptable PM2.5 AQI & Speciation Mass,702,PM2.5 SCC w/Correction Factor,35620,"New York-Newark-Jersey City, NY-NJ-PA",36,New York,61,New York,40.81976,-73.94825
11/02/2019,AQS,3,3.8,ug/m3 LC,21,CCNY,1,100,88502,Acceptable PM2.5 AQI & Speciation Mass,702,PM2.5 SCC w/Correction Factor,35620,"New York-Newark-Jersey City, NY-NJ-PA",36,New York,61,New York,40.81976,-73.94825
11/03/2019,AQS,3,5.7,ug/m3 LC,32,CCNY,1,100,88502,Acceptable PM2.5 AQI & Speciation Mass,702,PM2.5 SCC w/Correction Factor,35620,"New York-Newark-Jersey City, NY-NJ-PA",36,New York,61,New York,40.81976,-73.94825
11/04/2019,AQS,3,4.9,ug/m3 LC,27,CCNY,1,100,88502,Acceptable PM2.5 AQI & Speciation Mass,702,PM2.5 SCC w/Correction Factor,35620,"New York-Newark-Jersey City, NY-NJ-PA",36,New York,61,New York,40.81976,-73.94825
11/05/2019,AQS,3,8.3,ug/m3 LC,46,CCNY,1,100,88502,Acceptable PM2.5 AQI & Speciation Mass,702,PM2.5 SCC w/Correction Factor,35620,"New York-Newark-Jersey City, NY-NJ-PA",36,New York,61,New York,40.81976,-73.94825
11/06/2019,AQS,3,5.9,ug/m3 LC,33,CCNY,1,100,88502,Acceptable PM2.5 AQI & Speciation Mass,702,PM2.5 SCC w/Correction Factor,35620,"New York-Newark-Jersey City, NY-NJ-PA",36,New York,61,New York,40.81976,-73.94825
11/07/2019,AQS,3,7.2,ug/m3 LC,40,CCNY,1,100,88502,Acceptable PM2.5 AQI & Speciation Mass,702,PM2.5 SCC w/Correction Factor,35620,"New York-Newark-Jersey City, NY-NJ-PA",36,New York,61,New York,40.81976,-73.94825
11/08/2019,AQS,3,3.2,ug/m3 LC,18,CCNY,1,100,88502,Acceptable PM2.5 AQI & Speciation Mass,702,PM2.5 SCC w/Correction Factor,35620,"New York-Newark-Jersey City, NY-NJ-PA",36,New York,61,New York,40.81976,-73.94825
11/09/2019,AQS,3,2.9,ug/m3 LC,16,CCNY,1,100,88502,Acceptable PM2.5 AQI & Speciation Mass,702,PM2.5 SCC w/Correction Factor,35620,"New York-Newark-Jersey City, NY-NJ-PA",36,New York,61,New York,40.81976,-73.94825
11/10/2019,AQS,3,8.1,ug/m3 LC,45,CCNY,1,100,88502,Acceptable PM2.5 AQI & Speciation Mass,702,PM2.5 SCC w/Correction Factor,35620,"New York-Newark-Jersey City, NY-NJ-PA",36,New York,61,New York,40.81976,-73.94825
11/11/2019,AQS,3,16.2,ug/m3 LC,64,CCNY,1,100,88502,Acceptable PM2.5 AQI & Speciation Mass,702,PM2.5 SCC w/Correction Factor,35620,"New York-Newark-Jersey City, NY-NJ-PA",36,New York,61,New York,40.81976,-73.94825
11/12/2019,AQS,3,5.5,ug/m3 LC,31,CCNY,1,100,88502,Acceptable PM2.5 AQI & Speciation Mass,702,PM2.5 SCC w/Correction Factor,35620,"New York-Newark-Jersey City, NY-NJ-PA",36,New York,61,New York,40.81976,-73.94825
11/13/2019,AQS,3,3.6,ug/m3 LC,20,CCNY,1,100,88502,Acceptable PM2.5 AQI & Speciation Mass,702,PM2.5 SCC w/Correction Factor,35620,"New York-Newark-Jersey City, NY-NJ-PA",36,New York,61,New York,40.81976,-73.94825
11/14/2019,AQS,3,5.7,ug/m3 LC,32,CCNY,1,100,88502,Acceptable PM2.5 AQI & Speciation Mass,702,PM2.5 SCC w/Correction Factor,35620,"New York-Newark-Jersey City, NY-NJ-PA",36,New York,61,New York,40.81976,-73.94825
11/15/2019,AQS,3,9,ug/m3 LC,50,CCNY,1,100,88502,Acceptable PM2.5 AQI & Speciation Mass,702,PM2.5 SCC w/Correction Factor,35620,"New York-Newark-Jersey City, NY-NJ-PA",36,New York,61,New York,40.81976,-73.94825
11/16/2019,AQS,3,3.4,ug/m3 LC,19,CCNY,1,100,88502,Acceptable PM2.5 AQI & Speciation Mass,702,PM2.5 SCC w/Correction Factor,35620,"New York-Newark-Jersey City, NY-NJ-PA",36,New York,61,New York,40.81976,-73.94825
11/17/2019,AQS,3,3.2,ug/m3 LC,18,CCNY,1,100,88502,Acceptable PM2.5 AQI & Speciation Mass,702,PM2.5 SCC w/Correction Factor,35620,"New York-Newark-Jersey City, NY-NJ-PA",36,New York,61,New York,40.81976,-73.94825
11/18/2019,AQS,3,3.2,ug/m3 LC,18,CCNY,1,100,88502,Acceptable PM2.5 AQI & Speciation Mass,702,PM2.5 SCC w/Correction Factor,35620,"New York-Newark-Jersey City, NY-NJ-PA",36,New York,61,New York,40.81976,-73.94825
11/19/2019,AQS,3,5.1,ug/m3 LC,28,CCNY,1,100,88502,Acceptable PM2.5 AQI & Speciation Mass,702,PM2.5 SCC w/Correction Factor,35620,"New York-Newark-Jersey City, NY-NJ-PA",36,New York,61,New York,40.81976,-73.94825
11/20/2019,AQS,3,6.9,ug/m3 LC,38,CCNY,1,100,88502,Acceptable PM2.5 AQI & Speciation Mass,702,PM2.5 SCC w/Correction Factor,35620,"New York-Newark-Jersey City, NY-NJ-PA",36,New York,61,New York,40.81976,-73.94825
11/21/2019,AQS,3,7.8,ug/m3 LC,43,CCNY,1,100,88502,Acceptable PM2.5 AQI & Speciation Mass,702,PM2.5 SCC w/Correction Factor,35620,"New York-Newark-Jersey City, NY-NJ-PA",36,New York,61,New York,40.81976,-73.94825
11/22/2019,AQS,3,8.4,ug/m3 LC,47,CCNY,1,100,88502,Acceptable PM2.5 AQI & Speciation Mass,702,PM2.5 SCC w/Correction Factor,35620,"New York-Newark-Jersey City, NY-NJ-PA",36,New York,61,New York,40.81976,-73.94825
11/23/2019,AQS,3,4,ug/m3 LC,22,CCNY,1,100,88502,Acceptable PM2.5 AQI & Speciation Mass,702,PM2.5 SCC w/Correction Factor,35620,"New York-Newark-Jersey City, NY-NJ-PA",36,New York,61,New York,40.81976,-73.94825
11/24/2019,AQS,3,5.3,ug/m3 LC,29,CCNY,1,100,88502,Acceptable PM2.5 AQI & Speciation Mass,702,PM2.5 SCC w/Correction Factor,35620,"New York-Newark-Jersey City, NY-NJ-PA",36,New York,61,New York,40.81976,-73.94825
11/25/2019,AQS,3,11.8,ug/m3 LC,56,CCNY,1,100,88502,Acceptable PM2.5 AQI & Speciation Mass,702,PM2.5 SCC w/Correction Factor,35620,"New York-Newark-Jersey City, NY-NJ-PA",36,New York,61,New York,40.81976,-73.94825
11/26/2019,AQS,3,13.7,ug/m3 LC,60,CCNY,1,100,88502,Acceptable PM2.5 AQI & Speciation Mass,702,PM2.5 SCC w/Correction Factor,35620,"New York-Newark-Jersey City, NY-NJ-PA",36,New York,61,New York,40.81976,-73.94825
11/27/2019,AQS,3,12.6,ug/m3 LC,58,CCNY,1,100,88502,Acceptable PM2.5 AQI & Speciation Mass,702,PM2.5 SCC w/Correction Factor,35620,"New York-Newark-Jersey City, NY-NJ-PA",36,New York,61,New York,40.81976,-73.94825
11/28/2019,AQS,3,3.2,ug/m3 LC,18,CCNY,1,100,88502,Acceptable PM2.5 AQI & Speciation Mass,702,PM2.5 SCC w/Correction Factor,35620,"New York-Newark-Jersey City, NY-NJ-PA",36,New York,61,New York,40.81976,-73.94825
11/29/2019,AQS,3,2.6,ug/m3 LC,14,CCNY,1,100,88502,Acceptable PM2.5 AQI & Speciation Mass,702,PM2.5 SCC w/Correction Factor,35620,"New York-Newark-Jersey City, NY-NJ-PA",36,New York,61,New York,40.81976,-73.94825
11/30/2019,AQS,3,4.2,ug/m3 LC,23,CCNY,1,100,88502,Acceptable PM2.5 AQI & Speciation Mass,702,PM2.5 SCC w/Correction Factor,35620,"New York-Newark-Jersey City, NY-NJ-PA",36,New York,61,New York,40.81976,-73.94825
12/01/2019,AQS,3,4.5,ug/m3 LC,25,CCNY,1,100,88502,Acceptable PM2.5 AQI & Speciation Mass,702,PM2.5 SCC w/Correction Factor,35620,"New York-Newark-Jersey City, NY-NJ-PA",36,New York,61,New York,40.81976,-73.94825
12/02/2019,AQS,3,3.7,ug/m3 LC,21,CCNY,1,100,88502,Acceptable PM2.5 AQI & Speciation Mass,702,PM2.5 SCC w/Correction Factor,35620,"New York-Newark-Jersey City, NY-NJ-PA",36,New York,61,New York,40.81976,-73.94825
12/03/2019,AQS,3,4.5,ug/m3 LC,25,CCNY,1,100,88502,Acceptable PM2.5 AQI & Speciation Mass,702,PM2.5 SCC w/Correction Factor,35620,"New York-Newark-Jersey City, NY-NJ-PA",36,New York,61,New York,40.81976,-73.94825
12/04/2019,AQS,3,9.2,ug/m3 LC,51,CCNY,1,100,88502,Acceptable PM2.5 AQI & Speciation Mass,702,PM2.5 SCC w/Correction Factor,35620,"New York-Newark-Jersey City, NY-NJ-PA",36,New York,61,New York,40.81976,-73.94825
12/05/2019,AQS,3,6.6,ug/m3 LC,37,CCNY,1,100,88502,Acceptable PM2.5 AQI & Speciation Mass,702,PM2.5 SCC w/Correction Factor,35620,"New York-Newark-Jersey City, NY-NJ-PA",36,New York,61,New York,40.81976,-73.94825
12/06/2019,AQS,3,6.8,ug/m3 LC,38,CCNY,1,100,88502,Acceptable PM2.5 AQI & Speciation Mass,702,PM2.5 SCC w/Correction Factor,35620,"New York-Newark-Jersey City, NY-NJ-PA",36,New York,61,New York,40.81976,-73.94825
12/07/2019,AQS,3,5.8,ug/m3 LC,32,CCNY,1,100,88502,Acceptable PM2.5 AQI & Speciation Mass,702,PM2.5 SCC w/Correction Factor,35620,"New York-Newark-Jersey City, NY-NJ-PA",36,New York,61,New York,40.81976,-73.94825
12/08/2019,AQS,3,5.9,ug/m3 LC,33,CCNY,1,100,88502,Acceptable PM2.5 AQI & Speciation Mass,702,PM2.5 SCC w/Correction Factor,35620,"New York-Newark-Jersey City, NY-NJ-PA",36,New York,61,New York,40.81976,-73.94825
12/09/2019,AQS,3,7.5,ug/m3 LC,42,CCNY,1,100,88502,Acceptable PM2.5 AQI & Speciation Mass,702,PM2.5 SCC w/Correction Factor,35620,"New York-Newark-Jersey City, NY-NJ-PA",36,New York,61,New York,40.81976,-73.94825
12/10/2019,AQS,3,9.4,ug/m3 LC,52,CCNY,1,100,88502,Acceptable PM2.5 AQI & Speciation Mass,702,PM2.5 SCC w/Correction Factor,35620,"New York-Newark-Jersey City, NY-NJ-PA",36,New York,61,New York,40.81976,-73.94825
12/11/2019,AQS,3,5.7,ug/m3 LC,32,CCNY,1,100,88502,Acceptable PM2.5 AQI & Speciation Mass,702,PM2.5 SCC w/Correction Factor,35620,"New York-Newark-Jersey City, NY-NJ-PA",36,New York,61,New York,40.81976,-73.94825
12/12/2019,AQS,3,7.4,ug/m3 LC,41,CCNY,1,100,88502,Acceptable PM2.5 AQI & Speciation Mass,702,PM2.5 SCC w/Correction Factor,35620,"New York-Newark-Jersey City, NY-NJ-PA",36,New York,61,New York,40.81976,-73.94825
12/13/2019,AQS,3,8.1,ug/m3 LC,45,CCNY,1,100,88502,Acceptable PM2.5 AQI & Speciation Mass,702,PM2.5 SCC w/Correction Factor,35620,"New York-Newark-Jersey City, NY-NJ-PA",36,New York,61,New York,40.81976,-73.94825
12/14/2019,AQS,3,4.9,ug/m3 LC,27,CCNY,1,100,88502,Acceptable PM2.5 AQI & Speciation Mass,702,PM2.5 SCC w/Correction Factor,35620,"New York-Newark-Jersey City, NY-NJ-PA",36,New York,61,New York,40.81976,-73.94825
12/15/2019,AQS,3,7.6,ug/m3 LC,42,CCNY,1,100,88502,Acceptable PM2.5 AQI & Speciation Mass,702,PM2.5 SCC w/Correction Factor,35620,"New York-Newark-Jersey City, NY-NJ-PA",36,New York,61,New York,40.81976,-73.94825
12/16/2019,AQS,3,7.2,ug/m3 LC,40,CCNY,1,100,88502,Acceptable PM2.5 AQI & Speciation Mass,702,PM2.5 SCC w/Correction Factor,35620,"New York-Newark-Jersey City, NY-NJ-PA",36,New York,61,New York,40.81976,-73.94825
12/17/2019,AQS,3,5.4,ug/m3 LC,30,CCNY,1,100,88502,Acceptable PM2.5 AQI & Speciation Mass,702,PM2.5 SCC w/Correction Factor,35620,"New York-Newark-Jersey City, NY-NJ-PA",36,New York,61,New York,40.81976,-73.94825
12/18/2019,AQS,3,7.3,ug/m3 LC,41,CCNY,1,100,88502,Acceptable PM2.5 AQI & Speciation Mass,702,PM2.5 SCC w/Correction Factor,35620,"New York-Newark-Jersey City, NY-NJ-PA",36,New York,61,New York,40.81976,-73.94825
12/19/2019,AQS,3,7.7,ug/m3 LC,43,CCNY,1,100,88502,Acceptable PM2.5 AQI & Speciation Mass,702,PM2.5 SCC w/Correction Factor,35620,"New York-Newark-Jersey City, NY-NJ-PA",36,New York,61,New York,40.81976,-73.94825
12/20/2019,AQS,3,8.1,ug/m3 LC,45,CCNY,1,100,88502,Acceptable PM2.5 AQI & Speciation Mass,702,PM2.5 SCC w/Correction Factor,35620,"New York-Newark-Jersey City, NY-NJ-PA",36,New York,61,New York,40.81976,-73.94825
12/21/2019,AQS,3,11.4,ug/m3 LC,55,CCNY,1,100,88502,Acceptable PM2.5 AQI & Speciation Mass,702,PM2.5 SCC w/Correction Factor,35620,"New York-Newark-Jersey City, NY-NJ-PA",36,New York,61,New York,40.81976,-73.94825
12/22/2019,AQS,3,17,ug/m3 LC,66,CCNY,1,100,88502,Acceptable PM2.5 AQI & Speciation Mass,702,PM2.5 SCC w/Correction Factor,35620,"New York-Newark-Jersey City, NY-NJ-PA",36,New York,61,New York,40.81976,-73.94825
12/23/2019,AQS,3,16.1,ug/m3 LC,64,CCNY,1,100,88502,Acceptable PM2.5 AQI & Speciation Mass,702,PM2.5 SCC w/Correction Factor,35620,"New York-Newark-Jersey City, NY-NJ-PA",36,New York,61,New York,40.81976,-73.94825
12/24/2019,AQS,3,9.1,ug/m3 LC,51,CCNY,1,100,88502,Acceptable PM2.5 AQI & Speciation Mass,702,PM2.5 SCC w/Correction Factor,35620,"New York-Newark-Jersey City, NY-NJ-PA",36,New York,61,New York,40.81976,-73.94825
12/25/2019,AQS,3,12.5,ug/m3 LC,57,CCNY,1,100,88502,Acceptable PM2.5 AQI & Speciation Mass,702,PM2.5 SCC w/Correction Factor,35620,"New York-Newark-Jersey City, NY-NJ-PA",36,New York,61,New York,40.81976,-73.94825
12/26/2019,AQS,3,16.5,ug/m3 LC,65,CCNY,1,100,88502,Acceptable PM2.5 AQI & Speciation Mass,702,PM2.5 SCC w/Correction Factor,35620,"New York-Newark-Jersey City, NY-NJ-PA",36,New York,61,New York,40.81976,-73.94825
12/27/2019,AQS,3,10.7,ug/m3 LC,54,CCNY,1,100,88502,Acceptable PM2.5 AQI & Speciation Mass,702,PM2.5 SCC w/Correction Factor,35620,"New York-Newark-Jersey City, NY-NJ-PA",36,New York,61,New York,40.81976,-73.94825
12/28/2019,AQS,3,11.3,ug/m3 LC,55,CCNY,1,100,88502,Acceptable PM2.5 AQI & Speciation Mass,702,PM2.5 SCC w/Correction Factor,35620,"New York-Newark-Jersey City, NY-NJ-PA",36,New York,61,New York,40.81976,-73.94825
12/29/2019,AQS,3,11.8,ug/m3 LC,56,CCNY,1,100,88502,Acceptable PM2.5 AQI & Speciation Mass,702,PM2.5 SCC w/Correction Factor,35620,"New York-Newark-Jersey City, NY-NJ-PA",36,New York,61,New York,40.81976,-73.94825
12/30/2019,AQS,3,3.9,ug/m3 LC,22,CCNY,1,100,88502,Acceptable PM2.5 AQI & Speciation Mass,702,PM2.5 SCC w/Correction Factor,35620,"New York-Newark-Jersey City, NY-NJ-PA",36,New York,61,New York,40.81976,-73.94825
12/31/2019,AQS,3,6.7,ug/m3 LC,37,CCNY,1,100,88502,Acceptable PM2.5 AQI & Speciation Mass,702,PM2.5 SCC w/Correction Factor,35620,"New York-Newark-Jersey City, NY-NJ-PA",36,New York,61,New York,40.81976,-73.94825
01/01/2020,AQS,3,7.1,ug/m3 LC,39,CCNY,1,100,88502,Acceptable PM2.5 AQI & Speciation Mass,702,PM2.5 SCC w/Correction Factor,35620,"New York-Newark-Jersey City, NY-NJ-PA",36,New York,61,New York,40.81976,-73.94825
01/02/2020,AQS,3,12.5,ug/m3 LC,57,CCNY,1,100,88502,Acceptable PM2.5 AQI & Speciation Mass,702,PM2.5 SCC w/Correction Factor,35620,"New York-Newark-Jersey City, NY-NJ-PA",36,New York,61,New York,40.81976,-73.94825
01/03/2020,AQS,3,16.5,ug/m3 LC,65,CCNY,1,100,88502,Acceptable PM2.5 AQI & Speciation Mass,702,PM2.5 SCC w/Correction Factor,35620,"New York-Newark-Jersey City, NY-NJ-PA",36,New York,61,New York,40.81976,-73.94825
01/04/2020,AQS,3,14.2,ug/m3 LC,61,CCNY,1,100,88502,Acceptable PM2.5 AQI & Speciation Mass,702,PM2.5 SCC w/Correction Factor,35620,"New York-Newark-Jersey City, NY-NJ-PA",36,New York,61,New York,40.81976,-73.94825
01/05/2020,AQS,3,8.9,ug/m3 LC,49,CCNY,1,100,88502,Acceptable PM2.5 AQI & Speciation Mass,702,PM2.5 SCC w/Correction Factor,35620,"New York-Newark-Jersey City, NY-NJ-PA",36,New York,61,New York,40.81976,-73.94825
01/06/2020,AQS,3,9.7,ug/m3 LC,52,CCNY,1,100,88502,Acceptable PM2.5 AQI & Speciation Mass,702,PM2.5 SCC w/Correction Factor,35620,"New York-Newark-Jersey City, NY-NJ-PA",36,New York,61,New York,40.81976,-73.94825
01/07/2020,AQS,3,10.3,ug/m3 LC,53,CCNY,1,100,88502,Acceptable PM2.5 AQI & Speciation Mass,702,PM2.5 SCC w/Correction Factor,35620,"New York-Newark-Jersey City, NY-NJ-PA",36,New York,61,New York,40.81976,-73.94825
01/08/2020,AQS,3,10.6,ug/m3 LC,54,CCNY,1,100,88502,Acceptable PM2.5 AQI & Speciation Mass,702,PM2.5 SCC w/Correction Factor,35620,"New York-Newark-Jersey City, NY-NJ-PA",36,New York,61,New York,40.81976,-73.94825
01/09/2020,AQS,3,10,ug/m3 LC,53,CCNY,1,100,88502,Acceptable PM2.5 AQI & Speciation Mass,702,PM2.5 SCC w/Correction Factor,35620,"New York-Newark-Jersey City, NY-NJ-PA",36,New York,61,New York,40.81976,-73.94825
01/10/2020,AQS,3,10.2,ug/m3 LC,53,CCNY,1,100,88502,Acceptable PM2.5 AQI & Speciation Mass,702,PM2.5 SCC w/Correction Factor,35620,"New York-Newark-Jersey City, NY-NJ-PA",36,New York,61,New York,40.81976,-73.94825
01/11/2020,AQS,3,11.7,ug/m3 LC,56,CCNY,1,100,88502,Acceptable PM2.5 AQI & Speciation Mass,702,PM2.5 SCC w/Correction Factor,35620,"New York-Newark-Jersey City, NY-NJ-PA",36,New York,61,New York,40.81976,-73.94825
01/12/2020,AQS,3,8.2,ug/m3 LC,46,CCNY,1,100,88502,Acceptable PM2.5 AQI & Speciation Mass,702,PM2.5 SCC w/Correction Factor,35620,"New York-Newark-Jersey City, NY-NJ-PA",36,New York,61,New York,40.81976,-73.94825
01/13/2020,AQS,3,11.8,ug/m3 LC,56,CCNY,1,100,88502,Acceptable PM2.5 AQI & Speciation Mass,702,PM2.5 SCC w/Correction Factor,35620,"New York-Newark-Jersey City, NY-NJ-PA",36,New York,61,New York,40.81976,-73.94825
01/14/2020,AQS,3,11.8,ug/m3 LC,56,CCNY,1,100,88502,Acceptable PM2.5 AQI & Speciation Mass,702,PM2.5 SCC w/Correction Factor,35620,"New York-Newark-Jersey City, NY-NJ-PA",36,New York,61,New York,40.81976,-73.94825
01/15/2020,AQS,3,11,ug/m3 LC,55,CCNY,1,100,88502,Acceptable PM2.5 AQI & Speciation Mass,702,PM2.5 SCC w/Correction Factor,35620,"New York-Newark-Jersey City, NY-NJ-PA",36,New York,61,New York,40.81976,-73.94825
01/18/2020,AQS,3,5.9,ug/m3 LC,33,CCNY,1,100,88502,Acceptable PM2.5 AQI & Speciation Mass,702,PM2.5 SCC w/Correction Factor,35620,"New York-Newark-Jersey City, NY-NJ-PA",36,New York,61,New York,40.81976,-73.94825
01/19/2020,AQS,3,7.6,ug/m3 LC,42,CCNY,1,100,88502,Acceptable PM2.5 AQI & Speciation Mass,702,PM2.5 SCC w/Correction Factor,35620,"New York-Newark-Jersey City, NY-NJ-PA",36,New York,61,New York,40.81976,-73.94825
01/20/2020,AQS,3,6.8,ug/m3 LC,38,CCNY,1,100,88502,Acceptable PM2.5 AQI & Speciation Mass,702,PM2.5 SCC w/Correction Factor,35620,"New York-Newark-Jersey City, NY-NJ-PA",36,New York,61,New York,40.81976,-73.94825
01/21/2020,AQS,3,7.1,ug/m3 LC,39,CCNY,1,100,88502,Acceptable PM2.5 AQI & Speciation Mass,702,PM2.5 SCC w/Correction Factor,35620,"New York-Newark-Jersey City, NY-NJ-PA",36,New York,61,New York,40.81976,-73.94825
01/22/2020,AQS,3,8.2,ug/m3 LC,46,CCNY,1,100,88502,Acceptable PM2.5 AQI & Speciation Mass,702,PM2.5 SCC w/Correction Factor,35620,"New York-Newark-Jersey City, NY-NJ-PA",36,New York,61,New York,40.81976,-73.94825
01/23/2020,AQS,3,18.5,ug/m3 LC,69,CCNY,1,100,88502,Acceptable PM2.5 AQI & Speciation Mass,702,PM2.5 SCC w/Correction Factor,35620,"New York-Newark-Jersey City, NY-NJ-PA",36,New York,61,New York,40.81976,-73.94825
01/24/2020,AQS,3,15.5,ug/m3 LC,63,CCNY,1,100,88502,Acceptable PM2.5 AQI & Speciation Mass,702,PM2.5 SCC w/Correction Factor,35620,"New York-Newark-Jersey City, NY-NJ-PA",36,New York,61,New York,40.81976,-73.94825
01/25/2020,AQS,3,5.3,ug/m3 LC,29,CCNY,1,100,88502,Acceptable PM2.5 AQI & Speciation Mass,702,PM2.5 SCC w/Correction Factor,35620,"New York-Newark-Jersey City, NY-NJ-PA",36,New York,61,New York,40.81976,-73.94825
01/26/2020,AQS,3,5.2,ug/m3 LC,29,CCNY,1,100,88502,Acceptable PM2.5 AQI & Speciation Mass,702,PM2.5 SCC w/Correction Factor,35620,"New York-Newark-Jersey City, NY-NJ-PA",36,New York,61,New York,40.81976,-73.94825
01/27/2020,AQS,3,6.7,ug/m3 LC,37,CCNY,1,100,88502,Acceptable PM2.5 AQI & Speciation Mass,702,PM2.5 SCC w/Correction Factor,35620,"New York-Newark-Jersey City, NY-NJ-PA",36,New York,61,New York,40.81976,-73.94825
01/28/2020,AQS,3,4.9,ug/m3 LC,27,CCNY,1,100,88502,Acceptable PM2.5 AQI & Speciation Mass,702,PM2.5 SCC w/Correction Factor,35620,"New York-Newark-Jersey City, NY-NJ-PA",36,New York,61,New York,40.81976,-73.94825
01/29/2020,AQS,3,5.8,ug/m3 LC,32,CCNY,1,100,88502,Acceptable PM2.5 AQI & Speciation Mass,702,PM2.5 SCC w/Correction Factor,35620,"New York-Newark-Jersey City, NY-NJ-PA",36,New York,61,New York,40.81976,-73.94825
01/30/2020,AQS,3,8,ug/m3 LC,44,CCNY,1,100,88502,Acceptable PM2.5 AQI & Speciation Mass,702,PM2.5 SCC w/Correction Factor,35620,"New York-Newark-Jersey City, NY-NJ-PA",36,New York,61,New York,40.81976,-73.94825
01/31/2020,AQS,3,9.9,ug/m3 LC,52,CCNY,1,100,88502,Acceptable PM2.5 AQI & Speciation Mass,702,PM2.5 SCC w/Correction Factor,35620,"New York-Newark-Jersey City, NY-NJ-PA",36,New York,61,New York,40.81976,-73.94825
02/01/2020,AQS,3,10.9,ug/m3 LC,54,CCNY,1,100,88502,Acceptable PM2.5 AQI & Speciation Mass,702,PM2.5 SCC w/Correction Factor,35620,"New York-Newark-Jersey City, NY-NJ-PA",36,New York,61,New York,40.81976,-73.94825
02/02/2020,AQS,3,9.1,ug/m3 LC,51,CCNY,1,100,88502,Acceptable PM2.5 AQI & Speciation Mass,702,PM2.5 SCC w/Correction Factor,35620,"New York-Newark-Jersey City, NY-NJ-PA",36,New York,61,New York,40.81976,-73.94825
02/03/2020,AQS,3,9.8,ug/m3 LC,52,CCNY,1,100,88502,Acceptable PM2.5 AQI & Speciation Mass,702,PM2.5 SCC w/Correction Factor,35620,"New York-Newark-Jersey City, NY-NJ-PA",36,New York,61,New York,40.81976,-73.94825
02/04/2020,AQS,3,15.6,ug/m3 LC,63,CCNY,1,100,88502,Acceptable PM2.5 AQI & Speciation Mass,702,PM2.5 SCC w/Correction Factor,35620,"New York-Newark-Jersey City, NY-NJ-PA",36,New York,61,New York,40.81976,-73.94825
02/05/2020,AQS,3,5.6,ug/m3 LC,31,CCNY,1,100,88502,Acceptable PM2.5 AQI & Speciation Mass,702,PM2.5 SCC w/Correction Factor,35620,"New York-Newark-Jersey City, NY-NJ-PA",36,New York,61,New York,40.81976,-73.94825
02/06/2020,AQS,3,4.9,ug/m3 LC,27,CCNY,1,100,88502,Acceptable PM2.5 AQI & Speciation Mass,702,PM2.5 SCC w/Correction Factor,35620,"New York-Newark-Jersey City, NY-NJ-PA",36,New York,61,New York,40.81976,-73.94825
02/07/2020,AQS,3,5.9,ug/m3 LC,33,CCNY,1,100,88502,Acceptable PM2.5 AQI & Speciation Mass,702,PM2.5 SCC w/Correction Factor,35620,"New York-Newark-Jersey City, NY-NJ-PA",36,New York,61,New York,40.81976,-73.94825
02/08/2020,AQS,3,8.5,ug/m3 LC,47,CCNY,1,100,88502,Acceptable PM2.5 AQI & Speciation Mass,702,PM2.5 SCC w/Correction Factor,35620,"New York-Newark-Jersey City, NY-NJ-PA",36,New York,61,New York,40.81976,-73.94825
02/09/2020,AQS,3,9.8,ug/m3 LC,52,CCNY,1,100,88502,Acceptable PM2.5 AQI & Speciation Mass,702,PM2.5 SCC w/Correction Factor,35620,"New York-Newark-Jersey City, NY-NJ-PA",36,New York,61,New York,40.81976,-73.94825
02/10/2020,AQS,3,8.5,ug/m3 LC,47,CCNY,1,100,88502,Acceptable PM2.5 AQI & Speciation Mass,702,PM2.5 SCC w/Correction Factor,35620,"New York-Newark-Jersey City, NY-NJ-PA",36,New York,61,New York,40.81976,-73.94825
02/11/2020,AQS,3,7.9,ug/m3 LC,44,CCNY,1,100,88502,Acceptable PM2.5 AQI & Speciation Mass,702,PM2.5 SCC w/Correction Factor,35620,"New York-Newark-Jersey City, NY-NJ-PA",36,New York,61,New York,40.81976,-73.94825
02/12/2020,AQS,3,7.6,ug/m3 LC,42,CCNY,1,100,88502,Acceptable PM2.5 AQI & Speciation Mass,702,PM2.5 SCC w/Correction Factor,35620,"New York-Newark-Jersey City, NY-NJ-PA",36,New York,61,New York,40.81976,-73.94825
02/13/2020,AQS,3,7.1,ug/m3 LC,39,CCNY,1,100,88502,Acceptable PM2.5 AQI & Speciation Mass,702,PM2.5 SCC w/Correction Factor,35620,"New York-Newark-Jersey City, NY-NJ-PA",36,New York,61,New York,40.81976,-73.94825
02/14/2020,AQS,3,6.8,ug/m3 LC,38,CCNY,1,100,88502,Acceptable PM2.5 AQI & Speciation Mass,702,PM2.5 SCC w/Correction Factor,35620,"New York-Newark-Jersey City, NY-NJ-PA",36,New York,61,New York,40.81976,-73.94825
02/15/2020,AQS,3,5.7,ug/m3 LC,32,CCNY,1,100,88502,Acceptable PM2.5 AQI & Speciation Mass,702,PM2.5 SCC w/Correction Factor,35620,"New York-Newark-Jersey City, NY-NJ-PA",36,New York,61,New York,40.81976,-73.94825
02/16/2020,AQS,3,8.8,ug/m3 LC,49,CCNY,1,100,88502,Acceptable PM2.5 AQI & Speciation Mass,702,PM2.5 SCC w/Correction Factor,35620,"New York-Newark-Jersey City, NY-NJ-PA",36,New York,61,New York,40.81976,-73.94825
02/17/2020,AQS,3,9.5,ug/m3 LC,52,CCNY,1,100,88502,Acceptable PM2.5 AQI & Speciation Mass,702,PM2.5 SCC w/Correction Factor,35620,"New York-Newark-Jersey City, NY-NJ-PA",36,New York,61,New York,40.81976,-73.94825
02/18/2020,AQS,3,8.8,ug/m3 LC,49,CCNY,1,100,88502,Acceptable PM2.5 AQI & Speciation Mass,702,PM2.5 SCC w/Correction Factor,35620,"New York-Newark-Jersey City, NY-NJ-PA",36,New York,61,New York,40.81976,-73.94825
02/19/2020,AQS,3,6.6,ug/m3 LC,37,CCNY,1,100,88502,Acceptable PM2.5 AQI & Speciation Mass,702,PM2.5 SCC w/Correction Factor,35620,"New York-Newark-Jersey City, NY-NJ-PA",36,New York,61,New York,40.81976,-73.94825
02/20/2020,AQS,3,5,ug/m3 LC,28,CCNY,1,100,88502,Acceptable PM2.5 AQI & Speciation Mass,702,PM2.5 SCC w/Correction Factor,35620,"New York-Newark-Jersey City, NY-NJ-PA",36,New York,61,New York,40.81976,-73.94825
02/21/2020,AQS,3,5,ug/m3 LC,28,CCNY,1,100,88502,Acceptable PM2.5 AQI & Speciation Mass,702,PM2.5 SCC w/Correction Factor,35620,"New York-Newark-Jersey City, NY-NJ-PA",36,New York,61,New York,40.81976,-73.94825
02/22/2020,AQS,3,7.4,ug/m3 LC,41,CCNY,1,100,88502,Acceptable PM2.5 AQI & Speciation Mass,702,PM2.5 SCC w/Correction Factor,35620,"New York-Newark-Jersey City, NY-NJ-PA",36,New York,61,New York,40.81976,-73.94825
02/23/2020,AQS,3,8.5,ug/m3 LC,47,CCNY,1,100,88502,Acceptable PM2.5 AQI & Speciation Mass,702,PM2.5 SCC w/Correction Factor,35620,"New York-Newark-Jersey City, NY-NJ-PA",36,New York,61,New York,40.81976,-73.94825
02/24/2020,AQS,3,14.7,ug/m3 LC,61,CCNY,1,100,88502,Acceptable PM2.5 AQI & Speciation Mass,702,PM2.5 SCC w/Correction Factor,35620,"New York-Newark-Jersey City, NY-NJ-PA",36,New York,61,New York,40.81976,-73.94825
02/25/2020,AQS,3,9.5,ug/m3 LC,52,CCNY,1,100,88502,Acceptable PM2.5 AQI & Speciation Mass,702,PM2.5 SCC w/Correction Factor,35620,"New York-Newark-Jersey City, NY-NJ-PA",36,New York,61,New York,40.81976,-73.94825
02/26/2020,AQS,3,5.1,ug/m3 LC,28,CCNY,1,100,88502,Acceptable PM2.5 AQI & Speciation Mass,702,PM2.5 SCC w/Correction Factor,35620,"New York-Newark-Jersey City, NY-NJ-PA",36,New York,61,New York,40.81976,-73.94825
02/27/2020,AQS,3,3.9,ug/m3 LC,22,CCNY,1,100,88502,Acceptable PM2.5 AQI & Speciation Mass,702,PM2.5 SCC w/Correction Factor,35620,"New York-Newark-Jersey City, NY-NJ-PA",36,New York,61,New York,40.81976,-73.94825
02/28/2020,AQS,3,4.9,ug/m3 LC,27,CCNY,1,100,88502,Acceptable PM2.5 AQI & Speciation Mass,702,PM2.5 SCC w/Correction Factor,35620,"New York-Newark-Jersey City, NY-NJ-PA",36,New York,61,New York,40.81976,-73.94825
02/29/2020,AQS,3,5.6,ug/m3 LC,31,CCNY,1,100,88502,Acceptable PM2.5 AQI & Speciation Mass,702,PM2.5 SCC w/Correction Factor,35620,"New York-Newark-Jersey City, NY-NJ-PA",36,New York,61,New York,40.81976,-73.94825
03/01/2020,AQS,3,5.9,ug/m3 LC,33,CCNY,1,100,88502,Acceptable PM2.5 AQI & Speciation Mass,702,PM2.5 SCC w/Correction Factor,35620,"New York-Newark-Jersey City, NY-NJ-PA",36,New York,61,New York,40.81976,-73.94825
03/02/2020,AQS,3,12.3,ug/m3 LC,57,CCNY,1,100,88502,Acceptable PM2.5 AQI & Speciation Mass,702,PM2.5 SCC w/Correction Factor,35620,"New York-Newark-Jersey City, NY-NJ-PA",36,New York,61,New York,40.81976,-73.94825
03/03/2020,AQS,3,10.9,ug/m3 LC,54,CCNY,1,100,88502,Acceptable PM2.5 AQI & Speciation Mass,702,PM2.5 SCC w/Correction Factor,35620,"New York-Newark-Jersey City, NY-NJ-PA",36,New York,61,New York,40.81976,-73.94825
03/04/2020,AQS,3,4.8,ug/m3 LC,27,CCNY,1,100,88502,Acceptable PM2.5 AQI & Speciation Mass,702,PM2.5 SCC w/Correction Factor,35620,"New York-Newark-Jersey City, NY-NJ-PA",36,New York,61,New York,40.81976,-73.94825
03/05/2020,AQS,3,5.2,ug/m3 LC,29,CCNY,1,100,88502,Acceptable PM2.5 AQI & Speciation Mass,702,PM2.5 SCC w/Correction Factor,35620,"New York-Newark-Jersey City, NY-NJ-PA",36,New York,61,New York,40.81976,-73.94825
03/06/2020,AQS,3,5.3,ug/m3 LC,29,CCNY,1,100,88502,Acceptable PM2.5 AQI & Speciation Mass,702,PM2.5 SCC w/Correction Factor,35620,"New York-Newark-Jersey City, NY-NJ-PA",36,New York,61,New York,40.81976,-73.94825
03/07/2020,AQS,3,5.1,ug/m3 LC,28,CCNY,1,100,88502,Acceptable PM2.5 AQI & Speciation Mass,702,PM2.5 SCC w/Correction Factor,35620,"New York-Newark-Jersey City, NY-NJ-PA",36,New York,61,New York,40.81976,-73.94825
03/08/2020,AQS,3,4.9,ug/m3 LC,27,CCNY,1,100,88502,Acceptable PM2.5 AQI & Speciation Mass,702,PM2.5 SCC w/Correction Factor,35620,"New York-Newark-Jersey City, NY-NJ-PA",36,New York,61,New York,40.81976,-73.94825
03/09/2020,AQS,3,10.7,ug/m3 LC,54,CCNY,1,100,88502,Acceptable PM2.5 AQI & Speciation Mass,702,PM2.5 SCC w/Correction Factor,35620,"New York-Newark-Jersey City, NY-NJ-PA",36,New York,61,New York,40.81976,-73.94825
03/10/2020,AQS,3,10.4,ug/m3 LC,53,CCNY,1,100,88502,Acceptable PM2.5 AQI & Speciation Mass,702,PM2.5 SCC w/Correction Factor,35620,"New York-Newark-Jersey City, NY-NJ-PA",36,New York,61,New York,40.81976,-73.94825
03/11/2020,AQS,3,4.4,ug/m3 LC,24,CCNY,1,100,88502,Acceptable PM2.5 AQI & Speciation Mass,702,PM2.5 SCC w/Correction Factor,35620,"New York-Newark-Jersey City, NY-NJ-PA",36,New York,61,New York,40.81976,-73.94825
03/12/2020,AQS,3,8.4,ug/m3 LC,47,CCNY,1,100,88502,Acceptable PM2.5 AQI & Speciation Mass,702,PM2.5 SCC w/Correction Factor,35620,"New York-Newark-Jersey City, NY-NJ-PA",36,New York,61,New York,40.81976,-73.94825
03/13/2020,AQS,3,5,ug/m3 LC,28,CCNY,1,100,88502,Acceptable PM2.5 AQI & Speciation Mass,702,PM2.5 SCC w/Correction Factor,35620,"New York-Newark-Jersey City, NY-NJ-PA",36,New York,61,New York,40.81976,-73.94825
03/14/2020,AQS,3,4.9,ug/m3 LC,27,CCNY,1,100,88502,Acceptable PM2.5 AQI & Speciation Mass,702,PM2.5 SCC w/Correction Factor,35620,"New York-Newark-Jersey City, NY-NJ-PA",36,New York,61,New York,40.81976,-73.94825
03/15/2020,AQS,3,4.2,ug/m3 LC,23,CCNY,1,100,88502,Acceptable PM2.5 AQI & Speciation Mass,702,PM2.5 SCC w/Correction Factor,35620,"New York-Newark-Jersey City, NY-NJ-PA",36,New York,61,New York,40.81976,-73.94825
03/16/2020,AQS,3,5,ug/m3 LC,28,CCNY,1,100,88502,Acceptable PM2.5 AQI & Speciation Mass,702,PM2.5 SCC w/Correction Factor,35620,"New York-Newark-Jersey City, NY-NJ-PA",36,New York,61,New York,40.81976,-73.94825
03/17/2020,AQS,3,5.3,ug/m3 LC,29,CCNY,1,100,88502,Acceptable PM2.5 AQI & Speciation Mass,702,PM2.5 SCC w/Correction Factor,35620,"New York-Newark-Jersey City, NY-NJ-PA",36,New York,61,New York,40.81976,-73.94825
03/18/2020,AQS,3,5.5,ug/m3 LC,31,CCNY,1,100,88502,Acceptable PM2.5 AQI & Speciation Mass,702,PM2.5 SCC w/Correction Factor,35620,"New York-Newark-Jersey City, NY-NJ-PA",36,New York,61,New York,40.81976,-73.94825
03/19/2020,AQS,3,4.4,ug/m3 LC,24,CCNY,1,100,88502,Acceptable PM2.5 AQI & Speciation Mass,702,PM2.5 SCC w/Correction Factor,35620,"New York-Newark-Jersey City, NY-NJ-PA",36,New York,61,New York,40.81976,-73.94825
03/20/2020,AQS,3,7.8,ug/m3 LC,43,CCNY,1,100,88502,Acceptable PM2.5 AQI & Speciation Mass,702,PM2.5 SCC w/Correction Factor,35620,"New York-Newark-Jersey City, NY-NJ-PA",36,New York,61,New York,40.81976,-73.94825
03/21/2020,AQS,3,3.5,ug/m3 LC,19,CCNY,1,100,88502,Acceptable PM2.5 AQI & Speciation Mass,702,PM2.5 SCC w/Correction Factor,35620,"New York-Newark-Jersey City, NY-NJ-PA",36,New York,61,New York,40.81976,-73.94825
03/22/2020,AQS,3,6.1,ug/m3 LC,34,CCNY,1,100,88502,Acceptable PM2.5 AQI & Speciation Mass,702,PM2.5 SCC w/Correction Factor,35620,"New York-Newark-Jersey City, NY-NJ-PA",36,New York,61,New York,40.81976,-73.94825
03/23/2020,AQS,3,2.7,ug/m3 LC,15,CCNY,1,100,88502,Acceptable PM2.5 AQI & Speciation Mass,702,PM2.5 SCC w/Correction Factor,35620,"New York-Newark-Jersey City, NY-NJ-PA",36,New York,61,New York,40.81976,-73.94825
03/24/2020,AQS,3,3,ug/m3 LC,17,CCNY,1,100,88502,Acceptable PM2.5 AQI & Speciation Mass,702,PM2.5 SCC w/Correction Factor,35620,"New York-Newark-Jersey City, NY-NJ-PA",36,New York,61,New York,40.81976,-73.94825
03/25/2020,AQS,3,4.9,ug/m3 LC,27,CCNY,1,100,88502,Acceptable PM2.5 AQI & Speciation Mass,702,PM2.5 SCC w/Correction Factor,35620,"New York-Newark-Jersey City, NY-NJ-PA",36,New York,61,New York,40.81976,-73.94825
03/26/2020,AQS,3,6.1,ug/m3 LC,34,CCNY,1,100,88502,Acceptable PM2.5 AQI & Speciation Mass,702,PM2.5 SCC w/Correction Factor,35620,"New York-Newark-Jersey City, NY-NJ-PA",36,New York,61,New York,40.81976,-73.94825
03/27/2020,AQS,3,5.4,ug/m3 LC,30,CCNY,1,100,88502,Acceptable PM2.5 AQI & Speciation Mass,702,PM2.5 SCC w/Correction Factor,35620,"New York-Newark-Jersey City, NY-NJ-PA",36,New York,61,New York,40.81976,-73.94825
03/28/2020,AQS,3,5.3,ug/m3 LC,29,CCNY,1,100,88502,Acceptable PM2.5 AQI & Speciation Mass,702,PM2.5 SCC w/Correction Factor,35620,"New York-Newark-Jersey City, NY-NJ-PA",36,New York,61,New York,40.81976,-73.94825
03/29/2020,AQS,3,2.3,ug/m3 LC,13,CCNY,1,100,88502,Acceptable PM2.5 AQI & Speciation Mass,702,PM2.5 SCC w/Correction Factor,35620,"New York-Newark-Jersey City, NY-NJ-PA",36,New York,61,New York,40.81976,-73.94825
03/30/2020,AQS,3,4.7,ug/m3 LC,26,CCNY,1,100,88502,Acceptable PM2.5 AQI & Speciation Mass,702,PM2.5 SCC w/Correction Factor,35620,"New York-Newark-Jersey City, NY-NJ-PA",36,New York,61,New York,40.81976,-73.94825
03/31/2020,AQS,3,1.9,ug/m3 LC,11,CCNY,1,100,88502,Acceptable PM2.5 AQI & Speciation Mass,702,PM2.5 SCC w/Correction Factor,35620,"New York-Newark-Jersey City, NY-NJ-PA",36,New York,61,New York,40.81976,-73.94825
04/01/2020,AQS,3,3.6,ug/m3 LC,20,CCNY,1,100,88502,Acceptable PM2.5 AQI & Speciation Mass,702,PM2.5 SCC w/Correction Factor,35620,"New York-Newark-Jersey City, NY-NJ-PA",36,New York,61,New York,40.81976,-73.94825
04/02/2020,AQS,3,3,ug/m3 LC,17,CCNY,1,100,88502,Acceptable PM2.5 AQI & Speciation Mass,702,PM2.5 SCC w/Correction Factor,35620,"New York-Newark-Jersey City, NY-NJ-PA",36,New York,61,New York,40.81976,-73.94825
04/03/2020,AQS,3,2.8,ug/m3 LC,16,CCNY,1,100,88502,Acceptable PM2.5 AQI & Speciation Mass,702,PM2.5 SCC w/Correction Factor,35620,"New York-Newark-Jersey City, NY-NJ-PA",36,New York,61,New York,40.81976,-73.94825
04/04/2020,AQS,3,3.2,ug/m3 LC,18,CCNY,1,100,88502,Acceptable PM2.5 AQI & Speciation Mass,702,PM2.5 SCC w/Correction Factor,35620,"New York-Newark-Jersey City, NY-NJ-PA",36,New York,61,New York,40.81976,-73.94825
04/05/2020,AQS,3,9.1,ug/m3 LC,51,CCNY,1,100,88502,Acceptable PM2.5 AQI & Speciation Mass,702,PM2.5 SCC w/Correction Factor,35620,"New York-Newark-Jersey City, NY-NJ-PA",36,New York,61,New York,40.81976,-73.94825
04/06/2020,AQS,3,4.2,ug/m3 LC,23,CCNY,1,100,88502,Acceptable PM2.5 AQI & Speciation Mass,702,PM2.5 SCC w/Correction Factor,35620,"New York-Newark-Jersey City, NY-NJ-PA",36,New York,61,New York,40.81976,-73.94825
04/07/2020,AQS,3,4.4,ug/m3 LC,24,CCNY,1,100,88502,Acceptable PM2.5 AQI & Speciation Mass,702,PM2.5 SCC w/Correction Factor,35620,"New York-Newark-Jersey City, NY-NJ-PA",36,New York,61,New York,40.81976,-73.94825
04/08/2020,AQS,3,8.5,ug/m3 LC,47,CCNY,1,100,88502,Acceptable PM2.5 AQI & Speciation Mass,702,PM2.5 SCC w/Correction Factor,35620,"New York-Newark-Jersey City, NY-NJ-PA",36,New York,61,New York,40.81976,-73.94825
04/09/2020,AQS,3,3.1,ug/m3 LC,17,CCNY,1,100,88502,Acceptable PM2.5 AQI & Speciation Mass,702,PM2.5 SCC w/Correction Factor,35620,"New York-Newark-Jersey City, NY-NJ-PA",36,New York,61,New York,40.81976,-73.94825
04/10/2020,AQS,3,2.9,ug/m3 LC,16,CCNY,1,100,88502,Acceptable PM2.5 AQI & Speciation Mass,702,PM2.5 SCC w/Correction Factor,35620,"New York-Newark-Jersey City, NY-NJ-PA",36,New York,61,New York,40.81976,-73.94825
04/11/2020,AQS,3,4,ug/m3 LC,22,CCNY,1,100,88502,Acceptable PM2.5 AQI & Speciation Mass,702,PM2.5 SCC w/Correction Factor,35620,"New York-Newark-Jersey City, NY-NJ-PA",36,New York,61,New York,40.81976,-73.94825
04/12/2020,AQS,3,8.3,ug/m3 LC,46,CCNY,1,100,88502,Acceptable PM2.5 AQI & Speciation Mass,702,PM2.5 SCC w/Correction Factor,35620,"New York-Newark-Jersey City, NY-NJ-PA",36,New York,61,New York,40.81976,-73.94825
04/13/2020,AQS,3,4,ug/m3 LC,22,CCNY,1,100,88502,Acceptable PM2.5 AQI & Speciation Mass,702,PM2.5 SCC w/Correction Factor,35620,"New York-Newark-Jersey City, NY-NJ-PA",36,New York,61,New York,40.81976,-73.94825
04/14/2020,AQS,3,3.8,ug/m3 LC,21,CCNY,1,100,88502,Acceptable PM2.5 AQI & Speciation Mass,702,PM2.5 SCC w/Correction Factor,35620,"New York-Newark-Jersey City, NY-NJ-PA",36,New York,61,New York,40.81976,-73.94825
04/15/2020,AQS,3,3.5,ug/m3 LC,19,CCNY,1,100,88502,Acceptable PM2.5 AQI & Speciation Mass,702,PM2.5 SCC w/Correction Factor,35620,"New York-Newark-Jersey City, NY-NJ-PA",36,New York,61,New York,40.81976,-73.94825
04/16/2020,AQS,3,4.4,ug/m3 LC,24,CCNY,1,100,88502,Acceptable PM2.5 AQI & Speciation Mass,702,PM2.5 SCC w/Correction Factor,35620,"New York-Newark-Jersey City, NY-NJ-PA",36,New York,61,New York,40.81976,-73.94825
04/17/2020,AQS,3,4.7,ug/m3 LC,26,CCNY,1,100,88502,Acceptable PM2.5 AQI & Speciation Mass,702,PM2.5 SCC w/Correction Factor,35620,"New York-Newark-Jersey City, NY-NJ-PA",36,New York,61,New York,40.81976,-73.94825
04/18/2020,AQS,3,3.8,ug/m3 LC,21,CCNY,1,100,88502,Acceptable PM2.5 AQI & Speciation Mass,702,PM2.5 SCC w/Correction Factor,35620,"New York-Newark-Jersey City, NY-NJ-PA",36,New York,61,New York,40.81976,-73.94825
04/19/2020,AQS,3,5.9,ug/m3 LC,33,CCNY,1,100,88502,Acceptable PM2.5 AQI & Speciation Mass,702,PM2.5 SCC w/Correction Factor,35620,"New York-Newark-Jersey City, NY-NJ-PA",36,New York,61,New York,40.81976,-73.94825
04/20/2020,AQS,3,4.9,ug/m3 LC,27,CCNY,1,100,88502,Acceptable PM2.5 AQI & Speciation Mass,702,PM2.5 SCC w/Correction Factor,35620,"New York-Newark-Jersey City, NY-NJ-PA",36,New York,61,New York,40.81976,-73.94825
04/21/2020,AQS,3,5.5,ug/m3 LC,31,CCNY,1,100,88502,Acceptable PM2.5 AQI & Speciation Mass,702,PM2.5 SCC w/Correction Factor,35620,"New York-Newark-Jersey City, NY-NJ-PA",36,New York,61,New York,40.81976,-73.94825
04/22/2020,AQS,3,3.4,ug/m3 LC,19,CCNY,1,100,88502,Acceptable PM2.5 AQI & Speciation Mass,702,PM2.5 SCC w/Correction Factor,35620,"New York-Newark-Jersey City, NY-NJ-PA",36,New York,61,New York,40.81976,-73.94825
04/23/2020,AQS,3,5.9,ug/m3 LC,33,CCNY,1,100,88502,Acceptable PM2.5 AQI & Speciation Mass,702,PM2.5 SCC w/Correction Factor,35620,"New York-Newark-Jersey City, NY-NJ-PA",36,New York,61,New York,40.81976,-73.94825
04/24/2020,AQS,3,4.8,ug/m3 LC,27,CCNY,1,100,88502,Acceptable PM2.5 AQI & Speciation Mass,702,PM2.5 SCC w/Correction Factor,35620,"New York-Newark-Jersey City, NY-NJ-PA",36,New York,61,New York,40.81976,-73.94825
04/25/2020,AQS,3,5.9,ug/m3 LC,33,CCNY,1,100,88502,Acceptable PM2.5 AQI & Speciation Mass,702,PM2.5 SCC w/Correction Factor,35620,"New York-Newark-Jersey City, NY-NJ-PA",36,New York,61,New York,40.81976,-73.94825
04/26/2020,AQS,3,3.1,ug/m3 LC,17,CCNY,1,100,88502,Acceptable PM2.5 AQI & Speciation Mass,702,PM2.5 SCC w/Correction Factor,35620,"New York-Newark-Jersey City, NY-NJ-PA",36,New York,61,New York,40.81976,-73.94825
04/27/2020,AQS,3,1.4,ug/m3 LC,8,CCNY,1,100,88502,Acceptable PM2.5 AQI & Speciation Mass,702,PM2.5 SCC w/Correction Factor,35620,"New York-Newark-Jersey City, NY-NJ-PA",36,New York,61,New York,40.81976,-73.94825
04/28/2020,AQS,3,4.6,ug/m3 LC,26,CCNY,1,100,88502,Acceptable PM2.5 AQI & Speciation Mass,702,PM2.5 SCC w/Correction Factor,35620,"New York-Newark-Jersey City, NY-NJ-PA",36,New York,61,New York,40.81976,-73.94825
04/29/2020,AQS,3,5.5,ug/m3 LC,31,CCNY,1,100,88502,Acceptable PM2.5 AQI & Speciation Mass,702,PM2.5 SCC w/Correction Factor,35620,"New York-Newark-Jersey City, NY-NJ-PA",36,New York,61,New York,40.81976,-73.94825
04/30/2020,AQS,3,5.2,ug/m3 LC,29,CCNY,1,100,88502,Acceptable PM2.5 AQI & Speciation Mass,702,PM2.5 SCC w/Correction Factor,35620,"New York-Newark-Jersey City, NY-NJ-PA",36,New York,61,New York,40.81976,-73.94825
05/01/2020,AQS,3,2.2,ug/m3 LC,12,CCNY,1,100,88502,Acceptable PM2.5 AQI & Speciation Mass,702,PM2.5 SCC w/Correction Factor,35620,"New York-Newark-Jersey City, NY-NJ-PA",36,New York,61,New York,40.81976,-73.94825
05/02/2020,AQS,3,3.2,ug/m3 LC,18,CCNY,1,100,88502,Acceptable PM2.5 AQI & Speciation Mass,702,PM2.5 SCC w/Correction Factor,35620,"New York-Newark-Jersey City, NY-NJ-PA",36,New York,61,New York,40.81976,-73.94825
05/03/2020,AQS,3,6.9,ug/m3 LC,38,CCNY,1,100,88502,Acceptable PM2.5 AQI & Speciation Mass,702,PM2.5 SCC w/Correction Factor,35620,"New York-Newark-Jersey City, NY-NJ-PA",36,New York,61,New York,40.81976,-73.94825
05/04/2020,AQS,3,2.9,ug/m3 LC,16,CCNY,1,100,88502,Acceptable PM2.5 AQI & Speciation Mass,702,PM2.5 SCC w/Correction Factor,35620,"New York-Newark-Jersey City, NY-NJ-PA",36,New York,61,New York,40.81976,-73.94825
05/06/2020,AQS,3,4.1,ug/m3 LC,23,CCNY,1,100,88502,Acceptable PM2.5 AQI & Speciation Mass,702,PM2.5 SCC w/Correction Factor,35620,"New York-Newark-Jersey City, NY-NJ-PA",36,New York,61,New York,40.81976,-73.94825
05/07/2020,AQS,3,3.1,ug/m3 LC,17,CCNY,1,100,88502,Acceptable PM2.5 AQI & Speciation Mass,702,PM2.5 SCC w/Correction Factor,35620,"New York-Newark-Jersey City, NY-NJ-PA",36,New York,61,New York,40.81976,-73.94825
05/08/2020,AQS,3,3.6,ug/m3 LC,20,CCNY,1,100,88502,Acceptable PM2.5 AQI & Speciation Mass,702,PM2.5 SCC w/Correction Factor,35620,"New York-Newark-Jersey City, NY-NJ-PA",36,New York,61,New York,40.81976,-73.94825
05/10/2020,AQS,3,3.2,ug/m3 LC,18,CCNY,1,100,88502,Acceptable PM2.5 AQI & Speciation Mass,702,PM2.5 SCC w/Correction Factor,35620,"New York-Newark-Jersey City, NY-NJ-PA",36,New York,61,New York,40.81976,-73.94825
05/11/2020,AQS,3,3.7,ug/m3 LC,21,CCNY,1,100,88502,Acceptable PM2.5 AQI & Speciation Mass,702,PM2.5 SCC w/Correction Factor,35620,"New York-Newark-Jersey City, NY-NJ-PA",36,New York,61,New York,40.81976,-73.94825
05/13/2020,AQS,3,2,ug/m3 LC,11,CCNY,1,100,88502,Acceptable PM2.5 AQI & Speciation Mass,702,PM2.5 SCC w/Correction Factor,35620,"New York-Newark-Jersey City, NY-NJ-PA",36,New York,61,New York,40.81976,-73.94825
05/14/2020,AQS,3,4.6,ug/m3 LC,26,CCNY,1,100,88502,Acceptable PM2.5 AQI & Speciation Mass,702,PM2.5 SCC w/Correction Factor,35620,"New York-Newark-Jersey City, NY-NJ-PA",36,New York,61,New York,40.81976,-73.94825
05/15/2020,AQS,3,9.2,ug/m3 LC,51,CCNY,1,100,88502,Acceptable PM2.5 AQI & Speciation Mass,702,PM2.5 SCC w/Correction Factor,35620,"New York-Newark-Jersey City, NY-NJ-PA",36,New York,61,New York,40.81976,-73.94825
05/17/2020,AQS,3,1.8,ug/m3 LC,10,CCNY,1,100,88502,Acceptable PM2.5 AQI & Speciation Mass,702,PM2.5 SCC w/Correction Factor,35620,"New York-Newark-Jersey City, NY-NJ-PA",36,New York,61,New York,40.81976,-73.94825
05/18/2020,AQS,3,2,ug/m3 LC,11,CCNY,1,100,88502,Acceptable PM2.5 AQI & Speciation Mass,702,PM2.5 SCC w/Correction Factor,35620,"New York-Newark-Jersey City, NY-NJ-PA",36,New York,61,New York,40.81976,-73.94825
05/19/2020,AQS,3,3.3,ug/m3 LC,18,CCNY,1,100,88502,Acceptable PM2.5 AQI & Speciation Mass,702,PM2.5 SCC w/Correction Factor,35620,"New York-Newark-Jersey City, NY-NJ-PA",36,New York,61,New York,40.81976,-73.94825
05/20/2020,AQS,3,1.7,ug/m3 LC,9,CCNY,1,100,88502,Acceptable PM2.5 AQI & Speciation Mass,702,PM2.5 SCC w/Correction Factor,35620,"New York-Newark-Jersey City, NY-NJ-PA",36,New York,61,New York,40.81976,-73.94825
05/21/2020,AQS,3,5.4,ug/m3 LC,30,CCNY,1,100,88502,Acceptable PM2.5 AQI & Speciation Mass,702,PM2.5 SCC w/Correction Factor,35620,"New York-Newark-Jersey City, NY-NJ-PA",36,New York,61,New York,40.81976,-73.94825
05/22/2020,AQS,3,5.2,ug/m3 LC,29,CCNY,1,100,88502,Acceptable PM2.5 AQI & Speciation Mass,702,PM2.5 SCC w/Correction Factor,35620,"New York-Newark-Jersey City, NY-NJ-PA",36,New York,61,New York,40.81976,-73.94825
05/23/2020,AQS,3,2.8,ug/m3 LC,16,CCNY,1,100,88502,Acceptable PM2.5 AQI & Speciation Mass,702,PM2.5 SCC w/Correction Factor,35620,"New York-Newark-Jersey City, NY-NJ-PA",36,New York,61,New York,40.81976,-73.94825
05/24/2020,AQS,3,5.2,ug/m3 LC,29,CCNY,1,100,88502,Acceptable PM2.5 AQI & Speciation Mass,702,PM2.5 SCC w/Correction Factor,35620,"New York-Newark-Jersey City, NY-NJ-PA",36,New York,61,New York,40.81976,-73.94825
05/25/2020,AQS,3,4.6,ug/m3 LC,26,CCNY,1,100,88502,Acceptable PM2.5 AQI & Speciation Mass,702,PM2.5 SCC w/Correction Factor,35620,"New York-Newark-Jersey City, NY-NJ-PA",36,New York,61,New York,40.81976,-73.94825
05/27/2020,AQS,3,2.6,ug/m3 LC,14,CCNY,1,100,88502,Acceptable PM2.5 AQI & Speciation Mass,702,PM2.5 SCC w/Correction Factor,35620,"New York-Newark-Jersey City, NY-NJ-PA",36,New York,61,New York,40.81976,-73.94825
05/28/2020,AQS,3,3.2,ug/m3 LC,18,CCNY,1,100,88502,Acceptable PM2.5 AQI & Speciation Mass,702,PM2.5 SCC w/Correction Factor,35620,"New York-Newark-Jersey City, NY-NJ-PA",36,New York,61,New York,40.81976,-73.94825
05/29/2020,AQS,3,4.4,ug/m3 LC,24,CCNY,1,100,88502,Acceptable PM2.5 AQI & Speciation Mass,702,PM2.5 SCC w/Correction Factor,35620,"New York-Newark-Jersey City, NY-NJ-PA",36,New York,61,New York,40.81976,-73.94825
05/30/2020,AQS,3,2.6,ug/m3 LC,14,CCNY,1,100,88502,Acceptable PM2.5 AQI & Speciation Mass,702,PM2.5 SCC w/Correction Factor,35620,"New York-Newark-Jersey City, NY-NJ-PA",36,New York,61,New York,40.81976,-73.94825
06/02/2020,AQS,3,4.3,ug/m3 LC,24,CCNY,1,100,88502,Acceptable PM2.5 AQI & Speciation Mass,702,PM2.5 SCC w/Correction Factor,35620,"New York-Newark-Jersey City, NY-NJ-PA",36,New York,61,New York,40.81976,-73.94825
06/03/2020,AQS,3,7.7,ug/m3 LC,43,CCNY,1,100,88502,Acceptable PM2.5 AQI & Speciation Mass,702,PM2.5 SCC w/Correction Factor,35620,"New York-Newark-Jersey City, NY-NJ-PA",36,New York,61,New York,40.81976,-73.94825
06/04/2020,AQS,3,7.6,ug/m3 LC,42,CCNY,1,100,88502,Acceptable PM2.5 AQI & Speciation Mass,702,PM2.5 SCC w/Correction Factor,35620,"New York-Newark-Jersey City, NY-NJ-PA",36,New York,61,New York,40.81976,-73.94825
06/05/2020,AQS,3,7.2,ug/m3 LC,40,CCNY,1,100,88502,Acceptable PM2.5 AQI & Speciation Mass,702,PM2.5 SCC w/Correction Factor,35620,"New York-Newark-Jersey City, NY-NJ-PA",36,New York,61,New York,40.81976,-73.94825
06/06/2020,AQS,3,3.6,ug/m3 LC,20,CCNY,1,100,88502,Acceptable PM2.5 AQI & Speciation Mass,702,PM2.5 SCC w/Correction Factor,35620,"New York-Newark-Jersey City, NY-NJ-PA",36,New York,61,New York,40.81976,-73.94825
06/08/2020,AQS,3,1.9,ug/m3 LC,11,CCNY,1,100,88502,Acceptable PM2.5 AQI & Speciation Mass,702,PM2.5 SCC w/Correction Factor,35620,"New York-Newark-Jersey City, NY-NJ-PA",36,New York,61,New York,40.81976,-73.94825
06/09/2020,AQS,3,8,ug/m3 LC,44,CCNY,1,100,88502,Acceptable PM2.5 AQI & Speciation Mass,702,PM2.5 SCC w/Correction Factor,35620,"New York-Newark-Jersey City, NY-NJ-PA",36,New York,61,New York,40.81976,-73.94825
06/10/2020,AQS,3,7,ug/m3 LC,39,CCNY,1,100,88502,Acceptable PM2.5 AQI & Speciation Mass,702,PM2.5 SCC w/Correction Factor,35620,"New York-Newark-Jersey City, NY-NJ-PA",36,New York,61,New York,40.81976,-73.94825
06/11/2020,AQS,3,7.6,ug/m3 LC,42,CCNY,1,100,88502,Acceptable PM2.5 AQI & Speciation Mass,702,PM2.5 SCC w/Correction Factor,35620,"New York-Newark-Jersey City, NY-NJ-PA",36,New York,61,New York,40.81976,-73.94825
06/14/2020,AQS,3,1.9,ug/m3 LC,11,CCNY,1,100,88502,Acceptable PM2.5 AQI & Speciation Mass,702,PM2.5 SCC w/Correction Factor,35620,"New York-Newark-Jersey City, NY-NJ-PA",36,New York,61,New York,40.81976,-73.94825
06/15/2020,AQS,3,3.4,ug/m3 LC,19,CCNY,1,100,88502,Acceptable PM2.5 AQI & Speciation Mass,702,PM2.5 SCC w/Correction Factor,35620,"New York-Newark-Jersey City, NY-NJ-PA",36,New York,61,New York,40.81976,-73.94825
06/16/2020,AQS,3,2.8,ug/m3 LC,16,CCNY,1,100,88502,Acceptable PM2.5 AQI & Speciation Mass,702,PM2.5 SCC w/Correction Factor,35620,"New York-Newark-Jersey City, NY-NJ-PA",36,New York,61,New York,40.81976,-73.94825
06/19/2020,AQS,3,3.5,ug/m3 LC,19,CCNY,1,100,88502,Acceptable PM2.5 AQI & Speciation Mass,702,PM2.5 SCC w/Correction Factor,35620,"New York-Newark-Jersey City, NY-NJ-PA",36,New York,61,New York,40.81976,-73.94825
06/20/2020,AQS,3,6.6,ug/m3 LC,37,CCNY,1,100,88502,Acceptable PM2.5 AQI & Speciation Mass,702,PM2.5 SCC w/Correction Factor,35620,"New York-Newark-Jersey City, NY-NJ-PA",36,New York,61,New York,40.81976,-73.94825
06/21/2020,AQS,3,6.6,ug/m3 LC,37,CCNY,1,100,88502,Acceptable PM2.5 AQI & Speciation Mass,702,PM2.5 SCC w/Correction Factor,35620,"New York-Newark-Jersey City, NY-NJ-PA",36,New York,61,New York,40.81976,-73.94825
06/22/2020,AQS,3,4.4,ug/m3 LC,24,CCNY,1,100,88502,Acceptable PM2.5 AQI & Speciation Mass,702,PM2.5 SCC w/Correction Factor,35620,"New York-Newark-Jersey City, NY-NJ-PA",36,New York,61,New York,40.81976,-73.94825
06/23/2020,AQS,3,7.7,ug/m3 LC,43,CCNY,1,100,88502,Acceptable PM2.5 AQI & Speciation Mass,702,PM2.5 SCC w/Correction Factor,35620,"New York-Newark-Jersey City, NY-NJ-PA",36,New York,61,New York,40.81976,-73.94825
06/25/2020,AQS,3,5.3,ug/m3 LC,29,CCNY,1,100,88502,Acceptable PM2.5 AQI & Speciation Mass,702,PM2.5 SCC w/Correction Factor,35620,"New York-Newark-Jersey City, NY-NJ-PA",36,New York,61,New York,40.81976,-73.94825
06/26/2020,AQS,3,5.9,ug/m3 LC,33,CCNY,1,100,88502,Acceptable PM2.5 AQI & Speciation Mass,702,PM2.5 SCC w/Correction Factor,35620,"New York-Newark-Jersey City, NY-NJ-PA",36,New York,61,New York,40.81976,-73.94825
06/27/2020,AQS,3,9.2,ug/m3 LC,51,CCNY,1,100,88502,Acceptable PM2.5 AQI & Speciation Mass,702,PM2.5 SCC w/Correction Factor,35620,"New York-Newark-Jersey City, NY-NJ-PA",36,New York,61,New York,40.81976,-73.94825
06/28/2020,AQS,3,9.1,ug/m3 LC,51,CCNY,1,100,88502,Acceptable PM2.5 AQI & Speciation Mass,702,PM2.5 SCC w/Correction Factor,35620,"New York-Newark-Jersey City, NY-NJ-PA",36,New York,61,New York,40.81976,-73.94825
06/29/2020,AQS,3,4.4,ug/m3 LC,24,CCNY,1,100,88502,Acceptable PM2.5 AQI & Speciation Mass,702,PM2.5 SCC w/Correction Factor,35620,"New York-Newark-Jersey City, NY-NJ-PA",36,New York,61,New York,40.81976,-73.94825
07/01/2020,AQS,3,4.2,ug/m3 LC,23,CCNY,1,100,88502,Acceptable PM2.5 AQI & Speciation Mass,702,PM2.5 SCC w/Correction Factor,35620,"New York-Newark-Jersey City, NY-NJ-PA",36,New York,61,New York,40.81976,-73.94825
07/02/2020,AQS,3,4.5,ug/m3 LC,25,CCNY,1,100,88502,Acceptable PM2.5 AQI & Speciation Mass,702,PM2.5 SCC w/Correction Factor,35620,"New York-Newark-Jersey City, NY-NJ-PA",36,New York,61,New York,40.81976,-73.94825
07/03/2020,AQS,3,9.4,ug/m3 LC,52,CCNY,1,100,88502,Acceptable PM2.5 AQI & Speciation Mass,702,PM2.5 SCC w/Correction Factor,35620,"New York-Newark-Jersey City, NY-NJ-PA",36,New York,61,New York,40.81976,-73.94825
07/04/2020,AQS,3,16.3,ug/m3 LC,64,CCNY,1,100,88502,Acceptable PM2.5 AQI & Speciation Mass,702,PM2.5 SCC w/Correction Factor,35620,"New York-Newark-Jersey City, NY-NJ-PA",36,New York,61,New York,40.81976,-73.94825
07/05/2020,AQS,3,16.6,ug/m3 LC,65,CCNY,1,100,88502,Acceptable PM2.5 AQI & Speciation Mass,702,PM2.5 SCC w/Correction Factor,35620,"New York-Newark-Jersey City, NY-NJ-PA",36,New York,61,New York,40.81976,-73.94825
07/06/2020,AQS,3,9.6,ug/m3 LC,52,CCNY,1,100,88502,Acceptable PM2.5 AQI & Speciation Mass,702,PM2.5 SCC w/Correction Factor,35620,"New York-Newark-Jersey City, NY-NJ-PA",36,New York,61,New York,40.81976,-73.94825
07/07/2020,AQS,3,5.3,ug/m3 LC,29,CCNY,1,100,88502,Acceptable PM2.5 AQI & Speciation Mass,702,PM2.5 SCC w/Correction Factor,35620,"New York-Newark-Jersey City, NY-NJ-PA",36,New York,61,New York,40.81976,-73.94825
07/08/2020,AQS,3,6.5,ug/m3 LC,36,CCNY,1,100,88502,Acceptable PM2.5 AQI & Speciation Mass,702,PM2.5 SCC w/Correction Factor,35620,"New York-Newark-Jersey City, NY-NJ-PA",36,New York,61,New York,40.81976,-73.94825
07/09/2020,AQS,3,6.1,ug/m3 LC,34,CCNY,1,100,88502,Acceptable PM2.5 AQI & Speciation Mass,702,PM2.5 SCC w/Correction Factor,35620,"New York-Newark-Jersey City, NY-NJ-PA",36,New York,61,New York,40.81976,-73.94825
07/12/2020,AQS,3,3.9,ug/m3 LC,22,CCNY,1,100,88502,Acceptable PM2.5 AQI & Speciation Mass,702,PM2.5 SCC w/Correction Factor,35620,"New York-Newark-Jersey City, NY-NJ-PA",36,New York,61,New York,40.81976,-73.94825
07/13/2020,AQS,3,2.8,ug/m3 LC,16,CCNY,1,100,88502,Acceptable PM2.5 AQI & Speciation Mass,702,PM2.5 SCC w/Correction Factor,35620,"New York-Newark-Jersey City, NY-NJ-PA",36,New York,61,New York,40.81976,-73.94825
07/14/2020,AQS,3,2.5,ug/m3 LC,14,CCNY,1,100,88502,Acceptable PM2.5 AQI & Speciation Mass,702,PM2.5 SCC w/Correction Factor,35620,"New York-Newark-Jersey City, NY-NJ-PA",36,New York,61,New York,40.81976,-73.94825
07/15/2020,AQS,3,3.3,ug/m3 LC,18,CCNY,1,100,88502,Acceptable PM2.5 AQI & Speciation Mass,702,PM2.5 SCC w/Correction Factor,35620,"New York-Newark-Jersey City, NY-NJ-PA",36,New York,61,New York,40.81976,-73.94825
07/17/2020,AQS,3,6.8,ug/m3 LC,38,CCNY,1,100,88502,Acceptable PM2.5 AQI & Speciation Mass,702,PM2.5 SCC w/Correction Factor,35620,"New York-Newark-Jersey City, NY-NJ-PA",36,New York,61,New York,40.81976,-73.94825
07/18/2020,AQS,3,8.8,ug/m3 LC,49,CCNY,1,100,88502,Acceptable PM2.5 AQI & Speciation Mass,702,PM2.5 SCC w/Correction Factor,35620,"New York-Newark-Jersey City, NY-NJ-PA",36,New York,61,New York,40.81976,-73.94825
07/19/2020,AQS,3,13.5,ug/m3 LC,59,CCNY,1,100,88502,Acceptable PM2.5 AQI & Speciation Mass,702,PM2.5 SCC w/Correction Factor,35620,"New York-Newark-Jersey City, NY-NJ-PA",36,New York,61,New York,40.81976,-73.94825
07/20/2020,AQS,3,9.2,ug/m3 LC,51,CCNY,1,100,88502,Acceptable PM2.5 AQI & Speciation Mass,702,PM2.5 SCC w/Correction Factor,35620,"New York-Newark-Jersey City, NY-NJ-PA",36,New York,61,New York,40.81976,-73.94825
07/21/2020,AQS,3,7.3,ug/m3 LC,41,CCNY,1,100,88502,Acceptable PM2.5 AQI & Speciation Mass,702,PM2.5 SCC w/Correction Factor,35620,"New York-Newark-Jersey City, NY-NJ-PA",36,New York,61,New York,40.81976,-73.94825
07/22/2020,AQS,3,14.4,ug/m3 LC,61,CCNY,1,100,88502,Acceptable PM2.5 AQI & Speciation Mass,702,PM2.5 SCC w/Correction Factor,35620,"New York-Newark-Jersey City, NY-NJ-PA",36,New York,61,New York,40.81976,-73.94825
07/23/2020,AQS,3,4.5,ug/m3 LC,25,CCNY,1,100,88502,Acceptable PM2.5 AQI & Speciation Mass,702,PM2.5 SCC w/Correction Factor,35620,"New York-Newark-Jersey City, NY-NJ-PA",36,New York,61,New York,40.81976,-73.94825
07/24/2020,AQS,3,3.1,ug/m3 LC,17,CCNY,1,100,88502,Acceptable PM2.5 AQI & Speciation Mass,702,PM2.5 SCC w/Correction Factor,35620,"New York-Newark-Jersey City, NY-NJ-PA",36,New York,61,New York,40.81976,-73.94825
07/25/2020,AQS,3,5.5,ug/m3 LC,31,CCNY,1,100,88502,Acceptable PM2.5 AQI & Speciation Mass,702,PM2.5 SCC w/Correction Factor,35620,"New York-Newark-Jersey City, NY-NJ-PA",36,New York,61,New York,40.81976,-73.94825
07/26/2020,AQS,3,4.1,ug/m3 LC,23,CCNY,1,100,88502,Acceptable PM2.5 AQI & Speciation Mass,702,PM2.5 SCC w/Correction Factor,35620,"New York-Newark-Jersey City, NY-NJ-PA",36,New York,61,New York,40.81976,-73.94825
07/27/2020,AQS,3,8.1,ug/m3 LC,45,CCNY,1,100,88502,Acceptable PM2.5 AQI & Speciation Mass,702,PM2.5 SCC w/Correction Factor,35620,"New York-Newark-Jersey City, NY-NJ-PA",36,New York,61,New York,40.81976,-73.94825
07/28/2020,AQS,3,6.4,ug/m3 LC,36,CCNY,1,100,88502,Acceptable PM2.5 AQI & Speciation Mass,702,PM2.5 SCC w/Correction Factor,35620,"New York-Newark-Jersey City, NY-NJ-PA",36,New York,61,New York,40.81976,-73.94825
07/29/2020,AQS,3,7,ug/m3 LC,39,CCNY,1,100,88502,Acceptable PM2.5 AQI & Speciation Mass,702,PM2.5 SCC w/Correction Factor,35620,"New York-Newark-Jersey City, NY-NJ-PA",36,New York,61,New York,40.81976,-73.94825
07/30/2020,AQS,3,7.3,ug/m3 LC,41,CCNY,1,100,88502,Acceptable PM2.5 AQI & Speciation Mass,702,PM2.5 SCC w/Correction Factor,35620,"New York-Newark-Jersey City, NY-NJ-PA",36,New York,61,New York,40.81976,-73.94825
07/31/2020,AQS,3,5.7,ug/m3 LC,32,CCNY,1,100,88502,Acceptable PM2.5 AQI & Speciation Mass,702,PM2.5 SCC w/Correction Factor,35620,"New York-Newark-Jersey City, NY-NJ-PA",36,New York,61,New York,40.81976,-73.94825
08/01/2020,AQS,3,7,ug/m3 LC,39,CCNY,1,100,88502,Acceptable PM2.5 AQI & Speciation Mass,702,PM2.5 SCC w/Correction Factor,35620,"New York-Newark-Jersey City, NY-NJ-PA",36,New York,61,New York,40.81976,-73.94825
08/02/2020,AQS,3,8.1,ug/m3 LC,45,CCNY,1,100,88502,Acceptable PM2.5 AQI & Speciation Mass,702,PM2.5 SCC w/Correction Factor,35620,"New York-Newark-Jersey City, NY-NJ-PA",36,New York,61,New York,40.81976,-73.94825
08/03/2020,AQS,3,5.2,ug/m3 LC,29,CCNY,1,100,88502,Acceptable PM2.5 AQI & Speciation Mass,702,PM2.5 SCC w/Correction Factor,35620,"New York-Newark-Jersey City, NY-NJ-PA",36,New York,61,New York,40.81976,-73.94825
08/04/2020,AQS,3,5.7,ug/m3 LC,32,CCNY,1,100,88502,Acceptable PM2.5 AQI & Speciation Mass,702,PM2.5 SCC w/Correction Factor,35620,"New York-Newark-Jersey City, NY-NJ-PA",36,New York,61,New York,40.81976,-73.94825
08/05/2020,AQS,3,5.8,ug/m3 LC,32,CCNY,1,100,88502,Acceptable PM2.5 AQI & Speciation Mass,702,PM2.5 SCC w/Correction Factor,35620,"New York-Newark-Jersey City, NY-NJ-PA",36,New York,61,New York,40.81976,-73.94825
08/06/2020,AQS,3,9.5,ug/m3 LC,52,CCNY,1,100,88502,Acceptable PM2.5 AQI & Speciation Mass,702,PM2.5 SCC w/Correction Factor,35620,"New York-Newark-Jersey City, NY-NJ-PA",36,New York,61,New York,40.81976,-73.94825
08/07/2020,AQS,3,8.4,ug/m3 LC,47,CCNY,1,100,88502,Acceptable PM2.5 AQI & Speciation Mass,702,PM2.5 SCC w/Correction Factor,35620,"New York-Newark-Jersey City, NY-NJ-PA",36,New York,61,New York,40.81976,-73.94825
08/08/2020,AQS,3,3.3,ug/m3 LC,18,CCNY,1,100,88502,Acceptable PM2.5 AQI & Speciation Mass,702,PM2.5 SCC w/Correction Factor,35620,"New York-Newark-Jersey City, NY-NJ-PA",36,New York,61,New York,40.81976,-73.94825
08/09/2020,AQS,3,6.7,ug/m3 LC,37,CCNY,1,100,88502,Acceptable PM2.5 AQI & Speciation Mass,702,PM2.5 SCC w/Correction Factor,35620,"New York-Newark-Jersey City, NY-NJ-PA",36,New York,61,New York,40.81976,-73.94825
08/10/2020,AQS,3,12.5,ug/m3 LC,57,CCNY,1,100,88502,Acceptable PM2.5 AQI & Speciation Mass,702,PM2.5 SCC w/Correction Factor,35620,"New York-Newark-Jersey City, NY-NJ-PA",36,New York,61,New York,40.81976,-73.94825
08/11/2020,AQS,3,11.5,ug/m3 LC,55,CCNY,1,100,88502,Acceptable PM2.5 AQI & Speciation Mass,702,PM2.5 SCC w/Correction Factor,35620,"New York-Newark-Jersey City, NY-NJ-PA",36,New York,61,New York,40.81976,-73.94825
08/12/2020,AQS,3,15.1,ug/m3 LC,62,CCNY,1,100,88502,Acceptable PM2.5 AQI & Speciation Mass,702,PM2.5 SCC w/Correction Factor,35620,"New York-Newark-Jersey City, NY-NJ-PA",36,New York,61,New York,40.81976,-73.94825
08/13/2020,AQS,3,6.4,ug/m3 LC,36,CCNY,1,100,88502,Acceptable PM2.5 AQI & Speciation Mass,702,PM2.5 SCC w/Correction Factor,35620,"New York-Newark-Jersey City, NY-NJ-PA",36,New York,61,New York,40.81976,-73.94825
08/14/2020,AQS,3,4.9,ug/m3 LC,27,CCNY,1,100,88502,Acceptable PM2.5 AQI & Speciation Mass,702,PM2.5 SCC w/Correction Factor,35620,"New York-Newark-Jersey City, NY-NJ-PA",36,New York,61,New York,40.81976,-73.94825
08/15/2020,AQS,3,4.2,ug/m3 LC,23,CCNY,1,100,88502,Acceptable PM2.5 AQI & Speciation Mass,702,PM2.5 SCC w/Correction Factor,35620,"New York-Newark-Jersey City, NY-NJ-PA",36,New York,61,New York,40.81976,-73.94825
08/16/2020,AQS,3,2.3,ug/m3 LC,13,CCNY,1,100,88502,Acceptable PM2.5 AQI & Speciation Mass,702,PM2.5 SCC w/Correction Factor,35620,"New York-Newark-Jersey City, NY-NJ-PA",36,New York,61,New York,40.81976,-73.94825
08/17/2020,AQS,3,4,ug/m3 LC,22,CCNY,1,100,88502,Acceptable PM2.5 AQI & Speciation Mass,702,PM2.5 SCC w/Correction Factor,35620,"New York-Newark-Jersey City, NY-NJ-PA",36,New York,61,New York,40.81976,-73.94825
08/18/2020,AQS,3,2.7,ug/m3 LC,15,CCNY,1,100,88502,Acceptable PM2.5 AQI & Speciation Mass,702,PM2.5 SCC w/Correction Factor,35620,"New York-Newark-Jersey City, NY-NJ-PA",36,New York,61,New York,40.81976,-73.94825
08/19/2020,AQS,3,5.3,ug/m3 LC,29,CCNY,1,100,88502,Acceptable PM2.5 AQI & Speciation Mass,702,PM2.5 SCC w/Correction Factor,35620,"New York-Newark-Jersey City, NY-NJ-PA",36,New York,61,New York,40.81976,-73.94825
08/21/2020,AQS,3,6,ug/m3 LC,33,CCNY,1,100,88502,Acceptable PM2.5 AQI & Speciation Mass,702,PM2.5 SCC w/Correction Factor,35620,"New York-Newark-Jersey City, NY-NJ-PA",36,New York,61,New York,40.81976,-73.94825
08/22/2020,AQS,3,7.7,ug/m3 LC,43,CCNY,1,100,88502,Acceptable PM2.5 AQI & Speciation Mass,702,PM2.5 SCC w/Correction Factor,35620,"New York-Newark-Jersey City, NY-NJ-PA",36,New York,61,New York,40.81976,-73.94825
08/23/2020,AQS,3,6.7,ug/m3 LC,37,CCNY,1,100,88502,Acceptable PM2.5 AQI & Speciation Mass,702,PM2.5 SCC w/Correction Factor,35620,"New York-Newark-Jersey City, NY-NJ-PA",36,New York,61,New York,40.81976,-73.94825
08/24/2020,AQS,3,5,ug/m3 LC,28,CCNY,1,100,88502,Acceptable PM2.5 AQI & Speciation Mass,702,PM2.5 SCC w/Correction Factor,35620,"New York-Newark-Jersey City, NY-NJ-PA",36,New York,61,New York,40.81976,-73.94825
08/25/2020,AQS,3,6.9,ug/m3 LC,38,CCNY,1,100,88502,Acceptable PM2.5 AQI & Speciation Mass,702,PM2.5 SCC w/Correction Factor,35620,"New York-Newark-Jersey City, NY-NJ-PA",36,New York,61,New York,40.81976,-73.94825
08/27/2020,AQS,3,8,ug/m3 LC,44,CCNY,1,100,88502,Acceptable PM2.5 AQI & Speciation Mass,702,PM2.5 SCC w/Correction Factor,35620,"New York-Newark-Jersey City, NY-NJ-PA",36,New York,61,New York,40.81976,-73.94825
08/29/2020,AQS,3,2.3,ug/m3 LC,13,CCNY,1,100,88502,Acceptable PM2.5 AQI & Speciation Mass,702,PM2.5 SCC w/Correction Factor,35620,"New York-Newark-Jersey City, NY-NJ-PA",36,New York,61,New York,40.81976,-73.94825
08/30/2020,AQS,3,0.4,ug/m3 LC,2,CCNY,1,100,88502,Acceptable PM2.5 AQI & Speciation Mass,702,PM2.5 SCC w/Correction Factor,35620,"New York-Newark-Jersey City, NY-NJ-PA",36,New York,61,New York,40.81976,-73.94825
08/31/2020,AQS,3,2.4,ug/m3 LC,13,CCNY,1,100,88502,Acceptable PM2.5 AQI & Speciation Mass,702,PM2.5 SCC w/Correction Factor,35620,"New York-Newark-Jersey City, NY-NJ-PA",36,New York,61,New York,40.81976,-73.94825
09/01/2020,AQS,3,2.8,ug/m3 LC,16,CCNY,1,100,88502,Acceptable PM2.5 AQI & Speciation Mass,702,PM2.5 SCC w/Correction Factor,35620,"New York-Newark-Jersey City, NY-NJ-PA",36,New York,61,New York,40.81976,-73.94825
09/12/2020,AQS,3,2,ug/m3 LC,11,CCNY,1,100,88502,Acceptable PM2.5 AQI & Speciation Mass,702,PM2.5 SCC w/Correction Factor,35620,"New York-Newark-Jersey City, NY-NJ-PA",36,New York,61,New York,40.81976,-73.94825
09/13/2020,AQS,3,2.9,ug/m3 LC,16,CCNY,1,100,88502,Acceptable PM2.5 AQI & Speciation Mass,702,PM2.5 SCC w/Correction Factor,35620,"New York-Newark-Jersey City, NY-NJ-PA",36,New York,61,New York,40.81976,-73.94825
09/14/2020,AQS,3,1.6,ug/m3 LC,9,CCNY,1,100,88502,Acceptable PM2.5 AQI & Speciation Mass,702,PM2.5 SCC w/Correction Factor,35620,"New York-Newark-Jersey City, NY-NJ-PA",36,New York,61,New York,40.81976,-73.94825
09/15/2020,AQS,3,0.6,ug/m3 LC,3,CCNY,1,100,88502,Acceptable PM2.5 AQI & Speciation Mass,702,PM2.5 SCC w/Correction Factor,35620,"New York-Newark-Jersey City, NY-NJ-PA",36,New York,61,New York,40.81976,-73.94825
09/16/2020,AQS,3,3.1,ug/m3 LC,17,CCNY,1,100,88502,Acceptable PM2.5 AQI & Speciation Mass,702,PM2.5 SCC w/Correction Factor,35620,"New York-Newark-Jersey City, NY-NJ-PA",36,New York,61,New York,40.81976,-73.94825
09/17/2020,AQS,3,5.8,ug/m3 LC,32,CCNY,1,100,88502,Acceptable PM2.5 AQI & Speciation Mass,702,PM2.5 SCC w/Correction Factor,35620,"New York-Newark-Jersey City, NY-NJ-PA",36,New York,61,New York,40.81976,-73.94825
09/18/2020,AQS,3,3.6,ug/m3 LC,20,CCNY,1,100,88502,Acceptable PM2.5 AQI & Speciation Mass,702,PM2.5 SCC w/Correction Factor,35620,"New York-Newark-Jersey City, NY-NJ-PA",36,New York,61,New York,40.81976,-73.94825
09/19/2020,AQS,3,0.1,ug/m3 LC,1,CCNY,1,100,88502,Acceptable PM2.5 AQI & Speciation Mass,702,PM2.5 SCC w/Correction Factor,35620,"New York-Newark-Jersey City, NY-NJ-PA",36,New York,61,New York,40.81976,-73.94825
09/20/2020,AQS,3,0.7,ug/m3 LC,4,CCNY,1,100,88502,Acceptable PM2.5 AQI & Speciation Mass,702,PM2.5 SCC w/Correction Factor,35620,"New York-Newark-Jersey City, NY-NJ-PA",36,New York,61,New York,40.81976,-73.94825
09/21/2020,AQS,3,0.9,ug/m3 LC,5,CCNY,1,100,88502,Acceptable PM2.5 AQI & Speciation Mass,702,PM2.5 SCC w/Correction Factor,35620,"New York-Newark-Jersey City, NY-NJ-PA",36,New York,61,New York,40.81976,-73.94825
09/22/2020,AQS,3,1.1,ug/m3 LC,6,CCNY,1,100,88502,Acceptable PM2.5 AQI & Speciation Mass,702,PM2.5 SCC w/Correction Factor,35620,"New York-Newark-Jersey City, NY-NJ-PA",36,New York,61,New York,40.81976,-73.94825
09/23/2020,AQS,3,9.1,ug/m3 LC,51,CCNY,1,100,88502,Acceptable PM2.5 AQI & Speciation Mass,702,PM2.5 SCC w/Correction Factor,35620,"New York-Newark-Jersey City, NY-NJ-PA",36,New York,61,New York,40.81976,-73.94825
09/24/2020,AQS,3,12.6,ug/m3 LC,58,CCNY,1,100,88502,Acceptable PM2.5 AQI & Speciation Mass,702,PM2.5 SCC w/Correction Factor,35620,"New York-Newark-Jersey City, NY-NJ-PA",36,New York,61,New York,40.81976,-73.94825
09/25/2020,AQS,3,16.9,ug/m3 LC,66,CCNY,1,100,88502,Acceptable PM2.5 AQI & Speciation Mass,702,PM2.5 SCC w/Correction Factor,35620,"New York-Newark-Jersey City, NY-NJ-PA",36,New York,61,New York,40.81976,-73.94825
09/26/2020,AQS,3,6.2,ug/m3 LC,34,CCNY,1,100,88502,Acceptable PM2.5 AQI & Speciation Mass,702,PM2.5 SCC w/Correction Factor,35620,"New York-Newark-Jersey City, NY-NJ-PA",36,New York,61,New York,40.81976,-73.94825
09/27/2020,AQS,3,3.7,ug/m3 LC,21,CCNY,1,100,88502,Acceptable PM2.5 AQI & Speciation Mass,702,PM2.5 SCC w/Correction Factor,35620,"New York-Newark-Jersey City, NY-NJ-PA",36,New York,61,New York,40.81976,-73.94825
09/28/2020,AQS,3,2.1,ug/m3 LC,12,CCNY,1,100,88502,Acceptable PM2.5 AQI & Speciation Mass,702,PM2.5 SCC w/Correction Factor,35620,"New York-Newark-Jersey City, NY-NJ-PA",36,New York,61,New York,40.81976,-73.94825
09/29/2020,AQS,3,3.1,ug/m3 LC,17,CCNY,1,100,88502,Acceptable PM2.5 AQI & Speciation Mass,702,PM2.5 SCC w/Correction Factor,35620,"New York-Newark-Jersey City, NY-NJ-PA",36,New York,61,New York,40.81976,-73.94825
09/30/2020,AQS,3,1.2,ug/m3 LC,7,CCNY,1,100,88502,Acceptable PM2.5 AQI & Speciation Mass,702,PM2.5 SCC w/Correction Factor,35620,"New York-Newark-Jersey City, NY-NJ-PA",36,New York,61,New York,40.81976,-73.94825
10/01/2020,AQS,3,4,ug/m3 LC,22,CCNY,1,100,88502,Acceptable PM2.5 AQI & Speciation Mass,702,PM2.5 SCC w/Correction Factor,35620,"New York-Newark-Jersey City, NY-NJ-PA",36,New York,61,New York,40.81976,-73.94825
10/02/2020,AQS,3,2.6,ug/m3 LC,14,CCNY,1,100,88502,Acceptable PM2.5 AQI & Speciation Mass,702,PM2.5 SCC w/Correction Factor,35620,"New York-Newark-Jersey City, NY-NJ-PA",36,New York,61,New York,40.81976,-73.94825
10/03/2020,AQS,3,2.2,ug/m3 LC,12,CCNY,1,100,88502,Acceptable PM2.5 AQI & Speciation Mass,702,PM2.5 SCC w/Correction Factor,35620,"New York-Newark-Jersey City, NY-NJ-PA",36,New York,61,New York,40.81976,-73.94825
10/04/2020,AQS,3,2.2,ug/m3 LC,12,CCNY,1,100,88502,Acceptable PM2.5 AQI & Speciation Mass,702,PM2.5 SCC w/Correction Factor,35620,"New York-Newark-Jersey City, NY-NJ-PA",36,New York,61,New York,40.81976,-73.94825
10/05/2020,AQS,3,3.7,ug/m3 LC,21,CCNY,1,100,88502,Acceptable PM2.5 AQI & Speciation Mass,702,PM2.5 SCC w/Correction Factor,35620,"New York-Newark-Jersey City, NY-NJ-PA",36,New York,61,New York,40.81976,-73.94825
10/06/2020,AQS,3,4.3,ug/m3 LC,24,CCNY,1,100,88502,Acceptable PM2.5 AQI & Speciation Mass,702,PM2.5 SCC w/Correction Factor,35620,"New York-Newark-Jersey City, NY-NJ-PA",36,New York,61,New York,40.81976,-73.94825
10/07/2020,AQS,3,4.8,ug/m3 LC,27,CCNY,1,100,88502,Acceptable PM2.5 AQI & Speciation Mass,702,PM2.5 SCC w/Correction Factor,35620,"New York-Newark-Jersey City, NY-NJ-PA",36,New York,61,New York,40.81976,-73.94825
10/08/2020,AQS,3,1.8,ug/m3 LC,10,CCNY,1,100,88502,Acceptable PM2.5 AQI & Speciation Mass,702,PM2.5 SCC w/Correction Factor,35620,"New York-Newark-Jersey City, NY-NJ-PA",36,New York,61,New York,40.81976,-73.94825
10/09/2020,AQS,3,4,ug/m3 LC,22,CCNY,1,100,88502,Acceptable PM2.5 AQI & Speciation Mass,702,PM2.5 SCC w/Correction Factor,35620,"New York-Newark-Jersey City, NY-NJ-PA",36,New York,61,New York,40.81976,-73.94825
10/10/2020,AQS,3,6.4,ug/m3 LC,36,CCNY,1,100,88502,Acceptable PM2.5 AQI & Speciation Mass,702,PM2.5 SCC w/Correction Factor,35620,"New York-Newark-Jersey City, NY-NJ-PA",36,New York,61,New York,40.81976,-73.94825
10/11/2020,AQS,3,5.9,ug/m3 LC,33,CCNY,1,100,88502,Acceptable PM2.5 AQI & Speciation Mass,702,PM2.5 SCC w/Correction Factor,35620,"New York-Newark-Jersey City, NY-NJ-PA",36,New York,61,New York,40.81976,-73.94825
10/12/2020,AQS,3,1.7,ug/m3 LC,9,CCNY,1,100,88502,Acceptable PM2.5 AQI & Speciation Mass,702,PM2.5 SCC w/Correction Factor,35620,"New York-Newark-Jersey City, NY-NJ-PA",36,New York,61,New York,40.81976,-73.94825
10/13/2020,AQS,3,1.6,ug/m3 LC,9,CCNY,1,100,88502,Acceptable PM2.5 AQI & Speciation Mass,702,PM2.5 SCC w/Correction Factor,35620,"New York-Newark-Jersey City, NY-NJ-PA",36,New York,61,New York,40.81976,-73.94825
10/14/2020,AQS,3,4.7,ug/m3 LC,26,CCNY,1,100,88502,Acceptable PM2.5 AQI & Speciation Mass,702,PM2.5 SCC w/Correction Factor,35620,"New York-Newark-Jersey City, NY-NJ-PA",36,New York,61,New York,40.81976,-73.94825
10/15/2020,AQS,3,5.6,ug/m3 LC,31,CCNY,1,100,88502,Acceptable PM2.5 AQI & Speciation Mass,702,PM2.5 SCC w/Correction Factor,35620,"New York-Newark-Jersey City, NY-NJ-PA",36,New York,61,New York,40.81976,-73.94825
10/16/2020,AQS,3,1.3,ug/m3 LC,7,CCNY,1,100,88502,Acceptable PM2.5 AQI & Speciation Mass,702,PM2.5 SCC w/Correction Factor,35620,"New York-Newark-Jersey City, NY-NJ-PA",36,New York,61,New York,40.81976,-73.94825
10/17/2020,AQS,3,3.1,ug/m3 LC,17,CCNY,1,100,88502,Acceptable PM2.5 AQI & Speciation Mass,702,PM2.5 SCC w/Correction Factor,35620,"New York-Newark-Jersey City, NY-NJ-PA",36,New York,61,New York,40.81976,-73.94825
10/18/2020,AQS,3,6.3,ug/m3 LC,35,CCNY,1,100,88502,Acceptable PM2.5 AQI & Speciation Mass,702,PM2.5 SCC w/Correction Factor,35620,"New York-Newark-Jersey City, NY-NJ-PA",36,New York,61,New York,40.81976,-73.94825
10/19/2020,AQS,3,5.2,ug/m3 LC,29,CCNY,1,100,88502,Acceptable PM2.5 AQI & Speciation Mass,702,PM2.5 SCC w/Correction Factor,35620,"New York-Newark-Jersey City, NY-NJ-PA",36,New York,61,New York,40.81976,-73.94825
11/21/2020,AQS,3,11,ug/m3 LC,55,CCNY,1,100,88502,Acceptable PM2.5 AQI & Speciation Mass,702,PM2.5 SCC w/Correction Factor,35620,"New York-Newark-Jersey City, NY-NJ-PA",36,New York,61,New York,40.81976,-73.94825
11/22/2020,AQS,3,4.7,ug/m3 LC,26,CCNY,1,100,88502,Acceptable PM2.5 AQI & Speciation Mass,702,PM2.5 SCC w/Correction Factor,35620,"New York-Newark-Jersey City, NY-NJ-PA",36,New York,61,New York,40.81976,-73.94825
11/23/2020,AQS,3,4.7,ug/m3 LC,26,CCNY,1,100,88502,Acceptable PM2.5 AQI & Speciation Mass,702,PM2.5 SCC w/Correction Factor,35620,"New York-Newark-Jersey City, NY-NJ-PA",36,New York,61,New York,40.81976,-73.94825
11/24/2020,AQS,3,5.9,ug/m3 LC,33,CCNY,1,100,88502,Acceptable PM2.5 AQI & Speciation Mass,702,PM2.5 SCC w/Correction Factor,35620,"New York-Newark-Jersey City, NY-NJ-PA",36,New York,61,New York,40.81976,-73.94825
11/25/2020,AQS,3,6.9,ug/m3 LC,38,CCNY,1,100,88502,Acceptable PM2.5 AQI & Speciation Mass,702,PM2.5 SCC w/Correction Factor,35620,"New York-Newark-Jersey City, NY-NJ-PA",36,New York,61,New York,40.81976,-73.94825
11/26/2020,AQS,3,6.5,ug/m3 LC,36,CCNY,1,100,88502,Acceptable PM2.5 AQI & Speciation Mass,702,PM2.5 SCC w/Correction Factor,35620,"New York-Newark-Jersey City, NY-NJ-PA",36,New York,61,New York,40.81976,-73.94825
11/27/2020,AQS,3,5.4,ug/m3 LC,30,CCNY,1,100,88502,Acceptable PM2.5 AQI & Speciation Mass,702,PM2.5 SCC w/Correction Factor,35620,"New York-Newark-Jersey City, NY-NJ-PA",36,New York,61,New York,40.81976,-73.94825
11/28/2020,AQS,3,6.6,ug/m3 LC,37,CCNY,1,100,88502,Acceptable PM2.5 AQI & Speciation Mass,702,PM2.5 SCC w/Correction Factor,35620,"New York-Newark-Jersey City, NY-NJ-PA",36,New York,61,New York,40.81976,-73.94825
11/29/2020,AQS,3,7.6,ug/m3 LC,42,CCNY,1,100,88502,Acceptable PM2.5 AQI & Speciation Mass,702,PM2.5 SCC w/Correction Factor,35620,"New York-Newark-Jersey City, NY-NJ-PA",36,New York,61,New York,40.81976,-73.94825
11/30/2020,AQS,3,8,ug/m3 LC,44,CCNY,1,100,88502,Acceptable PM2.5 AQI & Speciation Mass,702,PM2.5 SCC w/Correction Factor,35620,"New York-Newark-Jersey City, NY-NJ-PA",36,New York,61,New York,40.81976,-73.94825
12/01/2020,AQS,3,4.6,ug/m3 LC,26,CCNY,1,100,88502,Acceptable PM2.5 AQI & Speciation Mass,702,PM2.5 SCC w/Correction Factor,35620,"New York-Newark-Jersey City, NY-NJ-PA",36,New York,61,New York,40.81976,-73.94825
12/02/2020,AQS,3,4.9,ug/m3 LC,27,CCNY,1,100,88502,Acceptable PM2.5 AQI & Speciation Mass,702,PM2.5 SCC w/Correction Factor,35620,"New York-Newark-Jersey City, NY-NJ-PA",36,New York,61,New York,40.81976,-73.94825
12/03/2020,AQS,3,7.2,ug/m3 LC,40,CCNY,1,100,88502,Acceptable PM2.5 AQI & Speciation Mass,702,PM2.5 SCC w/Correction Factor,35620,"New York-Newark-Jersey City, NY-NJ-PA",36,New York,61,New York,40.81976,-73.94825
12/04/2020,AQS,3,8.7,ug/m3 LC,48,CCNY,1,100,88502,Acceptable PM2.5 AQI & Speciation Mass,702,PM2.5 SCC w/Correction Factor,35620,"New York-Newark-Jersey City, NY-NJ-PA",36,New York,61,New York,40.81976,-73.94825
12/05/2020,AQS,3,5,ug/m3 LC,28,CCNY,1,100,88502,Acceptable PM2.5 AQI & Speciation Mass,702,PM2.5 SCC w/Correction Factor,35620,"New York-Newark-Jersey City, NY-NJ-PA",36,New York,61,New York,40.81976,-73.94825
12/06/2020,AQS,3,3.4,ug/m3 LC,19,CCNY,1,100,88502,Acceptable PM2.5 AQI & Speciation Mass,702,PM2.5 SCC w/Correction Factor,35620,"New York-Newark-Jersey City, NY-NJ-PA",36,New York,61,New York,40.81976,-73.94825
12/07/2020,AQS,3,5.6,ug/m3 LC,31,CCNY,1,100,88502,Acceptable PM2.5 AQI & Speciation Mass,702,PM2.5 SCC w/Correction Factor,35620,"New York-Newark-Jersey City, NY-NJ-PA",36,New York,61,New York,40.81976,-73.94825
12/08/2020,AQS,3,4.9,ug/m3 LC,27,CCNY,1,100,88502,Acceptable PM2.5 AQI & Speciation Mass,702,PM2.5 SCC w/Correction Factor,35620,"New York-Newark-Jersey City, NY-NJ-PA",36,New York,61,New York,40.81976,-73.94825
12/09/2020,AQS,3,11.1,ug/m3 LC,55,CCNY,1,100,88502,Acceptable PM2.5 AQI & Speciation Mass,702,PM2.5 SCC w/Correction Factor,35620,"New York-Newark-Jersey City, NY-NJ-PA",36,New York,61,New York,40.81976,-73.94825
12/10/2020,AQS,3,9.1,ug/m3 LC,51,CCNY,1,100,88502,Acceptable PM2.5 AQI & Speciation Mass,702,PM2.5 SCC w/Correction Factor,35620,"New York-Newark-Jersey City, NY-NJ-PA",36,New York,61,New York,40.81976,-73.94825
12/11/2020,AQS,3,13,ug/m3 LC,58,CCNY,1,100,88502,Acceptable PM2.5 AQI & Speciation Mass,702,PM2.5 SCC w/Correction Factor,35620,"New York-Newark-Jersey City, NY-NJ-PA",36,New York,61,New York,40.81976,-73.94825
12/12/2020,AQS,3,16.1,ug/m3 LC,64,CCNY,1,100,88502,Acceptable PM2.5 AQI & Speciation Mass,702,PM2.5 SCC w/Correction Factor,35620,"New York-Newark-Jersey City, NY-NJ-PA",36,New York,61,New York,40.81976,-73.94825
12/13/2020,AQS,3,11.1,ug/m3 LC,55,CCNY,1,100,88502,Acceptable PM2.5 AQI & Speciation Mass,702,PM2.5 SCC w/Correction Factor,35620,"New York-Newark-Jersey City, NY-NJ-PA",36,New York,61,New York,40.81976,-73.94825
12/14/2020,AQS,3,4.6,ug/m3 LC,26,CCNY,1,100,88502,Acceptable PM2.5 AQI & Speciation Mass,702,PM2.5 SCC w/Correction Factor,35620,"New York-Newark-Jersey City, NY-NJ-PA",36,New York,61,New York,40.81976,-73.94825
12/15/2020,AQS,3,5.1,ug/m3 LC,28,CCNY,1,100,88502,Acceptable PM2.5 AQI & Speciation Mass,702,PM2.5 SCC w/Correction Factor,35620,"New York-Newark-Jersey City, NY-NJ-PA",36,New York,61,New York,40.81976,-73.94825
12/16/2020,AQS,3,4.9,ug/m3 LC,27,CCNY,1,100,88502,Acceptable PM2.5 AQI & Speciation Mass,702,PM2.5 SCC w/Correction Factor,35620,"New York-Newark-Jersey City, NY-NJ-PA",36,New York,61,New York,40.81976,-73.94825
12/17/2020,AQS,3,5.5,ug/m3 LC,31,CCNY,1,100,88502,Acceptable PM2.5 AQI & Speciation Mass,702,PM2.5 SCC w/Correction Factor,35620,"New York-Newark-Jersey City, NY-NJ-PA",36,New York,61,New York,40.81976,-73.94825
12/18/2020,AQS,3,7.7,ug/m3 LC,43,CCNY,1,100,88502,Acceptable PM2.5 AQI & Speciation Mass,702,PM2.5 SCC w/Correction Factor,35620,"New York-Newark-Jersey City, NY-NJ-PA",36,New York,61,New York,40.81976,-73.94825
12/19/2020,AQS,3,10.6,ug/m3 LC,54,CCNY,1,100,88502,Acceptable PM2.5 AQI & Speciation Mass,702,PM2.5 SCC w/Correction Factor,35620,"New York-Newark-Jersey City, NY-NJ-PA",36,New York,61,New York,40.81976,-73.94825
12/20/2020,AQS,3,12.2,ug/m3 LC,57,CCNY,1,100,88502,Acceptable PM2.5 AQI & Speciation Mass,702,PM2.5 SCC w/Correction Factor,35620,"New York-Newark-Jersey City, NY-NJ-PA",36,New York,61,New York,40.81976,-73.94825
12/21/2020,AQS,3,15,ug/m3 LC,62,CCNY,1,100,88502,Acceptable PM2.5 AQI & Speciation Mass,702,PM2.5 SCC w/Correction Factor,35620,"New York-Newark-Jersey City, NY-NJ-PA",36,New York,61,New York,40.81976,-73.94825
12/22/2020,AQS,3,12.7,ug/m3 LC,58,CCNY,1,100,88502,Acceptable PM2.5 AQI & Speciation Mass,702,PM2.5 SCC w/Correction Factor,35620,"New York-Newark-Jersey City, NY-NJ-PA",36,New York,61,New York,40.81976,-73.94825
12/23/2020,AQS,3,6.9,ug/m3 LC,38,CCNY,1,100,88502,Acceptable PM2.5 AQI & Speciation Mass,702,PM2.5 SCC w/Correction Factor,35620,"New York-Newark-Jersey City, NY-NJ-PA",36,New York,61,New York,40.81976,-73.94825
12/24/2020,AQS,3,8.5,ug/m3 LC,47,CCNY,1,100,88502,Acceptable PM2.5 AQI & Speciation Mass,702,PM2.5 SCC w/Correction Factor,35620,"New York-Newark-Jersey City, NY-NJ-PA",36,New York,61,New York,40.81976,-73.94825
12/25/2020,AQS,3,11.5,ug/m3 LC,55,CCNY,1,100,88502,Acceptable PM2.5 AQI & Speciation Mass,702,PM2.5 SCC w/Correction Factor,35620,"New York-Newark-Jersey City, NY-NJ-PA",36,New York,61,New York,40.81976,-73.94825
12/26/2020,AQS,3,8.5,ug/m3 LC,47,CCNY,1,100,88502,Acceptable PM2.5 AQI & Speciation Mass,702,PM2.5 SCC w/Correction Factor,35620,"New York-Newark-Jersey City, NY-NJ-PA",36,New York,61,New York,40.81976,-73.94825
12/27/2020,AQS,3,9.9,ug/m3 LC,52,CCNY,1,100,88502,Acceptable PM2.5 AQI & Speciation Mass,702,PM2.5 SCC w/Correction Factor,35620,"New York-Newark-Jersey City, NY-NJ-PA",36,New York,61,New York,40.81976,-73.94825
12/28/2020,AQS,3,9.9,ug/m3 LC,52,CCNY,1,100,88502,Acceptable PM2.5 AQI & Speciation Mass,702,PM2.5 SCC w/Correction Factor,35620,"New York-Newark-Jersey City, NY-NJ-PA",36,New York,61,New York,40.81976,-73.94825
12/29/2020,AQS,3,7.2,ug/m3 LC,40,CCNY,1,100,88502,Acceptable PM2.5 AQI & Speciation Mass,702,PM2.5 SCC w/Correction Factor,35620,"New York-Newark-Jersey City, NY-NJ-PA",36,New York,61,New York,40.81976,-73.94825
12/30/2020,AQS,3,6.1,ug/m3 LC,34,CCNY,1,100,88502,Acceptable PM2.5 AQI & Speciation Mass,702,PM2.5 SCC w/Correction Factor,35620,"New York-Newark-Jersey City, NY-NJ-PA",36,New York,61,New York,40.81976,-73.94825
12/31/2020,AQS,3,10.6,ug/m3 LC,54,CCNY,1,100,88502,Acceptable PM2.5 AQI & Speciation Mass,702,PM2.5 SCC w/Correction Factor,35620,"New York-Newark-Jersey City, NY-NJ-PA",36,New York,61,New York,40.81976,-73.94825
01/01/2021,AQS,3,9.3,ug/m3 LC,51,CCNY,1,100,88502,Acceptable PM2.5 AQI & Speciation Mass,702,PM2.5 SCC w/Correction Factor,35620,"New York-Newark-Jersey City, NY-NJ-PA",36,New York,61,New York,40.81976,-73.94825
01/02/2021,AQS,3,9.4,ug/m3 LC,52,CCNY,1,100,88502,Acceptable PM2.5 AQI & Speciation Mass,702,PM2.5 SCC w/Correction Factor,35620,"New York-Newark-Jersey City, NY-NJ-PA",36,New York,61,New York,40.81976,-73.94825
01/03/2021,AQS,3,9.7,ug/m3 LC,52,CCNY,1,100,88502,Acceptable PM2.5 AQI & Speciation Mass,702,PM2.5 SCC w/Correction Factor,35620,"New York-Newark-Jersey City, NY-NJ-PA",36,New York,61,New York,40.81976,-73.94825
01/04/2021,AQS,3,8.8,ug/m3 LC,49,CCNY,1,100,88502,Acceptable PM2.5 AQI & Speciation Mass,702,PM2.5 SCC w/Correction Factor,35620,"New York-Newark-Jersey City, NY-NJ-PA",36,New York,61,New York,40.81976,-73.94825
01/05/2021,AQS,3,8.6,ug/m3 LC,48,CCNY,1,100,88502,Acceptable PM2.5 AQI & Speciation Mass,702,PM2.5 SCC w/Correction Factor,35620,"New York-Newark-Jersey City, NY-NJ-PA",36,New York,61,New York,40.81976,-73.94825
01/06/2021,AQS,3,11.2,ug/m3 LC,55,CCNY,1,100,88502,Acceptable PM2.5 AQI & Speciation Mass,702,PM2.5 SCC w/Correction Factor,35620,"New York-Newark-Jersey City, NY-NJ-PA",36,New York,61,New York,40.81976,-73.94825
01/07/2021,AQS,3,9.2,ug/m3 LC,51,CCNY,1,100,88502,Acceptable PM2.5 AQI & Speciation Mass,702,PM2.5 SCC w/Correction Factor,35620,"New York-Newark-Jersey City, NY-NJ-PA",36,New York,61,New York,40.81976,-73.94825
01/08/2021,AQS,3,7.6,ug/m3 LC,42,CCNY,1,100,88502,Acceptable PM2.5 AQI & Speciation Mass,702,PM2.5 SCC w/Correction Factor,35620,"New York-Newark-Jersey City, NY-NJ-PA",36,New York,61,New York,40.81976,-73.94825
01/09/2021,AQS,3,7.9,ug/m3 LC,44,CCNY,1,100,88502,Acceptable PM2.5 AQI & Speciation Mass,702,PM2.5 SCC w/Correction Factor,35620,"New York-Newark-Jersey City, NY-NJ-PA",36,New York,61,New York,40.81976,-73.94825
01/10/2021,AQS,3,9.5,ug/m3 LC,52,CCNY,1,100,88502,Acceptable PM2.5 AQI & Speciation Mass,702,PM2.5 SCC w/Correction Factor,35620,"New York-Newark-Jersey City, NY-NJ-PA",36,New York,61,New York,40.81976,-73.94825
01/11/2021,AQS,3,12,ug/m3 LC,56,CCNY,1,100,88502,Acceptable PM2.5 AQI & Speciation Mass,702,PM2.5 SCC w/Correction Factor,35620,"New York-Newark-Jersey City, NY-NJ-PA",36,New York,61,New York,40.81976,-73.94825
01/12/2021,AQS,3,17.4,ug/m3 LC,66,CCNY,1,100,88502,Acceptable PM2.5 AQI & Speciation Mass,702,PM2.5 SCC w/Correction Factor,35620,"New York-Newark-Jersey City, NY-NJ-PA",36,New York,61,New York,40.81976,-73.94825
01/13/2021,AQS,3,16.8,ug/m3 LC,65,CCNY,1,100,88502,Acceptable PM2.5 AQI & Speciation Mass,702,PM2.5 SCC w/Correction Factor,35620,"New York-Newark-Jersey City, NY-NJ-PA",36,New York,61,New York,40.81976,-73.94825
01/14/2021,AQS,3,17.9,ug/m3 LC,67,CCNY,1,100,88502,Acceptable PM2.5 AQI & Speciation Mass,702,PM2.5 SCC w/Correction Factor,35620,"New York-Newark-Jersey City, NY-NJ-PA",36,New York,61,New York,40.81976,-73.94825
01/15/2021,AQS,3,14.4,ug/m3 LC,61,CCNY,1,100,88502,Acceptable PM2.5 AQI & Speciation Mass,702,PM2.5 SCC w/Correction Factor,35620,"New York-Newark-Jersey City, NY-NJ-PA",36,New York,61,New York,40.81976,-73.94825
01/16/2021,AQS,3,4.7,ug/m3 LC,26,CCNY,1,100,88502,Acceptable PM2.5 AQI & Speciation Mass,702,PM2.5 SCC w/Correction Factor,35620,"New York-Newark-Jersey City, NY-NJ-PA",36,New York,61,New York,40.81976,-73.94825
01/17/2021,AQS,3,8.4,ug/m3 LC,47,CCNY,1,100,88502,Acceptable PM2.5 AQI & Speciation Mass,702,PM2.5 SCC w/Correction Factor,35620,"New York-Newark-Jersey City, NY-NJ-PA",36,New York,61,New York,40.81976,-73.94825
01/18/2021,AQS,3,8.9,ug/m3 LC,49,CCNY,1,100,88502,Acceptable PM2.5 AQI & Speciation Mass,702,PM2.5 SCC w/Correction Factor,35620,"New York-Newark-Jersey City, NY-NJ-PA",36,New York,61,New York,40.81976,-73.94825
01/19/2021,AQS,3,8.8,ug/m3 LC,49,CCNY,1,100,88502,Acceptable PM2.5 AQI & Speciation Mass,702,PM2.5 SCC w/Correction Factor,35620,"New York-Newark-Jersey City, NY-NJ-PA",36,New York,61,New York,40.81976,-73.94825
01/20/2021,AQS,3,8.2,ug/m3 LC,46,CCNY,1,100,88502,Acceptable PM2.5 AQI & Speciation Mass,702,PM2.5 SCC w/Correction Factor,35620,"New York-Newark-Jersey City, NY-NJ-PA",36,New York,61,New York,40.81976,-73.94825
01/21/2021,AQS,3,7.5,ug/m3 LC,42,CCNY,1,100,88502,Acceptable PM2.5 AQI & Speciation Mass,702,PM2.5 SCC w/Correction Factor,35620,"New York-Newark-Jersey City, NY-NJ-PA",36,New York,61,New York,40.81976,-73.94825
01/22/2021,AQS,3,8.8,ug/m3 LC,49,CCNY,1,100,88502,Acceptable PM2.5 AQI & Speciation Mass,702,PM2.5 SCC w/Correction Factor,35620,"New York-Newark-Jersey City, NY-NJ-PA",36,New York,61,New York,40.81976,-73.94825
01/23/2021,AQS,3,6.3,ug/m3 LC,35,CCNY,1,100,88502,Acceptable PM2.5 AQI & Speciation Mass,702,PM2.5 SCC w/Correction Factor,35620,"New York-Newark-Jersey City, NY-NJ-PA",36,New York,61,New York,40.81976,-73.94825
01/24/2021,AQS,3,4.8,ug/m3 LC,27,CCNY,1,100,88502,Acceptable PM2.5 AQI & Speciation Mass,702,PM2.5 SCC w/Correction Factor,35620,"New York-Newark-Jersey City, NY-NJ-PA",36,New York,61,New York,40.81976,-73.94825
01/25/2021,AQS,3,7,ug/m3 LC,39,CCNY,1,100,88502,Acceptable PM2.5 AQI & Speciation Mass,702,PM2.5 SCC w/Correction Factor,35620,"New York-Newark-Jersey City, NY-NJ-PA",36,New York,61,New York,40.81976,-73.94825
01/26/2021,AQS,3,7.3,ug/m3 LC,41,CCNY,1,100,88502,Acceptable PM2.5 AQI & Speciation Mass,702,PM2.5 SCC w/Correction Factor,35620,"New York-Newark-Jersey City, NY-NJ-PA",36,New York,61,New York,40.81976,-73.94825
01/27/2021,AQS,3,8.6,ug/m3 LC,48,CCNY,1,100,88502,Acceptable PM2.5 AQI & Speciation Mass,702,PM2.5 SCC w/Correction Factor,35620,"New York-Newark-Jersey City, NY-NJ-PA",36,New York,61,New York,40.81976,-73.94825
01/28/2021,AQS,3,6.1,ug/m3 LC,34,CCNY,1,100,88502,Acceptable PM2.5 AQI & Speciation Mass,702,PM2.5 SCC w/Correction Factor,35620,"New York-Newark-Jersey City, NY-NJ-PA",36,New York,61,New York,40.81976,-73.94825
01/29/2021,AQS,3,4.7,ug/m3 LC,26,CCNY,1,100,88502,Acceptable PM2.5 AQI & Speciation Mass,702,PM2.5 SCC w/Correction Factor,35620,"New York-Newark-Jersey City, NY-NJ-PA",36,New York,61,New York,40.81976,-73.94825
01/30/2021,AQS,3,6.3,ug/m3 LC,35,CCNY,1,100,88502,Acceptable PM2.5 AQI & Speciation Mass,702,PM2.5 SCC w/Correction Factor,35620,"New York-Newark-Jersey City, NY-NJ-PA",36,New York,61,New York,40.81976,-73.94825
01/31/2021,AQS,3,7.3,ug/m3 LC,41,CCNY,1,100,88502,Acceptable PM2.5 AQI & Speciation Mass,702,PM2.5 SCC w/Correction Factor,35620,"New York-Newark-Jersey City, NY-NJ-PA",36,New York,61,New York,40.81976,-73.94825
02/01/2021,AQS,3,5.4,ug/m3 LC,30,CCNY,1,100,88502,Acceptable PM2.5 AQI & Speciation Mass,702,PM2.5 SCC w/Correction Factor,35620,"New York-Newark-Jersey City, NY-NJ-PA",36,New York,61,New York,40.81976,-73.94825
02/02/2021,AQS,3,5,ug/m3 LC,28,CCNY,1,100,88502,Acceptable PM2.5 AQI & Speciation Mass,702,PM2.5 SCC w/Correction Factor,35620,"New York-Newark-Jersey City, NY-NJ-PA",36,New York,61,New York,40.81976,-73.94825
02/03/2021,AQS,3,6.3,ug/m3 LC,35,CCNY,1,100,88502,Acceptable PM2.5 AQI & Speciation Mass,702,PM2.5 SCC w/Correction Factor,35620,"New York-Newark-Jersey City, NY-NJ-PA",36,New York,61,New York,40.81976,-73.94825
02/04/2021,AQS,3,6.3,ug/m3 LC,35,CCNY,1,100,88502,Acceptable PM2.5 AQI & Speciation Mass,702,PM2.5 SCC w/Correction Factor,35620,"New York-Newark-Jersey City, NY-NJ-PA",36,New York,61,New York,40.81976,-73.94825
02/05/2021,AQS,3,10.3,ug/m3 LC,53,CCNY,1,100,88502,Acceptable PM2.5 AQI & Speciation Mass,702,PM2.5 SCC w/Correction Factor,35620,"New York-Newark-Jersey City, NY-NJ-PA",36,New York,61,New York,40.81976,-73.94825
02/06/2021,AQS,3,7.8,ug/m3 LC,43,CCNY,1,100,88502,Acceptable PM2.5 AQI & Speciation Mass,702,PM2.5 SCC w/Correction Factor,35620,"New York-Newark-Jersey City, NY-NJ-PA",36,New York,61,New York,40.81976,-73.94825
02/07/2021,AQS,3,10,ug/m3 LC,53,CCNY,1,100,88502,Acceptable PM2.5 AQI & Speciation Mass,702,PM2.5 SCC w/Correction Factor,35620,"New York-Newark-Jersey City, NY-NJ-PA",36,New York,61,New York,40.81976,-73.94825
02/08/2021,AQS,3,7.7,ug/m3 LC,43,CCNY,1,100,88502,Acceptable PM2.5 AQI & Speciation Mass,702,PM2.5 SCC w/Correction Factor,35620,"New York-Newark-Jersey City, NY-NJ-PA",36,New York,61,New York,40.81976,-73.94825
02/09/2021,AQS,3,10.2,ug/m3 LC,53,CCNY,1,100,88502,Acceptable PM2.5 AQI & Speciation Mass,702,PM2.5 SCC w/Correction Factor,35620,"New York-Newark-Jersey City, NY-NJ-PA",36,New York,61,New York,40.81976,-73.94825
02/10/2021,AQS,3,10.4,ug/m3 LC,53,CCNY,1,100,88502,Acceptable PM2.5 AQI & Speciation Mass,702,PM2.5 SCC w/Correction Factor,35620,"New York-Newark-Jersey City, NY-NJ-PA",36,New York,61,New York,40.81976,-73.94825
02/11/2021,AQS,3,8.5,ug/m3 LC,47,CCNY,1,100,88502,Acceptable PM2.5 AQI & Speciation Mass,702,PM2.5 SCC w/Correction Factor,35620,"New York-Newark-Jersey City, NY-NJ-PA",36,New York,61,New York,40.81976,-73.94825
02/12/2021,AQS,3,6.3,ug/m3 LC,35,CCNY,1,100,88502,Acceptable PM2.5 AQI & Speciation Mass,702,PM2.5 SCC w/Correction Factor,35620,"New York-Newark-Jersey City, NY-NJ-PA",36,New York,61,New York,40.81976,-73.94825
02/13/2021,AQS,3,7.2,ug/m3 LC,40,CCNY,1,100,88502,Acceptable PM2.5 AQI & Speciation Mass,702,PM2.5 SCC w/Correction Factor,35620,"New York-Newark-Jersey City, NY-NJ-PA",36,New York,61,New York,40.81976,-73.94825
02/14/2021,AQS,3,9,ug/m3 LC,50,CCNY,1,100,88502,Acceptable PM2.5 AQI & Speciation Mass,702,PM2.5 SCC w/Correction Factor,35620,"New York-Newark-Jersey City, NY-NJ-PA",36,New York,61,New York,40.81976,-73.94825
02/15/2021,AQS,3,8.6,ug/m3 LC,48,CCNY,1,100,88502,Acceptable PM2.5 AQI & Speciation Mass,702,PM2.5 SCC w/Correction Factor,35620,"New York-Newark-Jersey City, NY-NJ-PA",36,New York,61,New York,40.81976,-73.94825
02/16/2021,AQS,3,5.6,ug/m3 LC,31,CCNY,1,100,88502,Acceptable PM2.5 AQI & Speciation Mass,702,PM2.5 SCC w/Correction Factor,35620,"New York-Newark-Jersey City, NY-NJ-PA",36,New York,61,New York,40.81976,-73.94825
02/17/2021,AQS,3,6.4,ug/m3 LC,36,CCNY,1,100,88502,Acceptable PM2.5 AQI & Speciation Mass,702,PM2.5 SCC w/Correction Factor,35620,"New York-Newark-Jersey City, NY-NJ-PA",36,New York,61,New York,40.81976,-73.94825
02/18/2021,AQS,3,6.3,ug/m3 LC,35,CCNY,1,100,88502,Acceptable PM2.5 AQI & Speciation Mass,702,PM2.5 SCC w/Correction Factor,35620,"New York-Newark-Jersey City, NY-NJ-PA",36,New York,61,New York,40.81976,-73.94825
02/19/2021,AQS,3,6.5,ug/m3 LC,36,CCNY,1,100,88502,Acceptable PM2.5 AQI & Speciation Mass,702,PM2.5 SCC w/Correction Factor,35620,"New York-Newark-Jersey City, NY-NJ-PA",36,New York,61,New York,40.81976,-73.94825
02/20/2021,AQS,3,9.3,ug/m3 LC,51,CCNY,1,100,88502,Acceptable PM2.5 AQI & Speciation Mass,702,PM2.5 SCC w/Correction Factor,35620,"New York-Newark-Jersey City, NY-NJ-PA",36,New York,61,New York,40.81976,-73.94825
02/21/2021,AQS,3,8.8,ug/m3 LC,49,CCNY,1,100,88502,Acceptable PM2.5 AQI & Speciation Mass,702,PM2.5 SCC w/Correction Factor,35620,"New York-Newark-Jersey City, NY-NJ-PA",36,New York,61,New York,40.81976,-73.94825
02/22/2021,AQS,3,7.5,ug/m3 LC,42,CCNY,1,100,88502,Acceptable PM2.5 AQI & Speciation Mass,702,PM2.5 SCC w/Correction Factor,35620,"New York-Newark-Jersey City, NY-NJ-PA",36,New York,61,New York,40.81976,-73.94825
02/23/2021,AQS,3,9.9,ug/m3 LC,52,CCNY,1,100,88502,Acceptable PM2.5 AQI & Speciation Mass,702,PM2.5 SCC w/Correction Factor,35620,"New York-Newark-Jersey City, NY-NJ-PA",36,New York,61,New York,40.81976,-73.94825
02/24/2021,AQS,3,5.9,ug/m3 LC,33,CCNY,1,100,88502,Acceptable PM2.5 AQI & Speciation Mass,702,PM2.5 SCC w/Correction Factor,35620,"New York-Newark-Jersey City, NY-NJ-PA",36,New York,61,New York,40.81976,-73.94825
02/25/2021,AQS,3,5.4,ug/m3 LC,30,CCNY,1,100,88502,Acceptable PM2.5 AQI & Speciation Mass,702,PM2.5 SCC w/Correction Factor,35620,"New York-Newark-Jersey City, NY-NJ-PA",36,New York,61,New York,40.81976,-73.94825
02/26/2021,AQS,3,5.8,ug/m3 LC,32,CCNY,1,100,88502,Acceptable PM2.5 AQI & Speciation Mass,702,PM2.5 SCC w/Correction Factor,35620,"New York-Newark-Jersey City, NY-NJ-PA",36,New York,61,New York,40.81976,-73.94825
02/27/2021,AQS,3,4.9,ug/m3 LC,27,CCNY,1,100,88502,Acceptable PM2.5 AQI & Speciation Mass,702,PM2.5 SCC w/Correction Factor,35620,"New York-Newark-Jersey City, NY-NJ-PA",36,New York,61,New York,40.81976,-73.94825
02/28/2021,AQS,3,6.8,ug/m3 LC,38,CCNY,1,100,88502,Acceptable PM2.5 AQI & Speciation Mass,702,PM2.5 SCC w/Correction Factor,35620,"New York-Newark-Jersey City, NY-NJ-PA",36,New York,61,New York,40.81976,-73.94825
03/01/2021,AQS,3,4.7,ug/m3 LC,26,CCNY,1,100,88502,Acceptable PM2.5 AQI & Speciation Mass,702,PM2.5 SCC w/Correction Factor,35620,"New York-Newark-Jersey City, NY-NJ-PA",36,New York,61,New York,40.81976,-73.94825
03/02/2021,AQS,3,3.7,ug/m3 LC,21,CCNY,1,100,88502,Acceptable PM2.5 AQI & Speciation Mass,702,PM2.5 SCC w/Correction Factor,35620,"New York-Newark-Jersey City, NY-NJ-PA",36,New York,61,New York,40.81976,-73.94825
03/03/2021,AQS,3,7.1,ug/m3 LC,39,CCNY,1,100,88502,Acceptable PM2.5 AQI & Speciation Mass,702,PM2.5 SCC w/Correction Factor,35620,"New York-Newark-Jersey City, NY-NJ-PA",36,New York,61,New York,40.81976,-73.94825
03/04/2021,AQS,3,6.1,ug/m3 LC,34,CCNY,1,100,88502,Acceptable PM2.5 AQI & Speciation Mass,702,PM2.5 SCC w/Correction Factor,35620,"New York-Newark-Jersey City, NY-NJ-PA",36,New York,61,New York,40.81976,-73.94825
03/05/2021,AQS,3,3,ug/m3 LC,17,CCNY,1,100,88502,Acceptable PM2.5 AQI & Speciation Mass,702,PM2.5 SCC w/Correction Factor,35620,"New York-Newark-Jersey City, NY-NJ-PA",36,New York,61,New York,40.81976,-73.94825
03/06/2021,AQS,3,4.7,ug/m3 LC,26,CCNY,1,100,88502,Acceptable PM2.5 AQI & Speciation Mass,702,PM2.5 SCC w/Correction Factor,35620,"New York-Newark-Jersey City, NY-NJ-PA",36,New York,61,New York,40.81976,-73.94825
03/07/2021,AQS,3,4.3,ug/m3 LC,24,CCNY,1,100,88502,Acceptable PM2.5 AQI & Speciation Mass,702,PM2.5 SCC w/Correction Factor,35620,"New York-Newark-Jersey City, NY-NJ-PA",36,New York,61,New York,40.81976,-73.94825
03/08/2021,AQS,3,4.8,ug/m3 LC,27,CCNY,1,100,88502,Acceptable PM2.5 AQI & Speciation Mass,702,PM2.5 SCC w/Correction Factor,35620,"New York-Newark-Jersey City, NY-NJ-PA",36,New York,61,New York,40.81976,-73.94825
03/09/2021,AQS,3,9.4,ug/m3 LC,52,CCNY,1,100,88502,Acceptable PM2.5 AQI & Speciation Mass,702,PM2.5 SCC w/Correction Factor,35620,"New York-Newark-Jersey City, NY-NJ-PA",36,New York,61,New York,40.81976,-73.94825
03/11/2021,AQS,3,19.9,ug/m3 LC,71,CCNY,1,100,88502,Acceptable PM2.5 AQI & Speciation Mass,702,PM2.5 SCC w/Correction Factor,35620,"New York-Newark-Jersey City, NY-NJ-PA",36,New York,61,New York,40.81976,-73.94825
03/12/2021,AQS,3,6,ug/m3 LC,33,CCNY,1,100,88502,Acceptable PM2.5 AQI & Speciation Mass,702,PM2.5 SCC w/Correction Factor,35620,"New York-Newark-Jersey City, NY-NJ-PA",36,New York,61,New York,40.81976,-73.94825
03/13/2021,AQS,3,3.4,ug/m3 LC,19,CCNY,1,100,88502,Acceptable PM2.5 AQI & Speciation Mass,702,PM2.5 SCC w/Correction Factor,35620,"New York-Newark-Jersey City, NY-NJ-PA",36,New York,61,New York,40.81976,-73.94825
03/14/2021,AQS,3,5,ug/m3 LC,28,CCNY,1,100,88502,Acceptable PM2.5 AQI & Speciation Mass,702,PM2.5 SCC w/Correction Factor,35620,"New York-Newark-Jersey City, NY-NJ-PA",36,New York,61,New York,40.81976,-73.94825
03/15/2021,AQS,3,3.8,ug/m3 LC,21,CCNY,1,100,88502,Acceptable PM2.5 AQI & Speciation Mass,702,PM2.5 SCC w/Correction Factor,35620,"New York-Newark-Jersey City, NY-NJ-PA",36,New York,61,New York,40.81976,-73.94825
03/16/2021,AQS,3,5.1,ug/m3 LC,28,CCNY,1,100,88502,Acceptable PM2.5 AQI & Speciation Mass,702,PM2.5 SCC w/Correction Factor,35620,"New York-Newark-Jersey City, NY-NJ-PA",36,New York,61,New York,40.81976,-73.94825
03/17/2021,AQS,3,7,ug/m3 LC,39,CCNY,1,100,88502,Acceptable PM2.5 AQI & Speciation Mass,702,PM2.5 SCC w/Correction Factor,35620,"New York-Newark-Jersey City, NY-NJ-PA",36,New York,61,New York,40.81976,-73.94825
03/18/2021,AQS,3,3.8,ug/m3 LC,21,CCNY,1,100,88502,Acceptable PM2.5 AQI & Speciation Mass,702,PM2.5 SCC w/Correction Factor,35620,"New York-Newark-Jersey City, NY-NJ-PA",36,New York,61,New York,40.81976,-73.94825
03/19/2021,AQS,3,5.3,ug/m3 LC,29,CCNY,1,100,88502,Acceptable PM2.5 AQI & Speciation Mass,702,PM2.5 SCC w/Correction Factor,35620,"New York-Newark-Jersey City, NY-NJ-PA",36,New York,61,New York,40.81976,-73.94825
03/20/2021,AQS,3,6.7,ug/m3 LC,37,CCNY,1,100,88502,Acceptable PM2.5 AQI & Speciation Mass,702,PM2.5 SCC w/Correction Factor,35620,"New York-Newark-Jersey City, NY-NJ-PA",36,New York,61,New York,40.81976,-73.94825
03/21/2021,AQS,3,8.6,ug/m3 LC,48,CCNY,1,100,88502,Acceptable PM2.5 AQI & Speciation Mass,702,PM2.5 SCC w/Correction Factor,35620,"New York-Newark-Jersey City, NY-NJ-PA",36,New York,61,New York,40.81976,-73.94825
03/22/2021,AQS,3,10.1,ug/m3 LC,53,CCNY,1,100,88502,Acceptable PM2.5 AQI & Speciation Mass,702,PM2.5 SCC w/Correction Factor,35620,"New York-Newark-Jersey City, NY-NJ-PA",36,New York,61,New York,40.81976,-73.94825
03/23/2021,AQS,3,7.1,ug/m3 LC,39,CCNY,1,100,88502,Acceptable PM2.5 AQI & Speciation Mass,702,PM2.5 SCC w/Correction Factor,35620,"New York-Newark-Jersey City, NY-NJ-PA",36,New York,61,New York,40.81976,-73.94825
03/24/2021,AQS,3,6.1,ug/m3 LC,34,CCNY,1,100,88502,Acceptable PM2.5 AQI & Speciation Mass,702,PM2.5 SCC w/Correction Factor,35620,"New York-Newark-Jersey City, NY-NJ-PA",36,New York,61,New York,40.81976,-73.94825
03/25/2021,AQS,3,4.8,ug/m3 LC,27,CCNY,1,100,88502,Acceptable PM2.5 AQI & Speciation Mass,702,PM2.5 SCC w/Correction Factor,35620,"New York-Newark-Jersey City, NY-NJ-PA",36,New York,61,New York,40.81976,-73.94825
03/26/2021,AQS,3,5.3,ug/m3 LC,29,CCNY,1,100,88502,Acceptable PM2.5 AQI & Speciation Mass,702,PM2.5 SCC w/Correction Factor,35620,"New York-Newark-Jersey City, NY-NJ-PA",36,New York,61,New York,40.81976,-73.94825
03/27/2021,AQS,3,5.1,ug/m3 LC,28,CCNY,1,100,88502,Acceptable PM2.5 AQI & Speciation Mass,702,PM2.5 SCC w/Correction Factor,35620,"New York-Newark-Jersey City, NY-NJ-PA",36,New York,61,New York,40.81976,-73.94825
03/28/2021,AQS,3,3.2,ug/m3 LC,18,CCNY,1,100,88502,Acceptable PM2.5 AQI & Speciation Mass,702,PM2.5 SCC w/Correction Factor,35620,"New York-Newark-Jersey City, NY-NJ-PA",36,New York,61,New York,40.81976,-73.94825
03/29/2021,AQS,3,3.8,ug/m3 LC,21,CCNY,1,100,88502,Acceptable PM2.5 AQI & Speciation Mass,702,PM2.5 SCC w/Correction Factor,35620,"New York-Newark-Jersey City, NY-NJ-PA",36,New York,61,New York,40.81976,-73.94825
03/30/2021,AQS,3,5.4,ug/m3 LC,30,CCNY,1,100,88502,Acceptable PM2.5 AQI & Speciation Mass,702,PM2.5 SCC w/Correction Factor,35620,"New York-Newark-Jersey City, NY-NJ-PA",36,New York,61,New York,40.81976,-73.94825
03/31/2021,AQS,3,5.8,ug/m3 LC,32,CCNY,1,100,88502,Acceptable PM2.5 AQI & Speciation Mass,702,PM2.5 SCC w/Correction Factor,35620,"New York-Newark-Jersey City, NY-NJ-PA",36,New York,61,New York,40.81976,-73.94825
04/01/2021,AQS,3,3.6,ug/m3 LC,20,CCNY,1,100,88502,Acceptable PM2.5 AQI & Speciation Mass,702,PM2.5 SCC w/Correction Factor,35620,"New York-Newark-Jersey City, NY-NJ-PA",36,New York,61,New York,40.81976,-73.94825
04/02/2021,AQS,3,3.1,ug/m3 LC,17,CCNY,1,100,88502,Acceptable PM2.5 AQI & Speciation Mass,702,PM2.5 SCC w/Correction Factor,35620,"New York-Newark-Jersey City, NY-NJ-PA",36,New York,61,New York,40.81976,-73.94825
04/03/2021,AQS,3,2.9,ug/m3 LC,16,CCNY,1,100,88502,Acceptable PM2.5 AQI & Speciation Mass,702,PM2.5 SCC w/Correction Factor,35620,"New York-Newark-Jersey City, NY-NJ-PA",36,New York,61,New York,40.81976,-73.94825
04/04/2021,AQS,3,7.7,ug/m3 LC,43,CCNY,1,100,88502,Acceptable PM2.5 AQI & Speciation Mass,702,PM2.5 SCC w/Correction Factor,35620,"New York-Newark-Jersey City, NY-NJ-PA",36,New York,61,New York,40.81976,-73.94825
04/05/2021,AQS,3,5.8,ug/m3 LC,32,CCNY,1,100,88502,Acceptable PM2.5 AQI & Speciation Mass,702,PM2.5 SCC w/Correction Factor,35620,"New York-Newark-Jersey City, NY-NJ-PA",36,New York,61,New York,40.81976,-73.94825
04/06/2021,AQS,3,6.4,ug/m3 LC,36,CCNY,1,100,88502,Acceptable PM2.5 AQI & Speciation Mass,702,PM2.5 SCC w/Correction Factor,35620,"New York-Newark-Jersey City, NY-NJ-PA",36,New York,61,New York,40.81976,-73.94825
04/07/2021,AQS,3,5.6,ug/m3 LC,31,CCNY,1,100,88502,Acceptable PM2.5 AQI & Speciation Mass,702,PM2.5 SCC w/Correction Factor,35620,"New York-Newark-Jersey City, NY-NJ-PA",36,New York,61,New York,40.81976,-73.94825
04/08/2021,AQS,3,5.7,ug/m3 LC,32,CCNY,1,100,88502,Acceptable PM2.5 AQI & Speciation Mass,702,PM2.5 SCC w/Correction Factor,35620,"New York-Newark-Jersey City, NY-NJ-PA",36,New York,61,New York,40.81976,-73.94825
04/09/2021,AQS,3,4,ug/m3 LC,22,CCNY,1,100,88502,Acceptable PM2.5 AQI & Speciation Mass,702,PM2.5 SCC w/Correction Factor,35620,"New York-Newark-Jersey City, NY-NJ-PA",36,New York,61,New York,40.81976,-73.94825
04/10/2021,AQS,3,4.6,ug/m3 LC,26,CCNY,1,100,88502,Acceptable PM2.5 AQI & Speciation Mass,702,PM2.5 SCC w/Correction Factor,35620,"New York-Newark-Jersey City, NY-NJ-PA",36,New York,61,New York,40.81976,-73.94825
04/11/2021,AQS,3,3.2,ug/m3 LC,18,CCNY,1,100,88502,Acceptable PM2.5 AQI & Speciation Mass,702,PM2.5 SCC w/Correction Factor,35620,"New York-Newark-Jersey City, NY-NJ-PA",36,New York,61,New York,40.81976,-73.94825
04/12/2021,AQS,3,3.9,ug/m3 LC,22,CCNY,1,100,88502,Acceptable PM2.5 AQI & Speciation Mass,702,PM2.5 SCC w/Correction Factor,35620,"New York-Newark-Jersey City, NY-NJ-PA",36,New York,61,New York,40.81976,-73.94825
04/13/2021,AQS,3,3.3,ug/m3 LC,18,CCNY,1,100,88502,Acceptable PM2.5 AQI & Speciation Mass,702,PM2.5 SCC w/Correction Factor,35620,"New York-Newark-Jersey City, NY-NJ-PA",36,New York,61,New York,40.81976,-73.94825
04/14/2021,AQS,3,6,ug/m3 LC,33,CCNY,1,100,88502,Acceptable PM2.5 AQI & Speciation Mass,702,PM2.5 SCC w/Correction Factor,35620,"New York-Newark-Jersey City, NY-NJ-PA",36,New York,61,New York,40.81976,-73.94825
04/15/2021,AQS,3,4.2,ug/m3 LC,23,CCNY,1,100,88502,Acceptable PM2.5 AQI & Speciation Mass,702,PM2.5 SCC w/Correction Factor,35620,"New York-Newark-Jersey City, NY-NJ-PA",36,New York,61,New York,40.81976,-73.94825
04/16/2021,AQS,3,0.9,ug/m3 LC,5,CCNY,1,100,88502,Acceptable PM2.5 AQI & Speciation Mass,702,PM2.5 SCC w/Correction Factor,35620,"New York-Newark-Jersey City, NY-NJ-PA",36,New York,61,New York,40.81976,-73.94825
04/17/2021,AQS,3,1.6,ug/m3 LC,9,CCNY,1,100,88502,Acceptable PM2.5 AQI & Speciation Mass,702,PM2.5 SCC w/Correction Factor,35620,"New York-Newark-Jersey City, NY-NJ-PA",36,New York,61,New York,40.81976,-73.94825
04/18/2021,AQS,3,5.6,ug/m3 LC,31,CCNY,1,100,88502,Acceptable PM2.5 AQI & Speciation Mass,702,PM2.5 SCC w/Correction Factor,35620,"New York-Newark-Jersey City, NY-NJ-PA",36,New York,61,New York,40.81976,-73.94825
04/19/2021,AQS,3,8.2,ug/m3 LC,46,CCNY,1,100,88502,Acceptable PM2.5 AQI & Speciation Mass,702,PM2.5 SCC w/Correction Factor,35620,"New York-Newark-Jersey City, NY-NJ-PA",36,New York,61,New York,40.81976,-73.94825
04/20/2021,AQS,3,8,ug/m3 LC,44,CCNY,1,100,88502,Acceptable PM2.5 AQI & Speciation Mass,702,PM2.5 SCC w/Correction Factor,35620,"New York-Newark-Jersey City, NY-NJ-PA",36,New York,61,New York,40.81976,-73.94825
04/21/2021,AQS,3,4.8,ug/m3 LC,27,CCNY,1,100,88502,Acceptable PM2.5 AQI & Speciation Mass,702,PM2.5 SCC w/Correction Factor,35620,"New York-Newark-Jersey City, NY-NJ-PA",36,New York,61,New York,40.81976,-73.94825
04/22/2021,AQS,3,2.2,ug/m3 LC,12,CCNY,1,100,88502,Acceptable PM2.5 AQI & Speciation Mass,702,PM2.5 SCC w/Correction Factor,35620,"New York-Newark-Jersey City, NY-NJ-PA",36,New York,61,New York,40.81976,-73.94825
04/23/2021,AQS,3,4.9,ug/m3 LC,27,CCNY,1,100,88502,Acceptable PM2.5 AQI & Speciation Mass,702,PM2.5 SCC w/Correction Factor,35620,"New York-Newark-Jersey City, NY-NJ-PA",36,New York,61,New York,40.81976,-73.94825
04/24/2021,AQS,3,10.1,ug/m3 LC,53,CCNY,1,100,88502,Acceptable PM2.5 AQI & Speciation Mass,702,PM2.5 SCC w/Correction Factor,35620,"New York-Newark-Jersey City, NY-NJ-PA",36,New York,61,New York,40.81976,-73.94825
04/25/2021,AQS,3,8.6,ug/m3 LC,48,CCNY,1,100,88502,Acceptable PM2.5 AQI & Speciation Mass,702,PM2.5 SCC w/Correction Factor,35620,"New York-Newark-Jersey City, NY-NJ-PA",36,New York,61,New York,40.81976,-73.94825
04/26/2021,AQS,3,2.5,ug/m3 LC,14,CCNY,1,100,88502,Acceptable PM2.5 AQI & Speciation Mass,702,PM2.5 SCC w/Correction Factor,35620,"New York-Newark-Jersey City, NY-NJ-PA",36,New York,61,New York,40.81976,-73.94825
04/27/2021,AQS,3,5.8,ug/m3 LC,32,CCNY,1,100,88502,Acceptable PM2.5 AQI & Speciation Mass,702,PM2.5 SCC w/Correction Factor,35620,"New York-Newark-Jersey City, NY-NJ-PA",36,New York,61,New York,40.81976,-73.94825
04/28/2021,AQS,3,12.2,ug/m3 LC,57,CCNY,1,100,88502,Acceptable PM2.5 AQI & Speciation Mass,702,PM2.5 SCC w/Correction Factor,35620,"New York-Newark-Jersey City, NY-NJ-PA",36,New York,61,New York,40.81976,-73.94825
04/29/2021,AQS,3,14.1,ug/m3 LC,60,CCNY,1,100,88502,Acceptable PM2.5 AQI & Speciation Mass,702,PM2.5 SCC w/Correction Factor,35620,"New York-Newark-Jersey City, NY-NJ-PA",36,New York,61,New York,40.81976,-73.94825
04/30/2021,AQS,3,0,ug/m3 LC,0,CCNY,1,100,88502,Acceptable PM2.5 AQI & Speciation Mass,702,PM2.5 SCC w/Correction Factor,35620,"New York-Newark-Jersey City, NY-NJ-PA",36,New York,61,New York,40.81976,-73.94825
05/01/2021,AQS,3,1.3,ug/m3 LC,7,CCNY,1,100,88502,Acceptable PM2.5 AQI & Speciation Mass,702,PM2.5 SCC w/Correction Factor,35620,"New York-Newark-Jersey City, NY-NJ-PA",36,New York,61,New York,40.81976,-73.94825
05/02/2021,AQS,3,7.2,ug/m3 LC,40,CCNY,1,100,88502,Acceptable PM2.5 AQI & Speciation Mass,702,PM2.5 SCC w/Correction Factor,35620,"New York-Newark-Jersey City, NY-NJ-PA",36,New York,61,New York,40.81976,-73.94825
05/03/2021,AQS,3,4.8,ug/m3 LC,27,CCNY,1,100,88502,Acceptable PM2.5 AQI & Speciation Mass,702,PM2.5 SCC w/Correction Factor,35620,"New York-Newark-Jersey City, NY-NJ-PA",36,New York,61,New York,40.81976,-73.94825
05/04/2021,AQS,3,3.9,ug/m3 LC,22,CCNY,1,100,88502,Acceptable PM2.5 AQI & Speciation Mass,702,PM2.5 SCC w/Correction Factor,35620,"New York-Newark-Jersey City, NY-NJ-PA",36,New York,61,New York,40.81976,-73.94825
05/05/2021,AQS,3,2.9,ug/m3 LC,16,CCNY,1,100,88502,Acceptable PM2.5 AQI & Speciation Mass,702,PM2.5 SCC w/Correction Factor,35620,"New York-Newark-Jersey City, NY-NJ-PA",36,New York,61,New York,40.81976,-73.94825
05/06/2021,AQS,3,0.7,ug/m3 LC,4,CCNY,1,100,88502,Acceptable PM2.5 AQI & Speciation Mass,702,PM2.5 SCC w/Correction Factor,35620,"New York-Newark-Jersey City, NY-NJ-PA",36,New York,61,New York,40.81976,-73.94825
05/07/2021,AQS,3,2,ug/m3 LC,11,CCNY,1,100,88502,Acceptable PM2.5 AQI & Speciation Mass,702,PM2.5 SCC w/Correction Factor,35620,"New York-Newark-Jersey City, NY-NJ-PA",36,New York,61,New York,40.81976,-73.94825
05/08/2021,AQS,3,3,ug/m3 LC,17,CCNY,1,100,88502,Acceptable PM2.5 AQI & Speciation Mass,702,PM2.5 SCC w/Correction Factor,35620,"New York-Newark-Jersey City, NY-NJ-PA",36,New York,61,New York,40.81976,-73.94825
05/09/2021,AQS,3,3.5,ug/m3 LC,19,CCNY,1,100,88502,Acceptable PM2.5 AQI & Speciation Mass,702,PM2.5 SCC w/Correction Factor,35620,"New York-Newark-Jersey City, NY-NJ-PA",36,New York,61,New York,40.81976,-73.94825
05/10/2021,AQS,3,2.1,ug/m3 LC,12,CCNY,1,100,88502,Acceptable PM2.5 AQI & Speciation Mass,702,PM2.5 SCC w/Correction Factor,35620,"New York-Newark-Jersey City, NY-NJ-PA",36,New York,61,New York,40.81976,-73.94825
05/11/2021,AQS,3,2.4,ug/m3 LC,13,CCNY,1,100,88502,Acceptable PM2.5 AQI & Speciation Mass,702,PM2.5 SCC w/Correction Factor,35620,"New York-Newark-Jersey City, NY-NJ-PA",36,New York,61,New York,40.81976,-73.94825
05/12/2021,AQS,3,1.9,ug/m3 LC,11,CCNY,1,100,88502,Acceptable PM2.5 AQI & Speciation Mass,702,PM2.5 SCC w/Correction Factor,35620,"New York-Newark-Jersey City, NY-NJ-PA",36,New York,61,New York,40.81976,-73.94825
05/13/2021,AQS,3,3,ug/m3 LC,17,CCNY,1,100,88502,Acceptable PM2.5 AQI & Speciation Mass,702,PM2.5 SCC w/Correction Factor,35620,"New York-Newark-Jersey City, NY-NJ-PA",36,New York,61,New York,40.81976,-73.94825
05/14/2021,AQS,3,6.1,ug/m3 LC,34,CCNY,1,100,88502,Acceptable PM2.5 AQI & Speciation Mass,702,PM2.5 SCC w/Correction Factor,35620,"New York-Newark-Jersey City, NY-NJ-PA",36,New York,61,New York,40.81976,-73.94825
05/15/2021,AQS,3,9.3,ug/m3 LC,51,CCNY,1,100,88502,Acceptable PM2.5 AQI & Speciation Mass,702,PM2.5 SCC w/Correction Factor,35620,"New York-Newark-Jersey City, NY-NJ-PA",36,New York,61,New York,40.81976,-73.94825
05/16/2021,AQS,3,8.3,ug/m3 LC,46,CCNY,1,100,88502,Acceptable PM2.5 AQI & Speciation Mass,702,PM2.5 SCC w/Correction Factor,35620,"New York-Newark-Jersey City, NY-NJ-PA",36,New York,61,New York,40.81976,-73.94825
05/17/2021,AQS,3,8.7,ug/m3 LC,48,CCNY,1,100,88502,Acceptable PM2.5 AQI & Speciation Mass,702,PM2.5 SCC w/Correction Factor,35620,"New York-Newark-Jersey City, NY-NJ-PA",36,New York,61,New York,40.81976,-73.94825
05/18/2021,AQS,3,8.3,ug/m3 LC,46,CCNY,1,100,88502,Acceptable PM2.5 AQI & Speciation Mass,702,PM2.5 SCC w/Correction Factor,35620,"New York-Newark-Jersey City, NY-NJ-PA",36,New York,61,New York,40.81976,-73.94825
05/19/2021,AQS,3,10.1,ug/m3 LC,53,CCNY,1,100,88502,Acceptable PM2.5 AQI & Speciation Mass,702,PM2.5 SCC w/Correction Factor,35620,"New York-Newark-Jersey City, NY-NJ-PA",36,New York,61,New York,40.81976,-73.94825
05/20/2021,AQS,3,6.6,ug/m3 LC,37,CCNY,1,100,88502,Acceptable PM2.5 AQI & Speciation Mass,702,PM2.5 SCC w/Correction Factor,35620,"New York-Newark-Jersey City, NY-NJ-PA",36,New York,61,New York,40.81976,-73.94825
05/21/2021,AQS,3,8.8,ug/m3 LC,49,CCNY,1,100,88502,Acceptable PM2.5 AQI & Speciation Mass,702,PM2.5 SCC w/Correction Factor,35620,"New York-Newark-Jersey City, NY-NJ-PA",36,New York,61,New York,40.81976,-73.94825
05/22/2021,AQS,3,12.5,ug/m3 LC,57,CCNY,1,100,88502,Acceptable PM2.5 AQI & Speciation Mass,702,PM2.5 SCC w/Correction Factor,35620,"New York-Newark-Jersey City, NY-NJ-PA",36,New York,61,New York,40.81976,-73.94825
05/23/2021,AQS,3,7.8,ug/m3 LC,43,CCNY,1,100,88502,Acceptable PM2.5 AQI & Speciation Mass,702,PM2.5 SCC w/Correction Factor,35620,"New York-Newark-Jersey City, NY-NJ-PA",36,New York,61,New York,40.81976,-73.94825
05/24/2021,AQS,3,1.4,ug/m3 LC,8,CCNY,1,100,88502,Acceptable PM2.5 AQI & Speciation Mass,702,PM2.5 SCC w/Correction Factor,35620,"New York-Newark-Jersey City, NY-NJ-PA",36,New York,61,New York,40.81976,-73.94825
05/25/2021,AQS,3,11.2,ug/m3 LC,55,CCNY,1,100,88502,Acceptable PM2.5 AQI & Speciation Mass,702,PM2.5 SCC w/Correction Factor,35620,"New York-Newark-Jersey City, NY-NJ-PA",36,New York,61,New York,40.81976,-73.94825
05/26/2021,AQS,3,11,ug/m3 LC,55,CCNY,1,100,88502,Acceptable PM2.5 AQI & Speciation Mass,702,PM2.5 SCC w/Correction Factor,35620,"New York-Newark-Jersey City, NY-NJ-PA",36,New York,61,New York,40.81976,-73.94825
05/27/2021,AQS,3,2.3,ug/m3 LC,13,CCNY,1,100,88502,Acceptable PM2.5 AQI & Speciation Mass,702,PM2.5 SCC w/Correction Factor,35620,"New York-Newark-Jersey City, NY-NJ-PA",36,New York,61,New York,40.81976,-73.94825
05/28/2021,AQS,3,1.5,ug/m3 LC,8,CCNY,1,100,88502,Acceptable PM2.5 AQI & Speciation Mass,702,PM2.5 SCC w/Correction Factor,35620,"New York-Newark-Jersey City, NY-NJ-PA",36,New York,61,New York,40.81976,-73.94825
05/29/2021,AQS,3,0,ug/m3 LC,0,CCNY,1,100,88502,Acceptable PM2.5 AQI & Speciation Mass,702,PM2.5 SCC w/Correction Factor,35620,"New York-Newark-Jersey City, NY-NJ-PA",36,New York,61,New York,40.81976,-73.94825
05/30/2021,AQS,3,0.3,ug/m3 LC,2,CCNY,1,100,88502,Acceptable PM2.5 AQI & Speciation Mass,702,PM2.5 SCC w/Correction Factor,35620,"New York-Newark-Jersey City, NY-NJ-PA",36,New York,61,New York,40.81976,-73.94825
05/31/2021,AQS,3,3.5,ug/m3 LC,19,CCNY,1,100,88502,Acceptable PM2.5 AQI & Speciation Mass,702,PM2.5 SCC w/Correction Factor,35620,"New York-Newark-Jersey City, NY-NJ-PA",36,New York,61,New York,40.81976,-73.94825
06/01/2021,AQS,3,10.5,ug/m3 LC,54,CCNY,1,100,88502,Acceptable PM2.5 AQI & Speciation Mass,702,PM2.5 SCC w/Correction Factor,35620,"New York-Newark-Jersey City, NY-NJ-PA",36,New York,61,New York,40.81976,-73.94825
06/02/2021,AQS,3,6.7,ug/m3 LC,37,CCNY,1,100,88502,Acceptable PM2.5 AQI & Speciation Mass,702,PM2.5 SCC w/Correction Factor,35620,"New York-Newark-Jersey City, NY-NJ-PA",36,New York,61,New York,40.81976,-73.94825
06/03/2021,AQS,3,5.6,ug/m3 LC,31,CCNY,1,100,88502,Acceptable PM2.5 AQI & Speciation Mass,702,PM2.5 SCC w/Correction Factor,35620,"New York-Newark-Jersey City, NY-NJ-PA",36,New York,61,New York,40.81976,-73.94825
06/04/2021,AQS,3,4.2,ug/m3 LC,23,CCNY,1,100,88502,Acceptable PM2.5 AQI & Speciation Mass,702,PM2.5 SCC w/Correction Factor,35620,"New York-Newark-Jersey City, NY-NJ-PA",36,New York,61,New York,40.81976,-73.94825
06/05/2021,AQS,3,8.9,ug/m3 LC,49,CCNY,1,100,88502,Acceptable PM2.5 AQI & Speciation Mass,702,PM2.5 SCC w/Correction Factor,35620,"New York-Newark-Jersey City, NY-NJ-PA",36,New York,61,New York,40.81976,-73.94825
06/06/2021,AQS,3,14.1,ug/m3 LC,60,CCNY,1,100,88502,Acceptable PM2.5 AQI & Speciation Mass,702,PM2.5 SCC w/Correction Factor,35620,"New York-Newark-Jersey City, NY-NJ-PA",36,New York,61,New York,40.81976,-73.94825
06/07/2021,AQS,3,18,ug/m3 LC,68,CCNY,1,100,88502,Acceptable PM2.5 AQI & Speciation Mass,702,PM2.5 SCC w/Correction Factor,35620,"New York-Newark-Jersey City, NY-NJ-PA",36,New York,61,New York,40.81976,-73.94825
06/08/2021,AQS,3,8.5,ug/m3 LC,47,CCNY,1,100,88502,Acceptable PM2.5 AQI & Speciation Mass,702,PM2.5 SCC w/Correction Factor,35620,"New York-Newark-Jersey City, NY-NJ-PA",36,New York,61,New York,40.81976,-73.94825
06/09/2021,AQS,3,8,ug/m3 LC,44,CCNY,1,100,88502,Acceptable PM2.5 AQI & Speciation Mass,702,PM2.5 SCC w/Correction Factor,35620,"New York-Newark-Jersey City, NY-NJ-PA",36,New York,61,New York,40.81976,-73.94825
06/10/2021,AQS,3,3.9,ug/m3 LC,22,CCNY,1,100,88502,Acceptable PM2.5 AQI & Speciation Mass,702,PM2.5 SCC w/Correction Factor,35620,"New York-Newark-Jersey City, NY-NJ-PA",36,New York,61,New York,40.81976,-73.94825
06/11/2021,AQS,3,4.2,ug/m3 LC,23,CCNY,1,100,88502,Acceptable PM2.5 AQI & Speciation Mass,702,PM2.5 SCC w/Correction Factor,35620,"New York-Newark-Jersey City, NY-NJ-PA",36,New York,61,New York,40.81976,-73.94825
06/12/2021,AQS,3,3.7,ug/m3 LC,21,CCNY,1,100,88502,Acceptable PM2.5 AQI & Speciation Mass,702,PM2.5 SCC w/Correction Factor,35620,"New York-Newark-Jersey City, NY-NJ-PA",36,New York,61,New York,40.81976,-73.94825
06/13/2021,AQS,3,4.9,ug/m3 LC,27,CCNY,1,100,88502,Acceptable PM2.5 AQI & Speciation Mass,702,PM2.5 SCC w/Correction Factor,35620,"New York-Newark-Jersey City, NY-NJ-PA",36,New York,61,New York,40.81976,-73.94825
06/14/2021,AQS,3,1.7,ug/m3 LC,9,CCNY,1,100,88502,Acceptable PM2.5 AQI & Speciation Mass,702,PM2.5 SCC w/Correction Factor,35620,"New York-Newark-Jersey City, NY-NJ-PA",36,New York,61,New York,40.81976,-73.94825
06/15/2021,AQS,3,2.8,ug/m3 LC,16,CCNY,1,100,88502,Acceptable PM2.5 AQI & Speciation Mass,702,PM2.5 SCC w/Correction Factor,35620,"New York-Newark-Jersey City, NY-NJ-PA",36,New York,61,New York,40.81976,-73.94825
06/16/2021,AQS,3,1.8,ug/m3 LC,10,CCNY,1,100,88502,Acceptable PM2.5 AQI & Speciation Mass,702,PM2.5 SCC w/Correction Factor,35620,"New York-Newark-Jersey City, NY-NJ-PA",36,New York,61,New York,40.81976,-73.94825
06/17/2021,AQS,3,1.8,ug/m3 LC,10,CCNY,1,100,88502,Acceptable PM2.5 AQI & Speciation Mass,702,PM2.5 SCC w/Correction Factor,35620,"New York-Newark-Jersey City, NY-NJ-PA",36,New York,61,New York,40.81976,-73.94825
06/18/2021,AQS,3,7.4,ug/m3 LC,41,CCNY,1,100,88502,Acceptable PM2.5 AQI & Speciation Mass,702,PM2.5 SCC w/Correction Factor,35620,"New York-Newark-Jersey City, NY-NJ-PA",36,New York,61,New York,40.81976,-73.94825
06/19/2021,AQS,3,8.5,ug/m3 LC,47,CCNY,1,100,88502,Acceptable PM2.5 AQI & Speciation Mass,702,PM2.5 SCC w/Correction Factor,35620,"New York-Newark-Jersey City, NY-NJ-PA",36,New York,61,New York,40.81976,-73.94825
06/20/2021,AQS,3,10.1,ug/m3 LC,53,CCNY,1,100,88502,Acceptable PM2.5 AQI & Speciation Mass,702,PM2.5 SCC w/Correction Factor,35620,"New York-Newark-Jersey City, NY-NJ-PA",36,New York,61,New York,40.81976,-73.94825
06/21/2021,AQS,3,11,ug/m3 LC,55,CCNY,1,100,88502,Acceptable PM2.5 AQI & Speciation Mass,702,PM2.5 SCC w/Correction Factor,35620,"New York-Newark-Jersey City, NY-NJ-PA",36,New York,61,New York,40.81976,-73.94825
06/22/2021,AQS,3,2.4,ug/m3 LC,13,CCNY,1,100,88502,Acceptable PM2.5 AQI & Speciation Mass,702,PM2.5 SCC w/Correction Factor,35620,"New York-Newark-Jersey City, NY-NJ-PA",36,New York,61,New York,40.81976,-73.94825
06/23/2021,AQS,3,1.2,ug/m3 LC,7,CCNY,1,100,88502,Acceptable PM2.5 AQI & Speciation Mass,702,PM2.5 SCC w/Correction Factor,35620,"New York-Newark-Jersey City, NY-NJ-PA",36,New York,61,New York,40.81976,-73.94825
06/24/2021,AQS,3,3,ug/m3 LC,17,CCNY,1,100,88502,Acceptable PM2.5 AQI & Speciation Mass,702,PM2.5 SCC w/Correction Factor,35620,"New York-Newark-Jersey City, NY-NJ-PA",36,New York,61,New York,40.81976,-73.94825
06/25/2021,AQS,3,2.2,ug/m3 LC,12,CCNY,1,100,88502,Acceptable PM2.5 AQI & Speciation Mass,702,PM2.5 SCC w/Correction Factor,35620,"New York-Newark-Jersey City, NY-NJ-PA",36,New York,61,New York,40.81976,-73.94825
06/26/2021,AQS,3,6.4,ug/m3 LC,36,CCNY,1,100,88502,Acceptable PM2.5 AQI & Speciation Mass,702,PM2.5 SCC w/Correction Factor,35620,"New York-Newark-Jersey City, NY-NJ-PA",36,New York,61,New York,40.81976,-73.94825
06/27/2021,AQS,3,9,ug/m3 LC,50,CCNY,1,100,88502,Acceptable PM2.5 AQI & Speciation Mass,702,PM2.5 SCC w/Correction Factor,35620,"New York-Newark-Jersey City, NY-NJ-PA",36,New York,61,New York,40.81976,-73.94825
06/28/2021,AQS,3,9.7,ug/m3 LC,52,CCNY,1,100,88502,Acceptable PM2.5 AQI & Speciation Mass,702,PM2.5 SCC w/Correction Factor,35620,"New York-Newark-Jersey City, NY-NJ-PA",36,New York,61,New York,40.81976,-73.94825
06/29/2021,AQS,3,8.9,ug/m3 LC,49,CCNY,1,100,88502,Acceptable PM2.5 AQI & Speciation Mass,702,PM2.5 SCC w/Correction Factor,35620,"New York-Newark-Jersey City, NY-NJ-PA",36,New York,61,New York,40.81976,-73.94825
06/30/2021,AQS,3,8.7,ug/m3 LC,48,CCNY,1,100,88502,Acceptable PM2.5 AQI & Speciation Mass,702,PM2.5 SCC w/Correction Factor,35620,"New York-Newark-Jersey City, NY-NJ-PA",36,New York,61,New York,40.81976,-73.94825
07/01/2021,AQS,3,4.5,ug/m3 LC,25,CCNY,1,100,88502,Acceptable PM2.5 AQI & Speciation Mass,702,PM2.5 SCC w/Correction Factor,35620,"New York-Newark-Jersey City, NY-NJ-PA",36,New York,61,New York,40.81976,-73.94825
07/02/2021,AQS,3,2.7,ug/m3 LC,15,CCNY,1,100,88502,Acceptable PM2.5 AQI & Speciation Mass,702,PM2.5 SCC w/Correction Factor,35620,"New York-Newark-Jersey City, NY-NJ-PA",36,New York,61,New York,40.81976,-73.94825
07/03/2021,AQS,3,-1.1,ug/m3 LC,0,CCNY,1,100,88502,Acceptable PM2.5 AQI & Speciation Mass,702,PM2.5 SCC w/Correction Factor,35620,"New York-Newark-Jersey City, NY-NJ-PA",36,New York,61,New York,40.81976,-73.94825
07/04/2021,AQS,3,13,ug/m3 LC,58,CCNY,1,100,88502,Acceptable PM2.5 AQI & Speciation Mass,702,PM2.5 SCC w/Correction Factor,35620,"New York-Newark-Jersey City, NY-NJ-PA",36,New York,61,New York,40.81976,-73.94825
07/05/2021,AQS,3,19.7,ug/m3 LC,71,CCNY,1,100,88502,Acceptable PM2.5 AQI & Speciation Mass,702,PM2.5 SCC w/Correction Factor,35620,"New York-Newark-Jersey City, NY-NJ-PA",36,New York,61,New York,40.81976,-73.94825
07/06/2021,AQS,3,12.2,ug/m3 LC,57,CCNY,1,100,88502,Acceptable PM2.5 AQI & Speciation Mass,702,PM2.5 SCC w/Correction Factor,35620,"New York-Newark-Jersey City, NY-NJ-PA",36,New York,61,New York,40.81976,-73.94825
07/07/2021,AQS,3,17.7,ug/m3 LC,67,CCNY,1,100,88502,Acceptable PM2.5 AQI & Speciation Mass,702,PM2.5 SCC w/Correction Factor,35620,"New York-Newark-Jersey City, NY-NJ-PA",36,New York,61,New York,40.81976,-73.94825
07/08/2021,AQS,3,8.8,ug/m3 LC,49,CCNY,1,100,88502,Acceptable PM2.5 AQI & Speciation Mass,702,PM2.5 SCC w/Correction Factor,35620,"New York-Newark-Jersey City, NY-NJ-PA",36,New York,61,New York,40.81976,-73.94825
07/09/2021,AQS,3,1.3,ug/m3 LC,7,CCNY,1,100,88502,Acceptable PM2.5 AQI & Speciation Mass,702,PM2.5 SCC w/Correction Factor,35620,"New York-Newark-Jersey City, NY-NJ-PA",36,New York,61,New York,40.81976,-73.94825
07/10/2021,AQS,3,5.7,ug/m3 LC,32,CCNY,1,100,88502,Acceptable PM2.5 AQI & Speciation Mass,702,PM2.5 SCC w/Correction Factor,35620,"New York-Newark-Jersey City, NY-NJ-PA",36,New York,61,New York,40.81976,-73.94825
07/11/2021,AQS,3,6,ug/m3 LC,33,CCNY,1,100,88502,Acceptable PM2.5 AQI & Speciation Mass,702,PM2.5 SCC w/Correction Factor,35620,"New York-Newark-Jersey City, NY-NJ-PA",36,New York,61,New York,40.81976,-73.94825
07/12/2021,AQS,3,5.4,ug/m3 LC,30,CCNY,1,100,88502,Acceptable PM2.5 AQI & Speciation Mass,702,PM2.5 SCC w/Correction Factor,35620,"New York-Newark-Jersey City, NY-NJ-PA",36,New York,61,New York,40.81976,-73.94825
07/13/2021,AQS,3,3.3,ug/m3 LC,18,CCNY,1,100,88502,Acceptable PM2.5 AQI & Speciation Mass,702,PM2.5 SCC w/Correction Factor,35620,"New York-Newark-Jersey City, NY-NJ-PA",36,New York,61,New York,40.81976,-73.94825
07/14/2021,AQS,3,5,ug/m3 LC,28,CCNY,1,100,88502,Acceptable PM2.5 AQI & Speciation Mass,702,PM2.5 SCC w/Correction Factor,35620,"New York-Newark-Jersey City, NY-NJ-PA",36,New York,61,New York,40.81976,-73.94825
07/15/2021,AQS,3,8.5,ug/m3 LC,47,CCNY,1,100,88502,Acceptable PM2.5 AQI & Speciation Mass,702,PM2.5 SCC w/Correction Factor,35620,"New York-Newark-Jersey City, NY-NJ-PA",36,New York,61,New York,40.81976,-73.94825
07/16/2021,AQS,3,13.7,ug/m3 LC,60,CCNY,1,100,88502,Acceptable PM2.5 AQI & Speciation Mass,702,PM2.5 SCC w/Correction Factor,35620,"New York-Newark-Jersey City, NY-NJ-PA",36,New York,61,New York,40.81976,-73.94825
07/17/2021,AQS,3,12.9,ug/m3 LC,58,CCNY,1,100,88502,Acceptable PM2.5 AQI & Speciation Mass,702,PM2.5 SCC w/Correction Factor,35620,"New York-Newark-Jersey City, NY-NJ-PA",36,New York,61,New York,40.81976,-73.94825
07/18/2021,AQS,3,0.6,ug/m3 LC,3,CCNY,1,100,88502,Acceptable PM2.5 AQI & Speciation Mass,702,PM2.5 SCC w/Correction Factor,35620,"New York-Newark-Jersey City, NY-NJ-PA",36,New York,61,New York,40.81976,-73.94825
07/19/2021,AQS,3,3,ug/m3 LC,17,CCNY,1,100,88502,Acceptable PM2.5 AQI & Speciation Mass,702,PM2.5 SCC w/Correction Factor,35620,"New York-Newark-Jersey City, NY-NJ-PA",36,New York,61,New York,40.81976,-73.94825
07/20/2021,AQS,3,56.4,ug/m3 LC,152,CCNY,1,100,88502,Acceptable PM2.5 AQI & Speciation Mass,702,PM2.5 SCC w/Correction Factor,35620,"New York-Newark-Jersey City, NY-NJ-PA",36,New York,61,New York,40.81976,-73.94825
07/21/2021,AQS,3,23.5,ug/m3 LC,78,CCNY,1,100,88502,Acceptable PM2.5 AQI & Speciation Mass,702,PM2.5 SCC w/Correction Factor,35620,"New York-Newark-Jersey City, NY-NJ-PA",36,New York,61,New York,40.81976,-73.94825
07/22/2021,AQS,3,3.5,ug/m3 LC,19,CCNY,1,100,88502,Acceptable PM2.5 AQI & Speciation Mass,702,PM2.5 SCC w/Correction Factor,35620,"New York-Newark-Jersey City, NY-NJ-PA",36,New York,61,New York,40.81976,-73.94825
07/23/2021,AQS,3,5.3,ug/m3 LC,29,CCNY,1,100,88502,Acceptable PM2.5 AQI & Speciation Mass,702,PM2.5 SCC w/Correction Factor,35620,"New York-Newark-Jersey City, NY-NJ-PA",36,New York,61,New York,40.81976,-73.94825
07/24/2021,AQS,3,6.3,ug/m3 LC,35,CCNY,1,100,88502,Acceptable PM2.5 AQI & Speciation Mass,702,PM2.5 SCC w/Correction Factor,35620,"New York-Newark-Jersey City, NY-NJ-PA",36,New York,61,New York,40.81976,-73.94825
07/25/2021,AQS,3,12.7,ug/m3 LC,58,CCNY,1,100,88502,Acceptable PM2.5 AQI & Speciation Mass,702,PM2.5 SCC w/Correction Factor,35620,"New York-Newark-Jersey City, NY-NJ-PA",36,New York,61,New York,40.81976,-73.94825
07/26/2021,AQS,3,28.1,ug/m3 LC,86,CCNY,1,100,88502,Acceptable PM2.5 AQI & Speciation Mass,702,PM2.5 SCC w/Correction Factor,35620,"New York-Newark-Jersey City, NY-NJ-PA",36,New York,61,New York,40.81976,-73.94825
07/27/2021,AQS,3,23.2,ug/m3 LC,77,CCNY,1,100,88502,Acceptable PM2.5 AQI & Speciation Mass,702,PM2.5 SCC w/Correction Factor,35620,"New York-Newark-Jersey City, NY-NJ-PA",36,New York,61,New York,40.81976,-73.94825
07/28/2021,AQS,3,11.6,ug/m3 LC,56,CCNY,1,100,88502,Acceptable PM2.5 AQI & Speciation Mass,702,PM2.5 SCC w/Correction Factor,35620,"New York-Newark-Jersey City, NY-NJ-PA",36,New York,61,New York,40.81976,-73.94825
07/29/2021,AQS,3,9.5,ug/m3 LC,52,CCNY,1,100,88502,Acceptable PM2.5 AQI & Speciation Mass,702,PM2.5 SCC w/Correction Factor,35620,"New York-Newark-Jersey City, NY-NJ-PA",36,New York,61,New York,40.81976,-73.94825
07/30/2021,AQS,3,4.6,ug/m3 LC,26,CCNY,1,100,88502,Acceptable PM2.5 AQI & Speciation Mass,702,PM2.5 SCC w/Correction Factor,35620,"New York-Newark-Jersey City, NY-NJ-PA",36,New York,61,New York,40.81976,-73.94825
07/31/2021,AQS,3,0.5,ug/m3 LC,3,CCNY,1,100,88502,Acceptable PM2.5 AQI & Speciation Mass,702,PM2.5 SCC w/Correction Factor,35620,"New York-Newark-Jersey City, NY-NJ-PA",36,New York,61,New York,40.81976,-73.94825
08/01/2021,AQS,3,3.8,ug/m3 LC,21,CCNY,1,100,88502,Acceptable PM2.5 AQI & Speciation Mass,702,PM2.5 SCC w/Correction Factor,35620,"New York-Newark-Jersey City, NY-NJ-PA",36,New York,61,New York,40.81976,-73.94825
08/02/2021,AQS,3,4.3,ug/m3 LC,24,CCNY,1,100,88502,Acceptable PM2.5 AQI & Speciation Mass,702,PM2.5 SCC w/Correction Factor,35620,"New York-Newark-Jersey City, NY-NJ-PA",36,New York,61,New York,40.81976,-73.94825
08/03/2021,AQS,3,4.1,ug/m3 LC,23,CCNY,1,100,88502,Acceptable PM2.5 AQI & Speciation Mass,702,PM2.5 SCC w/Correction Factor,35620,"New York-Newark-Jersey City, NY-NJ-PA",36,New York,61,New York,40.81976,-73.94825
08/04/2021,AQS,3,6.3,ug/m3 LC,35,CCNY,1,100,88502,Acceptable PM2.5 AQI & Speciation Mass,702,PM2.5 SCC w/Correction Factor,35620,"New York-Newark-Jersey City, NY-NJ-PA",36,New York,61,New York,40.81976,-73.94825
08/05/2021,AQS,3,5.9,ug/m3 LC,33,CCNY,1,100,88502,Acceptable PM2.5 AQI & Speciation Mass,702,PM2.5 SCC w/Correction Factor,35620,"New York-Newark-Jersey City, NY-NJ-PA",36,New York,61,New York,40.81976,-73.94825
08/06/2021,AQS,3,12.8,ug/m3 LC,58,CCNY,1,100,88502,Acceptable PM2.5 AQI & Speciation Mass,702,PM2.5 SCC w/Correction Factor,35620,"New York-Newark-Jersey City, NY-NJ-PA",36,New York,61,New York,40.81976,-73.94825
08/07/2021,AQS,3,10.9,ug/m3 LC,54,CCNY,1,100,88502,Acceptable PM2.5 AQI & Speciation Mass,702,PM2.5 SCC w/Correction Factor,35620,"New York-Newark-Jersey City, NY-NJ-PA",36,New York,61,New York,40.81976,-73.94825
08/08/2021,AQS,3,8,ug/m3 LC,44,CCNY,1,100,88502,Acceptable PM2.5 AQI & Speciation Mass,702,PM2.5 SCC w/Correction Factor,35620,"New York-Newark-Jersey City, NY-NJ-PA",36,New York,61,New York,40.81976,-73.94825
08/09/2021,AQS,3,9.2,ug/m3 LC,51,CCNY,1,100,88502,Acceptable PM2.5 AQI & Speciation Mass,702,PM2.5 SCC w/Correction Factor,35620,"New York-Newark-Jersey City, NY-NJ-PA",36,New York,61,New York,40.81976,-73.94825
08/10/2021,AQS,3,9.1,ug/m3 LC,51,CCNY,1,100,88502,Acceptable PM2.5 AQI & Speciation Mass,702,PM2.5 SCC w/Correction Factor,35620,"New York-Newark-Jersey City, NY-NJ-PA",36,New York,61,New York,40.81976,-73.94825
08/11/2021,AQS,3,9.6,ug/m3 LC,52,CCNY,1,100,88502,Acceptable PM2.5 AQI & Speciation Mass,702,PM2.5 SCC w/Correction Factor,35620,"New York-Newark-Jersey City, NY-NJ-PA",36,New York,61,New York,40.81976,-73.94825
08/12/2021,AQS,3,7.3,ug/m3 LC,41,CCNY,1,100,88502,Acceptable PM2.5 AQI & Speciation Mass,702,PM2.5 SCC w/Correction Factor,35620,"New York-Newark-Jersey City, NY-NJ-PA",36,New York,61,New York,40.81976,-73.94825
08/13/2021,AQS,3,7.6,ug/m3 LC,42,CCNY,1,100,88502,Acceptable PM2.5 AQI & Speciation Mass,702,PM2.5 SCC w/Correction Factor,35620,"New York-Newark-Jersey City, NY-NJ-PA",36,New York,61,New York,40.81976,-73.94825
08/14/2021,AQS,3,6,ug/m3 LC,33,CCNY,1,100,88502,Acceptable PM2.5 AQI & Speciation Mass,702,PM2.5 SCC w/Correction Factor,35620,"New York-Newark-Jersey City, NY-NJ-PA",36,New York,61,New York,40.81976,-73.94825
08/15/2021,AQS,3,3.3,ug/m3 LC,18,CCNY,1,100,88502,Acceptable PM2.5 AQI & Speciation Mass,702,PM2.5 SCC w/Correction Factor,35620,"New York-Newark-Jersey City, NY-NJ-PA",36,New York,61,New York,40.81976,-73.94825
08/16/2021,AQS,3,5.2,ug/m3 LC,29,CCNY,1,100,88502,Acceptable PM2.5 AQI & Speciation Mass,702,PM2.5 SCC w/Correction Factor,35620,"New York-Newark-Jersey City, NY-NJ-PA",36,New York,61,New York,40.81976,-73.94825
08/17/2021,AQS,3,3.5,ug/m3 LC,19,CCNY,1,100,88502,Acceptable PM2.5 AQI & Speciation Mass,702,PM2.5 SCC w/Correction Factor,35620,"New York-Newark-Jersey City, NY-NJ-PA",36,New York,61,New York,40.81976,-73.94825
08/18/2021,AQS,3,4.2,ug/m3 LC,23,CCNY,1,100,88502,Acceptable PM2.5 AQI & Speciation Mass,702,PM2.5 SCC w/Correction Factor,35620,"New York-Newark-Jersey City, NY-NJ-PA",36,New York,61,New York,40.81976,-73.94825
08/19/2021,AQS,3,0.4,ug/m3 LC,2,CCNY,1,100,88502,Acceptable PM2.5 AQI & Speciation Mass,702,PM2.5 SCC w/Correction Factor,35620,"New York-Newark-Jersey City, NY-NJ-PA",36,New York,61,New York,40.81976,-73.94825
08/20/2021,AQS,3,3.6,ug/m3 LC,20,CCNY,1,100,88502,Acceptable PM2.5 AQI & Speciation Mass,702,PM2.5 SCC w/Correction Factor,35620,"New York-Newark-Jersey City, NY-NJ-PA",36,New York,61,New York,40.81976,-73.94825
08/21/2021,AQS,3,6.2,ug/m3 LC,34,CCNY,1,100,88502,Acceptable PM2.5 AQI & Speciation Mass,702,PM2.5 SCC w/Correction Factor,35620,"New York-Newark-Jersey City, NY-NJ-PA",36,New York,61,New York,40.81976,-73.94825
08/22/2021,AQS,3,1.8,ug/m3 LC,10,CCNY,1,100,88502,Acceptable PM2.5 AQI & Speciation Mass,702,PM2.5 SCC w/Correction Factor,35620,"New York-Newark-Jersey City, NY-NJ-PA",36,New York,61,New York,40.81976,-73.94825
08/23/2021,AQS,3,4.1,ug/m3 LC,23,CCNY,1,100,88502,Acceptable PM2.5 AQI & Speciation Mass,702,PM2.5 SCC w/Correction Factor,35620,"New York-Newark-Jersey City, NY-NJ-PA",36,New York,61,New York,40.81976,-73.94825
08/24/2021,AQS,3,5.9,ug/m3 LC,33,CCNY,1,100,88502,Acceptable PM2.5 AQI & Speciation Mass,702,PM2.5 SCC w/Correction Factor,35620,"New York-Newark-Jersey City, NY-NJ-PA",36,New York,61,New York,40.81976,-73.94825
08/25/2021,AQS,3,11,ug/m3 LC,55,CCNY,1,100,88502,Acceptable PM2.5 AQI & Speciation Mass,702,PM2.5 SCC w/Correction Factor,35620,"New York-Newark-Jersey City, NY-NJ-PA",36,New York,61,New York,40.81976,-73.94825
08/26/2021,AQS,3,18.3,ug/m3 LC,68,CCNY,1,100,88502,Acceptable PM2.5 AQI & Speciation Mass,702,PM2.5 SCC w/Correction Factor,35620,"New York-Newark-Jersey City, NY-NJ-PA",36,New York,61,New York,40.81976,-73.94825
08/27/2021,AQS,3,13.5,ug/m3 LC,59,CCNY,1,100,88502,Acceptable PM2.5 AQI & Speciation Mass,702,PM2.5 SCC w/Correction Factor,35620,"New York-Newark-Jersey City, NY-NJ-PA",36,New York,61,New York,40.81976,-73.94825
08/28/2021,AQS,3,4.8,ug/m3 LC,27,CCNY,1,100,88502,Acceptable PM2.5 AQI & Speciation Mass,702,PM2.5 SCC w/Correction Factor,35620,"New York-Newark-Jersey City, NY-NJ-PA",36,New York,61,New York,40.81976,-73.94825
08/29/2021,AQS,3,5.9,ug/m3 LC,33,CCNY,1,100,88502,Acceptable PM2.5 AQI & Speciation Mass,702,PM2.5 SCC w/Correction Factor,35620,"New York-Newark-Jersey City, NY-NJ-PA",36,New York,61,New York,40.81976,-73.94825
08/30/2021,AQS,3,9.3,ug/m3 LC,51,CCNY,1,100,88502,Acceptable PM2.5 AQI & Speciation Mass,702,PM2.5 SCC w/Correction Factor,35620,"New York-Newark-Jersey City, NY-NJ-PA",36,New York,61,New York,40.81976,-73.94825
08/31/2021,AQS,3,7.5,ug/m3 LC,42,CCNY,1,100,88502,Acceptable PM2.5 AQI & Speciation Mass,702,PM2.5 SCC w/Correction Factor,35620,"New York-Newark-Jersey City, NY-NJ-PA",36,New York,61,New York,40.81976,-73.94825
09/01/2021,AQS,3,8.9,ug/m3 LC,49,CCNY,1,100,88502,Acceptable PM2.5 AQI & Speciation Mass,702,PM2.5 SCC w/Correction Factor,35620,"New York-Newark-Jersey City, NY-NJ-PA",36,New York,61,New York,40.81976,-73.94825
09/11/2021,AQS,3,2.8,ug/m3 LC,16,CCNY,1,100,88502,Acceptable PM2.5 AQI & Speciation Mass,702,PM2.5 SCC w/Correction Factor,35620,"New York-Newark-Jersey City, NY-NJ-PA",36,New York,61,New York,40.81976,-73.94825
09/12/2021,AQS,3,6.6,ug/m3 LC,37,CCNY,1,100,88502,Acceptable PM2.5 AQI & Speciation Mass,702,PM2.5 SCC w/Correction Factor,35620,"New York-Newark-Jersey City, NY-NJ-PA",36,New York,61,New York,40.81976,-73.94825
09/13/2021,AQS,3,7.8,ug/m3 LC,43,CCNY,1,100,88502,Acceptable PM2.5 AQI & Speciation Mass,702,PM2.5 SCC w/Correction Factor,35620,"New York-Newark-Jersey City, NY-NJ-PA",36,New York,61,New York,40.81976,-73.94825
09/14/2021,AQS,3,6.8,ug/m3 LC,38,CCNY,1,100,88502,Acceptable PM2.5 AQI & Speciation Mass,702,PM2.5 SCC w/Correction Factor,35620,"New York-Newark-Jersey City, NY-NJ-PA",36,New York,61,New York,40.81976,-73.94825
09/15/2021,AQS,3,14.1,ug/m3 LC,60,CCNY,1,100,88502,Acceptable PM2.5 AQI & Speciation Mass,702,PM2.5 SCC w/Correction Factor,35620,"New York-Newark-Jersey City, NY-NJ-PA",36,New York,61,New York,40.81976,-73.94825
09/16/2021,AQS,3,3.5,ug/m3 LC,19,CCNY,1,100,88502,Acceptable PM2.5 AQI & Speciation Mass,702,PM2.5 SCC w/Correction Factor,35620,"New York-Newark-Jersey City, NY-NJ-PA",36,New York,61,New York,40.81976,-73.94825
09/17/2021,AQS,3,6.1,ug/m3 LC,34,CCNY,1,100,88502,Acceptable PM2.5 AQI & Speciation Mass,702,PM2.5 SCC w/Correction Factor,35620,"New York-Newark-Jersey City, NY-NJ-PA",36,New York,61,New York,40.81976,-73.94825
09/18/2021,AQS,3,6.4,ug/m3 LC,36,CCNY,1,100,88502,Acceptable PM2.5 AQI & Speciation Mass,702,PM2.5 SCC w/Correction Factor,35620,"New York-Newark-Jersey City, NY-NJ-PA",36,New York,61,New York,40.81976,-73.94825
09/19/2021,AQS,3,4.1,ug/m3 LC,23,CCNY,1,100,88502,Acceptable PM2.5 AQI & Speciation Mass,702,PM2.5 SCC w/Correction Factor,35620,"New York-Newark-Jersey City, NY-NJ-PA",36,New York,61,New York,40.81976,-73.94825
09/20/2021,AQS,3,4.6,ug/m3 LC,26,CCNY,1,100,88502,Acceptable PM2.5 AQI & Speciation Mass,702,PM2.5 SCC w/Correction Factor,35620,"New York-Newark-Jersey City, NY-NJ-PA",36,New York,61,New York,40.81976,-73.94825
09/21/2021,AQS,3,2.9,ug/m3 LC,16,CCNY,1,100,88502,Acceptable PM2.5 AQI & Speciation Mass,702,PM2.5 SCC w/Correction Factor,35620,"New York-Newark-Jersey City, NY-NJ-PA",36,New York,61,New York,40.81976,-73.94825
09/22/2021,AQS,3,2.5,ug/m3 LC,14,CCNY,1,100,88502,Acceptable PM2.5 AQI & Speciation Mass,702,PM2.5 SCC w/Correction Factor,35620,"New York-Newark-Jersey City, NY-NJ-PA",36,New York,61,New York,40.81976,-73.94825
09/23/2021,AQS,3,4.6,ug/m3 LC,26,CCNY,1,100,88502,Acceptable PM2.5 AQI & Speciation Mass,702,PM2.5 SCC w/Correction Factor,35620,"New York-Newark-Jersey City, NY-NJ-PA",36,New York,61,New York,40.81976,-73.94825
09/24/2021,AQS,3,2.8,ug/m3 LC,16,CCNY,1,100,88502,Acceptable PM2.5 AQI & Speciation Mass,702,PM2.5 SCC w/Correction Factor,35620,"New York-Newark-Jersey City, NY-NJ-PA",36,New York,61,New York,40.81976,-73.94825
09/25/2021,AQS,3,5.1,ug/m3 LC,28,CCNY,1,100,88502,Acceptable PM2.5 AQI & Speciation Mass,702,PM2.5 SCC w/Correction Factor,35620,"New York-Newark-Jersey City, NY-NJ-PA",36,New York,61,New York,40.81976,-73.94825
09/26/2021,AQS,3,4.7,ug/m3 LC,26,CCNY,1,100,88502,Acceptable PM2.5 AQI & Speciation Mass,702,PM2.5 SCC w/Correction Factor,35620,"New York-Newark-Jersey City, NY-NJ-PA",36,New York,61,New York,40.81976,-73.94825
09/28/2021,AQS,3,7,ug/m3 LC,39,CCNY,1,100,88502,Acceptable PM2.5 AQI & Speciation Mass,702,PM2.5 SCC w/Correction Factor,35620,"New York-Newark-Jersey City, NY-NJ-PA",36,New York,61,New York,40.81976,-73.94825
09/29/2021,AQS,3,2.2,ug/m3 LC,12,CCNY,1,100,88502,Acceptable PM2.5 AQI & Speciation Mass,702,PM2.5 SCC w/Correction Factor,35620,"New York-Newark-Jersey City, NY-NJ-PA",36,New York,61,New York,40.81976,-73.94825
09/30/2021,AQS,3,1.8,ug/m3 LC,10,CCNY,1,100,88502,Acceptable PM2.5 AQI & Speciation Mass,702,PM2.5 SCC w/Correction Factor,35620,"New York-Newark-Jersey City, NY-NJ-PA",36,New York,61,New York,40.81976,-73.94825
10/01/2021,AQS,3,2.5,ug/m3 LC,14,CCNY,1,100,88502,Acceptable PM2.5 AQI & Speciation Mass,702,PM2.5 SCC w/Correction Factor,35620,"New York-Newark-Jersey City, NY-NJ-PA",36,New York,61,New York,40.81976,-73.94825
10/02/2021,AQS,3,6.1,ug/m3 LC,34,CCNY,1,100,88502,Acceptable PM2.5 AQI & Speciation Mass,702,PM2.5 SCC w/Correction Factor,35620,"New York-Newark-Jersey City, NY-NJ-PA",36,New York,61,New York,40.81976,-73.94825
10/03/2021,AQS,3,12,ug/m3 LC,56,CCNY,1,100,88502,Acceptable PM2.5 AQI & Speciation Mass,702,PM2.5 SCC w/Correction Factor,35620,"New York-Newark-Jersey City, NY-NJ-PA",36,New York,61,New York,40.81976,-73.94825
10/04/2021,AQS,3,6.3,ug/m3 LC,35,CCNY,1,100,88502,Acceptable PM2.5 AQI & Speciation Mass,702,PM2.5 SCC w/Correction Factor,35620,"New York-Newark-Jersey City, NY-NJ-PA",36,New York,61,New York,40.81976,-73.94825
10/09/2021,AQS,3,6.2,ug/m3 LC,34,CCNY,1,100,88502,Acceptable PM2.5 AQI & Speciation Mass,702,PM2.5 SCC w/Correction Factor,35620,"New York-Newark-Jersey City, NY-NJ-PA",36,New York,61,New York,40.81976,-73.94825
10/10/2021,AQS,3,3.1,ug/m3 LC,17,CCNY,1,100,88502,Acceptable PM2.5 AQI & Speciation Mass,702,PM2.5 SCC w/Correction Factor,35620,"New York-Newark-Jersey City, NY-NJ-PA",36,New York,61,New York,40.81976,-73.94825
10/11/2021,AQS,3,5,ug/m3 LC,28,CCNY,1,100,88502,Acceptable PM2.5 AQI & Speciation Mass,702,PM2.5 SCC w/Correction Factor,35620,"New York-Newark-Jersey City, NY-NJ-PA",36,New York,61,New York,40.81976,-73.94825
10/12/2021,AQS,3,6,ug/m3 LC,33,CCNY,1,100,88502,Acceptable PM2.5 AQI & Speciation Mass,702,PM2.5 SCC w/Correction Factor,35620,"New York-Newark-Jersey City, NY-NJ-PA",36,New York,61,New York,40.81976,-73.94825
10/17/2021,AQS,3,2.2,ug/m3 LC,12,CCNY,1,100,88502,Acceptable PM2.5 AQI & Speciation Mass,702,PM2.5 SCC w/Correction Factor,35620,"New York-Newark-Jersey City, NY-NJ-PA",36,New York,61,New York,40.81976,-73.94825
10/18/2021,AQS,3,1.9,ug/m3 LC,11,CCNY,1,100,88502,Acceptable PM2.5 AQI & Speciation Mass,702,PM2.5 SCC w/Correction Factor,35620,"New York-Newark-Jersey City, NY-NJ-PA",36,New York,61,New York,40.81976,-73.94825
10/19/2021,AQS,3,2.9,ug/m3 LC,16,CCNY,1,100,88502,Acceptable PM2.5 AQI & Speciation Mass,702,PM2.5 SCC w/Correction Factor,35620,"New York-Newark-Jersey City, NY-NJ-PA",36,New York,61,New York,40.81976,-73.94825
10/20/2021,AQS,3,7.1,ug/m3 LC,39,CCNY,1,100,88502,Acceptable PM2.5 AQI & Speciation Mass,702,PM2.5 SCC w/Correction Factor,35620,"New York-Newark-Jersey City, NY-NJ-PA",36,New York,61,New York,40.81976,-73.94825
10/21/2021,AQS,3,10.9,ug/m3 LC,54,CCNY,1,100,88502,Acceptable PM2.5 AQI & Speciation Mass,702,PM2.5 SCC w/Correction Factor,35620,"New York-Newark-Jersey City, NY-NJ-PA",36,New York,61,New York,40.81976,-73.94825
10/22/2021,AQS,3,7.1,ug/m3 LC,39,CCNY,1,100,88502,Acceptable PM2.5 AQI & Speciation Mass,702,PM2.5 SCC w/Correction Factor,35620,"New York-Newark-Jersey City, NY-NJ-PA",36,New York,61,New York,40.81976,-73.94825
10/26/2021,AQS,3,0.4,ug/m3 LC,2,CCNY,1,100,88502,Acceptable PM2.5 AQI & Speciation Mass,702,PM2.5 SCC w/Correction Factor,35620,"New York-Newark-Jersey City, NY-NJ-PA",36,New York,61,New York,40.81976,-73.94825
10/29/2021,AQS,3,4.2,ug/m3 LC,23,CCNY,1,100,88502,Acceptable PM2.5 AQI & Speciation Mass,702,PM2.5 SCC w/Correction Factor,35620,"New York-Newark-Jersey City, NY-NJ-PA",36,New York,61,New York,40.81976,-73.94825
10/30/2021,AQS,3,4.5,ug/m3 LC,25,CCNY,1,100,88502,Acceptable PM2.5 AQI & Speciation Mass,702,PM2.5 SCC w/Correction Factor,35620,"New York-Newark-Jersey City, NY-NJ-PA",36,New York,61,New York,40.81976,-73.94825
10/31/2021,AQS,3,4.5,ug/m3 LC,25,CCNY,1,100,88502,Acceptable PM2.5 AQI & Speciation Mass,702,PM2.5 SCC w/Correction Factor,35620,"New York-Newark-Jersey City, NY-NJ-PA",36,New York,61,New York,40.81976,-73.94825
11/01/2021,AQS,3,4.5,ug/m3 LC,25,CCNY,1,100,88502,Acceptable PM2.5 AQI & Speciation Mass,702,PM2.5 SCC w/Correction Factor,35620,"New York-Newark-Jersey City, NY-NJ-PA",36,New York,61,New York,40.81976,-73.94825
11/02/2021,AQS,3,4.7,ug/m3 LC,26,CCNY,1,100,88502,Acceptable PM2.5 AQI & Speciation Mass,702,PM2.5 SCC w/Correction Factor,35620,"New York-Newark-Jersey City, NY-NJ-PA",36,New York,61,New York,40.81976,-73.94825
11/03/2021,AQS,3,4.1,ug/m3 LC,23,CCNY,1,100,88502,Acceptable PM2.5 AQI & Speciation Mass,702,PM2.5 SCC w/Correction Factor,35620,"New York-Newark-Jersey City, NY-NJ-PA",36,New York,61,New York,40.81976,-73.94825
11/04/2021,AQS,3,3.3,ug/m3 LC,18,CCNY,1,100,88502,Acceptable PM2.5 AQI & Speciation Mass,702,PM2.5 SCC w/Correction Factor,35620,"New York-Newark-Jersey City, NY-NJ-PA",36,New York,61,New York,40.81976,-73.94825
11/05/2021,AQS,3,5.2,ug/m3 LC,29,CCNY,1,100,88502,Acceptable PM2.5 AQI & Speciation Mass,702,PM2.5 SCC w/Correction Factor,35620,"New York-Newark-Jersey City, NY-NJ-PA",36,New York,61,New York,40.81976,-73.94825
11/06/2021,AQS,3,6.6,ug/m3 LC,37,CCNY,1,100,88502,Acceptable PM2.5 AQI & Speciation Mass,702,PM2.5 SCC w/Correction Factor,35620,"New York-Newark-Jersey City, NY-NJ-PA",36,New York,61,New York,40.81976,-73.94825
11/07/2021,AQS,3,8.4,ug/m3 LC,47,CCNY,1,100,88502,Acceptable PM2.5 AQI & Speciation Mass,702,PM2.5 SCC w/Correction Factor,35620,"New York-Newark-Jersey City, NY-NJ-PA",36,New York,61,New York,40.81976,-73.94825
11/08/2021,AQS,3,11,ug/m3 LC,55,CCNY,1,100,88502,Acceptable PM2.5 AQI & Speciation Mass,702,PM2.5 SCC w/Correction Factor,35620,"New York-Newark-Jersey City, NY-NJ-PA",36,New York,61,New York,40.81976,-73.94825
11/09/2021,AQS,3,14.8,ug/m3 LC,62,CCNY,1,100,88502,Acceptable PM2.5 AQI & Speciation Mass,702,PM2.5 SCC w/Correction Factor,35620,"New York-Newark-Jersey City, NY-NJ-PA",36,New York,61,New York,40.81976,-73.94825
11/10/2021,AQS,3,11,ug/m3 LC,55,CCNY,1,100,88502,Acceptable PM2.5 AQI & Speciation Mass,702,PM2.5 SCC w/Correction Factor,35620,"New York-Newark-Jersey City, NY-NJ-PA",36,New York,61,New York,40.81976,-73.94825
11/11/2021,AQS,3,7,ug/m3 LC,39,CCNY,1,100,88502,Acceptable PM2.5 AQI & Speciation Mass,702,PM2.5 SCC w/Correction Factor,35620,"New York-Newark-Jersey City, NY-NJ-PA",36,New York,61,New York,40.81976,-73.94825
11/12/2021,AQS,3,5,ug/m3 LC,28,CCNY,1,100,88502,Acceptable PM2.5 AQI & Speciation Mass,702,PM2.5 SCC w/Correction Factor,35620,"New York-Newark-Jersey City, NY-NJ-PA",36,New York,61,New York,40.81976,-73.94825
11/13/2021,AQS,3,5.5,ug/m3 LC,31,CCNY,1,100,88502,Acceptable PM2.5 AQI & Speciation Mass,702,PM2.5 SCC w/Correction Factor,35620,"New York-Newark-Jersey City, NY-NJ-PA",36,New York,61,New York,40.81976,-73.94825
11/14/2021,AQS,3,5.3,ug/m3 LC,29,CCNY,1,100,88502,Acceptable PM2.5 AQI & Speciation Mass,702,PM2.5 SCC w/Correction Factor,35620,"New York-Newark-Jersey City, NY-NJ-PA",36,New York,61,New York,40.81976,-73.94825
11/15/2021,AQS,3,4.2,ug/m3 LC,23,CCNY,1,100,88502,Acceptable PM2.5 AQI & Speciation Mass,702,PM2.5 SCC w/Correction Factor,35620,"New York-Newark-Jersey City, NY-NJ-PA",36,New York,61,New York,40.81976,-73.94825
11/16/2021,AQS,3,5.3,ug/m3 LC,29,CCNY,1,100,88502,Acceptable PM2.5 AQI & Speciation Mass,702,PM2.5 SCC w/Correction Factor,35620,"New York-Newark-Jersey City, NY-NJ-PA",36,New York,61,New York,40.81976,-73.94825
11/17/2021,AQS,3,9.3,ug/m3 LC,51,CCNY,1,100,88502,Acceptable PM2.5 AQI & Speciation Mass,702,PM2.5 SCC w/Correction Factor,35620,"New York-Newark-Jersey City, NY-NJ-PA",36,New York,61,New York,40.81976,-73.94825
11/18/2021,AQS,3,14.5,ug/m3 LC,61,CCNY,1,100,88502,Acceptable PM2.5 AQI & Speciation Mass,702,PM2.5 SCC w/Correction Factor,35620,"New York-Newark-Jersey City, NY-NJ-PA",36,New York,61,New York,40.81976,-73.94825
11/19/2021,AQS,3,3.4,ug/m3 LC,19,CCNY,1,100,88502,Acceptable PM2.5 AQI & Speciation Mass,702,PM2.5 SCC w/Correction Factor,35620,"New York-Newark-Jersey City, NY-NJ-PA",36,New York,61,New York,40.81976,-73.94825
11/20/2021,AQS,3,4.3,ug/m3 LC,24,CCNY,1,100,88502,Acceptable PM2.5 AQI & Speciation Mass,702,PM2.5 SCC w/Correction Factor,35620,"New York-Newark-Jersey City, NY-NJ-PA",36,New York,61,New York,40.81976,-73.94825
11/21/2021,AQS,3,6.1,ug/m3 LC,34,CCNY,1,100,88502,Acceptable PM2.5 AQI & Speciation Mass,702,PM2.5 SCC w/Correction Factor,35620,"New York-Newark-Jersey City, NY-NJ-PA",36,New York,61,New York,40.81976,-73.94825
11/22/2021,AQS,3,4.4,ug/m3 LC,24,CCNY,1,100,88502,Acceptable PM2.5 AQI & Speciation Mass,702,PM2.5 SCC w/Correction Factor,35620,"New York-Newark-Jersey City, NY-NJ-PA",36,New York,61,New York,40.81976,-73.94825
11/23/2021,AQS,3,4.6,ug/m3 LC,26,CCNY,1,100,88502,Acceptable PM2.5 AQI & Speciation Mass,702,PM2.5 SCC w/Correction Factor,35620,"New York-Newark-Jersey City, NY-NJ-PA",36,New York,61,New York,40.81976,-73.94825
11/24/2021,AQS,3,5,ug/m3 LC,28,CCNY,1,100,88502,Acceptable PM2.5 AQI & Speciation Mass,702,PM2.5 SCC w/Correction Factor,35620,"New York-Newark-Jersey City, NY-NJ-PA",36,New York,61,New York,40.81976,-73.94825
11/25/2021,AQS,3,9.2,ug/m3 LC,51,CCNY,1,100,88502,Acceptable PM2.5 AQI & Speciation Mass,702,PM2.5 SCC w/Correction Factor,35620,"New York-Newark-Jersey City, NY-NJ-PA",36,New York,61,New York,40.81976,-73.94825
11/26/2021,AQS,3,7.2,ug/m3 LC,40,CCNY,1,100,88502,Acceptable PM2.5 AQI & Speciation Mass,702,PM2.5 SCC w/Correction Factor,35620,"New York-Newark-Jersey City, NY-NJ-PA",36,New York,61,New York,40.81976,-73.94825
11/27/2021,AQS,3,4.5,ug/m3 LC,25,CCNY,1,100,88502,Acceptable PM2.5 AQI & Speciation Mass,702,PM2.5 SCC w/Correction Factor,35620,"New York-Newark-Jersey City, NY-NJ-PA",36,New York,61,New York,40.81976,-73.94825
11/28/2021,AQS,3,8.8,ug/m3 LC,49,CCNY,1,100,88502,Acceptable PM2.5 AQI & Speciation Mass,702,PM2.5 SCC w/Correction Factor,35620,"New York-Newark-Jersey City, NY-NJ-PA",36,New York,61,New York,40.81976,-73.94825
11/29/2021,AQS,3,7.3,ug/m3 LC,41,CCNY,1,100,88502,Acceptable PM2.5 AQI & Speciation Mass,702,PM2.5 SCC w/Correction Factor,35620,"New York-Newark-Jersey City, NY-NJ-PA",36,New York,61,New York,40.81976,-73.94825
11/30/2021,AQS,3,7.6,ug/m3 LC,42,CCNY,1,100,88502,Acceptable PM2.5 AQI & Speciation Mass,702,PM2.5 SCC w/Correction Factor,35620,"New York-Newark-Jersey City, NY-NJ-PA",36,New York,61,New York,40.81976,-73.94825
12/01/2021,AQS,3,8.5,ug/m3 LC,47,CCNY,1,100,88502,Acceptable PM2.5 AQI & Speciation Mass,702,PM2.5 SCC w/Correction Factor,35620,"New York-Newark-Jersey City, NY-NJ-PA",36,New York,61,New York,40.81976,-73.94825
12/02/2021,AQS,3,10.8,ug/m3 LC,54,CCNY,1,100,88502,Acceptable PM2.5 AQI & Speciation Mass,702,PM2.5 SCC w/Correction Factor,35620,"New York-Newark-Jersey City, NY-NJ-PA",36,New York,61,New York,40.81976,-73.94825
12/03/2021,AQS,3,5.1,ug/m3 LC,28,CCNY,1,100,88502,Acceptable PM2.5 AQI & Speciation Mass,702,PM2.5 SCC w/Correction Factor,35620,"New York-Newark-Jersey City, NY-NJ-PA",36,New York,61,New York,40.81976,-73.94825
12/04/2021,AQS,3,8.2,ug/m3 LC,46,CCNY,1,100,88502,Acceptable PM2.5 AQI & Speciation Mass,702,PM2.5 SCC w/Correction Factor,35620,"New York-Newark-Jersey City, NY-NJ-PA",36,New York,61,New York,40.81976,-73.94825
12/05/2021,AQS,3,6.7,ug/m3 LC,37,CCNY,1,100,88502,Acceptable PM2.5 AQI & Speciation Mass,702,PM2.5 SCC w/Correction Factor,35620,"New York-Newark-Jersey City, NY-NJ-PA",36,New York,61,New York,40.81976,-73.94825
12/06/2021,AQS,3,11.3,ug/m3 LC,55,CCNY,1,100,88502,Acceptable PM2.5 AQI & Speciation Mass,702,PM2.5 SCC w/Correction Factor,35620,"New York-Newark-Jersey City, NY-NJ-PA",36,New York,61,New York,40.81976,-73.94825
12/07/2021,AQS,3,5.9,ug/m3 LC,33,CCNY,1,100,88502,Acceptable PM2.5 AQI & Speciation Mass,702,PM2.5 SCC w/Correction Factor,35620,"New York-Newark-Jersey City, NY-NJ-PA",36,New York,61,New York,40.81976,-73.94825
12/08/2021,AQS,3,7.7,ug/m3 LC,43,CCNY,1,100,88502,Acceptable PM2.5 AQI & Speciation Mass,702,PM2.5 SCC w/Correction Factor,35620,"New York-Newark-Jersey City, NY-NJ-PA",36,New York,61,New York,40.81976,-73.94825
12/09/2021,AQS,3,7.9,ug/m3 LC,44,CCNY,1,100,88502,Acceptable PM2.5 AQI & Speciation Mass,702,PM2.5 SCC w/Correction Factor,35620,"New York-Newark-Jersey City, NY-NJ-PA",36,New York,61,New York,40.81976,-73.94825
12/10/2021,AQS,3,11.9,ug/m3 LC,56,CCNY,1,100,88502,Acceptable PM2.5 AQI & Speciation Mass,702,PM2.5 SCC w/Correction Factor,35620,"New York-Newark-Jersey City, NY-NJ-PA",36,New York,61,New York,40.81976,-73.94825
12/11/2021,AQS,3,9.5,ug/m3 LC,52,CCNY,1,100,88502,Acceptable PM2.5 AQI & Speciation Mass,702,PM2.5 SCC w/Correction Factor,35620,"New York-Newark-Jersey City, NY-NJ-PA",36,New York,61,New York,40.81976,-73.94825
12/12/2021,AQS,3,5.4,ug/m3 LC,30,CCNY,1,100,88502,Acceptable PM2.5 AQI & Speciation Mass,702,PM2.5 SCC w/Correction Factor,35620,"New York-Newark-Jersey City, NY-NJ-PA",36,New York,61,New York,40.81976,-73.94825
12/13/2021,AQS,3,7.7,ug/m3 LC,43,CCNY,1,100,88502,Acceptable PM2.5 AQI & Speciation Mass,702,PM2.5 SCC w/Correction Factor,35620,"New York-Newark-Jersey City, NY-NJ-PA",36,New York,61,New York,40.81976,-73.94825
12/14/2021,AQS,3,8.2,ug/m3 LC,46,CCNY,1,100,88502,Acceptable PM2.5 AQI & Speciation Mass,702,PM2.5 SCC w/Correction Factor,35620,"New York-Newark-Jersey City, NY-NJ-PA",36,New York,61,New York,40.81976,-73.94825
12/15/2021,AQS,3,7.6,ug/m3 LC,42,CCNY,1,100,88502,Acceptable PM2.5 AQI & Speciation Mass,702,PM2.5 SCC w/Correction Factor,35620,"New York-Newark-Jersey City, NY-NJ-PA",36,New York,61,New York,40.81976,-73.94825
12/16/2021,AQS,3,11.1,ug/m3 LC,55,CCNY,1,100,88502,Acceptable PM2.5 AQI & Speciation Mass,702,PM2.5 SCC w/Correction Factor,35620,"New York-Newark-Jersey City, NY-NJ-PA",36,New York,61,New York,40.81976,-73.94825
12/17/2021,AQS,3,8.6,ug/m3 LC,48,CCNY,1,100,88502,Acceptable PM2.5 AQI & Speciation Mass,702,PM2.5 SCC w/Correction Factor,35620,"New York-Newark-Jersey City, NY-NJ-PA",36,New York,61,New York,40.81976,-73.94825
12/18/2021,AQS,3,7.7,ug/m3 LC,43,CCNY,1,100,88502,Acceptable PM2.5 AQI & Speciation Mass,702,PM2.5 SCC w/Correction Factor,35620,"New York-Newark-Jersey City, NY-NJ-PA",36,New York,61,New York,40.81976,-73.94825
12/19/2021,AQS,3,6.4,ug/m3 LC,36,CCNY,1,100,88502,Acceptable PM2.5 AQI & Speciation Mass,702,PM2.5 SCC w/Correction Factor,35620,"New York-Newark-Jersey City, NY-NJ-PA",36,New York,61,New York,40.81976,-73.94825
12/20/2021,AQS,3,6.9,ug/m3 LC,38,CCNY,1,100,88502,Acceptable PM2.5 AQI & Speciation Mass,702,PM2.5 SCC w/Correction Factor,35620,"New York-Newark-Jersey City, NY-NJ-PA",36,New York,61,New York,40.81976,-73.94825
12/21/2021,AQS,3,10.6,ug/m3 LC,54,CCNY,1,100,88502,Acceptable PM2.5 AQI & Speciation Mass,702,PM2.5 SCC w/Correction Factor,35620,"New York-Newark-Jersey City, NY-NJ-PA",36,New York,61,New York,40.81976,-73.94825
12/22/2021,AQS,3,8.8,ug/m3 LC,49,CCNY,1,100,88502,Acceptable PM2.5 AQI & Speciation Mass,702,PM2.5 SCC w/Correction Factor,35620,"New York-Newark-Jersey City, NY-NJ-PA",36,New York,61,New York,40.81976,-73.94825
12/23/2021,AQS,3,7.1,ug/m3 LC,39,CCNY,1,100,88502,Acceptable PM2.5 AQI & Speciation Mass,702,PM2.5 SCC w/Correction Factor,35620,"New York-Newark-Jersey City, NY-NJ-PA",36,New York,61,New York,40.81976,-73.94825
12/24/2021,AQS,3,9.6,ug/m3 LC,52,CCNY,1,100,88502,Acceptable PM2.5 AQI & Speciation Mass,702,PM2.5 SCC w/Correction Factor,35620,"New York-Newark-Jersey City, NY-NJ-PA",36,New York,61,New York,40.81976,-73.94825
12/25/2021,AQS,3,15.2,ug/m3 LC,62,CCNY,1,100,88502,Acceptable PM2.5 AQI & Speciation Mass,702,PM2.5 SCC w/Correction Factor,35620,"New York-Newark-Jersey City, NY-NJ-PA",36,New York,61,New York,40.81976,-73.94825
12/26/2021,AQS,3,7.1,ug/m3 LC,39,CCNY,1,100,88502,Acceptable PM2.5 AQI & Speciation Mass,702,PM2.5 SCC w/Correction Factor,35620,"New York-Newark-Jersey City, NY-NJ-PA",36,New York,61,New York,40.81976,-73.94825
12/27/2021,AQS,3,6.5,ug/m3 LC,36,CCNY,1,100,88502,Acceptable PM2.5 AQI & Speciation Mass,702,PM2.5 SCC w/Correction Factor,35620,"New York-Newark-Jersey City, NY-NJ-PA",36,New York,61,New York,40.81976,-73.94825
12/29/2021,AQS,3,11.2,ug/m3 LC,55,CCNY,1,100,88502,Acceptable PM2.5 AQI & Speciation Mass,702,PM2.5 SCC w/Correction Factor,35620,"New York-Newark-Jersey City, NY-NJ-PA",36,New York,61,New York,40.81976,-73.94825
12/30/2021,AQS,3,12.6,ug/m3 LC,58,CCNY,1,100,88502,Acceptable PM2.5 AQI & Speciation Mass,702,PM2.5 SCC w/Correction Factor,35620,"New York-Newark-Jersey City, NY-NJ-PA",36,New York,61,New York,40.81976,-73.94825
12/31/2021,AQS,3,10.9,ug/m3 LC,54,CCNY,1,100,88502,Acceptable PM2.5 AQI & Speciation Mass,702,PM2.5 SCC w/Correction Factor,35620,"New York-Newark-Jersey City, NY-NJ-PA",36,New York,61,New York,40.81976,-73.94825
01/01/2022,AQS,3,9.4,ug/m3 LC,52,CCNY,1,100,88502,Acceptable PM2.5 AQI & Speciation Mass,702,PM2.5 SCC w/Correction Factor,35620,"New York-Newark-Jersey City, NY-NJ-PA",36,New York,61,New York,40.81976,-73.94825
01/02/2022,AQS,3,8.3,ug/m3 LC,46,CCNY,1,100,88502,Acceptable PM2.5 AQI & Speciation Mass,702,PM2.5 SCC w/Correction Factor,35620,"New York-Newark-Jersey City, NY-NJ-PA",36,New York,61,New York,40.81976,-73.94825
01/03/2022,AQS,3,7.4,ug/m3 LC,41,CCNY,1,100,88502,Acceptable PM2.5 AQI & Speciation Mass,702,PM2.5 SCC w/Correction Factor,35620,"New York-Newark-Jersey City, NY-NJ-PA",36,New York,61,New York,40.81976,-73.94825
01/04/2022,AQS,3,9,ug/m3 LC,50,CCNY,1,100,88502,Acceptable PM2.5 AQI & Speciation Mass,702,PM2.5 SCC w/Correction Factor,35620,"New York-Newark-Jersey City, NY-NJ-PA",36,New York,61,New York,40.81976,-73.94825
01/05/2022,AQS,3,8.7,ug/m3 LC,48,CCNY,1,100,88502,Acceptable PM2.5 AQI & Speciation Mass,702,PM2.5 SCC w/Correction Factor,35620,"New York-Newark-Jersey City, NY-NJ-PA",36,New York,61,New York,40.81976,-73.94825
01/06/2022,AQS,3,11.8,ug/m3 LC,56,CCNY,1,100,88502,Acceptable PM2.5 AQI & Speciation Mass,702,PM2.5 SCC w/Correction Factor,35620,"New York-Newark-Jersey City, NY-NJ-PA",36,New York,61,New York,40.81976,-73.94825
01/07/2022,AQS,3,9.9,ug/m3 LC,52,CCNY,1,100,88502,Acceptable PM2.5 AQI & Speciation Mass,702,PM2.5 SCC w/Correction Factor,35620,"New York-Newark-Jersey City, NY-NJ-PA",36,New York,61,New York,40.81976,-73.94825
01/08/2022,AQS,3,9.7,ug/m3 LC,52,CCNY,1,100,88502,Acceptable PM2.5 AQI & Speciation Mass,702,PM2.5 SCC w/Correction Factor,35620,"New York-Newark-Jersey City, NY-NJ-PA",36,New York,61,New York,40.81976,-73.94825
01/11/2022,AQS,3,9.9,ug/m3 LC,52,CCNY,1,100,88502,Acceptable PM2.5 AQI & Speciation Mass,702,PM2.5 SCC w/Correction Factor,35620,"New York-Newark-Jersey City, NY-NJ-PA",36,New York,61,New York,40.81976,-73.94825
01/12/2022,AQS,3,11,ug/m3 LC,55,CCNY,1,100,88502,Acceptable PM2.5 AQI & Speciation Mass,702,PM2.5 SCC w/Correction Factor,35620,"New York-Newark-Jersey City, NY-NJ-PA",36,New York,61,New York,40.81976,-73.94825
01/13/2022,AQS,3,19.1,ug/m3 LC,70,CCNY,1,100,88502,Acceptable PM2.5 AQI & Speciation Mass,702,PM2.5 SCC w/Correction Factor,35620,"New York-Newark-Jersey City, NY-NJ-PA",36,New York,61,New York,40.81976,-73.94825
01/14/2022,AQS,3,12.8,ug/m3 LC,58,CCNY,1,100,88502,Acceptable PM2.5 AQI & Speciation Mass,702,PM2.5 SCC w/Correction Factor,35620,"New York-Newark-Jersey City, NY-NJ-PA",36,New York,61,New York,40.81976,-73.94825
01/15/2022,AQS,3,10.1,ug/m3 LC,53,CCNY,1,100,88502,Acceptable PM2.5 AQI & Speciation Mass,702,PM2.5 SCC w/Correction Factor,35620,"New York-Newark-Jersey City, NY-NJ-PA",36,New York,61,New York,40.81976,-73.94825
01/16/2022,AQS,3,9,ug/m3 LC,50,CCNY,1,100,88502,Acceptable PM2.5 AQI & Speciation Mass,702,PM2.5 SCC w/Correction Factor,35620,"New York-Newark-Jersey City, NY-NJ-PA",36,New York,61,New York,40.81976,-73.94825
01/19/2022,AQS,3,9.5,ug/m3 LC,52,CCNY,1,100,88502,Acceptable PM2.5 AQI & Speciation Mass,702,PM2.5 SCC w/Correction Factor,35620,"New York-Newark-Jersey City, NY-NJ-PA",36,New York,61,New York,40.81976,-73.94825
01/20/2022,AQS,3,9.2,ug/m3 LC,51,CCNY,1,100,88502,Acceptable PM2.5 AQI & Speciation Mass,702,PM2.5 SCC w/Correction Factor,35620,"New York-Newark-Jersey City, NY-NJ-PA",36,New York,61,New York,40.81976,-73.94825
01/21/2022,AQS,3,8,ug/m3 LC,44,CCNY,1,100,88502,Acceptable PM2.5 AQI & Speciation Mass,702,PM2.5 SCC w/Correction Factor,35620,"New York-Newark-Jersey City, NY-NJ-PA",36,New York,61,New York,40.81976,-73.94825
01/22/2022,AQS,3,8.4,ug/m3 LC,47,CCNY,1,100,88502,Acceptable PM2.5 AQI & Speciation Mass,702,PM2.5 SCC w/Correction Factor,35620,"New York-Newark-Jersey City, NY-NJ-PA",36,New York,61,New York,40.81976,-73.94825
01/23/2022,AQS,3,10.6,ug/m3 LC,54,CCNY,1,100,88502,Acceptable PM2.5 AQI & Speciation Mass,702,PM2.5 SCC w/Correction Factor,35620,"New York-Newark-Jersey City, NY-NJ-PA",36,New York,61,New York,40.81976,-73.94825
01/24/2022,AQS,3,11.5,ug/m3 LC,55,CCNY,1,100,88502,Acceptable PM2.5 AQI & Speciation Mass,702,PM2.5 SCC w/Correction Factor,35620,"New York-Newark-Jersey City, NY-NJ-PA",36,New York,61,New York,40.81976,-73.94825
01/25/2022,AQS,3,13.2,ug/m3 LC,59,CCNY,1,100,88502,Acceptable PM2.5 AQI & Speciation Mass,702,PM2.5 SCC w/Correction Factor,35620,"New York-Newark-Jersey City, NY-NJ-PA",36,New York,61,New York,40.81976,-73.94825
01/26/2022,AQS,3,7,ug/m3 LC,39,CCNY,1,100,88502,Acceptable PM2.5 AQI & Speciation Mass,702,PM2.5 SCC w/Correction Factor,35620,"New York-Newark-Jersey City, NY-NJ-PA",36,New York,61,New York,40.81976,-73.94825
01/27/2022,AQS,3,8.6,ug/m3 LC,48,CCNY,1,100,88502,Acceptable PM2.5 AQI & Speciation Mass,702,PM2.5 SCC w/Correction Factor,35620,"New York-Newark-Jersey City, NY-NJ-PA",36,New York,61,New York,40.81976,-73.94825
01/28/2022,AQS,3,15.9,ug/m3 LC,64,CCNY,1,100,88502,Acceptable PM2.5 AQI & Speciation Mass,702,PM2.5 SCC w/Correction Factor,35620,"New York-Newark-Jersey City, NY-NJ-PA",36,New York,61,New York,40.81976,-73.94825
01/29/2022,AQS,3,8.3,ug/m3 LC,46,CCNY,1,100,88502,Acceptable PM2.5 AQI & Speciation Mass,702,PM2.5 SCC w/Correction Factor,35620,"New York-Newark-Jersey City, NY-NJ-PA",36,New York,61,New York,40.81976,-73.94825
01/30/2022,AQS,3,8.9,ug/m3 LC,49,CCNY,1,100,88502,Acceptable PM2.5 AQI & Speciation Mass,702,PM2.5 SCC w/Correction Factor,35620,"New York-Newark-Jersey City, NY-NJ-PA",36,New York,61,New York,40.81976,-73.94825
01/31/2022,AQS,3,11.7,ug/m3 LC,56,CCNY,1,100,88502,Acceptable PM2.5 AQI & Speciation Mass,702,PM2.5 SCC w/Correction Factor,35620,"New York-Newark-Jersey City, NY-NJ-PA",36,New York,61,New York,40.81976,-73.94825
02/01/2022,AQS,3,11.7,ug/m3 LC,56,CCNY,1,100,88502,Acceptable PM2.5 AQI & Speciation Mass,702,PM2.5 SCC w/Correction Factor,35620,"New York-Newark-Jersey City, NY-NJ-PA",36,New York,61,New York,40.81976,-73.94825
02/02/2022,AQS,3,12.7,ug/m3 LC,58,CCNY,1,100,88502,Acceptable PM2.5 AQI & Speciation Mass,702,PM2.5 SCC w/Correction Factor,35620,"New York-Newark-Jersey City, NY-NJ-PA",36,New York,61,New York,40.81976,-73.94825
02/03/2022,AQS,3,8.1,ug/m3 LC,45,CCNY,1,100,88502,Acceptable PM2.5 AQI & Speciation Mass,702,PM2.5 SCC w/Correction Factor,35620,"New York-Newark-Jersey City, NY-NJ-PA",36,New York,61,New York,40.81976,-73.94825
02/04/2022,AQS,3,5.1,ug/m3 LC,28,CCNY,1,100,88502,Acceptable PM2.5 AQI & Speciation Mass,702,PM2.5 SCC w/Correction Factor,35620,"New York-Newark-Jersey City, NY-NJ-PA",36,New York,61,New York,40.81976,-73.94825
02/05/2022,AQS,3,8.1,ug/m3 LC,45,CCNY,1,100,88502,Acceptable PM2.5 AQI & Speciation Mass,702,PM2.5 SCC w/Correction Factor,35620,"New York-Newark-Jersey City, NY-NJ-PA",36,New York,61,New York,40.81976,-73.94825
02/06/2022,AQS,3,6.7,ug/m3 LC,37,CCNY,1,100,88502,Acceptable PM2.5 AQI & Speciation Mass,702,PM2.5 SCC w/Correction Factor,35620,"New York-Newark-Jersey City, NY-NJ-PA",36,New York,61,New York,40.81976,-73.94825
02/07/2022,AQS,3,9.5,ug/m3 LC,52,CCNY,1,100,88502,Acceptable PM2.5 AQI & Speciation Mass,702,PM2.5 SCC w/Correction Factor,35620,"New York-Newark-Jersey City, NY-NJ-PA",36,New York,61,New York,40.81976,-73.94825
02/08/2022,AQS,3,8.2,ug/m3 LC,46,CCNY,1,100,88502,Acceptable PM2.5 AQI & Speciation Mass,702,PM2.5 SCC w/Correction Factor,35620,"New York-Newark-Jersey City, NY-NJ-PA",36,New York,61,New York,40.81976,-73.94825
02/09/2022,AQS,3,10.6,ug/m3 LC,54,CCNY,1,100,88502,Acceptable PM2.5 AQI & Speciation Mass,702,PM2.5 SCC w/Correction Factor,35620,"New York-Newark-Jersey City, NY-NJ-PA",36,New York,61,New York,40.81976,-73.94825
02/10/2022,AQS,3,8.9,ug/m3 LC,49,CCNY,1,100,88502,Acceptable PM2.5 AQI & Speciation Mass,702,PM2.5 SCC w/Correction Factor,35620,"New York-Newark-Jersey City, NY-NJ-PA",36,New York,61,New York,40.81976,-73.94825
02/11/2022,AQS,3,9.5,ug/m3 LC,52,CCNY,1,100,88502,Acceptable PM2.5 AQI & Speciation Mass,702,PM2.5 SCC w/Correction Factor,35620,"New York-Newark-Jersey City, NY-NJ-PA",36,New York,61,New York,40.81976,-73.94825
02/12/2022,AQS,3,7.9,ug/m3 LC,44,CCNY,1,100,88502,Acceptable PM2.5 AQI & Speciation Mass,702,PM2.5 SCC w/Correction Factor,35620,"New York-Newark-Jersey City, NY-NJ-PA",36,New York,61,New York,40.81976,-73.94825
02/13/2022,AQS,3,4.5,ug/m3 LC,25,CCNY,1,100,88502,Acceptable PM2.5 AQI & Speciation Mass,702,PM2.5 SCC w/Correction Factor,35620,"New York-Newark-Jersey City, NY-NJ-PA",36,New York,61,New York,40.81976,-73.94825
02/14/2022,AQS,3,6.2,ug/m3 LC,34,CCNY,1,100,88502,Acceptable PM2.5 AQI & Speciation Mass,702,PM2.5 SCC w/Correction Factor,35620,"New York-Newark-Jersey City, NY-NJ-PA",36,New York,61,New York,40.81976,-73.94825
02/15/2022,AQS,3,7.4,ug/m3 LC,41,CCNY,1,100,88502,Acceptable PM2.5 AQI & Speciation Mass,702,PM2.5 SCC w/Correction Factor,35620,"New York-Newark-Jersey City, NY-NJ-PA",36,New York,61,New York,40.81976,-73.94825
02/16/2022,AQS,3,6.9,ug/m3 LC,38,CCNY,1,100,88502,Acceptable PM2.5 AQI & Speciation Mass,702,PM2.5 SCC w/Correction Factor,35620,"New York-Newark-Jersey City, NY-NJ-PA",36,New York,61,New York,40.81976,-73.94825
02/17/2022,AQS,3,5.7,ug/m3 LC,32,CCNY,1,100,88502,Acceptable PM2.5 AQI & Speciation Mass,702,PM2.5 SCC w/Correction Factor,35620,"New York-Newark-Jersey City, NY-NJ-PA",36,New York,61,New York,40.81976,-73.94825
02/18/2022,AQS,3,5.7,ug/m3 LC,32,CCNY,1,100,88502,Acceptable PM2.5 AQI & Speciation Mass,702,PM2.5 SCC w/Correction Factor,35620,"New York-Newark-Jersey City, NY-NJ-PA",36,New York,61,New York,40.81976,-73.94825
02/19/2022,AQS,3,6.4,ug/m3 LC,36,CCNY,1,100,88502,Acceptable PM2.5 AQI & Speciation Mass,702,PM2.5 SCC w/Correction Factor,35620,"New York-Newark-Jersey City, NY-NJ-PA",36,New York,61,New York,40.81976,-73.94825
02/20/2022,AQS,3,5.5,ug/m3 LC,31,CCNY,1,100,88502,Acceptable PM2.5 AQI & Speciation Mass,702,PM2.5 SCC w/Correction Factor,35620,"New York-Newark-Jersey City, NY-NJ-PA",36,New York,61,New York,40.81976,-73.94825
02/21/2022,AQS,3,11,ug/m3 LC,55,CCNY,1,100,88502,Acceptable PM2.5 AQI & Speciation Mass,702,PM2.5 SCC w/Correction Factor,35620,"New York-Newark-Jersey City, NY-NJ-PA",36,New York,61,New York,40.81976,-73.94825
02/22/2022,AQS,3,10.7,ug/m3 LC,54,CCNY,1,100,88502,Acceptable PM2.5 AQI & Speciation Mass,702,PM2.5 SCC w/Correction Factor,35620,"New York-Newark-Jersey City, NY-NJ-PA",36,New York,61,New York,40.81976,-73.94825
02/23/2022,AQS,3,8.5,ug/m3 LC,47,CCNY,1,100,88502,Acceptable PM2.5 AQI & Speciation Mass,702,PM2.5 SCC w/Correction Factor,35620,"New York-Newark-Jersey City, NY-NJ-PA",36,New York,61,New York,40.81976,-73.94825
02/24/2022,AQS,3,5.9,ug/m3 LC,33,CCNY,1,100,88502,Acceptable PM2.5 AQI & Speciation Mass,702,PM2.5 SCC w/Correction Factor,35620,"New York-Newark-Jersey City, NY-NJ-PA",36,New York,61,New York,40.81976,-73.94825
02/25/2022,AQS,3,4.9,ug/m3 LC,27,CCNY,1,100,88502,Acceptable PM2.5 AQI & Speciation Mass,702,PM2.5 SCC w/Correction Factor,35620,"New York-Newark-Jersey City, NY-NJ-PA",36,New York,61,New York,40.81976,-73.94825
02/26/2022,AQS,3,5,ug/m3 LC,28,CCNY,1,100,88502,Acceptable PM2.5 AQI & Speciation Mass,702,PM2.5 SCC w/Correction Factor,35620,"New York-Newark-Jersey City, NY-NJ-PA",36,New York,61,New York,40.81976,-73.94825
02/27/2022,AQS,3,6.8,ug/m3 LC,38,CCNY,1,100,88502,Acceptable PM2.5 AQI & Speciation Mass,702,PM2.5 SCC w/Correction Factor,35620,"New York-Newark-Jersey City, NY-NJ-PA",36,New York,61,New York,40.81976,-73.94825
02/28/2022,AQS,3,5.3,ug/m3 LC,29,CCNY,1,100,88502,Acceptable PM2.5 AQI & Speciation Mass,702,PM2.5 SCC w/Correction Factor,35620,"New York-Newark-Jersey City, NY-NJ-PA",36,New York,61,New York,40.81976,-73.94825
03/01/2022,AQS,3,7.2,ug/m3 LC,40,CCNY,1,100,88502,Acceptable PM2.5 AQI & Speciation Mass,702,PM2.5 SCC w/Correction Factor,35620,"New York-Newark-Jersey City, NY-NJ-PA",36,New York,61,New York,40.81976,-73.94825
03/02/2022,AQS,3,9.3,ug/m3 LC,51,CCNY,1,100,88502,Acceptable PM2.5 AQI & Speciation Mass,702,PM2.5 SCC w/Correction Factor,35620,"New York-Newark-Jersey City, NY-NJ-PA",36,New York,61,New York,40.81976,-73.94825
03/03/2022,AQS,3,6.9,ug/m3 LC,38,CCNY,1,100,88502,Acceptable PM2.5 AQI & Speciation Mass,702,PM2.5 SCC w/Correction Factor,35620,"New York-Newark-Jersey City, NY-NJ-PA",36,New York,61,New York,40.81976,-73.94825
03/04/2022,AQS,3,5.7,ug/m3 LC,32,CCNY,1,100,88502,Acceptable PM2.5 AQI & Speciation Mass,702,PM2.5 SCC w/Correction Factor,35620,"New York-Newark-Jersey City, NY-NJ-PA",36,New York,61,New York,40.81976,-73.94825
03/05/2022,AQS,3,8.4,ug/m3 LC,47,CCNY,1,100,88502,Acceptable PM2.5 AQI & Speciation Mass,702,PM2.5 SCC w/Correction Factor,35620,"New York-Newark-Jersey City, NY-NJ-PA",36,New York,61,New York,40.81976,-73.94825
03/06/2022,AQS,3,12.4,ug/m3 LC,57,CCNY,1,100,88502,Acceptable PM2.5 AQI & Speciation Mass,702,PM2.5 SCC w/Correction Factor,35620,"New York-Newark-Jersey City, NY-NJ-PA",36,New York,61,New York,40.81976,-73.94825
03/07/2022,AQS,3,11.2,ug/m3 LC,55,CCNY,1,100,88502,Acceptable PM2.5 AQI & Speciation Mass,702,PM2.5 SCC w/Correction Factor,35620,"New York-Newark-Jersey City, NY-NJ-PA",36,New York,61,New York,40.81976,-73.94825
03/08/2022,AQS,3,4,ug/m3 LC,22,CCNY,1,100,88502,Acceptable PM2.5 AQI & Speciation Mass,702,PM2.5 SCC w/Correction Factor,35620,"New York-Newark-Jersey City, NY-NJ-PA",36,New York,61,New York,40.81976,-73.94825
03/09/2022,AQS,3,4.8,ug/m3 LC,27,CCNY,1,100,88502,Acceptable PM2.5 AQI & Speciation Mass,702,PM2.5 SCC w/Correction Factor,35620,"New York-Newark-Jersey City, NY-NJ-PA",36,New York,61,New York,40.81976,-73.94825
03/10/2022,AQS,3,8.1,ug/m3 LC,45,CCNY,1,100,88502,Acceptable PM2.5 AQI & Speciation Mass,702,PM2.5 SCC w/Correction Factor,35620,"New York-Newark-Jersey City, NY-NJ-PA",36,New York,61,New York,40.81976,-73.94825
03/11/2022,AQS,3,7.2,ug/m3 LC,40,CCNY,1,100,88502,Acceptable PM2.5 AQI & Speciation Mass,702,PM2.5 SCC w/Correction Factor,35620,"New York-Newark-Jersey City, NY-NJ-PA",36,New York,61,New York,40.81976,-73.94825
03/12/2022,AQS,3,3.1,ug/m3 LC,17,CCNY,1,100,88502,Acceptable PM2.5 AQI & Speciation Mass,702,PM2.5 SCC w/Correction Factor,35620,"New York-Newark-Jersey City, NY-NJ-PA",36,New York,61,New York,40.81976,-73.94825
03/13/2022,AQS,3,6.8,ug/m3 LC,38,CCNY,1,100,88502,Acceptable PM2.5 AQI & Speciation Mass,702,PM2.5 SCC w/Correction Factor,35620,"New York-Newark-Jersey City, NY-NJ-PA",36,New York,61,New York,40.81976,-73.94825
03/14/2022,AQS,3,8.3,ug/m3 LC,46,CCNY,1,100,88502,Acceptable PM2.5 AQI & Speciation Mass,702,PM2.5 SCC w/Correction Factor,35620,"New York-Newark-Jersey City, NY-NJ-PA",36,New York,61,New York,40.81976,-73.94825
03/15/2022,AQS,3,9.2,ug/m3 LC,51,CCNY,1,100,88502,Acceptable PM2.5 AQI & Speciation Mass,702,PM2.5 SCC w/Correction Factor,35620,"New York-Newark-Jersey City, NY-NJ-PA",36,New York,61,New York,40.81976,-73.94825
03/16/2022,AQS,3,11.4,ug/m3 LC,55,CCNY,1,100,88502,Acceptable PM2.5 AQI & Speciation Mass,702,PM2.5 SCC w/Correction Factor,35620,"New York-Newark-Jersey City, NY-NJ-PA",36,New York,61,New York,40.81976,-73.94825
03/17/2022,AQS,3,10.3,ug/m3 LC,53,CCNY,1,100,88502,Acceptable PM2.5 AQI & Speciation Mass,702,PM2.5 SCC w/Correction Factor,35620,"New York-Newark-Jersey City, NY-NJ-PA",36,New York,61,New York,40.81976,-73.94825
03/18/2022,AQS,3,8.3,ug/m3 LC,46,CCNY,1,100,88502,Acceptable PM2.5 AQI & Speciation Mass,702,PM2.5 SCC w/Correction Factor,35620,"New York-Newark-Jersey City, NY-NJ-PA",36,New York,61,New York,40.81976,-73.94825
03/19/2022,AQS,3,7.6,ug/m3 LC,42,CCNY,1,100,88502,Acceptable PM2.5 AQI & Speciation Mass,702,PM2.5 SCC w/Correction Factor,35620,"New York-Newark-Jersey City, NY-NJ-PA",36,New York,61,New York,40.81976,-73.94825
03/20/2022,AQS,3,1.6,ug/m3 LC,9,CCNY,1,100,88502,Acceptable PM2.5 AQI & Speciation Mass,702,PM2.5 SCC w/Correction Factor,35620,"New York-Newark-Jersey City, NY-NJ-PA",36,New York,61,New York,40.81976,-73.94825
03/21/2022,AQS,3,3.3,ug/m3 LC,18,CCNY,1,100,88502,Acceptable PM2.5 AQI & Speciation Mass,702,PM2.5 SCC w/Correction Factor,35620,"New York-Newark-Jersey City, NY-NJ-PA",36,New York,61,New York,40.81976,-73.94825
03/22/2022,AQS,3,2.9,ug/m3 LC,16,CCNY,1,100,88502,Acceptable PM2.5 AQI & Speciation Mass,702,PM2.5 SCC w/Correction Factor,35620,"New York-Newark-Jersey City, NY-NJ-PA",36,New York,61,New York,40.81976,-73.94825
03/23/2022,AQS,3,3.5,ug/m3 LC,19,CCNY,1,100,88502,Acceptable PM2.5 AQI & Speciation Mass,702,PM2.5 SCC w/Correction Factor,35620,"New York-Newark-Jersey City, NY-NJ-PA",36,New York,61,New York,40.81976,-73.94825
03/24/2022,AQS,3,2,ug/m3 LC,11,CCNY,1,100,88502,Acceptable PM2.5 AQI & Speciation Mass,702,PM2.5 SCC w/Correction Factor,35620,"New York-Newark-Jersey City, NY-NJ-PA",36,New York,61,New York,40.81976,-73.94825
03/25/2022,AQS,3,3.4,ug/m3 LC,19,CCNY,1,100,88502,Acceptable PM2.5 AQI & Speciation Mass,702,PM2.5 SCC w/Correction Factor,35620,"New York-Newark-Jersey City, NY-NJ-PA",36,New York,61,New York,40.81976,-73.94825
03/26/2022,AQS,3,3.4,ug/m3 LC,19,CCNY,1,100,88502,Acceptable PM2.5 AQI & Speciation Mass,702,PM2.5 SCC w/Correction Factor,35620,"New York-Newark-Jersey City, NY-NJ-PA",36,New York,61,New York,40.81976,-73.94825
03/27/2022,AQS,3,2.3,ug/m3 LC,13,CCNY,1,100,88502,Acceptable PM2.5 AQI & Speciation Mass,702,PM2.5 SCC w/Correction Factor,35620,"New York-Newark-Jersey City, NY-NJ-PA",36,New York,61,New York,40.81976,-73.94825
03/28/2022,AQS,3,3,ug/m3 LC,17,CCNY,1,100,88502,Acceptable PM2.5 AQI & Speciation Mass,702,PM2.5 SCC w/Correction Factor,35620,"New York-Newark-Jersey City, NY-NJ-PA",36,New York,61,New York,40.81976,-73.94825
03/29/2022,AQS,3,4.4,ug/m3 LC,24,CCNY,1,100,88502,Acceptable PM2.5 AQI & Speciation Mass,702,PM2.5 SCC w/Correction Factor,35620,"New York-Newark-Jersey City, NY-NJ-PA",36,New York,61,New York,40.81976,-73.94825
03/30/2022,AQS,3,4.5,ug/m3 LC,25,CCNY,1,100,88502,Acceptable PM2.5 AQI & Speciation Mass,702,PM2.5 SCC w/Correction Factor,35620,"New York-Newark-Jersey City, NY-NJ-PA",36,New York,61,New York,40.81976,-73.94825
03/31/2022,AQS,3,14.6,ug/m3 LC,61,CCNY,1,100,88502,Acceptable PM2.5 AQI & Speciation Mass,702,PM2.5 SCC w/Correction Factor,35620,"New York-Newark-Jersey City, NY-NJ-PA",36,New York,61,New York,40.81976,-73.94825
04/01/2022,AQS,3,3.2,ug/m3 LC,18,CCNY,1,100,88502,Acceptable PM2.5 AQI & Speciation Mass,702,PM2.5 SCC w/Correction Factor,35620,"New York-Newark-Jersey City, NY-NJ-PA",36,New York,61,New York,40.81976,-73.94825
04/02/2022,AQS,3,1.8,ug/m3 LC,10,CCNY,1,100,88502,Acceptable PM2.5 AQI & Speciation Mass,702,PM2.5 SCC w/Correction Factor,35620,"New York-Newark-Jersey City, NY-NJ-PA",36,New York,61,New York,40.81976,-73.94825
04/03/2022,AQS,3,4.5,ug/m3 LC,25,CCNY,1,100,88502,Acceptable PM2.5 AQI & Speciation Mass,702,PM2.5 SCC w/Correction Factor,35620,"New York-Newark-Jersey City, NY-NJ-PA",36,New York,61,New York,40.81976,-73.94825
04/04/2022,AQS,3,3.5,ug/m3 LC,19,CCNY,1,100,88502,Acceptable PM2.5 AQI & Speciation Mass,702,PM2.5 SCC w/Correction Factor,35620,"New York-Newark-Jersey City, NY-NJ-PA",36,New York,61,New York,40.81976,-73.94825
04/05/2022,AQS,3,5.8,ug/m3 LC,32,CCNY,1,100,88502,Acceptable PM2.5 AQI & Speciation Mass,702,PM2.5 SCC w/Correction Factor,35620,"New York-Newark-Jersey City, NY-NJ-PA",36,New York,61,New York,40.81976,-73.94825
04/06/2022,AQS,3,2.4,ug/m3 LC,13,CCNY,1,100,88502,Acceptable PM2.5 AQI & Speciation Mass,702,PM2.5 SCC w/Correction Factor,35620,"New York-Newark-Jersey City, NY-NJ-PA",36,New York,61,New York,40.81976,-73.94825
04/08/2022,AQS,3,3.5,ug/m3 LC,19,CCNY,1,100,88502,Acceptable PM2.5 AQI & Speciation Mass,702,PM2.5 SCC w/Correction Factor,35620,"New York-Newark-Jersey City, NY-NJ-PA",36,New York,61,New York,40.81976,-73.94825
04/09/2022,AQS,3,3.2,ug/m3 LC,18,CCNY,1,100,88502,Acceptable PM2.5 AQI & Speciation Mass,702,PM2.5 SCC w/Correction Factor,35620,"New York-Newark-Jersey City, NY-NJ-PA",36,New York,61,New York,40.81976,-73.94825
04/10/2022,AQS,3,3.9,ug/m3 LC,22,CCNY,1,100,88502,Acceptable PM2.5 AQI & Speciation Mass,702,PM2.5 SCC w/Correction Factor,35620,"New York-Newark-Jersey City, NY-NJ-PA",36,New York,61,New York,40.81976,-73.94825
04/11/2022,AQS,3,4,ug/m3 LC,22,CCNY,1,100,88502,Acceptable PM2.5 AQI & Speciation Mass,702,PM2.5 SCC w/Correction Factor,35620,"New York-Newark-Jersey City, NY-NJ-PA",36,New York,61,New York,40.81976,-73.94825
04/12/2022,AQS,3,6.5,ug/m3 LC,36,CCNY,1,100,88502,Acceptable PM2.5 AQI & Speciation Mass,702,PM2.5 SCC w/Correction Factor,35620,"New York-Newark-Jersey City, NY-NJ-PA",36,New York,61,New York,40.81976,-73.94825
04/13/2022,AQS,3,13.1,ug/m3 LC,58,CCNY,1,100,88502,Acceptable PM2.5 AQI & Speciation Mass,702,PM2.5 SCC w/Correction Factor,35620,"New York-Newark-Jersey City, NY-NJ-PA",36,New York,61,New York,40.81976,-73.94825
04/14/2022,AQS,3,13.9,ug/m3 LC,60,CCNY,1,100,88502,Acceptable PM2.5 AQI & Speciation Mass,702,PM2.5 SCC w/Correction Factor,35620,"New York-Newark-Jersey City, NY-NJ-PA",36,New York,61,New York,40.81976,-73.94825
04/15/2022,AQS,3,2.6,ug/m3 LC,14,CCNY,1,100,88502,Acceptable PM2.5 AQI & Speciation Mass,702,PM2.5 SCC w/Correction Factor,35620,"New York-Newark-Jersey City, NY-NJ-PA",36,New York,61,New York,40.81976,-73.94825
04/16/2022,AQS,3,3.6,ug/m3 LC,20,CCNY,1,100,88502,Acceptable PM2.5 AQI & Speciation Mass,702,PM2.5 SCC w/Correction Factor,35620,"New York-Newark-Jersey City, NY-NJ-PA",36,New York,61,New York,40.81976,-73.94825
04/17/2022,AQS,3,2,ug/m3 LC,11,CCNY,1,100,88502,Acceptable PM2.5 AQI & Speciation Mass,702,PM2.5 SCC w/Correction Factor,35620,"New York-Newark-Jersey City, NY-NJ-PA",36,New York,61,New York,40.81976,-73.94825
04/18/2022,AQS,3,0.4,ug/m3 LC,2,CCNY,1,100,88502,Acceptable PM2.5 AQI & Speciation Mass,702,PM2.5 SCC w/Correction Factor,35620,"New York-Newark-Jersey City, NY-NJ-PA",36,New York,61,New York,40.81976,-73.94825
04/19/2022,AQS,3,2.3,ug/m3 LC,13,CCNY,1,100,88502,Acceptable PM2.5 AQI & Speciation Mass,702,PM2.5 SCC w/Correction Factor,35620,"New York-Newark-Jersey City, NY-NJ-PA",36,New York,61,New York,40.81976,-73.94825
04/20/2022,AQS,3,4.3,ug/m3 LC,24,CCNY,1,100,88502,Acceptable PM2.5 AQI & Speciation Mass,702,PM2.5 SCC w/Correction Factor,35620,"New York-Newark-Jersey City, NY-NJ-PA",36,New York,61,New York,40.81976,-73.94825
04/21/2022,AQS,3,4.9,ug/m3 LC,27,CCNY,1,100,88502,Acceptable PM2.5 AQI & Speciation Mass,702,PM2.5 SCC w/Correction Factor,35620,"New York-Newark-Jersey City, NY-NJ-PA",36,New York,61,New York,40.81976,-73.94825
04/22/2022,AQS,3,4.3,ug/m3 LC,24,CCNY,1,100,88502,Acceptable PM2.5 AQI & Speciation Mass,702,PM2.5 SCC w/Correction Factor,35620,"New York-Newark-Jersey City, NY-NJ-PA",36,New York,61,New York,40.81976,-73.94825
04/23/2022,AQS,3,3,ug/m3 LC,17,CCNY,1,100,88502,Acceptable PM2.5 AQI & Speciation Mass,702,PM2.5 SCC w/Correction Factor,35620,"New York-Newark-Jersey City, NY-NJ-PA",36,New York,61,New York,40.81976,-73.94825
04/24/2022,AQS,3,4.5,ug/m3 LC,25,CCNY,1,100,88502,Acceptable PM2.5 AQI & Speciation Mass,702,PM2.5 SCC w/Correction Factor,35620,"New York-Newark-Jersey City, NY-NJ-PA",36,New York,61,New York,40.81976,-73.94825
04/25/2022,AQS,3,3.4,ug/m3 LC,19,CCNY,1,100,88502,Acceptable PM2.5 AQI & Speciation Mass,702,PM2.5 SCC w/Correction Factor,35620,"New York-Newark-Jersey City, NY-NJ-PA",36,New York,61,New York,40.81976,-73.94825
04/26/2022,AQS,3,4.7,ug/m3 LC,26,CCNY,1,100,88502,Acceptable PM2.5 AQI & Speciation Mass,702,PM2.5 SCC w/Correction Factor,35620,"New York-Newark-Jersey City, NY-NJ-PA",36,New York,61,New York,40.81976,-73.94825
04/27/2022,AQS,3,1.1,ug/m3 LC,6,CCNY,1,100,88502,Acceptable PM2.5 AQI & Speciation Mass,702,PM2.5 SCC w/Correction Factor,35620,"New York-Newark-Jersey City, NY-NJ-PA",36,New York,61,New York,40.81976,-73.94825
04/28/2022,AQS,3,1.9,ug/m3 LC,11,CCNY,1,100,88502,Acceptable PM2.5 AQI & Speciation Mass,702,PM2.5 SCC w/Correction Factor,35620,"New York-Newark-Jersey City, NY-NJ-PA",36,New York,61,New York,40.81976,-73.94825
04/29/2022,AQS,3,2.9,ug/m3 LC,16,CCNY,1,100,88502,Acceptable PM2.5 AQI & Speciation Mass,702,PM2.5 SCC w/Correction Factor,35620,"New York-Newark-Jersey City, NY-NJ-PA",36,New York,61,New York,40.81976,-73.94825
04/30/2022,AQS,3,3.8,ug/m3 LC,21,CCNY,1,100,88502,Acceptable PM2.5 AQI & Speciation Mass,702,PM2.5 SCC w/Correction Factor,35620,"New York-Newark-Jersey City, NY-NJ-PA",36,New York,61,New York,40.81976,-73.94825
05/01/2022,AQS,3,6.3,ug/m3 LC,35,CCNY,1,100,88502,Acceptable PM2.5 AQI & Speciation Mass,702,PM2.5 SCC w/Correction Factor,35620,"New York-Newark-Jersey City, NY-NJ-PA",36,New York,61,New York,40.81976,-73.94825
05/02/2022,AQS,3,5.6,ug/m3 LC,31,CCNY,1,100,88502,Acceptable PM2.5 AQI & Speciation Mass,702,PM2.5 SCC w/Correction Factor,35620,"New York-Newark-Jersey City, NY-NJ-PA",36,New York,61,New York,40.81976,-73.94825
05/03/2022,AQS,3,2.9,ug/m3 LC,16,CCNY,1,100,88502,Acceptable PM2.5 AQI & Speciation Mass,702,PM2.5 SCC w/Correction Factor,35620,"New York-Newark-Jersey City, NY-NJ-PA",36,New York,61,New York,40.81976,-73.94825
05/04/2022,AQS,3,4.5,ug/m3 LC,25,CCNY,1,100,88502,Acceptable PM2.5 AQI & Speciation Mass,702,PM2.5 SCC w/Correction Factor,35620,"New York-Newark-Jersey City, NY-NJ-PA",36,New York,61,New York,40.81976,-73.94825
05/05/2022,AQS,3,2.8,ug/m3 LC,16,CCNY,1,100,88502,Acceptable PM2.5 AQI & Speciation Mass,702,PM2.5 SCC w/Correction Factor,35620,"New York-Newark-Jersey City, NY-NJ-PA",36,New York,61,New York,40.81976,-73.94825
05/06/2022,AQS,3,3.7,ug/m3 LC,21,CCNY,1,100,88502,Acceptable PM2.5 AQI & Speciation Mass,702,PM2.5 SCC w/Correction Factor,35620,"New York-Newark-Jersey City, NY-NJ-PA",36,New York,61,New York,40.81976,-73.94825
05/07/2022,AQS,3,2.9,ug/m3 LC,16,CCNY,1,100,88502,Acceptable PM2.5 AQI & Speciation Mass,702,PM2.5 SCC w/Correction Factor,35620,"New York-Newark-Jersey City, NY-NJ-PA",36,New York,61,New York,40.81976,-73.94825
05/08/2022,AQS,3,2.8,ug/m3 LC,16,CCNY,1,100,88502,Acceptable PM2.5 AQI & Speciation Mass,702,PM2.5 SCC w/Correction Factor,35620,"New York-Newark-Jersey City, NY-NJ-PA",36,New York,61,New York,40.81976,-73.94825
05/09/2022,AQS,3,3.7,ug/m3 LC,21,CCNY,1,100,88502,Acceptable PM2.5 AQI & Speciation Mass,702,PM2.5 SCC w/Correction Factor,35620,"New York-Newark-Jersey City, NY-NJ-PA",36,New York,61,New York,40.81976,-73.94825
05/10/2022,AQS,3,3.7,ug/m3 LC,21,CCNY,1,100,88502,Acceptable PM2.5 AQI & Speciation Mass,702,PM2.5 SCC w/Correction Factor,35620,"New York-Newark-Jersey City, NY-NJ-PA",36,New York,61,New York,40.81976,-73.94825
05/11/2022,AQS,3,8.1,ug/m3 LC,45,CCNY,1,100,88502,Acceptable PM2.5 AQI & Speciation Mass,702,PM2.5 SCC w/Correction Factor,35620,"New York-Newark-Jersey City, NY-NJ-PA",36,New York,61,New York,40.81976,-73.94825
05/12/2022,AQS,3,4.8,ug/m3 LC,27,CCNY,1,100,88502,Acceptable PM2.5 AQI & Speciation Mass,702,PM2.5 SCC w/Correction Factor,35620,"New York-Newark-Jersey City, NY-NJ-PA",36,New York,61,New York,40.81976,-73.94825
05/14/2022,AQS,3,1.8,ug/m3 LC,10,CCNY,1,100,88502,Acceptable PM2.5 AQI & Speciation Mass,702,PM2.5 SCC w/Correction Factor,35620,"New York-Newark-Jersey City, NY-NJ-PA",36,New York,61,New York,40.81976,-73.94825
05/15/2022,AQS,3,2.8,ug/m3 LC,16,CCNY,1,100,88502,Acceptable PM2.5 AQI & Speciation Mass,702,PM2.5 SCC w/Correction Factor,35620,"New York-Newark-Jersey City, NY-NJ-PA",36,New York,61,New York,40.81976,-73.94825
05/16/2022,AQS,3,5.1,ug/m3 LC,28,CCNY,1,100,88502,Acceptable PM2.5 AQI & Speciation Mass,702,PM2.5 SCC w/Correction Factor,35620,"New York-Newark-Jersey City, NY-NJ-PA",36,New York,61,New York,40.81976,-73.94825
05/17/2022,AQS,3,2.4,ug/m3 LC,13,CCNY,1,100,88502,Acceptable PM2.5 AQI & Speciation Mass,702,PM2.5 SCC w/Correction Factor,35620,"New York-Newark-Jersey City, NY-NJ-PA",36,New York,61,New York,40.81976,-73.94825
05/18/2022,AQS,3,2,ug/m3 LC,11,CCNY,1,100,88502,Acceptable PM2.5 AQI & Speciation Mass,702,PM2.5 SCC w/Correction Factor,35620,"New York-Newark-Jersey City, NY-NJ-PA",36,New York,61,New York,40.81976,-73.94825
05/19/2022,AQS,3,4.9,ug/m3 LC,27,CCNY,1,100,88502,Acceptable PM2.5 AQI & Speciation Mass,702,PM2.5 SCC w/Correction Factor,35620,"New York-Newark-Jersey City, NY-NJ-PA",36,New York,61,New York,40.81976,-73.94825
05/20/2022,AQS,3,8.8,ug/m3 LC,49,CCNY,1,100,88502,Acceptable PM2.5 AQI & Speciation Mass,702,PM2.5 SCC w/Correction Factor,35620,"New York-Newark-Jersey City, NY-NJ-PA",36,New York,61,New York,40.81976,-73.94825
05/21/2022,AQS,3,13.3,ug/m3 LC,59,CCNY,1,100,88502,Acceptable PM2.5 AQI & Speciation Mass,702,PM2.5 SCC w/Correction Factor,35620,"New York-Newark-Jersey City, NY-NJ-PA",36,New York,61,New York,40.81976,-73.94825
05/22/2022,AQS,3,11.3,ug/m3 LC,55,CCNY,1,100,88502,Acceptable PM2.5 AQI & Speciation Mass,702,PM2.5 SCC w/Correction Factor,35620,"New York-Newark-Jersey City, NY-NJ-PA",36,New York,61,New York,40.81976,-73.94825
05/23/2022,AQS,3,-1.2,ug/m3 LC,0,CCNY,1,100,88502,Acceptable PM2.5 AQI & Speciation Mass,702,PM2.5 SCC w/Correction Factor,35620,"New York-Newark-Jersey City, NY-NJ-PA",36,New York,61,New York,40.81976,-73.94825
05/24/2022,AQS,3,1.6,ug/m3 LC,9,CCNY,1,100,88502,Acceptable PM2.5 AQI & Speciation Mass,702,PM2.5 SCC w/Correction Factor,35620,"New York-Newark-Jersey City, NY-NJ-PA",36,New York,61,New York,40.81976,-73.94825
05/25/2022,AQS,3,1.9,ug/m3 LC,11,CCNY,1,100,88502,Acceptable PM2.5 AQI & Speciation Mass,702,PM2.5 SCC w/Correction Factor,35620,"New York-Newark-Jersey City, NY-NJ-PA",36,New York,61,New York,40.81976,-73.94825
05/26/2022,AQS,3,2.8,ug/m3 LC,16,CCNY,1,100,88502,Acceptable PM2.5 AQI & Speciation Mass,702,PM2.5 SCC w/Correction Factor,35620,"New York-Newark-Jersey City, NY-NJ-PA",36,New York,61,New York,40.81976,-73.94825
05/27/2022,AQS,3,4.2,ug/m3 LC,23,CCNY,1,100,88502,Acceptable PM2.5 AQI & Speciation Mass,702,PM2.5 SCC w/Correction Factor,35620,"New York-Newark-Jersey City, NY-NJ-PA",36,New York,61,New York,40.81976,-73.94825
05/28/2022,AQS,3,2.8,ug/m3 LC,16,CCNY,1,100,88502,Acceptable PM2.5 AQI & Speciation Mass,702,PM2.5 SCC w/Correction Factor,35620,"New York-Newark-Jersey City, NY-NJ-PA",36,New York,61,New York,40.81976,-73.94825
05/29/2022,AQS,3,6.2,ug/m3 LC,34,CCNY,1,100,88502,Acceptable PM2.5 AQI & Speciation Mass,702,PM2.5 SCC w/Correction Factor,35620,"New York-Newark-Jersey City, NY-NJ-PA",36,New York,61,New York,40.81976,-73.94825
05/30/2022,AQS,3,10.4,ug/m3 LC,53,CCNY,1,100,88502,Acceptable PM2.5 AQI & Speciation Mass,702,PM2.5 SCC w/Correction Factor,35620,"New York-Newark-Jersey City, NY-NJ-PA",36,New York,61,New York,40.81976,-73.94825
06/01/2022,AQS,3,2.4,ug/m3 LC,13,CCNY,1,100,88502,Acceptable PM2.5 AQI & Speciation Mass,702,PM2.5 SCC w/Correction Factor,35620,"New York-Newark-Jersey City, NY-NJ-PA",36,New York,61,New York,40.81976,-73.94825
06/02/2022,AQS,3,4.3,ug/m3 LC,24,CCNY,1,100,88502,Acceptable PM2.5 AQI & Speciation Mass,702,PM2.5 SCC w/Correction Factor,35620,"New York-Newark-Jersey City, NY-NJ-PA",36,New York,61,New York,40.81976,-73.94825
06/03/2022,AQS,3,5.1,ug/m3 LC,28,CCNY,1,100,88502,Acceptable PM2.5 AQI & Speciation Mass,702,PM2.5 SCC w/Correction Factor,35620,"New York-Newark-Jersey City, NY-NJ-PA",36,New York,61,New York,40.81976,-73.94825
06/04/2022,AQS,3,4.4,ug/m3 LC,24,CCNY,1,100,88502,Acceptable PM2.5 AQI & Speciation Mass,702,PM2.5 SCC w/Correction Factor,35620,"New York-Newark-Jersey City, NY-NJ-PA",36,New York,61,New York,40.81976,-73.94825
06/05/2022,AQS,3,1.9,ug/m3 LC,11,CCNY,1,100,88502,Acceptable PM2.5 AQI & Speciation Mass,702,PM2.5 SCC w/Correction Factor,35620,"New York-Newark-Jersey City, NY-NJ-PA",36,New York,61,New York,40.81976,-73.94825
06/06/2022,AQS,3,5,ug/m3 LC,28,CCNY,1,100,88502,Acceptable PM2.5 AQI & Speciation Mass,702,PM2.5 SCC w/Correction Factor,35620,"New York-Newark-Jersey City, NY-NJ-PA",36,New York,61,New York,40.81976,-73.94825
06/07/2022,AQS,3,2.7,ug/m3 LC,15,CCNY,1,100,88502,Acceptable PM2.5 AQI & Speciation Mass,702,PM2.5 SCC w/Correction Factor,35620,"New York-Newark-Jersey City, NY-NJ-PA",36,New York,61,New York,40.81976,-73.94825
06/08/2022,AQS,3,4.8,ug/m3 LC,27,CCNY,1,100,88502,Acceptable PM2.5 AQI & Speciation Mass,702,PM2.5 SCC w/Correction Factor,35620,"New York-Newark-Jersey City, NY-NJ-PA",36,New York,61,New York,40.81976,-73.94825
06/09/2022,AQS,3,0.9,ug/m3 LC,5,CCNY,1,100,88502,Acceptable PM2.5 AQI & Speciation Mass,702,PM2.5 SCC w/Correction Factor,35620,"New York-Newark-Jersey City, NY-NJ-PA",36,New York,61,New York,40.81976,-73.94825
06/10/2022,AQS,3,2.1,ug/m3 LC,12,CCNY,1,100,88502,Acceptable PM2.5 AQI & Speciation Mass,702,PM2.5 SCC w/Correction Factor,35620,"New York-Newark-Jersey City, NY-NJ-PA",36,New York,61,New York,40.81976,-73.94825
06/11/2022,AQS,3,4.8,ug/m3 LC,27,CCNY,1,100,88502,Acceptable PM2.5 AQI & Speciation Mass,702,PM2.5 SCC w/Correction Factor,35620,"New York-Newark-Jersey City, NY-NJ-PA",36,New York,61,New York,40.81976,-73.94825
06/12/2022,AQS,3,5.1,ug/m3 LC,28,CCNY,1,100,88502,Acceptable PM2.5 AQI & Speciation Mass,702,PM2.5 SCC w/Correction Factor,35620,"New York-Newark-Jersey City, NY-NJ-PA",36,New York,61,New York,40.81976,-73.94825
06/13/2022,AQS,3,6.1,ug/m3 LC,34,CCNY,1,100,88502,Acceptable PM2.5 AQI & Speciation Mass,702,PM2.5 SCC w/Correction Factor,35620,"New York-Newark-Jersey City, NY-NJ-PA",36,New York,61,New York,40.81976,-73.94825
06/14/2022,AQS,3,2.9,ug/m3 LC,16,CCNY,1,100,88502,Acceptable PM2.5 AQI & Speciation Mass,702,PM2.5 SCC w/Correction Factor,35620,"New York-Newark-Jersey City, NY-NJ-PA",36,New York,61,New York,40.81976,-73.94825
06/15/2022,AQS,3,2.8,ug/m3 LC,16,CCNY,1,100,88502,Acceptable PM2.5 AQI & Speciation Mass,702,PM2.5 SCC w/Correction Factor,35620,"New York-Newark-Jersey City, NY-NJ-PA",36,New York,61,New York,40.81976,-73.94825
06/16/2022,AQS,3,0.1,ug/m3 LC,1,CCNY,1,100,88502,Acceptable PM2.5 AQI & Speciation Mass,702,PM2.5 SCC w/Correction Factor,35620,"New York-Newark-Jersey City, NY-NJ-PA",36,New York,61,New York,40.81976,-73.94825
06/17/2022,AQS,3,4.7,ug/m3 LC,26,CCNY,1,100,88502,Acceptable PM2.5 AQI & Speciation Mass,702,PM2.5 SCC w/Correction Factor,35620,"New York-Newark-Jersey City, NY-NJ-PA",36,New York,61,New York,40.81976,-73.94825
06/18/2022,AQS,3,0.2,ug/m3 LC,1,CCNY,1,100,88502,Acceptable PM2.5 AQI & Speciation Mass,702,PM2.5 SCC w/Correction Factor,35620,"New York-Newark-Jersey City, NY-NJ-PA",36,New York,61,New York,40.81976,-73.94825
06/19/2022,AQS,3,0.8,ug/m3 LC,4,CCNY,1,100,88502,Acceptable PM2.5 AQI & Speciation Mass,702,PM2.5 SCC w/Correction Factor,35620,"New York-Newark-Jersey City, NY-NJ-PA",36,New York,61,New York,40.81976,-73.94825
06/20/2022,AQS,3,4.3,ug/m3 LC,24,CCNY,1,100,88502,Acceptable PM2.5 AQI & Speciation Mass,702,PM2.5 SCC w/Correction Factor,35620,"New York-Newark-Jersey City, NY-NJ-PA",36,New York,61,New York,40.81976,-73.94825
06/21/2022,AQS,3,11.7,ug/m3 LC,56,CCNY,1,100,88502,Acceptable PM2.5 AQI & Speciation Mass,702,PM2.5 SCC w/Correction Factor,35620,"New York-Newark-Jersey City, NY-NJ-PA",36,New York,61,New York,40.81976,-73.94825
06/22/2022,AQS,3,4.9,ug/m3 LC,27,CCNY,1,100,88502,Acceptable PM2.5 AQI & Speciation Mass,702,PM2.5 SCC w/Correction Factor,35620,"New York-Newark-Jersey City, NY-NJ-PA",36,New York,61,New York,40.81976,-73.94825
06/23/2022,AQS,3,3.3,ug/m3 LC,18,CCNY,1,100,88502,Acceptable PM2.5 AQI & Speciation Mass,702,PM2.5 SCC w/Correction Factor,35620,"New York-Newark-Jersey City, NY-NJ-PA",36,New York,61,New York,40.81976,-73.94825
06/24/2022,AQS,3,5.2,ug/m3 LC,29,CCNY,1,100,88502,Acceptable PM2.5 AQI & Speciation Mass,702,PM2.5 SCC w/Correction Factor,35620,"New York-Newark-Jersey City, NY-NJ-PA",36,New York,61,New York,40.81976,-73.94825
06/25/2022,AQS,3,8.1,ug/m3 LC,45,CCNY,1,100,88502,Acceptable PM2.5 AQI & Speciation Mass,702,PM2.5 SCC w/Correction Factor,35620,"New York-Newark-Jersey City, NY-NJ-PA",36,New York,61,New York,40.81976,-73.94825
06/26/2022,AQS,3,7.7,ug/m3 LC,43,CCNY,1,100,88502,Acceptable PM2.5 AQI & Speciation Mass,702,PM2.5 SCC w/Correction Factor,35620,"New York-Newark-Jersey City, NY-NJ-PA",36,New York,61,New York,40.81976,-73.94825
06/27/2022,AQS,3,4.6,ug/m3 LC,26,CCNY,1,100,88502,Acceptable PM2.5 AQI & Speciation Mass,702,PM2.5 SCC w/Correction Factor,35620,"New York-Newark-Jersey City, NY-NJ-PA",36,New York,61,New York,40.81976,-73.94825
06/28/2022,AQS,3,1.2,ug/m3 LC,7,CCNY,1,100,88502,Acceptable PM2.5 AQI & Speciation Mass,702,PM2.5 SCC w/Correction Factor,35620,"New York-Newark-Jersey City, NY-NJ-PA",36,New York,61,New York,40.81976,-73.94825
06/29/2022,AQS,3,5.8,ug/m3 LC,32,CCNY,1,100,88502,Acceptable PM2.5 AQI & Speciation Mass,702,PM2.5 SCC w/Correction Factor,35620,"New York-Newark-Jersey City, NY-NJ-PA",36,New York,61,New York,40.81976,-73.94825
06/30/2022,AQS,3,7.7,ug/m3 LC,43,CCNY,1,100,88502,Acceptable PM2.5 AQI & Speciation Mass,702,PM2.5 SCC w/Correction Factor,35620,"New York-Newark-Jersey City, NY-NJ-PA",36,New York,61,New York,40.81976,-73.94825
07/01/2022,AQS,3,10.8,ug/m3 LC,54,CCNY,1,100,88502,Acceptable PM2.5 AQI & Speciation Mass,702,PM2.5 SCC w/Correction Factor,35620,"New York-Newark-Jersey City, NY-NJ-PA",36,New York,61,New York,40.81976,-73.94825
07/02/2022,AQS,3,4.7,ug/m3 LC,26,CCNY,1,100,88502,Acceptable PM2.5 AQI & Speciation Mass,702,PM2.5 SCC w/Correction Factor,35620,"New York-Newark-Jersey City, NY-NJ-PA",36,New York,61,New York,40.81976,-73.94825
07/03/2022,AQS,3,3.1,ug/m3 LC,17,CCNY,1,100,88502,Acceptable PM2.5 AQI & Speciation Mass,702,PM2.5 SCC w/Correction Factor,35620,"New York-Newark-Jersey City, NY-NJ-PA",36,New York,61,New York,40.81976,-73.94825
07/04/2022,AQS,3,11.4,ug/m3 LC,55,CCNY,1,100,88502,Acceptable PM2.5 AQI & Speciation Mass,702,PM2.5 SCC w/Correction Factor,35620,"New York-Newark-Jersey City, NY-NJ-PA",36,New York,61,New York,40.81976,-73.94825
07/05/2022,AQS,3,11.1,ug/m3 LC,55,CCNY,1,100,88502,Acceptable PM2.5 AQI & Speciation Mass,702,PM2.5 SCC w/Correction Factor,35620,"New York-Newark-Jersey City, NY-NJ-PA",36,New York,61,New York,40.81976,-73.94825
07/06/2022,AQS,3,2.6,ug/m3 LC,14,CCNY,1,100,88502,Acceptable PM2.5 AQI & Speciation Mass,702,PM2.5 SCC w/Correction Factor,35620,"New York-Newark-Jersey City, NY-NJ-PA",36,New York,61,New York,40.81976,-73.94825
07/07/2022,AQS,3,1.4,ug/m3 LC,8,CCNY,1,100,88502,Acceptable PM2.5 AQI & Speciation Mass,702,PM2.5 SCC w/Correction Factor,35620,"New York-Newark-Jersey City, NY-NJ-PA",36,New York,61,New York,40.81976,-73.94825
07/08/2022,AQS,3,5.2,ug/m3 LC,29,CCNY,1,100,88502,Acceptable PM2.5 AQI & Speciation Mass,702,PM2.5 SCC w/Correction Factor,35620,"New York-Newark-Jersey City, NY-NJ-PA",36,New York,61,New York,40.81976,-73.94825
07/09/2022,AQS,3,4.2,ug/m3 LC,23,CCNY,1,100,88502,Acceptable PM2.5 AQI & Speciation Mass,702,PM2.5 SCC w/Correction Factor,35620,"New York-Newark-Jersey City, NY-NJ-PA",36,New York,61,New York,40.81976,-73.94825
07/10/2022,AQS,3,2.2,ug/m3 LC,12,CCNY,1,100,88502,Acceptable PM2.5 AQI & Speciation Mass,702,PM2.5 SCC w/Correction Factor,35620,"New York-Newark-Jersey City, NY-NJ-PA",36,New York,61,New York,40.81976,-73.94825
07/11/2022,AQS,3,3.3,ug/m3 LC,18,CCNY,1,100,88502,Acceptable PM2.5 AQI & Speciation Mass,702,PM2.5 SCC w/Correction Factor,35620,"New York-Newark-Jersey City, NY-NJ-PA",36,New York,61,New York,40.81976,-73.94825
07/12/2022,AQS,3,7.3,ug/m3 LC,41,CCNY,1,100,88502,Acceptable PM2.5 AQI & Speciation Mass,702,PM2.5 SCC w/Correction Factor,35620,"New York-Newark-Jersey City, NY-NJ-PA",36,New York,61,New York,40.81976,-73.94825
07/13/2022,AQS,3,5.8,ug/m3 LC,32,CCNY,1,100,88502,Acceptable PM2.5 AQI & Speciation Mass,702,PM2.5 SCC w/Correction Factor,35620,"New York-Newark-Jersey City, NY-NJ-PA",36,New York,61,New York,40.81976,-73.94825
07/14/2022,AQS,3,4,ug/m3 LC,22,CCNY,1,100,88502,Acceptable PM2.5 AQI & Speciation Mass,702,PM2.5 SCC w/Correction Factor,35620,"New York-Newark-Jersey City, NY-NJ-PA",36,New York,61,New York,40.81976,-73.94825
07/15/2022,AQS,3,4.6,ug/m3 LC,26,CCNY,1,100,88502,Acceptable PM2.5 AQI & Speciation Mass,702,PM2.5 SCC w/Correction Factor,35620,"New York-Newark-Jersey City, NY-NJ-PA",36,New York,61,New York,40.81976,-73.94825
07/16/2022,AQS,3,6.8,ug/m3 LC,38,CCNY,1,100,88502,Acceptable PM2.5 AQI & Speciation Mass,702,PM2.5 SCC w/Correction Factor,35620,"New York-Newark-Jersey City, NY-NJ-PA",36,New York,61,New York,40.81976,-73.94825
07/17/2022,AQS,3,7,ug/m3 LC,39,CCNY,1,100,88502,Acceptable PM2.5 AQI & Speciation Mass,702,PM2.5 SCC w/Correction Factor,35620,"New York-Newark-Jersey City, NY-NJ-PA",36,New York,61,New York,40.81976,-73.94825
07/18/2022,AQS,3,6.8,ug/m3 LC,38,CCNY,1,100,88502,Acceptable PM2.5 AQI & Speciation Mass,702,PM2.5 SCC w/Correction Factor,35620,"New York-Newark-Jersey City, NY-NJ-PA",36,New York,61,New York,40.81976,-73.94825
07/19/2022,AQS,3,5.8,ug/m3 LC,32,CCNY,1,100,88502,Acceptable PM2.5 AQI & Speciation Mass,702,PM2.5 SCC w/Correction Factor,35620,"New York-Newark-Jersey City, NY-NJ-PA",36,New York,61,New York,40.81976,-73.94825
07/20/2022,AQS,3,13.7,ug/m3 LC,60,CCNY,1,100,88502,Acceptable PM2.5 AQI & Speciation Mass,702,PM2.5 SCC w/Correction Factor,35620,"New York-Newark-Jersey City, NY-NJ-PA",36,New York,61,New York,40.81976,-73.94825
07/21/2022,AQS,3,15.8,ug/m3 LC,63,CCNY,1,100,88502,Acceptable PM2.5 AQI & Speciation Mass,702,PM2.5 SCC w/Correction Factor,35620,"New York-Newark-Jersey City, NY-NJ-PA",36,New York,61,New York,40.81976,-73.94825
07/22/2022,AQS,3,8,ug/m3 LC,44,CCNY,1,100,88502,Acceptable PM2.5 AQI & Speciation Mass,702,PM2.5 SCC w/Correction Factor,35620,"New York-Newark-Jersey City, NY-NJ-PA",36,New York,61,New York,40.81976,-73.94825
07/23/2022,AQS,3,10.2,ug/m3 LC,53,CCNY,1,100,88502,Acceptable PM2.5 AQI & Speciation Mass,702,PM2.5 SCC w/Correction Factor,35620,"New York-Newark-Jersey City, NY-NJ-PA",36,New York,61,New York,40.81976,-73.94825
07/24/2022,AQS,3,7.9,ug/m3 LC,44,CCNY,1,100,88502,Acceptable PM2.5 AQI & Speciation Mass,702,PM2.5 SCC w/Correction Factor,35620,"New York-Newark-Jersey City, NY-NJ-PA",36,New York,61,New York,40.81976,-73.94825
07/25/2022,AQS,3,8.6,ug/m3 LC,48,CCNY,1,100,88502,Acceptable PM2.5 AQI & Speciation Mass,702,PM2.5 SCC w/Correction Factor,35620,"New York-Newark-Jersey City, NY-NJ-PA",36,New York,61,New York,40.81976,-73.94825
07/26/2022,AQS,3,1.4,ug/m3 LC,8,CCNY,1,100,88502,Acceptable PM2.5 AQI & Speciation Mass,702,PM2.5 SCC w/Correction Factor,35620,"New York-Newark-Jersey City, NY-NJ-PA",36,New York,61,New York,40.81976,-73.94825
07/27/2022,AQS,3,6.1,ug/m3 LC,34,CCNY,1,100,88502,Acceptable PM2.5 AQI & Speciation Mass,702,PM2.5 SCC w/Correction Factor,35620,"New York-Newark-Jersey City, NY-NJ-PA",36,New York,61,New York,40.81976,-73.94825
07/28/2022,AQS,3,7.5,ug/m3 LC,42,CCNY,1,100,88502,Acceptable PM2.5 AQI & Speciation Mass,702,PM2.5 SCC w/Correction Factor,35620,"New York-Newark-Jersey City, NY-NJ-PA",36,New York,61,New York,40.81976,-73.94825
07/29/2022,AQS,3,5.8,ug/m3 LC,32,CCNY,1,100,88502,Acceptable PM2.5 AQI & Speciation Mass,702,PM2.5 SCC w/Correction Factor,35620,"New York-Newark-Jersey City, NY-NJ-PA",36,New York,61,New York,40.81976,-73.94825
07/30/2022,AQS,3,2.7,ug/m3 LC,15,CCNY,1,100,88502,Acceptable PM2.5 AQI & Speciation Mass,702,PM2.5 SCC w/Correction Factor,35620,"New York-Newark-Jersey City, NY-NJ-PA",36,New York,61,New York,40.81976,-73.94825
07/31/2022,AQS,3,3.2,ug/m3 LC,18,CCNY,1,100,88502,Acceptable PM2.5 AQI & Speciation Mass,702,PM2.5 SCC w/Correction Factor,35620,"New York-Newark-Jersey City, NY-NJ-PA",36,New York,61,New York,40.81976,-73.94825
08/01/2022,AQS,3,5.1,ug/m3 LC,28,CCNY,1,100,88502,Acceptable PM2.5 AQI & Speciation Mass,702,PM2.5 SCC w/Correction Factor,35620,"New York-Newark-Jersey City, NY-NJ-PA",36,New York,61,New York,40.81976,-73.94825
09/01/2022,AQS,3,3.4,ug/m3 LC,19,CCNY,1,100,88502,Acceptable PM2.5 AQI & Speciation Mass,702,PM2.5 SCC w/Correction Factor,35620,"New York-Newark-Jersey City, NY-NJ-PA",36,New York,61,New York,40.81976,-73.94825
09/02/2022,AQS,3,1.1,ug/m3 LC,6,CCNY,1,100,88502,Acceptable PM2.5 AQI & Speciation Mass,702,PM2.5 SCC w/Correction Factor,35620,"New York-Newark-Jersey City, NY-NJ-PA",36,New York,61,New York,40.81976,-73.94825
09/03/2022,AQS,3,1.1,ug/m3 LC,6,CCNY,1,100,88502,Acceptable PM2.5 AQI & Speciation Mass,702,PM2.5 SCC w/Correction Factor,35620,"New York-Newark-Jersey City, NY-NJ-PA",36,New York,61,New York,40.81976,-73.94825
09/04/2022,AQS,3,5.1,ug/m3 LC,28,CCNY,1,100,88502,Acceptable PM2.5 AQI & Speciation Mass,702,PM2.5 SCC w/Correction Factor,35620,"New York-Newark-Jersey City, NY-NJ-PA",36,New York,61,New York,40.81976,-73.94825
09/05/2022,AQS,3,7.1,ug/m3 LC,39,CCNY,1,100,88502,Acceptable PM2.5 AQI & Speciation Mass,702,PM2.5 SCC w/Correction Factor,35620,"New York-Newark-Jersey City, NY-NJ-PA",36,New York,61,New York,40.81976,-73.94825
09/06/2022,AQS,3,2.8,ug/m3 LC,16,CCNY,1,100,88502,Acceptable PM2.5 AQI & Speciation Mass,702,PM2.5 SCC w/Correction Factor,35620,"New York-Newark-Jersey City, NY-NJ-PA",36,New York,61,New York,40.81976,-73.94825
09/07/2022,AQS,3,1.1,ug/m3 LC,6,CCNY,1,100,88502,Acceptable PM2.5 AQI & Speciation Mass,702,PM2.5 SCC w/Correction Factor,35620,"New York-Newark-Jersey City, NY-NJ-PA",36,New York,61,New York,40.81976,-73.94825
09/08/2022,AQS,3,2.5,ug/m3 LC,14,CCNY,1,100,88502,Acceptable PM2.5 AQI & Speciation Mass,702,PM2.5 SCC w/Correction Factor,35620,"New York-Newark-Jersey City, NY-NJ-PA",36,New York,61,New York,40.81976,-73.94825
09/09/2022,AQS,3,4.5,ug/m3 LC,25,CCNY,1,100,88502,Acceptable PM2.5 AQI & Speciation Mass,702,PM2.5 SCC w/Correction Factor,35620,"New York-Newark-Jersey City, NY-NJ-PA",36,New York,61,New York,40.81976,-73.94825
09/10/2022,AQS,3,5.9,ug/m3 LC,33,CCNY,1,100,88502,Acceptable PM2.5 AQI & Speciation Mass,702,PM2.5 SCC w/Correction Factor,35620,"New York-Newark-Jersey City, NY-NJ-PA",36,New York,61,New York,40.81976,-73.94825
09/11/2022,AQS,3,4.7,ug/m3 LC,26,CCNY,1,100,88502,Acceptable PM2.5 AQI & Speciation Mass,702,PM2.5 SCC w/Correction Factor,35620,"New York-Newark-Jersey City, NY-NJ-PA",36,New York,61,New York,40.81976,-73.94825
09/12/2022,AQS,3,3.5,ug/m3 LC,19,CCNY,1,100,88502,Acceptable PM2.5 AQI & Speciation Mass,702,PM2.5 SCC w/Correction Factor,35620,"New York-Newark-Jersey City, NY-NJ-PA",36,New York,61,New York,40.81976,-73.94825
09/13/2022,AQS,3,3.6,ug/m3 LC,20,CCNY,1,100,88502,Acceptable PM2.5 AQI & Speciation Mass,702,PM2.5 SCC w/Correction Factor,35620,"New York-Newark-Jersey City, NY-NJ-PA",36,New York,61,New York,40.81976,-73.94825
09/14/2022,AQS,3,4.2,ug/m3 LC,23,CCNY,1,100,88502,Acceptable PM2.5 AQI & Speciation Mass,702,PM2.5 SCC w/Correction Factor,35620,"New York-Newark-Jersey City, NY-NJ-PA",36,New York,61,New York,40.81976,-73.94825
09/15/2022,AQS,3,2.7,ug/m3 LC,15,CCNY,1,100,88502,Acceptable PM2.5 AQI & Speciation Mass,702,PM2.5 SCC w/Correction Factor,35620,"New York-Newark-Jersey City, NY-NJ-PA",36,New York,61,New York,40.81976,-73.94825
09/16/2022,AQS,3,2.2,ug/m3 LC,12,CCNY,1,100,88502,Acceptable PM2.5 AQI & Speciation Mass,702,PM2.5 SCC w/Correction Factor,35620,"New York-Newark-Jersey City, NY-NJ-PA",36,New York,61,New York,40.81976,-73.94825
09/17/2022,AQS,3,3.3,ug/m3 LC,18,CCNY,1,100,88502,Acceptable PM2.5 AQI & Speciation Mass,702,PM2.5 SCC w/Correction Factor,35620,"New York-Newark-Jersey City, NY-NJ-PA",36,New York,61,New York,40.81976,-73.94825
09/18/2022,AQS,3,7.8,ug/m3 LC,43,CCNY,1,100,88502,Acceptable PM2.5 AQI & Speciation Mass,702,PM2.5 SCC w/Correction Factor,35620,"New York-Newark-Jersey City, NY-NJ-PA",36,New York,61,New York,40.81976,-73.94825
09/19/2022,AQS,3,9.6,ug/m3 LC,52,CCNY,1,100,88502,Acceptable PM2.5 AQI & Speciation Mass,702,PM2.5 SCC w/Correction Factor,35620,"New York-Newark-Jersey City, NY-NJ-PA",36,New York,61,New York,40.81976,-73.94825
09/20/2022,AQS,3,3.9,ug/m3 LC,22,CCNY,1,100,88502,Acceptable PM2.5 AQI & Speciation Mass,702,PM2.5 SCC w/Correction Factor,35620,"New York-Newark-Jersey City, NY-NJ-PA",36,New York,61,New York,40.81976,-73.94825
09/21/2022,AQS,3,3.5,ug/m3 LC,19,CCNY,1,100,88502,Acceptable PM2.5 AQI & Speciation Mass,702,PM2.5 SCC w/Correction Factor,35620,"New York-Newark-Jersey City, NY-NJ-PA",36,New York,61,New York,40.81976,-73.94825
09/22/2022,AQS,3,4.8,ug/m3 LC,27,CCNY,1,100,88502,Acceptable PM2.5 AQI & Speciation Mass,702,PM2.5 SCC w/Correction Factor,35620,"New York-Newark-Jersey City, NY-NJ-PA",36,New York,61,New York,40.81976,-73.94825
09/24/2022,AQS,3,3.5,ug/m3 LC,19,CCNY,1,100,88502,Acceptable PM2.5 AQI & Speciation Mass,702,PM2.5 SCC w/Correction Factor,35620,"New York-Newark-Jersey City, NY-NJ-PA",36,New York,61,New York,40.81976,-73.94825
09/25/2022,AQS,3,5.3,ug/m3 LC,29,CCNY,1,100,88502,Acceptable PM2.5 AQI & Speciation Mass,702,PM2.5 SCC w/Correction Factor,35620,"New York-Newark-Jersey City, NY-NJ-PA",36,New York,61,New York,40.81976,-73.94825
09/26/2022,AQS,3,3.5,ug/m3 LC,19,CCNY,1,100,88502,Acceptable PM2.5 AQI & Speciation Mass,702,PM2.5 SCC w/Correction Factor,35620,"New York-Newark-Jersey City, NY-NJ-PA",36,New York,61,New York,40.81976,-73.94825
09/27/2022,AQS,3,3.8,ug/m3 LC,21,CCNY,1,100,88502,Acceptable PM2.5 AQI & Speciation Mass,702,PM2.5 SCC w/Correction Factor,35620,"New York-Newark-Jersey City, NY-NJ-PA",36,New York,61,New York,40.81976,-73.94825
09/28/2022,AQS,3,5.1,ug/m3 LC,28,CCNY,1,100,88502,Acceptable PM2.5 AQI & Speciation Mass,702,PM2.5 SCC w/Correction Factor,35620,"New York-Newark-Jersey City, NY-NJ-PA",36,New York,61,New York,40.81976,-73.94825
09/30/2022,AQS,3,4.3,ug/m3 LC,24,CCNY,1,100,88502,Acceptable PM2.5 AQI & Speciation Mass,702,PM2.5 SCC w/Correction Factor,35620,"New York-Newark-Jersey City, NY-NJ-PA",36,New York,61,New York,40.81976,-73.94825
10/01/2022,AQS,3,2.3,ug/m3 LC,13,CCNY,1,100,88502,Acceptable PM2.5 AQI & Speciation Mass,702,PM2.5 SCC w/Correction Factor,35620,"New York-Newark-Jersey City, NY-NJ-PA",36,New York,61,New York,40.81976,-73.94825
10/02/2022,AQS,3,2.1,ug/m3 LC,12,CCNY,1,100,88502,Acceptable PM2.5 AQI & Speciation Mass,702,PM2.5 SCC w/Correction Factor,35620,"New York-Newark-Jersey City, NY-NJ-PA",36,New York,61,New York,40.81976,-73.94825
10/03/2022,AQS,3,1.9,ug/m3 LC,11,CCNY,1,100,88502,Acceptable PM2.5 AQI & Speciation Mass,702,PM2.5 SCC w/Correction Factor,35620,"New York-Newark-Jersey City, NY-NJ-PA",36,New York,61,New York,40.81976,-73.94825
10/04/2022,AQS,3,1.8,ug/m3 LC,10,CCNY,1,100,88502,Acceptable PM2.5 AQI & Speciation Mass,702,PM2.5 SCC w/Correction Factor,35620,"New York-Newark-Jersey City, NY-NJ-PA",36,New York,61,New York,40.81976,-73.94825
10/05/2022,AQS,3,2.4,ug/m3 LC,13,CCNY,1,100,88502,Acceptable PM2.5 AQI & Speciation Mass,702,PM2.5 SCC w/Correction Factor,35620,"New York-Newark-Jersey City, NY-NJ-PA",36,New York,61,New York,40.81976,-73.94825
10/06/2022,AQS,3,6.1,ug/m3 LC,34,CCNY,1,100,88502,Acceptable PM2.5 AQI & Speciation Mass,702,PM2.5 SCC w/Correction Factor,35620,"New York-Newark-Jersey City, NY-NJ-PA",36,New York,61,New York,40.81976,-73.94825
10/07/2022,AQS,3,8.5,ug/m3 LC,47,CCNY,1,100,88502,Acceptable PM2.5 AQI & Speciation Mass,702,PM2.5 SCC w/Correction Factor,35620,"New York-Newark-Jersey City, NY-NJ-PA",36,New York,61,New York,40.81976,-73.94825
10/08/2022,AQS,3,1.6,ug/m3 LC,9,CCNY,1,100,88502,Acceptable PM2.5 AQI & Speciation Mass,702,PM2.5 SCC w/Correction Factor,35620,"New York-Newark-Jersey City, NY-NJ-PA",36,New York,61,New York,40.81976,-73.94825
10/09/2022,AQS,3,4.9,ug/m3 LC,27,CCNY,1,100,88502,Acceptable PM2.5 AQI & Speciation Mass,702,PM2.5 SCC w/Correction Factor,35620,"New York-Newark-Jersey City, NY-NJ-PA",36,New York,61,New York,40.81976,-73.94825
10/10/2022,AQS,3,7.3,ug/m3 LC,41,CCNY,1,100,88502,Acceptable PM2.5 AQI & Speciation Mass,702,PM2.5 SCC w/Correction Factor,35620,"New York-Newark-Jersey City, NY-NJ-PA",36,New York,61,New York,40.81976,-73.94825
10/11/2022,AQS,3,9.8,ug/m3 LC,52,CCNY,1,100,88502,Acceptable PM2.5 AQI & Speciation Mass,702,PM2.5 SCC w/Correction Factor,35620,"New York-Newark-Jersey City, NY-NJ-PA",36,New York,61,New York,40.81976,-73.94825
10/12/2022,AQS,3,7.6,ug/m3 LC,42,CCNY,1,100,88502,Acceptable PM2.5 AQI & Speciation Mass,702,PM2.5 SCC w/Correction Factor,35620,"New York-Newark-Jersey City, NY-NJ-PA",36,New York,61,New York,40.81976,-73.94825
10/13/2022,AQS,3,3.7,ug/m3 LC,21,CCNY,1,100,88502,Acceptable PM2.5 AQI & Speciation Mass,702,PM2.5 SCC w/Correction Factor,35620,"New York-Newark-Jersey City, NY-NJ-PA",36,New York,61,New York,40.81976,-73.94825
10/14/2022,AQS,3,5,ug/m3 LC,28,CCNY,1,100,88502,Acceptable PM2.5 AQI & Speciation Mass,702,PM2.5 SCC w/Correction Factor,35620,"New York-Newark-Jersey City, NY-NJ-PA",36,New York,61,New York,40.81976,-73.94825
10/15/2022,AQS,3,7.7,ug/m3 LC,43,CCNY,1,100,88502,Acceptable PM2.5 AQI & Speciation Mass,702,PM2.5 SCC w/Correction Factor,35620,"New York-Newark-Jersey City, NY-NJ-PA",36,New York,61,New York,40.81976,-73.94825
10/16/2022,AQS,3,6.2,ug/m3 LC,34,CCNY,1,100,88502,Acceptable PM2.5 AQI & Speciation Mass,702,PM2.5 SCC w/Correction Factor,35620,"New York-Newark-Jersey City, NY-NJ-PA",36,New York,61,New York,40.81976,-73.94825
10/17/2022,AQS,3,7.2,ug/m3 LC,40,CCNY,1,100,88502,Acceptable PM2.5 AQI & Speciation Mass,702,PM2.5 SCC w/Correction Factor,35620,"New York-Newark-Jersey City, NY-NJ-PA",36,New York,61,New York,40.81976,-73.94825
10/18/2022,AQS,3,2.7,ug/m3 LC,15,CCNY,1,100,88502,Acceptable PM2.5 AQI & Speciation Mass,702,PM2.5 SCC w/Correction Factor,35620,"New York-Newark-Jersey City, NY-NJ-PA",36,New York,61,New York,40.81976,-73.94825
10/19/2022,AQS,3,4,ug/m3 LC,22,CCNY,1,100,88502,Acceptable PM2.5 AQI & Speciation Mass,702,PM2.5 SCC w/Correction Factor,35620,"New York-Newark-Jersey City, NY-NJ-PA",36,New York,61,New York,40.81976,-73.94825
10/20/2022,AQS,3,4.7,ug/m3 LC,26,CCNY,1,100,88502,Acceptable PM2.5 AQI & Speciation Mass,702,PM2.5 SCC w/Correction Factor,35620,"New York-Newark-Jersey City, NY-NJ-PA",36,New York,61,New York,40.81976,-73.94825
10/21/2022,AQS,3,8.9,ug/m3 LC,49,CCNY,1,100,88502,Acceptable PM2.5 AQI & Speciation Mass,702,PM2.5 SCC w/Correction Factor,35620,"New York-Newark-Jersey City, NY-NJ-PA",36,New York,61,New York,40.81976,-73.94825
10/22/2022,AQS,3,11.4,ug/m3 LC,55,CCNY,1,100,88502,Acceptable PM2.5 AQI & Speciation Mass,702,PM2.5 SCC w/Correction Factor,35620,"New York-Newark-Jersey City, NY-NJ-PA",36,New York,61,New York,40.81976,-73.94825
10/23/2022,AQS,3,7.1,ug/m3 LC,39,CCNY,1,100,88502,Acceptable PM2.5 AQI & Speciation Mass,702,PM2.5 SCC w/Correction Factor,35620,"New York-Newark-Jersey City, NY-NJ-PA",36,New York,61,New York,40.81976,-73.94825
10/24/2022,AQS,3,3.6,ug/m3 LC,20,CCNY,1,100,88502,Acceptable PM2.5 AQI & Speciation Mass,702,PM2.5 SCC w/Correction Factor,35620,"New York-Newark-Jersey City, NY-NJ-PA",36,New York,61,New York,40.81976,-73.94825
10/25/2022,AQS,3,3.3,ug/m3 LC,18,CCNY,1,100,88502,Acceptable PM2.5 AQI & Speciation Mass,702,PM2.5 SCC w/Correction Factor,35620,"New York-Newark-Jersey City, NY-NJ-PA",36,New York,61,New York,40.81976,-73.94825
10/26/2022,AQS,3,3.3,ug/m3 LC,18,CCNY,1,100,88502,Acceptable PM2.5 AQI & Speciation Mass,702,PM2.5 SCC w/Correction Factor,35620,"New York-Newark-Jersey City, NY-NJ-PA",36,New York,61,New York,40.81976,-73.94825
10/27/2022,AQS,3,2.8,ug/m3 LC,16,CCNY,1,100,88502,Acceptable PM2.5 AQI & Speciation Mass,702,PM2.5 SCC w/Correction Factor,35620,"New York-Newark-Jersey City, NY-NJ-PA",36,New York,61,New York,40.81976,-73.94825
10/28/2022,AQS,3,3.4,ug/m3 LC,19,CCNY,1,100,88502,Acceptable PM2.5 AQI & Speciation Mass,702,PM2.5 SCC w/Correction Factor,35620,"New York-Newark-Jersey City, NY-NJ-PA",36,New York,61,New York,40.81976,-73.94825
10/29/2022,AQS,3,5.1,ug/m3 LC,28,CCNY,1,100,88502,Acceptable PM2.5 AQI & Speciation Mass,702,PM2.5 SCC w/Correction Factor,35620,"New York-Newark-Jersey City, NY-NJ-PA",36,New York,61,New York,40.81976,-73.94825
10/30/2022,AQS,3,7.7,ug/m3 LC,43,CCNY,1,100,88502,Acceptable PM2.5 AQI & Speciation Mass,702,PM2.5 SCC w/Correction Factor,35620,"New York-Newark-Jersey City, NY-NJ-PA",36,New York,61,New York,40.81976,-73.94825
10/31/2022,AQS,3,8.7,ug/m3 LC,48,CCNY,1,100,88502,Acceptable PM2.5 AQI & Speciation Mass,702,PM2.5 SCC w/Correction Factor,35620,"New York-Newark-Jersey City, NY-NJ-PA",36,New York,61,New York,40.81976,-73.94825
11/01/2022,AQS,3,6.5,ug/m3 LC,36,CCNY,1,100,88502,Acceptable PM2.5 AQI & Speciation Mass,702,PM2.5 SCC w/Correction Factor,35620,"New York-Newark-Jersey City, NY-NJ-PA",36,New York,61,New York,40.81976,-73.94825
11/02/2022,AQS,3,8.9,ug/m3 LC,49,CCNY,1,100,88502,Acceptable PM2.5 AQI & Speciation Mass,702,PM2.5 SCC w/Correction Factor,35620,"New York-Newark-Jersey City, NY-NJ-PA",36,New York,61,New York,40.81976,-73.94825
11/03/2022,AQS,3,9.3,ug/m3 LC,51,CCNY,1,100,88502,Acceptable PM2.5 AQI & Speciation Mass,702,PM2.5 SCC w/Correction Factor,35620,"New York-Newark-Jersey City, NY-NJ-PA",36,New York,61,New York,40.81976,-73.94825
11/04/2022,AQS,3,9.6,ug/m3 LC,52,CCNY,1,100,88502,Acceptable PM2.5 AQI & Speciation Mass,702,PM2.5 SCC w/Correction Factor,35620,"New York-Newark-Jersey City, NY-NJ-PA",36,New York,61,New York,40.81976,-73.94825
11/05/2022,AQS,3,5.2,ug/m3 LC,29,CCNY,1,100,88502,Acceptable PM2.5 AQI & Speciation Mass,702,PM2.5 SCC w/Correction Factor,35620,"New York-Newark-Jersey City, NY-NJ-PA",36,New York,61,New York,40.81976,-73.94825
11/06/2022,AQS,3,6.8,ug/m3 LC,38,CCNY,1,100,88502,Acceptable PM2.5 AQI & Speciation Mass,702,PM2.5 SCC w/Correction Factor,35620,"New York-Newark-Jersey City, NY-NJ-PA",36,New York,61,New York,40.81976,-73.94825
11/09/2022,AQS,3,3.4,ug/m3 LC,19,CCNY,1,100,88502,Acceptable PM2.5 AQI & Speciation Mass,702,PM2.5 SCC w/Correction Factor,35620,"New York-Newark-Jersey City, NY-NJ-PA",36,New York,61,New York,40.81976,-73.94825
11/10/2022,AQS,3,6.5,ug/m3 LC,36,CCNY,1,100,88502,Acceptable PM2.5 AQI & Speciation Mass,702,PM2.5 SCC w/Correction Factor,35620,"New York-Newark-Jersey City, NY-NJ-PA",36,New York,61,New York,40.81976,-73.94825
11/11/2022,AQS,3,5.5,ug/m3 LC,31,CCNY,1,100,88502,Acceptable PM2.5 AQI & Speciation Mass,702,PM2.5 SCC w/Correction Factor,35620,"New York-Newark-Jersey City, NY-NJ-PA",36,New York,61,New York,40.81976,-73.94825
11/12/2022,AQS,3,6.6,ug/m3 LC,37,CCNY,1,100,88502,Acceptable PM2.5 AQI & Speciation Mass,702,PM2.5 SCC w/Correction Factor,35620,"New York-Newark-Jersey City, NY-NJ-PA",36,New York,61,New York,40.81976,-73.94825
11/13/2022,AQS,3,4.3,ug/m3 LC,24,CCNY,1,100,88502,Acceptable PM2.5 AQI & Speciation Mass,702,PM2.5 SCC w/Correction Factor,35620,"New York-Newark-Jersey City, NY-NJ-PA",36,New York,61,New York,40.81976,-73.94825
11/14/2022,AQS,3,3.7,ug/m3 LC,21,CCNY,1,100,88502,Acceptable PM2.5 AQI & Speciation Mass,702,PM2.5 SCC w/Correction Factor,35620,"New York-Newark-Jersey City, NY-NJ-PA",36,New York,61,New York,40.81976,-73.94825
11/15/2022,AQS,3,3.6,ug/m3 LC,20,CCNY,1,100,88502,Acceptable PM2.5 AQI & Speciation Mass,702,PM2.5 SCC w/Correction Factor,35620,"New York-Newark-Jersey City, NY-NJ-PA",36,New York,61,New York,40.81976,-73.94825
11/16/2022,AQS,3,2.9,ug/m3 LC,16,CCNY,1,100,88502,Acceptable PM2.5 AQI & Speciation Mass,702,PM2.5 SCC w/Correction Factor,35620,"New York-Newark-Jersey City, NY-NJ-PA",36,New York,61,New York,40.81976,-73.94825
11/17/2022,AQS,3,5.6,ug/m3 LC,31,CCNY,1,100,88502,Acceptable PM2.5 AQI & Speciation Mass,702,PM2.5 SCC w/Correction Factor,35620,"New York-Newark-Jersey City, NY-NJ-PA",36,New York,61,New York,40.81976,-73.94825
11/18/2022,AQS,3,6.4,ug/m3 LC,36,CCNY,1,100,88502,Acceptable PM2.5 AQI & Speciation Mass,702,PM2.5 SCC w/Correction Factor,35620,"New York-Newark-Jersey City, NY-NJ-PA",36,New York,61,New York,40.81976,-73.94825
11/19/2022,AQS,3,5,ug/m3 LC,28,CCNY,1,100,88502,Acceptable PM2.5 AQI & Speciation Mass,702,PM2.5 SCC w/Correction Factor,35620,"New York-Newark-Jersey City, NY-NJ-PA",36,New York,61,New York,40.81976,-73.94825
11/20/2022,AQS,3,5.6,ug/m3 LC,31,CCNY,1,100,88502,Acceptable PM2.5 AQI & Speciation Mass,702,PM2.5 SCC w/Correction Factor,35620,"New York-Newark-Jersey City, NY-NJ-PA",36,New York,61,New York,40.81976,-73.94825
11/21/2022,AQS,3,5.7,ug/m3 LC,32,CCNY,1,100,88502,Acceptable PM2.5 AQI & Speciation Mass,702,PM2.5 SCC w/Correction Factor,35620,"New York-Newark-Jersey City, NY-NJ-PA",36,New York,61,New York,40.81976,-73.94825
11/22/2022,AQS,3,8.5,ug/m3 LC,47,CCNY,1,100,88502,Acceptable PM2.5 AQI & Speciation Mass,702,PM2.5 SCC w/Correction Factor,35620,"New York-Newark-Jersey City, NY-NJ-PA",36,New York,61,New York,40.81976,-73.94825
11/23/2022,AQS,3,10.2,ug/m3 LC,53,CCNY,1,100,88502,Acceptable PM2.5 AQI & Speciation Mass,702,PM2.5 SCC w/Correction Factor,35620,"New York-Newark-Jersey City, NY-NJ-PA",36,New York,61,New York,40.81976,-73.94825
11/24/2022,AQS,3,7.5,ug/m3 LC,42,CCNY,1,100,88502,Acceptable PM2.5 AQI & Speciation Mass,702,PM2.5 SCC w/Correction Factor,35620,"New York-Newark-Jersey City, NY-NJ-PA",36,New York,61,New York,40.81976,-73.94825
11/25/2022,AQS,3,6.1,ug/m3 LC,34,CCNY,1,100,88502,Acceptable PM2.5 AQI & Speciation Mass,702,PM2.5 SCC w/Correction Factor,35620,"New York-Newark-Jersey City, NY-NJ-PA",36,New York,61,New York,40.81976,-73.94825
11/26/2022,AQS,3,4.4,ug/m3 LC,24,CCNY,1,100,88502,Acceptable PM2.5 AQI & Speciation Mass,702,PM2.5 SCC w/Correction Factor,35620,"New York-Newark-Jersey City, NY-NJ-PA",36,New York,61,New York,40.81976,-73.94825
11/27/2022,AQS,3,7.4,ug/m3 LC,41,CCNY,1,100,88502,Acceptable PM2.5 AQI & Speciation Mass,702,PM2.5 SCC w/Correction Factor,35620,"New York-Newark-Jersey City, NY-NJ-PA",36,New York,61,New York,40.81976,-73.94825
11/28/2022,AQS,3,5.2,ug/m3 LC,29,CCNY,1,100,88502,Acceptable PM2.5 AQI & Speciation Mass,702,PM2.5 SCC w/Correction Factor,35620,"New York-Newark-Jersey City, NY-NJ-PA",36,New York,61,New York,40.81976,-73.94825
11/29/2022,AQS,3,6.1,ug/m3 LC,34,CCNY,1,100,88502,Acceptable PM2.5 AQI & Speciation Mass,702,PM2.5 SCC w/Correction Factor,35620,"New York-Newark-Jersey City, NY-NJ-PA",36,New York,61,New York,40.81976,-73.94825
11/30/2022,AQS,3,4.3,ug/m3 LC,24,CCNY,1,100,88502,Acceptable PM2.5 AQI & Speciation Mass,702,PM2.5 SCC w/Correction Factor,35620,"New York-Newark-Jersey City, NY-NJ-PA",36,New York,61,New York,40.81976,-73.94825
12/01/2022,AQS,3,6.6,ug/m3 LC,37,CCNY,1,100,88502,Acceptable PM2.5 AQI & Speciation Mass,702,PM2.5 SCC w/Correction Factor,35620,"New York-Newark-Jersey City, NY-NJ-PA",36,New York,61,New York,40.81976,-73.94825
12/02/2022,AQS,3,7,ug/m3 LC,39,CCNY,1,100,88502,Acceptable PM2.5 AQI & Speciation Mass,702,PM2.5 SCC w/Correction Factor,35620,"New York-Newark-Jersey City, NY-NJ-PA",36,New York,61,New York,40.81976,-73.94825
12/03/2022,AQS,3,5.1,ug/m3 LC,28,CCNY,1,100,88502,Acceptable PM2.5 AQI & Speciation Mass,702,PM2.5 SCC w/Correction Factor,35620,"New York-Newark-Jersey City, NY-NJ-PA",36,New York,61,New York,40.81976,-73.94825
12/04/2022,AQS,3,5.9,ug/m3 LC,33,CCNY,1,100,88502,Acceptable PM2.5 AQI & Speciation Mass,702,PM2.5 SCC w/Correction Factor,35620,"New York-Newark-Jersey City, NY-NJ-PA",36,New York,61,New York,40.81976,-73.94825
12/05/2022,AQS,3,10.8,ug/m3 LC,54,CCNY,1,100,88502,Acceptable PM2.5 AQI & Speciation Mass,702,PM2.5 SCC w/Correction Factor,35620,"New York-Newark-Jersey City, NY-NJ-PA",36,New York,61,New York,40.81976,-73.94825
12/06/2022,AQS,3,9.9,ug/m3 LC,52,CCNY,1,100,88502,Acceptable PM2.5 AQI & Speciation Mass,702,PM2.5 SCC w/Correction Factor,35620,"New York-Newark-Jersey City, NY-NJ-PA",36,New York,61,New York,40.81976,-73.94825
12/07/2022,AQS,3,8.2,ug/m3 LC,46,CCNY,1,100,88502,Acceptable PM2.5 AQI & Speciation Mass,702,PM2.5 SCC w/Correction Factor,35620,"New York-Newark-Jersey City, NY-NJ-PA",36,New York,61,New York,40.81976,-73.94825
12/08/2022,AQS,3,4.2,ug/m3 LC,23,CCNY,1,100,88502,Acceptable PM2.5 AQI & Speciation Mass,702,PM2.5 SCC w/Correction Factor,35620,"New York-Newark-Jersey City, NY-NJ-PA",36,New York,61,New York,40.81976,-73.94825
12/10/2022,AQS,3,4.9,ug/m3 LC,27,CCNY,1,100,88502,Acceptable PM2.5 AQI & Speciation Mass,702,PM2.5 SCC w/Correction Factor,35620,"New York-Newark-Jersey City, NY-NJ-PA",36,New York,61,New York,40.81976,-73.94825
12/11/2022,AQS,3,5.2,ug/m3 LC,29,CCNY,1,100,88502,Acceptable PM2.5 AQI & Speciation Mass,702,PM2.5 SCC w/Correction Factor,35620,"New York-Newark-Jersey City, NY-NJ-PA",36,New York,61,New York,40.81976,-73.94825
12/12/2022,AQS,3,6,ug/m3 LC,33,CCNY,1,100,88502,Acceptable PM2.5 AQI & Speciation Mass,702,PM2.5 SCC w/Correction Factor,35620,"New York-Newark-Jersey City, NY-NJ-PA",36,New York,61,New York,40.81976,-73.94825
12/13/2022,AQS,3,5.6,ug/m3 LC,31,CCNY,1,100,88502,Acceptable PM2.5 AQI & Speciation Mass,702,PM2.5 SCC w/Correction Factor,35620,"New York-Newark-Jersey City, NY-NJ-PA",36,New York,61,New York,40.81976,-73.94825
12/14/2022,AQS,3,4.8,ug/m3 LC,27,CCNY,1,100,88502,Acceptable PM2.5 AQI & Speciation Mass,702,PM2.5 SCC w/Correction Factor,35620,"New York-Newark-Jersey City, NY-NJ-PA",36,New York,61,New York,40.81976,-73.94825
12/15/2022,AQS,3,4.8,ug/m3 LC,27,CCNY,1,100,88502,Acceptable PM2.5 AQI & Speciation Mass,702,PM2.5 SCC w/Correction Factor,35620,"New York-Newark-Jersey City, NY-NJ-PA",36,New York,61,New York,40.81976,-73.94825
12/16/2022,AQS,3,3.5,ug/m3 LC,19,CCNY,1,100,88502,Acceptable PM2.5 AQI & Speciation Mass,702,PM2.5 SCC w/Correction Factor,35620,"New York-Newark-Jersey City, NY-NJ-PA",36,New York,61,New York,40.81976,-73.94825
12/17/2022,AQS,3,6.7,ug/m3 LC,37,CCNY,1,100,88502,Acceptable PM2.5 AQI & Speciation Mass,702,PM2.5 SCC w/Correction Factor,35620,"New York-Newark-Jersey City, NY-NJ-PA",36,New York,61,New York,40.81976,-73.94825
12/18/2022,AQS,3,7.6,ug/m3 LC,42,CCNY,1,100,88502,Acceptable PM2.5 AQI & Speciation Mass,702,PM2.5 SCC w/Correction Factor,35620,"New York-Newark-Jersey City, NY-NJ-PA",36,New York,61,New York,40.81976,-73.94825
12/19/2022,AQS,3,7,ug/m3 LC,39,CCNY,1,100,88502,Acceptable PM2.5 AQI & Speciation Mass,702,PM2.5 SCC w/Correction Factor,35620,"New York-Newark-Jersey City, NY-NJ-PA",36,New York,61,New York,40.81976,-73.94825
12/20/2022,AQS,3,6.3,ug/m3 LC,35,CCNY,1,100,88502,Acceptable PM2.5 AQI & Speciation Mass,702,PM2.5 SCC w/Correction Factor,35620,"New York-Newark-Jersey City, NY-NJ-PA",36,New York,61,New York,40.81976,-73.94825
12/21/2022,AQS,3,10.4,ug/m3 LC,53,CCNY,1,100,88502,Acceptable PM2.5 AQI & Speciation Mass,702,PM2.5 SCC w/Correction Factor,35620,"New York-Newark-Jersey City, NY-NJ-PA",36,New York,61,New York,40.81976,-73.94825
12/22/2022,AQS,3,7.5,ug/m3 LC,42,CCNY,1,100,88502,Acceptable PM2.5 AQI & Speciation Mass,702,PM2.5 SCC w/Correction Factor,35620,"New York-Newark-Jersey City, NY-NJ-PA",36,New York,61,New York,40.81976,-73.94825
12/23/2022,AQS,3,6.1,ug/m3 LC,34,CCNY,1,100,88502,Acceptable PM2.5 AQI & Speciation Mass,702,PM2.5 SCC w/Correction Factor,35620,"New York-Newark-Jersey City, NY-NJ-PA",36,New York,61,New York,40.81976,-73.94825
12/24/2022,AQS,3,10.2,ug/m3 LC,53,CCNY,1,100,88502,Acceptable PM2.5 AQI & Speciation Mass,702,PM2.5 SCC w/Correction Factor,35620,"New York-Newark-Jersey City, NY-NJ-PA",36,New York,61,New York,40.81976,-73.94825
12/25/2022,AQS,3,9.3,ug/m3 LC,51,CCNY,1,100,88502,Acceptable PM2.5 AQI & Speciation Mass,702,PM2.5 SCC w/Correction Factor,35620,"New York-Newark-Jersey City, NY-NJ-PA",36,New York,61,New York,40.81976,-73.94825
12/26/2022,AQS,3,9,ug/m3 LC,50,CCNY,1,100,88502,Acceptable PM2.5 AQI & Speciation Mass,702,PM2.5 SCC w/Correction Factor,35620,"New York-Newark-Jersey City, NY-NJ-PA",36,New York,61,New York,40.81976,-73.94825
12/27/2022,AQS,3,10.5,ug/m3 LC,54,CCNY,1,100,88502,Acceptable PM2.5 AQI & Speciation Mass,702,PM2.5 SCC w/Correction Factor,35620,"New York-Newark-Jersey City, NY-NJ-PA",36,New York,61,New York,40.81976,-73.94825
12/28/2022,AQS,3,12.9,ug/m3 LC,58,CCNY,1,100,88502,Acceptable PM2.5 AQI & Speciation Mass,702,PM2.5 SCC w/Correction Factor,35620,"New York-Newark-Jersey City, NY-NJ-PA",36,New York,61,New York,40.81976,-73.94825
12/29/2022,AQS,3,16.4,ug/m3 LC,65,CCNY,1,100,88502,Acceptable PM2.5 AQI & Speciation Mass,702,PM2.5 SCC w/Correction Factor,35620,"New York-Newark-Jersey City, NY-NJ-PA",36,New York,61,New York,40.81976,-73.94825
12/30/2022,AQS,3,23.2,ug/m3 LC,77,CCNY,1,100,88502,Acceptable PM2.5 AQI & Speciation Mass,702,PM2.5 SCC w/Correction Factor,35620,"New York-Newark-Jersey City, NY-NJ-PA",36,New York,61,New York,40.81976,-73.94825
12/31/2022,AQS,3,12.8,ug/m3 LC,58,CCNY,1,100,88502,Acceptable PM2.5 AQI & Speciation Mass,702,PM2.5 SCC w/Correction Factor,35620,"New York-Newark-Jersey City, NY-NJ-PA",36,New York,61,New York,40.81976,-73.94825
01/01/2023,AQS,3,9.6,ug/m3 LC,52,CCNY,1,100,88502,Acceptable PM2.5 AQI & Speciation Mass,702,PM2.5 SCC w/Correction Factor,35620,"New York-Newark-Jersey City, NY-NJ-PA",36,New York,61,New York,40.81976,-73.94825
01/02/2023,AQS,3,12.1,ug/m3 LC,57,CCNY,1,100,88502,Acceptable PM2.5 AQI & Speciation Mass,702,PM2.5 SCC w/Correction Factor,35620,"New York-Newark-Jersey City, NY-NJ-PA",36,New York,61,New York,40.81976,-73.94825
01/03/2023,AQS,3,18,ug/m3 LC,68,CCNY,1,100,88502,Acceptable PM2.5 AQI & Speciation Mass,702,PM2.5 SCC w/Correction Factor,35620,"New York-Newark-Jersey City, NY-NJ-PA",36,New York,61,New York,40.81976,-73.94825
01/04/2023,AQS,3,16.1,ug/m3 LC,64,CCNY,1,100,88502,Acceptable PM2.5 AQI & Speciation Mass,702,PM2.5 SCC w/Correction Factor,35620,"New York-Newark-Jersey City, NY-NJ-PA",36,New York,61,New York,40.81976,-73.94825
01/06/2023,AQS,3,7.3,ug/m3 LC,41,CCNY,1,100,88502,Acceptable PM2.5 AQI & Speciation Mass,702,PM2.5 SCC w/Correction Factor,35620,"New York-Newark-Jersey City, NY-NJ-PA",36,New York,61,New York,40.81976,-73.94825
01/07/2023,AQS,3,7.1,ug/m3 LC,39,CCNY,1,100,88502,Acceptable PM2.5 AQI & Speciation Mass,702,PM2.5 SCC w/Correction Factor,35620,"New York-Newark-Jersey City, NY-NJ-PA",36,New York,61,New York,40.81976,-73.94825
01/08/2023,AQS,3,6.8,ug/m3 LC,38,CCNY,1,100,88502,Acceptable PM2.5 AQI & Speciation Mass,702,PM2.5 SCC w/Correction Factor,35620,"New York-Newark-Jersey City, NY-NJ-PA",36,New York,61,New York,40.81976,-73.94825
01/09/2023,AQS,3,9.1,ug/m3 LC,51,CCNY,1,100,88502,Acceptable PM2.5 AQI & Speciation Mass,702,PM2.5 SCC w/Correction Factor,35620,"New York-Newark-Jersey City, NY-NJ-PA",36,New York,61,New York,40.81976,-73.94825
01/10/2023,AQS,3,10.4,ug/m3 LC,53,CCNY,1,100,88502,Acceptable PM2.5 AQI & Speciation Mass,702,PM2.5 SCC w/Correction Factor,35620,"New York-Newark-Jersey City, NY-NJ-PA",36,New York,61,New York,40.81976,-73.94825
01/11/2023,AQS,3,9.2,ug/m3 LC,51,CCNY,1,100,88502,Acceptable PM2.5 AQI & Speciation Mass,702,PM2.5 SCC w/Correction Factor,35620,"New York-Newark-Jersey City, NY-NJ-PA",36,New York,61,New York,40.81976,-73.94825
01/12/2023,AQS,3,8.9,ug/m3 LC,49,CCNY,1,100,88502,Acceptable PM2.5 AQI & Speciation Mass,702,PM2.5 SCC w/Correction Factor,35620,"New York-Newark-Jersey City, NY-NJ-PA",36,New York,61,New York,40.81976,-73.94825
01/13/2023,AQS,3,9.9,ug/m3 LC,52,CCNY,1,100,88502,Acceptable PM2.5 AQI & Speciation Mass,702,PM2.5 SCC w/Correction Factor,35620,"New York-Newark-Jersey City, NY-NJ-PA",36,New York,61,New York,40.81976,-73.94825
01/14/2023,AQS,3,6.6,ug/m3 LC,37,CCNY,1,100,88502,Acceptable PM2.5 AQI & Speciation Mass,702,PM2.5 SCC w/Correction Factor,35620,"New York-Newark-Jersey City, NY-NJ-PA",36,New York,61,New York,40.81976,-73.94825
01/15/2023,AQS,3,6.8,ug/m3 LC,38,CCNY,1,100,88502,Acceptable PM2.5 AQI & Speciation Mass,702,PM2.5 SCC w/Correction Factor,35620,"New York-Newark-Jersey City, NY-NJ-PA",36,New York,61,New York,40.81976,-73.94825
01/16/2023,AQS,3,6.6,ug/m3 LC,37,CCNY,1,100,88502,Acceptable PM2.5 AQI & Speciation Mass,702,PM2.5 SCC w/Correction Factor,35620,"New York-Newark-Jersey City, NY-NJ-PA",36,New York,61,New York,40.81976,-73.94825
01/17/2023,AQS,3,10.6,ug/m3 LC,54,CCNY,1,100,88502,Acceptable PM2.5 AQI & Speciation Mass,702,PM2.5 SCC w/Correction Factor,35620,"New York-Newark-Jersey City, NY-NJ-PA",36,New York,61,New York,40.81976,-73.94825
01/18/2023,AQS,3,12.4,ug/m3 LC,57,CCNY,1,100,88502,Acceptable PM2.5 AQI & Speciation Mass,702,PM2.5 SCC w/Correction Factor,35620,"New York-Newark-Jersey City, NY-NJ-PA",36,New York,61,New York,40.81976,-73.94825
01/19/2023,AQS,3,6.2,ug/m3 LC,34,CCNY,1,100,88502,Acceptable PM2.5 AQI & Speciation Mass,702,PM2.5 SCC w/Correction Factor,35620,"New York-Newark-Jersey City, NY-NJ-PA",36,New York,61,New York,40.81976,-73.94825
01/20/2023,AQS,3,6.8,ug/m3 LC,38,CCNY,1,100,88502,Acceptable PM2.5 AQI & Speciation Mass,702,PM2.5 SCC w/Correction Factor,35620,"New York-Newark-Jersey City, NY-NJ-PA",36,New York,61,New York,40.81976,-73.94825
01/21/2023,AQS,3,6.5,ug/m3 LC,36,CCNY,1,100,88502,Acceptable PM2.5 AQI & Speciation Mass,702,PM2.5 SCC w/Correction Factor,35620,"New York-Newark-Jersey City, NY-NJ-PA",36,New York,61,New York,40.81976,-73.94825
01/22/2023,AQS,3,6.6,ug/m3 LC,37,CCNY,1,100,88502,Acceptable PM2.5 AQI & Speciation Mass,702,PM2.5 SCC w/Correction Factor,35620,"New York-Newark-Jersey City, NY-NJ-PA",36,New York,61,New York,40.81976,-73.94825
01/23/2023,AQS,3,6.3,ug/m3 LC,35,CCNY,1,100,88502,Acceptable PM2.5 AQI & Speciation Mass,702,PM2.5 SCC w/Correction Factor,35620,"New York-Newark-Jersey City, NY-NJ-PA",36,New York,61,New York,40.81976,-73.94825
01/24/2023,AQS,3,8.1,ug/m3 LC,45,CCNY,1,100,88502,Acceptable PM2.5 AQI & Speciation Mass,702,PM2.5 SCC w/Correction Factor,35620,"New York-Newark-Jersey City, NY-NJ-PA",36,New York,61,New York,40.81976,-73.94825
01/25/2023,AQS,3,6.2,ug/m3 LC,34,CCNY,1,100,88502,Acceptable PM2.5 AQI & Speciation Mass,702,PM2.5 SCC w/Correction Factor,35620,"New York-Newark-Jersey City, NY-NJ-PA",36,New York,61,New York,40.81976,-73.94825
01/26/2023,AQS,3,6.9,ug/m3 LC,38,CCNY,1,100,88502,Acceptable PM2.5 AQI & Speciation Mass,702,PM2.5 SCC w/Correction Factor,35620,"New York-Newark-Jersey City, NY-NJ-PA",36,New York,61,New York,40.81976,-73.94825
01/27/2023,AQS,3,8.6,ug/m3 LC,48,CCNY,1,100,88502,Acceptable PM2.5 AQI & Speciation Mass,702,PM2.5 SCC w/Correction Factor,35620,"New York-Newark-Jersey City, NY-NJ-PA",36,New York,61,New York,40.81976,-73.94825
01/28/2023,AQS,3,8.9,ug/m3 LC,49,CCNY,1,100,88502,Acceptable PM2.5 AQI & Speciation Mass,702,PM2.5 SCC w/Correction Factor,35620,"New York-Newark-Jersey City, NY-NJ-PA",36,New York,61,New York,40.81976,-73.94825
01/29/2023,AQS,3,10,ug/m3 LC,53,CCNY,1,100,88502,Acceptable PM2.5 AQI & Speciation Mass,702,PM2.5 SCC w/Correction Factor,35620,"New York-Newark-Jersey City, NY-NJ-PA",36,New York,61,New York,40.81976,-73.94825
01/30/2023,AQS,3,11.7,ug/m3 LC,56,CCNY,1,100,88502,Acceptable PM2.5 AQI & Speciation Mass,702,PM2.5 SCC w/Correction Factor,35620,"New York-Newark-Jersey City, NY-NJ-PA",36,New York,61,New York,40.81976,-73.94825
01/31/2023,AQS,3,7,ug/m3 LC,39,CCNY,1,100,88502,Acceptable PM2.5 AQI & Speciation Mass,702,PM2.5 SCC w/Correction Factor,35620,"New York-Newark-Jersey City, NY-NJ-PA",36,New York,61,New York,40.81976,-73.94825
02/01/2023,AQS,3,6.9,ug/m3 LC,38,CCNY,1,100,88502,Acceptable PM2.5 AQI & Speciation Mass,702,PM2.5 SCC w/Correction Factor,35620,"New York-Newark-Jersey City, NY-NJ-PA",36,New York,61,New York,40.81976,-73.94825
02/02/2023,AQS,3,8.1,ug/m3 LC,45,CCNY,1,100,88502,Acceptable PM2.5 AQI & Speciation Mass,702,PM2.5 SCC w/Correction Factor,35620,"New York-Newark-Jersey City, NY-NJ-PA",36,New York,61,New York,40.81976,-73.94825
02/03/2023,AQS,3,7.9,ug/m3 LC,44,CCNY,1,100,88502,Acceptable PM2.5 AQI & Speciation Mass,702,PM2.5 SCC w/Correction Factor,35620,"New York-Newark-Jersey City, NY-NJ-PA",36,New York,61,New York,40.81976,-73.94825
02/04/2023,AQS,3,6.2,ug/m3 LC,34,CCNY,1,100,88502,Acceptable PM2.5 AQI & Speciation Mass,702,PM2.5 SCC w/Correction Factor,35620,"New York-Newark-Jersey City, NY-NJ-PA",36,New York,61,New York,40.81976,-73.94825
02/05/2023,AQS,3,8.9,ug/m3 LC,49,CCNY,1,100,88502,Acceptable PM2.5 AQI & Speciation Mass,702,PM2.5 SCC w/Correction Factor,35620,"New York-Newark-Jersey City, NY-NJ-PA",36,New York,61,New York,40.81976,-73.94825
02/06/2023,AQS,3,12.1,ug/m3 LC,57,CCNY,1,100,88502,Acceptable PM2.5 AQI & Speciation Mass,702,PM2.5 SCC w/Correction Factor,35620,"New York-Newark-Jersey City, NY-NJ-PA",36,New York,61,New York,40.81976,-73.94825
02/07/2023,AQS,3,9.4,ug/m3 LC,52,CCNY,1,100,88502,Acceptable PM2.5 AQI & Speciation Mass,702,PM2.5 SCC w/Correction Factor,35620,"New York-Newark-Jersey City, NY-NJ-PA",36,New York,61,New York,40.81976,-73.94825
02/08/2023,AQS,3,10.4,ug/m3 LC,53,CCNY,1,100,88502,Acceptable PM2.5 AQI & Speciation Mass,702,PM2.5 SCC w/Correction Factor,35620,"New York-Newark-Jersey City, NY-NJ-PA",36,New York,61,New York,40.81976,-73.94825
02/09/2023,AQS,3,12.5,ug/m3 LC,57,CCNY,1,100,88502,Acceptable PM2.5 AQI & Speciation Mass,702,PM2.5 SCC w/Correction Factor,35620,"New York-Newark-Jersey City, NY-NJ-PA",36,New York,61,New York,40.81976,-73.94825
02/10/2023,AQS,3,8.4,ug/m3 LC,47,CCNY,1,100,88502,Acceptable PM2.5 AQI & Speciation Mass,702,PM2.5 SCC w/Correction Factor,35620,"New York-Newark-Jersey City, NY-NJ-PA",36,New York,61,New York,40.81976,-73.94825
02/11/2023,AQS,3,5.6,ug/m3 LC,31,CCNY,1,100,88502,Acceptable PM2.5 AQI & Speciation Mass,702,PM2.5 SCC w/Correction Factor,35620,"New York-Newark-Jersey City, NY-NJ-PA",36,New York,61,New York,40.81976,-73.94825
02/12/2023,AQS,3,7.9,ug/m3 LC,44,CCNY,1,100,88502,Acceptable PM2.5 AQI & Speciation Mass,702,PM2.5 SCC w/Correction Factor,35620,"New York-Newark-Jersey City, NY-NJ-PA",36,New York,61,New York,40.81976,-73.94825
02/13/2023,AQS,3,6.7,ug/m3 LC,37,CCNY,1,100,88502,Acceptable PM2.5 AQI & Speciation Mass,702,PM2.5 SCC w/Correction Factor,35620,"New York-Newark-Jersey City, NY-NJ-PA",36,New York,61,New York,40.81976,-73.94825
02/14/2023,AQS,3,9.2,ug/m3 LC,51,CCNY,1,100,88502,Acceptable PM2.5 AQI & Speciation Mass,702,PM2.5 SCC w/Correction Factor,35620,"New York-Newark-Jersey City, NY-NJ-PA",36,New York,61,New York,40.81976,-73.94825
02/15/2023,AQS,3,8,ug/m3 LC,44,CCNY,1,100,88502,Acceptable PM2.5 AQI & Speciation Mass,702,PM2.5 SCC w/Correction Factor,35620,"New York-Newark-Jersey City, NY-NJ-PA",36,New York,61,New York,40.81976,-73.94825
02/16/2023,AQS,3,13.6,ug/m3 LC,59,CCNY,1,100,88502,Acceptable PM2.5 AQI & Speciation Mass,702,PM2.5 SCC w/Correction Factor,35620,"New York-Newark-Jersey City, NY-NJ-PA",36,New York,61,New York,40.81976,-73.94825
02/17/2023,AQS,3,7.8,ug/m3 LC,43,CCNY,1,100,88502,Acceptable PM2.5 AQI & Speciation Mass,702,PM2.5 SCC w/Correction Factor,35620,"New York-Newark-Jersey City, NY-NJ-PA",36,New York,61,New York,40.81976,-73.94825
02/18/2023,AQS,3,6,ug/m3 LC,33,CCNY,1,100,88502,Acceptable PM2.5 AQI & Speciation Mass,702,PM2.5 SCC w/Correction Factor,35620,"New York-Newark-Jersey City, NY-NJ-PA",36,New York,61,New York,40.81976,-73.94825
02/19/2023,AQS,3,7.5,ug/m3 LC,42,CCNY,1,100,88502,Acceptable PM2.5 AQI & Speciation Mass,702,PM2.5 SCC w/Correction Factor,35620,"New York-Newark-Jersey City, NY-NJ-PA",36,New York,61,New York,40.81976,-73.94825
02/20/2023,AQS,3,7.6,ug/m3 LC,42,CCNY,1,100,88502,Acceptable PM2.5 AQI & Speciation Mass,702,PM2.5 SCC w/Correction Factor,35620,"New York-Newark-Jersey City, NY-NJ-PA",36,New York,61,New York,40.81976,-73.94825
02/21/2023,AQS,3,9.5,ug/m3 LC,52,CCNY,1,100,88502,Acceptable PM2.5 AQI & Speciation Mass,702,PM2.5 SCC w/Correction Factor,35620,"New York-Newark-Jersey City, NY-NJ-PA",36,New York,61,New York,40.81976,-73.94825
02/22/2023,AQS,3,6.9,ug/m3 LC,38,CCNY,1,100,88502,Acceptable PM2.5 AQI & Speciation Mass,702,PM2.5 SCC w/Correction Factor,35620,"New York-Newark-Jersey City, NY-NJ-PA",36,New York,61,New York,40.81976,-73.94825
02/23/2023,AQS,3,5.6,ug/m3 LC,31,CCNY,1,100,88502,Acceptable PM2.5 AQI & Speciation Mass,702,PM2.5 SCC w/Correction Factor,35620,"New York-Newark-Jersey City, NY-NJ-PA",36,New York,61,New York,40.81976,-73.94825
02/24/2023,AQS,3,6,ug/m3 LC,33,CCNY,1,100,88502,Acceptable PM2.5 AQI & Speciation Mass,702,PM2.5 SCC w/Correction Factor,35620,"New York-Newark-Jersey City, NY-NJ-PA",36,New York,61,New York,40.81976,-73.94825
02/25/2023,AQS,3,3.8,ug/m3 LC,21,CCNY,1,100,88502,Acceptable PM2.5 AQI & Speciation Mass,702,PM2.5 SCC w/Correction Factor,35620,"New York-Newark-Jersey City, NY-NJ-PA",36,New York,61,New York,40.81976,-73.94825
02/26/2023,AQS,3,10.1,ug/m3 LC,53,CCNY,1,100,88502,Acceptable PM2.5 AQI & Speciation Mass,702,PM2.5 SCC w/Correction Factor,35620,"New York-Newark-Jersey City, NY-NJ-PA",36,New York,61,New York,40.81976,-73.94825
02/27/2023,AQS,3,5.6,ug/m3 LC,31,CCNY,1,100,88502,Acceptable PM2.5 AQI & Speciation Mass,702,PM2.5 SCC w/Correction Factor,35620,"New York-Newark-Jersey City, NY-NJ-PA",36,New York,61,New York,40.81976,-73.94825
02/28/2023,AQS,3,7,ug/m3 LC,39,CCNY,1,100,88502,Acceptable PM2.5 AQI & Speciation Mass,702,PM2.5 SCC w/Correction Factor,35620,"New York-Newark-Jersey City, NY-NJ-PA",36,New York,61,New York,40.81976,-73.94825
03/01/2023,AQS,3,6,ug/m3 LC,33,CCNY,1,100,88502,Acceptable PM2.5 AQI & Speciation Mass,702,PM2.5 SCC w/Correction Factor,35620,"New York-Newark-Jersey City, NY-NJ-PA",36,New York,61,New York,40.81976,-73.94825
03/02/2023,AQS,3,6.5,ug/m3 LC,36,CCNY,1,100,88502,Acceptable PM2.5 AQI & Speciation Mass,702,PM2.5 SCC w/Correction Factor,35620,"New York-Newark-Jersey City, NY-NJ-PA",36,New York,61,New York,40.81976,-73.94825
03/03/2023,AQS,3,3.8,ug/m3 LC,21,CCNY,1,100,88502,Acceptable PM2.5 AQI & Speciation Mass,702,PM2.5 SCC w/Correction Factor,35620,"New York-Newark-Jersey City, NY-NJ-PA",36,New York,61,New York,40.81976,-73.94825
03/04/2023,AQS,3,4.5,ug/m3 LC,25,CCNY,1,100,88502,Acceptable PM2.5 AQI & Speciation Mass,702,PM2.5 SCC w/Correction Factor,35620,"New York-Newark-Jersey City, NY-NJ-PA",36,New York,61,New York,40.81976,-73.94825
03/05/2023,AQS,3,5.1,ug/m3 LC,28,CCNY,1,100,88502,Acceptable PM2.5 AQI & Speciation Mass,702,PM2.5 SCC w/Correction Factor,35620,"New York-Newark-Jersey City, NY-NJ-PA",36,New York,61,New York,40.81976,-73.94825
03/06/2023,AQS,3,3.2,ug/m3 LC,18,CCNY,1,100,88502,Acceptable PM2.5 AQI & Speciation Mass,702,PM2.5 SCC w/Correction Factor,35620,"New York-Newark-Jersey City, NY-NJ-PA",36,New York,61,New York,40.81976,-73.94825
03/08/2023,AQS,3,2.3,ug/m3 LC,13,CCNY,1,100,88502,Acceptable PM2.5 AQI & Speciation Mass,702,PM2.5 SCC w/Correction Factor,35620,"New York-Newark-Jersey City, NY-NJ-PA",36,New York,61,New York,40.81976,-73.94825
03/09/2023,AQS,3,3,ug/m3 LC,17,CCNY,1,100,88502,Acceptable PM2.5 AQI & Speciation Mass,702,PM2.5 SCC w/Correction Factor,35620,"New York-Newark-Jersey City, NY-NJ-PA",36,New York,61,New York,40.81976,-73.94825
03/10/2023,AQS,3,4.2,ug/m3 LC,23,CCNY,1,100,88502,Acceptable PM2.5 AQI & Speciation Mass,702,PM2.5 SCC w/Correction Factor,35620,"New York-Newark-Jersey City, NY-NJ-PA",36,New York,61,New York,40.81976,-73.94825
03/11/2023,AQS,3,5.1,ug/m3 LC,28,CCNY,1,100,88502,Acceptable PM2.5 AQI & Speciation Mass,702,PM2.5 SCC w/Correction Factor,35620,"New York-Newark-Jersey City, NY-NJ-PA",36,New York,61,New York,40.81976,-73.94825
03/12/2023,AQS,3,4.5,ug/m3 LC,25,CCNY,1,100,88502,Acceptable PM2.5 AQI & Speciation Mass,702,PM2.5 SCC w/Correction Factor,35620,"New York-Newark-Jersey City, NY-NJ-PA",36,New York,61,New York,40.81976,-73.94825
03/13/2023,AQS,3,3.4,ug/m3 LC,19,CCNY,1,100,88502,Acceptable PM2.5 AQI & Speciation Mass,702,PM2.5 SCC w/Correction Factor,35620,"New York-Newark-Jersey City, NY-NJ-PA",36,New York,61,New York,40.81976,-73.94825
03/14/2023,AQS,3,2,ug/m3 LC,11,CCNY,1,100,88502,Acceptable PM2.5 AQI & Speciation Mass,702,PM2.5 SCC w/Correction Factor,35620,"New York-Newark-Jersey City, NY-NJ-PA",36,New York,61,New York,40.81976,-73.94825
03/15/2023,AQS,3,3.9,ug/m3 LC,22,CCNY,1,100,88502,Acceptable PM2.5 AQI & Speciation Mass,702,PM2.5 SCC w/Correction Factor,35620,"New York-Newark-Jersey City, NY-NJ-PA",36,New York,61,New York,40.81976,-73.94825
03/16/2023,AQS,3,5,ug/m3 LC,28,CCNY,1,100,88502,Acceptable PM2.5 AQI & Speciation Mass,702,PM2.5 SCC w/Correction Factor,35620,"New York-Newark-Jersey City, NY-NJ-PA",36,New York,61,New York,40.81976,-73.94825
03/17/2023,AQS,3,13.4,ug/m3 LC,59,CCNY,1,100,88502,Acceptable PM2.5 AQI & Speciation Mass,702,PM2.5 SCC w/Correction Factor,35620,"New York-Newark-Jersey City, NY-NJ-PA",36,New York,61,New York,40.81976,-73.94825
03/18/2023,AQS,3,5.8,ug/m3 LC,32,CCNY,1,100,88502,Acceptable PM2.5 AQI & Speciation Mass,702,PM2.5 SCC w/Correction Factor,35620,"New York-Newark-Jersey City, NY-NJ-PA",36,New York,61,New York,40.81976,-73.94825
03/19/2023,AQS,3,4.8,ug/m3 LC,27,CCNY,1,100,88502,Acceptable PM2.5 AQI & Speciation Mass,702,PM2.5 SCC w/Correction Factor,35620,"New York-Newark-Jersey City, NY-NJ-PA",36,New York,61,New York,40.81976,-73.94825
03/20/2023,AQS,3,6.7,ug/m3 LC,37,CCNY,1,100,88502,Acceptable PM2.5 AQI & Speciation Mass,702,PM2.5 SCC w/Correction Factor,35620,"New York-Newark-Jersey City, NY-NJ-PA",36,New York,61,New York,40.81976,-73.94825
03/21/2023,AQS,3,7.2,ug/m3 LC,40,CCNY,1,100,88502,Acceptable PM2.5 AQI & Speciation Mass,702,PM2.5 SCC w/Correction Factor,35620,"New York-Newark-Jersey City, NY-NJ-PA",36,New York,61,New York,40.81976,-73.94825
03/22/2023,AQS,3,7.2,ug/m3 LC,40,CCNY,1,100,88502,Acceptable PM2.5 AQI & Speciation Mass,702,PM2.5 SCC w/Correction Factor,35620,"New York-Newark-Jersey City, NY-NJ-PA",36,New York,61,New York,40.81976,-73.94825
03/23/2023,AQS,3,11.9,ug/m3 LC,56,CCNY,1,100,88502,Acceptable PM2.5 AQI & Speciation Mass,702,PM2.5 SCC w/Correction Factor,35620,"New York-Newark-Jersey City, NY-NJ-PA",36,New York,61,New York,40.81976,-73.94825
03/24/2023,AQS,3,5.4,ug/m3 LC,30,CCNY,1,100,88502,Acceptable PM2.5 AQI & Speciation Mass,702,PM2.5 SCC w/Correction Factor,35620,"New York-Newark-Jersey City, NY-NJ-PA",36,New York,61,New York,40.81976,-73.94825
03/25/2023,AQS,3,3.7,ug/m3 LC,21,CCNY,1,100,88502,Acceptable PM2.5 AQI & Speciation Mass,702,PM2.5 SCC w/Correction Factor,35620,"New York-Newark-Jersey City, NY-NJ-PA",36,New York,61,New York,40.81976,-73.94825
03/26/2023,AQS,3,4.3,ug/m3 LC,24,CCNY,1,100,88502,Acceptable PM2.5 AQI & Speciation Mass,702,PM2.5 SCC w/Correction Factor,35620,"New York-Newark-Jersey City, NY-NJ-PA",36,New York,61,New York,40.81976,-73.94825
03/27/2023,AQS,3,5.6,ug/m3 LC,31,CCNY,1,100,88502,Acceptable PM2.5 AQI & Speciation Mass,702,PM2.5 SCC w/Correction Factor,35620,"New York-Newark-Jersey City, NY-NJ-PA",36,New York,61,New York,40.81976,-73.94825
03/28/2023,AQS,3,4.1,ug/m3 LC,23,CCNY,1,100,88502,Acceptable PM2.5 AQI & Speciation Mass,702,PM2.5 SCC w/Correction Factor,35620,"New York-Newark-Jersey City, NY-NJ-PA",36,New York,61,New York,40.81976,-73.94825
03/29/2023,AQS,3,5.3,ug/m3 LC,29,CCNY,1,100,88502,Acceptable PM2.5 AQI & Speciation Mass,702,PM2.5 SCC w/Correction Factor,35620,"New York-Newark-Jersey City, NY-NJ-PA",36,New York,61,New York,40.81976,-73.94825
03/30/2023,AQS,3,4,ug/m3 LC,22,CCNY,1,100,88502,Acceptable PM2.5 AQI & Speciation Mass,702,PM2.5 SCC w/Correction Factor,35620,"New York-Newark-Jersey City, NY-NJ-PA",36,New York,61,New York,40.81976,-73.94825
03/31/2023,AQS,3,6.9,ug/m3 LC,38,CCNY,1,100,88502,Acceptable PM2.5 AQI & Speciation Mass,702,PM2.5 SCC w/Correction Factor,35620,"New York-Newark-Jersey City, NY-NJ-PA",36,New York,61,New York,40.81976,-73.94825
04/01/2023,AQS,3,5.4,ug/m3 LC,30,CCNY,1,100,88502,Acceptable PM2.5 AQI & Speciation Mass,702,PM2.5 SCC w/Correction Factor,35620,"New York-Newark-Jersey City, NY-NJ-PA",36,New York,61,New York,40.81976,-73.94825
04/02/2023,AQS,3,3.8,ug/m3 LC,21,CCNY,1,100,88502,Acceptable PM2.5 AQI & Speciation Mass,702,PM2.5 SCC w/Correction Factor,35620,"New York-Newark-Jersey City, NY-NJ-PA",36,New York,61,New York,40.81976,-73.94825
04/03/2023,AQS,3,5.5,ug/m3 LC,31,CCNY,1,100,88502,Acceptable PM2.5 AQI & Speciation Mass,702,PM2.5 SCC w/Correction Factor,35620,"New York-Newark-Jersey City, NY-NJ-PA",36,New York,61,New York,40.81976,-73.94825
04/04/2023,AQS,3,11.1,ug/m3 LC,55,CCNY,1,100,88502,Acceptable PM2.5 AQI & Speciation Mass,702,PM2.5 SCC w/Correction Factor,35620,"New York-Newark-Jersey City, NY-NJ-PA",36,New York,61,New York,40.81976,-73.94825
04/05/2023,AQS,3,4.8,ug/m3 LC,27,CCNY,1,100,88502,Acceptable PM2.5 AQI & Speciation Mass,702,PM2.5 SCC w/Correction Factor,35620,"New York-Newark-Jersey City, NY-NJ-PA",36,New York,61,New York,40.81976,-73.94825
04/06/2023,AQS,3,6.3,ug/m3 LC,35,CCNY,1,100,88502,Acceptable PM2.5 AQI & Speciation Mass,702,PM2.5 SCC w/Correction Factor,35620,"New York-Newark-Jersey City, NY-NJ-PA",36,New York,61,New York,40.81976,-73.94825
04/07/2023,AQS,3,1.8,ug/m3 LC,10,CCNY,1,100,88502,Acceptable PM2.5 AQI & Speciation Mass,702,PM2.5 SCC w/Correction Factor,35620,"New York-Newark-Jersey City, NY-NJ-PA",36,New York,61,New York,40.81976,-73.94825
04/08/2023,AQS,3,2.8,ug/m3 LC,16,CCNY,1,100,88502,Acceptable PM2.5 AQI & Speciation Mass,702,PM2.5 SCC w/Correction Factor,35620,"New York-Newark-Jersey City, NY-NJ-PA",36,New York,61,New York,40.81976,-73.94825
04/09/2023,AQS,3,4.2,ug/m3 LC,23,CCNY,1,100,88502,Acceptable PM2.5 AQI & Speciation Mass,702,PM2.5 SCC w/Correction Factor,35620,"New York-Newark-Jersey City, NY-NJ-PA",36,New York,61,New York,40.81976,-73.94825
04/10/2023,AQS,3,5.8,ug/m3 LC,32,CCNY,1,100,88502,Acceptable PM2.5 AQI & Speciation Mass,702,PM2.5 SCC w/Correction Factor,35620,"New York-Newark-Jersey City, NY-NJ-PA",36,New York,61,New York,40.81976,-73.94825
04/11/2023,AQS,3,6.5,ug/m3 LC,36,CCNY,1,100,88502,Acceptable PM2.5 AQI & Speciation Mass,702,PM2.5 SCC w/Correction Factor,35620,"New York-Newark-Jersey City, NY-NJ-PA",36,New York,61,New York,40.81976,-73.94825
04/12/2023,AQS,3,9.6,ug/m3 LC,52,CCNY,1,100,88502,Acceptable PM2.5 AQI & Speciation Mass,702,PM2.5 SCC w/Correction Factor,35620,"New York-Newark-Jersey City, NY-NJ-PA",36,New York,61,New York,40.81976,-73.94825
04/13/2023,AQS,3,12.1,ug/m3 LC,57,CCNY,1,100,88502,Acceptable PM2.5 AQI & Speciation Mass,702,PM2.5 SCC w/Correction Factor,35620,"New York-Newark-Jersey City, NY-NJ-PA",36,New York,61,New York,40.81976,-73.94825
04/14/2023,AQS,3,15.7,ug/m3 LC,63,CCNY,1,100,88502,Acceptable PM2.5 AQI & Speciation Mass,702,PM2.5 SCC w/Correction Factor,35620,"New York-Newark-Jersey City, NY-NJ-PA",36,New York,61,New York,40.81976,-73.94825
04/15/2023,AQS,3,3.7,ug/m3 LC,21,CCNY,1,100,88502,Acceptable PM2.5 AQI & Speciation Mass,702,PM2.5 SCC w/Correction Factor,35620,"New York-Newark-Jersey City, NY-NJ-PA",36,New York,61,New York,40.81976,-73.94825
04/16/2023,AQS,3,4.3,ug/m3 LC,24,CCNY,1,100,88502,Acceptable PM2.5 AQI & Speciation Mass,702,PM2.5 SCC w/Correction Factor,35620,"New York-Newark-Jersey City, NY-NJ-PA",36,New York,61,New York,40.81976,-73.94825
04/17/2023,AQS,3,3.3,ug/m3 LC,18,CCNY,1,100,88502,Acceptable PM2.5 AQI & Speciation Mass,702,PM2.5 SCC w/Correction Factor,35620,"New York-Newark-Jersey City, NY-NJ-PA",36,New York,61,New York,40.81976,-73.94825
04/18/2023,AQS,3,2.9,ug/m3 LC,16,CCNY,1,100,88502,Acceptable PM2.5 AQI & Speciation Mass,702,PM2.5 SCC w/Correction Factor,35620,"New York-Newark-Jersey City, NY-NJ-PA",36,New York,61,New York,40.81976,-73.94825
04/19/2023,AQS,3,4.9,ug/m3 LC,27,CCNY,1,100,88502,Acceptable PM2.5 AQI & Speciation Mass,702,PM2.5 SCC w/Correction Factor,35620,"New York-Newark-Jersey City, NY-NJ-PA",36,New York,61,New York,40.81976,-73.94825
04/20/2023,AQS,3,4.6,ug/m3 LC,26,CCNY,1,100,88502,Acceptable PM2.5 AQI & Speciation Mass,702,PM2.5 SCC w/Correction Factor,35620,"New York-Newark-Jersey City, NY-NJ-PA",36,New York,61,New York,40.81976,-73.94825
04/21/2023,AQS,3,6,ug/m3 LC,33,CCNY,1,100,88502,Acceptable PM2.5 AQI & Speciation Mass,702,PM2.5 SCC w/Correction Factor,35620,"New York-Newark-Jersey City, NY-NJ-PA",36,New York,61,New York,40.81976,-73.94825
04/22/2023,AQS,3,7.9,ug/m3 LC,44,CCNY,1,100,88502,Acceptable PM2.5 AQI & Speciation Mass,702,PM2.5 SCC w/Correction Factor,35620,"New York-Newark-Jersey City, NY-NJ-PA",36,New York,61,New York,40.81976,-73.94825
04/23/2023,AQS,3,2.5,ug/m3 LC,14,CCNY,1,100,88502,Acceptable PM2.5 AQI & Speciation Mass,702,PM2.5 SCC w/Correction Factor,35620,"New York-Newark-Jersey City, NY-NJ-PA",36,New York,61,New York,40.81976,-73.94825
04/24/2023,AQS,3,2.6,ug/m3 LC,14,CCNY,1,100,88502,Acceptable PM2.5 AQI & Speciation Mass,702,PM2.5 SCC w/Correction Factor,35620,"New York-Newark-Jersey City, NY-NJ-PA",36,New York,61,New York,40.81976,-73.94825
04/25/2023,AQS,3,3.6,ug/m3 LC,20,CCNY,1,100,88502,Acceptable PM2.5 AQI & Speciation Mass,702,PM2.5 SCC w/Correction Factor,35620,"New York-Newark-Jersey City, NY-NJ-PA",36,New York,61,New York,40.81976,-73.94825
04/26/2023,AQS,3,5.7,ug/m3 LC,32,CCNY,1,100,88502,Acceptable PM2.5 AQI & Speciation Mass,702,PM2.5 SCC w/Correction Factor,35620,"New York-Newark-Jersey City, NY-NJ-PA",36,New York,61,New York,40.81976,-73.94825
04/27/2023,AQS,3,6.6,ug/m3 LC,37,CCNY,1,100,88502,Acceptable PM2.5 AQI & Speciation Mass,702,PM2.5 SCC w/Correction Factor,35620,"New York-Newark-Jersey City, NY-NJ-PA",36,New York,61,New York,40.81976,-73.94825
04/28/2023,AQS,3,4.6,ug/m3 LC,26,CCNY,1,100,88502,Acceptable PM2.5 AQI & Speciation Mass,702,PM2.5 SCC w/Correction Factor,35620,"New York-Newark-Jersey City, NY-NJ-PA",36,New York,61,New York,40.81976,-73.94825
04/29/2023,AQS,3,1.4,ug/m3 LC,8,CCNY,1,100,88502,Acceptable PM2.5 AQI & Speciation Mass,702,PM2.5 SCC w/Correction Factor,35620,"New York-Newark-Jersey City, NY-NJ-PA",36,New York,61,New York,40.81976,-73.94825
04/30/2023,AQS,3,-1.2,ug/m3 LC,0,CCNY,1,100,88502,Acceptable PM2.5 AQI & Speciation Mass,702,PM2.5 SCC w/Correction Factor,35620,"New York-Newark-Jersey City, NY-NJ-PA",36,New York,61,New York,40.81976,-73.94825
05/01/2023,AQS,3,2,ug/m3 LC,11,CCNY,1,100,88502,Acceptable PM2.5 AQI & Speciation Mass,702,PM2.5 SCC w/Correction Factor,35620,"New York-Newark-Jersey City, NY-NJ-PA",36,New York,61,New York,40.81976,-73.94825
05/02/2023,AQS,3,0.9,ug/m3 LC,5,CCNY,1,100,88502,Acceptable PM2.5 AQI & Speciation Mass,702,PM2.5 SCC w/Correction Factor,35620,"New York-Newark-Jersey City, NY-NJ-PA",36,New York,61,New York,40.81976,-73.94825
05/03/2023,AQS,3,1.9,ug/m3 LC,11,CCNY,1,100,88502,Acceptable PM2.5 AQI & Speciation Mass,702,PM2.5 SCC w/Correction Factor,35620,"New York-Newark-Jersey City, NY-NJ-PA",36,New York,61,New York,40.81976,-73.94825
05/04/2023,AQS,3,4.5,ug/m3 LC,25,CCNY,1,100,88502,Acceptable PM2.5 AQI & Speciation Mass,702,PM2.5 SCC w/Correction Factor,35620,"New York-Newark-Jersey City, NY-NJ-PA",36,New York,61,New York,40.81976,-73.94825
05/05/2023,AQS,3,4.2,ug/m3 LC,23,CCNY,1,100,88502,Acceptable PM2.5 AQI & Speciation Mass,702,PM2.5 SCC w/Correction Factor,35620,"New York-Newark-Jersey City, NY-NJ-PA",36,New York,61,New York,40.81976,-73.94825
05/06/2023,AQS,3,3.4,ug/m3 LC,19,CCNY,1,100,88502,Acceptable PM2.5 AQI & Speciation Mass,702,PM2.5 SCC w/Correction Factor,35620,"New York-Newark-Jersey City, NY-NJ-PA",36,New York,61,New York,40.81976,-73.94825
05/07/2023,AQS,3,3.8,ug/m3 LC,21,CCNY,1,100,88502,Acceptable PM2.5 AQI & Speciation Mass,702,PM2.5 SCC w/Correction Factor,35620,"New York-Newark-Jersey City, NY-NJ-PA",36,New York,61,New York,40.81976,-73.94825
05/08/2023,AQS,3,3.7,ug/m3 LC,21,CCNY,1,100,88502,Acceptable PM2.5 AQI & Speciation Mass,702,PM2.5 SCC w/Correction Factor,35620,"New York-Newark-Jersey City, NY-NJ-PA",36,New York,61,New York,40.81976,-73.94825
05/10/2023,AQS,3,4.6,ug/m3 LC,26,CCNY,1,100,88502,Acceptable PM2.5 AQI & Speciation Mass,702,PM2.5 SCC w/Correction Factor,35620,"New York-Newark-Jersey City, NY-NJ-PA",36,New York,61,New York,40.81976,-73.94825
05/11/2023,AQS,3,11,ug/m3 LC,55,CCNY,1,100,88502,Acceptable PM2.5 AQI & Speciation Mass,702,PM2.5 SCC w/Correction Factor,35620,"New York-Newark-Jersey City, NY-NJ-PA",36,New York,61,New York,40.81976,-73.94825
05/12/2023,AQS,3,14.1,ug/m3 LC,60,CCNY,1,100,88502,Acceptable PM2.5 AQI & Speciation Mass,702,PM2.5 SCC w/Correction Factor,35620,"New York-Newark-Jersey City, NY-NJ-PA",36,New York,61,New York,40.81976,-73.94825
05/13/2023,AQS,3,10,ug/m3 LC,53,CCNY,1,100,88502,Acceptable PM2.5 AQI & Speciation Mass,702,PM2.5 SCC w/Correction Factor,35620,"New York-Newark-Jersey City, NY-NJ-PA",36,New York,61,New York,40.81976,-73.94825
05/14/2023,AQS,3,5.1,ug/m3 LC,28,CCNY,1,100,88502,Acceptable PM2.5 AQI & Speciation Mass,702,PM2.5 SCC w/Correction Factor,35620,"New York-Newark-Jersey City, NY-NJ-PA",36,New York,61,New York,40.81976,-73.94825
05/15/2023,AQS,3,2.4,ug/m3 LC,13,CCNY,1,100,88502,Acceptable PM2.5 AQI & Speciation Mass,702,PM2.5 SCC w/Correction Factor,35620,"New York-Newark-Jersey City, NY-NJ-PA",36,New York,61,New York,40.81976,-73.94825
05/16/2023,AQS,3,5.8,ug/m3 LC,32,CCNY,1,100,88502,Acceptable PM2.5 AQI & Speciation Mass,702,PM2.5 SCC w/Correction Factor,35620,"New York-Newark-Jersey City, NY-NJ-PA",36,New York,61,New York,40.81976,-73.94825
05/17/2023,AQS,3,4,ug/m3 LC,22,CCNY,1,100,88502,Acceptable PM2.5 AQI & Speciation Mass,702,PM2.5 SCC w/Correction Factor,35620,"New York-Newark-Jersey City, NY-NJ-PA",36,New York,61,New York,40.81976,-73.94825
05/18/2023,AQS,3,4.9,ug/m3 LC,27,CCNY,1,100,88502,Acceptable PM2.5 AQI & Speciation Mass,702,PM2.5 SCC w/Correction Factor,35620,"New York-Newark-Jersey City, NY-NJ-PA",36,New York,61,New York,40.81976,-73.94825
05/19/2023,AQS,3,3,ug/m3 LC,17,CCNY,1,100,88502,Acceptable PM2.5 AQI & Speciation Mass,702,PM2.5 SCC w/Correction Factor,35620,"New York-Newark-Jersey City, NY-NJ-PA",36,New York,61,New York,40.81976,-73.94825
05/20/2023,AQS,3,2,ug/m3 LC,11,CCNY,1,100,88502,Acceptable PM2.5 AQI & Speciation Mass,702,PM2.5 SCC w/Correction Factor,35620,"New York-Newark-Jersey City, NY-NJ-PA",36,New York,61,New York,40.81976,-73.94825
05/21/2023,AQS,3,8.2,ug/m3 LC,46,CCNY,1,100,88502,Acceptable PM2.5 AQI & Speciation Mass,702,PM2.5 SCC w/Correction Factor,35620,"New York-Newark-Jersey City, NY-NJ-PA",36,New York,61,New York,40.81976,-73.94825
05/22/2023,AQS,3,12.5,ug/m3 LC,57,CCNY,1,100,88502,Acceptable PM2.5 AQI & Speciation Mass,702,PM2.5 SCC w/Correction Factor,35620,"New York-Newark-Jersey City, NY-NJ-PA",36,New York,61,New York,40.81976,-73.94825
05/23/2023,AQS,3,6.7,ug/m3 LC,37,CCNY,1,100,88502,Acceptable PM2.5 AQI & Speciation Mass,702,PM2.5 SCC w/Correction Factor,35620,"New York-Newark-Jersey City, NY-NJ-PA",36,New York,61,New York,40.81976,-73.94825
05/24/2023,AQS,3,6.3,ug/m3 LC,35,CCNY,1,100,88502,Acceptable PM2.5 AQI & Speciation Mass,702,PM2.5 SCC w/Correction Factor,35620,"New York-Newark-Jersey City, NY-NJ-PA",36,New York,61,New York,40.81976,-73.94825
05/25/2023,AQS,3,1,ug/m3 LC,6,CCNY,1,100,88502,Acceptable PM2.5 AQI & Speciation Mass,702,PM2.5 SCC w/Correction Factor,35620,"New York-Newark-Jersey City, NY-NJ-PA",36,New York,61,New York,40.81976,-73.94825
05/26/2023,AQS,3,4,ug/m3 LC,22,CCNY,1,100,88502,Acceptable PM2.5 AQI & Speciation Mass,702,PM2.5 SCC w/Correction Factor,35620,"New York-Newark-Jersey City, NY-NJ-PA",36,New York,61,New York,40.81976,-73.94825
05/27/2023,AQS,3,4.8,ug/m3 LC,27,CCNY,1,100,88502,Acceptable PM2.5 AQI & Speciation Mass,702,PM2.5 SCC w/Correction Factor,35620,"New York-Newark-Jersey City, NY-NJ-PA",36,New York,61,New York,40.81976,-73.94825
05/28/2023,AQS,3,4.6,ug/m3 LC,26,CCNY,1,100,88502,Acceptable PM2.5 AQI & Speciation Mass,702,PM2.5 SCC w/Correction Factor,35620,"New York-Newark-Jersey City, NY-NJ-PA",36,New York,61,New York,40.81976,-73.94825
05/29/2023,AQS,3,7.2,ug/m3 LC,40,CCNY,1,100,88502,Acceptable PM2.5 AQI & Speciation Mass,702,PM2.5 SCC w/Correction Factor,35620,"New York-Newark-Jersey City, NY-NJ-PA",36,New York,61,New York,40.81976,-73.94825
05/30/2023,AQS,3,9.2,ug/m3 LC,51,CCNY,1,100,88502,Acceptable PM2.5 AQI & Speciation Mass,702,PM2.5 SCC w/Correction Factor,35620,"New York-Newark-Jersey City, NY-NJ-PA",36,New York,61,New York,40.81976,-73.94825
05/31/2023,AQS,3,7.7,ug/m3 LC,43,CCNY,1,100,88502,Acceptable PM2.5 AQI & Speciation Mass,702,PM2.5 SCC w/Correction Factor,35620,"New York-Newark-Jersey City, NY-NJ-PA",36,New York,61,New York,40.81976,-73.94825
06/01/2023,AQS,3,12.2,ug/m3 LC,57,CCNY,1,100,88502,Acceptable PM2.5 AQI & Speciation Mass,702,PM2.5 SCC w/Correction Factor,35620,"New York-Newark-Jersey City, NY-NJ-PA",36,New York,61,New York,40.81976,-73.94825
06/02/2023,AQS,3,14.9,ug/m3 LC,62,CCNY,1,100,88502,Acceptable PM2.5 AQI & Speciation Mass,702,PM2.5 SCC w/Correction Factor,35620,"New York-Newark-Jersey City, NY-NJ-PA",36,New York,61,New York,40.81976,-73.94825
06/03/2023,AQS,3,6.2,ug/m3 LC,34,CCNY,1,100,88502,Acceptable PM2.5 AQI & Speciation Mass,702,PM2.5 SCC w/Correction Factor,35620,"New York-Newark-Jersey City, NY-NJ-PA",36,New York,61,New York,40.81976,-73.94825
06/04/2023,AQS,3,0,ug/m3 LC,0,CCNY,1,100,88502,Acceptable PM2.5 AQI & Speciation Mass,702,PM2.5 SCC w/Correction Factor,35620,"New York-Newark-Jersey City, NY-NJ-PA",36,New York,61,New York,40.81976,-73.94825
06/05/2023,AQS,3,6.7,ug/m3 LC,37,CCNY,1,100,88502,Acceptable PM2.5 AQI & Speciation Mass,702,PM2.5 SCC w/Correction Factor,35620,"New York-Newark-Jersey City, NY-NJ-PA",36,New York,61,New York,40.81976,-73.94825
06/06/2023,AQS,3,64.9,ug/m3 LC,158,CCNY,1,100,88502,Acceptable PM2.5 AQI & Speciation Mass,702,PM2.5 SCC w/Correction Factor,35620,"New York-Newark-Jersey City, NY-NJ-PA",36,New York,61,New York,40.81976,-73.94825
06/07/2023,AQS,3,124.1,ug/m3 LC,199,CCNY,1,100,88502,Acceptable PM2.5 AQI & Speciation Mass,702,PM2.5 SCC w/Correction Factor,35620,"New York-Newark-Jersey City, NY-NJ-PA",36,New York,61,New York,40.81976,-73.94825
06/08/2023,AQS,3,60.5,ug/m3 LC,155,CCNY,1,100,88502,Acceptable PM2.5 AQI & Speciation Mass,702,PM2.5 SCC w/Correction Factor,35620,"New York-Newark-Jersey City, NY-NJ-PA",36,New York,61,New York,40.81976,-73.94825
06/09/2023,AQS,3,3.4,ug/m3 LC,19,CCNY,1,100,88502,Acceptable PM2.5 AQI & Speciation Mass,702,PM2.5 SCC w/Correction Factor,35620,"New York-Newark-Jersey City, NY-NJ-PA",36,New York,61,New York,40.81976,-73.94825
06/10/2023,AQS,3,8.3,ug/m3 LC,46,CCNY,1,100,88502,Acceptable PM2.5 AQI & Speciation Mass,702,PM2.5 SCC w/Correction Factor,35620,"New York-Newark-Jersey City, NY-NJ-PA",36,New York,61,New York,40.81976,-73.94825
06/11/2023,AQS,3,22,ug/m3 LC,75,CCNY,1,100,88502,Acceptable PM2.5 AQI & Speciation Mass,702,PM2.5 SCC w/Correction Factor,35620,"New York-Newark-Jersey City, NY-NJ-PA",36,New York,61,New York,40.81976,-73.94825
06/12/2023,AQS,3,16.3,ug/m3 LC,64,CCNY,1,100,88502,Acceptable PM2.5 AQI & Speciation Mass,702,PM2.5 SCC w/Correction Factor,35620,"New York-Newark-Jersey City, NY-NJ-PA",36,New York,61,New York,40.81976,-73.94825
06/13/2023,AQS,3,2.8,ug/m3 LC,16,CCNY,1,100,88502,Acceptable PM2.5 AQI & Speciation Mass,702,PM2.5 SCC w/Correction Factor,35620,"New York-Newark-Jersey City, NY-NJ-PA",36,New York,61,New York,40.81976,-73.94825
06/14/2023,AQS,3,4.8,ug/m3 LC,27,CCNY,1,100,88502,Acceptable PM2.5 AQI & Speciation Mass,702,PM2.5 SCC w/Correction Factor,35620,"New York-Newark-Jersey City, NY-NJ-PA",36,New York,61,New York,40.81976,-73.94825
06/15/2023,AQS,3,4.9,ug/m3 LC,27,CCNY,1,100,88502,Acceptable PM2.5 AQI & Speciation Mass,702,PM2.5 SCC w/Correction Factor,35620,"New York-Newark-Jersey City, NY-NJ-PA",36,New York,61,New York,40.81976,-73.94825
06/16/2023,AQS,3,7,ug/m3 LC,39,CCNY,1,100,88502,Acceptable PM2.5 AQI & Speciation Mass,702,PM2.5 SCC w/Correction Factor,35620,"New York-Newark-Jersey City, NY-NJ-PA",36,New York,61,New York,40.81976,-73.94825
06/17/2023,AQS,3,20,ug/m3 LC,71,CCNY,1,100,88502,Acceptable PM2.5 AQI & Speciation Mass,702,PM2.5 SCC w/Correction Factor,35620,"New York-Newark-Jersey City, NY-NJ-PA",36,New York,61,New York,40.81976,-73.94825
06/18/2023,AQS,3,9.4,ug/m3 LC,52,CCNY,1,100,88502,Acceptable PM2.5 AQI & Speciation Mass,702,PM2.5 SCC w/Correction Factor,35620,"New York-Newark-Jersey City, NY-NJ-PA",36,New York,61,New York,40.81976,-73.94825
06/19/2023,AQS,3,5.7,ug/m3 LC,32,CCNY,1,100,88502,Acceptable PM2.5 AQI & Speciation Mass,702,PM2.5 SCC w/Correction Factor,35620,"New York-Newark-Jersey City, NY-NJ-PA",36,New York,61,New York,40.81976,-73.94825
06/20/2023,AQS,3,3.8,ug/m3 LC,21,CCNY,1,100,88502,Acceptable PM2.5 AQI & Speciation Mass,702,PM2.5 SCC w/Correction Factor,35620,"New York-Newark-Jersey City, NY-NJ-PA",36,New York,61,New York,40.81976,-73.94825
06/21/2023,AQS,3,-0.1,ug/m3 LC,0,CCNY,1,100,88502,Acceptable PM2.5 AQI & Speciation Mass,702,PM2.5 SCC w/Correction Factor,35620,"New York-Newark-Jersey City, NY-NJ-PA",36,New York,61,New York,40.81976,-73.94825
06/22/2023,AQS,3,1.1,ug/m3 LC,6,CCNY,1,100,88502,Acceptable PM2.5 AQI & Speciation Mass,702,PM2.5 SCC w/Correction Factor,35620,"New York-Newark-Jersey City, NY-NJ-PA",36,New York,61,New York,40.81976,-73.94825
06/23/2023,AQS,3,3.1,ug/m3 LC,17,CCNY,1,100,88502,Acceptable PM2.5 AQI & Speciation Mass,702,PM2.5 SCC w/Correction Factor,35620,"New York-Newark-Jersey City, NY-NJ-PA",36,New York,61,New York,40.81976,-73.94825
06/24/2023,AQS,3,3.6,ug/m3 LC,20,CCNY,1,100,88502,Acceptable PM2.5 AQI & Speciation Mass,702,PM2.5 SCC w/Correction Factor,35620,"New York-Newark-Jersey City, NY-NJ-PA",36,New York,61,New York,40.81976,-73.94825
06/25/2023,AQS,3,6.4,ug/m3 LC,36,CCNY,1,100,88502,Acceptable PM2.5 AQI & Speciation Mass,702,PM2.5 SCC w/Correction Factor,35620,"New York-Newark-Jersey City, NY-NJ-PA",36,New York,61,New York,40.81976,-73.94825
06/26/2023,AQS,3,5.6,ug/m3 LC,31,CCNY,1,100,88502,Acceptable PM2.5 AQI & Speciation Mass,702,PM2.5 SCC w/Correction Factor,35620,"New York-Newark-Jersey City, NY-NJ-PA",36,New York,61,New York,40.81976,-73.94825
06/27/2023,AQS,3,4.6,ug/m3 LC,26,CCNY,1,100,88502,Acceptable PM2.5 AQI & Speciation Mass,702,PM2.5 SCC w/Correction Factor,35620,"New York-Newark-Jersey City, NY-NJ-PA",36,New York,61,New York,40.81976,-73.94825
06/28/2023,AQS,3,7.5,ug/m3 LC,42,CCNY,1,100,88502,Acceptable PM2.5 AQI & Speciation Mass,702,PM2.5 SCC w/Correction Factor,35620,"New York-Newark-Jersey City, NY-NJ-PA",36,New York,61,New York,40.81976,-73.94825
06/29/2023,AQS,3,31,ug/m3 LC,92,CCNY,1,100,88502,Acceptable PM2.5 AQI & Speciation Mass,702,PM2.5 SCC w/Correction Factor,35620,"New York-Newark-Jersey City, NY-NJ-PA",36,New York,61,New York,40.81976,-73.94825
06/30/2023,AQS,3,49.4,ug/m3 LC,135,CCNY,1,100,88502,Acceptable PM2.5 AQI & Speciation Mass,702,PM2.5 SCC w/Correction Factor,35620,"New York-Newark-Jersey City, NY-NJ-PA",36,New York,61,New York,40.81976,-73.94825
07/01/2023,AQS,3,27,ug/m3 LC,84,CCNY,1,100,88502,Acceptable PM2.5 AQI & Speciation Mass,702,PM2.5 SCC w/Correction Factor,35620,"New York-Newark-Jersey City, NY-NJ-PA",36,New York,61,New York,40.81976,-73.94825
07/02/2023,AQS,3,15.4,ug/m3 LC,63,CCNY,1,100,88502,Acceptable PM2.5 AQI & Speciation Mass,702,PM2.5 SCC w/Correction Factor,35620,"New York-Newark-Jersey City, NY-NJ-PA",36,New York,61,New York,40.81976,-73.94825
07/03/2023,AQS,3,3.2,ug/m3 LC,18,CCNY,1,100,88502,Acceptable PM2.5 AQI & Speciation Mass,702,PM2.5 SCC w/Correction Factor,35620,"New York-Newark-Jersey City, NY-NJ-PA",36,New York,61,New York,40.81976,-73.94825
07/04/2023,AQS,3,20.8,ug/m3 LC,73,CCNY,1,100,88502,Acceptable PM2.5 AQI & Speciation Mass,702,PM2.5 SCC w/Correction Factor,35620,"New York-Newark-Jersey City, NY-NJ-PA",36,New York,61,New York,40.81976,-73.94825
07/05/2023,AQS,3,30.2,ug/m3 LC,90,CCNY,1,100,88502,Acceptable PM2.5 AQI & Speciation Mass,702,PM2.5 SCC w/Correction Factor,35620,"New York-Newark-Jersey City, NY-NJ-PA",36,New York,61,New York,40.81976,-73.94825
07/06/2023,AQS,3,7.4,ug/m3 LC,41,CCNY,1,100,88502,Acceptable PM2.5 AQI & Speciation Mass,702,PM2.5 SCC w/Correction Factor,35620,"New York-Newark-Jersey City, NY-NJ-PA",36,New York,61,New York,40.81976,-73.94825
07/07/2023,AQS,3,4.7,ug/m3 LC,26,CCNY,1,100,88502,Acceptable PM2.5 AQI & Speciation Mass,702,PM2.5 SCC w/Correction Factor,35620,"New York-Newark-Jersey City, NY-NJ-PA",36,New York,61,New York,40.81976,-73.94825
07/08/2023,AQS,3,6.3,ug/m3 LC,35,CCNY,1,100,88502,Acceptable PM2.5 AQI & Speciation Mass,702,PM2.5 SCC w/Correction Factor,35620,"New York-Newark-Jersey City, NY-NJ-PA",36,New York,61,New York,40.81976,-73.94825
07/09/2023,AQS,3,2.8,ug/m3 LC,16,CCNY,1,100,88502,Acceptable PM2.5 AQI & Speciation Mass,702,PM2.5 SCC w/Correction Factor,35620,"New York-Newark-Jersey City, NY-NJ-PA",36,New York,61,New York,40.81976,-73.94825
07/10/2023,AQS,3,-2,ug/m3 LC,0,CCNY,1,100,88502,Acceptable PM2.5 AQI & Speciation Mass,702,PM2.5 SCC w/Correction Factor,35620,"New York-Newark-Jersey City, NY-NJ-PA",36,New York,61,New York,40.81976,-73.94825
07/11/2023,AQS,3,8.2,ug/m3 LC,46,CCNY,1,100,88502,Acceptable PM2.5 AQI & Speciation Mass,702,PM2.5 SCC w/Correction Factor,35620,"New York-Newark-Jersey City, NY-NJ-PA",36,New York,61,New York,40.81976,-73.94825
07/12/2023,AQS,3,10.5,ug/m3 LC,54,CCNY,1,100,88502,Acceptable PM2.5 AQI & Speciation Mass,702,PM2.5 SCC w/Correction Factor,35620,"New York-Newark-Jersey City, NY-NJ-PA",36,New York,61,New York,40.81976,-73.94825
07/13/2023,AQS,3,14.1,ug/m3 LC,60,CCNY,1,100,88502,Acceptable PM2.5 AQI & Speciation Mass,702,PM2.5 SCC w/Correction Factor,35620,"New York-Newark-Jersey City, NY-NJ-PA",36,New York,61,New York,40.81976,-73.94825
07/14/2023,AQS,3,4.9,ug/m3 LC,27,CCNY,1,100,88502,Acceptable PM2.5 AQI & Speciation Mass,702,PM2.5 SCC w/Correction Factor,35620,"New York-Newark-Jersey City, NY-NJ-PA",36,New York,61,New York,40.81976,-73.94825
07/15/2023,AQS,3,6.4,ug/m3 LC,36,CCNY,1,100,88502,Acceptable PM2.5 AQI & Speciation Mass,702,PM2.5 SCC w/Correction Factor,35620,"New York-Newark-Jersey City, NY-NJ-PA",36,New York,61,New York,40.81976,-73.94825
07/16/2023,AQS,3,2.6,ug/m3 LC,14,CCNY,1,100,88502,Acceptable PM2.5 AQI & Speciation Mass,702,PM2.5 SCC w/Correction Factor,35620,"New York-Newark-Jersey City, NY-NJ-PA",36,New York,61,New York,40.81976,-73.94825
07/17/2023,AQS,3,18.2,ug/m3 LC,68,CCNY,1,100,88502,Acceptable PM2.5 AQI & Speciation Mass,702,PM2.5 SCC w/Correction Factor,35620,"New York-Newark-Jersey City, NY-NJ-PA",36,New York,61,New York,40.81976,-73.94825
07/18/2023,AQS,3,16.9,ug/m3 LC,66,CCNY,1,100,88502,Acceptable PM2.5 AQI & Speciation Mass,702,PM2.5 SCC w/Correction Factor,35620,"New York-Newark-Jersey City, NY-NJ-PA",36,New York,61,New York,40.81976,-73.94825
07/19/2023,AQS,3,29.7,ug/m3 LC,89,CCNY,1,100,88502,Acceptable PM2.5 AQI & Speciation Mass,702,PM2.5 SCC w/Correction Factor,35620,"New York-Newark-Jersey City, NY-NJ-PA",36,New York,61,New York,40.81976,-73.94825
07/20/2023,AQS,3,14.5,ug/m3 LC,61,CCNY,1,100,88502,Acceptable PM2.5 AQI & Speciation Mass,702,PM2.5 SCC w/Correction Factor,35620,"New York-Newark-Jersey City, NY-NJ-PA",36,New York,61,New York,40.81976,-73.94825
07/21/2023,AQS,3,6.3,ug/m3 LC,35,CCNY,1,100,88502,Acceptable PM2.5 AQI & Speciation Mass,702,PM2.5 SCC w/Correction Factor,35620,"New York-Newark-Jersey City, NY-NJ-PA",36,New York,61,New York,40.81976,-73.94825
07/22/2023,AQS,3,2.7,ug/m3 LC,15,CCNY,1,100,88502,Acceptable PM2.5 AQI & Speciation Mass,702,PM2.5 SCC w/Correction Factor,35620,"New York-Newark-Jersey City, NY-NJ-PA",36,New York,61,New York,40.81976,-73.94825
07/23/2023,AQS,3,6.5,ug/m3 LC,36,CCNY,1,100,88502,Acceptable PM2.5 AQI & Speciation Mass,702,PM2.5 SCC w/Correction Factor,35620,"New York-Newark-Jersey City, NY-NJ-PA",36,New York,61,New York,40.81976,-73.94825
07/24/2023,AQS,3,6.8,ug/m3 LC,38,CCNY,1,100,88502,Acceptable PM2.5 AQI & Speciation Mass,702,PM2.5 SCC w/Correction Factor,35620,"New York-Newark-Jersey City, NY-NJ-PA",36,New York,61,New York,40.81976,-73.94825
07/25/2023,AQS,3,7.4,ug/m3 LC,41,CCNY,1,100,88502,Acceptable PM2.5 AQI & Speciation Mass,702,PM2.5 SCC w/Correction Factor,35620,"New York-Newark-Jersey City, NY-NJ-PA",36,New York,61,New York,40.81976,-73.94825
07/26/2023,AQS,3,11.8,ug/m3 LC,56,CCNY,1,100,88502,Acceptable PM2.5 AQI & Speciation Mass,702,PM2.5 SCC w/Correction Factor,35620,"New York-Newark-Jersey City, NY-NJ-PA",36,New York,61,New York,40.81976,-73.94825
07/27/2023,AQS,3,12.9,ug/m3 LC,58,CCNY,1,100,88502,Acceptable PM2.5 AQI & Speciation Mass,702,PM2.5 SCC w/Correction Factor,35620,"New York-Newark-Jersey City, NY-NJ-PA",36,New York,61,New York,40.81976,-73.94825
07/28/2023,AQS,3,6.2,ug/m3 LC,34,CCNY,1,100,88502,Acceptable PM2.5 AQI & Speciation Mass,702,PM2.5 SCC w/Correction Factor,35620,"New York-Newark-Jersey City, NY-NJ-PA",36,New York,61,New York,40.81976,-73.94825
07/29/2023,AQS,3,4.2,ug/m3 LC,23,CCNY,1,100,88502,Acceptable PM2.5 AQI & Speciation Mass,702,PM2.5 SCC w/Correction Factor,35620,"New York-Newark-Jersey City, NY-NJ-PA",36,New York,61,New York,40.81976,-73.94825
07/31/2023,AQS,3,8.2,ug/m3 LC,46,CCNY,1,100,88502,Acceptable PM2.5 AQI & Speciation Mass,702,PM2.5 SCC w/Correction Factor,35620,"New York-Newark-Jersey City, NY-NJ-PA",36,New York,61,New York,40.81976,-73.94825
08/02/2023,AQS,3,0.1,ug/m3 LC,1,CCNY,1,100,88502,Acceptable PM2.5 AQI & Speciation Mass,702,PM2.5 SCC w/Correction Factor,35620,"New York-Newark-Jersey City, NY-NJ-PA",36,New York,61,New York,40.81976,-73.94825
08/03/2023,AQS,3,1.5,ug/m3 LC,8,CCNY,1,100,88502,Acceptable PM2.5 AQI & Speciation Mass,702,PM2.5 SCC w/Correction Factor,35620,"New York-Newark-Jersey City, NY-NJ-PA",36,New York,61,New York,40.81976,-73.94825
08/04/2023,AQS,3,10.1,ug/m3 LC,53,CCNY,1,100,88502,Acceptable PM2.5 AQI & Speciation Mass,702,PM2.5 SCC w/Correction Factor,35620,"New York-Newark-Jersey City, NY-NJ-PA",36,New York,61,New York,40.81976,-73.94825
08/05/2023,AQS,3,12.4,ug/m3 LC,57,CCNY,1,100,88502,Acceptable PM2.5 AQI & Speciation Mass,702,PM2.5 SCC w/Correction Factor,35620,"New York-Newark-Jersey City, NY-NJ-PA",36,New York,61,New York,40.81976,-73.94825
08/06/2023,AQS,3,13.8,ug/m3 LC,60,CCNY,1,100,88502,Acceptable PM2.5 AQI & Speciation Mass,702,PM2.5 SCC w/Correction Factor,35620,"New York-Newark-Jersey City, NY-NJ-PA",36,New York,61,New York,40.81976,-73.94825
08/07/2023,AQS,3,7,ug/m3 LC,39,CCNY,1,100,88502,Acceptable PM2.5 AQI & Speciation Mass,702,PM2.5 SCC w/Correction Factor,35620,"New York-Newark-Jersey City, NY-NJ-PA",36,New York,61,New York,40.81976,-73.94825
08/08/2023,AQS,3,0.3,ug/m3 LC,2,CCNY,1,100,88502,Acceptable PM2.5 AQI & Speciation Mass,702,PM2.5 SCC w/Correction Factor,35620,"New York-Newark-Jersey City, NY-NJ-PA",36,New York,61,New York,40.81976,-73.94825
08/09/2023,AQS,3,7.2,ug/m3 LC,40,CCNY,1,100,88502,Acceptable PM2.5 AQI & Speciation Mass,702,PM2.5 SCC w/Correction Factor,35620,"New York-Newark-Jersey City, NY-NJ-PA",36,New York,61,New York,40.81976,-73.94825
08/10/2023,AQS,3,10.9,ug/m3 LC,54,CCNY,1,100,88502,Acceptable PM2.5 AQI & Speciation Mass,702,PM2.5 SCC w/Correction Factor,35620,"New York-Newark-Jersey City, NY-NJ-PA",36,New York,61,New York,40.81976,-73.94825
08/11/2023,AQS,3,9.4,ug/m3 LC,52,CCNY,1,100,88502,Acceptable PM2.5 AQI & Speciation Mass,702,PM2.5 SCC w/Correction Factor,35620,"New York-Newark-Jersey City, NY-NJ-PA",36,New York,61,New York,40.81976,-73.94825
08/12/2023,AQS,3,9.5,ug/m3 LC,52,CCNY,1,100,88502,Acceptable PM2.5 AQI & Speciation Mass,702,PM2.5 SCC w/Correction Factor,35620,"New York-Newark-Jersey City, NY-NJ-PA",36,New York,61,New York,40.81976,-73.94825
08/13/2023,AQS,3,2.3,ug/m3 LC,13,CCNY,1,100,88502,Acceptable PM2.5 AQI & Speciation Mass,702,PM2.5 SCC w/Correction Factor,35620,"New York-Newark-Jersey City, NY-NJ-PA",36,New York,61,New York,40.81976,-73.94825
08/14/2023,AQS,3,5.2,ug/m3 LC,29,CCNY,1,100,88502,Acceptable PM2.5 AQI & Speciation Mass,702,PM2.5 SCC w/Correction Factor,35620,"New York-Newark-Jersey City, NY-NJ-PA",36,New York,61,New York,40.81976,-73.94825
08/15/2023,AQS,3,5.3,ug/m3 LC,29,CCNY,1,100,88502,Acceptable PM2.5 AQI & Speciation Mass,702,PM2.5 SCC w/Correction Factor,35620,"New York-Newark-Jersey City, NY-NJ-PA",36,New York,61,New York,40.81976,-73.94825
08/16/2023,AQS,3,1.5,ug/m3 LC,8,CCNY,1,100,88502,Acceptable PM2.5 AQI & Speciation Mass,702,PM2.5 SCC w/Correction Factor,35620,"New York-Newark-Jersey City, NY-NJ-PA",36,New York,61,New York,40.81976,-73.94825
08/17/2023,AQS,3,2.3,ug/m3 LC,13,CCNY,1,100,88502,Acceptable PM2.5 AQI & Speciation Mass,702,PM2.5 SCC w/Correction Factor,35620,"New York-Newark-Jersey City, NY-NJ-PA",36,New York,61,New York,40.81976,-73.94825
08/18/2023,AQS,3,3.2,ug/m3 LC,18,CCNY,1,100,88502,Acceptable PM2.5 AQI & Speciation Mass,702,PM2.5 SCC w/Correction Factor,35620,"New York-Newark-Jersey City, NY-NJ-PA",36,New York,61,New York,40.81976,-73.94825
08/19/2023,AQS,3,5.6,ug/m3 LC,31,CCNY,1,100,88502,Acceptable PM2.5 AQI & Speciation Mass,702,PM2.5 SCC w/Correction Factor,35620,"New York-Newark-Jersey City, NY-NJ-PA",36,New York,61,New York,40.81976,-73.94825
08/20/2023,AQS,3,9.2,ug/m3 LC,51,CCNY,1,100,88502,Acceptable PM2.5 AQI & Speciation Mass,702,PM2.5 SCC w/Correction Factor,35620,"New York-Newark-Jersey City, NY-NJ-PA",36,New York,61,New York,40.81976,-73.94825
08/21/2023,AQS,3,15.6,ug/m3 LC,63,CCNY,1,100,88502,Acceptable PM2.5 AQI & Speciation Mass,702,PM2.5 SCC w/Correction Factor,35620,"New York-Newark-Jersey City, NY-NJ-PA",36,New York,61,New York,40.81976,-73.94825
08/22/2023,AQS,3,5.1,ug/m3 LC,28,CCNY,1,100,88502,Acceptable PM2.5 AQI & Speciation Mass,702,PM2.5 SCC w/Correction Factor,35620,"New York-Newark-Jersey City, NY-NJ-PA",36,New York,61,New York,40.81976,-73.94825
08/23/2023,AQS,3,2.4,ug/m3 LC,13,CCNY,1,100,88502,Acceptable PM2.5 AQI & Speciation Mass,702,PM2.5 SCC w/Correction Factor,35620,"New York-Newark-Jersey City, NY-NJ-PA",36,New York,61,New York,40.81976,-73.94825
08/24/2023,AQS,3,2.8,ug/m3 LC,16,CCNY,1,100,88502,Acceptable PM2.5 AQI & Speciation Mass,702,PM2.5 SCC w/Correction Factor,35620,"New York-Newark-Jersey City, NY-NJ-PA",36,New York,61,New York,40.81976,-73.94825
08/25/2023,AQS,3,5.5,ug/m3 LC,31,CCNY,1,100,88502,Acceptable PM2.5 AQI & Speciation Mass,702,PM2.5 SCC w/Correction Factor,35620,"New York-Newark-Jersey City, NY-NJ-PA",36,New York,61,New York,40.81976,-73.94825
08/26/2023,AQS,3,7.1,ug/m3 LC,39,CCNY,1,100,88502,Acceptable PM2.5 AQI & Speciation Mass,702,PM2.5 SCC w/Correction Factor,35620,"New York-Newark-Jersey City, NY-NJ-PA",36,New York,61,New York,40.81976,-73.94825
08/27/2023,AQS,3,3,ug/m3 LC,17,CCNY,1,100,88502,Acceptable PM2.5 AQI & Speciation Mass,702,PM2.5 SCC w/Correction Factor,35620,"New York-Newark-Jersey City, NY-NJ-PA",36,New York,61,New York,40.81976,-73.94825
08/28/2023,AQS,3,5,ug/m3 LC,28,CCNY,1,100,88502,Acceptable PM2.5 AQI & Speciation Mass,702,PM2.5 SCC w/Correction Factor,35620,"New York-Newark-Jersey City, NY-NJ-PA",36,New York,61,New York,40.81976,-73.94825
08/29/2023,AQS,3,2.9,ug/m3 LC,16,CCNY,1,100,88502,Acceptable PM2.5 AQI & Speciation Mass,702,PM2.5 SCC w/Correction Factor,35620,"New York-Newark-Jersey City, NY-NJ-PA",36,New York,61,New York,40.81976,-73.94825
08/30/2023,AQS,3,2.6,ug/m3 LC,14,CCNY,1,100,88502,Acceptable PM2.5 AQI & Speciation Mass,702,PM2.5 SCC w/Correction Factor,35620,"New York-Newark-Jersey City, NY-NJ-PA",36,New York,61,New York,40.81976,-73.94825
08/31/2023,AQS,3,1.7,ug/m3 LC,9,CCNY,1,100,88502,Acceptable PM2.5 AQI & Speciation Mass,702,PM2.5 SCC w/Correction Factor,35620,"New York-Newark-Jersey City, NY-NJ-PA",36,New York,61,New York,40.81976,-73.94825
09/01/2023,AQS,3,3.2,ug/m3 LC,18,CCNY,1,100,88502,Acceptable PM2.5 AQI & Speciation Mass,702,PM2.5 SCC w/Correction Factor,35620,"New York-Newark-Jersey City, NY-NJ-PA",36,New York,61,New York,40.81976,-73.94825
09/02/2023,AQS,3,4.6,ug/m3 LC,26,CCNY,1,100,88502,Acceptable PM2.5 AQI & Speciation Mass,702,PM2.5 SCC w/Correction Factor,35620,"New York-Newark-Jersey City, NY-NJ-PA",36,New York,61,New York,40.81976,-73.94825
09/03/2023,AQS,3,9.4,ug/m3 LC,52,CCNY,1,100,88502,Acceptable PM2.5 AQI & Speciation Mass,702,PM2.5 SCC w/Correction Factor,35620,"New York-Newark-Jersey City, NY-NJ-PA",36,New York,61,New York,40.81976,-73.94825
09/04/2023,AQS,3,13.6,ug/m3 LC,59,CCNY,1,100,88502,Acceptable PM2.5 AQI & Speciation Mass,702,PM2.5 SCC w/Correction Factor,35620,"New York-Newark-Jersey City, NY-NJ-PA",36,New York,61,New York,40.81976,-73.94825
09/05/2023,AQS,3,13.9,ug/m3 LC,60,CCNY,1,100,88502,Acceptable PM2.5 AQI & Speciation Mass,702,PM2.5 SCC w/Correction Factor,35620,"New York-Newark-Jersey City, NY-NJ-PA",36,New York,61,New York,40.81976,-73.94825
09/06/2023,AQS,3,11.2,ug/m3 LC,55,CCNY,1,100,88502,Acceptable PM2.5 AQI & Speciation Mass,702,PM2.5 SCC w/Correction Factor,35620,"New York-Newark-Jersey City, NY-NJ-PA",36,New York,61,New York,40.81976,-73.94825
09/07/2023,AQS,3,10.7,ug/m3 LC,54,CCNY,1,100,88502,Acceptable PM2.5 AQI & Speciation Mass,702,PM2.5 SCC w/Correction Factor,35620,"New York-Newark-Jersey City, NY-NJ-PA",36,New York,61,New York,40.81976,-73.94825
09/08/2023,AQS,3,10.7,ug/m3 LC,54,CCNY,1,100,88502,Acceptable PM2.5 AQI & Speciation Mass,702,PM2.5 SCC w/Correction Factor,35620,"New York-Newark-Jersey City, NY-NJ-PA",36,New York,61,New York,40.81976,-73.94825
09/09/2023,AQS,3,10.4,ug/m3 LC,53,CCNY,1,100,88502,Acceptable PM2.5 AQI & Speciation Mass,702,PM2.5 SCC w/Correction Factor,35620,"New York-Newark-Jersey City, NY-NJ-PA",36,New York,61,New York,40.81976,-73.94825
09/10/2023,AQS,3,4.2,ug/m3 LC,23,CCNY,1,100,88502,Acceptable PM2.5 AQI & Speciation Mass,702,PM2.5 SCC w/Correction Factor,35620,"New York-Newark-Jersey City, NY-NJ-PA",36,New York,61,New York,40.81976,-73.94825
09/11/2023,AQS,3,3.2,ug/m3 LC,18,CCNY,1,100,88502,Acceptable PM2.5 AQI & Speciation Mass,702,PM2.5 SCC w/Correction Factor,35620,"New York-Newark-Jersey City, NY-NJ-PA",36,New York,61,New York,40.81976,-73.94825
09/12/2023,AQS,3,3.3,ug/m3 LC,18,CCNY,1,100,88502,Acceptable PM2.5 AQI & Speciation Mass,702,PM2.5 SCC w/Correction Factor,35620,"New York-Newark-Jersey City, NY-NJ-PA",36,New York,61,New York,40.81976,-73.94825
09/13/2023,AQS,3,3.4,ug/m3 LC,19,CCNY,1,100,88502,Acceptable PM2.5 AQI & Speciation Mass,702,PM2.5 SCC w/Correction Factor,35620,"New York-Newark-Jersey City, NY-NJ-PA",36,New York,61,New York,40.81976,-73.94825
09/14/2023,AQS,3,2,ug/m3 LC,11,CCNY,1,100,88502,Acceptable PM2.5 AQI & Speciation Mass,702,PM2.5 SCC w/Correction Factor,35620,"New York-Newark-Jersey City, NY-NJ-PA",36,New York,61,New York,40.81976,-73.94825
09/15/2023,AQS,3,2,ug/m3 LC,11,CCNY,1,100,88502,Acceptable PM2.5 AQI & Speciation Mass,702,PM2.5 SCC w/Correction Factor,35620,"New York-Newark-Jersey City, NY-NJ-PA",36,New York,61,New York,40.81976,-73.94825
09/16/2023,AQS,3,3.5,ug/m3 LC,19,CCNY,1,100,88502,Acceptable PM2.5 AQI & Speciation Mass,702,PM2.5 SCC w/Correction Factor,35620,"New York-Newark-Jersey City, NY-NJ-PA",36,New York,61,New York,40.81976,-73.94825
09/17/2023,AQS,3,7.1,ug/m3 LC,39,CCNY,1,100,88502,Acceptable PM2.5 AQI & Speciation Mass,702,PM2.5 SCC w/Correction Factor,35620,"New York-Newark-Jersey City, NY-NJ-PA",36,New York,61,New York,40.81976,-73.94825
09/18/2023,AQS,3,3.7,ug/m3 LC,21,CCNY,1,100,88502,Acceptable PM2.5 AQI & Speciation Mass,702,PM2.5 SCC w/Correction Factor,35620,"New York-Newark-Jersey City, NY-NJ-PA",36,New York,61,New York,40.81976,-73.94825
09/19/2023,AQS,3,5.7,ug/m3 LC,32,CCNY,1,100,88502,Acceptable PM2.5 AQI & Speciation Mass,702,PM2.5 SCC w/Correction Factor,35620,"New York-Newark-Jersey City, NY-NJ-PA",36,New York,61,New York,40.81976,-73.94825
09/20/2023,AQS,3,5.3,ug/m3 LC,29,CCNY,1,100,88502,Acceptable PM2.5 AQI & Speciation Mass,702,PM2.5 SCC w/Correction Factor,35620,"New York-Newark-Jersey City, NY-NJ-PA",36,New York,61,New York,40.81976,-73.94825
09/21/2023,AQS,3,5.2,ug/m3 LC,29,CCNY,1,100,88502,Acceptable PM2.5 AQI & Speciation Mass,702,PM2.5 SCC w/Correction Factor,35620,"New York-Newark-Jersey City, NY-NJ-PA",36,New York,61,New York,40.81976,-73.94825
09/22/2023,AQS,3,4.4,ug/m3 LC,24,CCNY,1,100,88502,Acceptable PM2.5 AQI & Speciation Mass,702,PM2.5 SCC w/Correction Factor,35620,"New York-Newark-Jersey City, NY-NJ-PA",36,New York,61,New York,40.81976,-73.94825
09/23/2023,AQS,3,1.1,ug/m3 LC,6,CCNY,1,100,88502,Acceptable PM2.5 AQI & Speciation Mass,702,PM2.5 SCC w/Correction Factor,35620,"New York-Newark-Jersey City, NY-NJ-PA",36,New York,61,New York,40.81976,-73.94825
09/24/2023,AQS,3,-0.5,ug/m3 LC,0,CCNY,1,100,88502,Acceptable PM2.5 AQI & Speciation Mass,702,PM2.5 SCC w/Correction Factor,35620,"New York-Newark-Jersey City, NY-NJ-PA",36,New York,61,New York,40.81976,-73.94825
09/25/2023,AQS,3,4,ug/m3 LC,22,CCNY,1,100,88502,Acceptable PM2.5 AQI & Speciation Mass,702,PM2.5 SCC w/Correction Factor,35620,"New York-Newark-Jersey City, NY-NJ-PA",36,New York,61,New York,40.81976,-73.94825
09/26/2023,AQS,3,11.2,ug/m3 LC,55,CCNY,1,100,88502,Acceptable PM2.5 AQI & Speciation Mass,702,PM2.5 SCC w/Correction Factor,35620,"New York-Newark-Jersey City, NY-NJ-PA",36,New York,61,New York,40.81976,-73.94825
09/27/2023,AQS,3,5.3,ug/m3 LC,29,CCNY,1,100,88502,Acceptable PM2.5 AQI & Speciation Mass,702,PM2.5 SCC w/Correction Factor,35620,"New York-Newark-Jersey City, NY-NJ-PA",36,New York,61,New York,40.81976,-73.94825
09/28/2023,AQS,3,8.7,ug/m3 LC,48,CCNY,1,100,88502,Acceptable PM2.5 AQI & Speciation Mass,702,PM2.5 SCC w/Correction Factor,35620,"New York-Newark-Jersey City, NY-NJ-PA",36,New York,61,New York,40.81976,-73.94825
09/29/2023,AQS,3,1.7,ug/m3 LC,9,CCNY,1,100,88502,Acceptable PM2.5 AQI & Speciation Mass,702,PM2.5 SCC w/Correction Factor,35620,"New York-Newark-Jersey City, NY-NJ-PA",36,New York,61,New York,40.81976,-73.94825
09/30/2023,AQS,3,7.5,ug/m3 LC,42,CCNY,1,100,88502,Acceptable PM2.5 AQI & Speciation Mass,702,PM2.5 SCC w/Correction Factor,35620,"New York-Newark-Jersey City, NY-NJ-PA",36,New York,61,New York,40.81976,-73.94825
10/01/2023,AQS,3,10.5,ug/m3 LC,54,CCNY,1,100,88502,Acceptable PM2.5 AQI & Speciation Mass,702,PM2.5 SCC w/Correction Factor,35620,"New York-Newark-Jersey City, NY-NJ-PA",36,New York,61,New York,40.81976,-73.94825
10/02/2023,AQS,3,11.1,ug/m3 LC,55,CCNY,1,100,88502,Acceptable PM2.5 AQI & Speciation Mass,702,PM2.5 SCC w/Correction Factor,35620,"New York-Newark-Jersey City, NY-NJ-PA",36,New York,61,New York,40.81976,-73.94825
10/03/2023,AQS,3,14.2,ug/m3 LC,61,CCNY,1,100,88502,Acceptable PM2.5 AQI & Speciation Mass,702,PM2.5 SCC w/Correction Factor,35620,"New York-Newark-Jersey City, NY-NJ-PA",36,New York,61,New York,40.81976,-73.94825
10/04/2023,AQS,3,13.7,ug/m3 LC,60,CCNY,1,100,88502,Acceptable PM2.5 AQI & Speciation Mass,702,PM2.5 SCC w/Correction Factor,35620,"New York-Newark-Jersey City, NY-NJ-PA",36,New York,61,New York,40.81976,-73.94825
10/05/2023,AQS,3,6,ug/m3 LC,33,CCNY,1,100,88502,Acceptable PM2.5 AQI & Speciation Mass,702,PM2.5 SCC w/Correction Factor,35620,"New York-Newark-Jersey City, NY-NJ-PA",36,New York,61,New York,40.81976,-73.94825
10/06/2023,AQS,3,4.6,ug/m3 LC,26,CCNY,1,100,88502,Acceptable PM2.5 AQI & Speciation Mass,702,PM2.5 SCC w/Correction Factor,35620,"New York-Newark-Jersey City, NY-NJ-PA",36,New York,61,New York,40.81976,-73.94825
10/07/2023,AQS,3,0.8,ug/m3 LC,4,CCNY,1,100,88502,Acceptable PM2.5 AQI & Speciation Mass,702,PM2.5 SCC w/Correction Factor,35620,"New York-Newark-Jersey City, NY-NJ-PA",36,New York,61,New York,40.81976,-73.94825
10/08/2023,AQS,3,0.9,ug/m3 LC,5,CCNY,1,100,88502,Acceptable PM2.5 AQI & Speciation Mass,702,PM2.5 SCC w/Correction Factor,35620,"New York-Newark-Jersey City, NY-NJ-PA",36,New York,61,New York,40.81976,-73.94825
10/09/2023,AQS,3,3.1,ug/m3 LC,17,CCNY,1,100,88502,Acceptable PM2.5 AQI & Speciation Mass,702,PM2.5 SCC w/Correction Factor,35620,"New York-Newark-Jersey City, NY-NJ-PA",36,New York,61,New York,40.81976,-73.94825
10/10/2023,AQS,3,6.4,ug/m3 LC,36,CCNY,1,100,88502,Acceptable PM2.5 AQI & Speciation Mass,702,PM2.5 SCC w/Correction Factor,35620,"New York-Newark-Jersey City, NY-NJ-PA",36,New York,61,New York,40.81976,-73.94825
10/11/2023,AQS,3,10.2,ug/m3 LC,53,CCNY,1,100,88502,Acceptable PM2.5 AQI & Speciation Mass,702,PM2.5 SCC w/Correction Factor,35620,"New York-Newark-Jersey City, NY-NJ-PA",36,New York,61,New York,40.81976,-73.94825
10/12/2023,AQS,3,8.2,ug/m3 LC,46,CCNY,1,100,88502,Acceptable PM2.5 AQI & Speciation Mass,702,PM2.5 SCC w/Correction Factor,35620,"New York-Newark-Jersey City, NY-NJ-PA",36,New York,61,New York,40.81976,-73.94825
10/13/2023,AQS,3,2.4,ug/m3 LC,13,CCNY,1,100,88502,Acceptable PM2.5 AQI & Speciation Mass,702,PM2.5 SCC w/Correction Factor,35620,"New York-Newark-Jersey City, NY-NJ-PA",36,New York,61,New York,40.81976,-73.94825
10/14/2023,AQS,3,1.5,ug/m3 LC,8,CCNY,1,100,88502,Acceptable PM2.5 AQI & Speciation Mass,702,PM2.5 SCC w/Correction Factor,35620,"New York-Newark-Jersey City, NY-NJ-PA",36,New York,61,New York,40.81976,-73.94825
10/15/2023,AQS,3,1.6,ug/m3 LC,9,CCNY,1,100,88502,Acceptable PM2.5 AQI & Speciation Mass,702,PM2.5 SCC w/Correction Factor,35620,"New York-Newark-Jersey City, NY-NJ-PA",36,New York,61,New York,40.81976,-73.94825
10/16/2023,AQS,3,2.2,ug/m3 LC,12,CCNY,1,100,88502,Acceptable PM2.5 AQI & Speciation Mass,702,PM2.5 SCC w/Correction Factor,35620,"New York-Newark-Jersey City, NY-NJ-PA",36,New York,61,New York,40.81976,-73.94825
10/17/2023,AQS,3,4.2,ug/m3 LC,23,CCNY,1,100,88502,Acceptable PM2.5 AQI & Speciation Mass,702,PM2.5 SCC w/Correction Factor,35620,"New York-Newark-Jersey City, NY-NJ-PA",36,New York,61,New York,40.81976,-73.94825
10/18/2023,AQS,3,6.1,ug/m3 LC,34,CCNY,1,100,88502,Acceptable PM2.5 AQI & Speciation Mass,702,PM2.5 SCC w/Correction Factor,35620,"New York-Newark-Jersey City, NY-NJ-PA",36,New York,61,New York,40.81976,-73.94825
10/19/2023,AQS,3,5.4,ug/m3 LC,30,CCNY,1,100,88502,Acceptable PM2.5 AQI & Speciation Mass,702,PM2.5 SCC w/Correction Factor,35620,"New York-Newark-Jersey City, NY-NJ-PA",36,New York,61,New York,40.81976,-73.94825
10/20/2023,AQS,3,2.2,ug/m3 LC,12,CCNY,1,100,88502,Acceptable PM2.5 AQI & Speciation Mass,702,PM2.5 SCC w/Correction Factor,35620,"New York-Newark-Jersey City, NY-NJ-PA",36,New York,61,New York,40.81976,-73.94825
10/24/2023,AQS,3,4.5,ug/m3 LC,25,CCNY,1,100,88502,Acceptable PM2.5 AQI & Speciation Mass,702,PM2.5 SCC w/Correction Factor,35620,"New York-Newark-Jersey City, NY-NJ-PA",36,New York,61,New York,40.81976,-73.94825
10/25/2023,AQS,3,8.3,ug/m3 LC,46,CCNY,1,100,88502,Acceptable PM2.5 AQI & Speciation Mass,702,PM2.5 SCC w/Correction Factor,35620,"New York-Newark-Jersey City, NY-NJ-PA",36,New York,61,New York,40.81976,-73.94825
10/26/2023,AQS,3,13,ug/m3 LC,58,CCNY,1,100,88502,Acceptable PM2.5 AQI & Speciation Mass,702,PM2.5 SCC w/Correction Factor,35620,"New York-Newark-Jersey City, NY-NJ-PA",36,New York,61,New York,40.81976,-73.94825
10/27/2023,AQS,3,12.9,ug/m3 LC,58,CCNY,1,100,88502,Acceptable PM2.5 AQI & Speciation Mass,702,PM2.5 SCC w/Correction Factor,35620,"New York-Newark-Jersey City, NY-NJ-PA",36,New York,61,New York,40.81976,-73.94825
10/28/2023,AQS,3,7.4,ug/m3 LC,41,CCNY,1,100,88502,Acceptable PM2.5 AQI & Speciation Mass,702,PM2.5 SCC w/Correction Factor,35620,"New York-Newark-Jersey City, NY-NJ-PA",36,New York,61,New York,40.81976,-73.94825
10/29/2023,AQS,3,1,ug/m3 LC,6,CCNY,1,100,88502,Acceptable PM2.5 AQI & Speciation Mass,702,PM2.5 SCC w/Correction Factor,35620,"New York-Newark-Jersey City, NY-NJ-PA",36,New York,61,New York,40.81976,-73.94825
10/30/2023,AQS,3,3.2,ug/m3 LC,18,CCNY,1,100,88502,Acceptable PM2.5 AQI & Speciation Mass,702,PM2.5 SCC w/Correction Factor,35620,"New York-Newark-Jersey City, NY-NJ-PA",36,New York,61,New York,40.81976,-73.94825
10/31/2023,AQS,3,1.4,ug/m3 LC,8,CCNY,1,100,88502,Acceptable PM2.5 AQI & Speciation Mass,702,PM2.5 SCC w/Correction Factor,35620,"New York-Newark-Jersey City, NY-NJ-PA",36,New York,61,New York,40.81976,-73.94825
11/01/2023,AQS,3,4.6,ug/m3 LC,26,CCNY,1,100,88502,Acceptable PM2.5 AQI & Speciation Mass,702,PM2.5 SCC w/Correction Factor,35620,"New York-Newark-Jersey City, NY-NJ-PA",36,New York,61,New York,40.81976,-73.94825
11/02/2023,AQS,3,2.5,ug/m3 LC,14,CCNY,1,100,88502,Acceptable PM2.5 AQI & Speciation Mass,702,PM2.5 SCC w/Correction Factor,35620,"New York-Newark-Jersey City, NY-NJ-PA",36,New York,61,New York,40.81976,-73.94825
11/04/2023,AQS,3,9.7,ug/m3 LC,52,CCNY,1,100,88502,Acceptable PM2.5 AQI & Speciation Mass,702,PM2.5 SCC w/Correction Factor,35620,"New York-Newark-Jersey City, NY-NJ-PA",36,New York,61,New York,40.81976,-73.94825
11/05/2023,AQS,3,13.5,ug/m3 LC,59,CCNY,1,100,88502,Acceptable PM2.5 AQI & Speciation Mass,702,PM2.5 SCC w/Correction Factor,35620,"New York-Newark-Jersey City, NY-NJ-PA",36,New York,61,New York,40.81976,-73.94825
11/06/2023,AQS,3,5.9,ug/m3 LC,33,CCNY,1,100,88502,Acceptable PM2.5 AQI & Speciation Mass,702,PM2.5 SCC w/Correction Factor,35620,"New York-Newark-Jersey City, NY-NJ-PA",36,New York,61,New York,40.81976,-73.94825
11/07/2023,AQS,3,12.2,ug/m3 LC,57,CCNY,1,100,88502,Acceptable PM2.5 AQI & Speciation Mass,702,PM2.5 SCC w/Correction Factor,35620,"New York-Newark-Jersey City, NY-NJ-PA",36,New York,61,New York,40.81976,-73.94825
11/08/2023,AQS,3,2.9,ug/m3 LC,16,CCNY,1,100,88502,Acceptable PM2.5 AQI & Speciation Mass,702,PM2.5 SCC w/Correction Factor,35620,"New York-Newark-Jersey City, NY-NJ-PA",36,New York,61,New York,40.81976,-73.94825
11/09/2023,AQS,3,8.9,ug/m3 LC,49,CCNY,1,100,88502,Acceptable PM2.5 AQI & Speciation Mass,702,PM2.5 SCC w/Correction Factor,35620,"New York-Newark-Jersey City, NY-NJ-PA",36,New York,61,New York,40.81976,-73.94825
11/10/2023,AQS,3,5.3,ug/m3 LC,29,CCNY,1,100,88502,Acceptable PM2.5 AQI & Speciation Mass,702,PM2.5 SCC w/Correction Factor,35620,"New York-Newark-Jersey City, NY-NJ-PA",36,New York,61,New York,40.81976,-73.94825
11/11/2023,AQS,3,5.5,ug/m3 LC,31,CCNY,1,100,88502,Acceptable PM2.5 AQI & Speciation Mass,702,PM2.5 SCC w/Correction Factor,35620,"New York-Newark-Jersey City, NY-NJ-PA",36,New York,61,New York,40.81976,-73.94825
11/12/2023,AQS,3,3.7,ug/m3 LC,21,CCNY,1,100,88502,Acceptable PM2.5 AQI & Speciation Mass,702,PM2.5 SCC w/Correction Factor,35620,"New York-Newark-Jersey City, NY-NJ-PA",36,New York,61,New York,40.81976,-73.94825
11/13/2023,AQS,3,6.5,ug/m3 LC,36,CCNY,1,100,88502,Acceptable PM2.5 AQI & Speciation Mass,702,PM2.5 SCC w/Correction Factor,35620,"New York-Newark-Jersey City, NY-NJ-PA",36,New York,61,New York,40.81976,-73.94825
11/14/2023,AQS,3,2.8,ug/m3 LC,16,CCNY,1,100,88502,Acceptable PM2.5 AQI & Speciation Mass,702,PM2.5 SCC w/Correction Factor,35620,"New York-Newark-Jersey City, NY-NJ-PA",36,New York,61,New York,40.81976,-73.94825
11/15/2023,AQS,3,5.7,ug/m3 LC,32,CCNY,1,100,88502,Acceptable PM2.5 AQI & Speciation Mass,702,PM2.5 SCC w/Correction Factor,35620,"New York-Newark-Jersey City, NY-NJ-PA",36,New York,61,New York,40.81976,-73.94825
11/16/2023,AQS,3,13.6,ug/m3 LC,59,CCNY,1,100,88502,Acceptable PM2.5 AQI & Speciation Mass,702,PM2.5 SCC w/Correction Factor,35620,"New York-Newark-Jersey City, NY-NJ-PA",36,New York,61,New York,40.81976,-73.94825
11/17/2023,AQS,3,10,ug/m3 LC,53,CCNY,1,100,88502,Acceptable PM2.5 AQI & Speciation Mass,702,PM2.5 SCC w/Correction Factor,35620,"New York-Newark-Jersey City, NY-NJ-PA",36,New York,61,New York,40.81976,-73.94825
11/18/2023,AQS,3,4.6,ug/m3 LC,26,CCNY,1,100,88502,Acceptable PM2.5 AQI & Speciation Mass,702,PM2.5 SCC w/Correction Factor,35620,"New York-Newark-Jersey City, NY-NJ-PA",36,New York,61,New York,40.81976,-73.94825
11/19/2023,AQS,3,5.6,ug/m3 LC,31,CCNY,1,100,88502,Acceptable PM2.5 AQI & Speciation Mass,702,PM2.5 SCC w/Correction Factor,35620,"New York-Newark-Jersey City, NY-NJ-PA",36,New York,61,New York,40.81976,-73.94825
11/20/2023,AQS,3,4.8,ug/m3 LC,27,CCNY,1,100,88502,Acceptable PM2.5 AQI & Speciation Mass,702,PM2.5 SCC w/Correction Factor,35620,"New York-Newark-Jersey City, NY-NJ-PA",36,New York,61,New York,40.81976,-73.94825
11/21/2023,AQS,3,1.5,ug/m3 LC,8,CCNY,1,100,88502,Acceptable PM2.5 AQI & Speciation Mass,702,PM2.5 SCC w/Correction Factor,35620,"New York-Newark-Jersey City, NY-NJ-PA",36,New York,61,New York,40.81976,-73.94825
11/22/2023,AQS,3,0.9,ug/m3 LC,5,CCNY,1,100,88502,Acceptable PM2.5 AQI & Speciation Mass,702,PM2.5 SCC w/Correction Factor,35620,"New York-Newark-Jersey City, NY-NJ-PA",36,New York,61,New York,40.81976,-73.94825
11/23/2023,AQS,3,4.9,ug/m3 LC,27,CCNY,1,100,88502,Acceptable PM2.5 AQI & Speciation Mass,702,PM2.5 SCC w/Correction Factor,35620,"New York-Newark-Jersey City, NY-NJ-PA",36,New York,61,New York,40.81976,-73.94825
11/24/2023,AQS,3,5.3,ug/m3 LC,29,CCNY,1,100,88502,Acceptable PM2.5 AQI & Speciation Mass,702,PM2.5 SCC w/Correction Factor,35620,"New York-Newark-Jersey City, NY-NJ-PA",36,New York,61,New York,40.81976,-73.94825
11/25/2023,AQS,3,5.7,ug/m3 LC,32,CCNY,1,100,88502,Acceptable PM2.5 AQI & Speciation Mass,702,PM2.5 SCC w/Correction Factor,35620,"New York-Newark-Jersey City, NY-NJ-PA",36,New York,61,New York,40.81976,-73.94825
11/26/2023,AQS,3,5,ug/m3 LC,28,CCNY,1,100,88502,Acceptable PM2.5 AQI & Speciation Mass,702,PM2.5 SCC w/Correction Factor,35620,"New York-Newark-Jersey City, NY-NJ-PA",36,New York,61,New York,40.81976,-73.94825
11/27/2023,AQS,3,5.3,ug/m3 LC,29,CCNY,1,100,88502,Acceptable PM2.5 AQI & Speciation Mass,702,PM2.5 SCC w/Correction Factor,35620,"New York-Newark-Jersey City, NY-NJ-PA",36,New York,61,New York,40.81976,-73.94825
11/28/2023,AQS,3,4.9,ug/m3 LC,27,CCNY,1,100,88502,Acceptable PM2.5 AQI & Speciation Mass,702,PM2.5 SCC w/Correction Factor,35620,"New York-Newark-Jersey City, NY-NJ-PA",36,New York,61,New York,40.81976,-73.94825
11/29/2023,AQS,3,5.7,ug/m3 LC,32,CCNY,1,100,88502,Acceptable PM2.5 AQI & Speciation Mass,702,PM2.5 SCC w/Correction Factor,35620,"New York-Newark-Jersey City, NY-NJ-PA",36,New York,61,New York,40.81976,-73.94825
11/30/2023,AQS,3,9.7,ug/m3 LC,52,CCNY,1,100,88502,Acceptable PM2.5 AQI & Speciation Mass,702,PM2.5 SCC w/Correction Factor,35620,"New York-Newark-Jersey City, NY-NJ-PA",36,New York,61,New York,40.81976,-73.94825
12/01/2023,AQS,3,14,ug/m3 LC,60,CCNY,1,100,88502,Acceptable PM2.5 AQI & Speciation Mass,702,PM2.5 SCC w/Correction Factor,35620,"New York-Newark-Jersey City, NY-NJ-PA",36,New York,61,New York,40.81976,-73.94825
12/02/2023,AQS,3,14.9,ug/m3 LC,62,CCNY,1,100,88502,Acceptable PM2.5 AQI & Speciation Mass,702,PM2.5 SCC w/Correction Factor,35620,"New York-Newark-Jersey City, NY-NJ-PA",36,New York,61,New York,40.81976,-73.94825
12/03/2023,AQS,3,4.6,ug/m3 LC,26,CCNY,1,100,88502,Acceptable PM2.5 AQI & Speciation Mass,702,PM2.5 SCC w/Correction Factor,35620,"New York-Newark-Jersey City, NY-NJ-PA",36,New York,61,New York,40.81976,-73.94825
12/04/2023,AQS,3,5,ug/m3 LC,28,CCNY,1,100,88502,Acceptable PM2.5 AQI & Speciation Mass,702,PM2.5 SCC w/Correction Factor,35620,"New York-Newark-Jersey City, NY-NJ-PA",36,New York,61,New York,40.81976,-73.94825
12/05/2023,AQS,3,5.6,ug/m3 LC,31,CCNY,1,100,88502,Acceptable PM2.5 AQI & Speciation Mass,702,PM2.5 SCC w/Correction Factor,35620,"New York-Newark-Jersey City, NY-NJ-PA",36,New York,61,New York,40.81976,-73.94825
12/06/2023,AQS,3,5,ug/m3 LC,28,CCNY,1,100,88502,Acceptable PM2.5 AQI & Speciation Mass,702,PM2.5 SCC w/Correction Factor,35620,"New York-Newark-Jersey City, NY-NJ-PA",36,New York,61,New York,40.81976,-73.94825
12/07/2023,AQS,3,7.7,ug/m3 LC,43,CCNY,1,100,88502,Acceptable PM2.5 AQI & Speciation Mass,702,PM2.5 SCC w/Correction Factor,35620,"New York-Newark-Jersey City, NY-NJ-PA",36,New York,61,New York,40.81976,-73.94825
12/08/2023,AQS,3,10.7,ug/m3 LC,54,CCNY,1,100,88502,Acceptable PM2.5 AQI & Speciation Mass,702,PM2.5 SCC w/Correction Factor,35620,"New York-Newark-Jersey City, NY-NJ-PA",36,New York,61,New York,40.81976,-73.94825
12/09/2023,AQS,3,15.7,ug/m3 LC,63,CCNY,1,100,88502,Acceptable PM2.5 AQI & Speciation Mass,702,PM2.5 SCC w/Correction Factor,35620,"New York-Newark-Jersey City, NY-NJ-PA",36,New York,61,New York,40.81976,-73.94825
12/10/2023,AQS,3,9,ug/m3 LC,50,CCNY,1,100,88502,Acceptable PM2.5 AQI & Speciation Mass,702,PM2.5 SCC w/Correction Factor,35620,"New York-Newark-Jersey City, NY-NJ-PA",36,New York,61,New York,40.81976,-73.94825
12/11/2023,AQS,3,4.8,ug/m3 LC,27,CCNY,1,100,88502,Acceptable PM2.5 AQI & Speciation Mass,702,PM2.5 SCC w/Correction Factor,35620,"New York-Newark-Jersey City, NY-NJ-PA",36,New York,61,New York,40.81976,-73.94825
12/12/2023,AQS,3,6.6,ug/m3 LC,37,CCNY,1,100,88502,Acceptable PM2.5 AQI & Speciation Mass,702,PM2.5 SCC w/Correction Factor,35620,"New York-Newark-Jersey City, NY-NJ-PA",36,New York,61,New York,40.81976,-73.94825
12/13/2023,AQS,3,7.9,ug/m3 LC,44,CCNY,1,100,88502,Acceptable PM2.5 AQI & Speciation Mass,702,PM2.5 SCC w/Correction Factor,35620,"New York-Newark-Jersey City, NY-NJ-PA",36,New York,61,New York,40.81976,-73.94825
12/14/2023,AQS,3,5.8,ug/m3 LC,32,CCNY,1,100,88502,Acceptable PM2.5 AQI & Speciation Mass,702,PM2.5 SCC w/Correction Factor,35620,"New York-Newark-Jersey City, NY-NJ-PA",36,New York,61,New York,40.81976,-73.94825
12/15/2023,AQS,3,9.6,ug/m3 LC,52,CCNY,1,100,88502,Acceptable PM2.5 AQI & Speciation Mass,702,PM2.5 SCC w/Correction Factor,35620,"New York-Newark-Jersey City, NY-NJ-PA",36,New York,61,New York,40.81976,-73.94825
12/16/2023,AQS,3,11.2,ug/m3 LC,55,CCNY,1,100,88502,Acceptable PM2.5 AQI & Speciation Mass,702,PM2.5 SCC w/Correction Factor,35620,"New York-Newark-Jersey City, NY-NJ-PA",36,New York,61,New York,40.81976,-73.94825
12/17/2023,AQS,3,7,ug/m3 LC,39,CCNY,1,100,88502,Acceptable PM2.5 AQI & Speciation Mass,702,PM2.5 SCC w/Correction Factor,35620,"New York-Newark-Jersey City, NY-NJ-PA",36,New York,61,New York,40.81976,-73.94825
12/18/2023,AQS,3,5.5,ug/m3 LC,31,CCNY,1,100,88502,Acceptable PM2.5 AQI & Speciation Mass,702,PM2.5 SCC w/Correction Factor,35620,"New York-Newark-Jersey City, NY-NJ-PA",36,New York,61,New York,40.81976,-73.94825
12/19/2023,AQS,3,7.3,ug/m3 LC,41,CCNY,1,100,88502,Acceptable PM2.5 AQI & Speciation Mass,702,PM2.5 SCC w/Correction Factor,35620,"New York-Newark-Jersey City, NY-NJ-PA",36,New York,61,New York,40.81976,-73.94825
12/20/2023,AQS,3,6.8,ug/m3 LC,38,CCNY,1,100,88502,Acceptable PM2.5 AQI & Speciation Mass,702,PM2.5 SCC w/Correction Factor,35620,"New York-Newark-Jersey City, NY-NJ-PA",36,New York,61,New York,40.81976,-73.94825
12/21/2023,AQS,3,4,ug/m3 LC,22,CCNY,1,100,88502,Acceptable PM2.5 AQI & Speciation Mass,702,PM2.5 SCC w/Correction Factor,35620,"New York-Newark-Jersey City, NY-NJ-PA",36,New York,61,New York,40.81976,-73.94825
12/22/2023,AQS,3,7,ug/m3 LC,39,CCNY,1,100,88502,Acceptable PM2.5 AQI & Speciation Mass,702,PM2.5 SCC w/Correction Factor,35620,"New York-Newark-Jersey City, NY-NJ-PA",36,New York,61,New York,40.81976,-73.94825
12/23/2023,AQS,3,11.1,ug/m3 LC,55,CCNY,1,100,88502,Acceptable PM2.5 AQI & Speciation Mass,702,PM2.5 SCC w/Correction Factor,35620,"New York-Newark-Jersey City, NY-NJ-PA",36,New York,61,New York,40.81976,-73.94825
12/24/2023,AQS,3,16.4,ug/m3 LC,65,CCNY,1,100,88502,Acceptable PM2.5 AQI & Speciation Mass,702,PM2.5 SCC w/Correction Factor,35620,"New York-Newark-Jersey City, NY-NJ-PA",36,New York,61,New York,40.81976,-73.94825
12/25/2023,AQS,3,14.2,ug/m3 LC,61,CCNY,1,100,88502,Acceptable PM2.5 AQI & Speciation Mass,702,PM2.5 SCC w/Correction Factor,35620,"New York-Newark-Jersey City, NY-NJ-PA",36,New York,61,New York,40.81976,-73.94825
12/26/2023,AQS,3,15.5,ug/m3 LC,63,CCNY,1,100,88502,Acceptable PM2.5 AQI & Speciation Mass,702,PM2.5 SCC w/Correction Factor,35620,"New York-Newark-Jersey City, NY-NJ-PA",36,New York,61,New York,40.81976,-73.94825
12/27/2023,AQS,3,9.6,ug/m3 LC,52,CCNY,1,100,88502,Acceptable PM2.5 AQI & Speciation Mass,702,PM2.5 SCC w/Correction Factor,35620,"New York-Newark-Jersey City, NY-NJ-PA",36,New York,61,New York,40.81976,-73.94825
12/28/2023,AQS,3,4.5,ug/m3 LC,25,CCNY,1,100,88502,Acceptable PM2.5 AQI & Speciation Mass,702,PM2.5 SCC w/Correction Factor,35620,"New York-Newark-Jersey City, NY-NJ-PA",36,New York,61,New York,40.81976,-73.94825
12/30/2023,AQS,3,5.3,ug/m3 LC,29,CCNY,1,100,88502,Acceptable PM2.5 AQI & Speciation Mass,702,PM2.5 SCC w/Correction Factor,35620,"New York-Newark-Jersey City, NY-NJ-PA",36,New York,61,New York,40.81976,-73.94825
12/31/2023,AQS,3,6.7,ug/m3 LC,37,CCNY,1,100,88502,Acceptable PM2.5 AQI & Speciation Mass,702,PM2.5 SCC w/Correction Factor,35620,"New York-Newark-Jersey City, NY-NJ-PA",36,New York,61,New York,40.81976,-73.94825
01/01/2024,AQS,3,12.8,ug/m3 LC,58,Intermediate School 143,1,100,88502,Acceptable PM2.5 AQI & Speciation Mass,702,PM2.5 SCC w/Correction Factor,35620,"New York-Newark-Jersey City, NY-NJ-PA",36,New York,61,New York,40.84955,-73.935649
01/02/2024,AQS,3,10.6,ug/m3 LC,54,Intermediate School 143,1,100,88502,Acceptable PM2.5 AQI & Speciation Mass,702,PM2.5 SCC w/Correction Factor,35620,"New York-Newark-Jersey City, NY-NJ-PA",36,New York,61,New York,40.84955,-73.935649
01/03/2024,AQS,3,10.2,ug/m3 LC,53,Intermediate School 143,1,100,88502,Acceptable PM2.5 AQI & Speciation Mass,702,PM2.5 SCC w/Correction Factor,35620,"New York-Newark-Jersey City, NY-NJ-PA",36,New York,61,New York,40.84955,-73.935649
01/04/2024,AQS,3,8.3,ug/m3 LC,46,Intermediate School 143,1,100,88502,Acceptable PM2.5 AQI & Speciation Mass,702,PM2.5 SCC w/Correction Factor,35620,"New York-Newark-Jersey City, NY-NJ-PA",36,New York,61,New York,40.84955,-73.935649
01/05/2024,AQS,3,9.2,ug/m3 LC,51,Intermediate School 143,1,100,88502,Acceptable PM2.5 AQI & Speciation Mass,702,PM2.5 SCC w/Correction Factor,35620,"New York-Newark-Jersey City, NY-NJ-PA",36,New York,61,New York,40.84955,-73.935649
01/06/2024,AQS,3,10.4,ug/m3 LC,53,Intermediate School 143,1,100,88502,Acceptable PM2.5 AQI & Speciation Mass,702,PM2.5 SCC w/Correction Factor,35620,"New York-Newark-Jersey City, NY-NJ-PA",36,New York,61,New York,40.84955,-73.935649
01/07/2024,AQS,3,8.4,ug/m3 LC,47,Intermediate School 143,1,100,88502,Acceptable PM2.5 AQI & Speciation Mass,702,PM2.5 SCC w/Correction Factor,35620,"New York-Newark-Jersey City, NY-NJ-PA",36,New York,61,New York,40.84955,-73.935649
01/08/2024,AQS,3,10.7,ug/m3 LC,54,Intermediate School 143,1,100,88502,Acceptable PM2.5 AQI & Speciation Mass,702,PM2.5 SCC w/Correction Factor,35620,"New York-Newark-Jersey City, NY-NJ-PA",36,New York,61,New York,40.84955,-73.935649
01/09/2024,AQS,3,8.1,ug/m3 LC,45,Intermediate School 143,1,100,88502,Acceptable PM2.5 AQI & Speciation Mass,702,PM2.5 SCC w/Correction Factor,35620,"New York-Newark-Jersey City, NY-NJ-PA",36,New York,61,New York,40.84955,-73.935649
01/10/2024,AQS,3,8.7,ug/m3 LC,48,Intermediate School 143,1,100,88502,Acceptable PM2.5 AQI & Speciation Mass,702,PM2.5 SCC w/Correction Factor,35620,"New York-Newark-Jersey City, NY-NJ-PA",36,New York,61,New York,40.84955,-73.935649
01/11/2024,AQS,3,10.6,ug/m3 LC,54,Intermediate School 143,1,100,88502,Acceptable PM2.5 AQI & Speciation Mass,702,PM2.5 SCC w/Correction Factor,35620,"New York-Newark-Jersey City, NY-NJ-PA",36,New York,61,New York,40.84955,-73.935649
01/12/2024,AQS,3,9.5,ug/m3 LC,52,Intermediate School 143,1,100,88502,Acceptable PM2.5 AQI & Speciation Mass,702,PM2.5 SCC w/Correction Factor,35620,"New York-Newark-Jersey City, NY-NJ-PA",36,New York,61,New York,40.84955,-73.935649
01/13/2024,AQS,3,7.7,ug/m3 LC,43,Intermediate School 143,1,100,88502,Acceptable PM2.5 AQI & Speciation Mass,702,PM2.5 SCC w/Correction Factor,35620,"New York-Newark-Jersey City, NY-NJ-PA",36,New York,61,New York,40.84955,-73.935649
01/14/2024,AQS,3,9.6,ug/m3 LC,52,Intermediate School 143,1,100,88502,Acceptable PM2.5 AQI & Speciation Mass,702,PM2.5 SCC w/Correction Factor,35620,"New York-Newark-Jersey City, NY-NJ-PA",36,New York,61,New York,40.84955,-73.935649
01/15/2024,AQS,3,10.1,ug/m3 LC,53,Intermediate School 143,1,100,88502,Acceptable PM2.5 AQI & Speciation Mass,702,PM2.5 SCC w/Correction Factor,35620,"New York-Newark-Jersey City, NY-NJ-PA",36,New York,61,New York,40.84955,-73.935649
01/16/2024,AQS,3,9.8,ug/m3 LC,52,Intermediate School 143,1,100,88502,Acceptable PM2.5 AQI & Speciation Mass,702,PM2.5 SCC w/Correction Factor,35620,"New York-Newark-Jersey City, NY-NJ-PA",36,New York,61,New York,40.84955,-73.935649
01/17/2024,AQS,3,11,ug/m3 LC,55,Intermediate School 143,1,100,88502,Acceptable PM2.5 AQI & Speciation Mass,702,PM2.5 SCC w/Correction Factor,35620,"New York-Newark-Jersey City, NY-NJ-PA",36,New York,61,New York,40.84955,-73.935649
01/18/2024,AQS,3,12.1,ug/m3 LC,57,Intermediate School 143,1,100,88502,Acceptable PM2.5 AQI & Speciation Mass,702,PM2.5 SCC w/Correction Factor,35620,"New York-Newark-Jersey City, NY-NJ-PA",36,New York,61,New York,40.84955,-73.935649
01/19/2024,AQS,3,11.4,ug/m3 LC,55,Intermediate School 143,1,100,88502,Acceptable PM2.5 AQI & Speciation Mass,702,PM2.5 SCC w/Correction Factor,35620,"New York-Newark-Jersey City, NY-NJ-PA",36,New York,61,New York,40.84955,-73.935649
01/20/2024,AQS,3,8,ug/m3 LC,44,Intermediate School 143,1,100,88502,Acceptable PM2.5 AQI & Speciation Mass,702,PM2.5 SCC w/Correction Factor,35620,"New York-Newark-Jersey City, NY-NJ-PA",36,New York,61,New York,40.84955,-73.935649
01/21/2024,AQS,3,8.5,ug/m3 LC,47,Intermediate School 143,1,100,88502,Acceptable PM2.5 AQI & Speciation Mass,702,PM2.5 SCC w/Correction Factor,35620,"New York-Newark-Jersey City, NY-NJ-PA",36,New York,61,New York,40.84955,-73.935649
01/22/2024,AQS,3,11.2,ug/m3 LC,55,Intermediate School 143,1,100,88502,Acceptable PM2.5 AQI & Speciation Mass,702,PM2.5 SCC w/Correction Factor,35620,"New York-Newark-Jersey City, NY-NJ-PA",36,New York,61,New York,40.84955,-73.935649
01/23/2024,AQS,3,17.3,ug/m3 LC,66,Intermediate School 143,1,100,88502,Acceptable PM2.5 AQI & Speciation Mass,702,PM2.5 SCC w/Correction Factor,35620,"New York-Newark-Jersey City, NY-NJ-PA",36,New York,61,New York,40.84955,-73.935649
01/24/2024,AQS,3,29.5,ug/m3 LC,89,Intermediate School 143,1,100,88502,Acceptable PM2.5 AQI & Speciation Mass,702,PM2.5 SCC w/Correction Factor,35620,"New York-Newark-Jersey City, NY-NJ-PA",36,New York,61,New York,40.84955,-73.935649
01/25/2024,AQS,3,19.6,ug/m3 LC,71,Intermediate School 143,1,100,88502,Acceptable PM2.5 AQI & Speciation Mass,702,PM2.5 SCC w/Correction Factor,35620,"New York-Newark-Jersey City, NY-NJ-PA",36,New York,61,New York,40.84955,-73.935649
01/26/2024,AQS,3,19.7,ug/m3 LC,71,Intermediate School 143,1,100,88502,Acceptable PM2.5 AQI & Speciation Mass,702,PM2.5 SCC w/Correction Factor,35620,"New York-Newark-Jersey City, NY-NJ-PA",36,New York,61,New York,40.84955,-73.935649
01/27/2024,AQS,3,10.7,ug/m3 LC,54,Intermediate School 143,1,100,88502,Acceptable PM2.5 AQI & Speciation Mass,702,PM2.5 SCC w/Correction Factor,35620,"New York-Newark-Jersey City, NY-NJ-PA",36,New York,61,New York,40.84955,-73.935649
01/28/2024,AQS,3,10,ug/m3 LC,53,Intermediate School 143,1,100,88502,Acceptable PM2.5 AQI & Speciation Mass,702,PM2.5 SCC w/Correction Factor,35620,"New York-Newark-Jersey City, NY-NJ-PA",36,New York,61,New York,40.84955,-73.935649
01/29/2024,AQS,3,8.1,ug/m3 LC,45,Intermediate School 143,1,100,88502,Acceptable PM2.5 AQI & Speciation Mass,702,PM2.5 SCC w/Correction Factor,35620,"New York-Newark-Jersey City, NY-NJ-PA",36,New York,61,New York,40.84955,-73.935649
01/30/2024,AQS,3,11.7,ug/m3 LC,56,Intermediate School 143,1,100,88502,Acceptable PM2.5 AQI & Speciation Mass,702,PM2.5 SCC w/Correction Factor,35620,"New York-Newark-Jersey City, NY-NJ-PA",36,New York,61,New York,40.84955,-73.935649
01/31/2024,AQS,3,12.1,ug/m3 LC,57,Intermediate School 143,1,100,88502,Acceptable PM2.5 AQI & Speciation Mass,702,PM2.5 SCC w/Correction Factor,35620,"New York-Newark-Jersey City, NY-NJ-PA",36,New York,61,New York,40.84955,-73.935649
02/01/2024,AQS,3,10,ug/m3 LC,53,Intermediate School 143,1,100,88502,Acceptable PM2.5 AQI & Speciation Mass,702,PM2.5 SCC w/Correction Factor,35620,"New York-Newark-Jersey City, NY-NJ-PA",36,New York,61,New York,40.84955,-73.935649
02/02/2024,AQS,3,9.3,ug/m3 LC,51,Intermediate School 143,1,100,88502,Acceptable PM2.5 AQI & Speciation Mass,702,PM2.5 SCC w/Correction Factor,35620,"New York-Newark-Jersey City, NY-NJ-PA",36,New York,61,New York,40.84955,-73.935649
02/03/2024,AQS,3,6.4,ug/m3 LC,36,Intermediate School 143,1,100,88502,Acceptable PM2.5 AQI & Speciation Mass,702,PM2.5 SCC w/Correction Factor,35620,"New York-Newark-Jersey City, NY-NJ-PA",36,New York,61,New York,40.84955,-73.935649
02/04/2024,AQS,3,6.1,ug/m3 LC,34,Intermediate School 143,1,100,88502,Acceptable PM2.5 AQI & Speciation Mass,702,PM2.5 SCC w/Correction Factor,35620,"New York-Newark-Jersey City, NY-NJ-PA",36,New York,61,New York,40.84955,-73.935649
02/05/2024,AQS,3,6.2,ug/m3 LC,34,Intermediate School 143,1,100,88502,Acceptable PM2.5 AQI & Speciation Mass,702,PM2.5 SCC w/Correction Factor,35620,"New York-Newark-Jersey City, NY-NJ-PA",36,New York,61,New York,40.84955,-73.935649
02/06/2024,AQS,3,7.2,ug/m3 LC,40,Intermediate School 143,1,100,88502,Acceptable PM2.5 AQI & Speciation Mass,702,PM2.5 SCC w/Correction Factor,35620,"New York-Newark-Jersey City, NY-NJ-PA",36,New York,61,New York,40.84955,-73.935649
02/07/2024,AQS,3,8,ug/m3 LC,44,Intermediate School 143,1,100,88502,Acceptable PM2.5 AQI & Speciation Mass,702,PM2.5 SCC w/Correction Factor,35620,"New York-Newark-Jersey City, NY-NJ-PA",36,New York,61,New York,40.84955,-73.935649
02/08/2024,AQS,3,12.2,ug/m3 LC,57,Intermediate School 143,1,100,88502,Acceptable PM2.5 AQI & Speciation Mass,702,PM2.5 SCC w/Correction Factor,35620,"New York-Newark-Jersey City, NY-NJ-PA",36,New York,61,New York,40.84955,-73.935649
02/09/2024,AQS,3,9.6,ug/m3 LC,52,Intermediate School 143,1,100,88502,Acceptable PM2.5 AQI & Speciation Mass,702,PM2.5 SCC w/Correction Factor,35620,"New York-Newark-Jersey City, NY-NJ-PA",36,New York,61,New York,40.84955,-73.935649
02/10/2024,AQS,3,20.7,ug/m3 LC,73,Intermediate School 143,1,100,88502,Acceptable PM2.5 AQI & Speciation Mass,702,PM2.5 SCC w/Correction Factor,35620,"New York-Newark-Jersey City, NY-NJ-PA",36,New York,61,New York,40.84955,-73.935649
02/11/2024,AQS,3,8.5,ug/m3 LC,47,Intermediate School 143,1,100,88502,Acceptable PM2.5 AQI & Speciation Mass,702,PM2.5 SCC w/Correction Factor,35620,"New York-Newark-Jersey City, NY-NJ-PA",36,New York,61,New York,40.84955,-73.935649
02/12/2024,AQS,3,6.2,ug/m3 LC,34,Intermediate School 143,1,100,88502,Acceptable PM2.5 AQI & Speciation Mass,702,PM2.5 SCC w/Correction Factor,35620,"New York-Newark-Jersey City, NY-NJ-PA",36,New York,61,New York,40.84955,-73.935649
02/13/2024,AQS,3,7.5,ug/m3 LC,42,Intermediate School 143,1,100,88502,Acceptable PM2.5 AQI & Speciation Mass,702,PM2.5 SCC w/Correction Factor,35620,"New York-Newark-Jersey City, NY-NJ-PA",36,New York,61,New York,40.84955,-73.935649
02/14/2024,AQS,3,6.8,ug/m3 LC,38,Intermediate School 143,1,100,88502,Acceptable PM2.5 AQI & Speciation Mass,702,PM2.5 SCC w/Correction Factor,35620,"New York-Newark-Jersey City, NY-NJ-PA",36,New York,61,New York,40.84955,-73.935649
02/15/2024,AQS,3,6.6,ug/m3 LC,37,Intermediate School 143,1,100,88502,Acceptable PM2.5 AQI & Speciation Mass,702,PM2.5 SCC w/Correction Factor,35620,"New York-Newark-Jersey City, NY-NJ-PA",36,New York,61,New York,40.84955,-73.935649
02/16/2024,AQS,3,6.1,ug/m3 LC,34,Intermediate School 143,1,100,88502,Acceptable PM2.5 AQI & Speciation Mass,702,PM2.5 SCC w/Correction Factor,35620,"New York-Newark-Jersey City, NY-NJ-PA",36,New York,61,New York,40.84955,-73.935649
02/17/2024,AQS,3,6.5,ug/m3 LC,36,Intermediate School 143,1,100,88502,Acceptable PM2.5 AQI & Speciation Mass,702,PM2.5 SCC w/Correction Factor,35620,"New York-Newark-Jersey City, NY-NJ-PA",36,New York,61,New York,40.84955,-73.935649
02/18/2024,AQS,3,7.4,ug/m3 LC,41,Intermediate School 143,1,100,88502,Acceptable PM2.5 AQI & Speciation Mass,702,PM2.5 SCC w/Correction Factor,35620,"New York-Newark-Jersey City, NY-NJ-PA",36,New York,61,New York,40.84955,-73.935649
02/19/2024,AQS,3,7.4,ug/m3 LC,41,Intermediate School 143,1,100,88502,Acceptable PM2.5 AQI & Speciation Mass,702,PM2.5 SCC w/Correction Factor,35620,"New York-Newark-Jersey City, NY-NJ-PA",36,New York,61,New York,40.84955,-73.935649
02/20/2024,AQS,3,6.1,ug/m3 LC,34,Intermediate School 143,1,100,88502,Acceptable PM2.5 AQI & Speciation Mass,702,PM2.5 SCC w/Correction Factor,35620,"New York-Newark-Jersey City, NY-NJ-PA",36,New York,61,New York,40.84955,-73.935649
02/21/2024,AQS,3,6.7,ug/m3 LC,37,Intermediate School 143,1,100,88502,Acceptable PM2.5 AQI & Speciation Mass,702,PM2.5 SCC w/Correction Factor,35620,"New York-Newark-Jersey City, NY-NJ-PA",36,New York,61,New York,40.84955,-73.935649
02/22/2024,AQS,3,5.4,ug/m3 LC,30,Intermediate School 143,1,100,88502,Acceptable PM2.5 AQI & Speciation Mass,702,PM2.5 SCC w/Correction Factor,35620,"New York-Newark-Jersey City, NY-NJ-PA",36,New York,61,New York,40.84955,-73.935649
02/23/2024,AQS,3,7.2,ug/m3 LC,40,Intermediate School 143,1,100,88502,Acceptable PM2.5 AQI & Speciation Mass,702,PM2.5 SCC w/Correction Factor,35620,"New York-Newark-Jersey City, NY-NJ-PA",36,New York,61,New York,40.84955,-73.935649
02/24/2024,AQS,3,7.6,ug/m3 LC,42,Intermediate School 143,1,100,88502,Acceptable PM2.5 AQI & Speciation Mass,702,PM2.5 SCC w/Correction Factor,35620,"New York-Newark-Jersey City, NY-NJ-PA",36,New York,61,New York,40.84955,-73.935649
02/25/2024,AQS,3,5.8,ug/m3 LC,32,Intermediate School 143,1,100,88502,Acceptable PM2.5 AQI & Speciation Mass,702,PM2.5 SCC w/Correction Factor,35620,"New York-Newark-Jersey City, NY-NJ-PA",36,New York,61,New York,40.84955,-73.935649
02/26/2024,AQS,3,12.2,ug/m3 LC,57,Intermediate School 143,1,100,88502,Acceptable PM2.5 AQI & Speciation Mass,702,PM2.5 SCC w/Correction Factor,35620,"New York-Newark-Jersey City, NY-NJ-PA",36,New York,61,New York,40.84955,-73.935649
02/27/2024,AQS,3,13.6,ug/m3 LC,59,Intermediate School 143,1,100,88502,Acceptable PM2.5 AQI & Speciation Mass,702,PM2.5 SCC w/Correction Factor,35620,"New York-Newark-Jersey City, NY-NJ-PA",36,New York,61,New York,40.84955,-73.935649
02/28/2024,AQS,3,11.8,ug/m3 LC,56,Intermediate School 143,1,100,88502,Acceptable PM2.5 AQI & Speciation Mass,702,PM2.5 SCC w/Correction Factor,35620,"New York-Newark-Jersey City, NY-NJ-PA",36,New York,61,New York,40.84955,-73.935649
02/29/2024,AQS,3,5.4,ug/m3 LC,30,Intermediate School 143,1,100,88502,Acceptable PM2.5 AQI & Speciation Mass,702,PM2.5 SCC w/Correction Factor,35620,"New York-Newark-Jersey City, NY-NJ-PA",36,New York,61,New York,40.84955,-73.935649
03/01/2024,AQS,3,7.2,ug/m3 LC,40,Intermediate School 143,1,100,88502,Acceptable PM2.5 AQI & Speciation Mass,702,PM2.5 SCC w/Correction Factor,35620,"New York-Newark-Jersey City, NY-NJ-PA",36,New York,61,New York,40.84955,-73.935649
03/02/2024,AQS,3,5.3,ug/m3 LC,29,Intermediate School 143,1,100,88502,Acceptable PM2.5 AQI & Speciation Mass,702,PM2.5 SCC w/Correction Factor,35620,"New York-Newark-Jersey City, NY-NJ-PA",36,New York,61,New York,40.84955,-73.935649
03/03/2024,AQS,3,5,ug/m3 LC,28,Intermediate School 143,1,100,88502,Acceptable PM2.5 AQI & Speciation Mass,702,PM2.5 SCC w/Correction Factor,35620,"New York-Newark-Jersey City, NY-NJ-PA",36,New York,61,New York,40.84955,-73.935649
03/04/2024,AQS,3,5.5,ug/m3 LC,31,Intermediate School 143,1,100,88502,Acceptable PM2.5 AQI & Speciation Mass,702,PM2.5 SCC w/Correction Factor,35620,"New York-Newark-Jersey City, NY-NJ-PA",36,New York,61,New York,40.84955,-73.935649
03/05/2024,AQS,3,2.6,ug/m3 LC,14,Intermediate School 143,1,100,88502,Acceptable PM2.5 AQI & Speciation Mass,702,PM2.5 SCC w/Correction Factor,35620,"New York-Newark-Jersey City, NY-NJ-PA",36,New York,61,New York,40.84955,-73.935649
03/06/2024,AQS,3,3.4,ug/m3 LC,19,Intermediate School 143,1,100,88502,Acceptable PM2.5 AQI & Speciation Mass,702,PM2.5 SCC w/Correction Factor,35620,"New York-Newark-Jersey City, NY-NJ-PA",36,New York,61,New York,40.84955,-73.935649
03/07/2024,AQS,3,3.3,ug/m3 LC,18,Intermediate School 143,1,100,88502,Acceptable PM2.5 AQI & Speciation Mass,702,PM2.5 SCC w/Correction Factor,35620,"New York-Newark-Jersey City, NY-NJ-PA",36,New York,61,New York,40.84955,-73.935649
03/08/2024,AQS,3,4.9,ug/m3 LC,27,Intermediate School 143,1,100,88502,Acceptable PM2.5 AQI & Speciation Mass,702,PM2.5 SCC w/Correction Factor,35620,"New York-Newark-Jersey City, NY-NJ-PA",36,New York,61,New York,40.84955,-73.935649
03/09/2024,AQS,3,2.2,ug/m3 LC,12,Intermediate School 143,1,100,88502,Acceptable PM2.5 AQI & Speciation Mass,702,PM2.5 SCC w/Correction Factor,35620,"New York-Newark-Jersey City, NY-NJ-PA",36,New York,61,New York,40.84955,-73.935649
03/10/2024,AQS,3,2.7,ug/m3 LC,15,Intermediate School 143,1,100,88502,Acceptable PM2.5 AQI & Speciation Mass,702,PM2.5 SCC w/Correction Factor,35620,"New York-Newark-Jersey City, NY-NJ-PA",36,New York,61,New York,40.84955,-73.935649
03/11/2024,AQS,3,4,ug/m3 LC,22,Intermediate School 143,1,100,88502,Acceptable PM2.5 AQI & Speciation Mass,702,PM2.5 SCC w/Correction Factor,35620,"New York-Newark-Jersey City, NY-NJ-PA",36,New York,61,New York,40.84955,-73.935649
03/12/2024,AQS,3,7.8,ug/m3 LC,43,Intermediate School 143,1,100,88502,Acceptable PM2.5 AQI & Speciation Mass,702,PM2.5 SCC w/Correction Factor,35620,"New York-Newark-Jersey City, NY-NJ-PA",36,New York,61,New York,40.84955,-73.935649
03/13/2024,AQS,3,11.9,ug/m3 LC,56,Intermediate School 143,1,100,88502,Acceptable PM2.5 AQI & Speciation Mass,702,PM2.5 SCC w/Correction Factor,35620,"New York-Newark-Jersey City, NY-NJ-PA",36,New York,61,New York,40.84955,-73.935649
03/14/2024,AQS,3,13.9,ug/m3 LC,60,Intermediate School 143,1,100,88502,Acceptable PM2.5 AQI & Speciation Mass,702,PM2.5 SCC w/Correction Factor,35620,"New York-Newark-Jersey City, NY-NJ-PA",36,New York,61,New York,40.84955,-73.935649
03/15/2024,AQS,3,8.8,ug/m3 LC,49,Intermediate School 143,1,100,88502,Acceptable PM2.5 AQI & Speciation Mass,702,PM2.5 SCC w/Correction Factor,35620,"New York-Newark-Jersey City, NY-NJ-PA",36,New York,61,New York,40.84955,-73.935649
03/16/2024,AQS,3,5.4,ug/m3 LC,30,Intermediate School 143,1,100,88502,Acceptable PM2.5 AQI & Speciation Mass,702,PM2.5 SCC w/Correction Factor,35620,"New York-Newark-Jersey City, NY-NJ-PA",36,New York,61,New York,40.84955,-73.935649
03/17/2024,AQS,3,4.8,ug/m3 LC,27,Intermediate School 143,1,100,88502,Acceptable PM2.5 AQI & Speciation Mass,702,PM2.5 SCC w/Correction Factor,35620,"New York-Newark-Jersey City, NY-NJ-PA",36,New York,61,New York,40.84955,-73.935649
03/18/2024,AQS,3,3.5,ug/m3 LC,19,Intermediate School 143,1,100,88502,Acceptable PM2.5 AQI & Speciation Mass,702,PM2.5 SCC w/Correction Factor,35620,"New York-Newark-Jersey City, NY-NJ-PA",36,New York,61,New York,40.84955,-73.935649
03/19/2024,AQS,3,4.5,ug/m3 LC,25,Intermediate School 143,1,100,88502,Acceptable PM2.5 AQI & Speciation Mass,702,PM2.5 SCC w/Correction Factor,35620,"New York-Newark-Jersey City, NY-NJ-PA",36,New York,61,New York,40.84955,-73.935649
03/20/2024,AQS,3,6.9,ug/m3 LC,38,Intermediate School 143,1,100,88502,Acceptable PM2.5 AQI & Speciation Mass,702,PM2.5 SCC w/Correction Factor,35620,"New York-Newark-Jersey City, NY-NJ-PA",36,New York,61,New York,40.84955,-73.935649
03/21/2024,AQS,3,4.6,ug/m3 LC,26,Intermediate School 143,1,100,88502,Acceptable PM2.5 AQI & Speciation Mass,702,PM2.5 SCC w/Correction Factor,35620,"New York-Newark-Jersey City, NY-NJ-PA",36,New York,61,New York,40.84955,-73.935649
03/22/2024,AQS,3,5,ug/m3 LC,28,Intermediate School 143,1,100,88502,Acceptable PM2.5 AQI & Speciation Mass,702,PM2.5 SCC w/Correction Factor,35620,"New York-Newark-Jersey City, NY-NJ-PA",36,New York,61,New York,40.84955,-73.935649
03/23/2024,AQS,3,4,ug/m3 LC,22,Intermediate School 143,1,100,88502,Acceptable PM2.5 AQI & Speciation Mass,702,PM2.5 SCC w/Correction Factor,35620,"New York-Newark-Jersey City, NY-NJ-PA",36,New York,61,New York,40.84955,-73.935649
03/24/2024,AQS,3,4.9,ug/m3 LC,27,Intermediate School 143,1,100,88502,Acceptable PM2.5 AQI & Speciation Mass,702,PM2.5 SCC w/Correction Factor,35620,"New York-Newark-Jersey City, NY-NJ-PA",36,New York,61,New York,40.84955,-73.935649
03/25/2024,AQS,3,6.5,ug/m3 LC,36,Intermediate School 143,1,100,88502,Acceptable PM2.5 AQI & Speciation Mass,702,PM2.5 SCC w/Correction Factor,35620,"New York-Newark-Jersey City, NY-NJ-PA",36,New York,61,New York,40.84955,-73.935649
03/26/2024,AQS,3,7.4,ug/m3 LC,41,Intermediate School 143,1,100,88502,Acceptable PM2.5 AQI & Speciation Mass,702,PM2.5 SCC w/Correction Factor,35620,"New York-Newark-Jersey City, NY-NJ-PA",36,New York,61,New York,40.84955,-73.935649
03/27/2024,AQS,3,11.5,ug/m3 LC,55,Intermediate School 143,1,100,88502,Acceptable PM2.5 AQI & Speciation Mass,702,PM2.5 SCC w/Correction Factor,35620,"New York-Newark-Jersey City, NY-NJ-PA",36,New York,61,New York,40.84955,-73.935649
03/28/2024,AQS,3,5.5,ug/m3 LC,31,Intermediate School 143,1,100,88502,Acceptable PM2.5 AQI & Speciation Mass,702,PM2.5 SCC w/Correction Factor,35620,"New York-Newark-Jersey City, NY-NJ-PA",36,New York,61,New York,40.84955,-73.935649
03/29/2024,AQS,3,4.1,ug/m3 LC,23,Intermediate School 143,1,100,88502,Acceptable PM2.5 AQI & Speciation Mass,702,PM2.5 SCC w/Correction Factor,35620,"New York-Newark-Jersey City, NY-NJ-PA",36,New York,61,New York,40.84955,-73.935649
03/30/2024,AQS,3,5.2,ug/m3 LC,29,Intermediate School 143,1,100,88502,Acceptable PM2.5 AQI & Speciation Mass,702,PM2.5 SCC w/Correction Factor,35620,"New York-Newark-Jersey City, NY-NJ-PA",36,New York,61,New York,40.84955,-73.935649
03/31/2024,AQS,3,6.1,ug/m3 LC,34,Intermediate School 143,1,100,88502,Acceptable PM2.5 AQI & Speciation Mass,702,PM2.5 SCC w/Correction Factor,35620,"New York-Newark-Jersey City, NY-NJ-PA",36,New York,61,New York,40.84955,-73.935649
04/01/2024,AQS,3,10.9,ug/m3 LC,54,Intermediate School 143,1,100,88502,Acceptable PM2.5 AQI & Speciation Mass,702,PM2.5 SCC w/Correction Factor,35620,"New York-Newark-Jersey City, NY-NJ-PA",36,New York,61,New York,40.84955,-73.935649
04/02/2024,AQS,3,14.3,ug/m3 LC,61,Intermediate School 143,1,100,88502,Acceptable PM2.5 AQI & Speciation Mass,702,PM2.5 SCC w/Correction Factor,35620,"New York-Newark-Jersey City, NY-NJ-PA",36,New York,61,New York,40.84955,-73.935649
04/03/2024,AQS,3,7.4,ug/m3 LC,41,Intermediate School 143,1,100,88502,Acceptable PM2.5 AQI & Speciation Mass,702,PM2.5 SCC w/Correction Factor,35620,"New York-Newark-Jersey City, NY-NJ-PA",36,New York,61,New York,40.84955,-73.935649
04/04/2024,AQS,3,1.5,ug/m3 LC,8,Intermediate School 143,1,100,88502,Acceptable PM2.5 AQI & Speciation Mass,702,PM2.5 SCC w/Correction Factor,35620,"New York-Newark-Jersey City, NY-NJ-PA",36,New York,61,New York,40.84955,-73.935649
04/05/2024,AQS,3,2.4,ug/m3 LC,13,Intermediate School 143,1,100,88502,Acceptable PM2.5 AQI & Speciation Mass,702,PM2.5 SCC w/Correction Factor,35620,"New York-Newark-Jersey City, NY-NJ-PA",36,New York,61,New York,40.84955,-73.935649
04/06/2024,AQS,3,2.2,ug/m3 LC,12,Intermediate School 143,1,100,88502,Acceptable PM2.5 AQI & Speciation Mass,702,PM2.5 SCC w/Correction Factor,35620,"New York-Newark-Jersey City, NY-NJ-PA",36,New York,61,New York,40.84955,-73.935649
04/07/2024,AQS,3,3.9,ug/m3 LC,22,Intermediate School 143,1,100,88502,Acceptable PM2.5 AQI & Speciation Mass,702,PM2.5 SCC w/Correction Factor,35620,"New York-Newark-Jersey City, NY-NJ-PA",36,New York,61,New York,40.84955,-73.935649
04/08/2024,AQS,3,6.9,ug/m3 LC,38,Intermediate School 143,1,100,88502,Acceptable PM2.5 AQI & Speciation Mass,702,PM2.5 SCC w/Correction Factor,35620,"New York-Newark-Jersey City, NY-NJ-PA",36,New York,61,New York,40.84955,-73.935649
04/09/2024,AQS,3,9.8,ug/m3 LC,52,Intermediate School 143,1,100,88502,Acceptable PM2.5 AQI & Speciation Mass,702,PM2.5 SCC w/Correction Factor,35620,"New York-Newark-Jersey City, NY-NJ-PA",36,New York,61,New York,40.84955,-73.935649
04/10/2024,AQS,3,34.3,ug/m3 LC,98,Intermediate School 143,1,100,88502,Acceptable PM2.5 AQI & Speciation Mass,702,PM2.5 SCC w/Correction Factor,35620,"New York-Newark-Jersey City, NY-NJ-PA",36,New York,61,New York,40.84955,-73.935649
04/11/2024,AQS,3,24.2,ug/m3 LC,79,Intermediate School 143,1,100,88502,Acceptable PM2.5 AQI & Speciation Mass,702,PM2.5 SCC w/Correction Factor,35620,"New York-Newark-Jersey City, NY-NJ-PA",36,New York,61,New York,40.84955,-73.935649
04/12/2024,AQS,3,4.6,ug/m3 LC,26,Intermediate School 143,1,100,88502,Acceptable PM2.5 AQI & Speciation Mass,702,PM2.5 SCC w/Correction Factor,35620,"New York-Newark-Jersey City, NY-NJ-PA",36,New York,61,New York,40.84955,-73.935649
04/13/2024,AQS,3,2.6,ug/m3 LC,14,Intermediate School 143,1,100,88502,Acceptable PM2.5 AQI & Speciation Mass,702,PM2.5 SCC w/Correction Factor,35620,"New York-Newark-Jersey City, NY-NJ-PA",36,New York,61,New York,40.84955,-73.935649
04/14/2024,AQS,3,6.2,ug/m3 LC,34,Intermediate School 143,1,100,88502,Acceptable PM2.5 AQI & Speciation Mass,702,PM2.5 SCC w/Correction Factor,35620,"New York-Newark-Jersey City, NY-NJ-PA",36,New York,61,New York,40.84955,-73.935649
04/15/2024,AQS,3,7.9,ug/m3 LC,44,Intermediate School 143,1,100,88502,Acceptable PM2.5 AQI & Speciation Mass,702,PM2.5 SCC w/Correction Factor,35620,"New York-Newark-Jersey City, NY-NJ-PA",36,New York,61,New York,40.84955,-73.935649
04/16/2024,AQS,3,4.8,ug/m3 LC,27,Intermediate School 143,1,100,88502,Acceptable PM2.5 AQI & Speciation Mass,702,PM2.5 SCC w/Correction Factor,35620,"New York-Newark-Jersey City, NY-NJ-PA",36,New York,61,New York,40.84955,-73.935649
04/17/2024,AQS,3,3.5,ug/m3 LC,19,Intermediate School 143,1,100,88502,Acceptable PM2.5 AQI & Speciation Mass,702,PM2.5 SCC w/Correction Factor,35620,"New York-Newark-Jersey City, NY-NJ-PA",36,New York,61,New York,40.84955,-73.935649
04/18/2024,AQS,3,0.6,ug/m3 LC,3,Intermediate School 143,1,100,88502,Acceptable PM2.5 AQI & Speciation Mass,702,PM2.5 SCC w/Correction Factor,35620,"New York-Newark-Jersey City, NY-NJ-PA",36,New York,61,New York,40.84955,-73.935649
04/19/2024,AQS,3,4.3,ug/m3 LC,24,Intermediate School 143,1,100,88502,Acceptable PM2.5 AQI & Speciation Mass,702,PM2.5 SCC w/Correction Factor,35620,"New York-Newark-Jersey City, NY-NJ-PA",36,New York,61,New York,40.84955,-73.935649
04/20/2024,AQS,3,5,ug/m3 LC,28,Intermediate School 143,1,100,88502,Acceptable PM2.5 AQI & Speciation Mass,702,PM2.5 SCC w/Correction Factor,35620,"New York-Newark-Jersey City, NY-NJ-PA",36,New York,61,New York,40.84955,-73.935649
04/21/2024,AQS,3,3,ug/m3 LC,17,Intermediate School 143,1,100,88502,Acceptable PM2.5 AQI & Speciation Mass,702,PM2.5 SCC w/Correction Factor,35620,"New York-Newark-Jersey City, NY-NJ-PA",36,New York,61,New York,40.84955,-73.935649
04/22/2024,AQS,3,5.1,ug/m3 LC,28,Intermediate School 143,1,100,88502,Acceptable PM2.5 AQI & Speciation Mass,702,PM2.5 SCC w/Correction Factor,35620,"New York-Newark-Jersey City, NY-NJ-PA",36,New York,61,New York,40.84955,-73.935649
04/23/2024,AQS,3,4.9,ug/m3 LC,27,Intermediate School 143,1,100,88502,Acceptable PM2.5 AQI & Speciation Mass,702,PM2.5 SCC w/Correction Factor,35620,"New York-Newark-Jersey City, NY-NJ-PA",36,New York,61,New York,40.84955,-73.935649
04/24/2024,AQS,3,5.8,ug/m3 LC,32,Intermediate School 143,1,100,88502,Acceptable PM2.5 AQI & Speciation Mass,702,PM2.5 SCC w/Correction Factor,35620,"New York-Newark-Jersey City, NY-NJ-PA",36,New York,61,New York,40.84955,-73.935649
04/25/2024,AQS,3,4.3,ug/m3 LC,24,Intermediate School 143,1,100,88502,Acceptable PM2.5 AQI & Speciation Mass,702,PM2.5 SCC w/Correction Factor,35620,"New York-Newark-Jersey City, NY-NJ-PA",36,New York,61,New York,40.84955,-73.935649
04/26/2024,AQS,3,5.5,ug/m3 LC,31,Intermediate School 143,1,100,88502,Acceptable PM2.5 AQI & Speciation Mass,702,PM2.5 SCC w/Correction Factor,35620,"New York-Newark-Jersey City, NY-NJ-PA",36,New York,61,New York,40.84955,-73.935649
04/27/2024,AQS,3,4.7,ug/m3 LC,26,Intermediate School 143,1,100,88502,Acceptable PM2.5 AQI & Speciation Mass,702,PM2.5 SCC w/Correction Factor,35620,"New York-Newark-Jersey City, NY-NJ-PA",36,New York,61,New York,40.84955,-73.935649
04/28/2024,AQS,3,10.2,ug/m3 LC,53,Intermediate School 143,1,100,88502,Acceptable PM2.5 AQI & Speciation Mass,702,PM2.5 SCC w/Correction Factor,35620,"New York-Newark-Jersey City, NY-NJ-PA",36,New York,61,New York,40.84955,-73.935649
04/29/2024,AQS,3,12.6,ug/m3 LC,58,Intermediate School 143,1,100,88502,Acceptable PM2.5 AQI & Speciation Mass,702,PM2.5 SCC w/Correction Factor,35620,"New York-Newark-Jersey City, NY-NJ-PA",36,New York,61,New York,40.84955,-73.935649
04/30/2024,AQS,3,5.8,ug/m3 LC,32,Intermediate School 143,1,100,88502,Acceptable PM2.5 AQI & Speciation Mass,702,PM2.5 SCC w/Correction Factor,35620,"New York-Newark-Jersey City, NY-NJ-PA",36,New York,61,New York,40.84955,-73.935649
05/01/2024,AQS,3,8.6,ug/m3 LC,48,Intermediate School 143,1,100,88502,Acceptable PM2.5 AQI & Speciation Mass,702,PM2.5 SCC w/Correction Factor,35620,"New York-Newark-Jersey City, NY-NJ-PA",36,New York,61,New York,40.84955,-73.935649
05/02/2024,AQS,3,8.5,ug/m3 LC,47,Intermediate School 143,1,100,88502,Acceptable PM2.5 AQI & Speciation Mass,702,PM2.5 SCC w/Correction Factor,35620,"New York-Newark-Jersey City, NY-NJ-PA",36,New York,61,New York,40.84955,-73.935649
05/03/2024,AQS,3,4,ug/m3 LC,22,Intermediate School 143,1,100,88502,Acceptable PM2.5 AQI & Speciation Mass,702,PM2.5 SCC w/Correction Factor,35620,"New York-Newark-Jersey City, NY-NJ-PA",36,New York,61,New York,40.84955,-73.935649
05/04/2024,AQS,3,3.2,ug/m3 LC,18,Intermediate School 143,1,100,88502,Acceptable PM2.5 AQI & Speciation Mass,702,PM2.5 SCC w/Correction Factor,35620,"New York-Newark-Jersey City, NY-NJ-PA",36,New York,61,New York,40.84955,-73.935649
05/05/2024,AQS,3,2,ug/m3 LC,11,Intermediate School 143,1,100,88502,Acceptable PM2.5 AQI & Speciation Mass,702,PM2.5 SCC w/Correction Factor,35620,"New York-Newark-Jersey City, NY-NJ-PA",36,New York,61,New York,40.84955,-73.935649
05/06/2024,AQS,3,7.6,ug/m3 LC,42,Intermediate School 143,1,100,88502,Acceptable PM2.5 AQI & Speciation Mass,702,PM2.5 SCC w/Correction Factor,35620,"New York-Newark-Jersey City, NY-NJ-PA",36,New York,61,New York,40.84955,-73.935649
05/07/2024,AQS,3,4.9,ug/m3 LC,27,Intermediate School 143,1,100,88502,Acceptable PM2.5 AQI & Speciation Mass,702,PM2.5 SCC w/Correction Factor,35620,"New York-Newark-Jersey City, NY-NJ-PA",36,New York,61,New York,40.84955,-73.935649
05/08/2024,AQS,3,8.6,ug/m3 LC,48,Intermediate School 143,1,100,88502,Acceptable PM2.5 AQI & Speciation Mass,702,PM2.5 SCC w/Correction Factor,35620,"New York-Newark-Jersey City, NY-NJ-PA",36,New York,61,New York,40.84955,-73.935649
05/09/2024,AQS,3,2,ug/m3 LC,11,Intermediate School 143,1,100,88502,Acceptable PM2.5 AQI & Speciation Mass,702,PM2.5 SCC w/Correction Factor,35620,"New York-Newark-Jersey City, NY-NJ-PA",36,New York,61,New York,40.84955,-73.935649
05/10/2024,AQS,3,1.9,ug/m3 LC,11,Intermediate School 143,1,100,88502,Acceptable PM2.5 AQI & Speciation Mass,702,PM2.5 SCC w/Correction Factor,35620,"New York-Newark-Jersey City, NY-NJ-PA",36,New York,61,New York,40.84955,-73.935649
05/11/2024,AQS,3,1.9,ug/m3 LC,11,Intermediate School 143,1,100,88502,Acceptable PM2.5 AQI & Speciation Mass,702,PM2.5 SCC w/Correction Factor,35620,"New York-Newark-Jersey City, NY-NJ-PA",36,New York,61,New York,40.84955,-73.935649
05/12/2024,AQS,3,3.1,ug/m3 LC,17,Intermediate School 143,1,100,88502,Acceptable PM2.5 AQI & Speciation Mass,702,PM2.5 SCC w/Correction Factor,35620,"New York-Newark-Jersey City, NY-NJ-PA",36,New York,61,New York,40.84955,-73.935649
05/13/2024,AQS,3,5.8,ug/m3 LC,32,Intermediate School 143,1,100,88502,Acceptable PM2.5 AQI & Speciation Mass,702,PM2.5 SCC w/Correction Factor,35620,"New York-Newark-Jersey City, NY-NJ-PA",36,New York,61,New York,40.84955,-73.935649
05/14/2024,AQS,3,7.7,ug/m3 LC,43,Intermediate School 143,1,100,88502,Acceptable PM2.5 AQI & Speciation Mass,702,PM2.5 SCC w/Correction Factor,35620,"New York-Newark-Jersey City, NY-NJ-PA",36,New York,61,New York,40.84955,-73.935649
05/15/2024,AQS,3,1.4,ug/m3 LC,8,Intermediate School 143,1,100,88502,Acceptable PM2.5 AQI & Speciation Mass,702,PM2.5 SCC w/Correction Factor,35620,"New York-Newark-Jersey City, NY-NJ-PA",36,New York,61,New York,40.84955,-73.935649
05/16/2024,AQS,3,0.9,ug/m3 LC,5,Intermediate School 143,1,100,88502,Acceptable PM2.5 AQI & Speciation Mass,702,PM2.5 SCC w/Correction Factor,35620,"New York-Newark-Jersey City, NY-NJ-PA",36,New York,61,New York,40.84955,-73.935649
05/17/2024,AQS,3,5.6,ug/m3 LC,31,Intermediate School 143,1,100,88502,Acceptable PM2.5 AQI & Speciation Mass,702,PM2.5 SCC w/Correction Factor,35620,"New York-Newark-Jersey City, NY-NJ-PA",36,New York,61,New York,40.84955,-73.935649
05/18/2024,AQS,3,4.5,ug/m3 LC,25,Intermediate School 143,1,100,88502,Acceptable PM2.5 AQI & Speciation Mass,702,PM2.5 SCC w/Correction Factor,35620,"New York-Newark-Jersey City, NY-NJ-PA",36,New York,61,New York,40.84955,-73.935649
05/19/2024,AQS,3,1.3,ug/m3 LC,7,Intermediate School 143,1,100,88502,Acceptable PM2.5 AQI & Speciation Mass,702,PM2.5 SCC w/Correction Factor,35620,"New York-Newark-Jersey City, NY-NJ-PA",36,New York,61,New York,40.84955,-73.935649
05/20/2024,AQS,3,1.3,ug/m3 LC,7,Intermediate School 143,1,100,88502,Acceptable PM2.5 AQI & Speciation Mass,702,PM2.5 SCC w/Correction Factor,35620,"New York-Newark-Jersey City, NY-NJ-PA",36,New York,61,New York,40.84955,-73.935649
05/21/2024,AQS,3,7.7,ug/m3 LC,43,Intermediate School 143,1,100,88502,Acceptable PM2.5 AQI & Speciation Mass,702,PM2.5 SCC w/Correction Factor,35620,"New York-Newark-Jersey City, NY-NJ-PA",36,New York,61,New York,40.84955,-73.935649
05/22/2024,AQS,3,8.5,ug/m3 LC,47,Intermediate School 143,1,100,88502,Acceptable PM2.5 AQI & Speciation Mass,702,PM2.5 SCC w/Correction Factor,35620,"New York-Newark-Jersey City, NY-NJ-PA",36,New York,61,New York,40.84955,-73.935649
05/23/2024,AQS,3,9,ug/m3 LC,50,Intermediate School 143,1,100,88502,Acceptable PM2.5 AQI & Speciation Mass,702,PM2.5 SCC w/Correction Factor,35620,"New York-Newark-Jersey City, NY-NJ-PA",36,New York,61,New York,40.84955,-73.935649
05/24/2024,AQS,3,7.7,ug/m3 LC,43,Intermediate School 143,1,100,88502,Acceptable PM2.5 AQI & Speciation Mass,702,PM2.5 SCC w/Correction Factor,35620,"New York-Newark-Jersey City, NY-NJ-PA",36,New York,61,New York,40.84955,-73.935649
05/25/2024,AQS,3,7.9,ug/m3 LC,44,Intermediate School 143,1,100,88502,Acceptable PM2.5 AQI & Speciation Mass,702,PM2.5 SCC w/Correction Factor,35620,"New York-Newark-Jersey City, NY-NJ-PA",36,New York,61,New York,40.84955,-73.935649
05/26/2024,AQS,3,9.9,ug/m3 LC,52,Intermediate School 143,1,100,88502,Acceptable PM2.5 AQI & Speciation Mass,702,PM2.5 SCC w/Correction Factor,35620,"New York-Newark-Jersey City, NY-NJ-PA",36,New York,61,New York,40.84955,-73.935649
05/27/2024,AQS,3,4.9,ug/m3 LC,27,Intermediate School 143,1,100,88502,Acceptable PM2.5 AQI & Speciation Mass,702,PM2.5 SCC w/Correction Factor,35620,"New York-Newark-Jersey City, NY-NJ-PA",36,New York,61,New York,40.84955,-73.935649
05/28/2024,AQS,3,4.3,ug/m3 LC,24,Intermediate School 143,1,100,88502,Acceptable PM2.5 AQI & Speciation Mass,702,PM2.5 SCC w/Correction Factor,35620,"New York-Newark-Jersey City, NY-NJ-PA",36,New York,61,New York,40.84955,-73.935649
05/29/2024,AQS,3,2.5,ug/m3 LC,14,Intermediate School 143,1,100,88502,Acceptable PM2.5 AQI & Speciation Mass,702,PM2.5 SCC w/Correction Factor,35620,"New York-Newark-Jersey City, NY-NJ-PA",36,New York,61,New York,40.84955,-73.935649
05/30/2024,AQS,3,3.9,ug/m3 LC,22,Intermediate School 143,1,100,88502,Acceptable PM2.5 AQI & Speciation Mass,702,PM2.5 SCC w/Correction Factor,35620,"New York-Newark-Jersey City, NY-NJ-PA",36,New York,61,New York,40.84955,-73.935649
05/31/2024,AQS,3,3.6,ug/m3 LC,20,Intermediate School 143,1,100,88502,Acceptable PM2.5 AQI & Speciation Mass,702,PM2.5 SCC w/Correction Factor,35620,"New York-Newark-Jersey City, NY-NJ-PA",36,New York,61,New York,40.84955,-73.935649
06/01/2024,AQS,3,5.8,ug/m3 LC,32,Intermediate School 143,1,100,88502,Acceptable PM2.5 AQI & Speciation Mass,702,PM2.5 SCC w/Correction Factor,35620,"New York-Newark-Jersey City, NY-NJ-PA",36,New York,61,New York,40.84955,-73.935649
06/02/2024,AQS,3,11.1,ug/m3 LC,55,Intermediate School 143,1,100,88502,Acceptable PM2.5 AQI & Speciation Mass,702,PM2.5 SCC w/Correction Factor,35620,"New York-Newark-Jersey City, NY-NJ-PA",36,New York,61,New York,40.84955,-73.935649
06/03/2024,AQS,3,14,ug/m3 LC,60,Intermediate School 143,1,100,88502,Acceptable PM2.5 AQI & Speciation Mass,702,PM2.5 SCC w/Correction Factor,35620,"New York-Newark-Jersey City, NY-NJ-PA",36,New York,61,New York,40.84955,-73.935649
06/04/2024,AQS,3,16.3,ug/m3 LC,64,Intermediate School 143,1,100,88502,Acceptable PM2.5 AQI & Speciation Mass,702,PM2.5 SCC w/Correction Factor,35620,"New York-Newark-Jersey City, NY-NJ-PA",36,New York,61,New York,40.84955,-73.935649
06/05/2024,AQS,3,7.9,ug/m3 LC,44,Intermediate School 143,1,100,88502,Acceptable PM2.5 AQI & Speciation Mass,702,PM2.5 SCC w/Correction Factor,35620,"New York-Newark-Jersey City, NY-NJ-PA",36,New York,61,New York,40.84955,-73.935649
06/06/2024,AQS,3,4.1,ug/m3 LC,23,Intermediate School 143,1,100,88502,Acceptable PM2.5 AQI & Speciation Mass,702,PM2.5 SCC w/Correction Factor,35620,"New York-Newark-Jersey City, NY-NJ-PA",36,New York,61,New York,40.84955,-73.935649
06/07/2024,AQS,3,3.6,ug/m3 LC,20,Intermediate School 143,1,100,88502,Acceptable PM2.5 AQI & Speciation Mass,702,PM2.5 SCC w/Correction Factor,35620,"New York-Newark-Jersey City, NY-NJ-PA",36,New York,61,New York,40.84955,-73.935649
06/08/2024,AQS,3,1.7,ug/m3 LC,9,Intermediate School 143,1,100,88502,Acceptable PM2.5 AQI & Speciation Mass,702,PM2.5 SCC w/Correction Factor,35620,"New York-Newark-Jersey City, NY-NJ-PA",36,New York,61,New York,40.84955,-73.935649
06/09/2024,AQS,3,3.6,ug/m3 LC,20,Intermediate School 143,1,100,88502,Acceptable PM2.5 AQI & Speciation Mass,702,PM2.5 SCC w/Correction Factor,35620,"New York-Newark-Jersey City, NY-NJ-PA",36,New York,61,New York,40.84955,-73.935649
06/10/2024,AQS,3,1.7,ug/m3 LC,9,Intermediate School 143,1,100,88502,Acceptable PM2.5 AQI & Speciation Mass,702,PM2.5 SCC w/Correction Factor,35620,"New York-Newark-Jersey City, NY-NJ-PA",36,New York,61,New York,40.84955,-73.935649
06/11/2024,AQS,3,2.1,ug/m3 LC,12,Intermediate School 143,1,100,88502,Acceptable PM2.5 AQI & Speciation Mass,702,PM2.5 SCC w/Correction Factor,35620,"New York-Newark-Jersey City, NY-NJ-PA",36,New York,61,New York,40.84955,-73.935649
06/12/2024,AQS,3,4.4,ug/m3 LC,24,Intermediate School 143,1,100,88502,Acceptable PM2.5 AQI & Speciation Mass,702,PM2.5 SCC w/Correction Factor,35620,"New York-Newark-Jersey City, NY-NJ-PA",36,New York,61,New York,40.84955,-73.935649
06/13/2024,AQS,3,11.2,ug/m3 LC,55,Intermediate School 143,1,100,88502,Acceptable PM2.5 AQI & Speciation Mass,702,PM2.5 SCC w/Correction Factor,35620,"New York-Newark-Jersey City, NY-NJ-PA",36,New York,61,New York,40.84955,-73.935649
06/14/2024,AQS,3,9.9,ug/m3 LC,52,Intermediate School 143,1,100,88502,Acceptable PM2.5 AQI & Speciation Mass,702,PM2.5 SCC w/Correction Factor,35620,"New York-Newark-Jersey City, NY-NJ-PA",36,New York,61,New York,40.84955,-73.935649
06/15/2024,AQS,3,2.8,ug/m3 LC,16,Intermediate School 143,1,100,88502,Acceptable PM2.5 AQI & Speciation Mass,702,PM2.5 SCC w/Correction Factor,35620,"New York-Newark-Jersey City, NY-NJ-PA",36,New York,61,New York,40.84955,-73.935649
06/16/2024,AQS,3,4.8,ug/m3 LC,27,Intermediate School 143,1,100,88502,Acceptable PM2.5 AQI & Speciation Mass,702,PM2.5 SCC w/Correction Factor,35620,"New York-Newark-Jersey City, NY-NJ-PA",36,New York,61,New York,40.84955,-73.935649
06/17/2024,AQS,3,7.9,ug/m3 LC,44,Intermediate School 143,1,100,88502,Acceptable PM2.5 AQI & Speciation Mass,702,PM2.5 SCC w/Correction Factor,35620,"New York-Newark-Jersey City, NY-NJ-PA",36,New York,61,New York,40.84955,-73.935649
06/18/2024,AQS,3,9.1,ug/m3 LC,51,Intermediate School 143,1,100,88502,Acceptable PM2.5 AQI & Speciation Mass,702,PM2.5 SCC w/Correction Factor,35620,"New York-Newark-Jersey City, NY-NJ-PA",36,New York,61,New York,40.84955,-73.935649
06/19/2024,AQS,3,7.7,ug/m3 LC,43,Intermediate School 143,1,100,88502,Acceptable PM2.5 AQI & Speciation Mass,702,PM2.5 SCC w/Correction Factor,35620,"New York-Newark-Jersey City, NY-NJ-PA",36,New York,61,New York,40.84955,-73.935649
06/20/2024,AQS,3,10.8,ug/m3 LC,54,Intermediate School 143,1,100,88502,Acceptable PM2.5 AQI & Speciation Mass,702,PM2.5 SCC w/Correction Factor,35620,"New York-Newark-Jersey City, NY-NJ-PA",36,New York,61,New York,40.84955,-73.935649
06/21/2024,AQS,3,9.9,ug/m3 LC,52,Intermediate School 143,1,100,88502,Acceptable PM2.5 AQI & Speciation Mass,702,PM2.5 SCC w/Correction Factor,35620,"New York-Newark-Jersey City, NY-NJ-PA",36,New York,61,New York,40.84955,-73.935649
06/22/2024,AQS,3,12.7,ug/m3 LC,58,Intermediate School 143,1,100,88502,Acceptable PM2.5 AQI & Speciation Mass,702,PM2.5 SCC w/Correction Factor,35620,"New York-Newark-Jersey City, NY-NJ-PA",36,New York,61,New York,40.84955,-73.935649
06/23/2024,AQS,3,8.7,ug/m3 LC,48,Intermediate School 143,1,100,88502,Acceptable PM2.5 AQI & Speciation Mass,702,PM2.5 SCC w/Correction Factor,35620,"New York-Newark-Jersey City, NY-NJ-PA",36,New York,61,New York,40.84955,-73.935649
06/24/2024,AQS,3,2,ug/m3 LC,11,Intermediate School 143,1,100,88502,Acceptable PM2.5 AQI & Speciation Mass,702,PM2.5 SCC w/Correction Factor,35620,"New York-Newark-Jersey City, NY-NJ-PA",36,New York,61,New York,40.84955,-73.935649
06/25/2024,AQS,3,7,ug/m3 LC,39,Intermediate School 143,1,100,88502,Acceptable PM2.5 AQI & Speciation Mass,702,PM2.5 SCC w/Correction Factor,35620,"New York-Newark-Jersey City, NY-NJ-PA",36,New York,61,New York,40.84955,-73.935649
06/26/2024,AQS,3,9,ug/m3 LC,50,Intermediate School 143,1,100,88502,Acceptable PM2.5 AQI & Speciation Mass,702,PM2.5 SCC w/Correction Factor,35620,"New York-Newark-Jersey City, NY-NJ-PA",36,New York,61,New York,40.84955,-73.935649
06/27/2024,AQS,3,1.6,ug/m3 LC,9,Intermediate School 143,1,100,88502,Acceptable PM2.5 AQI & Speciation Mass,702,PM2.5 SCC w/Correction Factor,35620,"New York-Newark-Jersey City, NY-NJ-PA",36,New York,61,New York,40.84955,-73.935649
06/28/2024,AQS,3,1.9,ug/m3 LC,11,Intermediate School 143,1,100,88502,Acceptable PM2.5 AQI & Speciation Mass,702,PM2.5 SCC w/Correction Factor,35620,"New York-Newark-Jersey City, NY-NJ-PA",36,New York,61,New York,40.84955,-73.935649
06/29/2024,AQS,3,5.5,ug/m3 LC,31,Intermediate School 143,1,100,88502,Acceptable PM2.5 AQI & Speciation Mass,702,PM2.5 SCC w/Correction Factor,35620,"New York-Newark-Jersey City, NY-NJ-PA",36,New York,61,New York,40.84955,-73.935649
06/30/2024,AQS,3,5.5,ug/m3 LC,31,Intermediate School 143,1,100,88502,Acceptable PM2.5 AQI & Speciation Mass,702,PM2.5 SCC w/Correction Factor,35620,"New York-Newark-Jersey City, NY-NJ-PA",36,New York,61,New York,40.84955,-73.935649
07/01/2024,AQS,3,-0.5,ug/m3 LC,0,Intermediate School 143,1,100,88502,Acceptable PM2.5 AQI & Speciation Mass,702,PM2.5 SCC w/Correction Factor,35620,"New York-Newark-Jersey City, NY-NJ-PA",36,New York,61,New York,40.84955,-73.935649
07/02/2024,AQS,3,2.4,ug/m3 LC,13,Intermediate School 143,1,100,88502,Acceptable PM2.5 AQI & Speciation Mass,702,PM2.5 SCC w/Correction Factor,35620,"New York-Newark-Jersey City, NY-NJ-PA",36,New York,61,New York,40.84955,-73.935649
07/03/2024,AQS,3,3.4,ug/m3 LC,19,Intermediate School 143,1,100,88502,Acceptable PM2.5 AQI & Speciation Mass,702,PM2.5 SCC w/Correction Factor,35620,"New York-Newark-Jersey City, NY-NJ-PA",36,New York,61,New York,40.84955,-73.935649
07/04/2024,AQS,3,24.5,ug/m3 LC,80,Intermediate School 143,1,100,88502,Acceptable PM2.5 AQI & Speciation Mass,702,PM2.5 SCC w/Correction Factor,35620,"New York-Newark-Jersey City, NY-NJ-PA",36,New York,61,New York,40.84955,-73.935649
07/05/2024,AQS,3,38.9,ug/m3 LC,109,Intermediate School 143,1,100,88502,Acceptable PM2.5 AQI & Speciation Mass,702,PM2.5 SCC w/Correction Factor,35620,"New York-Newark-Jersey City, NY-NJ-PA",36,New York,61,New York,40.84955,-73.935649
07/06/2024,AQS,3,13.5,ug/m3 LC,59,Intermediate School 143,1,100,88502,Acceptable PM2.5 AQI & Speciation Mass,702,PM2.5 SCC w/Correction Factor,35620,"New York-Newark-Jersey City, NY-NJ-PA",36,New York,61,New York,40.84955,-73.935649
07/07/2024,AQS,3,10.4,ug/m3 LC,53,Intermediate School 143,1,100,88502,Acceptable PM2.5 AQI & Speciation Mass,702,PM2.5 SCC w/Correction Factor,35620,"New York-Newark-Jersey City, NY-NJ-PA",36,New York,61,New York,40.84955,-73.935649
07/08/2024,AQS,3,11.5,ug/m3 LC,55,Intermediate School 143,1,100,88502,Acceptable PM2.5 AQI & Speciation Mass,702,PM2.5 SCC w/Correction Factor,35620,"New York-Newark-Jersey City, NY-NJ-PA",36,New York,61,New York,40.84955,-73.935649
07/09/2024,AQS,3,10.5,ug/m3 LC,54,Intermediate School 143,1,100,88502,Acceptable PM2.5 AQI & Speciation Mass,702,PM2.5 SCC w/Correction Factor,35620,"New York-Newark-Jersey City, NY-NJ-PA",36,New York,61,New York,40.84955,-73.935649
07/10/2024,AQS,3,4.8,ug/m3 LC,27,Intermediate School 143,1,100,88502,Acceptable PM2.5 AQI & Speciation Mass,702,PM2.5 SCC w/Correction Factor,35620,"New York-Newark-Jersey City, NY-NJ-PA",36,New York,61,New York,40.84955,-73.935649
07/11/2024,AQS,3,2.6,ug/m3 LC,14,Intermediate School 143,1,100,88502,Acceptable PM2.5 AQI & Speciation Mass,702,PM2.5 SCC w/Correction Factor,35620,"New York-Newark-Jersey City, NY-NJ-PA",36,New York,61,New York,40.84955,-73.935649
07/12/2024,AQS,3,5.3,ug/m3 LC,29,Intermediate School 143,1,100,88502,Acceptable PM2.5 AQI & Speciation Mass,702,PM2.5 SCC w/Correction Factor,35620,"New York-Newark-Jersey City, NY-NJ-PA",36,New York,61,New York,40.84955,-73.935649
07/13/2024,AQS,3,2.8,ug/m3 LC,16,Intermediate School 143,1,100,88502,Acceptable PM2.5 AQI & Speciation Mass,702,PM2.5 SCC w/Correction Factor,35620,"New York-Newark-Jersey City, NY-NJ-PA",36,New York,61,New York,40.84955,-73.935649
07/14/2024,AQS,3,8.7,ug/m3 LC,48,Intermediate School 143,1,100,88502,Acceptable PM2.5 AQI & Speciation Mass,702,PM2.5 SCC w/Correction Factor,35620,"New York-Newark-Jersey City, NY-NJ-PA",36,New York,61,New York,40.84955,-73.935649
07/15/2024,AQS,3,13.7,ug/m3 LC,60,Intermediate School 143,1,100,88502,Acceptable PM2.5 AQI & Speciation Mass,702,PM2.5 SCC w/Correction Factor,35620,"New York-Newark-Jersey City, NY-NJ-PA",36,New York,61,New York,40.84955,-73.935649
07/16/2024,AQS,3,8.4,ug/m3 LC,47,Intermediate School 143,1,100,88502,Acceptable PM2.5 AQI & Speciation Mass,702,PM2.5 SCC w/Correction Factor,35620,"New York-Newark-Jersey City, NY-NJ-PA",36,New York,61,New York,40.84955,-73.935649
07/17/2024,AQS,3,9.7,ug/m3 LC,52,Intermediate School 143,1,100,88502,Acceptable PM2.5 AQI & Speciation Mass,702,PM2.5 SCC w/Correction Factor,35620,"New York-Newark-Jersey City, NY-NJ-PA",36,New York,61,New York,40.84955,-73.935649
07/18/2024,AQS,3,4.5,ug/m3 LC,25,Intermediate School 143,1,100,88502,Acceptable PM2.5 AQI & Speciation Mass,702,PM2.5 SCC w/Correction Factor,35620,"New York-Newark-Jersey City, NY-NJ-PA",36,New York,61,New York,40.84955,-73.935649
07/19/2024,AQS,3,2.4,ug/m3 LC,13,Intermediate School 143,1,100,88502,Acceptable PM2.5 AQI & Speciation Mass,702,PM2.5 SCC w/Correction Factor,35620,"New York-Newark-Jersey City, NY-NJ-PA",36,New York,61,New York,40.84955,-73.935649
07/20/2024,AQS,3,7.8,ug/m3 LC,43,Intermediate School 143,1,100,88502,Acceptable PM2.5 AQI & Speciation Mass,702,PM2.5 SCC w/Correction Factor,35620,"New York-Newark-Jersey City, NY-NJ-PA",36,New York,61,New York,40.84955,-73.935649
07/21/2024,AQS,3,9.3,ug/m3 LC,51,Intermediate School 143,1,100,88502,Acceptable PM2.5 AQI & Speciation Mass,702,PM2.5 SCC w/Correction Factor,35620,"New York-Newark-Jersey City, NY-NJ-PA",36,New York,61,New York,40.84955,-73.935649
07/22/2024,AQS,3,8,ug/m3 LC,44,Intermediate School 143,1,100,88502,Acceptable PM2.5 AQI & Speciation Mass,702,PM2.5 SCC w/Correction Factor,35620,"New York-Newark-Jersey City, NY-NJ-PA",36,New York,61,New York,40.84955,-73.935649
07/23/2024,AQS,3,3.8,ug/m3 LC,21,Intermediate School 143,1,100,88502,Acceptable PM2.5 AQI & Speciation Mass,702,PM2.5 SCC w/Correction Factor,35620,"New York-Newark-Jersey City, NY-NJ-PA",36,New York,61,New York,40.84955,-73.935649
07/24/2024,AQS,3,8.2,ug/m3 LC,46,Intermediate School 143,1,100,88502,Acceptable PM2.5 AQI & Speciation Mass,702,PM2.5 SCC w/Correction Factor,35620,"New York-Newark-Jersey City, NY-NJ-PA",36,New York,61,New York,40.84955,-73.935649
07/25/2024,AQS,3,7.7,ug/m3 LC,43,Intermediate School 143,1,100,88502,Acceptable PM2.5 AQI & Speciation Mass,702,PM2.5 SCC w/Correction Factor,35620,"New York-Newark-Jersey City, NY-NJ-PA",36,New York,61,New York,40.84955,-73.935649
07/26/2024,AQS,3,1.7,ug/m3 LC,9,Intermediate School 143,1,100,88502,Acceptable PM2.5 AQI & Speciation Mass,702,PM2.5 SCC w/Correction Factor,35620,"New York-Newark-Jersey City, NY-NJ-PA",36,New York,61,New York,40.84955,-73.935649
07/27/2024,AQS,3,9,ug/m3 LC,50,Intermediate School 143,1,100,88502,Acceptable PM2.5 AQI & Speciation Mass,702,PM2.5 SCC w/Correction Factor,35620,"New York-Newark-Jersey City, NY-NJ-PA",36,New York,61,New York,40.84955,-73.935649
07/28/2024,AQS,3,15.3,ug/m3 LC,63,Intermediate School 143,1,100,88502,Acceptable PM2.5 AQI & Speciation Mass,702,PM2.5 SCC w/Correction Factor,35620,"New York-Newark-Jersey City, NY-NJ-PA",36,New York,61,New York,40.84955,-73.935649
07/29/2024,AQS,3,14.5,ug/m3 LC,61,Intermediate School 143,1,100,88502,Acceptable PM2.5 AQI & Speciation Mass,702,PM2.5 SCC w/Correction Factor,35620,"New York-Newark-Jersey City, NY-NJ-PA",36,New York,61,New York,40.84955,-73.935649
07/30/2024,AQS,3,13.1,ug/m3 LC,58,Intermediate School 143,1,100,88502,Acceptable PM2.5 AQI & Speciation Mass,702,PM2.5 SCC w/Correction Factor,35620,"New York-Newark-Jersey City, NY-NJ-PA",36,New York,61,New York,40.84955,-73.935649
07/31/2024,AQS,3,7.1,ug/m3 LC,39,Intermediate School 143,1,100,88502,Acceptable PM2.5 AQI & Speciation Mass,702,PM2.5 SCC w/Correction Factor,35620,"New York-Newark-Jersey City, NY-NJ-PA",36,New York,61,New York,40.84955,-73.935649
08/01/2024,AQS,3,17.1,ug/m3 LC,66,Intermediate School 143,1,100,88502,Acceptable PM2.5 AQI & Speciation Mass,702,PM2.5 SCC w/Correction Factor,35620,"New York-Newark-Jersey City, NY-NJ-PA",36,New York,61,New York,40.84955,-73.935649
08/02/2024,AQS,3,16.8,ug/m3 LC,65,Intermediate School 143,1,100,88502,Acceptable PM2.5 AQI & Speciation Mass,702,PM2.5 SCC w/Correction Factor,35620,"New York-Newark-Jersey City, NY-NJ-PA",36,New York,61,New York,40.84955,-73.935649
08/03/2024,AQS,3,6.3,ug/m3 LC,35,Intermediate School 143,1,100,88502,Acceptable PM2.5 AQI & Speciation Mass,702,PM2.5 SCC w/Correction Factor,35620,"New York-Newark-Jersey City, NY-NJ-PA",36,New York,61,New York,40.84955,-73.935649
08/04/2024,AQS,3,6.8,ug/m3 LC,38,Intermediate School 143,1,100,88502,Acceptable PM2.5 AQI & Speciation Mass,702,PM2.5 SCC w/Correction Factor,35620,"New York-Newark-Jersey City, NY-NJ-PA",36,New York,61,New York,40.84955,-73.935649
08/05/2024,AQS,3,11.9,ug/m3 LC,56,Intermediate School 143,1,100,88502,Acceptable PM2.5 AQI & Speciation Mass,702,PM2.5 SCC w/Correction Factor,35620,"New York-Newark-Jersey City, NY-NJ-PA",36,New York,61,New York,40.84955,-73.935649
08/06/2024,AQS,3,9.8,ug/m3 LC,52,Intermediate School 143,1,100,88502,Acceptable PM2.5 AQI & Speciation Mass,702,PM2.5 SCC w/Correction Factor,35620,"New York-Newark-Jersey City, NY-NJ-PA",36,New York,61,New York,40.84955,-73.935649
08/07/2024,AQS,3,-0.2,ug/m3 LC,0,Intermediate School 143,1,100,88502,Acceptable PM2.5 AQI & Speciation Mass,702,PM2.5 SCC w/Correction Factor,35620,"New York-Newark-Jersey City, NY-NJ-PA",36,New York,61,New York,40.84955,-73.935649
08/08/2024,AQS,3,1.5,ug/m3 LC,8,Intermediate School 143,1,100,88502,Acceptable PM2.5 AQI & Speciation Mass,702,PM2.5 SCC w/Correction Factor,35620,"New York-Newark-Jersey City, NY-NJ-PA",36,New York,61,New York,40.84955,-73.935649
08/09/2024,AQS,3,6.7,ug/m3 LC,37,Intermediate School 143,1,100,88502,Acceptable PM2.5 AQI & Speciation Mass,702,PM2.5 SCC w/Correction Factor,35620,"New York-Newark-Jersey City, NY-NJ-PA",36,New York,61,New York,40.84955,-73.935649
08/10/2024,AQS,3,5.6,ug/m3 LC,31,Intermediate School 143,1,100,88502,Acceptable PM2.5 AQI & Speciation Mass,702,PM2.5 SCC w/Correction Factor,35620,"New York-Newark-Jersey City, NY-NJ-PA",36,New York,61,New York,40.84955,-73.935649
08/11/2024,AQS,3,5.3,ug/m3 LC,29,Intermediate School 143,1,100,88502,Acceptable PM2.5 AQI & Speciation Mass,702,PM2.5 SCC w/Correction Factor,35620,"New York-Newark-Jersey City, NY-NJ-PA",36,New York,61,New York,40.84955,-73.935649
08/12/2024,AQS,3,3,ug/m3 LC,17,Intermediate School 143,1,100,88502,Acceptable PM2.5 AQI & Speciation Mass,702,PM2.5 SCC w/Correction Factor,35620,"New York-Newark-Jersey City, NY-NJ-PA",36,New York,61,New York,40.84955,-73.935649
08/13/2024,AQS,3,3.4,ug/m3 LC,19,Intermediate School 143,1,100,88502,Acceptable PM2.5 AQI & Speciation Mass,702,PM2.5 SCC w/Correction Factor,35620,"New York-Newark-Jersey City, NY-NJ-PA",36,New York,61,New York,40.84955,-73.935649
08/14/2024,AQS,3,13.5,ug/m3 LC,59,Intermediate School 143,1,100,88502,Acceptable PM2.5 AQI & Speciation Mass,702,PM2.5 SCC w/Correction Factor,35620,"New York-Newark-Jersey City, NY-NJ-PA",36,New York,61,New York,40.84955,-73.935649
08/15/2024,AQS,3,10.5,ug/m3 LC,54,Intermediate School 143,1,100,88502,Acceptable PM2.5 AQI & Speciation Mass,702,PM2.5 SCC w/Correction Factor,35620,"New York-Newark-Jersey City, NY-NJ-PA",36,New York,61,New York,40.84955,-73.935649
08/16/2024,AQS,3,20.2,ug/m3 LC,72,Intermediate School 143,1,100,88502,Acceptable PM2.5 AQI & Speciation Mass,702,PM2.5 SCC w/Correction Factor,35620,"New York-Newark-Jersey City, NY-NJ-PA",36,New York,61,New York,40.84955,-73.935649
08/17/2024,AQS,3,18.3,ug/m3 LC,68,Intermediate School 143,1,100,88502,Acceptable PM2.5 AQI & Speciation Mass,702,PM2.5 SCC w/Correction Factor,35620,"New York-Newark-Jersey City, NY-NJ-PA",36,New York,61,New York,40.84955,-73.935649
08/18/2024,AQS,3,14.7,ug/m3 LC,61,Intermediate School 143,1,100,88502,Acceptable PM2.5 AQI & Speciation Mass,702,PM2.5 SCC w/Correction Factor,35620,"New York-Newark-Jersey City, NY-NJ-PA",36,New York,61,New York,40.84955,-73.935649
08/19/2024,AQS,3,2.8,ug/m3 LC,16,Intermediate School 143,1,100,88502,Acceptable PM2.5 AQI & Speciation Mass,702,PM2.5 SCC w/Correction Factor,35620,"New York-Newark-Jersey City, NY-NJ-PA",36,New York,61,New York,40.84955,-73.935649
08/20/2024,AQS,3,1,ug/m3 LC,6,Intermediate School 143,1,100,88502,Acceptable PM2.5 AQI & Speciation Mass,702,PM2.5 SCC w/Correction Factor,35620,"New York-Newark-Jersey City, NY-NJ-PA",36,New York,61,New York,40.84955,-73.935649
08/21/2024,AQS,3,1.5,ug/m3 LC,8,Intermediate School 143,1,100,88502,Acceptable PM2.5 AQI & Speciation Mass,702,PM2.5 SCC w/Correction Factor,35620,"New York-Newark-Jersey City, NY-NJ-PA",36,New York,61,New York,40.84955,-73.935649
08/22/2024,AQS,3,2.7,ug/m3 LC,15,Intermediate School 143,1,100,88502,Acceptable PM2.5 AQI & Speciation Mass,702,PM2.5 SCC w/Correction Factor,35620,"New York-Newark-Jersey City, NY-NJ-PA",36,New York,61,New York,40.84955,-73.935649
08/23/2024,AQS,3,3.6,ug/m3 LC,20,Intermediate School 143,1,100,88502,Acceptable PM2.5 AQI & Speciation Mass,702,PM2.5 SCC w/Correction Factor,35620,"New York-Newark-Jersey City, NY-NJ-PA",36,New York,61,New York,40.84955,-73.935649
08/24/2024,AQS,3,7.7,ug/m3 LC,43,Intermediate School 143,1,100,88502,Acceptable PM2.5 AQI & Speciation Mass,702,PM2.5 SCC w/Correction Factor,35620,"New York-Newark-Jersey City, NY-NJ-PA",36,New York,61,New York,40.84955,-73.935649
08/25/2024,AQS,3,10.6,ug/m3 LC,54,Intermediate School 143,1,100,88502,Acceptable PM2.5 AQI & Speciation Mass,702,PM2.5 SCC w/Correction Factor,35620,"New York-Newark-Jersey City, NY-NJ-PA",36,New York,61,New York,40.84955,-73.935649
08/26/2024,AQS,3,9.5,ug/m3 LC,52,Intermediate School 143,1,100,88502,Acceptable PM2.5 AQI & Speciation Mass,702,PM2.5 SCC w/Correction Factor,35620,"New York-Newark-Jersey City, NY-NJ-PA",36,New York,61,New York,40.84955,-73.935649
08/27/2024,AQS,3,8.1,ug/m3 LC,45,Intermediate School 143,1,100,88502,Acceptable PM2.5 AQI & Speciation Mass,702,PM2.5 SCC w/Correction Factor,35620,"New York-Newark-Jersey City, NY-NJ-PA",36,New York,61,New York,40.84955,-73.935649
08/28/2024,AQS,3,10.8,ug/m3 LC,54,Intermediate School 143,1,100,88502,Acceptable PM2.5 AQI & Speciation Mass,702,PM2.5 SCC w/Correction Factor,35620,"New York-Newark-Jersey City, NY-NJ-PA",36,New York,61,New York,40.84955,-73.935649
08/29/2024,AQS,3,2,ug/m3 LC,11,Intermediate School 143,1,100,88502,Acceptable PM2.5 AQI & Speciation Mass,702,PM2.5 SCC w/Correction Factor,35620,"New York-Newark-Jersey City, NY-NJ-PA",36,New York,61,New York,40.84955,-73.935649
08/31/2024,AQS,3,0.7,ug/m3 LC,4,Intermediate School 143,1,100,88502,Acceptable PM2.5 AQI & Speciation Mass,702,PM2.5 SCC w/Correction Factor,35620,"New York-Newark-Jersey City, NY-NJ-PA",36,New York,61,New York,40.84955,-73.935649
09/01/2024,AQS,3,5.1,ug/m3 LC,28,Intermediate School 143,1,100,88502,Acceptable PM2.5 AQI & Speciation Mass,702,PM2.5 SCC w/Correction Factor,35620,"New York-Newark-Jersey City, NY-NJ-PA",36,New York,61,New York,40.84955,-73.935649
09/02/2024,AQS,3,2.5,ug/m3 LC,14,Intermediate School 143,1,100,88502,Acceptable PM2.5 AQI & Speciation Mass,702,PM2.5 SCC w/Correction Factor,35620,"New York-Newark-Jersey City, NY-NJ-PA",36,New York,61,New York,40.84955,-73.935649
09/03/2024,AQS,3,1.6,ug/m3 LC,9,Intermediate School 143,1,100,88502,Acceptable PM2.5 AQI & Speciation Mass,702,PM2.5 SCC w/Correction Factor,35620,"New York-Newark-Jersey City, NY-NJ-PA",36,New York,61,New York,40.84955,-73.935649
09/04/2024,AQS,3,3.4,ug/m3 LC,19,Intermediate School 143,1,100,88502,Acceptable PM2.5 AQI & Speciation Mass,702,PM2.5 SCC w/Correction Factor,35620,"New York-Newark-Jersey City, NY-NJ-PA",36,New York,61,New York,40.84955,-73.935649
09/05/2024,AQS,3,1.5,ug/m3 LC,8,Intermediate School 143,1,100,88502,Acceptable PM2.5 AQI & Speciation Mass,702,PM2.5 SCC w/Correction Factor,35620,"New York-Newark-Jersey City, NY-NJ-PA",36,New York,61,New York,40.84955,-73.935649
09/06/2024,AQS,3,1.4,ug/m3 LC,8,Intermediate School 143,1,100,88502,Acceptable PM2.5 AQI & Speciation Mass,702,PM2.5 SCC w/Correction Factor,35620,"New York-Newark-Jersey City, NY-NJ-PA",36,New York,61,New York,40.84955,-73.935649
09/07/2024,AQS,3,1.2,ug/m3 LC,7,Intermediate School 143,1,100,88502,Acceptable PM2.5 AQI & Speciation Mass,702,PM2.5 SCC w/Correction Factor,35620,"New York-Newark-Jersey City, NY-NJ-PA",36,New York,61,New York,40.84955,-73.935649
09/08/2024,AQS,3,0.9,ug/m3 LC,5,Intermediate School 143,1,100,88502,Acceptable PM2.5 AQI & Speciation Mass,702,PM2.5 SCC w/Correction Factor,35620,"New York-Newark-Jersey City, NY-NJ-PA",36,New York,61,New York,40.84955,-73.935649
09/09/2024,AQS,3,3,ug/m3 LC,17,Intermediate School 143,1,100,88502,Acceptable PM2.5 AQI & Speciation Mass,702,PM2.5 SCC w/Correction Factor,35620,"New York-Newark-Jersey City, NY-NJ-PA",36,New York,61,New York,40.84955,-73.935649
09/10/2024,AQS,3,3.8,ug/m3 LC,21,Intermediate School 143,1,100,88502,Acceptable PM2.5 AQI & Speciation Mass,702,PM2.5 SCC w/Correction Factor,35620,"New York-Newark-Jersey City, NY-NJ-PA",36,New York,61,New York,40.84955,-73.935649
09/11/2024,AQS,3,3.4,ug/m3 LC,19,Intermediate School 143,1,100,88502,Acceptable PM2.5 AQI & Speciation Mass,702,PM2.5 SCC w/Correction Factor,35620,"New York-Newark-Jersey City, NY-NJ-PA",36,New York,61,New York,40.84955,-73.935649
09/12/2024,AQS,3,6.4,ug/m3 LC,36,Intermediate School 143,1,100,88502,Acceptable PM2.5 AQI & Speciation Mass,702,PM2.5 SCC w/Correction Factor,35620,"New York-Newark-Jersey City, NY-NJ-PA",36,New York,61,New York,40.84955,-73.935649
09/13/2024,AQS,3,6.4,ug/m3 LC,36,Intermediate School 143,1,100,88502,Acceptable PM2.5 AQI & Speciation Mass,702,PM2.5 SCC w/Correction Factor,35620,"New York-Newark-Jersey City, NY-NJ-PA",36,New York,61,New York,40.84955,-73.935649
09/14/2024,AQS,3,8.3,ug/m3 LC,46,Intermediate School 143,1,100,88502,Acceptable PM2.5 AQI & Speciation Mass,702,PM2.5 SCC w/Correction Factor,35620,"New York-Newark-Jersey City, NY-NJ-PA",36,New York,61,New York,40.84955,-73.935649
09/15/2024,AQS,3,5.1,ug/m3 LC,28,Intermediate School 143,1,100,88502,Acceptable PM2.5 AQI & Speciation Mass,702,PM2.5 SCC w/Correction Factor,35620,"New York-Newark-Jersey City, NY-NJ-PA",36,New York,61,New York,40.84955,-73.935649
09/16/2024,AQS,3,1.6,ug/m3 LC,9,Intermediate School 143,1,100,88502,Acceptable PM2.5 AQI & Speciation Mass,702,PM2.5 SCC w/Correction Factor,35620,"New York-Newark-Jersey City, NY-NJ-PA",36,New York,61,New York,40.84955,-73.935649
09/17/2024,AQS,3,3.8,ug/m3 LC,21,Intermediate School 143,1,100,88502,Acceptable PM2.5 AQI & Speciation Mass,702,PM2.5 SCC w/Correction Factor,35620,"New York-Newark-Jersey City, NY-NJ-PA",36,New York,61,New York,40.84955,-73.935649
09/18/2024,AQS,3,3.3,ug/m3 LC,18,Intermediate School 143,1,100,88502,Acceptable PM2.5 AQI & Speciation Mass,702,PM2.5 SCC w/Correction Factor,35620,"New York-Newark-Jersey City, NY-NJ-PA",36,New York,61,New York,40.84955,-73.935649
09/19/2024,AQS,3,6,ug/m3 LC,33,Intermediate School 143,1,100,88502,Acceptable PM2.5 AQI & Speciation Mass,702,PM2.5 SCC w/Correction Factor,35620,"New York-Newark-Jersey City, NY-NJ-PA",36,New York,61,New York,40.84955,-73.935649
09/20/2024,AQS,3,3.3,ug/m3 LC,18,Intermediate School 143,1,100,88502,Acceptable PM2.5 AQI & Speciation Mass,702,PM2.5 SCC w/Correction Factor,35620,"New York-Newark-Jersey City, NY-NJ-PA",36,New York,61,New York,40.84955,-73.935649
09/21/2024,AQS,3,1.9,ug/m3 LC,11,Intermediate School 143,1,100,88502,Acceptable PM2.5 AQI & Speciation Mass,702,PM2.5 SCC w/Correction Factor,35620,"New York-Newark-Jersey City, NY-NJ-PA",36,New York,61,New York,40.84955,-73.935649
09/22/2024,AQS,3,1.5,ug/m3 LC,8,Intermediate School 143,1,100,88502,Acceptable PM2.5 AQI & Speciation Mass,702,PM2.5 SCC w/Correction Factor,35620,"New York-Newark-Jersey City, NY-NJ-PA",36,New York,61,New York,40.84955,-73.935649
09/23/2024,AQS,3,1.5,ug/m3 LC,8,Intermediate School 143,1,100,88502,Acceptable PM2.5 AQI & Speciation Mass,702,PM2.5 SCC w/Correction Factor,35620,"New York-Newark-Jersey City, NY-NJ-PA",36,New York,61,New York,40.84955,-73.935649
09/24/2024,AQS,3,1.9,ug/m3 LC,11,Intermediate School 143,1,100,88502,Acceptable PM2.5 AQI & Speciation Mass,702,PM2.5 SCC w/Correction Factor,35620,"New York-Newark-Jersey City, NY-NJ-PA",36,New York,61,New York,40.84955,-73.935649
09/25/2024,AQS,3,2.3,ug/m3 LC,13,Intermediate School 143,1,100,88502,Acceptable PM2.5 AQI & Speciation Mass,702,PM2.5 SCC w/Correction Factor,35620,"New York-Newark-Jersey City, NY-NJ-PA",36,New York,61,New York,40.84955,-73.935649
09/26/2024,AQS,3,5.4,ug/m3 LC,30,Intermediate School 143,1,100,88502,Acceptable PM2.5 AQI & Speciation Mass,702,PM2.5 SCC w/Correction Factor,35620,"New York-Newark-Jersey City, NY-NJ-PA",36,New York,61,New York,40.84955,-73.935649
09/27/2024,AQS,3,1.7,ug/m3 LC,9,Intermediate School 143,1,100,88502,Acceptable PM2.5 AQI & Speciation Mass,702,PM2.5 SCC w/Correction Factor,35620,"New York-Newark-Jersey City, NY-NJ-PA",36,New York,61,New York,40.84955,-73.935649
09/28/2024,AQS,3,1.2,ug/m3 LC,7,Intermediate School 143,1,100,88502,Acceptable PM2.5 AQI & Speciation Mass,702,PM2.5 SCC w/Correction Factor,35620,"New York-Newark-Jersey City, NY-NJ-PA",36,New York,61,New York,40.84955,-73.935649
09/29/2024,AQS,3,1.1,ug/m3 LC,6,Intermediate School 143,1,100,88502,Acceptable PM2.5 AQI & Speciation Mass,702,PM2.5 SCC w/Correction Factor,35620,"New York-Newark-Jersey City, NY-NJ-PA",36,New York,61,New York,40.84955,-73.935649
09/30/2024,AQS,3,1.9,ug/m3 LC,11,Intermediate School 143,1,100,88502,Acceptable PM2.5 AQI & Speciation Mass,702,PM2.5 SCC w/Correction Factor,35620,"New York-Newark-Jersey City, NY-NJ-PA",36,New York,61,New York,40.84955,-73.935649
10/01/2024,AQS,3,2.6,ug/m3 LC,14,Intermediate School 143,1,100,88502,Acceptable PM2.5 AQI & Speciation Mass,702,PM2.5 SCC w/Correction Factor,35620,"New York-Newark-Jersey City, NY-NJ-PA",36,New York,61,New York,40.84955,-73.935649
10/02/2024,AQS,3,2.3,ug/m3 LC,13,Intermediate School 143,1,100,88502,Acceptable PM2.5 AQI & Speciation Mass,702,PM2.5 SCC w/Correction Factor,35620,"New York-Newark-Jersey City, NY-NJ-PA",36,New York,61,New York,40.84955,-73.935649
10/03/2024,AQS,3,4.9,ug/m3 LC,27,Intermediate School 143,1,100,88502,Acceptable PM2.5 AQI & Speciation Mass,702,PM2.5 SCC w/Correction Factor,35620,"New York-Newark-Jersey City, NY-NJ-PA",36,New York,61,New York,40.84955,-73.935649
10/04/2024,AQS,3,4.7,ug/m3 LC,26,Intermediate School 143,1,100,88502,Acceptable PM2.5 AQI & Speciation Mass,702,PM2.5 SCC w/Correction Factor,35620,"New York-Newark-Jersey City, NY-NJ-PA",36,New York,61,New York,40.84955,-73.935649
10/05/2024,AQS,3,4.2,ug/m3 LC,23,Intermediate School 143,1,100,88502,Acceptable PM2.5 AQI & Speciation Mass,702,PM2.5 SCC w/Correction Factor,35620,"New York-Newark-Jersey City, NY-NJ-PA",36,New York,61,New York,40.84955,-73.935649
10/06/2024,AQS,3,3.3,ug/m3 LC,18,Intermediate School 143,1,100,88502,Acceptable PM2.5 AQI & Speciation Mass,702,PM2.5 SCC w/Correction Factor,35620,"New York-Newark-Jersey City, NY-NJ-PA",36,New York,61,New York,40.84955,-73.935649
10/07/2024,AQS,3,4.6,ug/m3 LC,26,Intermediate School 143,1,100,88502,Acceptable PM2.5 AQI & Speciation Mass,702,PM2.5 SCC w/Correction Factor,35620,"New York-Newark-Jersey City, NY-NJ-PA",36,New York,61,New York,40.84955,-73.935649
10/08/2024,AQS,3,2.5,ug/m3 LC,14,Intermediate School 143,1,100,88502,Acceptable PM2.5 AQI & Speciation Mass,702,PM2.5 SCC w/Correction Factor,35620,"New York-Newark-Jersey City, NY-NJ-PA",36,New York,61,New York,40.84955,-73.935649
10/09/2024,AQS,3,1.6,ug/m3 LC,9,Intermediate School 143,1,100,88502,Acceptable PM2.5 AQI & Speciation Mass,702,PM2.5 SCC w/Correction Factor,35620,"New York-Newark-Jersey City, NY-NJ-PA",36,New York,61,New York,40.84955,-73.935649
10/10/2024,AQS,3,0.4,ug/m3 LC,2,Intermediate School 143,1,100,88502,Acceptable PM2.5 AQI & Speciation Mass,702,PM2.5 SCC w/Correction Factor,35620,"New York-Newark-Jersey City, NY-NJ-PA",36,New York,61,New York,40.84955,-73.935649
10/11/2024,AQS,3,1.3,ug/m3 LC,7,Intermediate School 143,1,100,88502,Acceptable PM2.5 AQI & Speciation Mass,702,PM2.5 SCC w/Correction Factor,35620,"New York-Newark-Jersey City, NY-NJ-PA",36,New York,61,New York,40.84955,-73.935649
10/12/2024,AQS,3,3.4,ug/m3 LC,19,Intermediate School 143,1,100,88502,Acceptable PM2.5 AQI & Speciation Mass,702,PM2.5 SCC w/Correction Factor,35620,"New York-Newark-Jersey City, NY-NJ-PA",36,New York,61,New York,40.84955,-73.935649
10/13/2024,AQS,3,4.2,ug/m3 LC,23,Intermediate School 143,1,100,88502,Acceptable PM2.5 AQI & Speciation Mass,702,PM2.5 SCC w/Correction Factor,35620,"New York-Newark-Jersey City, NY-NJ-PA",36,New York,61,New York,40.84955,-73.935649
10/14/2024,AQS,3,6,ug/m3 LC,33,Intermediate School 143,1,100,88502,Acceptable PM2.5 AQI & Speciation Mass,702,PM2.5 SCC w/Correction Factor,35620,"New York-Newark-Jersey City, NY-NJ-PA",36,New York,61,New York,40.84955,-73.935649
10/15/2024,AQS,3,1.6,ug/m3 LC,9,Intermediate School 143,1,100,88502,Acceptable PM2.5 AQI & Speciation Mass,702,PM2.5 SCC w/Correction Factor,35620,"New York-Newark-Jersey City, NY-NJ-PA",36,New York,61,New York,40.84955,-73.935649
10/16/2024,AQS,3,2.8,ug/m3 LC,16,Intermediate School 143,1,100,88502,Acceptable PM2.5 AQI & Speciation Mass,702,PM2.5 SCC w/Correction Factor,35620,"New York-Newark-Jersey City, NY-NJ-PA",36,New York,61,New York,40.84955,-73.935649
10/17/2024,AQS,3,1.9,ug/m3 LC,11,Intermediate School 143,1,100,88502,Acceptable PM2.5 AQI & Speciation Mass,702,PM2.5 SCC w/Correction Factor,35620,"New York-Newark-Jersey City, NY-NJ-PA",36,New York,61,New York,40.84955,-73.935649
10/18/2024,AQS,3,3.8,ug/m3 LC,21,Intermediate School 143,1,100,88502,Acceptable PM2.5 AQI & Speciation Mass,702,PM2.5 SCC w/Correction Factor,35620,"New York-Newark-Jersey City, NY-NJ-PA",36,New York,61,New York,40.84955,-73.935649
10/19/2024,AQS,3,5,ug/m3 LC,28,Intermediate School 143,1,100,88502,Acceptable PM2.5 AQI & Speciation Mass,702,PM2.5 SCC w/Correction Factor,35620,"New York-Newark-Jersey City, NY-NJ-PA",36,New York,61,New York,40.84955,-73.935649
10/20/2024,AQS,3,7.4,ug/m3 LC,41,Intermediate School 143,1,100,88502,Acceptable PM2.5 AQI & Speciation Mass,702,PM2.5 SCC w/Correction Factor,35620,"New York-Newark-Jersey City, NY-NJ-PA",36,New York,61,New York,40.84955,-73.935649
10/21/2024,AQS,3,10.6,ug/m3 LC,54,Intermediate School 143,1,100,88502,Acceptable PM2.5 AQI & Speciation Mass,702,PM2.5 SCC w/Correction Factor,35620,"New York-Newark-Jersey City, NY-NJ-PA",36,New York,61,New York,40.84955,-73.935649
10/22/2024,AQS,3,11.9,ug/m3 LC,56,Intermediate School 143,1,100,88502,Acceptable PM2.5 AQI & Speciation Mass,702,PM2.5 SCC w/Correction Factor,35620,"New York-Newark-Jersey City, NY-NJ-PA",36,New York,61,New York,40.84955,-73.935649
10/23/2024,AQS,3,8.9,ug/m3 LC,49,Intermediate School 143,1,100,88502,Acceptable PM2.5 AQI & Speciation Mass,702,PM2.5 SCC w/Correction Factor,35620,"New York-Newark-Jersey City, NY-NJ-PA",36,New York,61,New York,40.84955,-73.935649
10/24/2024,AQS,3,3.8,ug/m3 LC,21,Intermediate School 143,1,100,88502,Acceptable PM2.5 AQI & Speciation Mass,702,PM2.5 SCC w/Correction Factor,35620,"New York-Newark-Jersey City, NY-NJ-PA",36,New York,61,New York,40.84955,-73.935649
10/25/2024,AQS,3,2.9,ug/m3 LC,16,Intermediate School 143,1,100,88502,Acceptable PM2.5 AQI & Speciation Mass,702,PM2.5 SCC w/Correction Factor,35620,"New York-Newark-Jersey City, NY-NJ-PA",36,New York,61,New York,40.84955,-73.935649
10/26/2024,AQS,3,5,ug/m3 LC,28,Intermediate School 143,1,100,88502,Acceptable PM2.5 AQI & Speciation Mass,702,PM2.5 SCC w/Correction Factor,35620,"New York-Newark-Jersey City, NY-NJ-PA",36,New York,61,New York,40.84955,-73.935649
10/27/2024,AQS,3,2.9,ug/m3 LC,16,Intermediate School 143,1,100,88502,Acceptable PM2.5 AQI & Speciation Mass,702,PM2.5 SCC w/Correction Factor,35620,"New York-Newark-Jersey City, NY-NJ-PA",36,New York,61,New York,40.84955,-73.935649
10/28/2024,AQS,3,4.7,ug/m3 LC,26,Intermediate School 143,1,100,88502,Acceptable PM2.5 AQI & Speciation Mass,702,PM2.5 SCC w/Correction Factor,35620,"New York-Newark-Jersey City, NY-NJ-PA",36,New York,61,New York,40.84955,-73.935649
10/29/2024,AQS,3,4.4,ug/m3 LC,24,Intermediate School 143,1,100,88502,Acceptable PM2.5 AQI & Speciation Mass,702,PM2.5 SCC w/Correction Factor,35620,"New York-Newark-Jersey City, NY-NJ-PA",36,New York,61,New York,40.84955,-73.935649
10/30/2024,AQS,3,10.3,ug/m3 LC,53,Intermediate School 143,1,100,88502,Acceptable PM2.5 AQI & Speciation Mass,702,PM2.5 SCC w/Correction Factor,35620,"New York-Newark-Jersey City, NY-NJ-PA",36,New York,61,New York,40.84955,-73.935649
10/31/2024,AQS,3,10.4,ug/m3 LC,53,Intermediate School 143,1,100,88502,Acceptable PM2.5 AQI & Speciation Mass,702,PM2.5 SCC w/Correction Factor,35620,"New York-Newark-Jersey City, NY-NJ-PA",36,New York,61,New York,40.84955,-73.935649
11/01/2024,AQS,3,4.8,ug/m3 LC,27,Intermediate School 143,1,100,88502,Acceptable PM2.5 AQI & Speciation Mass,702,PM2.5 SCC w/Correction Factor,35620,"New York-Newark-Jersey City, NY-NJ-PA",36,New York,61,New York,40.84955,-73.935649
11/02/2024,AQS,3,2.1,ug/m3 LC,12,Intermediate School 143,1,100,88502,Acceptable PM2.5 AQI & Speciation Mass,702,PM2.5 SCC w/Correction Factor,35620,"New York-Newark-Jersey City, NY-NJ-PA",36,New York,61,New York,40.84955,-73.935649
11/03/2024,AQS,3,2.3,ug/m3 LC,13,Intermediate School 143,1,100,88502,Acceptable PM2.5 AQI & Speciation Mass,702,PM2.5 SCC w/Correction Factor,35620,"New York-Newark-Jersey City, NY-NJ-PA",36,New York,61,New York,40.84955,-73.935649
11/04/2024,AQS,3,5.2,ug/m3 LC,29,Intermediate School 143,1,100,88502,Acceptable PM2.5 AQI & Speciation Mass,702,PM2.5 SCC w/Correction Factor,35620,"New York-Newark-Jersey City, NY-NJ-PA",36,New York,61,New York,40.84955,-73.935649
11/05/2024,AQS,3,7.2,ug/m3 LC,40,Intermediate School 143,1,100,88502,Acceptable PM2.5 AQI & Speciation Mass,702,PM2.5 SCC w/Correction Factor,35620,"New York-Newark-Jersey City, NY-NJ-PA",36,New York,61,New York,40.84955,-73.935649
11/06/2024,AQS,3,6.2,ug/m3 LC,34,Intermediate School 143,1,100,88502,Acceptable PM2.5 AQI & Speciation Mass,702,PM2.5 SCC w/Correction Factor,35620,"New York-Newark-Jersey City, NY-NJ-PA",36,New York,61,New York,40.84955,-73.935649
11/07/2024,AQS,3,5.4,ug/m3 LC,30,Intermediate School 143,1,100,88502,Acceptable PM2.5 AQI & Speciation Mass,702,PM2.5 SCC w/Correction Factor,35620,"New York-Newark-Jersey City, NY-NJ-PA",36,New York,61,New York,40.84955,-73.935649
11/08/2024,AQS,3,8.4,ug/m3 LC,47,Intermediate School 143,1,100,88502,Acceptable PM2.5 AQI & Speciation Mass,702,PM2.5 SCC w/Correction Factor,35620,"New York-Newark-Jersey City, NY-NJ-PA",36,New York,61,New York,40.84955,-73.935649
11/09/2024,AQS,3,21.4,ug/m3 LC,74,Intermediate School 143,1,100,88502,Acceptable PM2.5 AQI & Speciation Mass,702,PM2.5 SCC w/Correction Factor,35620,"New York-Newark-Jersey City, NY-NJ-PA",36,New York,61,New York,40.84955,-73.935649
11/10/2024,AQS,3,4.1,ug/m3 LC,23,Intermediate School 143,1,100,88502,Acceptable PM2.5 AQI & Speciation Mass,702,PM2.5 SCC w/Correction Factor,35620,"New York-Newark-Jersey City, NY-NJ-PA",36,New York,61,New York,40.84955,-73.935649
11/11/2024,AQS,3,3.9,ug/m3 LC,22,Intermediate School 143,1,100,88502,Acceptable PM2.5 AQI & Speciation Mass,702,PM2.5 SCC w/Correction Factor,35620,"New York-Newark-Jersey City, NY-NJ-PA",36,New York,61,New York,40.84955,-73.935649
11/12/2024,AQS,3,3.8,ug/m3 LC,21,Intermediate School 143,1,100,88502,Acceptable PM2.5 AQI & Speciation Mass,702,PM2.5 SCC w/Correction Factor,35620,"New York-Newark-Jersey City, NY-NJ-PA",36,New York,61,New York,40.84955,-73.935649
11/13/2024,AQS,3,6.4,ug/m3 LC,36,Intermediate School 143,1,100,88502,Acceptable PM2.5 AQI & Speciation Mass,702,PM2.5 SCC w/Correction Factor,35620,"New York-Newark-Jersey City, NY-NJ-PA",36,New York,61,New York,40.84955,-73.935649
11/14/2024,AQS,3,3.1,ug/m3 LC,17,Intermediate School 143,1,100,88502,Acceptable PM2.5 AQI & Speciation Mass,702,PM2.5 SCC w/Correction Factor,35620,"New York-Newark-Jersey City, NY-NJ-PA",36,New York,61,New York,40.84955,-73.935649
11/15/2024,AQS,3,6.4,ug/m3 LC,36,Intermediate School 143,1,100,88502,Acceptable PM2.5 AQI & Speciation Mass,702,PM2.5 SCC w/Correction Factor,35620,"New York-Newark-Jersey City, NY-NJ-PA",36,New York,61,New York,40.84955,-73.935649
11/16/2024,AQS,3,7.2,ug/m3 LC,40,Intermediate School 143,1,100,88502,Acceptable PM2.5 AQI & Speciation Mass,702,PM2.5 SCC w/Correction Factor,35620,"New York-Newark-Jersey City, NY-NJ-PA",36,New York,61,New York,40.84955,-73.935649
11/17/2024,AQS,3,13.8,ug/m3 LC,60,Intermediate School 143,1,100,88502,Acceptable PM2.5 AQI & Speciation Mass,702,PM2.5 SCC w/Correction Factor,35620,"New York-Newark-Jersey City, NY-NJ-PA",36,New York,61,New York,40.84955,-73.935649
11/18/2024,AQS,3,6.7,ug/m3 LC,37,Intermediate School 143,1,100,88502,Acceptable PM2.5 AQI & Speciation Mass,702,PM2.5 SCC w/Correction Factor,35620,"New York-Newark-Jersey City, NY-NJ-PA",36,New York,61,New York,40.84955,-73.935649
11/19/2024,AQS,3,5.7,ug/m3 LC,32,Intermediate School 143,1,100,88502,Acceptable PM2.5 AQI & Speciation Mass,702,PM2.5 SCC w/Correction Factor,35620,"New York-Newark-Jersey City, NY-NJ-PA",36,New York,61,New York,40.84955,-73.935649
11/20/2024,AQS,3,7.8,ug/m3 LC,43,Intermediate School 143,1,100,88502,Acceptable PM2.5 AQI & Speciation Mass,702,PM2.5 SCC w/Correction Factor,35620,"New York-Newark-Jersey City, NY-NJ-PA",36,New York,61,New York,40.84955,-73.935649
11/21/2024,AQS,3,1.8,ug/m3 LC,10,Intermediate School 143,1,100,88502,Acceptable PM2.5 AQI & Speciation Mass,702,PM2.5 SCC w/Correction Factor,35620,"New York-Newark-Jersey City, NY-NJ-PA",36,New York,61,New York,40.84955,-73.935649
11/22/2024,AQS,3,4.2,ug/m3 LC,23,Intermediate School 143,1,100,88502,Acceptable PM2.5 AQI & Speciation Mass,702,PM2.5 SCC w/Correction Factor,35620,"New York-Newark-Jersey City, NY-NJ-PA",36,New York,61,New York,40.84955,-73.935649
11/23/2024,AQS,3,5,ug/m3 LC,28,Intermediate School 143,1,100,88502,Acceptable PM2.5 AQI & Speciation Mass,702,PM2.5 SCC w/Correction Factor,35620,"New York-Newark-Jersey City, NY-NJ-PA",36,New York,61,New York,40.84955,-73.935649
11/24/2024,AQS,3,4.9,ug/m3 LC,27,Intermediate School 143,1,100,88502,Acceptable PM2.5 AQI & Speciation Mass,702,PM2.5 SCC w/Correction Factor,35620,"New York-Newark-Jersey City, NY-NJ-PA",36,New York,61,New York,40.84955,-73.935649
11/25/2024,AQS,3,5.8,ug/m3 LC,32,Intermediate School 143,1,100,88502,Acceptable PM2.5 AQI & Speciation Mass,702,PM2.5 SCC w/Correction Factor,35620,"New York-Newark-Jersey City, NY-NJ-PA",36,New York,61,New York,40.84955,-73.935649
11/26/2024,AQS,3,7.3,ug/m3 LC,41,Intermediate School 143,1,100,88502,Acceptable PM2.5 AQI & Speciation Mass,702,PM2.5 SCC w/Correction Factor,35620,"New York-Newark-Jersey City, NY-NJ-PA",36,New York,61,New York,40.84955,-73.935649
11/27/2024,AQS,3,6.1,ug/m3 LC,34,Intermediate School 143,1,100,88502,Acceptable PM2.5 AQI & Speciation Mass,702,PM2.5 SCC w/Correction Factor,35620,"New York-Newark-Jersey City, NY-NJ-PA",36,New York,61,New York,40.84955,-73.935649
11/28/2024,AQS,3,5.1,ug/m3 LC,28,Intermediate School 143,1,100,88502,Acceptable PM2.5 AQI & Speciation Mass,702,PM2.5 SCC w/Correction Factor,35620,"New York-Newark-Jersey City, NY-NJ-PA",36,New York,61,New York,40.84955,-73.935649
11/29/2024,AQS,3,6.1,ug/m3 LC,34,Intermediate School 143,1,100,88502,Acceptable PM2.5 AQI & Speciation Mass,702,PM2.5 SCC w/Correction Factor,35620,"New York-Newark-Jersey City, NY-NJ-PA",36,New York,61,New York,40.84955,-73.935649
11/30/2024,AQS,3,6.1,ug/m3 LC,34,Intermediate School 143,1,100,88502,Acceptable PM2.5 AQI & Speciation Mass,702,PM2.5 SCC w/Correction Factor,35620,"New York-Newark-Jersey City, NY-NJ-PA",36,New York,61,New York,40.84955,-73.935649
12/01/2024,AQS,3,7.9,ug/m3 LC,44,Intermediate School 143,1,100,88502,Acceptable PM2.5 AQI & Speciation Mass,702,PM2.5 SCC w/Correction Factor,35620,"New York-Newark-Jersey City, NY-NJ-PA",36,New York,61,New York,40.84955,-73.935649
12/02/2024,AQS,3,6.4,ug/m3 LC,36,Intermediate School 143,1,100,88502,Acceptable PM2.5 AQI & Speciation Mass,702,PM2.5 SCC w/Correction Factor,35620,"New York-Newark-Jersey City, NY-NJ-PA",36,New York,61,New York,40.84955,-73.935649
12/03/2024,AQS,3,5.8,ug/m3 LC,32,Intermediate School 143,1,100,88502,Acceptable PM2.5 AQI & Speciation Mass,702,PM2.5 SCC w/Correction Factor,35620,"New York-Newark-Jersey City, NY-NJ-PA",36,New York,61,New York,40.84955,-73.935649
12/04/2024,AQS,3,5.3,ug/m3 LC,29,Intermediate School 143,1,100,88502,Acceptable PM2.5 AQI & Speciation Mass,702,PM2.5 SCC w/Correction Factor,35620,"New York-Newark-Jersey City, NY-NJ-PA",36,New York,61,New York,40.84955,-73.935649
12/05/2024,AQS,3,7.9,ug/m3 LC,44,Intermediate School 143,1,100,88502,Acceptable PM2.5 AQI & Speciation Mass,702,PM2.5 SCC w/Correction Factor,35620,"New York-Newark-Jersey City, NY-NJ-PA",36,New York,61,New York,40.84955,-73.935649
12/06/2024,AQS,3,5.5,ug/m3 LC,31,Intermediate School 143,1,100,88502,Acceptable PM2.5 AQI & Speciation Mass,702,PM2.5 SCC w/Correction Factor,35620,"New York-Newark-Jersey City, NY-NJ-PA",36,New York,61,New York,40.84955,-73.935649
12/07/2024,AQS,3,6.7,ug/m3 LC,37,Intermediate School 143,1,100,88502,Acceptable PM2.5 AQI & Speciation Mass,702,PM2.5 SCC w/Correction Factor,35620,"New York-Newark-Jersey City, NY-NJ-PA",36,New York,61,New York,40.84955,-73.935649
12/08/2024,AQS,3,10,ug/m3 LC,53,Intermediate School 143,1,100,88502,Acceptable PM2.5 AQI & Speciation Mass,702,PM2.5 SCC w/Correction Factor,35620,"New York-Newark-Jersey City, NY-NJ-PA",36,New York,61,New York,40.84955,-73.935649
12/09/2024,AQS,3,13.2,ug/m3 LC,59,Intermediate School 143,1,100,88502,Acceptable PM2.5 AQI & Speciation Mass,702,PM2.5 SCC w/Correction Factor,35620,"New York-Newark-Jersey City, NY-NJ-PA",36,New York,61,New York,40.84955,-73.935649
12/10/2024,AQS,3,5.5,ug/m3 LC,31,Intermediate School 143,1,100,88502,Acceptable PM2.5 AQI & Speciation Mass,702,PM2.5 SCC w/Correction Factor,35620,"New York-Newark-Jersey City, NY-NJ-PA",36,New York,61,New York,40.84955,-73.935649
12/11/2024,AQS,3,5.7,ug/m3 LC,32,Intermediate School 143,1,100,88502,Acceptable PM2.5 AQI & Speciation Mass,702,PM2.5 SCC w/Correction Factor,35620,"New York-Newark-Jersey City, NY-NJ-PA",36,New York,61,New York,40.84955,-73.935649
12/12/2024,AQS,3,8.5,ug/m3 LC,47,Intermediate School 143,1,100,88502,Acceptable PM2.5 AQI & Speciation Mass,702,PM2.5 SCC w/Correction Factor,35620,"New York-Newark-Jersey City, NY-NJ-PA",36,New York,61,New York,40.84955,-73.935649
12/13/2024,AQS,3,8,ug/m3 LC,44,Intermediate School 143,1,100,88502,Acceptable PM2.5 AQI & Speciation Mass,702,PM2.5 SCC w/Correction Factor,35620,"New York-Newark-Jersey City, NY-NJ-PA",36,New York,61,New York,40.84955,-73.935649
12/14/2024,AQS,3,6.8,ug/m3 LC,38,Intermediate School 143,1,100,88502,Acceptable PM2.5 AQI & Speciation Mass,702,PM2.5 SCC w/Correction Factor,35620,"New York-Newark-Jersey City, NY-NJ-PA",36,New York,61,New York,40.84955,-73.935649
12/15/2024,AQS,3,7.1,ug/m3 LC,39,Intermediate School 143,1,100,88502,Acceptable PM2.5 AQI & Speciation Mass,702,PM2.5 SCC w/Correction Factor,35620,"New York-Newark-Jersey City, NY-NJ-PA",36,New York,61,New York,40.84955,-73.935649
12/16/2024,AQS,3,5.7,ug/m3 LC,32,Intermediate School 143,1,100,88502,Acceptable PM2.5 AQI & Speciation Mass,702,PM2.5 SCC w/Correction Factor,35620,"New York-Newark-Jersey City, NY-NJ-PA",36,New York,61,New York,40.84955,-73.935649
12/17/2024,AQS,3,8.1,ug/m3 LC,45,Intermediate School 143,1,100,88502,Acceptable PM2.5 AQI & Speciation Mass,702,PM2.5 SCC w/Correction Factor,35620,"New York-Newark-Jersey City, NY-NJ-PA",36,New York,61,New York,40.84955,-73.935649
12/18/2024,AQS,3,7.9,ug/m3 LC,44,Intermediate School 143,1,100,88502,Acceptable PM2.5 AQI & Speciation Mass,702,PM2.5 SCC w/Correction Factor,35620,"New York-Newark-Jersey City, NY-NJ-PA",36,New York,61,New York,40.84955,-73.935649
12/19/2024,AQS,3,6.2,ug/m3 LC,34,Intermediate School 143,1,100,88502,Acceptable PM2.5 AQI & Speciation Mass,702,PM2.5 SCC w/Correction Factor,35620,"New York-Newark-Jersey City, NY-NJ-PA",36,New York,61,New York,40.84955,-73.935649
12/20/2024,AQS,3,5.1,ug/m3 LC,28,Intermediate School 143,1,100,88502,Acceptable PM2.5 AQI & Speciation Mass,702,PM2.5 SCC w/Correction Factor,35620,"New York-Newark-Jersey City, NY-NJ-PA",36,New York,61,New York,40.84955,-73.935649
12/21/2024,AQS,3,6.7,ug/m3 LC,37,Intermediate School 143,1,100,88502,Acceptable PM2.5 AQI & Speciation Mass,702,PM2.5 SCC w/Correction Factor,35620,"New York-Newark-Jersey City, NY-NJ-PA",36,New York,61,New York,40.84955,-73.935649
12/22/2024,AQS,3,7.4,ug/m3 LC,41,Intermediate School 143,1,100,88502,Acceptable PM2.5 AQI & Speciation Mass,702,PM2.5 SCC w/Correction Factor,35620,"New York-Newark-Jersey City, NY-NJ-PA",36,New York,61,New York,40.84955,-73.935649
12/23/2024,AQS,3,8.4,ug/m3 LC,47,Intermediate School 143,1,100,88502,Acceptable PM2.5 AQI & Speciation Mass,702,PM2.5 SCC w/Correction Factor,35620,"New York-Newark-Jersey City, NY-NJ-PA",36,New York,61,New York,40.84955,-73.935649
12/24/2024,AQS,3,10.2,ug/m3 LC,53,Intermediate School 143,1,100,88502,Acceptable PM2.5 AQI & Speciation Mass,702,PM2.5 SCC w/Correction Factor,35620,"New York-Newark-Jersey City, NY-NJ-PA",36,New York,61,New York,40.84955,-73.935649
12/25/2024,AQS,3,10.2,ug/m3 LC,53,Intermediate School 143,1,100,88502,Acceptable PM2.5 AQI & Speciation Mass,702,PM2.5 SCC w/Correction Factor,35620,"New York-Newark-Jersey City, NY-NJ-PA",36,New York,61,New York,40.84955,-73.935649
12/26/2024,AQS,3,11,ug/m3 LC,55,Intermediate School 143,1,100,88502,Acceptable PM2.5 AQI & Speciation Mass,702,PM2.5 SCC w/Correction Factor,35620,"New York-Newark-Jersey City, NY-NJ-PA",36,New York,61,New York,40.84955,-73.935649
12/27/2024,AQS,3,12.4,ug/m3 LC,57,Intermediate School 143,1,100,88502,Acceptable PM2.5 AQI & Speciation Mass,702,PM2.5 SCC w/Correction Factor,35620,"New York-Newark-Jersey City, NY-NJ-PA",36,New York,61,New York,40.84955,-73.935649
12/28/2024,AQS,3,14,ug/m3 LC,60,Intermediate School 143,1,100,88502,Acceptable PM2.5 AQI & Speciation Mass,702,PM2.5 SCC w/Correction Factor,35620,"New York-Newark-Jersey City, NY-NJ-PA",36,New York,61,New York,40.84955,-73.935649
12/29/2024,AQS,3,9.3,ug/m3 LC,51,Intermediate School 143,1,100,88502,Acceptable PM2.5 AQI & Speciation Mass,702,PM2.5 SCC w/Correction Factor,35620,"New York-Newark-Jersey City, NY-NJ-PA",36,New York,61,New York,40.84955,-73.935649
12/30/2024,AQS,3,6.4,ug/m3 LC,36,Intermediate School 143,1,100,88502,Acceptable PM2.5 AQI & Speciation Mass,702,PM2.5 SCC w/Correction Factor,35620,"New York-Newark-Jersey City, NY-NJ-PA",36,New York,61,New York,40.84955,-73.935649
12/31/2024,AQS,3,7.6,ug/m3 LC,42,Intermediate School 143,1,100,88502,Acceptable PM2.5 AQI & Speciation Mass,702,PM2.5 SCC w/Correction Factor,35620,"New York-Newark-Jersey City, NY-NJ-PA",36,New York,61,New York,40.84955,-73.935649
01/01/2025,AirNow,3,6.6,ug/m3 LC,37,CCNY,1,100,88502,Acceptable PM2.5 AQI & Speciation Mass,,,35620,"New York-Newark-Jersey City, NY-NJ-PA",36,New York,61,New York,40.81976,-73.94825
01/02/2025,AirNow,3,2.8,ug/m3 LC,16,CCNY,1,100,88502,Acceptable PM2.5 AQI & Speciation Mass,,,35620,"New York-Newark-Jersey City, NY-NJ-PA",36,New York,61,New York,40.81976,-73.94825
01/03/2025,AirNow,3,5.8,ug/m3 LC,32,CCNY,1,100,88502,Acceptable PM2.5 AQI & Speciation Mass,,,35620,"New York-Newark-Jersey City, NY-NJ-PA",36,New York,61,New York,40.81976,-73.94825
01/04/2025,AirNow,3,2,ug/m3 LC,11,CCNY,1,100,88502,Acceptable PM2.5 AQI & Speciation Mass,,,35620,"New York-Newark-Jersey City, NY-NJ-PA",36,New York,61,New York,40.81976,-73.94825
01/05/2025,AirNow,3,3.7,ug/m3 LC,21,CCNY,1,100,88502,Acceptable PM2.5 AQI & Speciation Mass,,,35620,"New York-Newark-Jersey City, NY-NJ-PA",36,New York,61,New York,40.81976,-73.94825
01/06/2025,AirNow,3,5.3,ug/m3 LC,29,CCNY,1,100,88502,Acceptable PM2.5 AQI & Speciation Mass,,,35620,"New York-Newark-Jersey City, NY-NJ-PA",36,New York,61,New York,40.81976,-73.94825
01/07/2025,AirNow,3,2.7,ug/m3 LC,15,CCNY,1,100,88502,Acceptable PM2.5 AQI & Speciation Mass,,,35620,"New York-Newark-Jersey City, NY-NJ-PA",36,New York,61,New York,40.81976,-73.94825
01/08/2025,AirNow,3,2.2,ug/m3 LC,12,CCNY,1,100,88502,Acceptable PM2.5 AQI & Speciation Mass,,,35620,"New York-Newark-Jersey City, NY-NJ-PA",36,New York,61,New York,40.81976,-73.94825
01/09/2025,AirNow,3,2.4,ug/m3 LC,13,CCNY,1,100,88502,Acceptable PM2.5 AQI & Speciation Mass,,,35620,"New York-Newark-Jersey City, NY-NJ-PA",36,New York,61,New York,40.81976,-73.94825
01/10/2025,AirNow,3,3.5,ug/m3 LC,19,CCNY,1,100,88502,Acceptable PM2.5 AQI & Speciation Mass,,,35620,"New York-Newark-Jersey City, NY-NJ-PA",36,New York,61,New York,40.81976,-73.94825
01/11/2025,AirNow,3,5.9,ug/m3 LC,33,CCNY,1,100,88502,Acceptable PM2.5 AQI & Speciation Mass,,,35620,"New York-Newark-Jersey City, NY-NJ-PA",36,New York,61,New York,40.81976,-73.94825
01/12/2025,AirNow,3,11.3,ug/m3 LC,55,CCNY,1,100,88502,Acceptable PM2.5 AQI & Speciation Mass,,,35620,"New York-Newark-Jersey City, NY-NJ-PA",36,New York,61,New York,40.81976,-73.94825
01/13/2025,AirNow,3,14.7,ug/m3 LC,61,CCNY,1,100,88502,Acceptable PM2.5 AQI & Speciation Mass,,,35620,"New York-Newark-Jersey City, NY-NJ-PA",36,New York,61,New York,40.81976,-73.94825
01/14/2025,AirNow,3,5.3,ug/m3 LC,29,CCNY,1,100,88502,Acceptable PM2.5 AQI & Speciation Mass,,,35620,"New York-Newark-Jersey City, NY-NJ-PA",36,New York,61,New York,40.81976,-73.94825
01/15/2025,AirNow,3,3.7,ug/m3 LC,21,CCNY,1,100,88502,Acceptable PM2.5 AQI & Speciation Mass,,,35620,"New York-Newark-Jersey City, NY-NJ-PA",36,New York,61,New York,40.81976,-73.94825
01/16/2025,AirNow,3,10.6,ug/m3 LC,54,CCNY,1,100,88502,Acceptable PM2.5 AQI & Speciation Mass,,,35620,"New York-Newark-Jersey City, NY-NJ-PA",36,New York,61,New York,40.81976,-73.94825
01/17/2025,AirNow,3,16.2,ug/m3 LC,64,CCNY,1,100,88502,Acceptable PM2.5 AQI & Speciation Mass,,,35620,"New York-Newark-Jersey City, NY-NJ-PA",36,New York,61,New York,40.81976,-73.94825
01/18/2025,AirNow,3,11.2,ug/m3 LC,55,CCNY,1,100,88502,Acceptable PM2.5 AQI & Speciation Mass,,,35620,"New York-Newark-Jersey City, NY-NJ-PA",36,New York,61,New York,40.81976,-73.94825
01/19/2025,AirNow,3,8.2,ug/m3 LC,46,CCNY,1,100,88502,Acceptable PM2.5 AQI & Speciation Mass,,,35620,"New York-Newark-Jersey City, NY-NJ-PA",36,New York,61,New York,40.81976,-73.94825
01/20/2025,AirNow,3,3.6,ug/m3 LC,20,CCNY,1,100,88502,Acceptable PM2.5 AQI & Speciation Mass,,,35620,"New York-Newark-Jersey City, NY-NJ-PA",36,New York,61,New York,40.81976,-73.94825
01/21/2025,AirNow,3,7.7,ug/m3 LC,43,CCNY,1,100,88502,Acceptable PM2.5 AQI & Speciation Mass,,,35620,"New York-Newark-Jersey City, NY-NJ-PA",36,New York,61,New York,40.81976,-73.94825
01/22/2025,AirNow,3,9.4,ug/m3 LC,52,CCNY,1,100,88502,Acceptable PM2.5 AQI & Speciation Mass,,,35620,"New York-Newark-Jersey City, NY-NJ-PA",36,New York,61,New York,40.81976,-73.94825
01/23/2025,AirNow,3,16.2,ug/m3 LC,64,CCNY,1,100,88502,Acceptable PM2.5 AQI & Speciation Mass,,,35620,"New York-Newark-Jersey City, NY-NJ-PA",36,New York,61,New York,40.81976,-73.94825
01/24/2025,AirNow,3,14.5,ug/m3 LC,61,CCNY,1,100,88502,Acceptable PM2.5 AQI & Speciation Mass,,,35620,"New York-Newark-Jersey City, NY-NJ-PA",36,New York,61,New York,40.81976,-73.94825
01/25/2025,AirNow,3,11.7,ug/m3 LC,56,CCNY,1,100,88502,Acceptable PM2.5 AQI & Speciation Mass,,,35620,"New York-Newark-Jersey City, NY-NJ-PA",36,New York,61,New York,40.81976,-73.94825
01/26/2025,AirNow,3,12.1,ug/m3 LC,57,CCNY,1,100,88502,Acceptable PM2.5 AQI & Speciation Mass,,,35620,"New York-Newark-Jersey City, NY-NJ-PA",36,New York,61,New York,40.81976,-73.94825
01/27/2025,AirNow,3,6.8,ug/m3 LC,38,CCNY,1,100,88502,Acceptable PM2.5 AQI & Speciation Mass,,,35620,"New York-Newark-Jersey City, NY-NJ-PA",36,New York,61,New York,40.81976,-73.94825
01/28/2025,AirNow,3,5.3,ug/m3 LC,29,CCNY,1,100,88502,Acceptable PM2.5 AQI & Speciation Mass,,,35620,"New York-Newark-Jersey City, NY-NJ-PA",36,New York,61,New York,40.81976,-73.94825
01/29/2025,AirNow,3,6,ug/m3 LC,33,CCNY,1,100,88502,Acceptable PM2.5 AQI & Speciation Mass,,,35620,"New York-Newark-Jersey City, NY-NJ-PA",36,New York,61,New York,40.81976,-73.94825
01/30/2025,AirNow,3,3.5,ug/m3 LC,19,CCNY,1,100,88502,Acceptable PM2.5 AQI & Speciation Mass,,,35620,"New York-Newark-Jersey City, NY-NJ-PA",36,New York,61,New York,40.81976,-73.94825
01/31/2025,AirNow,3,15,ug/m3 LC,62,CCNY,1,100,88502,Acceptable PM2.5 AQI & Speciation Mass,,,35620,"New York-Newark-Jersey City, NY-NJ-PA",36,New York,61,New York,40.81976,-73.94825
02/01/2025,AirNow,3,5.9,ug/m3 LC,33,CCNY,1,100,88502,Acceptable PM2.5 AQI & Speciation Mass,,,35620,"New York-Newark-Jersey City, NY-NJ-PA",36,New York,61,New York,40.81976,-73.94825
02/02/2025,AirNow,3,6,ug/m3 LC,33,CCNY,1,100,88502,Acceptable PM2.5 AQI & Speciation Mass,,,35620,"New York-Newark-Jersey City, NY-NJ-PA",36,New York,61,New York,40.81976,-73.94825
02/03/2025,AirNow,3,15.8,ug/m3 LC,63,CCNY,1,100,88502,Acceptable PM2.5 AQI & Speciation Mass,,,35620,"New York-Newark-Jersey City, NY-NJ-PA",36,New York,61,New York,40.81976,-73.94825
02/04/2025,AirNow,3,5,ug/m3 LC,28,CCNY,1,100,88502,Acceptable PM2.5 AQI & Speciation Mass,,,35620,"New York-Newark-Jersey City, NY-NJ-PA",36,New York,61,New York,40.81976,-73.94825
02/05/2025,AirNow,3,4.5,ug/m3 LC,25,CCNY,1,100,88502,Acceptable PM2.5 AQI & Speciation Mass,,,35620,"New York-Newark-Jersey City, NY-NJ-PA",36,New York,61,New York,40.81976,-73.94825
02/06/2025,AirNow,3,9,ug/m3 LC,50,CCNY,1,100,88502,Acceptable PM2.5 AQI & Speciation Mass,,,35620,"New York-Newark-Jersey City, NY-NJ-PA",36,New York,61,New York,40.81976,-73.94825
02/07/2025,AirNow,3,9.1,ug/m3 LC,51,CCNY,1,100,88502,Acceptable PM2.5 AQI & Speciation Mass,,,35620,"New York-Newark-Jersey City, NY-NJ-PA",36,New York,61,New York,40.81976,-73.94825
02/08/2025,AirNow,3,6.8,ug/m3 LC,38,CCNY,1,100,88502,Acceptable PM2.5 AQI & Speciation Mass,,,35620,"New York-Newark-Jersey City, NY-NJ-PA",36,New York,61,New York,40.81976,-73.94825
02/09/2025,AirNow,3,6.8,ug/m3 LC,38,CCNY,1,100,88502,Acceptable PM2.5 AQI & Speciation Mass,,,35620,"New York-Newark-Jersey City, NY-NJ-PA",36,New York,61,New York,40.81976,-73.94825
02/10/2025,AirNow,3,5.2,ug/m3 LC,29,CCNY,1,100,88502,Acceptable PM2.5 AQI & Speciation Mass,,,35620,"New York-Newark-Jersey City, NY-NJ-PA",36,New York,61,New York,40.81976,-73.94825
02/11/2025,AirNow,3,7.9,ug/m3 LC,44,CCNY,1,100,88502,Acceptable PM2.5 AQI & Speciation Mass,,,35620,"New York-Newark-Jersey City, NY-NJ-PA",36,New York,61,New York,40.81976,-73.94825
02/12/2025,AirNow,3,12.3,ug/m3 LC,57,CCNY,1,100,88502,Acceptable PM2.5 AQI & Speciation Mass,,,35620,"New York-Newark-Jersey City, NY-NJ-PA",36,New York,61,New York,40.81976,-73.94825
02/13/2025,AirNow,3,5.1,ug/m3 LC,28,CCNY,1,100,88502,Acceptable PM2.5 AQI & Speciation Mass,,,35620,"New York-Newark-Jersey City, NY-NJ-PA",36,New York,61,New York,40.81976,-73.94825
02/14/2025,AirNow,3,3.8,ug/m3 LC,21,CCNY,1,100,88502,Acceptable PM2.5 AQI & Speciation Mass,,,35620,"New York-Newark-Jersey City, NY-NJ-PA",36,New York,61,New York,40.81976,-73.94825
02/15/2025,AirNow,3,6.5,ug/m3 LC,36,CCNY,1,100,88502,Acceptable PM2.5 AQI & Speciation Mass,,,35620,"New York-Newark-Jersey City, NY-NJ-PA",36,New York,61,New York,40.81976,-73.94825
02/16/2025,AirNow,3,4,ug/m3 LC,22,CCNY,1,100,88502,Acceptable PM2.5 AQI & Speciation Mass,,,35620,"New York-Newark-Jersey City, NY-NJ-PA",36,New York,61,New York,40.81976,-73.94825
02/17/2025,AirNow,3,2.8,ug/m3 LC,16,CCNY,1,100,88502,Acceptable PM2.5 AQI & Speciation Mass,,,35620,"New York-Newark-Jersey City, NY-NJ-PA",36,New York,61,New York,40.81976,-73.94825
02/18/2025,AirNow,3,3.4,ug/m3 LC,19,CCNY,1,100,88502,Acceptable PM2.5 AQI & Speciation Mass,,,35620,"New York-Newark-Jersey City, NY-NJ-PA",36,New York,61,New York,40.81976,-73.94825
02/19/2025,AirNow,3,3.2,ug/m3 LC,18,CCNY,1,100,88502,Acceptable PM2.5 AQI & Speciation Mass,,,35620,"New York-Newark-Jersey City, NY-NJ-PA",36,New York,61,New York,40.81976,-73.94825
02/20/2025,AirNow,3,4.1,ug/m3 LC,23,CCNY,1,100,88502,Acceptable PM2.5 AQI & Speciation Mass,,,35620,"New York-Newark-Jersey City, NY-NJ-PA",36,New York,61,New York,40.81976,-73.94825
02/21/2025,AirNow,3,3.5,ug/m3 LC,19,CCNY,1,100,88502,Acceptable PM2.5 AQI & Speciation Mass,,,35620,"New York-Newark-Jersey City, NY-NJ-PA",36,New York,61,New York,40.81976,-73.94825
02/22/2025,AirNow,3,8.7,ug/m3 LC,48,CCNY,1,100,88502,Acceptable PM2.5 AQI & Speciation Mass,,,35620,"New York-Newark-Jersey City, NY-NJ-PA",36,New York,61,New York,40.81976,-73.94825
02/23/2025,AirNow,3,12.1,ug/m3 LC,57,CCNY,1,100,88502,Acceptable PM2.5 AQI & Speciation Mass,,,35620,"New York-Newark-Jersey City, NY-NJ-PA",36,New York,61,New York,40.81976,-73.94825
02/24/2025,AirNow,3,13.8,ug/m3 LC,60,CCNY,1,100,88502,Acceptable PM2.5 AQI & Speciation Mass,,,35620,"New York-Newark-Jersey City, NY-NJ-PA",36,New York,61,New York,40.81976,-73.94825
02/25/2025,AirNow,3,10.2,ug/m3 LC,53,CCNY,1,100,88502,Acceptable PM2.5 AQI & Speciation Mass,,,35620,"New York-Newark-Jersey City, NY-NJ-PA",36,New York,61,New York,40.81976,-73.94825
02/26/2025,AirNow,3,5.4,ug/m3 LC,30,CCNY,1,100,88502,Acceptable PM2.5 AQI & Speciation Mass,,,35620,"New York-Newark-Jersey City, NY-NJ-PA",36,New York,61,New York,40.81976,-73.94825
02/27/2025,AirNow,3,12.2,ug/m3 LC,57,CCNY,1,100,88502,Acceptable PM2.5 AQI & Speciation Mass,,,35620,"New York-Newark-Jersey City, NY-NJ-PA",36,New York,61,New York,40.81976,-73.94825
02/28/2025,AirNow,3,4.1,ug/m3 LC,23,CCNY,1,100,88502,Acceptable PM2.5 AQI & Speciation Mass,,,35620,"New York-Newark-Jersey City, NY-NJ-PA",36,New York,61,New York,40.81976,-73.94825
03/01/2025,AirNow,3,4.5,ug/m3 LC,25,CCNY,1,100,88502,Acceptable PM2.5 AQI & Speciation Mass,,,35620,"New York-Newark-Jersey City, NY-NJ-PA",36,New York,61,New York,40.81976,-73.94825
03/02/2025,AirNow,3,3.4,ug/m3 LC,19,CCNY,1,100,88502,Acceptable PM2.5 AQI & Speciation Mass,,,35620,"New York-Newark-Jersey City, NY-NJ-PA",36,New York,61,New York,40.81976,-73.94825
03/03/2025,AirNow,3,5.2,ug/m3 LC,29,CCNY,1,100,88502,Acceptable PM2.5 AQI & Speciation Mass,,,35620,"New York-Newark-Jersey City, NY-NJ-PA",36,New York,61,New York,40.81976,-73.94825
03/04/2025,AirNow,3,12.2,ug/m3 LC,57,CCNY,1,100,88502,Acceptable PM2.5 AQI & Speciation Mass,,,35620,"New York-Newark-Jersey City, NY-NJ-PA",36,New York,61,New York,40.81976,-73.94825
03/05/2025,AirNow,3,9.3,ug/m3 LC,51,CCNY,1,100,88502,Acceptable PM2.5 AQI & Speciation Mass,,,35620,"New York-Newark-Jersey City, NY-NJ-PA",36,New York,61,New York,40.81976,-73.94825
03/06/2025,AirNow,3,6,ug/m3 LC,33,CCNY,1,100,88502,Acceptable PM2.5 AQI & Speciation Mass,,,35620,"New York-Newark-Jersey City, NY-NJ-PA",36,New York,61,New York,40.81976,-73.94825
03/07/2025,AirNow,3,2,ug/m3 LC,11,CCNY,1,100,88502,Acceptable PM2.5 AQI & Speciation Mass,,,35620,"New York-Newark-Jersey City, NY-NJ-PA",36,New York,61,New York,40.81976,-73.94825
03/08/2025,AirNow,3,2.5,ug/m3 LC,14,CCNY,1,100,88502,Acceptable PM2.5 AQI & Speciation Mass,,,35620,"New York-Newark-Jersey City, NY-NJ-PA",36,New York,61,New York,40.81976,-73.94825
03/09/2025,AirNow,3,3.3,ug/m3 LC,18,CCNY,1,100,88502,Acceptable PM2.5 AQI & Speciation Mass,,,35620,"New York-Newark-Jersey City, NY-NJ-PA",36,New York,61,New York,40.81976,-73.94825
03/10/2025,AirNow,3,7,ug/m3 LC,39,CCNY,1,100,88502,Acceptable PM2.5 AQI & Speciation Mass,,,35620,"New York-Newark-Jersey City, NY-NJ-PA",36,New York,61,New York,40.81976,-73.94825
03/11/2025,AirNow,3,8.5,ug/m3 LC,47,CCNY,1,100,88502,Acceptable PM2.5 AQI & Speciation Mass,,,35620,"New York-Newark-Jersey City, NY-NJ-PA",36,New York,61,New York,40.81976,-73.94825
03/12/2025,AirNow,3,3.8,ug/m3 LC,21,CCNY,1,100,88502,Acceptable PM2.5 AQI & Speciation Mass,,,35620,"New York-Newark-Jersey City, NY-NJ-PA",36,New York,61,New York,40.81976,-73.94825
03/13/2025,AirNow,3,6,ug/m3 LC,33,CCNY,1,100,88502,Acceptable PM2.5 AQI & Speciation Mass,,,35620,"New York-Newark-Jersey City, NY-NJ-PA",36,New York,61,New York,40.81976,-73.94825
03/14/2025,AirNow,3,7.8,ug/m3 LC,43,CCNY,1,100,88502,Acceptable PM2.5 AQI & Speciation Mass,,,35620,"New York-Newark-Jersey City, NY-NJ-PA",36,New York,61,New York,40.81976,-73.94825
03/15/2025,AirNow,3,7.2,ug/m3 LC,40,CCNY,1,100,88502,Acceptable PM2.5 AQI & Speciation Mass,,,35620,"New York-Newark-Jersey City, NY-NJ-PA",36,New York,61,New York,40.81976,-73.94825
03/16/2025,AirNow,3,13.8,ug/m3 LC,60,CCNY,1,100,88502,Acceptable PM2.5 AQI & Speciation Mass,,,35620,"New York-Newark-Jersey City, NY-NJ-PA",36,New York,61,New York,40.81976,-73.94825
03/17/2025,AirNow,3,5.9,ug/m3 LC,33,CCNY,1,100,88502,Acceptable PM2.5 AQI & Speciation Mass,,,35620,"New York-Newark-Jersey City, NY-NJ-PA",36,New York,61,New York,40.81976,-73.94825
03/18/2025,AirNow,3,3.4,ug/m3 LC,19,CCNY,1,100,88502,Acceptable PM2.5 AQI & Speciation Mass,,,35620,"New York-Newark-Jersey City, NY-NJ-PA",36,New York,61,New York,40.81976,-73.94825
03/19/2025,AirNow,3,7,ug/m3 LC,39,CCNY,1,100,88502,Acceptable PM2.5 AQI & Speciation Mass,,,35620,"New York-Newark-Jersey City, NY-NJ-PA",36,New York,61,New York,40.81976,-73.94825
03/20/2025,AirNow,3,4.7,ug/m3 LC,26,CCNY,1,100,88502,Acceptable PM2.5 AQI & Speciation Mass,,,35620,"New York-Newark-Jersey City, NY-NJ-PA",36,New York,61,New York,40.81976,-73.94825
03/21/2025,AirNow,3,2.7,ug/m3 LC,15,CCNY,1,100,88502,Acceptable PM2.5 AQI & Speciation Mass,,,35620,"New York-Newark-Jersey City, NY-NJ-PA",36,New York,61,New York,40.81976,-73.94825
03/22/2025,AirNow,3,5.2,ug/m3 LC,29,CCNY,1,100,88502,Acceptable PM2.5 AQI & Speciation Mass,,,35620,"New York-Newark-Jersey City, NY-NJ-PA",36,New York,61,New York,40.81976,-73.94825
03/23/2025,AirNow,3,3.9,ug/m3 LC,22,CCNY,1,100,88502,Acceptable PM2.5 AQI & Speciation Mass,,,35620,"New York-Newark-Jersey City, NY-NJ-PA",36,New York,61,New York,40.81976,-73.94825
03/24/2025,AirNow,3,9.8,ug/m3 LC,52,CCNY,1,100,88502,Acceptable PM2.5 AQI & Speciation Mass,,,35620,"New York-Newark-Jersey City, NY-NJ-PA",36,New York,61,New York,40.81976,-73.94825
03/25/2025,AirNow,3,6.8,ug/m3 LC,38,CCNY,1,100,88502,Acceptable PM2.5 AQI & Speciation Mass,,,35620,"New York-Newark-Jersey City, NY-NJ-PA",36,New York,61,New York,40.81976,-73.94825
03/26/2025,AirNow,3,3.9,ug/m3 LC,22,CCNY,1,100,88502,Acceptable PM2.5 AQI & Speciation Mass,,,35620,"New York-Newark-Jersey City, NY-NJ-PA",36,New York,61,New York,40.81976,-73.94825
03/27/2025,AirNow,3,3.7,ug/m3 LC,21,CCNY,1,100,88502,Acceptable PM2.5 AQI & Speciation Mass,,,35620,"New York-Newark-Jersey City, NY-NJ-PA",36,New York,61,New York,40.81976,-73.94825
03/28/2025,AirNow,3,8.9,ug/m3 LC,49,CCNY,1,100,88502,Acceptable PM2.5 AQI & Speciation Mass,,,35620,"New York-Newark-Jersey City, NY-NJ-PA",36,New York,61,New York,40.81976,-73.94825
03/29/2025,AirNow,3,12.4,ug/m3 LC,57,CCNY,1,100,88502,Acceptable PM2.5 AQI & Speciation Mass,,,35620,"New York-Newark-Jersey City, NY-NJ-PA",36,New York,61,New York,40.81976,-73.94825
03/30/2025,AirNow,3,10.1,ug/m3 LC,53,CCNY,1,100,88502,Acceptable PM2.5 AQI & Speciation Mass,,,35620,"New York-Newark-Jersey City, NY-NJ-PA",36,New York,61,New York,40.81976,-73.94825
03/31/2025,AirNow,3,16.5,ug/m3 LC,65,CCNY,1,100,88502,Acceptable PM2.5 AQI & Speciation Mass,,,35620,"New York-Newark-Jersey City, NY-NJ-PA",36,New York,61,New York,40.81976,-73.94825
04/01/2025,AirNow,3,3.6,ug/m3 LC,20,CCNY,1,100,88502,Acceptable PM2.5 AQI & Speciation Mass,,,35620,"New York-Newark-Jersey City, NY-NJ-PA",36,New York,61,New York,40.81976,-73.94825
04/02/2025,AirNow,3,4.8,ug/m3 LC,27,CCNY,1,100,88502,Acceptable PM2.5 AQI & Speciation Mass,,,35620,"New York-Newark-Jersey City, NY-NJ-PA",36,New York,61,New York,40.81976,-73.94825
04/03/2025,AirNow,3,11.4,ug/m3 LC,55,CCNY,1,100,88502,Acceptable PM2.5 AQI & Speciation Mass,,,35620,"New York-Newark-Jersey City, NY-NJ-PA",36,New York,61,New York,40.81976,-73.94825
04/04/2025,AirNow,3,4.5,ug/m3 LC,25,CCNY,1,100,88502,Acceptable PM2.5 AQI & Speciation Mass,,,35620,"New York-Newark-Jersey City, NY-NJ-PA",36,New York,61,New York,40.81976,-73.94825
04/05/2025,AirNow,3,3.8,ug/m3 LC,21,CCNY,1,100,88502,Acceptable PM2.5 AQI & Speciation Mass,,,35620,"New York-Newark-Jersey City, NY-NJ-PA",36,New York,61,New York,40.81976,-73.94825
04/06/2025,AirNow,3,3.9,ug/m3 LC,22,CCNY,1,100,88502,Acceptable PM2.5 AQI & Speciation Mass,,,35620,"New York-Newark-Jersey City, NY-NJ-PA",36,New York,61,New York,40.81976,-73.94825
04/07/2025,AirNow,3,3.8,ug/m3 LC,21,CCNY,1,100,88502,Acceptable PM2.5 AQI & Speciation Mass,,,35620,"New York-Newark-Jersey City, NY-NJ-PA",36,New York,61,New York,40.81976,-73.94825
04/08/2025,AirNow,3,5.2,ug/m3 LC,29,CCNY,1,100,88502,Acceptable PM2.5 AQI & Speciation Mass,,,35620,"New York-Newark-Jersey City, NY-NJ-PA",36,New York,61,New York,40.81976,-73.94825
04/09/2025,AirNow,3,4.3,ug/m3 LC,24,CCNY,1,100,88502,Acceptable PM2.5 AQI & Speciation Mass,,,35620,"New York-Newark-Jersey City, NY-NJ-PA",36,New York,61,New York,40.81976,-73.94825
04/10/2025,AirNow,3,6.6,ug/m3 LC,37,CCNY,1,100,88502,Acceptable PM2.5 AQI & Speciation Mass,,,35620,"New York-Newark-Jersey City, NY-NJ-PA",36,New York,61,New York,40.81976,-73.94825
04/11/2025,AirNow,3,5.7,ug/m3 LC,32,CCNY,1,100,88502,Acceptable PM2.5 AQI & Speciation Mass,,,35620,"New York-Newark-Jersey City, NY-NJ-PA",36,New York,61,New York,40.81976,-73.94825
04/12/2025,AirNow,3,2.2,ug/m3 LC,12,CCNY,1,100,88502,Acceptable PM2.5 AQI & Speciation Mass,,,35620,"New York-Newark-Jersey City, NY-NJ-PA",36,New York,61,New York,40.81976,-73.94825
04/13/2025,AirNow,3,2.5,ug/m3 LC,14,CCNY,1,100,88502,Acceptable PM2.5 AQI & Speciation Mass,,,35620,"New York-Newark-Jersey City, NY-NJ-PA",36,New York,61,New York,40.81976,-73.94825
04/14/2025,AirNow,3,6.7,ug/m3 LC,37,CCNY,1,100,88502,Acceptable PM2.5 AQI & Speciation Mass,,,35620,"New York-Newark-Jersey City, NY-NJ-PA",36,New York,61,New York,40.81976,-73.94825
04/15/2025,AirNow,3,9.2,ug/m3 LC,51,CCNY,1,100,88502,Acceptable PM2.5 AQI & Speciation Mass,,,35620,"New York-Newark-Jersey City, NY-NJ-PA",36,New York,61,New York,40.81976,-73.94825
04/16/2025,AirNow,3,1.6,ug/m3 LC,9,CCNY,1,100,88502,Acceptable PM2.5 AQI & Speciation Mass,,,35620,"New York-Newark-Jersey City, NY-NJ-PA",36,New York,61,New York,40.81976,-73.94825
04/17/2025,AirNow,3,3.4,ug/m3 LC,19,CCNY,1,100,88502,Acceptable PM2.5 AQI & Speciation Mass,,,35620,"New York-Newark-Jersey City, NY-NJ-PA",36,New York,61,New York,40.81976,-73.94825
04/18/2025,AirNow,3,8.9,ug/m3 LC,49,CCNY,1,100,88502,Acceptable PM2.5 AQI & Speciation Mass,,,35620,"New York-Newark-Jersey City, NY-NJ-PA",36,New York,61,New York,40.81976,-73.94825
04/19/2025,AirNow,3,16.7,ug/m3 LC,65,CCNY,1,100,88502,Acceptable PM2.5 AQI & Speciation Mass,,,35620,"New York-Newark-Jersey City, NY-NJ-PA",36,New York,61,New York,40.81976,-73.94825
04/20/2025,AirNow,3,4.2,ug/m3 LC,23,CCNY,1,100,88502,Acceptable PM2.5 AQI & Speciation Mass,,,35620,"New York-Newark-Jersey City, NY-NJ-PA",36,New York,61,New York,40.81976,-73.94825
04/21/2025,AirNow,3,4.8,ug/m3 LC,27,CCNY,1,100,88502,Acceptable PM2.5 AQI & Speciation Mass,,,35620,"New York-Newark-Jersey City, NY-NJ-PA",36,New York,61,New York,40.81976,-73.94825
04/22/2025,AirNow,3,9.2,ug/m3 LC,51,CCNY,1,100,88502,Acceptable PM2.5 AQI & Speciation Mass,,,35620,"New York-Newark-Jersey City, NY-NJ-PA",36,New York,61,New York,40.81976,-73.94825
04/23/2025,AirNow,3,7.6,ug/m3 LC,42,CCNY,1,100,88502,Acceptable PM2.5 AQI & Speciation Mass,,,35620,"New York-Newark-Jersey City, NY-NJ-PA",36,New York,61,New York,40.81976,-73.94825
04/24/2025,AirNow,3,15.9,ug/m3 LC,64,CCNY,1,100,88502,Acceptable PM2.5 AQI & Speciation Mass,,,35620,"New York-Newark-Jersey City, NY-NJ-PA",36,New York,61,New York,40.81976,-73.94825
04/25/2025,AirNow,3,7.6,ug/m3 LC,42,CCNY,1,100,88502,Acceptable PM2.5 AQI & Speciation Mass,,,35620,"New York-Newark-Jersey City, NY-NJ-PA",36,New York,61,New York,40.81976,-73.94825
04/26/2025,AirNow,3,8.2,ug/m3 LC,46,CCNY,1,100,88502,Acceptable PM2.5 AQI & Speciation Mass,,,35620,"New York-Newark-Jersey City, NY-NJ-PA",36,New York,61,New York,40.81976,-73.94825
04/27/2025,AirNow,3,1.7,ug/m3 LC,9,CCNY,1,100,88502,Acceptable PM2.5 AQI & Speciation Mass,,,35620,"New York-Newark-Jersey City, NY-NJ-PA",36,New York,61,New York,40.81976,-73.94825
04/28/2025,AirNow,3,4.2,ug/m3 LC,23,CCNY,1,100,88502,Acceptable PM2.5 AQI & Speciation Mass,,,35620,"New York-Newark-Jersey City, NY-NJ-PA",36,New York,61,New York,40.81976,-73.94825
04/29/2025,AirNow,3,7.7,ug/m3 LC,43,CCNY,1,100,88502,Acceptable PM2.5 AQI & Speciation Mass,,,35620,"New York-Newark-Jersey City, NY-NJ-PA",36,New York,61,New York,40.81976,-73.94825
04/30/2025,AirNow,3,5.5,ug/m3 LC,31,CCNY,1,100,88502,Acceptable PM2.5 AQI & Speciation Mass,,,35620,"New York-Newark-Jersey City, NY-NJ-PA",36,New York,61,New York,40.81976,-73.94825
05/01/2025,AirNow,3,3.9,ug/m3 LC,22,CCNY,1,100,88502,Acceptable PM2.5 AQI & Speciation Mass,,,35620,"New York-Newark-Jersey City, NY-NJ-PA",36,New York,61,New York,40.81976,-73.94825
05/02/2025,AirNow,3,15.8,ug/m3 LC,63,CCNY,1,100,88502,Acceptable PM2.5 AQI & Speciation Mass,,,35620,"New York-Newark-Jersey City, NY-NJ-PA",36,New York,61,New York,40.81976,-73.94825
05/03/2025,AirNow,3,13.3,ug/m3 LC,59,CCNY,1,100,88502,Acceptable PM2.5 AQI & Speciation Mass,,,35620,"New York-Newark-Jersey City, NY-NJ-PA",36,New York,61,New York,40.81976,-73.94825
05/04/2025,AirNow,3,10.5,ug/m3 LC,54,CCNY,1,100,88502,Acceptable PM2.5 AQI & Speciation Mass,,,35620,"New York-Newark-Jersey City, NY-NJ-PA",36,New York,61,New York,40.81976,-73.94825
05/05/2025,AirNow,3,5.5,ug/m3 LC,31,CCNY,1,100,88502,Acceptable PM2.5 AQI & Speciation Mass,,,35620,"New York-Newark-Jersey City, NY-NJ-PA",36,New York,61,New York,40.81976,-73.94825
05/06/2025,AirNow,3,7.6,ug/m3 LC,42,CCNY,1,100,88502,Acceptable PM2.5 AQI & Speciation Mass,,,35620,"New York-Newark-Jersey City, NY-NJ-PA",36,New York,61,New York,40.81976,-73.94825
05/07/2025,AirNow,3,6,ug/m3 LC,33,CCNY,1,100,88502,Acceptable PM2.5 AQI & Speciation Mass,,,35620,"New York-Newark-Jersey City, NY-NJ-PA",36,New York,61,New York,40.81976,-73.94825
05/08/2025,AirNow,3,6.6,ug/m3 LC,37,CCNY,1,100,88502,Acceptable PM2.5 AQI & Speciation Mass,,,35620,"New York-Newark-Jersey City, NY-NJ-PA",36,New York,61,New York,40.81976,-73.94825
05/09/2025,AirNow,3,4.6,ug/m3 LC,26,CCNY,1,100,88502,Acceptable PM2.5 AQI & Speciation Mass,,,35620,"New York-Newark-Jersey City, NY-NJ-PA",36,New York,61,New York,40.81976,-73.94825
05/10/2025,AirNow,3,3.5,ug/m3 LC,19,CCNY,1,100,88502,Acceptable PM2.5 AQI & Speciation Mass,,,35620,"New York-Newark-Jersey City, NY-NJ-PA",36,New York,61,New York,40.81976,-73.94825
05/11/2025,AirNow,3,6.4,ug/m3 LC,36,CCNY,1,100,88502,Acceptable PM2.5 AQI & Speciation Mass,,,35620,"New York-Newark-Jersey City, NY-NJ-PA",36,New York,61,New York,40.81976,-73.94825
05/12/2025,AirNow,3,6.6,ug/m3 LC,37,CCNY,1,100,88502,Acceptable PM2.5 AQI & Speciation Mass,,,35620,"New York-Newark-Jersey City, NY-NJ-PA",36,New York,61,New York,40.81976,-73.94825
05/13/2025,AirNow,3,8.8,ug/m3 LC,49,CCNY,1,100,88502,Acceptable PM2.5 AQI & Speciation Mass,,,35620,"New York-Newark-Jersey City, NY-NJ-PA",36,New York,61,New York,40.81976,-73.94825
05/14/2025,AirNow,3,8.6,ug/m3 LC,48,CCNY,1,100,88502,Acceptable PM2.5 AQI & Speciation Mass,,,35620,"New York-Newark-Jersey City, NY-NJ-PA",36,New York,61,New York,40.81976,-73.94825
05/15/2025,AirNow,3,8.6,ug/m3 LC,48,CCNY,1,100,88502,Acceptable PM2.5 AQI & Speciation Mass,,,35620,"New York-Newark-Jersey City, NY-NJ-PA",36,New York,61,New York,40.81976,-73.94825
05/16/2025,AirNow,3,14.7,ug/m3 LC,61,CCNY,1,100,88502,Acceptable PM2.5 AQI & Speciation Mass,,,35620,"New York-Newark-Jersey City, NY-NJ-PA",36,New York,61,New York,40.81976,-73.94825
05/17/2025,AirNow,3,11.1,ug/m3 LC,55,CCNY,1,100,88502,Acceptable PM2.5 AQI & Speciation Mass,,,35620,"New York-Newark-Jersey City, NY-NJ-PA",36,New York,61,New York,40.81976,-73.94825
05/18/2025,AirNow,3,3.5,ug/m3 LC,19,CCNY,1,100,88502,Acceptable PM2.5 AQI & Speciation Mass,,,35620,"New York-Newark-Jersey City, NY-NJ-PA",36,New York,61,New York,40.81976,-73.94825
05/19/2025,AirNow,3,2.8,ug/m3 LC,16,CCNY,1,100,88502,Acceptable PM2.5 AQI & Speciation Mass,,,35620,"New York-Newark-Jersey City, NY-NJ-PA",36,New York,61,New York,40.81976,-73.94825
05/20/2025,AirNow,3,2.4,ug/m3 LC,13,CCNY,1,100,88502,Acceptable PM2.5 AQI & Speciation Mass,,,35620,"New York-Newark-Jersey City, NY-NJ-PA",36,New York,61,New York,40.81976,-73.94825
05/21/2025,AirNow,3,4.2,ug/m3 LC,23,CCNY,1,100,88502,Acceptable PM2.5 AQI & Speciation Mass,,,35620,"New York-Newark-Jersey City, NY-NJ-PA",36,New York,61,New York,40.81976,-73.94825
05/22/2025,AirNow,3,2.9,ug/m3 LC,16,CCNY,1,100,88502,Acceptable PM2.5 AQI & Speciation Mass,,,35620,"New York-Newark-Jersey City, NY-NJ-PA",36,New York,61,New York,40.81976,-73.94825
05/23/2025,AirNow,3,3.7,ug/m3 LC,21,CCNY,1,100,88502,Acceptable PM2.5 AQI & Speciation Mass,,,35620,"New York-Newark-Jersey City, NY-NJ-PA",36,New York,61,New York,40.81976,-73.94825
05/24/2025,AirNow,3,2.3,ug/m3 LC,13,CCNY,1,100,88502,Acceptable PM2.5 AQI & Speciation Mass,,,35620,"New York-Newark-Jersey City, NY-NJ-PA",36,New York,61,New York,40.81976,-73.94825
05/25/2025,AirNow,3,3.4,ug/m3 LC,19,CCNY,1,100,88502,Acceptable PM2.5 AQI & Speciation Mass,,,35620,"New York-Newark-Jersey City, NY-NJ-PA",36,New York,61,New York,40.81976,-73.94825
05/26/2025,AirNow,3,4.3,ug/m3 LC,24,CCNY,1,100,88502,Acceptable PM2.5 AQI & Speciation Mass,,,35620,"New York-Newark-Jersey City, NY-NJ-PA",36,New York,61,New York,40.81976,-73.94825
05/27/2025,AirNow,3,6.1,ug/m3 LC,34,CCNY,1,100,88502,Acceptable PM2.5 AQI & Speciation Mass,,,35620,"New York-Newark-Jersey City, NY-NJ-PA",36,New York,61,New York,40.81976,-73.94825
05/28/2025,AirNow,3,5.7,ug/m3 LC,32,CCNY,1,100,88502,Acceptable PM2.5 AQI & Speciation Mass,,,35620,"New York-Newark-Jersey City, NY-NJ-PA",36,New York,61,New York,40.81976,-73.94825
05/29/2025,AirNow,3,6.6,ug/m3 LC,37,CCNY,1,100,88502,Acceptable PM2.5 AQI & Speciation Mass,,,35620,"New York-Newark-Jersey City, NY-NJ-PA",36,New York,61,New York,40.81976,-73.94825
05/30/2025,AirNow,3,9.5,ug/m3 LC,52,CCNY,1,100,88502,Acceptable PM2.5 AQI & Speciation Mass,,,35620,"New York-Newark-Jersey City, NY-NJ-PA",36,New York,61,New York,40.81976,-73.94825
05/31/2025,AirNow,3,5,ug/m3 LC,28,CCNY,1,100,88502,Acceptable PM2.5 AQI & Speciation Mass,,,35620,"New York-Newark-Jersey City, NY-NJ-PA",36,New York,61,New York,40.81976,-73.94825
06/01/2025,AirNow,3,3.3,ug/m3 LC,18,CCNY,1,100,88502,Acceptable PM2.5 AQI & Speciation Mass,,,35620,"New York-Newark-Jersey City, NY-NJ-PA",36,New York,61,New York,40.81976,-73.94825
06/02/2025,AirNow,3,4.4,ug/m3 LC,24,CCNY,1,100,88502,Acceptable PM2.5 AQI & Speciation Mass,,,35620,"New York-Newark-Jersey City, NY-NJ-PA",36,New York,61,New York,40.81976,-73.94825
06/03/2025,AirNow,3,6.1,ug/m3 LC,34,CCNY,1,100,88502,Acceptable PM2.5 AQI & Speciation Mass,,,35620,"New York-Newark-Jersey City, NY-NJ-PA",36,New York,61,New York,40.81976,-73.94825
06/04/2025,AirNow,3,11.2,ug/m3 LC,55,CCNY,1,100,88502,Acceptable PM2.5 AQI & Speciation Mass,,,35620,"New York-Newark-Jersey City, NY-NJ-PA",36,New York,61,New York,40.81976,-73.94825
06/05/2025,AirNow,3,18.4,ug/m3 LC,68,CCNY,1,100,88502,Acceptable PM2.5 AQI & Speciation Mass,,,35620,"New York-Newark-Jersey City, NY-NJ-PA",36,New York,61,New York,40.81976,-73.94825
06/06/2025,AirNow,3,19.5,ug/m3 LC,70,CCNY,1,100,88502,Acceptable PM2.5 AQI & Speciation Mass,,,35620,"New York-Newark-Jersey City, NY-NJ-PA",36,New York,61,New York,40.81976,-73.94825
06/07/2025,AirNow,3,10.9,ug/m3 LC,54,CCNY,1,100,88502,Acceptable PM2.5 AQI & Speciation Mass,,,35620,"New York-Newark-Jersey City, NY-NJ-PA",36,New York,61,New York,40.81976,-73.94825
06/08/2025,AirNow,3,11.6,ug/m3 LC,56,CCNY,1,100,88502,Acceptable PM2.5 AQI & Speciation Mass,,,35620,"New York-Newark-Jersey City, NY-NJ-PA",36,New York,61,New York,40.81976,-73.94825
06/09/2025,AirNow,3,12.5,ug/m3 LC,57,CCNY,1,100,88502,Acceptable PM2.5 AQI & Speciation Mass,,,35620,"New York-Newark-Jersey City, NY-NJ-PA",36,New York,61,New York,40.81976,-73.94825
06/10/2025,AirNow,3,9.2,ug/m3 LC,51,CCNY,1,100,88502,Acceptable PM2.5 AQI & Speciation Mass,,,35620,"New York-Newark-Jersey City, NY-NJ-PA",36,New York,61,New York,40.81976,-73.94825
06/11/2025,AirNow,3,17.2,ug/m3 LC,66,CCNY,1,100,88502,Acceptable PM2.5 AQI & Speciation Mass,,,35620,"New York-Newark-Jersey City, NY-NJ-PA",36,New York,61,New York,40.81976,-73.94825
06/12/2025,AirNow,3,21.6,ug/m3 LC,74,CCNY,1,100,88502,Acceptable PM2.5 AQI & Speciation Mass,,,35620,"New York-Newark-Jersey City, NY-NJ-PA",36,New York,61,New York,40.81976,-73.94825
06/13/2025,AirNow,3,22.5,ug/m3 LC,76,CCNY,1,100,88502,Acceptable PM2.5 AQI & Speciation Mass,,,35620,"New York-Newark-Jersey City, NY-NJ-PA",36,New York,61,New York,40.81976,-73.94825
06/14/2025,AirNow,3,17.5,ug/m3 LC,67,CCNY,1,100,88502,Acceptable PM2.5 AQI & Speciation Mass,,,35620,"New York-Newark-Jersey City, NY-NJ-PA",36,New York,61,New York,40.81976,-73.94825
06/15/2025,AirNow,3,10.8,ug/m3 LC,54,CCNY,1,100,88502,Acceptable PM2.5 AQI & Speciation Mass,,,35620,"New York-Newark-Jersey City, NY-NJ-PA",36,New York,61,New York,40.81976,-73.94825
06/16/2025,AirNow,3,8.5,ug/m3 LC,47,CCNY,1,100,88502,Acceptable PM2.5 AQI & Speciation Mass,,,35620,"New York-Newark-Jersey City, NY-NJ-PA",36,New York,61,New York,40.81976,-73.94825
06/17/2025,AirNow,3,9.8,ug/m3 LC,52,CCNY,1,100,88502,Acceptable PM2.5 AQI & Speciation Mass,,,35620,"New York-Newark-Jersey City, NY-NJ-PA",36,New York,61,New York,40.81976,-73.94825
06/18/2025,AirNow,3,7.4,ug/m3 LC,41,CCNY,1,100,88502,Acceptable PM2.5 AQI & Speciation Mass,,,35620,"New York-Newark-Jersey City, NY-NJ-PA",36,New York,61,New York,40.81976,-73.94825
06/19/2025,AirNow,3,7.7,ug/m3 LC,43,CCNY,1,100,88502,Acceptable PM2.5 AQI & Speciation Mass,,,35620,"New York-Newark-Jersey City, NY-NJ-PA",36,New York,61,New York,40.81976,-73.94825
06/20/2025,AirNow,3,7.9,ug/m3 LC,44,CCNY,1,100,88502,Acceptable PM2.5 AQI & Speciation Mass,,,35620,"New York-Newark-Jersey City, NY-NJ-PA",36,New York,61,New York,40.81976,-73.94825
06/21/2025,AirNow,3,10.7,ug/m3 LC,54,CCNY,1,100,88502,Acceptable PM2.5 AQI & Speciation Mass,,,35620,"New York-Newark-Jersey City, NY-NJ-PA",36,New York,61,New York,40.81976,-73.94825
06/22/2025,AirNow,3,11.7,ug/m3 LC,56,CCNY,1,100,88502,Acceptable PM2.5 AQI & Speciation Mass,,,35620,"New York-Newark-Jersey City, NY-NJ-PA",36,New York,61,New York,40.81976,-73.94825
06/23/2025,AirNow,3,15.4,ug/m3 LC,63,CCNY,1,100,88502,Acceptable PM2.5 AQI & Speciation Mass,,,35620,"New York-Newark-Jersey City, NY-NJ-PA",36,New York,61,New York,40.81976,-73.94825
06/24/2025,AirNow,3,12.6,ug/m3 LC,58,CCNY,1,100,88502,Acceptable PM2.5 AQI & Speciation Mass,,,35620,"New York-Newark-Jersey City, NY-NJ-PA",36,New York,61,New York,40.81976,-73.94825
06/25/2025,AirNow,3,8.4,ug/m3 LC,47,CCNY,1,100,88502,Acceptable PM2.5 AQI & Speciation Mass,,,35620,"New York-Newark-Jersey City, NY-NJ-PA",36,New York,61,New York,40.81976,-73.94825
06/26/2025,AirNow,3,8,ug/m3 LC,44,CCNY,1,100,88502,Acceptable PM2.5 AQI & Speciation Mass,,,35620,"New York-Newark-Jersey City, NY-NJ-PA",36,New York,61,New York,40.81976,-73.94825
06/27/2025,AirNow,3,5.3,ug/m3 LC,29,CCNY,1,100,88502,Acceptable PM2.5 AQI & Speciation Mass,,,35620,"New York-Newark-Jersey City, NY-NJ-PA",36,New York,61,New York,40.81976,-73.94825
06/28/2025,AirNow,3,7.7,ug/m3 LC,43,CCNY,1,100,88502,Acceptable PM2.5 AQI & Speciation Mass,,,35620,"New York-Newark-Jersey City, NY-NJ-PA",36,New York,61,New York,40.81976,-73.94825
06/29/2025,AirNow,3,8,ug/m3 LC,44,CCNY,1,100,88502,Acceptable PM2.5 AQI & Speciation Mass,,,35620,"New York-Newark-Jersey City, NY-NJ-PA",36,New York,61,New York,40.81976,-73.94825
06/30/2025,AirNow,3,8.7,ug/m3 LC,48,CCNY,1,100,88502,Acceptable PM2.5 AQI & Speciation Mass,,,35620,"New York-Newark-Jersey City, NY-NJ-PA",36,New York,61,New York,40.81976,-73.94825
07/01/2025,AirNow,3,7.4,ug/m3 LC,41,CCNY,1,100,88502,Acceptable PM2.5 AQI & Speciation Mass,,,35620,"New York-Newark-Jersey City, NY-NJ-PA",36,New York,61,New York,40.81976,-73.94825
07/02/2025,AirNow,3,8,ug/m3 LC,44,CCNY,1,100,88502,Acceptable PM2.5 AQI & Speciation Mass,,,35620,"New York-Newark-Jersey City, NY-NJ-PA",36,New York,61,New York,40.81976,-73.94825
07/03/2025,AirNow,3,12,ug/m3 LC,56,CCNY,1,100,88502,Acceptable PM2.5 AQI & Speciation Mass,,,35620,"New York-Newark-Jersey City, NY-NJ-PA",36,New York,61,New York,40.81976,-73.94825
07/04/2025,AirNow,3,11.8,ug/m3 LC,56,CCNY,1,100,88502,Acceptable PM2.5 AQI & Speciation Mass,,,35620,"New York-Newark-Jersey City, NY-NJ-PA",36,New York,61,New York,40.81976,-73.94825
07/05/2025,AirNow,3,13.8,ug/m3 LC,60,CCNY,1,100,88502,Acceptable PM2.5 AQI & Speciation Mass,,,35620,"New York-Newark-Jersey City, NY-NJ-PA",36,New York,61,New York,40.81976,-73.94825
07/06/2025,AirNow,3,14.9,ug/m3 LC,62,CCNY,1,100,88502,Acceptable PM2.5 AQI & Speciation Mass,,,35620,"New York-Newark-Jersey City, NY-NJ-PA",36,New York,61,New York,40.81976,-73.94825
07/07/2025,AirNow,3,8,ug/m3 LC,44,CCNY,1,100,88502,Acceptable PM2.5 AQI & Speciation Mass,,,35620,"New York-Newark-Jersey City, NY-NJ-PA",36,New York,61,New York,40.81976,-73.94825
07/08/2025,AirNow,3,7.4,ug/m3 LC,41,CCNY,1,100,88502,Acceptable PM2.5 AQI & Speciation Mass,,,35620,"New York-Newark-Jersey City, NY-NJ-PA",36,New York,61,New York,40.81976,-73.94825
07/09/2025,AirNow,3,6.6,ug/m3 LC,37,CCNY,1,100,88502,Acceptable PM2.5 AQI & Speciation Mass,,,35620,"New York-Newark-Jersey City, NY-NJ-PA",36,New York,61,New York,40.81976,-73.94825
07/10/2025,AirNow,3,7.6,ug/m3 LC,42,CCNY,1,100,88502,Acceptable PM2.5 AQI & Speciation Mass,,,35620,"New York-Newark-Jersey City, NY-NJ-PA",36,New York,61,New York,40.81976,-73.94825
07/11/2025,AirNow,3,8.3,ug/m3 LC,46,CCNY,1,100,88502,Acceptable PM2.5 AQI & Speciation Mass,,,35620,"New York-Newark-Jersey City, NY-NJ-PA",36,New York,61,New York,40.81976,-73.94825
07/12/2025,AirNow,3,6.9,ug/m3 LC,38,CCNY,1,100,88502,Acceptable PM2.5 AQI & Speciation Mass,,,35620,"New York-Newark-Jersey City, NY-NJ-PA",36,New York,61,New York,40.81976,-73.94825
07/13/2025,AirNow,3,3.8,ug/m3 LC,21,CCNY,1,100,88502,Acceptable PM2.5 AQI & Speciation Mass,,,35620,"New York-Newark-Jersey City, NY-NJ-PA",36,New York,61,New York,40.81976,-73.94825
07/14/2025,AirNow,3,4.6,ug/m3 LC,26,CCNY,1,100,88502,Acceptable PM2.5 AQI & Speciation Mass,,,35620,"New York-Newark-Jersey City, NY-NJ-PA",36,New York,61,New York,40.81976,-73.94825
07/15/2025,AirNow,3,5.3,ug/m3 LC,29,CCNY,1,100,88502,Acceptable PM2.5 AQI & Speciation Mass,,,35620,"New York-Newark-Jersey City, NY-NJ-PA",36,New York,61,New York,40.81976,-73.94825
07/16/2025,AirNow,3,7.3,ug/m3 LC,41,CCNY,1,100,88502,Acceptable PM2.5 AQI & Speciation Mass,,,35620,"New York-Newark-Jersey City, NY-NJ-PA",36,New York,61,New York,40.81976,-73.94825
07/17/2025,AirNow,3,6.1,ug/m3 LC,34,CCNY,1,100,88502,Acceptable PM2.5 AQI & Speciation Mass,,,35620,"New York-Newark-Jersey City, NY-NJ-PA",36,New York,61,New York,40.81976,-73.94825
07/18/2025,AirNow,3,2.7,ug/m3 LC,15,CCNY,1,100,88502,Acceptable PM2.5 AQI & Speciation Mass,,,35620,"New York-Newark-Jersey City, NY-NJ-PA",36,New York,61,New York,40.81976,-73.94825
07/19/2025,AirNow,3,3.6,ug/m3 LC,20,CCNY,1,100,88502,Acceptable PM2.5 AQI & Speciation Mass,,,35620,"New York-Newark-Jersey City, NY-NJ-PA",36,New York,61,New York,40.81976,-73.94825
07/20/2025,AirNow,3,6.1,ug/m3 LC,34,CCNY,1,100,88502,Acceptable PM2.5 AQI & Speciation Mass,,,35620,"New York-Newark-Jersey City, NY-NJ-PA",36,New York,61,New York,40.81976,-73.94825
07/21/2025,AirNow,3,10.6,ug/m3 LC,54,CCNY,1,100,88502,Acceptable PM2.5 AQI & Speciation Mass,,,35620,"New York-Newark-Jersey City, NY-NJ-PA",36,New York,61,New York,40.81976,-73.94825
07/22/2025,AirNow,3,5,ug/m3 LC,28,CCNY,1,100,88502,Acceptable PM2.5 AQI & Speciation Mass,,,35620,"New York-Newark-Jersey City, NY-NJ-PA",36,New York,61,New York,40.81976,-73.94825
07/23/2025,AirNow,3,5.7,ug/m3 LC,32,CCNY,1,100,88502,Acceptable PM2.5 AQI & Speciation Mass,,,35620,"New York-Newark-Jersey City, NY-NJ-PA",36,New York,61,New York,40.81976,-73.94825
07/24/2025,AirNow,3,8.1,ug/m3 LC,45,CCNY,1,100,88502,Acceptable PM2.5 AQI & Speciation Mass,,,35620,"New York-Newark-Jersey City, NY-NJ-PA",36,New York,61,New York,40.81976,-73.94825
07/25/2025,AirNow,3,10.1,ug/m3 LC,53,CCNY,1,100,88502,Acceptable PM2.5 AQI & Speciation Mass,,,35620,"New York-Newark-Jersey City, NY-NJ-PA",36,New York,61,New York,40.81976,-73.94825
07/26/2025,AirNow,3,33.1,ug/m3 LC,96,CCNY,1,100,88502,Acceptable PM2.5 AQI & Speciation Mass,,,35620,"New York-Newark-Jersey City, NY-NJ-PA",36,New York,61,New York,40.81976,-73.94825
07/27/2025,AirNow,3,31,ug/m3 LC,92,CCNY,1,100,88502,Acceptable PM2.5 AQI & Speciation Mass,,,35620,"New York-Newark-Jersey City, NY-NJ-PA",36,New York,61,New York,40.81976,-73.94825
07/28/2025,AirNow,3,11.7,ug/m3 LC,56,CCNY,1,100,88502,Acceptable PM2.5 AQI & Speciation Mass,,,35620,"New York-Newark-Jersey City, NY-NJ-PA",36,New York,61,New York,40.81976,-73.94825
07/29/2025,AirNow,3,14.3,ug/m3 LC,61,CCNY,1,100,88502,Acceptable PM2.5 AQI & Speciation Mass,,,35620,"New York-Newark-Jersey City, NY-NJ-PA",36,New York,61,New York,40.81976,-73.94825
07/30/2025,AirNow,3,12.4,ug/m3 LC,57,CCNY,1,100,88502,Acceptable PM2.5 AQI & Speciation Mass,,,35620,"New York-Newark-Jersey City, NY-NJ-PA",36,New York,61,New York,40.81976,-73.94825
07/31/2025,AirNow,3,15.5,ug/m3 LC,63,CCNY,1,100,88502,Acceptable PM2.5 AQI & Speciation Mass,,,35620,"New York-Newark-Jersey City, NY-NJ-PA",36,New York,61,New York,40.81976,-73.94825
