Date,Source,POC,Daily Max 1-hour NO2 Concentration,Units,Daily AQI Value,Local Site Name,Daily Obs Count,Percent Complete,AQS Parameter Code,AQS Parameter Description,Method Code,CBSA Code,CBSA Name,State FIPS Code,State,County FIPS Code,County,Site Latitude,Site Longitude
01/01/2015,AQS,1,7,ppb,7,Rochester Near-Road,24,100,42602,Nitrogen dioxide (NO2),200,40380,"Rochester, NY",36,New York,55,Monroe,43.14501268,-77.55728026
01/02/2015,AQS,1,29.4,ppb,27,Rochester Near-Road,24,100,42602,Nitrogen dioxide (NO2),200,40380,"Rochester, NY",36,New York,55,Monroe,43.14501268,-77.55728026
01/03/2015,AQS,1,24.3,ppb,23,Rochester Near-Road,24,100,42602,Nitrogen dioxide (NO2),200,40380,"Rochester, NY",36,New York,55,Monroe,43.14501268,-77.55728026
01/04/2015,AQS,1,21.5,ppb,20,Rochester Near-Road,24,100,42602,Nitrogen dioxide (NO2),200,40380,"Rochester, NY",36,New York,55,Monroe,43.14501268,-77.55728026
01/05/2015,AQS,1,11.4,ppb,10,Rochester Near-Road,24,100,42602,Nitrogen dioxide (NO2),200,40380,"Rochester, NY",36,New York,55,Monroe,43.14501268,-77.55728026
01/06/2015,AQS,1,17.9,ppb,16,Rochester Near-Road,24,100,42602,Nitrogen dioxide (NO2),200,40380,"Rochester, NY",36,New York,55,Monroe,43.14501268,-77.55728026
01/07/2015,AQS,1,12.4,ppb,11,Rochester Near-Road,24,100,42602,Nitrogen dioxide (NO2),200,40380,"Rochester, NY",36,New York,55,Monroe,43.14501268,-77.55728026
01/08/2015,AQS,1,14.4,ppb,13,Rochester Near-Road,24,100,42602,Nitrogen dioxide (NO2),200,40380,"Rochester, NY",36,New York,55,Monroe,43.14501268,-77.55728026
01/09/2015,AQS,1,14.7,ppb,13,Rochester Near-Road,24,100,42602,Nitrogen dioxide (NO2),200,40380,"Rochester, NY",36,New York,55,Monroe,43.14501268,-77.55728026
01/10/2015,AQS,1,8.3,ppb,8,Rochester Near-Road,24,100,42602,Nitrogen dioxide (NO2),200,40380,"Rochester, NY",36,New York,55,Monroe,43.14501268,-77.55728026
01/11/2015,AQS,1,27,ppb,25,Rochester Near-Road,24,100,42602,Nitrogen dioxide (NO2),200,40380,"Rochester, NY",36,New York,55,Monroe,43.14501268,-77.55728026
01/12/2015,AQS,1,26.8,ppb,25,Rochester Near-Road,24,100,42602,Nitrogen dioxide (NO2),200,40380,"Rochester, NY",36,New York,55,Monroe,43.14501268,-77.55728026
01/13/2015,AQS,1,26.7,ppb,25,Rochester Near-Road,24,100,42602,Nitrogen dioxide (NO2),200,40380,"Rochester, NY",36,New York,55,Monroe,43.14501268,-77.55728026
01/14/2015,AQS,1,38.6,ppb,36,Rochester Near-Road,24,100,42602,Nitrogen dioxide (NO2),200,40380,"Rochester, NY",36,New York,55,Monroe,43.14501268,-77.55728026
01/15/2015,AQS,1,25.1,ppb,24,Rochester Near-Road,24,100,42602,Nitrogen dioxide (NO2),200,40380,"Rochester, NY",36,New York,55,Monroe,43.14501268,-77.55728026
01/16/2015,AQS,1,30,ppb,28,Rochester Near-Road,24,100,42602,Nitrogen dioxide (NO2),200,40380,"Rochester, NY",36,New York,55,Monroe,43.14501268,-77.55728026
01/17/2015,AQS,1,36.9,ppb,34,Rochester Near-Road,24,100,42602,Nitrogen dioxide (NO2),200,40380,"Rochester, NY",36,New York,55,Monroe,43.14501268,-77.55728026
01/18/2015,AQS,1,15.2,ppb,14,Rochester Near-Road,24,100,42602,Nitrogen dioxide (NO2),200,40380,"Rochester, NY",36,New York,55,Monroe,43.14501268,-77.55728026
01/19/2015,AQS,1,8.5,ppb,8,Rochester Near-Road,24,100,42602,Nitrogen dioxide (NO2),200,40380,"Rochester, NY",36,New York,55,Monroe,43.14501268,-77.55728026
01/20/2015,AQS,1,26.4,ppb,25,Rochester Near-Road,24,100,42602,Nitrogen dioxide (NO2),200,40380,"Rochester, NY",36,New York,55,Monroe,43.14501268,-77.55728026
01/21/2015,AQS,1,33.3,ppb,31,Rochester Near-Road,24,100,42602,Nitrogen dioxide (NO2),200,40380,"Rochester, NY",36,New York,55,Monroe,43.14501268,-77.55728026
01/22/2015,AQS,1,34,ppb,32,Rochester Near-Road,18,75,42602,Nitrogen dioxide (NO2),200,40380,"Rochester, NY",36,New York,55,Monroe,43.14501268,-77.55728026
01/23/2015,AQS,1,25.5,ppb,24,Rochester Near-Road,24,100,42602,Nitrogen dioxide (NO2),200,40380,"Rochester, NY",36,New York,55,Monroe,43.14501268,-77.55728026
01/24/2015,AQS,1,36.6,ppb,34,Rochester Near-Road,24,100,42602,Nitrogen dioxide (NO2),200,40380,"Rochester, NY",36,New York,55,Monroe,43.14501268,-77.55728026
01/25/2015,AQS,1,30.8,ppb,28,Rochester Near-Road,24,100,42602,Nitrogen dioxide (NO2),200,40380,"Rochester, NY",36,New York,55,Monroe,43.14501268,-77.55728026
01/26/2015,AQS,1,27.5,ppb,25,Rochester Near-Road,24,100,42602,Nitrogen dioxide (NO2),200,40380,"Rochester, NY",36,New York,55,Monroe,43.14501268,-77.55728026
01/27/2015,AQS,1,36.1,ppb,34,Rochester Near-Road,24,100,42602,Nitrogen dioxide (NO2),200,40380,"Rochester, NY",36,New York,55,Monroe,43.14501268,-77.55728026
01/28/2015,AQS,1,44.6,ppb,42,Rochester Near-Road,24,100,42602,Nitrogen dioxide (NO2),200,40380,"Rochester, NY",36,New York,55,Monroe,43.14501268,-77.55728026
01/29/2015,AQS,1,42.4,ppb,40,Rochester Near-Road,22,92,42602,Nitrogen dioxide (NO2),200,40380,"Rochester, NY",36,New York,55,Monroe,43.14501268,-77.55728026
01/30/2015,AQS,1,14,ppb,13,Rochester Near-Road,24,100,42602,Nitrogen dioxide (NO2),200,40380,"Rochester, NY",36,New York,55,Monroe,43.14501268,-77.55728026
01/31/2015,AQS,1,28.1,ppb,26,Rochester Near-Road,24,100,42602,Nitrogen dioxide (NO2),200,40380,"Rochester, NY",36,New York,55,Monroe,43.14501268,-77.55728026
02/01/2015,AQS,1,10,ppb,9,Rochester Near-Road,24,100,42602,Nitrogen dioxide (NO2),200,40380,"Rochester, NY",36,New York,55,Monroe,43.14501268,-77.55728026
02/02/2015,AQS,1,21.4,ppb,20,Rochester Near-Road,24,100,42602,Nitrogen dioxide (NO2),200,40380,"Rochester, NY",36,New York,55,Monroe,43.14501268,-77.55728026
02/03/2015,AQS,1,33.6,ppb,31,Rochester Near-Road,24,100,42602,Nitrogen dioxide (NO2),200,40380,"Rochester, NY",36,New York,55,Monroe,43.14501268,-77.55728026
02/04/2015,AQS,1,23,ppb,22,Rochester Near-Road,24,100,42602,Nitrogen dioxide (NO2),200,40380,"Rochester, NY",36,New York,55,Monroe,43.14501268,-77.55728026
02/05/2015,AQS,1,20,ppb,19,Rochester Near-Road,24,100,42602,Nitrogen dioxide (NO2),200,40380,"Rochester, NY",36,New York,55,Monroe,43.14501268,-77.55728026
02/06/2015,AQS,1,16.7,ppb,15,Rochester Near-Road,22,92,42602,Nitrogen dioxide (NO2),200,40380,"Rochester, NY",36,New York,55,Monroe,43.14501268,-77.55728026
02/07/2015,AQS,1,27.1,ppb,25,Rochester Near-Road,24,100,42602,Nitrogen dioxide (NO2),200,40380,"Rochester, NY",36,New York,55,Monroe,43.14501268,-77.55728026
02/08/2015,AQS,1,13.8,ppb,12,Rochester Near-Road,24,100,42602,Nitrogen dioxide (NO2),200,40380,"Rochester, NY",36,New York,55,Monroe,43.14501268,-77.55728026
02/09/2015,AQS,1,15,ppb,14,Rochester Near-Road,24,100,42602,Nitrogen dioxide (NO2),200,40380,"Rochester, NY",36,New York,55,Monroe,43.14501268,-77.55728026
02/10/2015,AQS,1,37.2,ppb,35,Rochester Near-Road,24,100,42602,Nitrogen dioxide (NO2),200,40380,"Rochester, NY",36,New York,55,Monroe,43.14501268,-77.55728026
02/11/2015,AQS,1,39.8,ppb,37,Rochester Near-Road,24,100,42602,Nitrogen dioxide (NO2),200,40380,"Rochester, NY",36,New York,55,Monroe,43.14501268,-77.55728026
02/12/2015,AQS,1,15,ppb,14,Rochester Near-Road,24,100,42602,Nitrogen dioxide (NO2),200,40380,"Rochester, NY",36,New York,55,Monroe,43.14501268,-77.55728026
02/13/2015,AQS,1,37.3,ppb,35,Rochester Near-Road,22,92,42602,Nitrogen dioxide (NO2),200,40380,"Rochester, NY",36,New York,55,Monroe,43.14501268,-77.55728026
02/14/2015,AQS,1,14.2,ppb,13,Rochester Near-Road,24,100,42602,Nitrogen dioxide (NO2),200,40380,"Rochester, NY",36,New York,55,Monroe,43.14501268,-77.55728026
02/15/2015,AQS,1,11.8,ppb,10,Rochester Near-Road,24,100,42602,Nitrogen dioxide (NO2),200,40380,"Rochester, NY",36,New York,55,Monroe,43.14501268,-77.55728026
02/16/2015,AQS,1,47.4,ppb,44,Rochester Near-Road,24,100,42602,Nitrogen dioxide (NO2),200,40380,"Rochester, NY",36,New York,55,Monroe,43.14501268,-77.55728026
02/17/2015,AQS,1,47,ppb,44,Rochester Near-Road,24,100,42602,Nitrogen dioxide (NO2),200,40380,"Rochester, NY",36,New York,55,Monroe,43.14501268,-77.55728026
02/18/2015,AQS,1,48.2,ppb,45,Rochester Near-Road,24,100,42602,Nitrogen dioxide (NO2),200,40380,"Rochester, NY",36,New York,55,Monroe,43.14501268,-77.55728026
02/19/2015,AQS,1,20,ppb,19,Rochester Near-Road,24,100,42602,Nitrogen dioxide (NO2),200,40380,"Rochester, NY",36,New York,55,Monroe,43.14501268,-77.55728026
02/20/2015,AQS,1,53.7,ppb,50,Rochester Near-Road,22,92,42602,Nitrogen dioxide (NO2),200,40380,"Rochester, NY",36,New York,55,Monroe,43.14501268,-77.55728026
02/21/2015,AQS,1,44.1,ppb,42,Rochester Near-Road,24,100,42602,Nitrogen dioxide (NO2),200,40380,"Rochester, NY",36,New York,55,Monroe,43.14501268,-77.55728026
02/22/2015,AQS,1,30.6,ppb,28,Rochester Near-Road,24,100,42602,Nitrogen dioxide (NO2),200,40380,"Rochester, NY",36,New York,55,Monroe,43.14501268,-77.55728026
02/23/2015,AQS,1,16.9,ppb,15,Rochester Near-Road,24,100,42602,Nitrogen dioxide (NO2),200,40380,"Rochester, NY",36,New York,55,Monroe,43.14501268,-77.55728026
02/24/2015,AQS,1,32.7,ppb,30,Rochester Near-Road,24,100,42602,Nitrogen dioxide (NO2),200,40380,"Rochester, NY",36,New York,55,Monroe,43.14501268,-77.55728026
02/25/2015,AQS,1,19.1,ppb,18,Rochester Near-Road,24,100,42602,Nitrogen dioxide (NO2),200,40380,"Rochester, NY",36,New York,55,Monroe,43.14501268,-77.55728026
02/26/2015,AQS,1,24.5,ppb,23,Rochester Near-Road,22,92,42602,Nitrogen dioxide (NO2),200,40380,"Rochester, NY",36,New York,55,Monroe,43.14501268,-77.55728026
02/27/2015,AQS,1,26.5,ppb,25,Rochester Near-Road,24,100,42602,Nitrogen dioxide (NO2),200,40380,"Rochester, NY",36,New York,55,Monroe,43.14501268,-77.55728026
02/28/2015,AQS,1,54.8,ppb,51,Rochester Near-Road,24,100,42602,Nitrogen dioxide (NO2),200,40380,"Rochester, NY",36,New York,55,Monroe,43.14501268,-77.55728026
03/01/2015,AQS,1,53.3,ppb,50,Rochester Near-Road,24,100,42602,Nitrogen dioxide (NO2),200,40380,"Rochester, NY",36,New York,55,Monroe,43.14501268,-77.55728026
03/02/2015,AQS,1,22.7,ppb,21,Rochester Near-Road,24,100,42602,Nitrogen dioxide (NO2),200,40380,"Rochester, NY",36,New York,55,Monroe,43.14501268,-77.55728026
03/03/2015,AQS,1,27.8,ppb,25,Rochester Near-Road,24,100,42602,Nitrogen dioxide (NO2),200,40380,"Rochester, NY",36,New York,55,Monroe,43.14501268,-77.55728026
03/04/2015,AQS,1,27.3,ppb,25,Rochester Near-Road,24,100,42602,Nitrogen dioxide (NO2),200,40380,"Rochester, NY",36,New York,55,Monroe,43.14501268,-77.55728026
03/05/2015,AQS,1,16.1,ppb,15,Rochester Near-Road,24,100,42602,Nitrogen dioxide (NO2),200,40380,"Rochester, NY",36,New York,55,Monroe,43.14501268,-77.55728026
03/06/2015,AQS,1,43.3,ppb,41,Rochester Near-Road,23,96,42602,Nitrogen dioxide (NO2),200,40380,"Rochester, NY",36,New York,55,Monroe,43.14501268,-77.55728026
03/07/2015,AQS,1,33,ppb,31,Rochester Near-Road,24,100,42602,Nitrogen dioxide (NO2),200,40380,"Rochester, NY",36,New York,55,Monroe,43.14501268,-77.55728026
03/08/2015,AQS,1,30.2,ppb,28,Rochester Near-Road,24,100,42602,Nitrogen dioxide (NO2),200,40380,"Rochester, NY",36,New York,55,Monroe,43.14501268,-77.55728026
03/09/2015,AQS,1,23,ppb,22,Rochester Near-Road,24,100,42602,Nitrogen dioxide (NO2),200,40380,"Rochester, NY",36,New York,55,Monroe,43.14501268,-77.55728026
03/10/2015,AQS,1,35.8,ppb,33,Rochester Near-Road,24,100,42602,Nitrogen dioxide (NO2),200,40380,"Rochester, NY",36,New York,55,Monroe,43.14501268,-77.55728026
03/11/2015,AQS,1,14,ppb,13,Rochester Near-Road,24,100,42602,Nitrogen dioxide (NO2),200,40380,"Rochester, NY",36,New York,55,Monroe,43.14501268,-77.55728026
03/12/2015,AQS,1,31.3,ppb,29,Rochester Near-Road,24,100,42602,Nitrogen dioxide (NO2),200,40380,"Rochester, NY",36,New York,55,Monroe,43.14501268,-77.55728026
03/13/2015,AQS,1,34.3,ppb,32,Rochester Near-Road,22,92,42602,Nitrogen dioxide (NO2),200,40380,"Rochester, NY",36,New York,55,Monroe,43.14501268,-77.55728026
03/14/2015,AQS,1,29.8,ppb,27,Rochester Near-Road,24,100,42602,Nitrogen dioxide (NO2),200,40380,"Rochester, NY",36,New York,55,Monroe,43.14501268,-77.55728026
03/15/2015,AQS,1,14.9,ppb,13,Rochester Near-Road,24,100,42602,Nitrogen dioxide (NO2),200,40380,"Rochester, NY",36,New York,55,Monroe,43.14501268,-77.55728026
03/16/2015,AQS,1,36.7,ppb,34,Rochester Near-Road,24,100,42602,Nitrogen dioxide (NO2),200,40380,"Rochester, NY",36,New York,55,Monroe,43.14501268,-77.55728026
03/17/2015,AQS,1,26.1,ppb,25,Rochester Near-Road,24,100,42602,Nitrogen dioxide (NO2),200,40380,"Rochester, NY",36,New York,55,Monroe,43.14501268,-77.55728026
03/18/2015,AQS,1,19.3,ppb,18,Rochester Near-Road,24,100,42602,Nitrogen dioxide (NO2),200,40380,"Rochester, NY",36,New York,55,Monroe,43.14501268,-77.55728026
03/19/2015,AQS,1,46,ppb,43,Rochester Near-Road,22,92,42602,Nitrogen dioxide (NO2),200,40380,"Rochester, NY",36,New York,55,Monroe,43.14501268,-77.55728026
03/20/2015,AQS,1,27.6,ppb,25,Rochester Near-Road,24,100,42602,Nitrogen dioxide (NO2),200,40380,"Rochester, NY",36,New York,55,Monroe,43.14501268,-77.55728026
03/21/2015,AQS,1,10.7,ppb,9,Rochester Near-Road,24,100,42602,Nitrogen dioxide (NO2),200,40380,"Rochester, NY",36,New York,55,Monroe,43.14501268,-77.55728026
03/22/2015,AQS,1,9,ppb,8,Rochester Near-Road,24,100,42602,Nitrogen dioxide (NO2),200,40380,"Rochester, NY",36,New York,55,Monroe,43.14501268,-77.55728026
03/23/2015,AQS,1,24.3,ppb,23,Rochester Near-Road,24,100,42602,Nitrogen dioxide (NO2),200,40380,"Rochester, NY",36,New York,55,Monroe,43.14501268,-77.55728026
03/24/2015,AQS,1,34.4,ppb,32,Rochester Near-Road,24,100,42602,Nitrogen dioxide (NO2),200,40380,"Rochester, NY",36,New York,55,Monroe,43.14501268,-77.55728026
03/25/2015,AQS,1,34.4,ppb,32,Rochester Near-Road,24,100,42602,Nitrogen dioxide (NO2),200,40380,"Rochester, NY",36,New York,55,Monroe,43.14501268,-77.55728026
03/26/2015,AQS,1,33,ppb,31,Rochester Near-Road,24,100,42602,Nitrogen dioxide (NO2),200,40380,"Rochester, NY",36,New York,55,Monroe,43.14501268,-77.55728026
03/27/2015,AQS,1,22.6,ppb,21,Rochester Near-Road,22,92,42602,Nitrogen dioxide (NO2),200,40380,"Rochester, NY",36,New York,55,Monroe,43.14501268,-77.55728026
03/28/2015,AQS,1,13,ppb,12,Rochester Near-Road,24,100,42602,Nitrogen dioxide (NO2),200,40380,"Rochester, NY",36,New York,55,Monroe,43.14501268,-77.55728026
03/29/2015,AQS,1,16.7,ppb,15,Rochester Near-Road,24,100,42602,Nitrogen dioxide (NO2),200,40380,"Rochester, NY",36,New York,55,Monroe,43.14501268,-77.55728026
03/30/2015,AQS,1,11.1,ppb,10,Rochester Near-Road,24,100,42602,Nitrogen dioxide (NO2),200,40380,"Rochester, NY",36,New York,55,Monroe,43.14501268,-77.55728026
03/31/2015,AQS,1,36.1,ppb,34,Rochester Near-Road,24,100,42602,Nitrogen dioxide (NO2),200,40380,"Rochester, NY",36,New York,55,Monroe,43.14501268,-77.55728026
04/01/2015,AQS,1,24.3,ppb,23,Rochester Near-Road,24,100,42602,Nitrogen dioxide (NO2),200,40380,"Rochester, NY",36,New York,55,Monroe,43.14501268,-77.55728026
04/02/2015,AQS,1,36.6,ppb,34,Rochester Near-Road,24,100,42602,Nitrogen dioxide (NO2),200,40380,"Rochester, NY",36,New York,55,Monroe,43.14501268,-77.55728026
04/03/2015,AQS,1,22.1,ppb,21,Rochester Near-Road,22,92,42602,Nitrogen dioxide (NO2),200,40380,"Rochester, NY",36,New York,55,Monroe,43.14501268,-77.55728026
04/04/2015,AQS,1,16.4,ppb,15,Rochester Near-Road,24,100,42602,Nitrogen dioxide (NO2),200,40380,"Rochester, NY",36,New York,55,Monroe,43.14501268,-77.55728026
04/05/2015,AQS,1,15.6,ppb,14,Rochester Near-Road,24,100,42602,Nitrogen dioxide (NO2),200,40380,"Rochester, NY",36,New York,55,Monroe,43.14501268,-77.55728026
04/06/2015,AQS,1,24,ppb,23,Rochester Near-Road,24,100,42602,Nitrogen dioxide (NO2),200,40380,"Rochester, NY",36,New York,55,Monroe,43.14501268,-77.55728026
04/07/2015,AQS,1,14.2,ppb,13,Rochester Near-Road,24,100,42602,Nitrogen dioxide (NO2),200,40380,"Rochester, NY",36,New York,55,Monroe,43.14501268,-77.55728026
04/08/2015,AQS,1,17.1,ppb,16,Rochester Near-Road,24,100,42602,Nitrogen dioxide (NO2),200,40380,"Rochester, NY",36,New York,55,Monroe,43.14501268,-77.55728026
04/09/2015,AQS,1,18.3,ppb,17,Rochester Near-Road,24,100,42602,Nitrogen dioxide (NO2),200,40380,"Rochester, NY",36,New York,55,Monroe,43.14501268,-77.55728026
04/10/2015,AQS,1,15.2,ppb,14,Rochester Near-Road,22,92,42602,Nitrogen dioxide (NO2),200,40380,"Rochester, NY",36,New York,55,Monroe,43.14501268,-77.55728026
04/11/2015,AQS,1,8.3,ppb,8,Rochester Near-Road,24,100,42602,Nitrogen dioxide (NO2),200,40380,"Rochester, NY",36,New York,55,Monroe,43.14501268,-77.55728026
04/12/2015,AQS,1,28.2,ppb,26,Rochester Near-Road,24,100,42602,Nitrogen dioxide (NO2),200,40380,"Rochester, NY",36,New York,55,Monroe,43.14501268,-77.55728026
04/13/2015,AQS,1,32.3,ppb,30,Rochester Near-Road,24,100,42602,Nitrogen dioxide (NO2),200,40380,"Rochester, NY",36,New York,55,Monroe,43.14501268,-77.55728026
04/14/2015,AQS,1,37.4,ppb,35,Rochester Near-Road,24,100,42602,Nitrogen dioxide (NO2),200,40380,"Rochester, NY",36,New York,55,Monroe,43.14501268,-77.55728026
04/15/2015,AQS,1,34.8,ppb,32,Rochester Near-Road,24,100,42602,Nitrogen dioxide (NO2),200,40380,"Rochester, NY",36,New York,55,Monroe,43.14501268,-77.55728026
04/16/2015,AQS,1,29.4,ppb,27,Rochester Near-Road,22,92,42602,Nitrogen dioxide (NO2),200,40380,"Rochester, NY",36,New York,55,Monroe,43.14501268,-77.55728026
04/17/2015,AQS,1,25.2,ppb,24,Rochester Near-Road,24,100,42602,Nitrogen dioxide (NO2),200,40380,"Rochester, NY",36,New York,55,Monroe,43.14501268,-77.55728026
04/18/2015,AQS,1,13.2,ppb,12,Rochester Near-Road,24,100,42602,Nitrogen dioxide (NO2),200,40380,"Rochester, NY",36,New York,55,Monroe,43.14501268,-77.55728026
04/19/2015,AQS,1,12.6,ppb,11,Rochester Near-Road,24,100,42602,Nitrogen dioxide (NO2),200,40380,"Rochester, NY",36,New York,55,Monroe,43.14501268,-77.55728026
04/20/2015,AQS,1,10.1,ppb,9,Rochester Near-Road,24,100,42602,Nitrogen dioxide (NO2),200,40380,"Rochester, NY",36,New York,55,Monroe,43.14501268,-77.55728026
04/21/2015,AQS,1,14.8,ppb,13,Rochester Near-Road,24,100,42602,Nitrogen dioxide (NO2),200,40380,"Rochester, NY",36,New York,55,Monroe,43.14501268,-77.55728026
04/22/2015,AQS,1,15.2,ppb,14,Rochester Near-Road,24,100,42602,Nitrogen dioxide (NO2),200,40380,"Rochester, NY",36,New York,55,Monroe,43.14501268,-77.55728026
04/23/2015,AQS,1,24.9,ppb,23,Rochester Near-Road,24,100,42602,Nitrogen dioxide (NO2),200,40380,"Rochester, NY",36,New York,55,Monroe,43.14501268,-77.55728026
04/24/2015,AQS,1,18.1,ppb,17,Rochester Near-Road,22,92,42602,Nitrogen dioxide (NO2),200,40380,"Rochester, NY",36,New York,55,Monroe,43.14501268,-77.55728026
04/25/2015,AQS,1,23.5,ppb,22,Rochester Near-Road,24,100,42602,Nitrogen dioxide (NO2),200,40380,"Rochester, NY",36,New York,55,Monroe,43.14501268,-77.55728026
04/26/2015,AQS,1,28.7,ppb,26,Rochester Near-Road,24,100,42602,Nitrogen dioxide (NO2),200,40380,"Rochester, NY",36,New York,55,Monroe,43.14501268,-77.55728026
04/27/2015,AQS,1,10.4,ppb,9,Rochester Near-Road,24,100,42602,Nitrogen dioxide (NO2),200,40380,"Rochester, NY",36,New York,55,Monroe,43.14501268,-77.55728026
04/28/2015,AQS,1,22.3,ppb,21,Rochester Near-Road,24,100,42602,Nitrogen dioxide (NO2),200,40380,"Rochester, NY",36,New York,55,Monroe,43.14501268,-77.55728026
04/29/2015,AQS,1,21.4,ppb,20,Rochester Near-Road,24,100,42602,Nitrogen dioxide (NO2),200,40380,"Rochester, NY",36,New York,55,Monroe,43.14501268,-77.55728026
04/30/2015,AQS,1,26.8,ppb,25,Rochester Near-Road,21,88,42602,Nitrogen dioxide (NO2),200,40380,"Rochester, NY",36,New York,55,Monroe,43.14501268,-77.55728026
05/01/2015,AQS,1,35.5,ppb,33,Rochester Near-Road,24,100,42602,Nitrogen dioxide (NO2),200,40380,"Rochester, NY",36,New York,55,Monroe,43.14501268,-77.55728026
05/02/2015,AQS,1,21.6,ppb,20,Rochester Near-Road,24,100,42602,Nitrogen dioxide (NO2),200,40380,"Rochester, NY",36,New York,55,Monroe,43.14501268,-77.55728026
05/03/2015,AQS,1,16.1,ppb,15,Rochester Near-Road,24,100,42602,Nitrogen dioxide (NO2),200,40380,"Rochester, NY",36,New York,55,Monroe,43.14501268,-77.55728026
05/04/2015,AQS,1,19.4,ppb,18,Rochester Near-Road,21,88,42602,Nitrogen dioxide (NO2),200,40380,"Rochester, NY",36,New York,55,Monroe,43.14501268,-77.55728026
05/05/2015,AQS,1,25.4,ppb,24,Rochester Near-Road,24,100,42602,Nitrogen dioxide (NO2),200,40380,"Rochester, NY",36,New York,55,Monroe,43.14501268,-77.55728026
05/06/2015,AQS,1,28.6,ppb,26,Rochester Near-Road,24,100,42602,Nitrogen dioxide (NO2),200,40380,"Rochester, NY",36,New York,55,Monroe,43.14501268,-77.55728026
05/07/2015,AQS,1,23.8,ppb,22,Rochester Near-Road,18,75,42602,Nitrogen dioxide (NO2),200,40380,"Rochester, NY",36,New York,55,Monroe,43.14501268,-77.55728026
05/08/2015,AQS,1,34.2,ppb,32,Rochester Near-Road,24,100,42602,Nitrogen dioxide (NO2),200,40380,"Rochester, NY",36,New York,55,Monroe,43.14501268,-77.55728026
05/09/2015,AQS,1,16.7,ppb,15,Rochester Near-Road,24,100,42602,Nitrogen dioxide (NO2),200,40380,"Rochester, NY",36,New York,55,Monroe,43.14501268,-77.55728026
05/10/2015,AQS,1,10.7,ppb,9,Rochester Near-Road,24,100,42602,Nitrogen dioxide (NO2),200,40380,"Rochester, NY",36,New York,55,Monroe,43.14501268,-77.55728026
05/11/2015,AQS,1,12.1,ppb,11,Rochester Near-Road,24,100,42602,Nitrogen dioxide (NO2),200,40380,"Rochester, NY",36,New York,55,Monroe,43.14501268,-77.55728026
05/12/2015,AQS,1,14.7,ppb,13,Rochester Near-Road,24,100,42602,Nitrogen dioxide (NO2),200,40380,"Rochester, NY",36,New York,55,Monroe,43.14501268,-77.55728026
05/13/2015,AQS,1,11.7,ppb,10,Rochester Near-Road,24,100,42602,Nitrogen dioxide (NO2),200,40380,"Rochester, NY",36,New York,55,Monroe,43.14501268,-77.55728026
05/14/2015,AQS,1,24.5,ppb,23,Rochester Near-Road,24,100,42602,Nitrogen dioxide (NO2),200,40380,"Rochester, NY",36,New York,55,Monroe,43.14501268,-77.55728026
05/15/2015,AQS,1,21.8,ppb,20,Rochester Near-Road,21,88,42602,Nitrogen dioxide (NO2),200,40380,"Rochester, NY",36,New York,55,Monroe,43.14501268,-77.55728026
05/16/2015,AQS,1,16.3,ppb,15,Rochester Near-Road,24,100,42602,Nitrogen dioxide (NO2),200,40380,"Rochester, NY",36,New York,55,Monroe,43.14501268,-77.55728026
05/17/2015,AQS,1,11.5,ppb,10,Rochester Near-Road,24,100,42602,Nitrogen dioxide (NO2),200,40380,"Rochester, NY",36,New York,55,Monroe,43.14501268,-77.55728026
05/18/2015,AQS,1,13.6,ppb,12,Rochester Near-Road,24,100,42602,Nitrogen dioxide (NO2),200,40380,"Rochester, NY",36,New York,55,Monroe,43.14501268,-77.55728026
05/19/2015,AQS,1,12,ppb,11,Rochester Near-Road,24,100,42602,Nitrogen dioxide (NO2),200,40380,"Rochester, NY",36,New York,55,Monroe,43.14501268,-77.55728026
05/20/2015,AQS,1,11.5,ppb,10,Rochester Near-Road,24,100,42602,Nitrogen dioxide (NO2),200,40380,"Rochester, NY",36,New York,55,Monroe,43.14501268,-77.55728026
05/21/2015,AQS,1,20.1,ppb,19,Rochester Near-Road,24,100,42602,Nitrogen dioxide (NO2),200,40380,"Rochester, NY",36,New York,55,Monroe,43.14501268,-77.55728026
05/22/2015,AQS,1,10.3,ppb,9,Rochester Near-Road,22,92,42602,Nitrogen dioxide (NO2),200,40380,"Rochester, NY",36,New York,55,Monroe,43.14501268,-77.55728026
05/23/2015,AQS,1,15.5,ppb,14,Rochester Near-Road,24,100,42602,Nitrogen dioxide (NO2),200,40380,"Rochester, NY",36,New York,55,Monroe,43.14501268,-77.55728026
05/24/2015,AQS,1,10,ppb,9,Rochester Near-Road,24,100,42602,Nitrogen dioxide (NO2),200,40380,"Rochester, NY",36,New York,55,Monroe,43.14501268,-77.55728026
05/25/2015,AQS,1,11.7,ppb,10,Rochester Near-Road,24,100,42602,Nitrogen dioxide (NO2),200,40380,"Rochester, NY",36,New York,55,Monroe,43.14501268,-77.55728026
05/26/2015,AQS,1,16.3,ppb,15,Rochester Near-Road,24,100,42602,Nitrogen dioxide (NO2),200,40380,"Rochester, NY",36,New York,55,Monroe,43.14501268,-77.55728026
05/27/2015,AQS,1,13.4,ppb,12,Rochester Near-Road,24,100,42602,Nitrogen dioxide (NO2),200,40380,"Rochester, NY",36,New York,55,Monroe,43.14501268,-77.55728026
05/28/2015,AQS,1,25.5,ppb,24,Rochester Near-Road,21,88,42602,Nitrogen dioxide (NO2),200,40380,"Rochester, NY",36,New York,55,Monroe,43.14501268,-77.55728026
05/29/2015,AQS,1,16.5,ppb,15,Rochester Near-Road,24,100,42602,Nitrogen dioxide (NO2),200,40380,"Rochester, NY",36,New York,55,Monroe,43.14501268,-77.55728026
05/30/2015,AQS,1,12.5,ppb,11,Rochester Near-Road,24,100,42602,Nitrogen dioxide (NO2),200,40380,"Rochester, NY",36,New York,55,Monroe,43.14501268,-77.55728026
05/31/2015,AQS,1,4,ppb,4,Rochester Near-Road,24,100,42602,Nitrogen dioxide (NO2),200,40380,"Rochester, NY",36,New York,55,Monroe,43.14501268,-77.55728026
06/01/2015,AQS,1,6.9,ppb,6,Rochester Near-Road,24,100,42602,Nitrogen dioxide (NO2),200,40380,"Rochester, NY",36,New York,55,Monroe,43.14501268,-77.55728026
06/02/2015,AQS,1,19.4,ppb,18,Rochester Near-Road,24,100,42602,Nitrogen dioxide (NO2),200,40380,"Rochester, NY",36,New York,55,Monroe,43.14501268,-77.55728026
06/03/2015,AQS,1,17.5,ppb,16,Rochester Near-Road,24,100,42602,Nitrogen dioxide (NO2),200,40380,"Rochester, NY",36,New York,55,Monroe,43.14501268,-77.55728026
06/04/2015,AQS,1,23.1,ppb,22,Rochester Near-Road,24,100,42602,Nitrogen dioxide (NO2),200,40380,"Rochester, NY",36,New York,55,Monroe,43.14501268,-77.55728026
06/05/2015,AQS,1,17.6,ppb,16,Rochester Near-Road,21,88,42602,Nitrogen dioxide (NO2),200,40380,"Rochester, NY",36,New York,55,Monroe,43.14501268,-77.55728026
06/06/2015,AQS,1,18.9,ppb,17,Rochester Near-Road,24,100,42602,Nitrogen dioxide (NO2),200,40380,"Rochester, NY",36,New York,55,Monroe,43.14501268,-77.55728026
06/07/2015,AQS,1,12.9,ppb,11,Rochester Near-Road,24,100,42602,Nitrogen dioxide (NO2),200,40380,"Rochester, NY",36,New York,55,Monroe,43.14501268,-77.55728026
06/08/2015,AQS,1,14.9,ppb,13,Rochester Near-Road,24,100,42602,Nitrogen dioxide (NO2),200,40380,"Rochester, NY",36,New York,55,Monroe,43.14501268,-77.55728026
06/09/2015,AQS,1,28,ppb,26,Rochester Near-Road,24,100,42602,Nitrogen dioxide (NO2),200,40380,"Rochester, NY",36,New York,55,Monroe,43.14501268,-77.55728026
06/10/2015,AQS,1,18.5,ppb,17,Rochester Near-Road,24,100,42602,Nitrogen dioxide (NO2),200,40380,"Rochester, NY",36,New York,55,Monroe,43.14501268,-77.55728026
06/11/2015,AQS,1,19.9,ppb,18,Rochester Near-Road,21,88,42602,Nitrogen dioxide (NO2),200,40380,"Rochester, NY",36,New York,55,Monroe,43.14501268,-77.55728026
06/12/2015,AQS,1,17.3,ppb,16,Rochester Near-Road,24,100,42602,Nitrogen dioxide (NO2),200,40380,"Rochester, NY",36,New York,55,Monroe,43.14501268,-77.55728026
06/13/2015,AQS,1,14.2,ppb,13,Rochester Near-Road,24,100,42602,Nitrogen dioxide (NO2),200,40380,"Rochester, NY",36,New York,55,Monroe,43.14501268,-77.55728026
06/14/2015,AQS,1,13.8,ppb,12,Rochester Near-Road,24,100,42602,Nitrogen dioxide (NO2),200,40380,"Rochester, NY",36,New York,55,Monroe,43.14501268,-77.55728026
06/15/2015,AQS,1,20.1,ppb,19,Rochester Near-Road,24,100,42602,Nitrogen dioxide (NO2),200,40380,"Rochester, NY",36,New York,55,Monroe,43.14501268,-77.55728026
06/16/2015,AQS,1,14.5,ppb,13,Rochester Near-Road,24,100,42602,Nitrogen dioxide (NO2),200,40380,"Rochester, NY",36,New York,55,Monroe,43.14501268,-77.55728026
06/17/2015,AQS,1,14.5,ppb,13,Rochester Near-Road,21,88,42602,Nitrogen dioxide (NO2),200,40380,"Rochester, NY",36,New York,55,Monroe,43.14501268,-77.55728026
06/18/2015,AQS,1,14.9,ppb,13,Rochester Near-Road,24,100,42602,Nitrogen dioxide (NO2),200,40380,"Rochester, NY",36,New York,55,Monroe,43.14501268,-77.55728026
06/19/2015,AQS,1,17.6,ppb,16,Rochester Near-Road,24,100,42602,Nitrogen dioxide (NO2),200,40380,"Rochester, NY",36,New York,55,Monroe,43.14501268,-77.55728026
06/20/2015,AQS,1,19.7,ppb,18,Rochester Near-Road,24,100,42602,Nitrogen dioxide (NO2),200,40380,"Rochester, NY",36,New York,55,Monroe,43.14501268,-77.55728026
06/21/2015,AQS,1,11.5,ppb,10,Rochester Near-Road,24,100,42602,Nitrogen dioxide (NO2),200,40380,"Rochester, NY",36,New York,55,Monroe,43.14501268,-77.55728026
06/22/2015,AQS,1,19.7,ppb,18,Rochester Near-Road,24,100,42602,Nitrogen dioxide (NO2),200,40380,"Rochester, NY",36,New York,55,Monroe,43.14501268,-77.55728026
06/23/2015,AQS,1,15,ppb,14,Rochester Near-Road,24,100,42602,Nitrogen dioxide (NO2),200,40380,"Rochester, NY",36,New York,55,Monroe,43.14501268,-77.55728026
06/24/2015,AQS,1,14.7,ppb,13,Rochester Near-Road,24,100,42602,Nitrogen dioxide (NO2),200,40380,"Rochester, NY",36,New York,55,Monroe,43.14501268,-77.55728026
06/25/2015,AQS,1,19.7,ppb,18,Rochester Near-Road,21,88,42602,Nitrogen dioxide (NO2),200,40380,"Rochester, NY",36,New York,55,Monroe,43.14501268,-77.55728026
06/26/2015,AQS,1,19.2,ppb,18,Rochester Near-Road,24,100,42602,Nitrogen dioxide (NO2),200,40380,"Rochester, NY",36,New York,55,Monroe,43.14501268,-77.55728026
06/27/2015,AQS,1,13,ppb,12,Rochester Near-Road,24,100,42602,Nitrogen dioxide (NO2),200,40380,"Rochester, NY",36,New York,55,Monroe,43.14501268,-77.55728026
06/28/2015,AQS,1,7.1,ppb,7,Rochester Near-Road,24,100,42602,Nitrogen dioxide (NO2),200,40380,"Rochester, NY",36,New York,55,Monroe,43.14501268,-77.55728026
06/29/2015,AQS,1,17,ppb,16,Rochester Near-Road,24,100,42602,Nitrogen dioxide (NO2),200,40380,"Rochester, NY",36,New York,55,Monroe,43.14501268,-77.55728026
06/30/2015,AQS,1,18.1,ppb,17,Rochester Near-Road,24,100,42602,Nitrogen dioxide (NO2),200,40380,"Rochester, NY",36,New York,55,Monroe,43.14501268,-77.55728026
07/01/2015,AQS,1,15.2,ppb,14,Rochester Near-Road,24,100,42602,Nitrogen dioxide (NO2),200,40380,"Rochester, NY",36,New York,55,Monroe,43.14501268,-77.55728026
07/02/2015,AQS,1,20.6,ppb,19,Rochester Near-Road,24,100,42602,Nitrogen dioxide (NO2),200,40380,"Rochester, NY",36,New York,55,Monroe,43.14501268,-77.55728026
07/03/2015,AQS,1,12.7,ppb,11,Rochester Near-Road,24,100,42602,Nitrogen dioxide (NO2),200,40380,"Rochester, NY",36,New York,55,Monroe,43.14501268,-77.55728026
07/04/2015,AQS,1,13.1,ppb,12,Rochester Near-Road,24,100,42602,Nitrogen dioxide (NO2),200,40380,"Rochester, NY",36,New York,55,Monroe,43.14501268,-77.55728026
07/05/2015,AQS,1,12.6,ppb,11,Rochester Near-Road,24,100,42602,Nitrogen dioxide (NO2),200,40380,"Rochester, NY",36,New York,55,Monroe,43.14501268,-77.55728026
07/06/2015,AQS,1,15,ppb,14,Rochester Near-Road,24,100,42602,Nitrogen dioxide (NO2),200,40380,"Rochester, NY",36,New York,55,Monroe,43.14501268,-77.55728026
07/07/2015,AQS,1,13,ppb,12,Rochester Near-Road,24,100,42602,Nitrogen dioxide (NO2),200,40380,"Rochester, NY",36,New York,55,Monroe,43.14501268,-77.55728026
07/08/2015,AQS,1,15,ppb,14,Rochester Near-Road,24,100,42602,Nitrogen dioxide (NO2),200,40380,"Rochester, NY",36,New York,55,Monroe,43.14501268,-77.55728026
07/09/2015,AQS,1,16.3,ppb,15,Rochester Near-Road,24,100,42602,Nitrogen dioxide (NO2),200,40380,"Rochester, NY",36,New York,55,Monroe,43.14501268,-77.55728026
07/10/2015,AQS,1,24.6,ppb,23,Rochester Near-Road,21,88,42602,Nitrogen dioxide (NO2),200,40380,"Rochester, NY",36,New York,55,Monroe,43.14501268,-77.55728026
07/11/2015,AQS,1,16.2,ppb,15,Rochester Near-Road,24,100,42602,Nitrogen dioxide (NO2),200,40380,"Rochester, NY",36,New York,55,Monroe,43.14501268,-77.55728026
07/12/2015,AQS,1,20.6,ppb,19,Rochester Near-Road,24,100,42602,Nitrogen dioxide (NO2),200,40380,"Rochester, NY",36,New York,55,Monroe,43.14501268,-77.55728026
07/13/2015,AQS,1,13.9,ppb,12,Rochester Near-Road,24,100,42602,Nitrogen dioxide (NO2),200,40380,"Rochester, NY",36,New York,55,Monroe,43.14501268,-77.55728026
07/14/2015,AQS,1,17.1,ppb,16,Rochester Near-Road,24,100,42602,Nitrogen dioxide (NO2),200,40380,"Rochester, NY",36,New York,55,Monroe,43.14501268,-77.55728026
07/15/2015,AQS,1,19.8,ppb,18,Rochester Near-Road,24,100,42602,Nitrogen dioxide (NO2),200,40380,"Rochester, NY",36,New York,55,Monroe,43.14501268,-77.55728026
07/16/2015,AQS,1,16.1,ppb,15,Rochester Near-Road,24,100,42602,Nitrogen dioxide (NO2),200,40380,"Rochester, NY",36,New York,55,Monroe,43.14501268,-77.55728026
07/17/2015,AQS,1,15.7,ppb,14,Rochester Near-Road,19,79,42602,Nitrogen dioxide (NO2),200,40380,"Rochester, NY",36,New York,55,Monroe,43.14501268,-77.55728026
07/18/2015,AQS,1,13.5,ppb,12,Rochester Near-Road,24,100,42602,Nitrogen dioxide (NO2),200,40380,"Rochester, NY",36,New York,55,Monroe,43.14501268,-77.55728026
07/19/2015,AQS,1,6,ppb,6,Rochester Near-Road,24,100,42602,Nitrogen dioxide (NO2),200,40380,"Rochester, NY",36,New York,55,Monroe,43.14501268,-77.55728026
07/20/2015,AQS,1,20,ppb,19,Rochester Near-Road,24,100,42602,Nitrogen dioxide (NO2),200,40380,"Rochester, NY",36,New York,55,Monroe,43.14501268,-77.55728026
07/21/2015,AQS,1,16.9,ppb,15,Rochester Near-Road,24,100,42602,Nitrogen dioxide (NO2),200,40380,"Rochester, NY",36,New York,55,Monroe,43.14501268,-77.55728026
07/22/2015,AQS,1,14,ppb,13,Rochester Near-Road,24,100,42602,Nitrogen dioxide (NO2),200,40380,"Rochester, NY",36,New York,55,Monroe,43.14501268,-77.55728026
07/23/2015,AQS,1,22.3,ppb,21,Rochester Near-Road,19,79,42602,Nitrogen dioxide (NO2),200,40380,"Rochester, NY",36,New York,55,Monroe,43.14501268,-77.55728026
07/24/2015,AQS,1,16.1,ppb,15,Rochester Near-Road,24,100,42602,Nitrogen dioxide (NO2),200,40380,"Rochester, NY",36,New York,55,Monroe,43.14501268,-77.55728026
07/25/2015,AQS,1,14.7,ppb,13,Rochester Near-Road,24,100,42602,Nitrogen dioxide (NO2),200,40380,"Rochester, NY",36,New York,55,Monroe,43.14501268,-77.55728026
07/26/2015,AQS,1,19.7,ppb,18,Rochester Near-Road,24,100,42602,Nitrogen dioxide (NO2),200,40380,"Rochester, NY",36,New York,55,Monroe,43.14501268,-77.55728026
07/27/2015,AQS,1,20.6,ppb,19,Rochester Near-Road,24,100,42602,Nitrogen dioxide (NO2),200,40380,"Rochester, NY",36,New York,55,Monroe,43.14501268,-77.55728026
07/28/2015,AQS,1,18.9,ppb,17,Rochester Near-Road,24,100,42602,Nitrogen dioxide (NO2),200,40380,"Rochester, NY",36,New York,55,Monroe,43.14501268,-77.55728026
07/29/2015,AQS,1,18.5,ppb,17,Rochester Near-Road,24,100,42602,Nitrogen dioxide (NO2),200,40380,"Rochester, NY",36,New York,55,Monroe,43.14501268,-77.55728026
07/30/2015,AQS,1,15.4,ppb,14,Rochester Near-Road,24,100,42602,Nitrogen dioxide (NO2),200,40380,"Rochester, NY",36,New York,55,Monroe,43.14501268,-77.55728026
07/31/2015,AQS,1,16.9,ppb,15,Rochester Near-Road,20,83,42602,Nitrogen dioxide (NO2),200,40380,"Rochester, NY",36,New York,55,Monroe,43.14501268,-77.55728026
08/01/2015,AQS,1,13.8,ppb,12,Rochester Near-Road,24,100,42602,Nitrogen dioxide (NO2),200,40380,"Rochester, NY",36,New York,55,Monroe,43.14501268,-77.55728026
08/02/2015,AQS,1,15.4,ppb,14,Rochester Near-Road,24,100,42602,Nitrogen dioxide (NO2),200,40380,"Rochester, NY",36,New York,55,Monroe,43.14501268,-77.55728026
08/03/2015,AQS,1,16.9,ppb,15,Rochester Near-Road,24,100,42602,Nitrogen dioxide (NO2),200,40380,"Rochester, NY",36,New York,55,Monroe,43.14501268,-77.55728026
08/04/2015,AQS,1,20.6,ppb,19,Rochester Near-Road,24,100,42602,Nitrogen dioxide (NO2),200,40380,"Rochester, NY",36,New York,55,Monroe,43.14501268,-77.55728026
08/05/2015,AQS,1,13.4,ppb,12,Rochester Near-Road,24,100,42602,Nitrogen dioxide (NO2),200,40380,"Rochester, NY",36,New York,55,Monroe,43.14501268,-77.55728026
08/06/2015,AQS,1,21.3,ppb,20,Rochester Near-Road,24,100,42602,Nitrogen dioxide (NO2),200,40380,"Rochester, NY",36,New York,55,Monroe,43.14501268,-77.55728026
08/07/2015,AQS,1,20.4,ppb,19,Rochester Near-Road,21,88,42602,Nitrogen dioxide (NO2),200,40380,"Rochester, NY",36,New York,55,Monroe,43.14501268,-77.55728026
08/08/2015,AQS,1,13,ppb,12,Rochester Near-Road,24,100,42602,Nitrogen dioxide (NO2),200,40380,"Rochester, NY",36,New York,55,Monroe,43.14501268,-77.55728026
08/09/2015,AQS,1,16.1,ppb,15,Rochester Near-Road,24,100,42602,Nitrogen dioxide (NO2),200,40380,"Rochester, NY",36,New York,55,Monroe,43.14501268,-77.55728026
08/10/2015,AQS,1,17,ppb,16,Rochester Near-Road,24,100,42602,Nitrogen dioxide (NO2),200,40380,"Rochester, NY",36,New York,55,Monroe,43.14501268,-77.55728026
08/11/2015,AQS,1,18.8,ppb,17,Rochester Near-Road,24,100,42602,Nitrogen dioxide (NO2),200,40380,"Rochester, NY",36,New York,55,Monroe,43.14501268,-77.55728026
08/12/2015,AQS,1,12.6,ppb,11,Rochester Near-Road,24,100,42602,Nitrogen dioxide (NO2),200,40380,"Rochester, NY",36,New York,55,Monroe,43.14501268,-77.55728026
08/13/2015,AQS,1,12,ppb,11,Rochester Near-Road,24,100,42602,Nitrogen dioxide (NO2),200,40380,"Rochester, NY",36,New York,55,Monroe,43.14501268,-77.55728026
08/14/2015,AQS,1,12.9,ppb,11,Rochester Near-Road,21,88,42602,Nitrogen dioxide (NO2),200,40380,"Rochester, NY",36,New York,55,Monroe,43.14501268,-77.55728026
08/15/2015,AQS,1,14.7,ppb,13,Rochester Near-Road,24,100,42602,Nitrogen dioxide (NO2),200,40380,"Rochester, NY",36,New York,55,Monroe,43.14501268,-77.55728026
08/16/2015,AQS,1,13.2,ppb,12,Rochester Near-Road,24,100,42602,Nitrogen dioxide (NO2),200,40380,"Rochester, NY",36,New York,55,Monroe,43.14501268,-77.55728026
08/17/2015,AQS,1,19.4,ppb,18,Rochester Near-Road,24,100,42602,Nitrogen dioxide (NO2),200,40380,"Rochester, NY",36,New York,55,Monroe,43.14501268,-77.55728026
08/18/2015,AQS,1,17.5,ppb,16,Rochester Near-Road,24,100,42602,Nitrogen dioxide (NO2),200,40380,"Rochester, NY",36,New York,55,Monroe,43.14501268,-77.55728026
08/19/2015,AQS,1,14.8,ppb,13,Rochester Near-Road,24,100,42602,Nitrogen dioxide (NO2),200,40380,"Rochester, NY",36,New York,55,Monroe,43.14501268,-77.55728026
08/20/2015,AQS,1,17.7,ppb,16,Rochester Near-Road,24,100,42602,Nitrogen dioxide (NO2),200,40380,"Rochester, NY",36,New York,55,Monroe,43.14501268,-77.55728026
08/21/2015,AQS,1,21.3,ppb,20,Rochester Near-Road,22,92,42602,Nitrogen dioxide (NO2),200,40380,"Rochester, NY",36,New York,55,Monroe,43.14501268,-77.55728026
08/22/2015,AQS,1,16,ppb,15,Rochester Near-Road,24,100,42602,Nitrogen dioxide (NO2),200,40380,"Rochester, NY",36,New York,55,Monroe,43.14501268,-77.55728026
08/23/2015,AQS,1,14.6,ppb,13,Rochester Near-Road,24,100,42602,Nitrogen dioxide (NO2),200,40380,"Rochester, NY",36,New York,55,Monroe,43.14501268,-77.55728026
08/24/2015,AQS,1,21.3,ppb,20,Rochester Near-Road,24,100,42602,Nitrogen dioxide (NO2),200,40380,"Rochester, NY",36,New York,55,Monroe,43.14501268,-77.55728026
08/25/2015,AQS,1,15.3,ppb,14,Rochester Near-Road,24,100,42602,Nitrogen dioxide (NO2),200,40380,"Rochester, NY",36,New York,55,Monroe,43.14501268,-77.55728026
08/26/2015,AQS,1,14.1,ppb,13,Rochester Near-Road,24,100,42602,Nitrogen dioxide (NO2),200,40380,"Rochester, NY",36,New York,55,Monroe,43.14501268,-77.55728026
08/27/2015,AQS,1,17.4,ppb,16,Rochester Near-Road,24,100,42602,Nitrogen dioxide (NO2),200,40380,"Rochester, NY",36,New York,55,Monroe,43.14501268,-77.55728026
08/28/2015,AQS,1,16.2,ppb,15,Rochester Near-Road,21,88,42602,Nitrogen dioxide (NO2),200,40380,"Rochester, NY",36,New York,55,Monroe,43.14501268,-77.55728026
08/29/2015,AQS,1,17.6,ppb,16,Rochester Near-Road,24,100,42602,Nitrogen dioxide (NO2),200,40380,"Rochester, NY",36,New York,55,Monroe,43.14501268,-77.55728026
08/30/2015,AQS,1,14.8,ppb,13,Rochester Near-Road,24,100,42602,Nitrogen dioxide (NO2),200,40380,"Rochester, NY",36,New York,55,Monroe,43.14501268,-77.55728026
08/31/2015,AQS,1,14.5,ppb,13,Rochester Near-Road,24,100,42602,Nitrogen dioxide (NO2),200,40380,"Rochester, NY",36,New York,55,Monroe,43.14501268,-77.55728026
09/01/2015,AQS,1,18.8,ppb,17,Rochester Near-Road,24,100,42602,Nitrogen dioxide (NO2),200,40380,"Rochester, NY",36,New York,55,Monroe,43.14501268,-77.55728026
09/02/2015,AQS,1,22.2,ppb,21,Rochester Near-Road,24,100,42602,Nitrogen dioxide (NO2),200,40380,"Rochester, NY",36,New York,55,Monroe,43.14501268,-77.55728026
09/03/2015,AQS,1,23.1,ppb,22,Rochester Near-Road,24,100,42602,Nitrogen dioxide (NO2),200,40380,"Rochester, NY",36,New York,55,Monroe,43.14501268,-77.55728026
09/04/2015,AQS,1,17.2,ppb,16,Rochester Near-Road,22,92,42602,Nitrogen dioxide (NO2),200,40380,"Rochester, NY",36,New York,55,Monroe,43.14501268,-77.55728026
09/05/2015,AQS,1,9.6,ppb,8,Rochester Near-Road,24,100,42602,Nitrogen dioxide (NO2),200,40380,"Rochester, NY",36,New York,55,Monroe,43.14501268,-77.55728026
09/06/2015,AQS,1,13,ppb,12,Rochester Near-Road,24,100,42602,Nitrogen dioxide (NO2),200,40380,"Rochester, NY",36,New York,55,Monroe,43.14501268,-77.55728026
09/07/2015,AQS,1,7.8,ppb,7,Rochester Near-Road,24,100,42602,Nitrogen dioxide (NO2),200,40380,"Rochester, NY",36,New York,55,Monroe,43.14501268,-77.55728026
09/08/2015,AQS,1,24,ppb,23,Rochester Near-Road,24,100,42602,Nitrogen dioxide (NO2),200,40380,"Rochester, NY",36,New York,55,Monroe,43.14501268,-77.55728026
09/09/2015,AQS,1,14.5,ppb,13,Rochester Near-Road,24,100,42602,Nitrogen dioxide (NO2),200,40380,"Rochester, NY",36,New York,55,Monroe,43.14501268,-77.55728026
09/10/2015,AQS,1,27.1,ppb,25,Rochester Near-Road,24,100,42602,Nitrogen dioxide (NO2),200,40380,"Rochester, NY",36,New York,55,Monroe,43.14501268,-77.55728026
09/11/2015,AQS,1,20.7,ppb,19,Rochester Near-Road,21,88,42602,Nitrogen dioxide (NO2),200,40380,"Rochester, NY",36,New York,55,Monroe,43.14501268,-77.55728026
09/12/2015,AQS,1,9.1,ppb,8,Rochester Near-Road,24,100,42602,Nitrogen dioxide (NO2),200,40380,"Rochester, NY",36,New York,55,Monroe,43.14501268,-77.55728026
09/13/2015,AQS,1,5,ppb,5,Rochester Near-Road,24,100,42602,Nitrogen dioxide (NO2),200,40380,"Rochester, NY",36,New York,55,Monroe,43.14501268,-77.55728026
09/14/2015,AQS,1,10.3,ppb,9,Rochester Near-Road,24,100,42602,Nitrogen dioxide (NO2),200,40380,"Rochester, NY",36,New York,55,Monroe,43.14501268,-77.55728026
09/15/2015,AQS,1,31.2,ppb,29,Rochester Near-Road,24,100,42602,Nitrogen dioxide (NO2),200,40380,"Rochester, NY",36,New York,55,Monroe,43.14501268,-77.55728026
09/16/2015,AQS,1,33,ppb,31,Rochester Near-Road,24,100,42602,Nitrogen dioxide (NO2),200,40380,"Rochester, NY",36,New York,55,Monroe,43.14501268,-77.55728026
09/17/2015,AQS,1,20.4,ppb,19,Rochester Near-Road,24,100,42602,Nitrogen dioxide (NO2),200,40380,"Rochester, NY",36,New York,55,Monroe,43.14501268,-77.55728026
09/18/2015,AQS,1,24.4,ppb,23,Rochester Near-Road,21,88,42602,Nitrogen dioxide (NO2),200,40380,"Rochester, NY",36,New York,55,Monroe,43.14501268,-77.55728026
09/19/2015,AQS,1,10.1,ppb,9,Rochester Near-Road,24,100,42602,Nitrogen dioxide (NO2),200,40380,"Rochester, NY",36,New York,55,Monroe,43.14501268,-77.55728026
09/20/2015,AQS,1,17.4,ppb,16,Rochester Near-Road,24,100,42602,Nitrogen dioxide (NO2),200,40380,"Rochester, NY",36,New York,55,Monroe,43.14501268,-77.55728026
09/21/2015,AQS,1,22.7,ppb,21,Rochester Near-Road,24,100,42602,Nitrogen dioxide (NO2),200,40380,"Rochester, NY",36,New York,55,Monroe,43.14501268,-77.55728026
09/22/2015,AQS,1,24.5,ppb,23,Rochester Near-Road,24,100,42602,Nitrogen dioxide (NO2),200,40380,"Rochester, NY",36,New York,55,Monroe,43.14501268,-77.55728026
09/23/2015,AQS,1,31.8,ppb,29,Rochester Near-Road,24,100,42602,Nitrogen dioxide (NO2),200,40380,"Rochester, NY",36,New York,55,Monroe,43.14501268,-77.55728026
09/24/2015,AQS,1,21.5,ppb,20,Rochester Near-Road,24,100,42602,Nitrogen dioxide (NO2),200,40380,"Rochester, NY",36,New York,55,Monroe,43.14501268,-77.55728026
09/25/2015,AQS,1,16.9,ppb,15,Rochester Near-Road,22,92,42602,Nitrogen dioxide (NO2),200,40380,"Rochester, NY",36,New York,55,Monroe,43.14501268,-77.55728026
09/26/2015,AQS,1,15.9,ppb,14,Rochester Near-Road,24,100,42602,Nitrogen dioxide (NO2),200,40380,"Rochester, NY",36,New York,55,Monroe,43.14501268,-77.55728026
09/27/2015,AQS,1,9.1,ppb,8,Rochester Near-Road,24,100,42602,Nitrogen dioxide (NO2),200,40380,"Rochester, NY",36,New York,55,Monroe,43.14501268,-77.55728026
09/28/2015,AQS,1,16.2,ppb,15,Rochester Near-Road,24,100,42602,Nitrogen dioxide (NO2),200,40380,"Rochester, NY",36,New York,55,Monroe,43.14501268,-77.55728026
09/29/2015,AQS,1,17.6,ppb,16,Rochester Near-Road,24,100,42602,Nitrogen dioxide (NO2),200,40380,"Rochester, NY",36,New York,55,Monroe,43.14501268,-77.55728026
09/30/2015,AQS,1,4,ppb,4,Rochester Near-Road,24,100,42602,Nitrogen dioxide (NO2),200,40380,"Rochester, NY",36,New York,55,Monroe,43.14501268,-77.55728026
10/02/2015,AQS,1,6.5,ppb,6,Rochester Near-Road,22,92,42602,Nitrogen dioxide (NO2),200,40380,"Rochester, NY",36,New York,55,Monroe,43.14501268,-77.55728026
10/03/2015,AQS,1,7.6,ppb,7,Rochester Near-Road,24,100,42602,Nitrogen dioxide (NO2),200,40380,"Rochester, NY",36,New York,55,Monroe,43.14501268,-77.55728026
10/04/2015,AQS,1,18.3,ppb,17,Rochester Near-Road,24,100,42602,Nitrogen dioxide (NO2),200,40380,"Rochester, NY",36,New York,55,Monroe,43.14501268,-77.55728026
10/05/2015,AQS,1,17.5,ppb,16,Rochester Near-Road,24,100,42602,Nitrogen dioxide (NO2),200,40380,"Rochester, NY",36,New York,55,Monroe,43.14501268,-77.55728026
10/06/2015,AQS,1,22,ppb,21,Rochester Near-Road,24,100,42602,Nitrogen dioxide (NO2),200,40380,"Rochester, NY",36,New York,55,Monroe,43.14501268,-77.55728026
10/07/2015,AQS,1,21.3,ppb,20,Rochester Near-Road,24,100,42602,Nitrogen dioxide (NO2),200,40380,"Rochester, NY",36,New York,55,Monroe,43.14501268,-77.55728026
10/08/2015,AQS,1,13.3,ppb,12,Rochester Near-Road,24,100,42602,Nitrogen dioxide (NO2),200,40380,"Rochester, NY",36,New York,55,Monroe,43.14501268,-77.55728026
10/09/2015,AQS,1,19,ppb,18,Rochester Near-Road,22,92,42602,Nitrogen dioxide (NO2),200,40380,"Rochester, NY",36,New York,55,Monroe,43.14501268,-77.55728026
10/10/2015,AQS,1,17.7,ppb,16,Rochester Near-Road,24,100,42602,Nitrogen dioxide (NO2),200,40380,"Rochester, NY",36,New York,55,Monroe,43.14501268,-77.55728026
10/11/2015,AQS,1,19.5,ppb,18,Rochester Near-Road,24,100,42602,Nitrogen dioxide (NO2),200,40380,"Rochester, NY",36,New York,55,Monroe,43.14501268,-77.55728026
10/12/2015,AQS,1,31,ppb,29,Rochester Near-Road,24,100,42602,Nitrogen dioxide (NO2),200,40380,"Rochester, NY",36,New York,55,Monroe,43.14501268,-77.55728026
10/13/2015,AQS,1,13.6,ppb,12,Rochester Near-Road,24,100,42602,Nitrogen dioxide (NO2),200,40380,"Rochester, NY",36,New York,55,Monroe,43.14501268,-77.55728026
10/14/2015,AQS,1,18.9,ppb,17,Rochester Near-Road,24,100,42602,Nitrogen dioxide (NO2),200,40380,"Rochester, NY",36,New York,55,Monroe,43.14501268,-77.55728026
10/15/2015,AQS,1,18.9,ppb,17,Rochester Near-Road,24,100,42602,Nitrogen dioxide (NO2),200,40380,"Rochester, NY",36,New York,55,Monroe,43.14501268,-77.55728026
10/16/2015,AQS,1,17.8,ppb,16,Rochester Near-Road,18,75,42602,Nitrogen dioxide (NO2),200,40380,"Rochester, NY",36,New York,55,Monroe,43.14501268,-77.55728026
10/17/2015,AQS,1,12.6,ppb,11,Rochester Near-Road,24,100,42602,Nitrogen dioxide (NO2),200,40380,"Rochester, NY",36,New York,55,Monroe,43.14501268,-77.55728026
10/18/2015,AQS,1,13.1,ppb,12,Rochester Near-Road,24,100,42602,Nitrogen dioxide (NO2),200,40380,"Rochester, NY",36,New York,55,Monroe,43.14501268,-77.55728026
10/19/2015,AQS,1,21.7,ppb,20,Rochester Near-Road,24,100,42602,Nitrogen dioxide (NO2),200,40380,"Rochester, NY",36,New York,55,Monroe,43.14501268,-77.55728026
10/20/2015,AQS,1,17.5,ppb,16,Rochester Near-Road,24,100,42602,Nitrogen dioxide (NO2),200,40380,"Rochester, NY",36,New York,55,Monroe,43.14501268,-77.55728026
10/21/2015,AQS,1,25.1,ppb,24,Rochester Near-Road,24,100,42602,Nitrogen dioxide (NO2),200,40380,"Rochester, NY",36,New York,55,Monroe,43.14501268,-77.55728026
10/22/2015,AQS,1,27.6,ppb,25,Rochester Near-Road,24,100,42602,Nitrogen dioxide (NO2),200,40380,"Rochester, NY",36,New York,55,Monroe,43.14501268,-77.55728026
10/23/2015,AQS,1,33.8,ppb,31,Rochester Near-Road,22,92,42602,Nitrogen dioxide (NO2),200,40380,"Rochester, NY",36,New York,55,Monroe,43.14501268,-77.55728026
10/24/2015,AQS,1,15.4,ppb,14,Rochester Near-Road,24,100,42602,Nitrogen dioxide (NO2),200,40380,"Rochester, NY",36,New York,55,Monroe,43.14501268,-77.55728026
10/25/2015,AQS,1,15.2,ppb,14,Rochester Near-Road,24,100,42602,Nitrogen dioxide (NO2),200,40380,"Rochester, NY",36,New York,55,Monroe,43.14501268,-77.55728026
10/26/2015,AQS,1,27.7,ppb,25,Rochester Near-Road,24,100,42602,Nitrogen dioxide (NO2),200,40380,"Rochester, NY",36,New York,55,Monroe,43.14501268,-77.55728026
10/27/2015,AQS,1,22.4,ppb,21,Rochester Near-Road,24,100,42602,Nitrogen dioxide (NO2),200,40380,"Rochester, NY",36,New York,55,Monroe,43.14501268,-77.55728026
10/28/2015,AQS,1,11.8,ppb,10,Rochester Near-Road,24,100,42602,Nitrogen dioxide (NO2),200,40380,"Rochester, NY",36,New York,55,Monroe,43.14501268,-77.55728026
10/29/2015,AQS,1,18.3,ppb,17,Rochester Near-Road,24,100,42602,Nitrogen dioxide (NO2),200,40380,"Rochester, NY",36,New York,55,Monroe,43.14501268,-77.55728026
10/30/2015,AQS,1,27.5,ppb,25,Rochester Near-Road,20,83,42602,Nitrogen dioxide (NO2),200,40380,"Rochester, NY",36,New York,55,Monroe,43.14501268,-77.55728026
10/31/2015,AQS,1,16.3,ppb,15,Rochester Near-Road,24,100,42602,Nitrogen dioxide (NO2),200,40380,"Rochester, NY",36,New York,55,Monroe,43.14501268,-77.55728026
11/01/2015,AQS,1,12.1,ppb,11,Rochester Near-Road,24,100,42602,Nitrogen dioxide (NO2),200,40380,"Rochester, NY",36,New York,55,Monroe,43.14501268,-77.55728026
11/02/2015,AQS,1,22.3,ppb,21,Rochester Near-Road,24,100,42602,Nitrogen dioxide (NO2),200,40380,"Rochester, NY",36,New York,55,Monroe,43.14501268,-77.55728026
11/03/2015,AQS,1,45.1,ppb,42,Rochester Near-Road,24,100,42602,Nitrogen dioxide (NO2),200,40380,"Rochester, NY",36,New York,55,Monroe,43.14501268,-77.55728026
11/04/2015,AQS,1,39.2,ppb,37,Rochester Near-Road,21,88,42602,Nitrogen dioxide (NO2),200,40380,"Rochester, NY",36,New York,55,Monroe,43.14501268,-77.55728026
11/05/2015,AQS,1,32.2,ppb,30,Rochester Near-Road,18,75,42602,Nitrogen dioxide (NO2),200,40380,"Rochester, NY",36,New York,55,Monroe,43.14501268,-77.55728026
11/06/2015,AQS,1,15.9,ppb,14,Rochester Near-Road,24,100,42602,Nitrogen dioxide (NO2),200,40380,"Rochester, NY",36,New York,55,Monroe,43.14501268,-77.55728026
11/07/2015,AQS,1,12.4,ppb,11,Rochester Near-Road,24,100,42602,Nitrogen dioxide (NO2),200,40380,"Rochester, NY",36,New York,55,Monroe,43.14501268,-77.55728026
11/08/2015,AQS,1,20.5,ppb,19,Rochester Near-Road,24,100,42602,Nitrogen dioxide (NO2),200,40380,"Rochester, NY",36,New York,55,Monroe,43.14501268,-77.55728026
11/09/2015,AQS,1,28.8,ppb,26,Rochester Near-Road,24,100,42602,Nitrogen dioxide (NO2),200,40380,"Rochester, NY",36,New York,55,Monroe,43.14501268,-77.55728026
11/10/2015,AQS,1,25.7,ppb,24,Rochester Near-Road,24,100,42602,Nitrogen dioxide (NO2),200,40380,"Rochester, NY",36,New York,55,Monroe,43.14501268,-77.55728026
11/11/2015,AQS,1,20.4,ppb,19,Rochester Near-Road,24,100,42602,Nitrogen dioxide (NO2),200,40380,"Rochester, NY",36,New York,55,Monroe,43.14501268,-77.55728026
11/12/2015,AQS,1,20,ppb,19,Rochester Near-Road,24,100,42602,Nitrogen dioxide (NO2),200,40380,"Rochester, NY",36,New York,55,Monroe,43.14501268,-77.55728026
11/13/2015,AQS,1,15.3,ppb,14,Rochester Near-Road,22,92,42602,Nitrogen dioxide (NO2),200,40380,"Rochester, NY",36,New York,55,Monroe,43.14501268,-77.55728026
11/14/2015,AQS,1,11.9,ppb,10,Rochester Near-Road,24,100,42602,Nitrogen dioxide (NO2),200,40380,"Rochester, NY",36,New York,55,Monroe,43.14501268,-77.55728026
11/15/2015,AQS,1,20.1,ppb,19,Rochester Near-Road,24,100,42602,Nitrogen dioxide (NO2),200,40380,"Rochester, NY",36,New York,55,Monroe,43.14501268,-77.55728026
11/16/2015,AQS,1,32.7,ppb,30,Rochester Near-Road,24,100,42602,Nitrogen dioxide (NO2),200,40380,"Rochester, NY",36,New York,55,Monroe,43.14501268,-77.55728026
11/17/2015,AQS,1,29.8,ppb,27,Rochester Near-Road,24,100,42602,Nitrogen dioxide (NO2),200,40380,"Rochester, NY",36,New York,55,Monroe,43.14501268,-77.55728026
11/18/2015,AQS,1,15.5,ppb,14,Rochester Near-Road,24,100,42602,Nitrogen dioxide (NO2),200,40380,"Rochester, NY",36,New York,55,Monroe,43.14501268,-77.55728026
11/19/2015,AQS,1,20.9,ppb,19,Rochester Near-Road,22,92,42602,Nitrogen dioxide (NO2),200,40380,"Rochester, NY",36,New York,55,Monroe,43.14501268,-77.55728026
11/20/2015,AQS,1,29.4,ppb,27,Rochester Near-Road,22,92,42602,Nitrogen dioxide (NO2),200,40380,"Rochester, NY",36,New York,55,Monroe,43.14501268,-77.55728026
11/21/2015,AQS,1,26.4,ppb,25,Rochester Near-Road,24,100,42602,Nitrogen dioxide (NO2),200,40380,"Rochester, NY",36,New York,55,Monroe,43.14501268,-77.55728026
11/22/2015,AQS,1,12.5,ppb,11,Rochester Near-Road,24,100,42602,Nitrogen dioxide (NO2),200,40380,"Rochester, NY",36,New York,55,Monroe,43.14501268,-77.55728026
11/23/2015,AQS,1,38,ppb,36,Rochester Near-Road,24,100,42602,Nitrogen dioxide (NO2),200,40380,"Rochester, NY",36,New York,55,Monroe,43.14501268,-77.55728026
11/24/2015,AQS,1,27.7,ppb,25,Rochester Near-Road,24,100,42602,Nitrogen dioxide (NO2),200,40380,"Rochester, NY",36,New York,55,Monroe,43.14501268,-77.55728026
11/25/2015,AQS,1,25.7,ppb,24,Rochester Near-Road,24,100,42602,Nitrogen dioxide (NO2),200,40380,"Rochester, NY",36,New York,55,Monroe,43.14501268,-77.55728026
11/26/2015,AQS,1,9.1,ppb,8,Rochester Near-Road,24,100,42602,Nitrogen dioxide (NO2),200,40380,"Rochester, NY",36,New York,55,Monroe,43.14501268,-77.55728026
11/27/2015,AQS,1,8.8,ppb,8,Rochester Near-Road,22,92,42602,Nitrogen dioxide (NO2),200,40380,"Rochester, NY",36,New York,55,Monroe,43.14501268,-77.55728026
11/28/2015,AQS,1,12.2,ppb,11,Rochester Near-Road,24,100,42602,Nitrogen dioxide (NO2),200,40380,"Rochester, NY",36,New York,55,Monroe,43.14501268,-77.55728026
11/29/2015,AQS,1,13.8,ppb,12,Rochester Near-Road,24,100,42602,Nitrogen dioxide (NO2),200,40380,"Rochester, NY",36,New York,55,Monroe,43.14501268,-77.55728026
11/30/2015,AQS,1,22.7,ppb,21,Rochester Near-Road,24,100,42602,Nitrogen dioxide (NO2),200,40380,"Rochester, NY",36,New York,55,Monroe,43.14501268,-77.55728026
12/01/2015,AQS,1,19.9,ppb,18,Rochester Near-Road,24,100,42602,Nitrogen dioxide (NO2),200,40380,"Rochester, NY",36,New York,55,Monroe,43.14501268,-77.55728026
12/02/2015,AQS,1,20.6,ppb,19,Rochester Near-Road,24,100,42602,Nitrogen dioxide (NO2),200,40380,"Rochester, NY",36,New York,55,Monroe,43.14501268,-77.55728026
12/03/2015,AQS,1,23.8,ppb,22,Rochester Near-Road,24,100,42602,Nitrogen dioxide (NO2),200,40380,"Rochester, NY",36,New York,55,Monroe,43.14501268,-77.55728026
12/04/2015,AQS,1,22.6,ppb,21,Rochester Near-Road,21,88,42602,Nitrogen dioxide (NO2),200,40380,"Rochester, NY",36,New York,55,Monroe,43.14501268,-77.55728026
12/05/2015,AQS,1,26.1,ppb,25,Rochester Near-Road,24,100,42602,Nitrogen dioxide (NO2),200,40380,"Rochester, NY",36,New York,55,Monroe,43.14501268,-77.55728026
12/06/2015,AQS,1,30.9,ppb,28,Rochester Near-Road,24,100,42602,Nitrogen dioxide (NO2),200,40380,"Rochester, NY",36,New York,55,Monroe,43.14501268,-77.55728026
12/07/2015,AQS,1,27,ppb,25,Rochester Near-Road,24,100,42602,Nitrogen dioxide (NO2),200,40380,"Rochester, NY",36,New York,55,Monroe,43.14501268,-77.55728026
12/08/2015,AQS,1,38.9,ppb,36,Rochester Near-Road,24,100,42602,Nitrogen dioxide (NO2),200,40380,"Rochester, NY",36,New York,55,Monroe,43.14501268,-77.55728026
12/09/2015,AQS,1,27.9,ppb,25,Rochester Near-Road,24,100,42602,Nitrogen dioxide (NO2),200,40380,"Rochester, NY",36,New York,55,Monroe,43.14501268,-77.55728026
12/10/2015,AQS,1,27.4,ppb,25,Rochester Near-Road,24,100,42602,Nitrogen dioxide (NO2),200,40380,"Rochester, NY",36,New York,55,Monroe,43.14501268,-77.55728026
12/11/2015,AQS,1,20.3,ppb,19,Rochester Near-Road,22,92,42602,Nitrogen dioxide (NO2),200,40380,"Rochester, NY",36,New York,55,Monroe,43.14501268,-77.55728026
12/12/2015,AQS,1,22,ppb,21,Rochester Near-Road,24,100,42602,Nitrogen dioxide (NO2),200,40380,"Rochester, NY",36,New York,55,Monroe,43.14501268,-77.55728026
12/13/2015,AQS,1,13.4,ppb,12,Rochester Near-Road,24,100,42602,Nitrogen dioxide (NO2),200,40380,"Rochester, NY",36,New York,55,Monroe,43.14501268,-77.55728026
12/14/2015,AQS,1,23.1,ppb,22,Rochester Near-Road,24,100,42602,Nitrogen dioxide (NO2),200,40380,"Rochester, NY",36,New York,55,Monroe,43.14501268,-77.55728026
12/15/2015,AQS,1,8.7,ppb,8,Rochester Near-Road,24,100,42602,Nitrogen dioxide (NO2),200,40380,"Rochester, NY",36,New York,55,Monroe,43.14501268,-77.55728026
12/16/2015,AQS,1,13.9,ppb,12,Rochester Near-Road,24,100,42602,Nitrogen dioxide (NO2),200,40380,"Rochester, NY",36,New York,55,Monroe,43.14501268,-77.55728026
12/17/2015,AQS,1,21.4,ppb,20,Rochester Near-Road,24,100,42602,Nitrogen dioxide (NO2),200,40380,"Rochester, NY",36,New York,55,Monroe,43.14501268,-77.55728026
12/18/2015,AQS,1,19.5,ppb,18,Rochester Near-Road,24,100,42602,Nitrogen dioxide (NO2),200,40380,"Rochester, NY",36,New York,55,Monroe,43.14501268,-77.55728026
12/19/2015,AQS,1,7.1,ppb,7,Rochester Near-Road,21,88,42602,Nitrogen dioxide (NO2),200,40380,"Rochester, NY",36,New York,55,Monroe,43.14501268,-77.55728026
12/20/2015,AQS,1,20,ppb,19,Rochester Near-Road,24,100,42602,Nitrogen dioxide (NO2),200,40380,"Rochester, NY",36,New York,55,Monroe,43.14501268,-77.55728026
12/21/2015,AQS,1,19.1,ppb,18,Rochester Near-Road,24,100,42602,Nitrogen dioxide (NO2),200,40380,"Rochester, NY",36,New York,55,Monroe,43.14501268,-77.55728026
12/22/2015,AQS,1,22.5,ppb,21,Rochester Near-Road,24,100,42602,Nitrogen dioxide (NO2),200,40380,"Rochester, NY",36,New York,55,Monroe,43.14501268,-77.55728026
12/23/2015,AQS,1,19.3,ppb,18,Rochester Near-Road,22,92,42602,Nitrogen dioxide (NO2),200,40380,"Rochester, NY",36,New York,55,Monroe,43.14501268,-77.55728026
12/24/2015,AQS,1,15.6,ppb,14,Rochester Near-Road,24,100,42602,Nitrogen dioxide (NO2),200,40380,"Rochester, NY",36,New York,55,Monroe,43.14501268,-77.55728026
12/25/2015,AQS,1,21.6,ppb,20,Rochester Near-Road,24,100,42602,Nitrogen dioxide (NO2),200,40380,"Rochester, NY",36,New York,55,Monroe,43.14501268,-77.55728026
12/26/2015,AQS,1,23.2,ppb,22,Rochester Near-Road,24,100,42602,Nitrogen dioxide (NO2),200,40380,"Rochester, NY",36,New York,55,Monroe,43.14501268,-77.55728026
12/27/2015,AQS,1,12.9,ppb,11,Rochester Near-Road,24,100,42602,Nitrogen dioxide (NO2),200,40380,"Rochester, NY",36,New York,55,Monroe,43.14501268,-77.55728026
12/28/2015,AQS,1,7.7,ppb,7,Rochester Near-Road,24,100,42602,Nitrogen dioxide (NO2),200,40380,"Rochester, NY",36,New York,55,Monroe,43.14501268,-77.55728026
12/29/2015,AQS,1,24.2,ppb,23,Rochester Near-Road,24,100,42602,Nitrogen dioxide (NO2),200,40380,"Rochester, NY",36,New York,55,Monroe,43.14501268,-77.55728026
12/30/2015,AQS,1,23.6,ppb,22,Rochester Near-Road,24,100,42602,Nitrogen dioxide (NO2),200,40380,"Rochester, NY",36,New York,55,Monroe,43.14501268,-77.55728026
12/31/2015,AQS,1,13.9,ppb,12,Rochester Near-Road,22,92,42602,Nitrogen dioxide (NO2),200,40380,"Rochester, NY",36,New York,55,Monroe,43.14501268,-77.55728026
01/01/2016,AQS,1,9.9,ppb,8,Rochester Near-Road,24,100,42602,Nitrogen dioxide (NO2),200,40380,"Rochester, NY",36,New York,55,Monroe,43.14501268,-77.55728026
01/02/2016,AQS,1,10.6,ppb,9,Rochester Near-Road,24,100,42602,Nitrogen dioxide (NO2),200,40380,"Rochester, NY",36,New York,55,Monroe,43.14501268,-77.55728026
01/03/2016,AQS,1,7.3,ppb,7,Rochester Near-Road,24,100,42602,Nitrogen dioxide (NO2),200,40380,"Rochester, NY",36,New York,55,Monroe,43.14501268,-77.55728026
01/04/2016,AQS,1,6.8,ppb,6,Rochester Near-Road,24,100,42602,Nitrogen dioxide (NO2),200,40380,"Rochester, NY",36,New York,55,Monroe,43.14501268,-77.55728026
01/05/2016,AQS,1,33.1,ppb,31,Rochester Near-Road,24,100,42602,Nitrogen dioxide (NO2),200,40380,"Rochester, NY",36,New York,55,Monroe,43.14501268,-77.55728026
01/06/2016,AQS,1,40.9,ppb,38,Rochester Near-Road,24,100,42602,Nitrogen dioxide (NO2),200,40380,"Rochester, NY",36,New York,55,Monroe,43.14501268,-77.55728026
01/07/2016,AQS,1,34.6,ppb,32,Rochester Near-Road,21,88,42602,Nitrogen dioxide (NO2),200,40380,"Rochester, NY",36,New York,55,Monroe,43.14501268,-77.55728026
01/08/2016,AQS,1,29.7,ppb,27,Rochester Near-Road,24,100,42602,Nitrogen dioxide (NO2),200,40380,"Rochester, NY",36,New York,55,Monroe,43.14501268,-77.55728026
01/09/2016,AQS,1,16.3,ppb,15,Rochester Near-Road,24,100,42602,Nitrogen dioxide (NO2),200,40380,"Rochester, NY",36,New York,55,Monroe,43.14501268,-77.55728026
01/10/2016,AQS,1,9.8,ppb,8,Rochester Near-Road,24,100,42602,Nitrogen dioxide (NO2),200,40380,"Rochester, NY",36,New York,55,Monroe,43.14501268,-77.55728026
01/11/2016,AQS,1,13.6,ppb,12,Rochester Near-Road,24,100,42602,Nitrogen dioxide (NO2),200,40380,"Rochester, NY",36,New York,55,Monroe,43.14501268,-77.55728026
01/12/2016,AQS,1,18.5,ppb,17,Rochester Near-Road,24,100,42602,Nitrogen dioxide (NO2),200,40380,"Rochester, NY",36,New York,55,Monroe,43.14501268,-77.55728026
01/13/2016,AQS,1,16.6,ppb,15,Rochester Near-Road,24,100,42602,Nitrogen dioxide (NO2),200,40380,"Rochester, NY",36,New York,55,Monroe,43.14501268,-77.55728026
01/14/2016,AQS,1,22.2,ppb,21,Rochester Near-Road,22,92,42602,Nitrogen dioxide (NO2),200,40380,"Rochester, NY",36,New York,55,Monroe,43.14501268,-77.55728026
01/15/2016,AQS,1,33,ppb,31,Rochester Near-Road,24,100,42602,Nitrogen dioxide (NO2),200,40380,"Rochester, NY",36,New York,55,Monroe,43.14501268,-77.55728026
01/16/2016,AQS,1,26,ppb,25,Rochester Near-Road,24,100,42602,Nitrogen dioxide (NO2),200,40380,"Rochester, NY",36,New York,55,Monroe,43.14501268,-77.55728026
01/17/2016,AQS,1,10.1,ppb,9,Rochester Near-Road,24,100,42602,Nitrogen dioxide (NO2),200,40380,"Rochester, NY",36,New York,55,Monroe,43.14501268,-77.55728026
01/18/2016,AQS,1,15.3,ppb,14,Rochester Near-Road,24,100,42602,Nitrogen dioxide (NO2),200,40380,"Rochester, NY",36,New York,55,Monroe,43.14501268,-77.55728026
01/19/2016,AQS,1,15.6,ppb,14,Rochester Near-Road,24,100,42602,Nitrogen dioxide (NO2),200,40380,"Rochester, NY",36,New York,55,Monroe,43.14501268,-77.55728026
01/20/2016,AQS,1,26.3,ppb,25,Rochester Near-Road,24,100,42602,Nitrogen dioxide (NO2),200,40380,"Rochester, NY",36,New York,55,Monroe,43.14501268,-77.55728026
01/21/2016,AQS,1,40.7,ppb,38,Rochester Near-Road,24,100,42602,Nitrogen dioxide (NO2),200,40380,"Rochester, NY",36,New York,55,Monroe,43.14501268,-77.55728026
01/22/2016,AQS,1,40.3,ppb,38,Rochester Near-Road,22,92,42602,Nitrogen dioxide (NO2),200,40380,"Rochester, NY",36,New York,55,Monroe,43.14501268,-77.55728026
01/23/2016,AQS,1,34,ppb,32,Rochester Near-Road,24,100,42602,Nitrogen dioxide (NO2),200,40380,"Rochester, NY",36,New York,55,Monroe,43.14501268,-77.55728026
01/24/2016,AQS,1,21.1,ppb,20,Rochester Near-Road,24,100,42602,Nitrogen dioxide (NO2),200,40380,"Rochester, NY",36,New York,55,Monroe,43.14501268,-77.55728026
01/25/2016,AQS,1,25.6,ppb,24,Rochester Near-Road,23,96,42602,Nitrogen dioxide (NO2),200,40380,"Rochester, NY",36,New York,55,Monroe,43.14501268,-77.55728026
01/26/2016,AQS,1,14.2,ppb,13,Rochester Near-Road,24,100,42602,Nitrogen dioxide (NO2),200,40380,"Rochester, NY",36,New York,55,Monroe,43.14501268,-77.55728026
01/27/2016,AQS,1,25.1,ppb,24,Rochester Near-Road,24,100,42602,Nitrogen dioxide (NO2),200,40380,"Rochester, NY",36,New York,55,Monroe,43.14501268,-77.55728026
01/28/2016,AQS,1,24.1,ppb,23,Rochester Near-Road,24,100,42602,Nitrogen dioxide (NO2),200,40380,"Rochester, NY",36,New York,55,Monroe,43.14501268,-77.55728026
01/29/2016,AQS,1,12.8,ppb,11,Rochester Near-Road,24,100,42602,Nitrogen dioxide (NO2),200,40380,"Rochester, NY",36,New York,55,Monroe,43.14501268,-77.55728026
01/30/2016,AQS,1,33.1,ppb,31,Rochester Near-Road,24,100,42602,Nitrogen dioxide (NO2),200,40380,"Rochester, NY",36,New York,55,Monroe,43.14501268,-77.55728026
01/31/2016,AQS,1,31.7,ppb,29,Rochester Near-Road,24,100,42602,Nitrogen dioxide (NO2),200,40380,"Rochester, NY",36,New York,55,Monroe,43.14501268,-77.55728026
02/01/2016,AQS,1,19.2,ppb,18,Rochester Near-Road,24,100,42602,Nitrogen dioxide (NO2),200,40380,"Rochester, NY",36,New York,55,Monroe,43.14501268,-77.55728026
02/02/2016,AQS,1,21.9,ppb,20,Rochester Near-Road,24,100,42602,Nitrogen dioxide (NO2),200,40380,"Rochester, NY",36,New York,55,Monroe,43.14501268,-77.55728026
02/03/2016,AQS,1,10.6,ppb,9,Rochester Near-Road,24,100,42602,Nitrogen dioxide (NO2),200,40380,"Rochester, NY",36,New York,55,Monroe,43.14501268,-77.55728026
02/04/2016,AQS,1,14,ppb,13,Rochester Near-Road,24,100,42602,Nitrogen dioxide (NO2),200,40380,"Rochester, NY",36,New York,55,Monroe,43.14501268,-77.55728026
02/05/2016,AQS,1,16.5,ppb,15,Rochester Near-Road,22,92,42602,Nitrogen dioxide (NO2),200,40380,"Rochester, NY",36,New York,55,Monroe,43.14501268,-77.55728026
02/06/2016,AQS,1,17.1,ppb,16,Rochester Near-Road,24,100,42602,Nitrogen dioxide (NO2),200,40380,"Rochester, NY",36,New York,55,Monroe,43.14501268,-77.55728026
02/07/2016,AQS,1,22.3,ppb,21,Rochester Near-Road,24,100,42602,Nitrogen dioxide (NO2),200,40380,"Rochester, NY",36,New York,55,Monroe,43.14501268,-77.55728026
02/08/2016,AQS,1,18.5,ppb,17,Rochester Near-Road,22,92,42602,Nitrogen dioxide (NO2),200,40380,"Rochester, NY",36,New York,55,Monroe,43.14501268,-77.55728026
02/09/2016,AQS,1,23.9,ppb,22,Rochester Near-Road,24,100,42602,Nitrogen dioxide (NO2),200,40380,"Rochester, NY",36,New York,55,Monroe,43.14501268,-77.55728026
02/10/2016,AQS,1,13,ppb,12,Rochester Near-Road,24,100,42602,Nitrogen dioxide (NO2),200,40380,"Rochester, NY",36,New York,55,Monroe,43.14501268,-77.55728026
02/11/2016,AQS,1,17.5,ppb,16,Rochester Near-Road,24,100,42602,Nitrogen dioxide (NO2),200,40380,"Rochester, NY",36,New York,55,Monroe,43.14501268,-77.55728026
02/12/2016,AQS,1,16.6,ppb,15,Rochester Near-Road,24,100,42602,Nitrogen dioxide (NO2),200,40380,"Rochester, NY",36,New York,55,Monroe,43.14501268,-77.55728026
02/13/2016,AQS,1,11.7,ppb,10,Rochester Near-Road,24,100,42602,Nitrogen dioxide (NO2),200,40380,"Rochester, NY",36,New York,55,Monroe,43.14501268,-77.55728026
02/14/2016,AQS,1,24.2,ppb,23,Rochester Near-Road,24,100,42602,Nitrogen dioxide (NO2),200,40380,"Rochester, NY",36,New York,55,Monroe,43.14501268,-77.55728026
02/15/2016,AQS,1,21.5,ppb,20,Rochester Near-Road,24,100,42602,Nitrogen dioxide (NO2),200,40380,"Rochester, NY",36,New York,55,Monroe,43.14501268,-77.55728026
03/02/2016,AQS,1,11.3,ppb,10,Rochester Near-Road,19,79,42602,Nitrogen dioxide (NO2),574,40380,"Rochester, NY",36,New York,55,Monroe,43.14501268,-77.55728026
03/04/2016,AQS,1,26.7,ppb,25,Rochester Near-Road,24,100,42602,Nitrogen dioxide (NO2),574,40380,"Rochester, NY",36,New York,55,Monroe,43.14501268,-77.55728026
03/05/2016,AQS,1,37.5,ppb,35,Rochester Near-Road,24,100,42602,Nitrogen dioxide (NO2),574,40380,"Rochester, NY",36,New York,55,Monroe,43.14501268,-77.55728026
03/06/2016,AQS,1,32.8,ppb,30,Rochester Near-Road,24,100,42602,Nitrogen dioxide (NO2),574,40380,"Rochester, NY",36,New York,55,Monroe,43.14501268,-77.55728026
03/07/2016,AQS,1,38,ppb,36,Rochester Near-Road,24,100,42602,Nitrogen dioxide (NO2),574,40380,"Rochester, NY",36,New York,55,Monroe,43.14501268,-77.55728026
03/08/2016,AQS,1,41,ppb,39,Rochester Near-Road,24,100,42602,Nitrogen dioxide (NO2),574,40380,"Rochester, NY",36,New York,55,Monroe,43.14501268,-77.55728026
03/09/2016,AQS,1,26.8,ppb,25,Rochester Near-Road,24,100,42602,Nitrogen dioxide (NO2),574,40380,"Rochester, NY",36,New York,55,Monroe,43.14501268,-77.55728026
03/10/2016,AQS,1,22.4,ppb,21,Rochester Near-Road,24,100,42602,Nitrogen dioxide (NO2),574,40380,"Rochester, NY",36,New York,55,Monroe,43.14501268,-77.55728026
03/11/2016,AQS,1,25.6,ppb,24,Rochester Near-Road,22,92,42602,Nitrogen dioxide (NO2),574,40380,"Rochester, NY",36,New York,55,Monroe,43.14501268,-77.55728026
03/12/2016,AQS,1,22.1,ppb,21,Rochester Near-Road,24,100,42602,Nitrogen dioxide (NO2),574,40380,"Rochester, NY",36,New York,55,Monroe,43.14501268,-77.55728026
03/13/2016,AQS,1,22.2,ppb,21,Rochester Near-Road,24,100,42602,Nitrogen dioxide (NO2),574,40380,"Rochester, NY",36,New York,55,Monroe,43.14501268,-77.55728026
03/14/2016,AQS,1,10.1,ppb,9,Rochester Near-Road,24,100,42602,Nitrogen dioxide (NO2),574,40380,"Rochester, NY",36,New York,55,Monroe,43.14501268,-77.55728026
03/15/2016,AQS,1,21.4,ppb,20,Rochester Near-Road,24,100,42602,Nitrogen dioxide (NO2),574,40380,"Rochester, NY",36,New York,55,Monroe,43.14501268,-77.55728026
03/16/2016,AQS,1,22.4,ppb,21,Rochester Near-Road,24,100,42602,Nitrogen dioxide (NO2),574,40380,"Rochester, NY",36,New York,55,Monroe,43.14501268,-77.55728026
03/17/2016,AQS,1,17.3,ppb,16,Rochester Near-Road,24,100,42602,Nitrogen dioxide (NO2),574,40380,"Rochester, NY",36,New York,55,Monroe,43.14501268,-77.55728026
03/18/2016,AQS,1,15.9,ppb,14,Rochester Near-Road,22,92,42602,Nitrogen dioxide (NO2),574,40380,"Rochester, NY",36,New York,55,Monroe,43.14501268,-77.55728026
03/19/2016,AQS,1,33.6,ppb,31,Rochester Near-Road,24,100,42602,Nitrogen dioxide (NO2),574,40380,"Rochester, NY",36,New York,55,Monroe,43.14501268,-77.55728026
03/20/2016,AQS,1,34.3,ppb,32,Rochester Near-Road,24,100,42602,Nitrogen dioxide (NO2),574,40380,"Rochester, NY",36,New York,55,Monroe,43.14501268,-77.55728026
03/21/2016,AQS,1,28.8,ppb,26,Rochester Near-Road,24,100,42602,Nitrogen dioxide (NO2),574,40380,"Rochester, NY",36,New York,55,Monroe,43.14501268,-77.55728026
03/22/2016,AQS,1,26.2,ppb,25,Rochester Near-Road,24,100,42602,Nitrogen dioxide (NO2),574,40380,"Rochester, NY",36,New York,55,Monroe,43.14501268,-77.55728026
03/23/2016,AQS,1,31.9,ppb,29,Rochester Near-Road,24,100,42602,Nitrogen dioxide (NO2),574,40380,"Rochester, NY",36,New York,55,Monroe,43.14501268,-77.55728026
03/24/2016,AQS,1,12.9,ppb,11,Rochester Near-Road,24,100,42602,Nitrogen dioxide (NO2),574,40380,"Rochester, NY",36,New York,55,Monroe,43.14501268,-77.55728026
03/25/2016,AQS,1,16.8,ppb,15,Rochester Near-Road,21,88,42602,Nitrogen dioxide (NO2),574,40380,"Rochester, NY",36,New York,55,Monroe,43.14501268,-77.55728026
03/26/2016,AQS,1,28.6,ppb,26,Rochester Near-Road,24,100,42602,Nitrogen dioxide (NO2),574,40380,"Rochester, NY",36,New York,55,Monroe,43.14501268,-77.55728026
03/27/2016,AQS,1,28.5,ppb,26,Rochester Near-Road,24,100,42602,Nitrogen dioxide (NO2),574,40380,"Rochester, NY",36,New York,55,Monroe,43.14501268,-77.55728026
03/28/2016,AQS,1,12.6,ppb,11,Rochester Near-Road,24,100,42602,Nitrogen dioxide (NO2),574,40380,"Rochester, NY",36,New York,55,Monroe,43.14501268,-77.55728026
03/29/2016,AQS,1,21.5,ppb,20,Rochester Near-Road,24,100,42602,Nitrogen dioxide (NO2),574,40380,"Rochester, NY",36,New York,55,Monroe,43.14501268,-77.55728026
03/30/2016,AQS,1,32.8,ppb,30,Rochester Near-Road,24,100,42602,Nitrogen dioxide (NO2),574,40380,"Rochester, NY",36,New York,55,Monroe,43.14501268,-77.55728026
03/31/2016,AQS,1,18,ppb,17,Rochester Near-Road,21,88,42602,Nitrogen dioxide (NO2),574,40380,"Rochester, NY",36,New York,55,Monroe,43.14501268,-77.55728026
04/01/2016,AQS,1,15.2,ppb,14,Rochester Near-Road,24,100,42602,Nitrogen dioxide (NO2),574,40380,"Rochester, NY",36,New York,55,Monroe,43.14501268,-77.55728026
04/02/2016,AQS,1,12.8,ppb,11,Rochester Near-Road,24,100,42602,Nitrogen dioxide (NO2),574,40380,"Rochester, NY",36,New York,55,Monroe,43.14501268,-77.55728026
04/03/2016,AQS,1,15.1,ppb,14,Rochester Near-Road,24,100,42602,Nitrogen dioxide (NO2),574,40380,"Rochester, NY",36,New York,55,Monroe,43.14501268,-77.55728026
04/04/2016,AQS,1,21.2,ppb,20,Rochester Near-Road,24,100,42602,Nitrogen dioxide (NO2),574,40380,"Rochester, NY",36,New York,55,Monroe,43.14501268,-77.55728026
04/05/2016,AQS,1,40.7,ppb,38,Rochester Near-Road,24,100,42602,Nitrogen dioxide (NO2),574,40380,"Rochester, NY",36,New York,55,Monroe,43.14501268,-77.55728026
04/06/2016,AQS,1,31,ppb,29,Rochester Near-Road,24,100,42602,Nitrogen dioxide (NO2),574,40380,"Rochester, NY",36,New York,55,Monroe,43.14501268,-77.55728026
04/07/2016,AQS,1,14.9,ppb,13,Rochester Near-Road,21,88,42602,Nitrogen dioxide (NO2),574,40380,"Rochester, NY",36,New York,55,Monroe,43.14501268,-77.55728026
04/08/2016,AQS,1,13.2,ppb,12,Rochester Near-Road,24,100,42602,Nitrogen dioxide (NO2),574,40380,"Rochester, NY",36,New York,55,Monroe,43.14501268,-77.55728026
04/09/2016,AQS,1,9.8,ppb,8,Rochester Near-Road,24,100,42602,Nitrogen dioxide (NO2),574,40380,"Rochester, NY",36,New York,55,Monroe,43.14501268,-77.55728026
04/10/2016,AQS,1,14.1,ppb,13,Rochester Near-Road,24,100,42602,Nitrogen dioxide (NO2),574,40380,"Rochester, NY",36,New York,55,Monroe,43.14501268,-77.55728026
04/11/2016,AQS,1,16.8,ppb,15,Rochester Near-Road,24,100,42602,Nitrogen dioxide (NO2),574,40380,"Rochester, NY",36,New York,55,Monroe,43.14501268,-77.55728026
04/12/2016,AQS,1,20.5,ppb,19,Rochester Near-Road,24,100,42602,Nitrogen dioxide (NO2),574,40380,"Rochester, NY",36,New York,55,Monroe,43.14501268,-77.55728026
04/13/2016,AQS,1,36.1,ppb,34,Rochester Near-Road,24,100,42602,Nitrogen dioxide (NO2),574,40380,"Rochester, NY",36,New York,55,Monroe,43.14501268,-77.55728026
04/14/2016,AQS,1,35.1,ppb,33,Rochester Near-Road,23,96,42602,Nitrogen dioxide (NO2),574,40380,"Rochester, NY",36,New York,55,Monroe,43.14501268,-77.55728026
04/15/2016,AQS,1,38.3,ppb,36,Rochester Near-Road,24,100,42602,Nitrogen dioxide (NO2),574,40380,"Rochester, NY",36,New York,55,Monroe,43.14501268,-77.55728026
04/16/2016,AQS,1,34.6,ppb,32,Rochester Near-Road,24,100,42602,Nitrogen dioxide (NO2),574,40380,"Rochester, NY",36,New York,55,Monroe,43.14501268,-77.55728026
04/17/2016,AQS,1,29.7,ppb,27,Rochester Near-Road,24,100,42602,Nitrogen dioxide (NO2),574,40380,"Rochester, NY",36,New York,55,Monroe,43.14501268,-77.55728026
04/18/2016,AQS,1,23.5,ppb,22,Rochester Near-Road,24,100,42602,Nitrogen dioxide (NO2),574,40380,"Rochester, NY",36,New York,55,Monroe,43.14501268,-77.55728026
04/19/2016,AQS,1,9.3,ppb,8,Rochester Near-Road,24,100,42602,Nitrogen dioxide (NO2),574,40380,"Rochester, NY",36,New York,55,Monroe,43.14501268,-77.55728026
04/20/2016,AQS,1,24.5,ppb,23,Rochester Near-Road,24,100,42602,Nitrogen dioxide (NO2),574,40380,"Rochester, NY",36,New York,55,Monroe,43.14501268,-77.55728026
04/21/2016,AQS,1,33.1,ppb,31,Rochester Near-Road,24,100,42602,Nitrogen dioxide (NO2),574,40380,"Rochester, NY",36,New York,55,Monroe,43.14501268,-77.55728026
04/22/2016,AQS,1,19.2,ppb,18,Rochester Near-Road,22,92,42602,Nitrogen dioxide (NO2),574,40380,"Rochester, NY",36,New York,55,Monroe,43.14501268,-77.55728026
04/23/2016,AQS,1,11.9,ppb,10,Rochester Near-Road,24,100,42602,Nitrogen dioxide (NO2),574,40380,"Rochester, NY",36,New York,55,Monroe,43.14501268,-77.55728026
04/24/2016,AQS,1,16,ppb,15,Rochester Near-Road,24,100,42602,Nitrogen dioxide (NO2),574,40380,"Rochester, NY",36,New York,55,Monroe,43.14501268,-77.55728026
04/25/2016,AQS,1,14,ppb,13,Rochester Near-Road,24,100,42602,Nitrogen dioxide (NO2),574,40380,"Rochester, NY",36,New York,55,Monroe,43.14501268,-77.55728026
04/26/2016,AQS,1,18.5,ppb,17,Rochester Near-Road,24,100,42602,Nitrogen dioxide (NO2),574,40380,"Rochester, NY",36,New York,55,Monroe,43.14501268,-77.55728026
04/27/2016,AQS,1,27,ppb,25,Rochester Near-Road,24,100,42602,Nitrogen dioxide (NO2),574,40380,"Rochester, NY",36,New York,55,Monroe,43.14501268,-77.55728026
04/28/2016,AQS,1,42.8,ppb,40,Rochester Near-Road,24,100,42602,Nitrogen dioxide (NO2),574,40380,"Rochester, NY",36,New York,55,Monroe,43.14501268,-77.55728026
04/29/2016,AQS,1,20.2,ppb,19,Rochester Near-Road,22,92,42602,Nitrogen dioxide (NO2),574,40380,"Rochester, NY",36,New York,55,Monroe,43.14501268,-77.55728026
04/30/2016,AQS,1,27.7,ppb,25,Rochester Near-Road,24,100,42602,Nitrogen dioxide (NO2),574,40380,"Rochester, NY",36,New York,55,Monroe,43.14501268,-77.55728026
05/01/2016,AQS,1,6.9,ppb,6,Rochester Near-Road,24,100,42602,Nitrogen dioxide (NO2),574,40380,"Rochester, NY",36,New York,55,Monroe,43.14501268,-77.55728026
05/02/2016,AQS,1,27,ppb,25,Rochester Near-Road,24,100,42602,Nitrogen dioxide (NO2),574,40380,"Rochester, NY",36,New York,55,Monroe,43.14501268,-77.55728026
05/03/2016,AQS,1,25,ppb,24,Rochester Near-Road,24,100,42602,Nitrogen dioxide (NO2),574,40380,"Rochester, NY",36,New York,55,Monroe,43.14501268,-77.55728026
05/04/2016,AQS,1,25.3,ppb,24,Rochester Near-Road,24,100,42602,Nitrogen dioxide (NO2),574,40380,"Rochester, NY",36,New York,55,Monroe,43.14501268,-77.55728026
05/05/2016,AQS,1,16.4,ppb,15,Rochester Near-Road,24,100,42602,Nitrogen dioxide (NO2),574,40380,"Rochester, NY",36,New York,55,Monroe,43.14501268,-77.55728026
05/06/2016,AQS,1,15,ppb,14,Rochester Near-Road,21,88,42602,Nitrogen dioxide (NO2),574,40380,"Rochester, NY",36,New York,55,Monroe,43.14501268,-77.55728026
05/07/2016,AQS,1,21.1,ppb,20,Rochester Near-Road,24,100,42602,Nitrogen dioxide (NO2),574,40380,"Rochester, NY",36,New York,55,Monroe,43.14501268,-77.55728026
05/08/2016,AQS,1,11.2,ppb,10,Rochester Near-Road,24,100,42602,Nitrogen dioxide (NO2),574,40380,"Rochester, NY",36,New York,55,Monroe,43.14501268,-77.55728026
05/09/2016,AQS,1,34.5,ppb,32,Rochester Near-Road,24,100,42602,Nitrogen dioxide (NO2),574,40380,"Rochester, NY",36,New York,55,Monroe,43.14501268,-77.55728026
05/10/2016,AQS,1,29,ppb,27,Rochester Near-Road,24,100,42602,Nitrogen dioxide (NO2),574,40380,"Rochester, NY",36,New York,55,Monroe,43.14501268,-77.55728026
05/11/2016,AQS,1,29,ppb,27,Rochester Near-Road,24,100,42602,Nitrogen dioxide (NO2),574,40380,"Rochester, NY",36,New York,55,Monroe,43.14501268,-77.55728026
05/12/2016,AQS,1,31.7,ppb,29,Rochester Near-Road,24,100,42602,Nitrogen dioxide (NO2),574,40380,"Rochester, NY",36,New York,55,Monroe,43.14501268,-77.55728026
05/13/2016,AQS,1,16.5,ppb,15,Rochester Near-Road,22,92,42602,Nitrogen dioxide (NO2),574,40380,"Rochester, NY",36,New York,55,Monroe,43.14501268,-77.55728026
05/14/2016,AQS,1,7.6,ppb,7,Rochester Near-Road,24,100,42602,Nitrogen dioxide (NO2),574,40380,"Rochester, NY",36,New York,55,Monroe,43.14501268,-77.55728026
05/15/2016,AQS,1,5.5,ppb,5,Rochester Near-Road,24,100,42602,Nitrogen dioxide (NO2),574,40380,"Rochester, NY",36,New York,55,Monroe,43.14501268,-77.55728026
05/16/2016,AQS,1,13,ppb,12,Rochester Near-Road,24,100,42602,Nitrogen dioxide (NO2),574,40380,"Rochester, NY",36,New York,55,Monroe,43.14501268,-77.55728026
05/17/2016,AQS,1,28.5,ppb,26,Rochester Near-Road,24,100,42602,Nitrogen dioxide (NO2),574,40380,"Rochester, NY",36,New York,55,Monroe,43.14501268,-77.55728026
05/18/2016,AQS,1,30.4,ppb,28,Rochester Near-Road,24,100,42602,Nitrogen dioxide (NO2),574,40380,"Rochester, NY",36,New York,55,Monroe,43.14501268,-77.55728026
05/19/2016,AQS,1,27.9,ppb,25,Rochester Near-Road,24,100,42602,Nitrogen dioxide (NO2),574,40380,"Rochester, NY",36,New York,55,Monroe,43.14501268,-77.55728026
05/20/2016,AQS,1,18.5,ppb,17,Rochester Near-Road,22,92,42602,Nitrogen dioxide (NO2),574,40380,"Rochester, NY",36,New York,55,Monroe,43.14501268,-77.55728026
05/21/2016,AQS,1,15.4,ppb,14,Rochester Near-Road,24,100,42602,Nitrogen dioxide (NO2),574,40380,"Rochester, NY",36,New York,55,Monroe,43.14501268,-77.55728026
05/22/2016,AQS,1,14,ppb,13,Rochester Near-Road,24,100,42602,Nitrogen dioxide (NO2),574,40380,"Rochester, NY",36,New York,55,Monroe,43.14501268,-77.55728026
05/23/2016,AQS,1,29.9,ppb,27,Rochester Near-Road,24,100,42602,Nitrogen dioxide (NO2),574,40380,"Rochester, NY",36,New York,55,Monroe,43.14501268,-77.55728026
05/24/2016,AQS,1,21.9,ppb,20,Rochester Near-Road,24,100,42602,Nitrogen dioxide (NO2),574,40380,"Rochester, NY",36,New York,55,Monroe,43.14501268,-77.55728026
05/25/2016,AQS,1,21,ppb,20,Rochester Near-Road,24,100,42602,Nitrogen dioxide (NO2),574,40380,"Rochester, NY",36,New York,55,Monroe,43.14501268,-77.55728026
05/26/2016,AQS,1,30.2,ppb,28,Rochester Near-Road,24,100,42602,Nitrogen dioxide (NO2),574,40380,"Rochester, NY",36,New York,55,Monroe,43.14501268,-77.55728026
05/27/2016,AQS,1,13.8,ppb,12,Rochester Near-Road,23,96,42602,Nitrogen dioxide (NO2),574,40380,"Rochester, NY",36,New York,55,Monroe,43.14501268,-77.55728026
05/28/2016,AQS,1,10.3,ppb,9,Rochester Near-Road,24,100,42602,Nitrogen dioxide (NO2),574,40380,"Rochester, NY",36,New York,55,Monroe,43.14501268,-77.55728026
05/29/2016,AQS,1,8.2,ppb,8,Rochester Near-Road,24,100,42602,Nitrogen dioxide (NO2),574,40380,"Rochester, NY",36,New York,55,Monroe,43.14501268,-77.55728026
05/30/2016,AQS,1,12.6,ppb,11,Rochester Near-Road,24,100,42602,Nitrogen dioxide (NO2),574,40380,"Rochester, NY",36,New York,55,Monroe,43.14501268,-77.55728026
05/31/2016,AQS,1,17.8,ppb,16,Rochester Near-Road,24,100,42602,Nitrogen dioxide (NO2),574,40380,"Rochester, NY",36,New York,55,Monroe,43.14501268,-77.55728026
06/01/2016,AQS,1,14.1,ppb,13,Rochester Near-Road,24,100,42602,Nitrogen dioxide (NO2),574,40380,"Rochester, NY",36,New York,55,Monroe,43.14501268,-77.55728026
06/02/2016,AQS,1,17.6,ppb,16,Rochester Near-Road,24,100,42602,Nitrogen dioxide (NO2),574,40380,"Rochester, NY",36,New York,55,Monroe,43.14501268,-77.55728026
06/03/2016,AQS,1,24.1,ppb,23,Rochester Near-Road,22,92,42602,Nitrogen dioxide (NO2),574,40380,"Rochester, NY",36,New York,55,Monroe,43.14501268,-77.55728026
06/04/2016,AQS,1,18.8,ppb,17,Rochester Near-Road,24,100,42602,Nitrogen dioxide (NO2),574,40380,"Rochester, NY",36,New York,55,Monroe,43.14501268,-77.55728026
06/05/2016,AQS,1,6.6,ppb,6,Rochester Near-Road,24,100,42602,Nitrogen dioxide (NO2),574,40380,"Rochester, NY",36,New York,55,Monroe,43.14501268,-77.55728026
06/06/2016,AQS,1,16.1,ppb,15,Rochester Near-Road,24,100,42602,Nitrogen dioxide (NO2),574,40380,"Rochester, NY",36,New York,55,Monroe,43.14501268,-77.55728026
06/07/2016,AQS,1,15.6,ppb,14,Rochester Near-Road,24,100,42602,Nitrogen dioxide (NO2),574,40380,"Rochester, NY",36,New York,55,Monroe,43.14501268,-77.55728026
06/08/2016,AQS,1,12.3,ppb,11,Rochester Near-Road,24,100,42602,Nitrogen dioxide (NO2),574,40380,"Rochester, NY",36,New York,55,Monroe,43.14501268,-77.55728026
06/09/2016,AQS,1,12.6,ppb,11,Rochester Near-Road,24,100,42602,Nitrogen dioxide (NO2),574,40380,"Rochester, NY",36,New York,55,Monroe,43.14501268,-77.55728026
06/10/2016,AQS,1,24.8,ppb,23,Rochester Near-Road,21,88,42602,Nitrogen dioxide (NO2),574,40380,"Rochester, NY",36,New York,55,Monroe,43.14501268,-77.55728026
06/11/2016,AQS,1,11.9,ppb,10,Rochester Near-Road,24,100,42602,Nitrogen dioxide (NO2),574,40380,"Rochester, NY",36,New York,55,Monroe,43.14501268,-77.55728026
06/12/2016,AQS,1,3.9,ppb,3,Rochester Near-Road,24,100,42602,Nitrogen dioxide (NO2),574,40380,"Rochester, NY",36,New York,55,Monroe,43.14501268,-77.55728026
06/13/2016,AQS,1,10.6,ppb,9,Rochester Near-Road,24,100,42602,Nitrogen dioxide (NO2),574,40380,"Rochester, NY",36,New York,55,Monroe,43.14501268,-77.55728026
06/14/2016,AQS,1,25.1,ppb,24,Rochester Near-Road,24,100,42602,Nitrogen dioxide (NO2),574,40380,"Rochester, NY",36,New York,55,Monroe,43.14501268,-77.55728026
06/16/2016,AQS,1,18.7,ppb,17,Rochester Near-Road,24,100,42602,Nitrogen dioxide (NO2),574,40380,"Rochester, NY",36,New York,55,Monroe,43.14501268,-77.55728026
06/17/2016,AQS,1,25.3,ppb,24,Rochester Near-Road,22,92,42602,Nitrogen dioxide (NO2),574,40380,"Rochester, NY",36,New York,55,Monroe,43.14501268,-77.55728026
06/18/2016,AQS,1,15.7,ppb,14,Rochester Near-Road,24,100,42602,Nitrogen dioxide (NO2),574,40380,"Rochester, NY",36,New York,55,Monroe,43.14501268,-77.55728026
06/19/2016,AQS,1,11.2,ppb,10,Rochester Near-Road,24,100,42602,Nitrogen dioxide (NO2),574,40380,"Rochester, NY",36,New York,55,Monroe,43.14501268,-77.55728026
06/20/2016,AQS,1,14.4,ppb,13,Rochester Near-Road,24,100,42602,Nitrogen dioxide (NO2),574,40380,"Rochester, NY",36,New York,55,Monroe,43.14501268,-77.55728026
06/21/2016,AQS,1,23.5,ppb,22,Rochester Near-Road,24,100,42602,Nitrogen dioxide (NO2),574,40380,"Rochester, NY",36,New York,55,Monroe,43.14501268,-77.55728026
06/22/2016,AQS,1,23.3,ppb,22,Rochester Near-Road,24,100,42602,Nitrogen dioxide (NO2),574,40380,"Rochester, NY",36,New York,55,Monroe,43.14501268,-77.55728026
06/23/2016,AQS,1,28.6,ppb,26,Rochester Near-Road,24,100,42602,Nitrogen dioxide (NO2),574,40380,"Rochester, NY",36,New York,55,Monroe,43.14501268,-77.55728026
06/24/2016,AQS,1,24.8,ppb,23,Rochester Near-Road,21,88,42602,Nitrogen dioxide (NO2),574,40380,"Rochester, NY",36,New York,55,Monroe,43.14501268,-77.55728026
06/25/2016,AQS,1,19.1,ppb,18,Rochester Near-Road,24,100,42602,Nitrogen dioxide (NO2),574,40380,"Rochester, NY",36,New York,55,Monroe,43.14501268,-77.55728026
06/26/2016,AQS,1,9.3,ppb,8,Rochester Near-Road,24,100,42602,Nitrogen dioxide (NO2),574,40380,"Rochester, NY",36,New York,55,Monroe,43.14501268,-77.55728026
06/27/2016,AQS,1,14.7,ppb,13,Rochester Near-Road,19,79,42602,Nitrogen dioxide (NO2),574,40380,"Rochester, NY",36,New York,55,Monroe,43.14501268,-77.55728026
06/28/2016,AQS,1,13.1,ppb,12,Rochester Near-Road,24,100,42602,Nitrogen dioxide (NO2),574,40380,"Rochester, NY",36,New York,55,Monroe,43.14501268,-77.55728026
06/29/2016,AQS,1,12.9,ppb,11,Rochester Near-Road,24,100,42602,Nitrogen dioxide (NO2),574,40380,"Rochester, NY",36,New York,55,Monroe,43.14501268,-77.55728026
06/30/2016,AQS,1,22.1,ppb,21,Rochester Near-Road,24,100,42602,Nitrogen dioxide (NO2),574,40380,"Rochester, NY",36,New York,55,Monroe,43.14501268,-77.55728026
07/01/2016,AQS,1,19.1,ppb,18,Rochester Near-Road,24,100,42602,Nitrogen dioxide (NO2),574,40380,"Rochester, NY",36,New York,55,Monroe,43.14501268,-77.55728026
07/02/2016,AQS,1,8.9,ppb,8,Rochester Near-Road,24,100,42602,Nitrogen dioxide (NO2),574,40380,"Rochester, NY",36,New York,55,Monroe,43.14501268,-77.55728026
07/03/2016,AQS,1,8.1,ppb,8,Rochester Near-Road,24,100,42602,Nitrogen dioxide (NO2),574,40380,"Rochester, NY",36,New York,55,Monroe,43.14501268,-77.55728026
07/04/2016,AQS,1,13.9,ppb,12,Rochester Near-Road,24,100,42602,Nitrogen dioxide (NO2),574,40380,"Rochester, NY",36,New York,55,Monroe,43.14501268,-77.55728026
07/05/2016,AQS,1,13.4,ppb,12,Rochester Near-Road,24,100,42602,Nitrogen dioxide (NO2),574,40380,"Rochester, NY",36,New York,55,Monroe,43.14501268,-77.55728026
07/06/2016,AQS,1,18.1,ppb,17,Rochester Near-Road,24,100,42602,Nitrogen dioxide (NO2),574,40380,"Rochester, NY",36,New York,55,Monroe,43.14501268,-77.55728026
07/07/2016,AQS,1,19.5,ppb,18,Rochester Near-Road,24,100,42602,Nitrogen dioxide (NO2),574,40380,"Rochester, NY",36,New York,55,Monroe,43.14501268,-77.55728026
07/08/2016,AQS,1,22.2,ppb,21,Rochester Near-Road,22,92,42602,Nitrogen dioxide (NO2),574,40380,"Rochester, NY",36,New York,55,Monroe,43.14501268,-77.55728026
07/09/2016,AQS,1,8.9,ppb,8,Rochester Near-Road,24,100,42602,Nitrogen dioxide (NO2),574,40380,"Rochester, NY",36,New York,55,Monroe,43.14501268,-77.55728026
07/10/2016,AQS,1,19.5,ppb,18,Rochester Near-Road,24,100,42602,Nitrogen dioxide (NO2),574,40380,"Rochester, NY",36,New York,55,Monroe,43.14501268,-77.55728026
07/11/2016,AQS,1,14.6,ppb,13,Rochester Near-Road,24,100,42602,Nitrogen dioxide (NO2),574,40380,"Rochester, NY",36,New York,55,Monroe,43.14501268,-77.55728026
07/12/2016,AQS,1,24.2,ppb,23,Rochester Near-Road,24,100,42602,Nitrogen dioxide (NO2),574,40380,"Rochester, NY",36,New York,55,Monroe,43.14501268,-77.55728026
07/13/2016,AQS,1,14.3,ppb,13,Rochester Near-Road,22,92,42602,Nitrogen dioxide (NO2),574,40380,"Rochester, NY",36,New York,55,Monroe,43.14501268,-77.55728026
07/14/2016,AQS,1,12.3,ppb,11,Rochester Near-Road,24,100,42602,Nitrogen dioxide (NO2),574,40380,"Rochester, NY",36,New York,55,Monroe,43.14501268,-77.55728026
07/15/2016,AQS,1,18.6,ppb,17,Rochester Near-Road,24,100,42602,Nitrogen dioxide (NO2),574,40380,"Rochester, NY",36,New York,55,Monroe,43.14501268,-77.55728026
07/16/2016,AQS,1,12.5,ppb,11,Rochester Near-Road,24,100,42602,Nitrogen dioxide (NO2),574,40380,"Rochester, NY",36,New York,55,Monroe,43.14501268,-77.55728026
07/17/2016,AQS,1,10.3,ppb,9,Rochester Near-Road,24,100,42602,Nitrogen dioxide (NO2),574,40380,"Rochester, NY",36,New York,55,Monroe,43.14501268,-77.55728026
07/18/2016,AQS,1,15.8,ppb,14,Rochester Near-Road,24,100,42602,Nitrogen dioxide (NO2),574,40380,"Rochester, NY",36,New York,55,Monroe,43.14501268,-77.55728026
07/19/2016,AQS,1,13.8,ppb,12,Rochester Near-Road,24,100,42602,Nitrogen dioxide (NO2),574,40380,"Rochester, NY",36,New York,55,Monroe,43.14501268,-77.55728026
07/20/2016,AQS,1,18.1,ppb,17,Rochester Near-Road,24,100,42602,Nitrogen dioxide (NO2),574,40380,"Rochester, NY",36,New York,55,Monroe,43.14501268,-77.55728026
07/21/2016,AQS,1,18.9,ppb,17,Rochester Near-Road,24,100,42602,Nitrogen dioxide (NO2),574,40380,"Rochester, NY",36,New York,55,Monroe,43.14501268,-77.55728026
07/22/2016,AQS,1,13.1,ppb,12,Rochester Near-Road,22,92,42602,Nitrogen dioxide (NO2),574,40380,"Rochester, NY",36,New York,55,Monroe,43.14501268,-77.55728026
07/23/2016,AQS,1,11.4,ppb,10,Rochester Near-Road,24,100,42602,Nitrogen dioxide (NO2),574,40380,"Rochester, NY",36,New York,55,Monroe,43.14501268,-77.55728026
07/24/2016,AQS,1,9.6,ppb,8,Rochester Near-Road,24,100,42602,Nitrogen dioxide (NO2),574,40380,"Rochester, NY",36,New York,55,Monroe,43.14501268,-77.55728026
07/25/2016,AQS,1,19.5,ppb,18,Rochester Near-Road,24,100,42602,Nitrogen dioxide (NO2),574,40380,"Rochester, NY",36,New York,55,Monroe,43.14501268,-77.55728026
07/26/2016,AQS,1,18.5,ppb,17,Rochester Near-Road,24,100,42602,Nitrogen dioxide (NO2),574,40380,"Rochester, NY",36,New York,55,Monroe,43.14501268,-77.55728026
07/27/2016,AQS,1,13.8,ppb,12,Rochester Near-Road,22,92,42602,Nitrogen dioxide (NO2),574,40380,"Rochester, NY",36,New York,55,Monroe,43.14501268,-77.55728026
07/28/2016,AQS,1,19.9,ppb,18,Rochester Near-Road,24,100,42602,Nitrogen dioxide (NO2),574,40380,"Rochester, NY",36,New York,55,Monroe,43.14501268,-77.55728026
07/29/2016,AQS,1,20.2,ppb,19,Rochester Near-Road,24,100,42602,Nitrogen dioxide (NO2),574,40380,"Rochester, NY",36,New York,55,Monroe,43.14501268,-77.55728026
07/30/2016,AQS,1,8.3,ppb,8,Rochester Near-Road,24,100,42602,Nitrogen dioxide (NO2),574,40380,"Rochester, NY",36,New York,55,Monroe,43.14501268,-77.55728026
07/31/2016,AQS,1,9.5,ppb,8,Rochester Near-Road,24,100,42602,Nitrogen dioxide (NO2),574,40380,"Rochester, NY",36,New York,55,Monroe,43.14501268,-77.55728026
08/01/2016,AQS,1,17.6,ppb,16,Rochester Near-Road,24,100,42602,Nitrogen dioxide (NO2),574,40380,"Rochester, NY",36,New York,55,Monroe,43.14501268,-77.55728026
08/02/2016,AQS,1,14.1,ppb,13,Rochester Near-Road,24,100,42602,Nitrogen dioxide (NO2),574,40380,"Rochester, NY",36,New York,55,Monroe,43.14501268,-77.55728026
08/03/2016,AQS,1,12.8,ppb,11,Rochester Near-Road,24,100,42602,Nitrogen dioxide (NO2),574,40380,"Rochester, NY",36,New York,55,Monroe,43.14501268,-77.55728026
08/04/2016,AQS,1,18.3,ppb,17,Rochester Near-Road,24,100,42602,Nitrogen dioxide (NO2),574,40380,"Rochester, NY",36,New York,55,Monroe,43.14501268,-77.55728026
08/05/2016,AQS,1,12.3,ppb,11,Rochester Near-Road,21,88,42602,Nitrogen dioxide (NO2),574,40380,"Rochester, NY",36,New York,55,Monroe,43.14501268,-77.55728026
08/06/2016,AQS,1,11.1,ppb,10,Rochester Near-Road,24,100,42602,Nitrogen dioxide (NO2),574,40380,"Rochester, NY",36,New York,55,Monroe,43.14501268,-77.55728026
08/07/2016,AQS,1,11.5,ppb,10,Rochester Near-Road,24,100,42602,Nitrogen dioxide (NO2),574,40380,"Rochester, NY",36,New York,55,Monroe,43.14501268,-77.55728026
08/08/2016,AQS,1,22.9,ppb,21,Rochester Near-Road,24,100,42602,Nitrogen dioxide (NO2),574,40380,"Rochester, NY",36,New York,55,Monroe,43.14501268,-77.55728026
08/09/2016,AQS,1,21.5,ppb,20,Rochester Near-Road,24,100,42602,Nitrogen dioxide (NO2),574,40380,"Rochester, NY",36,New York,55,Monroe,43.14501268,-77.55728026
08/10/2016,AQS,1,18.6,ppb,17,Rochester Near-Road,21,88,42602,Nitrogen dioxide (NO2),574,40380,"Rochester, NY",36,New York,55,Monroe,43.14501268,-77.55728026
08/11/2016,AQS,1,19,ppb,18,Rochester Near-Road,24,100,42602,Nitrogen dioxide (NO2),574,40380,"Rochester, NY",36,New York,55,Monroe,43.14501268,-77.55728026
08/12/2016,AQS,1,11.1,ppb,10,Rochester Near-Road,24,100,42602,Nitrogen dioxide (NO2),574,40380,"Rochester, NY",36,New York,55,Monroe,43.14501268,-77.55728026
08/13/2016,AQS,1,7.7,ppb,7,Rochester Near-Road,24,100,42602,Nitrogen dioxide (NO2),574,40380,"Rochester, NY",36,New York,55,Monroe,43.14501268,-77.55728026
08/14/2016,AQS,1,9.5,ppb,8,Rochester Near-Road,24,100,42602,Nitrogen dioxide (NO2),574,40380,"Rochester, NY",36,New York,55,Monroe,43.14501268,-77.55728026
08/15/2016,AQS,1,13,ppb,12,Rochester Near-Road,24,100,42602,Nitrogen dioxide (NO2),574,40380,"Rochester, NY",36,New York,55,Monroe,43.14501268,-77.55728026
08/16/2016,AQS,1,18.9,ppb,17,Rochester Near-Road,24,100,42602,Nitrogen dioxide (NO2),574,40380,"Rochester, NY",36,New York,55,Monroe,43.14501268,-77.55728026
08/17/2016,AQS,1,17.3,ppb,16,Rochester Near-Road,24,100,42602,Nitrogen dioxide (NO2),574,40380,"Rochester, NY",36,New York,55,Monroe,43.14501268,-77.55728026
08/18/2016,AQS,1,19.7,ppb,18,Rochester Near-Road,24,100,42602,Nitrogen dioxide (NO2),574,40380,"Rochester, NY",36,New York,55,Monroe,43.14501268,-77.55728026
08/19/2016,AQS,1,15.7,ppb,14,Rochester Near-Road,21,88,42602,Nitrogen dioxide (NO2),574,40380,"Rochester, NY",36,New York,55,Monroe,43.14501268,-77.55728026
08/20/2016,AQS,1,12.5,ppb,11,Rochester Near-Road,24,100,42602,Nitrogen dioxide (NO2),574,40380,"Rochester, NY",36,New York,55,Monroe,43.14501268,-77.55728026
08/21/2016,AQS,1,6.7,ppb,6,Rochester Near-Road,24,100,42602,Nitrogen dioxide (NO2),574,40380,"Rochester, NY",36,New York,55,Monroe,43.14501268,-77.55728026
08/22/2016,AQS,1,18.5,ppb,17,Rochester Near-Road,24,100,42602,Nitrogen dioxide (NO2),574,40380,"Rochester, NY",36,New York,55,Monroe,43.14501268,-77.55728026
08/23/2016,AQS,1,20.3,ppb,19,Rochester Near-Road,24,100,42602,Nitrogen dioxide (NO2),574,40380,"Rochester, NY",36,New York,55,Monroe,43.14501268,-77.55728026
08/24/2016,AQS,1,25.8,ppb,24,Rochester Near-Road,24,100,42602,Nitrogen dioxide (NO2),574,40380,"Rochester, NY",36,New York,55,Monroe,43.14501268,-77.55728026
08/25/2016,AQS,1,13.1,ppb,12,Rochester Near-Road,24,100,42602,Nitrogen dioxide (NO2),574,40380,"Rochester, NY",36,New York,55,Monroe,43.14501268,-77.55728026
08/26/2016,AQS,1,17.1,ppb,16,Rochester Near-Road,22,92,42602,Nitrogen dioxide (NO2),574,40380,"Rochester, NY",36,New York,55,Monroe,43.14501268,-77.55728026
08/27/2016,AQS,1,11.8,ppb,10,Rochester Near-Road,24,100,42602,Nitrogen dioxide (NO2),574,40380,"Rochester, NY",36,New York,55,Monroe,43.14501268,-77.55728026
08/28/2016,AQS,1,7.7,ppb,7,Rochester Near-Road,24,100,42602,Nitrogen dioxide (NO2),574,40380,"Rochester, NY",36,New York,55,Monroe,43.14501268,-77.55728026
08/29/2016,AQS,1,15.7,ppb,14,Rochester Near-Road,24,100,42602,Nitrogen dioxide (NO2),574,40380,"Rochester, NY",36,New York,55,Monroe,43.14501268,-77.55728026
08/30/2016,AQS,1,14.4,ppb,13,Rochester Near-Road,24,100,42602,Nitrogen dioxide (NO2),574,40380,"Rochester, NY",36,New York,55,Monroe,43.14501268,-77.55728026
08/31/2016,AQS,1,17,ppb,16,Rochester Near-Road,24,100,42602,Nitrogen dioxide (NO2),574,40380,"Rochester, NY",36,New York,55,Monroe,43.14501268,-77.55728026
09/01/2016,AQS,1,7.9,ppb,7,Rochester Near-Road,24,100,42602,Nitrogen dioxide (NO2),574,40380,"Rochester, NY",36,New York,55,Monroe,43.14501268,-77.55728026
09/02/2016,AQS,1,13.9,ppb,12,Rochester Near-Road,21,88,42602,Nitrogen dioxide (NO2),574,40380,"Rochester, NY",36,New York,55,Monroe,43.14501268,-77.55728026
09/03/2016,AQS,1,18,ppb,17,Rochester Near-Road,24,100,42602,Nitrogen dioxide (NO2),574,40380,"Rochester, NY",36,New York,55,Monroe,43.14501268,-77.55728026
09/04/2016,AQS,1,16.5,ppb,15,Rochester Near-Road,24,100,42602,Nitrogen dioxide (NO2),574,40380,"Rochester, NY",36,New York,55,Monroe,43.14501268,-77.55728026
09/05/2016,AQS,1,16.1,ppb,15,Rochester Near-Road,24,100,42602,Nitrogen dioxide (NO2),574,40380,"Rochester, NY",36,New York,55,Monroe,43.14501268,-77.55728026
09/06/2016,AQS,1,24.8,ppb,23,Rochester Near-Road,24,100,42602,Nitrogen dioxide (NO2),574,40380,"Rochester, NY",36,New York,55,Monroe,43.14501268,-77.55728026
09/07/2016,AQS,1,17.2,ppb,16,Rochester Near-Road,24,100,42602,Nitrogen dioxide (NO2),574,40380,"Rochester, NY",36,New York,55,Monroe,43.14501268,-77.55728026
09/08/2016,AQS,1,16.4,ppb,15,Rochester Near-Road,24,100,42602,Nitrogen dioxide (NO2),574,40380,"Rochester, NY",36,New York,55,Monroe,43.14501268,-77.55728026
09/09/2016,AQS,1,20.9,ppb,19,Rochester Near-Road,21,88,42602,Nitrogen dioxide (NO2),574,40380,"Rochester, NY",36,New York,55,Monroe,43.14501268,-77.55728026
09/10/2016,AQS,1,13.4,ppb,12,Rochester Near-Road,24,100,42602,Nitrogen dioxide (NO2),574,40380,"Rochester, NY",36,New York,55,Monroe,43.14501268,-77.55728026
09/11/2016,AQS,1,15.5,ppb,14,Rochester Near-Road,24,100,42602,Nitrogen dioxide (NO2),574,40380,"Rochester, NY",36,New York,55,Monroe,43.14501268,-77.55728026
09/12/2016,AQS,1,20.2,ppb,19,Rochester Near-Road,24,100,42602,Nitrogen dioxide (NO2),574,40380,"Rochester, NY",36,New York,55,Monroe,43.14501268,-77.55728026
09/13/2016,AQS,1,15.9,ppb,14,Rochester Near-Road,24,100,42602,Nitrogen dioxide (NO2),574,40380,"Rochester, NY",36,New York,55,Monroe,43.14501268,-77.55728026
09/14/2016,AQS,1,22.1,ppb,21,Rochester Near-Road,24,100,42602,Nitrogen dioxide (NO2),574,40380,"Rochester, NY",36,New York,55,Monroe,43.14501268,-77.55728026
09/15/2016,AQS,1,13.2,ppb,12,Rochester Near-Road,24,100,42602,Nitrogen dioxide (NO2),574,40380,"Rochester, NY",36,New York,55,Monroe,43.14501268,-77.55728026
09/16/2016,AQS,1,16.4,ppb,15,Rochester Near-Road,21,88,42602,Nitrogen dioxide (NO2),574,40380,"Rochester, NY",36,New York,55,Monroe,43.14501268,-77.55728026
09/17/2016,AQS,1,8.4,ppb,8,Rochester Near-Road,24,100,42602,Nitrogen dioxide (NO2),574,40380,"Rochester, NY",36,New York,55,Monroe,43.14501268,-77.55728026
09/18/2016,AQS,1,15.1,ppb,14,Rochester Near-Road,24,100,42602,Nitrogen dioxide (NO2),574,40380,"Rochester, NY",36,New York,55,Monroe,43.14501268,-77.55728026
09/19/2016,AQS,1,18.2,ppb,17,Rochester Near-Road,24,100,42602,Nitrogen dioxide (NO2),574,40380,"Rochester, NY",36,New York,55,Monroe,43.14501268,-77.55728026
09/20/2016,AQS,1,17.8,ppb,16,Rochester Near-Road,24,100,42602,Nitrogen dioxide (NO2),574,40380,"Rochester, NY",36,New York,55,Monroe,43.14501268,-77.55728026
09/21/2016,AQS,1,20.9,ppb,19,Rochester Near-Road,23,96,42602,Nitrogen dioxide (NO2),574,40380,"Rochester, NY",36,New York,55,Monroe,43.14501268,-77.55728026
09/22/2016,AQS,1,25.8,ppb,24,Rochester Near-Road,24,100,42602,Nitrogen dioxide (NO2),574,40380,"Rochester, NY",36,New York,55,Monroe,43.14501268,-77.55728026
09/23/2016,AQS,1,24.1,ppb,23,Rochester Near-Road,21,88,42602,Nitrogen dioxide (NO2),574,40380,"Rochester, NY",36,New York,55,Monroe,43.14501268,-77.55728026
09/24/2016,AQS,1,14.8,ppb,13,Rochester Near-Road,23,96,42602,Nitrogen dioxide (NO2),574,40380,"Rochester, NY",36,New York,55,Monroe,43.14501268,-77.55728026
09/25/2016,AQS,1,10.8,ppb,9,Rochester Near-Road,23,96,42602,Nitrogen dioxide (NO2),574,40380,"Rochester, NY",36,New York,55,Monroe,43.14501268,-77.55728026
09/26/2016,AQS,1,16.8,ppb,15,Rochester Near-Road,24,100,42602,Nitrogen dioxide (NO2),574,40380,"Rochester, NY",36,New York,55,Monroe,43.14501268,-77.55728026
09/27/2016,AQS,1,21.3,ppb,20,Rochester Near-Road,23,96,42602,Nitrogen dioxide (NO2),574,40380,"Rochester, NY",36,New York,55,Monroe,43.14501268,-77.55728026
09/28/2016,AQS,1,24.6,ppb,23,Rochester Near-Road,24,100,42602,Nitrogen dioxide (NO2),574,40380,"Rochester, NY",36,New York,55,Monroe,43.14501268,-77.55728026
09/29/2016,AQS,1,8.7,ppb,8,Rochester Near-Road,24,100,42602,Nitrogen dioxide (NO2),574,40380,"Rochester, NY",36,New York,55,Monroe,43.14501268,-77.55728026
09/30/2016,AQS,1,12.8,ppb,11,Rochester Near-Road,19,79,42602,Nitrogen dioxide (NO2),574,40380,"Rochester, NY",36,New York,55,Monroe,43.14501268,-77.55728026
10/01/2016,AQS,1,9.3,ppb,8,Rochester Near-Road,24,100,42602,Nitrogen dioxide (NO2),574,40380,"Rochester, NY",36,New York,55,Monroe,43.14501268,-77.55728026
10/02/2016,AQS,1,10.4,ppb,9,Rochester Near-Road,24,100,42602,Nitrogen dioxide (NO2),574,40380,"Rochester, NY",36,New York,55,Monroe,43.14501268,-77.55728026
10/03/2016,AQS,1,19.5,ppb,18,Rochester Near-Road,24,100,42602,Nitrogen dioxide (NO2),574,40380,"Rochester, NY",36,New York,55,Monroe,43.14501268,-77.55728026
10/04/2016,AQS,1,18.6,ppb,17,Rochester Near-Road,24,100,42602,Nitrogen dioxide (NO2),574,40380,"Rochester, NY",36,New York,55,Monroe,43.14501268,-77.55728026
10/05/2016,AQS,1,20.3,ppb,19,Rochester Near-Road,21,88,42602,Nitrogen dioxide (NO2),574,40380,"Rochester, NY",36,New York,55,Monroe,43.14501268,-77.55728026
10/06/2016,AQS,1,17.9,ppb,16,Rochester Near-Road,24,100,42602,Nitrogen dioxide (NO2),574,40380,"Rochester, NY",36,New York,55,Monroe,43.14501268,-77.55728026
10/07/2016,AQS,1,21.2,ppb,20,Rochester Near-Road,24,100,42602,Nitrogen dioxide (NO2),574,40380,"Rochester, NY",36,New York,55,Monroe,43.14501268,-77.55728026
10/08/2016,AQS,1,8.5,ppb,8,Rochester Near-Road,24,100,42602,Nitrogen dioxide (NO2),574,40380,"Rochester, NY",36,New York,55,Monroe,43.14501268,-77.55728026
10/09/2016,AQS,1,8.1,ppb,8,Rochester Near-Road,24,100,42602,Nitrogen dioxide (NO2),574,40380,"Rochester, NY",36,New York,55,Monroe,43.14501268,-77.55728026
10/10/2016,AQS,1,18,ppb,17,Rochester Near-Road,23,96,42602,Nitrogen dioxide (NO2),574,40380,"Rochester, NY",36,New York,55,Monroe,43.14501268,-77.55728026
10/11/2016,AQS,1,24.3,ppb,23,Rochester Near-Road,23,96,42602,Nitrogen dioxide (NO2),574,40380,"Rochester, NY",36,New York,55,Monroe,43.14501268,-77.55728026
10/12/2016,AQS,1,26.7,ppb,25,Rochester Near-Road,24,100,42602,Nitrogen dioxide (NO2),574,40380,"Rochester, NY",36,New York,55,Monroe,43.14501268,-77.55728026
10/13/2016,AQS,1,21,ppb,20,Rochester Near-Road,22,92,42602,Nitrogen dioxide (NO2),574,40380,"Rochester, NY",36,New York,55,Monroe,43.14501268,-77.55728026
10/14/2016,AQS,1,17.7,ppb,16,Rochester Near-Road,24,100,42602,Nitrogen dioxide (NO2),574,40380,"Rochester, NY",36,New York,55,Monroe,43.14501268,-77.55728026
10/15/2016,AQS,1,20,ppb,19,Rochester Near-Road,24,100,42602,Nitrogen dioxide (NO2),574,40380,"Rochester, NY",36,New York,55,Monroe,43.14501268,-77.55728026
10/16/2016,AQS,1,8.4,ppb,8,Rochester Near-Road,24,100,42602,Nitrogen dioxide (NO2),574,40380,"Rochester, NY",36,New York,55,Monroe,43.14501268,-77.55728026
10/17/2016,AQS,1,17.8,ppb,16,Rochester Near-Road,24,100,42602,Nitrogen dioxide (NO2),574,40380,"Rochester, NY",36,New York,55,Monroe,43.14501268,-77.55728026
10/18/2016,AQS,1,14.4,ppb,13,Rochester Near-Road,24,100,42602,Nitrogen dioxide (NO2),574,40380,"Rochester, NY",36,New York,55,Monroe,43.14501268,-77.55728026
10/19/2016,AQS,1,21.1,ppb,20,Rochester Near-Road,24,100,42602,Nitrogen dioxide (NO2),574,40380,"Rochester, NY",36,New York,55,Monroe,43.14501268,-77.55728026
10/20/2016,AQS,1,17.2,ppb,16,Rochester Near-Road,24,100,42602,Nitrogen dioxide (NO2),574,40380,"Rochester, NY",36,New York,55,Monroe,43.14501268,-77.55728026
10/21/2016,AQS,1,4.7,ppb,4,Rochester Near-Road,24,100,42602,Nitrogen dioxide (NO2),574,40380,"Rochester, NY",36,New York,55,Monroe,43.14501268,-77.55728026
10/22/2016,AQS,1,7.4,ppb,7,Rochester Near-Road,24,100,42602,Nitrogen dioxide (NO2),574,40380,"Rochester, NY",36,New York,55,Monroe,43.14501268,-77.55728026
10/23/2016,AQS,1,22.2,ppb,21,Rochester Near-Road,24,100,42602,Nitrogen dioxide (NO2),574,40380,"Rochester, NY",36,New York,55,Monroe,43.14501268,-77.55728026
10/24/2016,AQS,1,8.3,ppb,8,Rochester Near-Road,24,100,42602,Nitrogen dioxide (NO2),574,40380,"Rochester, NY",36,New York,55,Monroe,43.14501268,-77.55728026
10/25/2016,AQS,1,11.5,ppb,10,Rochester Near-Road,24,100,42602,Nitrogen dioxide (NO2),574,40380,"Rochester, NY",36,New York,55,Monroe,43.14501268,-77.55728026
10/26/2016,AQS,1,19.1,ppb,18,Rochester Near-Road,24,100,42602,Nitrogen dioxide (NO2),574,40380,"Rochester, NY",36,New York,55,Monroe,43.14501268,-77.55728026
10/27/2016,AQS,1,13.3,ppb,12,Rochester Near-Road,22,92,42602,Nitrogen dioxide (NO2),574,40380,"Rochester, NY",36,New York,55,Monroe,43.14501268,-77.55728026
10/28/2016,AQS,1,27.5,ppb,25,Rochester Near-Road,24,100,42602,Nitrogen dioxide (NO2),574,40380,"Rochester, NY",36,New York,55,Monroe,43.14501268,-77.55728026
10/29/2016,AQS,1,18.4,ppb,17,Rochester Near-Road,24,100,42602,Nitrogen dioxide (NO2),574,40380,"Rochester, NY",36,New York,55,Monroe,43.14501268,-77.55728026
10/30/2016,AQS,1,12.1,ppb,11,Rochester Near-Road,24,100,42602,Nitrogen dioxide (NO2),574,40380,"Rochester, NY",36,New York,55,Monroe,43.14501268,-77.55728026
10/31/2016,AQS,1,27.4,ppb,25,Rochester Near-Road,24,100,42602,Nitrogen dioxide (NO2),574,40380,"Rochester, NY",36,New York,55,Monroe,43.14501268,-77.55728026
11/01/2016,AQS,1,26.5,ppb,25,Rochester Near-Road,24,100,42602,Nitrogen dioxide (NO2),574,40380,"Rochester, NY",36,New York,55,Monroe,43.14501268,-77.55728026
11/02/2016,AQS,1,23.9,ppb,22,Rochester Near-Road,24,100,42602,Nitrogen dioxide (NO2),574,40380,"Rochester, NY",36,New York,55,Monroe,43.14501268,-77.55728026
11/03/2016,AQS,1,11.4,ppb,10,Rochester Near-Road,24,100,42602,Nitrogen dioxide (NO2),574,40380,"Rochester, NY",36,New York,55,Monroe,43.14501268,-77.55728026
11/04/2016,AQS,1,18.6,ppb,17,Rochester Near-Road,22,92,42602,Nitrogen dioxide (NO2),574,40380,"Rochester, NY",36,New York,55,Monroe,43.14501268,-77.55728026
11/05/2016,AQS,1,16.3,ppb,15,Rochester Near-Road,24,100,42602,Nitrogen dioxide (NO2),574,40380,"Rochester, NY",36,New York,55,Monroe,43.14501268,-77.55728026
11/06/2016,AQS,1,23.6,ppb,22,Rochester Near-Road,24,100,42602,Nitrogen dioxide (NO2),574,40380,"Rochester, NY",36,New York,55,Monroe,43.14501268,-77.55728026
11/07/2016,AQS,1,34.4,ppb,32,Rochester Near-Road,24,100,42602,Nitrogen dioxide (NO2),574,40380,"Rochester, NY",36,New York,55,Monroe,43.14501268,-77.55728026
11/08/2016,AQS,1,21.5,ppb,20,Rochester Near-Road,24,100,42602,Nitrogen dioxide (NO2),574,40380,"Rochester, NY",36,New York,55,Monroe,43.14501268,-77.55728026
11/09/2016,AQS,1,13.7,ppb,12,Rochester Near-Road,24,100,42602,Nitrogen dioxide (NO2),574,40380,"Rochester, NY",36,New York,55,Monroe,43.14501268,-77.55728026
11/10/2016,AQS,1,17,ppb,16,Rochester Near-Road,22,92,42602,Nitrogen dioxide (NO2),574,40380,"Rochester, NY",36,New York,55,Monroe,43.14501268,-77.55728026
11/11/2016,AQS,1,6,ppb,6,Rochester Near-Road,24,100,42602,Nitrogen dioxide (NO2),574,40380,"Rochester, NY",36,New York,55,Monroe,43.14501268,-77.55728026
11/12/2016,AQS,1,18.4,ppb,17,Rochester Near-Road,24,100,42602,Nitrogen dioxide (NO2),574,40380,"Rochester, NY",36,New York,55,Monroe,43.14501268,-77.55728026
11/13/2016,AQS,1,9.9,ppb,8,Rochester Near-Road,24,100,42602,Nitrogen dioxide (NO2),574,40380,"Rochester, NY",36,New York,55,Monroe,43.14501268,-77.55728026
11/14/2016,AQS,1,45.2,ppb,42,Rochester Near-Road,24,100,42602,Nitrogen dioxide (NO2),574,40380,"Rochester, NY",36,New York,55,Monroe,43.14501268,-77.55728026
11/15/2016,AQS,1,28.1,ppb,26,Rochester Near-Road,24,100,42602,Nitrogen dioxide (NO2),574,40380,"Rochester, NY",36,New York,55,Monroe,43.14501268,-77.55728026
11/16/2016,AQS,1,28.8,ppb,26,Rochester Near-Road,24,100,42602,Nitrogen dioxide (NO2),574,40380,"Rochester, NY",36,New York,55,Monroe,43.14501268,-77.55728026
11/17/2016,AQS,1,22.8,ppb,21,Rochester Near-Road,24,100,42602,Nitrogen dioxide (NO2),574,40380,"Rochester, NY",36,New York,55,Monroe,43.14501268,-77.55728026
11/18/2016,AQS,1,40.6,ppb,38,Rochester Near-Road,21,88,42602,Nitrogen dioxide (NO2),574,40380,"Rochester, NY",36,New York,55,Monroe,43.14501268,-77.55728026
11/19/2016,AQS,1,24.8,ppb,23,Rochester Near-Road,24,100,42602,Nitrogen dioxide (NO2),574,40380,"Rochester, NY",36,New York,55,Monroe,43.14501268,-77.55728026
11/20/2016,AQS,1,5.7,ppb,5,Rochester Near-Road,24,100,42602,Nitrogen dioxide (NO2),574,40380,"Rochester, NY",36,New York,55,Monroe,43.14501268,-77.55728026
11/21/2016,AQS,1,6.1,ppb,6,Rochester Near-Road,24,100,42602,Nitrogen dioxide (NO2),574,40380,"Rochester, NY",36,New York,55,Monroe,43.14501268,-77.55728026
11/22/2016,AQS,1,17.5,ppb,16,Rochester Near-Road,24,100,42602,Nitrogen dioxide (NO2),574,40380,"Rochester, NY",36,New York,55,Monroe,43.14501268,-77.55728026
11/23/2016,AQS,1,19.7,ppb,18,Rochester Near-Road,21,88,42602,Nitrogen dioxide (NO2),574,40380,"Rochester, NY",36,New York,55,Monroe,43.14501268,-77.55728026
11/24/2016,AQS,1,21.3,ppb,20,Rochester Near-Road,24,100,42602,Nitrogen dioxide (NO2),574,40380,"Rochester, NY",36,New York,55,Monroe,43.14501268,-77.55728026
11/25/2016,AQS,1,22.2,ppb,21,Rochester Near-Road,24,100,42602,Nitrogen dioxide (NO2),574,40380,"Rochester, NY",36,New York,55,Monroe,43.14501268,-77.55728026
11/26/2016,AQS,1,15.4,ppb,14,Rochester Near-Road,24,100,42602,Nitrogen dioxide (NO2),574,40380,"Rochester, NY",36,New York,55,Monroe,43.14501268,-77.55728026
11/27/2016,AQS,1,24.6,ppb,23,Rochester Near-Road,24,100,42602,Nitrogen dioxide (NO2),574,40380,"Rochester, NY",36,New York,55,Monroe,43.14501268,-77.55728026
11/28/2016,AQS,1,22.7,ppb,21,Rochester Near-Road,24,100,42602,Nitrogen dioxide (NO2),574,40380,"Rochester, NY",36,New York,55,Monroe,43.14501268,-77.55728026
11/29/2016,AQS,1,27.3,ppb,25,Rochester Near-Road,24,100,42602,Nitrogen dioxide (NO2),574,40380,"Rochester, NY",36,New York,55,Monroe,43.14501268,-77.55728026
11/30/2016,AQS,1,19.3,ppb,18,Rochester Near-Road,24,100,42602,Nitrogen dioxide (NO2),574,40380,"Rochester, NY",36,New York,55,Monroe,43.14501268,-77.55728026
12/01/2016,AQS,1,11.4,ppb,10,Rochester Near-Road,24,100,42602,Nitrogen dioxide (NO2),574,40380,"Rochester, NY",36,New York,55,Monroe,43.14501268,-77.55728026
12/02/2016,AQS,1,10.5,ppb,9,Rochester Near-Road,22,92,42602,Nitrogen dioxide (NO2),574,40380,"Rochester, NY",36,New York,55,Monroe,43.14501268,-77.55728026
12/03/2016,AQS,1,12.1,ppb,11,Rochester Near-Road,24,100,42602,Nitrogen dioxide (NO2),574,40380,"Rochester, NY",36,New York,55,Monroe,43.14501268,-77.55728026
12/04/2016,AQS,1,26.5,ppb,25,Rochester Near-Road,24,100,42602,Nitrogen dioxide (NO2),574,40380,"Rochester, NY",36,New York,55,Monroe,43.14501268,-77.55728026
12/05/2016,AQS,1,18.8,ppb,17,Rochester Near-Road,24,100,42602,Nitrogen dioxide (NO2),574,40380,"Rochester, NY",36,New York,55,Monroe,43.14501268,-77.55728026
12/06/2016,AQS,1,29.1,ppb,27,Rochester Near-Road,24,100,42602,Nitrogen dioxide (NO2),574,40380,"Rochester, NY",36,New York,55,Monroe,43.14501268,-77.55728026
12/07/2016,AQS,1,18.4,ppb,17,Rochester Near-Road,24,100,42602,Nitrogen dioxide (NO2),574,40380,"Rochester, NY",36,New York,55,Monroe,43.14501268,-77.55728026
12/08/2016,AQS,1,14.7,ppb,13,Rochester Near-Road,24,100,42602,Nitrogen dioxide (NO2),574,40380,"Rochester, NY",36,New York,55,Monroe,43.14501268,-77.55728026
12/09/2016,AQS,1,17.4,ppb,16,Rochester Near-Road,21,88,42602,Nitrogen dioxide (NO2),574,40380,"Rochester, NY",36,New York,55,Monroe,43.14501268,-77.55728026
12/10/2016,AQS,1,17.5,ppb,16,Rochester Near-Road,24,100,42602,Nitrogen dioxide (NO2),574,40380,"Rochester, NY",36,New York,55,Monroe,43.14501268,-77.55728026
12/11/2016,AQS,1,9.2,ppb,8,Rochester Near-Road,24,100,42602,Nitrogen dioxide (NO2),574,40380,"Rochester, NY",36,New York,55,Monroe,43.14501268,-77.55728026
12/12/2016,AQS,1,23.6,ppb,22,Rochester Near-Road,24,100,42602,Nitrogen dioxide (NO2),574,40380,"Rochester, NY",36,New York,55,Monroe,43.14501268,-77.55728026
12/13/2016,AQS,1,29.2,ppb,27,Rochester Near-Road,24,100,42602,Nitrogen dioxide (NO2),574,40380,"Rochester, NY",36,New York,55,Monroe,43.14501268,-77.55728026
12/14/2016,AQS,1,17.4,ppb,16,Rochester Near-Road,24,100,42602,Nitrogen dioxide (NO2),574,40380,"Rochester, NY",36,New York,55,Monroe,43.14501268,-77.55728026
12/15/2016,AQS,1,19.6,ppb,18,Rochester Near-Road,24,100,42602,Nitrogen dioxide (NO2),574,40380,"Rochester, NY",36,New York,55,Monroe,43.14501268,-77.55728026
12/16/2016,AQS,1,39.8,ppb,37,Rochester Near-Road,22,92,42602,Nitrogen dioxide (NO2),574,40380,"Rochester, NY",36,New York,55,Monroe,43.14501268,-77.55728026
12/17/2016,AQS,1,26.9,ppb,25,Rochester Near-Road,24,100,42602,Nitrogen dioxide (NO2),574,40380,"Rochester, NY",36,New York,55,Monroe,43.14501268,-77.55728026
12/18/2016,AQS,1,29.2,ppb,27,Rochester Near-Road,24,100,42602,Nitrogen dioxide (NO2),574,40380,"Rochester, NY",36,New York,55,Monroe,43.14501268,-77.55728026
12/19/2016,AQS,1,39.6,ppb,37,Rochester Near-Road,24,100,42602,Nitrogen dioxide (NO2),574,40380,"Rochester, NY",36,New York,55,Monroe,43.14501268,-77.55728026
12/20/2016,AQS,1,29.6,ppb,27,Rochester Near-Road,24,100,42602,Nitrogen dioxide (NO2),574,40380,"Rochester, NY",36,New York,55,Monroe,43.14501268,-77.55728026
12/21/2016,AQS,1,25.6,ppb,24,Rochester Near-Road,24,100,42602,Nitrogen dioxide (NO2),574,40380,"Rochester, NY",36,New York,55,Monroe,43.14501268,-77.55728026
12/22/2016,AQS,1,31.9,ppb,29,Rochester Near-Road,24,100,42602,Nitrogen dioxide (NO2),574,40380,"Rochester, NY",36,New York,55,Monroe,43.14501268,-77.55728026
12/23/2016,AQS,1,28.3,ppb,26,Rochester Near-Road,21,88,42602,Nitrogen dioxide (NO2),574,40380,"Rochester, NY",36,New York,55,Monroe,43.14501268,-77.55728026
12/24/2016,AQS,1,31.6,ppb,29,Rochester Near-Road,24,100,42602,Nitrogen dioxide (NO2),574,40380,"Rochester, NY",36,New York,55,Monroe,43.14501268,-77.55728026
12/25/2016,AQS,1,13.4,ppb,12,Rochester Near-Road,24,100,42602,Nitrogen dioxide (NO2),574,40380,"Rochester, NY",36,New York,55,Monroe,43.14501268,-77.55728026
12/26/2016,AQS,1,10.7,ppb,9,Rochester Near-Road,24,100,42602,Nitrogen dioxide (NO2),574,40380,"Rochester, NY",36,New York,55,Monroe,43.14501268,-77.55728026
12/27/2016,AQS,1,11.5,ppb,10,Rochester Near-Road,24,100,42602,Nitrogen dioxide (NO2),574,40380,"Rochester, NY",36,New York,55,Monroe,43.14501268,-77.55728026
12/28/2016,AQS,1,16.2,ppb,15,Rochester Near-Road,24,100,42602,Nitrogen dioxide (NO2),574,40380,"Rochester, NY",36,New York,55,Monroe,43.14501268,-77.55728026
12/29/2016,AQS,1,17.6,ppb,16,Rochester Near-Road,24,100,42602,Nitrogen dioxide (NO2),574,40380,"Rochester, NY",36,New York,55,Monroe,43.14501268,-77.55728026
12/30/2016,AQS,1,12.2,ppb,11,Rochester Near-Road,20,83,42602,Nitrogen dioxide (NO2),574,40380,"Rochester, NY",36,New York,55,Monroe,43.14501268,-77.55728026
12/31/2016,AQS,1,8.6,ppb,8,Rochester Near-Road,24,100,42602,Nitrogen dioxide (NO2),574,40380,"Rochester, NY",36,New York,55,Monroe,43.14501268,-77.55728026
01/01/2017,AQS,1,24.8,ppb,23,Rochester Near-Road,24,100,42602,Nitrogen dioxide (NO2),574,40380,"Rochester, NY",36,New York,55,Monroe,43.14501268,-77.55728026
01/02/2017,AQS,1,29.1,ppb,27,Rochester Near-Road,24,100,42602,Nitrogen dioxide (NO2),574,40380,"Rochester, NY",36,New York,55,Monroe,43.14501268,-77.55728026
01/03/2017,AQS,1,15.4,ppb,14,Rochester Near-Road,24,100,42602,Nitrogen dioxide (NO2),574,40380,"Rochester, NY",36,New York,55,Monroe,43.14501268,-77.55728026
01/04/2017,AQS,1,15.9,ppb,14,Rochester Near-Road,24,100,42602,Nitrogen dioxide (NO2),574,40380,"Rochester, NY",36,New York,55,Monroe,43.14501268,-77.55728026
01/05/2017,AQS,1,19.4,ppb,18,Rochester Near-Road,24,100,42602,Nitrogen dioxide (NO2),574,40380,"Rochester, NY",36,New York,55,Monroe,43.14501268,-77.55728026
01/06/2017,AQS,1,24.5,ppb,23,Rochester Near-Road,21,88,42602,Nitrogen dioxide (NO2),574,40380,"Rochester, NY",36,New York,55,Monroe,43.14501268,-77.55728026
01/07/2017,AQS,1,13.8,ppb,12,Rochester Near-Road,24,100,42602,Nitrogen dioxide (NO2),574,40380,"Rochester, NY",36,New York,55,Monroe,43.14501268,-77.55728026
01/08/2017,AQS,1,11.1,ppb,10,Rochester Near-Road,24,100,42602,Nitrogen dioxide (NO2),574,40380,"Rochester, NY",36,New York,55,Monroe,43.14501268,-77.55728026
01/09/2017,AQS,1,31.9,ppb,29,Rochester Near-Road,24,100,42602,Nitrogen dioxide (NO2),574,40380,"Rochester, NY",36,New York,55,Monroe,43.14501268,-77.55728026
01/10/2017,AQS,1,25.9,ppb,24,Rochester Near-Road,24,100,42602,Nitrogen dioxide (NO2),574,40380,"Rochester, NY",36,New York,55,Monroe,43.14501268,-77.55728026
01/11/2017,AQS,1,34.7,ppb,32,Rochester Near-Road,24,100,42602,Nitrogen dioxide (NO2),574,40380,"Rochester, NY",36,New York,55,Monroe,43.14501268,-77.55728026
01/12/2017,AQS,1,20.3,ppb,19,Rochester Near-Road,24,100,42602,Nitrogen dioxide (NO2),574,40380,"Rochester, NY",36,New York,55,Monroe,43.14501268,-77.55728026
01/13/2017,AQS,1,12.6,ppb,11,Rochester Near-Road,21,88,42602,Nitrogen dioxide (NO2),574,40380,"Rochester, NY",36,New York,55,Monroe,43.14501268,-77.55728026
01/14/2017,AQS,1,30.2,ppb,28,Rochester Near-Road,24,100,42602,Nitrogen dioxide (NO2),574,40380,"Rochester, NY",36,New York,55,Monroe,43.14501268,-77.55728026
01/15/2017,AQS,1,29.6,ppb,27,Rochester Near-Road,24,100,42602,Nitrogen dioxide (NO2),574,40380,"Rochester, NY",36,New York,55,Monroe,43.14501268,-77.55728026
01/16/2017,AQS,1,44.9,ppb,42,Rochester Near-Road,24,100,42602,Nitrogen dioxide (NO2),574,40380,"Rochester, NY",36,New York,55,Monroe,43.14501268,-77.55728026
01/17/2017,AQS,1,39.5,ppb,37,Rochester Near-Road,24,100,42602,Nitrogen dioxide (NO2),574,40380,"Rochester, NY",36,New York,55,Monroe,43.14501268,-77.55728026
01/18/2017,AQS,1,21.6,ppb,20,Rochester Near-Road,24,100,42602,Nitrogen dioxide (NO2),574,40380,"Rochester, NY",36,New York,55,Monroe,43.14501268,-77.55728026
01/19/2017,AQS,1,19.5,ppb,18,Rochester Near-Road,24,100,42602,Nitrogen dioxide (NO2),574,40380,"Rochester, NY",36,New York,55,Monroe,43.14501268,-77.55728026
01/20/2017,AQS,1,17.5,ppb,16,Rochester Near-Road,20,83,42602,Nitrogen dioxide (NO2),574,40380,"Rochester, NY",36,New York,55,Monroe,43.14501268,-77.55728026
01/21/2017,AQS,1,17,ppb,16,Rochester Near-Road,24,100,42602,Nitrogen dioxide (NO2),574,40380,"Rochester, NY",36,New York,55,Monroe,43.14501268,-77.55728026
01/22/2017,AQS,1,18.1,ppb,17,Rochester Near-Road,24,100,42602,Nitrogen dioxide (NO2),574,40380,"Rochester, NY",36,New York,55,Monroe,43.14501268,-77.55728026
01/23/2017,AQS,1,11.2,ppb,10,Rochester Near-Road,24,100,42602,Nitrogen dioxide (NO2),574,40380,"Rochester, NY",36,New York,55,Monroe,43.14501268,-77.55728026
01/24/2017,AQS,1,14.3,ppb,13,Rochester Near-Road,24,100,42602,Nitrogen dioxide (NO2),574,40380,"Rochester, NY",36,New York,55,Monroe,43.14501268,-77.55728026
01/25/2017,AQS,1,19.4,ppb,18,Rochester Near-Road,24,100,42602,Nitrogen dioxide (NO2),574,40380,"Rochester, NY",36,New York,55,Monroe,43.14501268,-77.55728026
01/26/2017,AQS,1,14.4,ppb,13,Rochester Near-Road,24,100,42602,Nitrogen dioxide (NO2),574,40380,"Rochester, NY",36,New York,55,Monroe,43.14501268,-77.55728026
02/04/2017,AQS,1,20.7,ppb,19,Rochester Near-Road,24,100,42602,Nitrogen dioxide (NO2),574,40380,"Rochester, NY",36,New York,55,Monroe,43.14501268,-77.55728026
02/05/2017,AQS,1,11.4,ppb,10,Rochester Near-Road,24,100,42602,Nitrogen dioxide (NO2),574,40380,"Rochester, NY",36,New York,55,Monroe,43.14501268,-77.55728026
02/06/2017,AQS,1,21.8,ppb,20,Rochester Near-Road,24,100,42602,Nitrogen dioxide (NO2),574,40380,"Rochester, NY",36,New York,55,Monroe,43.14501268,-77.55728026
02/07/2017,AQS,1,23.2,ppb,22,Rochester Near-Road,24,100,42602,Nitrogen dioxide (NO2),574,40380,"Rochester, NY",36,New York,55,Monroe,43.14501268,-77.55728026
02/08/2017,AQS,1,9,ppb,8,Rochester Near-Road,24,100,42602,Nitrogen dioxide (NO2),574,40380,"Rochester, NY",36,New York,55,Monroe,43.14501268,-77.55728026
02/09/2017,AQS,1,17.9,ppb,16,Rochester Near-Road,24,100,42602,Nitrogen dioxide (NO2),574,40380,"Rochester, NY",36,New York,55,Monroe,43.14501268,-77.55728026
02/10/2017,AQS,1,14.2,ppb,13,Rochester Near-Road,22,92,42602,Nitrogen dioxide (NO2),574,40380,"Rochester, NY",36,New York,55,Monroe,43.14501268,-77.55728026
02/11/2017,AQS,1,32.6,ppb,30,Rochester Near-Road,24,100,42602,Nitrogen dioxide (NO2),574,40380,"Rochester, NY",36,New York,55,Monroe,43.14501268,-77.55728026
02/12/2017,AQS,1,24.3,ppb,23,Rochester Near-Road,24,100,42602,Nitrogen dioxide (NO2),574,40380,"Rochester, NY",36,New York,55,Monroe,43.14501268,-77.55728026
02/13/2017,AQS,1,20.1,ppb,19,Rochester Near-Road,24,100,42602,Nitrogen dioxide (NO2),574,40380,"Rochester, NY",36,New York,55,Monroe,43.14501268,-77.55728026
02/14/2017,AQS,1,39.3,ppb,37,Rochester Near-Road,24,100,42602,Nitrogen dioxide (NO2),574,40380,"Rochester, NY",36,New York,55,Monroe,43.14501268,-77.55728026
02/15/2017,AQS,1,23.4,ppb,22,Rochester Near-Road,24,100,42602,Nitrogen dioxide (NO2),574,40380,"Rochester, NY",36,New York,55,Monroe,43.14501268,-77.55728026
02/16/2017,AQS,1,11.9,ppb,10,Rochester Near-Road,24,100,42602,Nitrogen dioxide (NO2),574,40380,"Rochester, NY",36,New York,55,Monroe,43.14501268,-77.55728026
02/17/2017,AQS,1,21.1,ppb,20,Rochester Near-Road,22,92,42602,Nitrogen dioxide (NO2),574,40380,"Rochester, NY",36,New York,55,Monroe,43.14501268,-77.55728026
02/18/2017,AQS,1,31.3,ppb,29,Rochester Near-Road,24,100,42602,Nitrogen dioxide (NO2),574,40380,"Rochester, NY",36,New York,55,Monroe,43.14501268,-77.55728026
02/19/2017,AQS,1,19.4,ppb,18,Rochester Near-Road,24,100,42602,Nitrogen dioxide (NO2),574,40380,"Rochester, NY",36,New York,55,Monroe,43.14501268,-77.55728026
02/20/2017,AQS,1,17.6,ppb,16,Rochester Near-Road,24,100,42602,Nitrogen dioxide (NO2),574,40380,"Rochester, NY",36,New York,55,Monroe,43.14501268,-77.55728026
02/21/2017,AQS,1,22.9,ppb,21,Rochester Near-Road,24,100,42602,Nitrogen dioxide (NO2),574,40380,"Rochester, NY",36,New York,55,Monroe,43.14501268,-77.55728026
02/22/2017,AQS,1,32.9,ppb,30,Rochester Near-Road,24,100,42602,Nitrogen dioxide (NO2),574,40380,"Rochester, NY",36,New York,55,Monroe,43.14501268,-77.55728026
02/23/2017,AQS,1,16.7,ppb,15,Rochester Near-Road,24,100,42602,Nitrogen dioxide (NO2),574,40380,"Rochester, NY",36,New York,55,Monroe,43.14501268,-77.55728026
02/24/2017,AQS,1,14.7,ppb,13,Rochester Near-Road,21,88,42602,Nitrogen dioxide (NO2),574,40380,"Rochester, NY",36,New York,55,Monroe,43.14501268,-77.55728026
02/25/2017,AQS,1,14.3,ppb,13,Rochester Near-Road,24,100,42602,Nitrogen dioxide (NO2),574,40380,"Rochester, NY",36,New York,55,Monroe,43.14501268,-77.55728026
02/26/2017,AQS,1,11.2,ppb,10,Rochester Near-Road,24,100,42602,Nitrogen dioxide (NO2),574,40380,"Rochester, NY",36,New York,55,Monroe,43.14501268,-77.55728026
02/27/2017,AQS,1,32.2,ppb,30,Rochester Near-Road,24,100,42602,Nitrogen dioxide (NO2),574,40380,"Rochester, NY",36,New York,55,Monroe,43.14501268,-77.55728026
02/28/2017,AQS,1,35.8,ppb,33,Rochester Near-Road,24,100,42602,Nitrogen dioxide (NO2),574,40380,"Rochester, NY",36,New York,55,Monroe,43.14501268,-77.55728026
03/01/2017,AQS,1,29,ppb,27,Rochester Near-Road,22,92,42602,Nitrogen dioxide (NO2),574,40380,"Rochester, NY",36,New York,55,Monroe,43.14501268,-77.55728026
03/02/2017,AQS,1,9.6,ppb,8,Rochester Near-Road,24,100,42602,Nitrogen dioxide (NO2),574,40380,"Rochester, NY",36,New York,55,Monroe,43.14501268,-77.55728026
03/03/2017,AQS,1,27.9,ppb,25,Rochester Near-Road,24,100,42602,Nitrogen dioxide (NO2),574,40380,"Rochester, NY",36,New York,55,Monroe,43.14501268,-77.55728026
03/04/2017,AQS,1,19.4,ppb,18,Rochester Near-Road,24,100,42602,Nitrogen dioxide (NO2),574,40380,"Rochester, NY",36,New York,55,Monroe,43.14501268,-77.55728026
03/05/2017,AQS,1,24.2,ppb,23,Rochester Near-Road,24,100,42602,Nitrogen dioxide (NO2),574,40380,"Rochester, NY",36,New York,55,Monroe,43.14501268,-77.55728026
03/06/2017,AQS,1,22.5,ppb,21,Rochester Near-Road,23,96,42602,Nitrogen dioxide (NO2),574,40380,"Rochester, NY",36,New York,55,Monroe,43.14501268,-77.55728026
03/07/2017,AQS,1,15.7,ppb,14,Rochester Near-Road,24,100,42602,Nitrogen dioxide (NO2),574,40380,"Rochester, NY",36,New York,55,Monroe,43.14501268,-77.55728026
03/08/2017,AQS,1,15.2,ppb,14,Rochester Near-Road,24,100,42602,Nitrogen dioxide (NO2),574,40380,"Rochester, NY",36,New York,55,Monroe,43.14501268,-77.55728026
03/09/2017,AQS,1,15.1,ppb,14,Rochester Near-Road,24,100,42602,Nitrogen dioxide (NO2),574,40380,"Rochester, NY",36,New York,55,Monroe,43.14501268,-77.55728026
03/10/2017,AQS,1,12.5,ppb,11,Rochester Near-Road,22,92,42602,Nitrogen dioxide (NO2),574,40380,"Rochester, NY",36,New York,55,Monroe,43.14501268,-77.55728026
03/11/2017,AQS,1,9.7,ppb,8,Rochester Near-Road,24,100,42602,Nitrogen dioxide (NO2),574,40380,"Rochester, NY",36,New York,55,Monroe,43.14501268,-77.55728026
03/12/2017,AQS,1,12.6,ppb,11,Rochester Near-Road,24,100,42602,Nitrogen dioxide (NO2),574,40380,"Rochester, NY",36,New York,55,Monroe,43.14501268,-77.55728026
03/13/2017,AQS,1,23.3,ppb,22,Rochester Near-Road,24,100,42602,Nitrogen dioxide (NO2),574,40380,"Rochester, NY",36,New York,55,Monroe,43.14501268,-77.55728026
03/14/2017,AQS,1,21.9,ppb,20,Rochester Near-Road,24,100,42602,Nitrogen dioxide (NO2),574,40380,"Rochester, NY",36,New York,55,Monroe,43.14501268,-77.55728026
03/15/2017,AQS,1,11.1,ppb,10,Rochester Near-Road,24,100,42602,Nitrogen dioxide (NO2),574,40380,"Rochester, NY",36,New York,55,Monroe,43.14501268,-77.55728026
03/16/2017,AQS,1,28.6,ppb,26,Rochester Near-Road,24,100,42602,Nitrogen dioxide (NO2),574,40380,"Rochester, NY",36,New York,55,Monroe,43.14501268,-77.55728026
03/17/2017,AQS,1,30.9,ppb,28,Rochester Near-Road,22,92,42602,Nitrogen dioxide (NO2),574,40380,"Rochester, NY",36,New York,55,Monroe,43.14501268,-77.55728026
03/18/2017,AQS,1,17.4,ppb,16,Rochester Near-Road,24,100,42602,Nitrogen dioxide (NO2),574,40380,"Rochester, NY",36,New York,55,Monroe,43.14501268,-77.55728026
03/19/2017,AQS,1,25.2,ppb,24,Rochester Near-Road,24,100,42602,Nitrogen dioxide (NO2),574,40380,"Rochester, NY",36,New York,55,Monroe,43.14501268,-77.55728026
03/20/2017,AQS,1,37.1,ppb,35,Rochester Near-Road,24,100,42602,Nitrogen dioxide (NO2),574,40380,"Rochester, NY",36,New York,55,Monroe,43.14501268,-77.55728026
03/21/2017,AQS,1,25.2,ppb,24,Rochester Near-Road,24,100,42602,Nitrogen dioxide (NO2),574,40380,"Rochester, NY",36,New York,55,Monroe,43.14501268,-77.55728026
03/22/2017,AQS,1,17,ppb,16,Rochester Near-Road,24,100,42602,Nitrogen dioxide (NO2),574,40380,"Rochester, NY",36,New York,55,Monroe,43.14501268,-77.55728026
03/23/2017,AQS,1,35.8,ppb,33,Rochester Near-Road,24,100,42602,Nitrogen dioxide (NO2),574,40380,"Rochester, NY",36,New York,55,Monroe,43.14501268,-77.55728026
03/24/2017,AQS,1,23.1,ppb,22,Rochester Near-Road,19,79,42602,Nitrogen dioxide (NO2),574,40380,"Rochester, NY",36,New York,55,Monroe,43.14501268,-77.55728026
03/25/2017,AQS,1,11.5,ppb,10,Rochester Near-Road,24,100,42602,Nitrogen dioxide (NO2),574,40380,"Rochester, NY",36,New York,55,Monroe,43.14501268,-77.55728026
03/26/2017,AQS,1,6.6,ppb,6,Rochester Near-Road,24,100,42602,Nitrogen dioxide (NO2),574,40380,"Rochester, NY",36,New York,55,Monroe,43.14501268,-77.55728026
03/27/2017,AQS,1,16.3,ppb,15,Rochester Near-Road,24,100,42602,Nitrogen dioxide (NO2),574,40380,"Rochester, NY",36,New York,55,Monroe,43.14501268,-77.55728026
03/28/2017,AQS,1,24.5,ppb,23,Rochester Near-Road,24,100,42602,Nitrogen dioxide (NO2),574,40380,"Rochester, NY",36,New York,55,Monroe,43.14501268,-77.55728026
03/29/2017,AQS,1,28.5,ppb,26,Rochester Near-Road,24,100,42602,Nitrogen dioxide (NO2),574,40380,"Rochester, NY",36,New York,55,Monroe,43.14501268,-77.55728026
03/30/2017,AQS,1,28.8,ppb,26,Rochester Near-Road,24,100,42602,Nitrogen dioxide (NO2),574,40380,"Rochester, NY",36,New York,55,Monroe,43.14501268,-77.55728026
03/31/2017,AQS,1,19.7,ppb,18,Rochester Near-Road,22,92,42602,Nitrogen dioxide (NO2),574,40380,"Rochester, NY",36,New York,55,Monroe,43.14501268,-77.55728026
04/01/2017,AQS,1,15.8,ppb,14,Rochester Near-Road,24,100,42602,Nitrogen dioxide (NO2),574,40380,"Rochester, NY",36,New York,55,Monroe,43.14501268,-77.55728026
04/02/2017,AQS,1,14.2,ppb,13,Rochester Near-Road,24,100,42602,Nitrogen dioxide (NO2),574,40380,"Rochester, NY",36,New York,55,Monroe,43.14501268,-77.55728026
04/03/2017,AQS,1,35.5,ppb,33,Rochester Near-Road,24,100,42602,Nitrogen dioxide (NO2),574,40380,"Rochester, NY",36,New York,55,Monroe,43.14501268,-77.55728026
04/04/2017,AQS,1,19.5,ppb,18,Rochester Near-Road,24,100,42602,Nitrogen dioxide (NO2),574,40380,"Rochester, NY",36,New York,55,Monroe,43.14501268,-77.55728026
04/05/2017,AQS,1,10.6,ppb,9,Rochester Near-Road,24,100,42602,Nitrogen dioxide (NO2),574,40380,"Rochester, NY",36,New York,55,Monroe,43.14501268,-77.55728026
04/06/2017,AQS,1,16.7,ppb,15,Rochester Near-Road,24,100,42602,Nitrogen dioxide (NO2),574,40380,"Rochester, NY",36,New York,55,Monroe,43.14501268,-77.55728026
04/07/2017,AQS,1,14.7,ppb,13,Rochester Near-Road,21,88,42602,Nitrogen dioxide (NO2),574,40380,"Rochester, NY",36,New York,55,Monroe,43.14501268,-77.55728026
04/08/2017,AQS,1,19.9,ppb,18,Rochester Near-Road,24,100,42602,Nitrogen dioxide (NO2),574,40380,"Rochester, NY",36,New York,55,Monroe,43.14501268,-77.55728026
04/09/2017,AQS,1,26.7,ppb,25,Rochester Near-Road,24,100,42602,Nitrogen dioxide (NO2),574,40380,"Rochester, NY",36,New York,55,Monroe,43.14501268,-77.55728026
04/10/2017,AQS,1,25.1,ppb,24,Rochester Near-Road,24,100,42602,Nitrogen dioxide (NO2),574,40380,"Rochester, NY",36,New York,55,Monroe,43.14501268,-77.55728026
04/11/2017,AQS,1,19.6,ppb,18,Rochester Near-Road,24,100,42602,Nitrogen dioxide (NO2),574,40380,"Rochester, NY",36,New York,55,Monroe,43.14501268,-77.55728026
04/12/2017,AQS,1,9.8,ppb,8,Rochester Near-Road,24,100,42602,Nitrogen dioxide (NO2),574,40380,"Rochester, NY",36,New York,55,Monroe,43.14501268,-77.55728026
04/13/2017,AQS,1,27.5,ppb,25,Rochester Near-Road,24,100,42602,Nitrogen dioxide (NO2),574,40380,"Rochester, NY",36,New York,55,Monroe,43.14501268,-77.55728026
04/14/2017,AQS,1,30.2,ppb,28,Rochester Near-Road,22,92,42602,Nitrogen dioxide (NO2),574,40380,"Rochester, NY",36,New York,55,Monroe,43.14501268,-77.55728026
04/15/2017,AQS,1,17.9,ppb,16,Rochester Near-Road,24,100,42602,Nitrogen dioxide (NO2),574,40380,"Rochester, NY",36,New York,55,Monroe,43.14501268,-77.55728026
04/16/2017,AQS,1,10.2,ppb,9,Rochester Near-Road,24,100,42602,Nitrogen dioxide (NO2),574,40380,"Rochester, NY",36,New York,55,Monroe,43.14501268,-77.55728026
04/17/2017,AQS,1,9.9,ppb,8,Rochester Near-Road,24,100,42602,Nitrogen dioxide (NO2),574,40380,"Rochester, NY",36,New York,55,Monroe,43.14501268,-77.55728026
04/18/2017,AQS,1,11.9,ppb,10,Rochester Near-Road,24,100,42602,Nitrogen dioxide (NO2),574,40380,"Rochester, NY",36,New York,55,Monroe,43.14501268,-77.55728026
04/19/2017,AQS,1,21,ppb,20,Rochester Near-Road,24,100,42602,Nitrogen dioxide (NO2),574,40380,"Rochester, NY",36,New York,55,Monroe,43.14501268,-77.55728026
04/20/2017,AQS,1,11.9,ppb,10,Rochester Near-Road,24,100,42602,Nitrogen dioxide (NO2),574,40380,"Rochester, NY",36,New York,55,Monroe,43.14501268,-77.55728026
04/21/2017,AQS,1,14.2,ppb,13,Rochester Near-Road,22,92,42602,Nitrogen dioxide (NO2),574,40380,"Rochester, NY",36,New York,55,Monroe,43.14501268,-77.55728026
04/22/2017,AQS,1,18.3,ppb,17,Rochester Near-Road,24,100,42602,Nitrogen dioxide (NO2),574,40380,"Rochester, NY",36,New York,55,Monroe,43.14501268,-77.55728026
04/23/2017,AQS,1,21.7,ppb,20,Rochester Near-Road,24,100,42602,Nitrogen dioxide (NO2),574,40380,"Rochester, NY",36,New York,55,Monroe,43.14501268,-77.55728026
04/24/2017,AQS,1,22.7,ppb,21,Rochester Near-Road,24,100,42602,Nitrogen dioxide (NO2),574,40380,"Rochester, NY",36,New York,55,Monroe,43.14501268,-77.55728026
04/25/2017,AQS,1,21,ppb,20,Rochester Near-Road,24,100,42602,Nitrogen dioxide (NO2),574,40380,"Rochester, NY",36,New York,55,Monroe,43.14501268,-77.55728026
04/26/2017,AQS,1,13.4,ppb,12,Rochester Near-Road,24,100,42602,Nitrogen dioxide (NO2),574,40380,"Rochester, NY",36,New York,55,Monroe,43.14501268,-77.55728026
04/27/2017,AQS,1,16.3,ppb,15,Rochester Near-Road,21,88,42602,Nitrogen dioxide (NO2),574,40380,"Rochester, NY",36,New York,55,Monroe,43.14501268,-77.55728026
04/28/2017,AQS,1,14.1,ppb,13,Rochester Near-Road,24,100,42602,Nitrogen dioxide (NO2),574,40380,"Rochester, NY",36,New York,55,Monroe,43.14501268,-77.55728026
04/29/2017,AQS,1,15.3,ppb,14,Rochester Near-Road,24,100,42602,Nitrogen dioxide (NO2),574,40380,"Rochester, NY",36,New York,55,Monroe,43.14501268,-77.55728026
04/30/2017,AQS,1,6.8,ppb,6,Rochester Near-Road,24,100,42602,Nitrogen dioxide (NO2),574,40380,"Rochester, NY",36,New York,55,Monroe,43.14501268,-77.55728026
05/01/2017,AQS,1,20.8,ppb,19,Rochester Near-Road,24,100,42602,Nitrogen dioxide (NO2),574,40380,"Rochester, NY",36,New York,55,Monroe,43.14501268,-77.55728026
05/02/2017,AQS,1,16.1,ppb,15,Rochester Near-Road,24,100,42602,Nitrogen dioxide (NO2),574,40380,"Rochester, NY",36,New York,55,Monroe,43.14501268,-77.55728026
05/03/2017,AQS,1,22.7,ppb,21,Rochester Near-Road,24,100,42602,Nitrogen dioxide (NO2),574,40380,"Rochester, NY",36,New York,55,Monroe,43.14501268,-77.55728026
05/04/2017,AQS,1,23.1,ppb,22,Rochester Near-Road,24,100,42602,Nitrogen dioxide (NO2),574,40380,"Rochester, NY",36,New York,55,Monroe,43.14501268,-77.55728026
05/05/2017,AQS,1,17.9,ppb,16,Rochester Near-Road,22,92,42602,Nitrogen dioxide (NO2),574,40380,"Rochester, NY",36,New York,55,Monroe,43.14501268,-77.55728026
05/06/2017,AQS,1,10.3,ppb,9,Rochester Near-Road,24,100,42602,Nitrogen dioxide (NO2),574,40380,"Rochester, NY",36,New York,55,Monroe,43.14501268,-77.55728026
05/07/2017,AQS,1,11.9,ppb,10,Rochester Near-Road,24,100,42602,Nitrogen dioxide (NO2),574,40380,"Rochester, NY",36,New York,55,Monroe,43.14501268,-77.55728026
05/08/2017,AQS,1,17.2,ppb,16,Rochester Near-Road,24,100,42602,Nitrogen dioxide (NO2),574,40380,"Rochester, NY",36,New York,55,Monroe,43.14501268,-77.55728026
05/09/2017,AQS,1,20.1,ppb,19,Rochester Near-Road,24,100,42602,Nitrogen dioxide (NO2),574,40380,"Rochester, NY",36,New York,55,Monroe,43.14501268,-77.55728026
05/10/2017,AQS,1,17.8,ppb,16,Rochester Near-Road,24,100,42602,Nitrogen dioxide (NO2),574,40380,"Rochester, NY",36,New York,55,Monroe,43.14501268,-77.55728026
05/11/2017,AQS,1,17.8,ppb,16,Rochester Near-Road,24,100,42602,Nitrogen dioxide (NO2),574,40380,"Rochester, NY",36,New York,55,Monroe,43.14501268,-77.55728026
05/12/2017,AQS,1,22.3,ppb,21,Rochester Near-Road,21,88,42602,Nitrogen dioxide (NO2),574,40380,"Rochester, NY",36,New York,55,Monroe,43.14501268,-77.55728026
05/13/2017,AQS,1,22.1,ppb,21,Rochester Near-Road,24,100,42602,Nitrogen dioxide (NO2),574,40380,"Rochester, NY",36,New York,55,Monroe,43.14501268,-77.55728026
05/14/2017,AQS,1,23.2,ppb,22,Rochester Near-Road,24,100,42602,Nitrogen dioxide (NO2),574,40380,"Rochester, NY",36,New York,55,Monroe,43.14501268,-77.55728026
05/15/2017,AQS,1,12.1,ppb,11,Rochester Near-Road,24,100,42602,Nitrogen dioxide (NO2),574,40380,"Rochester, NY",36,New York,55,Monroe,43.14501268,-77.55728026
05/16/2017,AQS,1,18.9,ppb,17,Rochester Near-Road,24,100,42602,Nitrogen dioxide (NO2),574,40380,"Rochester, NY",36,New York,55,Monroe,43.14501268,-77.55728026
05/17/2017,AQS,1,21.7,ppb,20,Rochester Near-Road,24,100,42602,Nitrogen dioxide (NO2),574,40380,"Rochester, NY",36,New York,55,Monroe,43.14501268,-77.55728026
05/18/2017,AQS,1,16.7,ppb,15,Rochester Near-Road,24,100,42602,Nitrogen dioxide (NO2),574,40380,"Rochester, NY",36,New York,55,Monroe,43.14501268,-77.55728026
05/19/2017,AQS,1,17,ppb,16,Rochester Near-Road,21,88,42602,Nitrogen dioxide (NO2),574,40380,"Rochester, NY",36,New York,55,Monroe,43.14501268,-77.55728026
05/20/2017,AQS,1,8.7,ppb,8,Rochester Near-Road,24,100,42602,Nitrogen dioxide (NO2),574,40380,"Rochester, NY",36,New York,55,Monroe,43.14501268,-77.55728026
05/21/2017,AQS,1,8.1,ppb,8,Rochester Near-Road,24,100,42602,Nitrogen dioxide (NO2),574,40380,"Rochester, NY",36,New York,55,Monroe,43.14501268,-77.55728026
05/22/2017,AQS,1,11.9,ppb,10,Rochester Near-Road,24,100,42602,Nitrogen dioxide (NO2),574,40380,"Rochester, NY",36,New York,55,Monroe,43.14501268,-77.55728026
05/23/2017,AQS,1,18.9,ppb,17,Rochester Near-Road,24,100,42602,Nitrogen dioxide (NO2),574,40380,"Rochester, NY",36,New York,55,Monroe,43.14501268,-77.55728026
05/24/2017,AQS,1,23.9,ppb,22,Rochester Near-Road,24,100,42602,Nitrogen dioxide (NO2),574,40380,"Rochester, NY",36,New York,55,Monroe,43.14501268,-77.55728026
05/25/2017,AQS,1,13.2,ppb,12,Rochester Near-Road,24,100,42602,Nitrogen dioxide (NO2),574,40380,"Rochester, NY",36,New York,55,Monroe,43.14501268,-77.55728026
05/26/2017,AQS,1,15.3,ppb,14,Rochester Near-Road,21,88,42602,Nitrogen dioxide (NO2),574,40380,"Rochester, NY",36,New York,55,Monroe,43.14501268,-77.55728026
05/27/2017,AQS,1,17.1,ppb,16,Rochester Near-Road,24,100,42602,Nitrogen dioxide (NO2),574,40380,"Rochester, NY",36,New York,55,Monroe,43.14501268,-77.55728026
05/28/2017,AQS,1,12.6,ppb,11,Rochester Near-Road,24,100,42602,Nitrogen dioxide (NO2),574,40380,"Rochester, NY",36,New York,55,Monroe,43.14501268,-77.55728026
05/29/2017,AQS,1,16.5,ppb,15,Rochester Near-Road,24,100,42602,Nitrogen dioxide (NO2),574,40380,"Rochester, NY",36,New York,55,Monroe,43.14501268,-77.55728026
05/30/2017,AQS,1,18.1,ppb,17,Rochester Near-Road,24,100,42602,Nitrogen dioxide (NO2),574,40380,"Rochester, NY",36,New York,55,Monroe,43.14501268,-77.55728026
05/31/2017,AQS,1,13.2,ppb,12,Rochester Near-Road,24,100,42602,Nitrogen dioxide (NO2),574,40380,"Rochester, NY",36,New York,55,Monroe,43.14501268,-77.55728026
06/01/2017,AQS,1,16,ppb,15,Rochester Near-Road,24,100,42602,Nitrogen dioxide (NO2),574,40380,"Rochester, NY",36,New York,55,Monroe,43.14501268,-77.55728026
06/02/2017,AQS,1,21.1,ppb,20,Rochester Near-Road,21,88,42602,Nitrogen dioxide (NO2),574,40380,"Rochester, NY",36,New York,55,Monroe,43.14501268,-77.55728026
06/03/2017,AQS,1,21.5,ppb,20,Rochester Near-Road,24,100,42602,Nitrogen dioxide (NO2),574,40380,"Rochester, NY",36,New York,55,Monroe,43.14501268,-77.55728026
06/04/2017,AQS,1,9.5,ppb,8,Rochester Near-Road,24,100,42602,Nitrogen dioxide (NO2),574,40380,"Rochester, NY",36,New York,55,Monroe,43.14501268,-77.55728026
06/05/2017,AQS,1,14.8,ppb,13,Rochester Near-Road,24,100,42602,Nitrogen dioxide (NO2),574,40380,"Rochester, NY",36,New York,55,Monroe,43.14501268,-77.55728026
06/06/2017,AQS,1,14.1,ppb,13,Rochester Near-Road,24,100,42602,Nitrogen dioxide (NO2),574,40380,"Rochester, NY",36,New York,55,Monroe,43.14501268,-77.55728026
06/07/2017,AQS,1,22.8,ppb,21,Rochester Near-Road,24,100,42602,Nitrogen dioxide (NO2),574,40380,"Rochester, NY",36,New York,55,Monroe,43.14501268,-77.55728026
06/08/2017,AQS,1,16.3,ppb,15,Rochester Near-Road,24,100,42602,Nitrogen dioxide (NO2),574,40380,"Rochester, NY",36,New York,55,Monroe,43.14501268,-77.55728026
06/09/2017,AQS,1,15.9,ppb,14,Rochester Near-Road,21,88,42602,Nitrogen dioxide (NO2),574,40380,"Rochester, NY",36,New York,55,Monroe,43.14501268,-77.55728026
06/10/2017,AQS,1,10.6,ppb,9,Rochester Near-Road,24,100,42602,Nitrogen dioxide (NO2),574,40380,"Rochester, NY",36,New York,55,Monroe,43.14501268,-77.55728026
06/11/2017,AQS,1,7,ppb,7,Rochester Near-Road,24,100,42602,Nitrogen dioxide (NO2),574,40380,"Rochester, NY",36,New York,55,Monroe,43.14501268,-77.55728026
06/12/2017,AQS,1,13.2,ppb,12,Rochester Near-Road,24,100,42602,Nitrogen dioxide (NO2),574,40380,"Rochester, NY",36,New York,55,Monroe,43.14501268,-77.55728026
06/13/2017,AQS,1,21.6,ppb,20,Rochester Near-Road,24,100,42602,Nitrogen dioxide (NO2),574,40380,"Rochester, NY",36,New York,55,Monroe,43.14501268,-77.55728026
06/14/2017,AQS,1,17.6,ppb,16,Rochester Near-Road,24,100,42602,Nitrogen dioxide (NO2),574,40380,"Rochester, NY",36,New York,55,Monroe,43.14501268,-77.55728026
06/15/2017,AQS,1,22.1,ppb,21,Rochester Near-Road,24,100,42602,Nitrogen dioxide (NO2),574,40380,"Rochester, NY",36,New York,55,Monroe,43.14501268,-77.55728026
06/16/2017,AQS,1,14.1,ppb,13,Rochester Near-Road,22,92,42602,Nitrogen dioxide (NO2),574,40380,"Rochester, NY",36,New York,55,Monroe,43.14501268,-77.55728026
06/17/2017,AQS,1,8.7,ppb,8,Rochester Near-Road,24,100,42602,Nitrogen dioxide (NO2),574,40380,"Rochester, NY",36,New York,55,Monroe,43.14501268,-77.55728026
06/18/2017,AQS,1,6.8,ppb,6,Rochester Near-Road,24,100,42602,Nitrogen dioxide (NO2),574,40380,"Rochester, NY",36,New York,55,Monroe,43.14501268,-77.55728026
06/19/2017,AQS,1,15.9,ppb,14,Rochester Near-Road,24,100,42602,Nitrogen dioxide (NO2),574,40380,"Rochester, NY",36,New York,55,Monroe,43.14501268,-77.55728026
06/20/2017,AQS,1,13.1,ppb,12,Rochester Near-Road,24,100,42602,Nitrogen dioxide (NO2),574,40380,"Rochester, NY",36,New York,55,Monroe,43.14501268,-77.55728026
06/21/2017,AQS,1,17.6,ppb,16,Rochester Near-Road,22,92,42602,Nitrogen dioxide (NO2),574,40380,"Rochester, NY",36,New York,55,Monroe,43.14501268,-77.55728026
06/22/2017,AQS,1,16,ppb,15,Rochester Near-Road,24,100,42602,Nitrogen dioxide (NO2),574,40380,"Rochester, NY",36,New York,55,Monroe,43.14501268,-77.55728026
06/23/2017,AQS,1,12.8,ppb,11,Rochester Near-Road,24,100,42602,Nitrogen dioxide (NO2),574,40380,"Rochester, NY",36,New York,55,Monroe,43.14501268,-77.55728026
06/24/2017,AQS,1,8.4,ppb,8,Rochester Near-Road,24,100,42602,Nitrogen dioxide (NO2),574,40380,"Rochester, NY",36,New York,55,Monroe,43.14501268,-77.55728026
06/25/2017,AQS,1,7.8,ppb,7,Rochester Near-Road,24,100,42602,Nitrogen dioxide (NO2),574,40380,"Rochester, NY",36,New York,55,Monroe,43.14501268,-77.55728026
06/26/2017,AQS,1,12.2,ppb,11,Rochester Near-Road,24,100,42602,Nitrogen dioxide (NO2),574,40380,"Rochester, NY",36,New York,55,Monroe,43.14501268,-77.55728026
06/27/2017,AQS,1,13.7,ppb,12,Rochester Near-Road,24,100,42602,Nitrogen dioxide (NO2),574,40380,"Rochester, NY",36,New York,55,Monroe,43.14501268,-77.55728026
06/28/2017,AQS,1,13.9,ppb,12,Rochester Near-Road,24,100,42602,Nitrogen dioxide (NO2),574,40380,"Rochester, NY",36,New York,55,Monroe,43.14501268,-77.55728026
06/29/2017,AQS,1,21.8,ppb,20,Rochester Near-Road,24,100,42602,Nitrogen dioxide (NO2),574,40380,"Rochester, NY",36,New York,55,Monroe,43.14501268,-77.55728026
06/30/2017,AQS,1,17,ppb,16,Rochester Near-Road,19,79,42602,Nitrogen dioxide (NO2),574,40380,"Rochester, NY",36,New York,55,Monroe,43.14501268,-77.55728026
07/01/2017,AQS,1,8.6,ppb,8,Rochester Near-Road,24,100,42602,Nitrogen dioxide (NO2),574,40380,"Rochester, NY",36,New York,55,Monroe,43.14501268,-77.55728026
07/02/2017,AQS,1,5.9,ppb,5,Rochester Near-Road,24,100,42602,Nitrogen dioxide (NO2),574,40380,"Rochester, NY",36,New York,55,Monroe,43.14501268,-77.55728026
07/03/2017,AQS,1,21.3,ppb,20,Rochester Near-Road,18,75,42602,Nitrogen dioxide (NO2),574,40380,"Rochester, NY",36,New York,55,Monroe,43.14501268,-77.55728026
07/04/2017,AQS,1,20.4,ppb,19,Rochester Near-Road,24,100,42602,Nitrogen dioxide (NO2),574,40380,"Rochester, NY",36,New York,55,Monroe,43.14501268,-77.55728026
07/05/2017,AQS,1,15.7,ppb,14,Rochester Near-Road,24,100,42602,Nitrogen dioxide (NO2),574,40380,"Rochester, NY",36,New York,55,Monroe,43.14501268,-77.55728026
07/06/2017,AQS,1,15.6,ppb,14,Rochester Near-Road,24,100,42602,Nitrogen dioxide (NO2),574,40380,"Rochester, NY",36,New York,55,Monroe,43.14501268,-77.55728026
07/07/2017,AQS,1,15.2,ppb,14,Rochester Near-Road,24,100,42602,Nitrogen dioxide (NO2),574,40380,"Rochester, NY",36,New York,55,Monroe,43.14501268,-77.55728026
07/08/2017,AQS,1,13.2,ppb,12,Rochester Near-Road,24,100,42602,Nitrogen dioxide (NO2),574,40380,"Rochester, NY",36,New York,55,Monroe,43.14501268,-77.55728026
07/09/2017,AQS,1,8,ppb,8,Rochester Near-Road,24,100,42602,Nitrogen dioxide (NO2),574,40380,"Rochester, NY",36,New York,55,Monroe,43.14501268,-77.55728026
07/10/2017,AQS,1,15.9,ppb,14,Rochester Near-Road,24,100,42602,Nitrogen dioxide (NO2),574,40380,"Rochester, NY",36,New York,55,Monroe,43.14501268,-77.55728026
07/11/2017,AQS,1,18.4,ppb,17,Rochester Near-Road,24,100,42602,Nitrogen dioxide (NO2),574,40380,"Rochester, NY",36,New York,55,Monroe,43.14501268,-77.55728026
07/12/2017,AQS,1,13.7,ppb,12,Rochester Near-Road,24,100,42602,Nitrogen dioxide (NO2),574,40380,"Rochester, NY",36,New York,55,Monroe,43.14501268,-77.55728026
07/13/2017,AQS,1,12.4,ppb,11,Rochester Near-Road,24,100,42602,Nitrogen dioxide (NO2),574,40380,"Rochester, NY",36,New York,55,Monroe,43.14501268,-77.55728026
07/14/2017,AQS,1,13.4,ppb,12,Rochester Near-Road,24,100,42602,Nitrogen dioxide (NO2),574,40380,"Rochester, NY",36,New York,55,Monroe,43.14501268,-77.55728026
07/15/2017,AQS,1,7,ppb,7,Rochester Near-Road,22,92,42602,Nitrogen dioxide (NO2),574,40380,"Rochester, NY",36,New York,55,Monroe,43.14501268,-77.55728026
07/16/2017,AQS,1,8.7,ppb,8,Rochester Near-Road,24,100,42602,Nitrogen dioxide (NO2),574,40380,"Rochester, NY",36,New York,55,Monroe,43.14501268,-77.55728026
07/17/2017,AQS,1,15.3,ppb,14,Rochester Near-Road,24,100,42602,Nitrogen dioxide (NO2),574,40380,"Rochester, NY",36,New York,55,Monroe,43.14501268,-77.55728026
07/18/2017,AQS,1,17.7,ppb,16,Rochester Near-Road,24,100,42602,Nitrogen dioxide (NO2),574,40380,"Rochester, NY",36,New York,55,Monroe,43.14501268,-77.55728026
07/19/2017,AQS,1,21.1,ppb,20,Rochester Near-Road,24,100,42602,Nitrogen dioxide (NO2),574,40380,"Rochester, NY",36,New York,55,Monroe,43.14501268,-77.55728026
07/20/2017,AQS,1,21.6,ppb,20,Rochester Near-Road,24,100,42602,Nitrogen dioxide (NO2),574,40380,"Rochester, NY",36,New York,55,Monroe,43.14501268,-77.55728026
07/21/2017,AQS,1,26,ppb,25,Rochester Near-Road,24,100,42602,Nitrogen dioxide (NO2),574,40380,"Rochester, NY",36,New York,55,Monroe,43.14501268,-77.55728026
07/22/2017,AQS,1,13,ppb,12,Rochester Near-Road,22,92,42602,Nitrogen dioxide (NO2),574,40380,"Rochester, NY",36,New York,55,Monroe,43.14501268,-77.55728026
07/23/2017,AQS,1,7.8,ppb,7,Rochester Near-Road,24,100,42602,Nitrogen dioxide (NO2),574,40380,"Rochester, NY",36,New York,55,Monroe,43.14501268,-77.55728026
07/24/2017,AQS,1,17.2,ppb,16,Rochester Near-Road,24,100,42602,Nitrogen dioxide (NO2),574,40380,"Rochester, NY",36,New York,55,Monroe,43.14501268,-77.55728026
07/25/2017,AQS,1,14.6,ppb,13,Rochester Near-Road,24,100,42602,Nitrogen dioxide (NO2),574,40380,"Rochester, NY",36,New York,55,Monroe,43.14501268,-77.55728026
07/26/2017,AQS,1,12.1,ppb,11,Rochester Near-Road,24,100,42602,Nitrogen dioxide (NO2),574,40380,"Rochester, NY",36,New York,55,Monroe,43.14501268,-77.55728026
07/27/2017,AQS,1,28.1,ppb,26,Rochester Near-Road,24,100,42602,Nitrogen dioxide (NO2),574,40380,"Rochester, NY",36,New York,55,Monroe,43.14501268,-77.55728026
07/28/2017,AQS,1,14.5,ppb,13,Rochester Near-Road,22,92,42602,Nitrogen dioxide (NO2),574,40380,"Rochester, NY",36,New York,55,Monroe,43.14501268,-77.55728026
07/29/2017,AQS,1,17.9,ppb,16,Rochester Near-Road,24,100,42602,Nitrogen dioxide (NO2),574,40380,"Rochester, NY",36,New York,55,Monroe,43.14501268,-77.55728026
07/30/2017,AQS,1,16.1,ppb,15,Rochester Near-Road,24,100,42602,Nitrogen dioxide (NO2),574,40380,"Rochester, NY",36,New York,55,Monroe,43.14501268,-77.55728026
07/31/2017,AQS,1,15.7,ppb,14,Rochester Near-Road,24,100,42602,Nitrogen dioxide (NO2),574,40380,"Rochester, NY",36,New York,55,Monroe,43.14501268,-77.55728026
08/01/2017,AQS,1,15.6,ppb,14,Rochester Near-Road,19,79,42602,Nitrogen dioxide (NO2),574,40380,"Rochester, NY",36,New York,55,Monroe,43.14501268,-77.55728026
08/02/2017,AQS,1,22.2,ppb,21,Rochester Near-Road,24,100,42602,Nitrogen dioxide (NO2),574,40380,"Rochester, NY",36,New York,55,Monroe,43.14501268,-77.55728026
08/03/2017,AQS,1,17.9,ppb,16,Rochester Near-Road,24,100,42602,Nitrogen dioxide (NO2),574,40380,"Rochester, NY",36,New York,55,Monroe,43.14501268,-77.55728026
08/04/2017,AQS,1,15.6,ppb,14,Rochester Near-Road,24,100,42602,Nitrogen dioxide (NO2),574,40380,"Rochester, NY",36,New York,55,Monroe,43.14501268,-77.55728026
08/05/2017,AQS,1,8.3,ppb,8,Rochester Near-Road,24,100,42602,Nitrogen dioxide (NO2),574,40380,"Rochester, NY",36,New York,55,Monroe,43.14501268,-77.55728026
08/06/2017,AQS,1,12.4,ppb,11,Rochester Near-Road,24,100,42602,Nitrogen dioxide (NO2),574,40380,"Rochester, NY",36,New York,55,Monroe,43.14501268,-77.55728026
08/08/2017,AQS,1,15.8,ppb,14,Rochester Near-Road,24,100,42602,Nitrogen dioxide (NO2),574,40380,"Rochester, NY",36,New York,55,Monroe,43.14501268,-77.55728026
08/09/2017,AQS,1,15.2,ppb,14,Rochester Near-Road,24,100,42602,Nitrogen dioxide (NO2),574,40380,"Rochester, NY",36,New York,55,Monroe,43.14501268,-77.55728026
08/11/2017,AQS,1,26.1,ppb,25,Rochester Near-Road,24,100,42602,Nitrogen dioxide (NO2),574,40380,"Rochester, NY",36,New York,55,Monroe,43.14501268,-77.55728026
08/12/2017,AQS,1,7.8,ppb,7,Rochester Near-Road,24,100,42602,Nitrogen dioxide (NO2),574,40380,"Rochester, NY",36,New York,55,Monroe,43.14501268,-77.55728026
08/13/2017,AQS,1,13.2,ppb,12,Rochester Near-Road,24,100,42602,Nitrogen dioxide (NO2),574,40380,"Rochester, NY",36,New York,55,Monroe,43.14501268,-77.55728026
08/14/2017,AQS,1,14.3,ppb,13,Rochester Near-Road,24,100,42602,Nitrogen dioxide (NO2),574,40380,"Rochester, NY",36,New York,55,Monroe,43.14501268,-77.55728026
08/15/2017,AQS,1,16.1,ppb,15,Rochester Near-Road,22,92,42602,Nitrogen dioxide (NO2),574,40380,"Rochester, NY",36,New York,55,Monroe,43.14501268,-77.55728026
08/16/2017,AQS,1,16.7,ppb,15,Rochester Near-Road,24,100,42602,Nitrogen dioxide (NO2),574,40380,"Rochester, NY",36,New York,55,Monroe,43.14501268,-77.55728026
08/17/2017,AQS,1,17,ppb,16,Rochester Near-Road,24,100,42602,Nitrogen dioxide (NO2),574,40380,"Rochester, NY",36,New York,55,Monroe,43.14501268,-77.55728026
08/18/2017,AQS,1,11.1,ppb,10,Rochester Near-Road,22,92,42602,Nitrogen dioxide (NO2),574,40380,"Rochester, NY",36,New York,55,Monroe,43.14501268,-77.55728026
08/19/2017,AQS,1,8.1,ppb,8,Rochester Near-Road,24,100,42602,Nitrogen dioxide (NO2),574,40380,"Rochester, NY",36,New York,55,Monroe,43.14501268,-77.55728026
08/20/2017,AQS,1,11.4,ppb,10,Rochester Near-Road,24,100,42602,Nitrogen dioxide (NO2),574,40380,"Rochester, NY",36,New York,55,Monroe,43.14501268,-77.55728026
08/21/2017,AQS,1,17.6,ppb,16,Rochester Near-Road,24,100,42602,Nitrogen dioxide (NO2),574,40380,"Rochester, NY",36,New York,55,Monroe,43.14501268,-77.55728026
08/22/2017,AQS,1,12.1,ppb,11,Rochester Near-Road,24,100,42602,Nitrogen dioxide (NO2),574,40380,"Rochester, NY",36,New York,55,Monroe,43.14501268,-77.55728026
08/23/2017,AQS,1,14.8,ppb,13,Rochester Near-Road,24,100,42602,Nitrogen dioxide (NO2),574,40380,"Rochester, NY",36,New York,55,Monroe,43.14501268,-77.55728026
08/25/2017,AQS,1,13.5,ppb,12,Rochester Near-Road,24,100,42602,Nitrogen dioxide (NO2),574,40380,"Rochester, NY",36,New York,55,Monroe,43.14501268,-77.55728026
08/26/2017,AQS,1,16.4,ppb,15,Rochester Near-Road,24,100,42602,Nitrogen dioxide (NO2),574,40380,"Rochester, NY",36,New York,55,Monroe,43.14501268,-77.55728026
08/27/2017,AQS,1,9.1,ppb,8,Rochester Near-Road,24,100,42602,Nitrogen dioxide (NO2),574,40380,"Rochester, NY",36,New York,55,Monroe,43.14501268,-77.55728026
08/28/2017,AQS,1,13.6,ppb,12,Rochester Near-Road,24,100,42602,Nitrogen dioxide (NO2),574,40380,"Rochester, NY",36,New York,55,Monroe,43.14501268,-77.55728026
08/29/2017,AQS,1,17.4,ppb,16,Rochester Near-Road,24,100,42602,Nitrogen dioxide (NO2),574,40380,"Rochester, NY",36,New York,55,Monroe,43.14501268,-77.55728026
08/30/2017,AQS,1,19.5,ppb,18,Rochester Near-Road,24,100,42602,Nitrogen dioxide (NO2),574,40380,"Rochester, NY",36,New York,55,Monroe,43.14501268,-77.55728026
08/31/2017,AQS,1,6.8,ppb,6,Rochester Near-Road,24,100,42602,Nitrogen dioxide (NO2),574,40380,"Rochester, NY",36,New York,55,Monroe,43.14501268,-77.55728026
09/01/2017,AQS,1,12.3,ppb,11,Rochester Near-Road,22,92,42602,Nitrogen dioxide (NO2),574,40380,"Rochester, NY",36,New York,55,Monroe,43.14501268,-77.55728026
09/02/2017,AQS,1,8.4,ppb,8,Rochester Near-Road,24,100,42602,Nitrogen dioxide (NO2),574,40380,"Rochester, NY",36,New York,55,Monroe,43.14501268,-77.55728026
09/03/2017,AQS,1,6.1,ppb,6,Rochester Near-Road,24,100,42602,Nitrogen dioxide (NO2),574,40380,"Rochester, NY",36,New York,55,Monroe,43.14501268,-77.55728026
09/04/2017,AQS,1,5.1,ppb,5,Rochester Near-Road,24,100,42602,Nitrogen dioxide (NO2),574,40380,"Rochester, NY",36,New York,55,Monroe,43.14501268,-77.55728026
09/06/2017,AQS,1,17.8,ppb,16,Rochester Near-Road,24,100,42602,Nitrogen dioxide (NO2),574,40380,"Rochester, NY",36,New York,55,Monroe,43.14501268,-77.55728026
09/07/2017,AQS,1,11.3,ppb,10,Rochester Near-Road,24,100,42602,Nitrogen dioxide (NO2),574,40380,"Rochester, NY",36,New York,55,Monroe,43.14501268,-77.55728026
09/08/2017,AQS,1,11.1,ppb,10,Rochester Near-Road,24,100,42602,Nitrogen dioxide (NO2),574,40380,"Rochester, NY",36,New York,55,Monroe,43.14501268,-77.55728026
09/09/2017,AQS,1,13.3,ppb,12,Rochester Near-Road,24,100,42602,Nitrogen dioxide (NO2),574,40380,"Rochester, NY",36,New York,55,Monroe,43.14501268,-77.55728026
09/10/2017,AQS,1,11.3,ppb,10,Rochester Near-Road,24,100,42602,Nitrogen dioxide (NO2),574,40380,"Rochester, NY",36,New York,55,Monroe,43.14501268,-77.55728026
09/11/2017,AQS,1,15.4,ppb,14,Rochester Near-Road,24,100,42602,Nitrogen dioxide (NO2),574,40380,"Rochester, NY",36,New York,55,Monroe,43.14501268,-77.55728026
09/12/2017,AQS,1,17.2,ppb,16,Rochester Near-Road,24,100,42602,Nitrogen dioxide (NO2),574,40380,"Rochester, NY",36,New York,55,Monroe,43.14501268,-77.55728026
09/13/2017,AQS,1,13.4,ppb,12,Rochester Near-Road,24,100,42602,Nitrogen dioxide (NO2),574,40380,"Rochester, NY",36,New York,55,Monroe,43.14501268,-77.55728026
09/14/2017,AQS,1,22.6,ppb,21,Rochester Near-Road,22,92,42602,Nitrogen dioxide (NO2),574,40380,"Rochester, NY",36,New York,55,Monroe,43.14501268,-77.55728026
09/15/2017,AQS,1,19.5,ppb,18,Rochester Near-Road,24,100,42602,Nitrogen dioxide (NO2),574,40380,"Rochester, NY",36,New York,55,Monroe,43.14501268,-77.55728026
09/16/2017,AQS,1,17.6,ppb,16,Rochester Near-Road,24,100,42602,Nitrogen dioxide (NO2),574,40380,"Rochester, NY",36,New York,55,Monroe,43.14501268,-77.55728026
09/17/2017,AQS,1,12.7,ppb,11,Rochester Near-Road,24,100,42602,Nitrogen dioxide (NO2),574,40380,"Rochester, NY",36,New York,55,Monroe,43.14501268,-77.55728026
09/18/2017,AQS,1,20,ppb,19,Rochester Near-Road,24,100,42602,Nitrogen dioxide (NO2),574,40380,"Rochester, NY",36,New York,55,Monroe,43.14501268,-77.55728026
09/19/2017,AQS,1,15.5,ppb,14,Rochester Near-Road,24,100,42602,Nitrogen dioxide (NO2),574,40380,"Rochester, NY",36,New York,55,Monroe,43.14501268,-77.55728026
09/20/2017,AQS,1,26.5,ppb,25,Rochester Near-Road,24,100,42602,Nitrogen dioxide (NO2),574,40380,"Rochester, NY",36,New York,55,Monroe,43.14501268,-77.55728026
09/21/2017,AQS,1,22.7,ppb,21,Rochester Near-Road,24,100,42602,Nitrogen dioxide (NO2),574,40380,"Rochester, NY",36,New York,55,Monroe,43.14501268,-77.55728026
09/23/2017,AQS,1,19.5,ppb,18,Rochester Near-Road,24,100,42602,Nitrogen dioxide (NO2),574,40380,"Rochester, NY",36,New York,55,Monroe,43.14501268,-77.55728026
09/24/2017,AQS,1,19,ppb,18,Rochester Near-Road,24,100,42602,Nitrogen dioxide (NO2),574,40380,"Rochester, NY",36,New York,55,Monroe,43.14501268,-77.55728026
09/25/2017,AQS,1,20.8,ppb,19,Rochester Near-Road,24,100,42602,Nitrogen dioxide (NO2),574,40380,"Rochester, NY",36,New York,55,Monroe,43.14501268,-77.55728026
09/26/2017,AQS,1,24.3,ppb,23,Rochester Near-Road,24,100,42602,Nitrogen dioxide (NO2),574,40380,"Rochester, NY",36,New York,55,Monroe,43.14501268,-77.55728026
09/27/2017,AQS,1,15.9,ppb,14,Rochester Near-Road,24,100,42602,Nitrogen dioxide (NO2),574,40380,"Rochester, NY",36,New York,55,Monroe,43.14501268,-77.55728026
09/28/2017,AQS,1,14.8,ppb,13,Rochester Near-Road,23,96,42602,Nitrogen dioxide (NO2),574,40380,"Rochester, NY",36,New York,55,Monroe,43.14501268,-77.55728026
09/29/2017,AQS,1,19.6,ppb,18,Rochester Near-Road,21,88,42602,Nitrogen dioxide (NO2),574,40380,"Rochester, NY",36,New York,55,Monroe,43.14501268,-77.55728026
09/30/2017,AQS,1,17.6,ppb,16,Rochester Near-Road,24,100,42602,Nitrogen dioxide (NO2),574,40380,"Rochester, NY",36,New York,55,Monroe,43.14501268,-77.55728026
10/01/2017,AQS,1,17.2,ppb,16,Rochester Near-Road,24,100,42602,Nitrogen dioxide (NO2),574,40380,"Rochester, NY",36,New York,55,Monroe,43.14501268,-77.55728026
10/02/2017,AQS,1,14.2,ppb,13,Rochester Near-Road,24,100,42602,Nitrogen dioxide (NO2),574,40380,"Rochester, NY",36,New York,55,Monroe,43.14501268,-77.55728026
10/03/2017,AQS,1,29.1,ppb,27,Rochester Near-Road,24,100,42602,Nitrogen dioxide (NO2),574,40380,"Rochester, NY",36,New York,55,Monroe,43.14501268,-77.55728026
10/04/2017,AQS,1,13.4,ppb,12,Rochester Near-Road,24,100,42602,Nitrogen dioxide (NO2),574,40380,"Rochester, NY",36,New York,55,Monroe,43.14501268,-77.55728026
10/06/2017,AQS,1,15.7,ppb,14,Rochester Near-Road,24,100,42602,Nitrogen dioxide (NO2),574,40380,"Rochester, NY",36,New York,55,Monroe,43.14501268,-77.55728026
10/07/2017,AQS,1,16.4,ppb,15,Rochester Near-Road,24,100,42602,Nitrogen dioxide (NO2),574,40380,"Rochester, NY",36,New York,55,Monroe,43.14501268,-77.55728026
10/08/2017,AQS,1,13.9,ppb,12,Rochester Near-Road,24,100,42602,Nitrogen dioxide (NO2),574,40380,"Rochester, NY",36,New York,55,Monroe,43.14501268,-77.55728026
10/09/2017,AQS,1,10.4,ppb,9,Rochester Near-Road,24,100,42602,Nitrogen dioxide (NO2),574,40380,"Rochester, NY",36,New York,55,Monroe,43.14501268,-77.55728026
10/10/2017,AQS,1,18,ppb,17,Rochester Near-Road,24,100,42602,Nitrogen dioxide (NO2),574,40380,"Rochester, NY",36,New York,55,Monroe,43.14501268,-77.55728026
10/11/2017,AQS,1,6.4,ppb,6,Rochester Near-Road,24,100,42602,Nitrogen dioxide (NO2),574,40380,"Rochester, NY",36,New York,55,Monroe,43.14501268,-77.55728026
10/12/2017,AQS,1,9.7,ppb,8,Rochester Near-Road,24,100,42602,Nitrogen dioxide (NO2),574,40380,"Rochester, NY",36,New York,55,Monroe,43.14501268,-77.55728026
10/13/2017,AQS,1,13.2,ppb,12,Rochester Near-Road,21,88,42602,Nitrogen dioxide (NO2),574,40380,"Rochester, NY",36,New York,55,Monroe,43.14501268,-77.55728026
10/14/2017,AQS,1,9.7,ppb,8,Rochester Near-Road,24,100,42602,Nitrogen dioxide (NO2),574,40380,"Rochester, NY",36,New York,55,Monroe,43.14501268,-77.55728026
10/15/2017,AQS,1,6.7,ppb,6,Rochester Near-Road,24,100,42602,Nitrogen dioxide (NO2),574,40380,"Rochester, NY",36,New York,55,Monroe,43.14501268,-77.55728026
10/16/2017,AQS,1,14.9,ppb,13,Rochester Near-Road,24,100,42602,Nitrogen dioxide (NO2),574,40380,"Rochester, NY",36,New York,55,Monroe,43.14501268,-77.55728026
10/17/2017,AQS,1,13.3,ppb,12,Rochester Near-Road,24,100,42602,Nitrogen dioxide (NO2),574,40380,"Rochester, NY",36,New York,55,Monroe,43.14501268,-77.55728026
10/18/2017,AQS,1,26.2,ppb,25,Rochester Near-Road,24,100,42602,Nitrogen dioxide (NO2),574,40380,"Rochester, NY",36,New York,55,Monroe,43.14501268,-77.55728026
10/20/2017,AQS,1,25.8,ppb,24,Rochester Near-Road,24,100,42602,Nitrogen dioxide (NO2),574,40380,"Rochester, NY",36,New York,55,Monroe,43.14501268,-77.55728026
10/21/2017,AQS,1,28.8,ppb,26,Rochester Near-Road,24,100,42602,Nitrogen dioxide (NO2),574,40380,"Rochester, NY",36,New York,55,Monroe,43.14501268,-77.55728026
10/22/2017,AQS,1,16.3,ppb,15,Rochester Near-Road,24,100,42602,Nitrogen dioxide (NO2),574,40380,"Rochester, NY",36,New York,55,Monroe,43.14501268,-77.55728026
10/23/2017,AQS,1,23.7,ppb,22,Rochester Near-Road,24,100,42602,Nitrogen dioxide (NO2),574,40380,"Rochester, NY",36,New York,55,Monroe,43.14501268,-77.55728026
10/24/2017,AQS,1,15.6,ppb,14,Rochester Near-Road,24,100,42602,Nitrogen dioxide (NO2),574,40380,"Rochester, NY",36,New York,55,Monroe,43.14501268,-77.55728026
10/25/2017,AQS,1,14.1,ppb,13,Rochester Near-Road,24,100,42602,Nitrogen dioxide (NO2),574,40380,"Rochester, NY",36,New York,55,Monroe,43.14501268,-77.55728026
10/26/2017,AQS,1,30.4,ppb,28,Rochester Near-Road,24,100,42602,Nitrogen dioxide (NO2),574,40380,"Rochester, NY",36,New York,55,Monroe,43.14501268,-77.55728026
10/27/2017,AQS,1,23.4,ppb,22,Rochester Near-Road,21,88,42602,Nitrogen dioxide (NO2),574,40380,"Rochester, NY",36,New York,55,Monroe,43.14501268,-77.55728026
10/28/2017,AQS,1,14.5,ppb,13,Rochester Near-Road,24,100,42602,Nitrogen dioxide (NO2),574,40380,"Rochester, NY",36,New York,55,Monroe,43.14501268,-77.55728026
10/29/2017,AQS,1,10.3,ppb,9,Rochester Near-Road,24,100,42602,Nitrogen dioxide (NO2),574,40380,"Rochester, NY",36,New York,55,Monroe,43.14501268,-77.55728026
10/30/2017,AQS,1,10.6,ppb,9,Rochester Near-Road,24,100,42602,Nitrogen dioxide (NO2),574,40380,"Rochester, NY",36,New York,55,Monroe,43.14501268,-77.55728026
10/31/2017,AQS,1,10,ppb,9,Rochester Near-Road,24,100,42602,Nitrogen dioxide (NO2),574,40380,"Rochester, NY",36,New York,55,Monroe,43.14501268,-77.55728026
11/01/2017,AQS,1,18.4,ppb,17,Rochester Near-Road,24,100,42602,Nitrogen dioxide (NO2),574,40380,"Rochester, NY",36,New York,55,Monroe,43.14501268,-77.55728026
11/03/2017,AQS,1,20.5,ppb,19,Rochester Near-Road,24,100,42602,Nitrogen dioxide (NO2),574,40380,"Rochester, NY",36,New York,55,Monroe,43.14501268,-77.55728026
11/04/2017,AQS,1,18.1,ppb,17,Rochester Near-Road,24,100,42602,Nitrogen dioxide (NO2),574,40380,"Rochester, NY",36,New York,55,Monroe,43.14501268,-77.55728026
11/05/2017,AQS,1,5.7,ppb,5,Rochester Near-Road,24,100,42602,Nitrogen dioxide (NO2),574,40380,"Rochester, NY",36,New York,55,Monroe,43.14501268,-77.55728026
11/06/2017,AQS,1,10.2,ppb,9,Rochester Near-Road,24,100,42602,Nitrogen dioxide (NO2),574,40380,"Rochester, NY",36,New York,55,Monroe,43.14501268,-77.55728026
11/07/2017,AQS,1,18.5,ppb,17,Rochester Near-Road,24,100,42602,Nitrogen dioxide (NO2),574,40380,"Rochester, NY",36,New York,55,Monroe,43.14501268,-77.55728026
11/08/2017,AQS,1,30.9,ppb,28,Rochester Near-Road,24,100,42602,Nitrogen dioxide (NO2),574,40380,"Rochester, NY",36,New York,55,Monroe,43.14501268,-77.55728026
11/09/2017,AQS,1,21,ppb,20,Rochester Near-Road,22,92,42602,Nitrogen dioxide (NO2),574,40380,"Rochester, NY",36,New York,55,Monroe,43.14501268,-77.55728026
11/10/2017,AQS,1,15.6,ppb,14,Rochester Near-Road,24,100,42602,Nitrogen dioxide (NO2),574,40380,"Rochester, NY",36,New York,55,Monroe,43.14501268,-77.55728026
11/11/2017,AQS,1,20.7,ppb,19,Rochester Near-Road,24,100,42602,Nitrogen dioxide (NO2),574,40380,"Rochester, NY",36,New York,55,Monroe,43.14501268,-77.55728026
11/12/2017,AQS,1,22.9,ppb,21,Rochester Near-Road,24,100,42602,Nitrogen dioxide (NO2),574,40380,"Rochester, NY",36,New York,55,Monroe,43.14501268,-77.55728026
11/13/2017,AQS,1,19.5,ppb,18,Rochester Near-Road,24,100,42602,Nitrogen dioxide (NO2),574,40380,"Rochester, NY",36,New York,55,Monroe,43.14501268,-77.55728026
11/14/2017,AQS,1,28.8,ppb,26,Rochester Near-Road,24,100,42602,Nitrogen dioxide (NO2),574,40380,"Rochester, NY",36,New York,55,Monroe,43.14501268,-77.55728026
11/15/2017,AQS,1,18.5,ppb,17,Rochester Near-Road,24,100,42602,Nitrogen dioxide (NO2),574,40380,"Rochester, NY",36,New York,55,Monroe,43.14501268,-77.55728026
11/16/2017,AQS,1,12,ppb,11,Rochester Near-Road,24,100,42602,Nitrogen dioxide (NO2),574,40380,"Rochester, NY",36,New York,55,Monroe,43.14501268,-77.55728026
11/17/2017,AQS,1,19.3,ppb,18,Rochester Near-Road,22,92,42602,Nitrogen dioxide (NO2),574,40380,"Rochester, NY",36,New York,55,Monroe,43.14501268,-77.55728026
11/18/2017,AQS,1,24,ppb,23,Rochester Near-Road,24,100,42602,Nitrogen dioxide (NO2),574,40380,"Rochester, NY",36,New York,55,Monroe,43.14501268,-77.55728026
11/19/2017,AQS,1,9.7,ppb,8,Rochester Near-Road,24,100,42602,Nitrogen dioxide (NO2),574,40380,"Rochester, NY",36,New York,55,Monroe,43.14501268,-77.55728026
11/20/2017,AQS,1,19.8,ppb,18,Rochester Near-Road,24,100,42602,Nitrogen dioxide (NO2),574,40380,"Rochester, NY",36,New York,55,Monroe,43.14501268,-77.55728026
11/22/2017,AQS,1,17.8,ppb,16,Rochester Near-Road,24,100,42602,Nitrogen dioxide (NO2),574,40380,"Rochester, NY",36,New York,55,Monroe,43.14501268,-77.55728026
11/23/2017,AQS,1,9.5,ppb,8,Rochester Near-Road,24,100,42602,Nitrogen dioxide (NO2),574,40380,"Rochester, NY",36,New York,55,Monroe,43.14501268,-77.55728026
11/24/2017,AQS,1,15.2,ppb,14,Rochester Near-Road,24,100,42602,Nitrogen dioxide (NO2),574,40380,"Rochester, NY",36,New York,55,Monroe,43.14501268,-77.55728026
11/25/2017,AQS,1,10.9,ppb,9,Rochester Near-Road,24,100,42602,Nitrogen dioxide (NO2),574,40380,"Rochester, NY",36,New York,55,Monroe,43.14501268,-77.55728026
11/26/2017,AQS,1,9.5,ppb,8,Rochester Near-Road,24,100,42602,Nitrogen dioxide (NO2),574,40380,"Rochester, NY",36,New York,55,Monroe,43.14501268,-77.55728026
11/27/2017,AQS,1,34.4,ppb,32,Rochester Near-Road,24,100,42602,Nitrogen dioxide (NO2),574,40380,"Rochester, NY",36,New York,55,Monroe,43.14501268,-77.55728026
11/28/2017,AQS,1,23.5,ppb,22,Rochester Near-Road,24,100,42602,Nitrogen dioxide (NO2),574,40380,"Rochester, NY",36,New York,55,Monroe,43.14501268,-77.55728026
11/29/2017,AQS,1,27.7,ppb,25,Rochester Near-Road,24,100,42602,Nitrogen dioxide (NO2),574,40380,"Rochester, NY",36,New York,55,Monroe,43.14501268,-77.55728026
11/30/2017,AQS,1,26,ppb,25,Rochester Near-Road,21,88,42602,Nitrogen dioxide (NO2),574,40380,"Rochester, NY",36,New York,55,Monroe,43.14501268,-77.55728026
12/01/2017,AQS,1,32.3,ppb,30,Rochester Near-Road,24,100,42602,Nitrogen dioxide (NO2),574,40380,"Rochester, NY",36,New York,55,Monroe,43.14501268,-77.55728026
12/02/2017,AQS,1,29.1,ppb,27,Rochester Near-Road,24,100,42602,Nitrogen dioxide (NO2),574,40380,"Rochester, NY",36,New York,55,Monroe,43.14501268,-77.55728026
12/03/2017,AQS,1,31.5,ppb,29,Rochester Near-Road,24,100,42602,Nitrogen dioxide (NO2),574,40380,"Rochester, NY",36,New York,55,Monroe,43.14501268,-77.55728026
12/04/2017,AQS,1,20.8,ppb,19,Rochester Near-Road,24,100,42602,Nitrogen dioxide (NO2),574,40380,"Rochester, NY",36,New York,55,Monroe,43.14501268,-77.55728026
12/05/2017,AQS,1,12.4,ppb,11,Rochester Near-Road,24,100,42602,Nitrogen dioxide (NO2),574,40380,"Rochester, NY",36,New York,55,Monroe,43.14501268,-77.55728026
12/06/2017,AQS,1,18.6,ppb,17,Rochester Near-Road,24,100,42602,Nitrogen dioxide (NO2),574,40380,"Rochester, NY",36,New York,55,Monroe,43.14501268,-77.55728026
12/07/2017,AQS,1,17.8,ppb,16,Rochester Near-Road,24,100,42602,Nitrogen dioxide (NO2),574,40380,"Rochester, NY",36,New York,55,Monroe,43.14501268,-77.55728026
12/09/2017,AQS,1,28.7,ppb,26,Rochester Near-Road,24,100,42602,Nitrogen dioxide (NO2),574,40380,"Rochester, NY",36,New York,55,Monroe,43.14501268,-77.55728026
12/10/2017,AQS,1,11.3,ppb,10,Rochester Near-Road,24,100,42602,Nitrogen dioxide (NO2),574,40380,"Rochester, NY",36,New York,55,Monroe,43.14501268,-77.55728026
12/11/2017,AQS,1,14.8,ppb,13,Rochester Near-Road,24,100,42602,Nitrogen dioxide (NO2),574,40380,"Rochester, NY",36,New York,55,Monroe,43.14501268,-77.55728026
12/12/2017,AQS,1,23,ppb,22,Rochester Near-Road,24,100,42602,Nitrogen dioxide (NO2),574,40380,"Rochester, NY",36,New York,55,Monroe,43.14501268,-77.55728026
12/13/2017,AQS,1,30.4,ppb,28,Rochester Near-Road,24,100,42602,Nitrogen dioxide (NO2),574,40380,"Rochester, NY",36,New York,55,Monroe,43.14501268,-77.55728026
12/14/2017,AQS,1,22.9,ppb,21,Rochester Near-Road,24,100,42602,Nitrogen dioxide (NO2),574,40380,"Rochester, NY",36,New York,55,Monroe,43.14501268,-77.55728026
12/15/2017,AQS,1,27.5,ppb,25,Rochester Near-Road,21,88,42602,Nitrogen dioxide (NO2),574,40380,"Rochester, NY",36,New York,55,Monroe,43.14501268,-77.55728026
12/16/2017,AQS,1,37.5,ppb,35,Rochester Near-Road,24,100,42602,Nitrogen dioxide (NO2),574,40380,"Rochester, NY",36,New York,55,Monroe,43.14501268,-77.55728026
12/17/2017,AQS,1,37.1,ppb,35,Rochester Near-Road,24,100,42602,Nitrogen dioxide (NO2),574,40380,"Rochester, NY",36,New York,55,Monroe,43.14501268,-77.55728026
12/18/2017,AQS,1,33,ppb,31,Rochester Near-Road,24,100,42602,Nitrogen dioxide (NO2),574,40380,"Rochester, NY",36,New York,55,Monroe,43.14501268,-77.55728026
12/19/2017,AQS,1,10.8,ppb,9,Rochester Near-Road,24,100,42602,Nitrogen dioxide (NO2),574,40380,"Rochester, NY",36,New York,55,Monroe,43.14501268,-77.55728026
12/20/2017,AQS,1,20,ppb,19,Rochester Near-Road,24,100,42602,Nitrogen dioxide (NO2),574,40380,"Rochester, NY",36,New York,55,Monroe,43.14501268,-77.55728026
12/21/2017,AQS,1,12.7,ppb,11,Rochester Near-Road,24,100,42602,Nitrogen dioxide (NO2),574,40380,"Rochester, NY",36,New York,55,Monroe,43.14501268,-77.55728026
12/22/2017,AQS,1,27.8,ppb,25,Rochester Near-Road,21,88,42602,Nitrogen dioxide (NO2),574,40380,"Rochester, NY",36,New York,55,Monroe,43.14501268,-77.55728026
12/23/2017,AQS,1,20.6,ppb,19,Rochester Near-Road,24,100,42602,Nitrogen dioxide (NO2),574,40380,"Rochester, NY",36,New York,55,Monroe,43.14501268,-77.55728026
12/24/2017,AQS,1,13.9,ppb,12,Rochester Near-Road,24,100,42602,Nitrogen dioxide (NO2),574,40380,"Rochester, NY",36,New York,55,Monroe,43.14501268,-77.55728026
12/25/2017,AQS,1,7.7,ppb,7,Rochester Near-Road,24,100,42602,Nitrogen dioxide (NO2),574,40380,"Rochester, NY",36,New York,55,Monroe,43.14501268,-77.55728026
12/26/2017,AQS,1,12.3,ppb,11,Rochester Near-Road,24,100,42602,Nitrogen dioxide (NO2),574,40380,"Rochester, NY",36,New York,55,Monroe,43.14501268,-77.55728026
12/27/2017,AQS,1,16.3,ppb,15,Rochester Near-Road,24,100,42602,Nitrogen dioxide (NO2),574,40380,"Rochester, NY",36,New York,55,Monroe,43.14501268,-77.55728026
12/28/2017,AQS,1,29.6,ppb,27,Rochester Near-Road,24,100,42602,Nitrogen dioxide (NO2),574,40380,"Rochester, NY",36,New York,55,Monroe,43.14501268,-77.55728026
12/30/2017,AQS,1,13.9,ppb,12,Rochester Near-Road,24,100,42602,Nitrogen dioxide (NO2),574,40380,"Rochester, NY",36,New York,55,Monroe,43.14501268,-77.55728026
12/31/2017,AQS,1,15.5,ppb,14,Rochester Near-Road,24,100,42602,Nitrogen dioxide (NO2),574,40380,"Rochester, NY",36,New York,55,Monroe,43.14501268,-77.55728026
01/01/2018,AQS,1,22.2,ppb,21,Rochester Near-Road,24,100,42602,Nitrogen dioxide (NO2),574,40380,"Rochester, NY",36,New York,55,Monroe,43.14501268,-77.55728026
01/02/2018,AQS,1,16.5,ppb,15,Rochester Near-Road,24,100,42602,Nitrogen dioxide (NO2),574,40380,"Rochester, NY",36,New York,55,Monroe,43.14501268,-77.55728026
01/03/2018,AQS,1,35.4,ppb,33,Rochester Near-Road,24,100,42602,Nitrogen dioxide (NO2),574,40380,"Rochester, NY",36,New York,55,Monroe,43.14501268,-77.55728026
01/04/2018,AQS,1,19.4,ppb,18,Rochester Near-Road,24,100,42602,Nitrogen dioxide (NO2),574,40380,"Rochester, NY",36,New York,55,Monroe,43.14501268,-77.55728026
01/06/2018,AQS,1,14.8,ppb,13,Rochester Near-Road,24,100,42602,Nitrogen dioxide (NO2),574,40380,"Rochester, NY",36,New York,55,Monroe,43.14501268,-77.55728026
01/07/2018,AQS,1,19.5,ppb,18,Rochester Near-Road,24,100,42602,Nitrogen dioxide (NO2),574,40380,"Rochester, NY",36,New York,55,Monroe,43.14501268,-77.55728026
01/08/2018,AQS,1,17.7,ppb,16,Rochester Near-Road,24,100,42602,Nitrogen dioxide (NO2),574,40380,"Rochester, NY",36,New York,55,Monroe,43.14501268,-77.55728026
01/09/2018,AQS,1,20.5,ppb,19,Rochester Near-Road,24,100,42602,Nitrogen dioxide (NO2),574,40380,"Rochester, NY",36,New York,55,Monroe,43.14501268,-77.55728026
01/10/2018,AQS,1,25.4,ppb,24,Rochester Near-Road,24,100,42602,Nitrogen dioxide (NO2),574,40380,"Rochester, NY",36,New York,55,Monroe,43.14501268,-77.55728026
01/11/2018,AQS,1,17.2,ppb,16,Rochester Near-Road,22,92,42602,Nitrogen dioxide (NO2),574,40380,"Rochester, NY",36,New York,55,Monroe,43.14501268,-77.55728026
01/12/2018,AQS,1,13,ppb,12,Rochester Near-Road,24,100,42602,Nitrogen dioxide (NO2),574,40380,"Rochester, NY",36,New York,55,Monroe,43.14501268,-77.55728026
01/13/2018,AQS,1,12.3,ppb,11,Rochester Near-Road,24,100,42602,Nitrogen dioxide (NO2),574,40380,"Rochester, NY",36,New York,55,Monroe,43.14501268,-77.55728026
01/14/2018,AQS,1,26.8,ppb,25,Rochester Near-Road,24,100,42602,Nitrogen dioxide (NO2),574,40380,"Rochester, NY",36,New York,55,Monroe,43.14501268,-77.55728026
01/15/2018,AQS,1,39.1,ppb,37,Rochester Near-Road,24,100,42602,Nitrogen dioxide (NO2),574,40380,"Rochester, NY",36,New York,55,Monroe,43.14501268,-77.55728026
01/16/2018,AQS,1,21.3,ppb,20,Rochester Near-Road,24,100,42602,Nitrogen dioxide (NO2),574,40380,"Rochester, NY",36,New York,55,Monroe,43.14501268,-77.55728026
01/17/2018,AQS,1,18.3,ppb,17,Rochester Near-Road,24,100,42602,Nitrogen dioxide (NO2),574,40380,"Rochester, NY",36,New York,55,Monroe,43.14501268,-77.55728026
01/18/2018,AQS,1,29.2,ppb,27,Rochester Near-Road,18,75,42602,Nitrogen dioxide (NO2),574,40380,"Rochester, NY",36,New York,55,Monroe,43.14501268,-77.55728026
01/20/2018,AQS,1,12.6,ppb,11,Rochester Near-Road,24,100,42602,Nitrogen dioxide (NO2),574,40380,"Rochester, NY",36,New York,55,Monroe,43.14501268,-77.55728026
01/21/2018,AQS,1,31.2,ppb,29,Rochester Near-Road,24,100,42602,Nitrogen dioxide (NO2),574,40380,"Rochester, NY",36,New York,55,Monroe,43.14501268,-77.55728026
01/22/2018,AQS,1,25.3,ppb,24,Rochester Near-Road,24,100,42602,Nitrogen dioxide (NO2),574,40380,"Rochester, NY",36,New York,55,Monroe,43.14501268,-77.55728026
01/23/2018,AQS,1,20.5,ppb,19,Rochester Near-Road,24,100,42602,Nitrogen dioxide (NO2),574,40380,"Rochester, NY",36,New York,55,Monroe,43.14501268,-77.55728026
01/24/2018,AQS,1,15.5,ppb,14,Rochester Near-Road,24,100,42602,Nitrogen dioxide (NO2),574,40380,"Rochester, NY",36,New York,55,Monroe,43.14501268,-77.55728026
01/25/2018,AQS,1,29.2,ppb,27,Rochester Near-Road,24,100,42602,Nitrogen dioxide (NO2),574,40380,"Rochester, NY",36,New York,55,Monroe,43.14501268,-77.55728026
01/26/2018,AQS,1,29,ppb,27,Rochester Near-Road,22,92,42602,Nitrogen dioxide (NO2),574,40380,"Rochester, NY",36,New York,55,Monroe,43.14501268,-77.55728026
01/27/2018,AQS,1,20.4,ppb,19,Rochester Near-Road,24,100,42602,Nitrogen dioxide (NO2),574,40380,"Rochester, NY",36,New York,55,Monroe,43.14501268,-77.55728026
01/28/2018,AQS,1,14.2,ppb,13,Rochester Near-Road,24,100,42602,Nitrogen dioxide (NO2),574,40380,"Rochester, NY",36,New York,55,Monroe,43.14501268,-77.55728026
01/29/2018,AQS,1,18,ppb,17,Rochester Near-Road,24,100,42602,Nitrogen dioxide (NO2),574,40380,"Rochester, NY",36,New York,55,Monroe,43.14501268,-77.55728026
01/30/2018,AQS,1,16,ppb,15,Rochester Near-Road,23,96,42602,Nitrogen dioxide (NO2),574,40380,"Rochester, NY",36,New York,55,Monroe,43.14501268,-77.55728026
01/31/2018,AQS,1,25.9,ppb,24,Rochester Near-Road,24,100,42602,Nitrogen dioxide (NO2),574,40380,"Rochester, NY",36,New York,55,Monroe,43.14501268,-77.55728026
02/01/2018,AQS,1,28.9,ppb,26,Rochester Near-Road,24,100,42602,Nitrogen dioxide (NO2),574,40380,"Rochester, NY",36,New York,55,Monroe,43.14501268,-77.55728026
02/03/2018,AQS,1,13.9,ppb,12,Rochester Near-Road,24,100,42602,Nitrogen dioxide (NO2),574,40380,"Rochester, NY",36,New York,55,Monroe,43.14501268,-77.55728026
02/04/2018,AQS,1,12.2,ppb,11,Rochester Near-Road,24,100,42602,Nitrogen dioxide (NO2),574,40380,"Rochester, NY",36,New York,55,Monroe,43.14501268,-77.55728026
02/05/2018,AQS,1,16.3,ppb,15,Rochester Near-Road,24,100,42602,Nitrogen dioxide (NO2),574,40380,"Rochester, NY",36,New York,55,Monroe,43.14501268,-77.55728026
02/06/2018,AQS,1,31.1,ppb,29,Rochester Near-Road,24,100,42602,Nitrogen dioxide (NO2),574,40380,"Rochester, NY",36,New York,55,Monroe,43.14501268,-77.55728026
02/08/2018,AQS,1,19.2,ppb,18,Rochester Near-Road,24,100,42602,Nitrogen dioxide (NO2),574,40380,"Rochester, NY",36,New York,55,Monroe,43.14501268,-77.55728026
02/09/2018,AQS,1,20.5,ppb,19,Rochester Near-Road,24,100,42602,Nitrogen dioxide (NO2),574,40380,"Rochester, NY",36,New York,55,Monroe,43.14501268,-77.55728026
02/10/2018,AQS,1,33.6,ppb,31,Rochester Near-Road,24,100,42602,Nitrogen dioxide (NO2),574,40380,"Rochester, NY",36,New York,55,Monroe,43.14501268,-77.55728026
02/11/2018,AQS,1,17.3,ppb,16,Rochester Near-Road,24,100,42602,Nitrogen dioxide (NO2),574,40380,"Rochester, NY",36,New York,55,Monroe,43.14501268,-77.55728026
02/12/2018,AQS,1,15.8,ppb,14,Rochester Near-Road,24,100,42602,Nitrogen dioxide (NO2),574,40380,"Rochester, NY",36,New York,55,Monroe,43.14501268,-77.55728026
02/13/2018,AQS,1,22.8,ppb,21,Rochester Near-Road,24,100,42602,Nitrogen dioxide (NO2),574,40380,"Rochester, NY",36,New York,55,Monroe,43.14501268,-77.55728026
02/14/2018,AQS,1,37.8,ppb,35,Rochester Near-Road,24,100,42602,Nitrogen dioxide (NO2),574,40380,"Rochester, NY",36,New York,55,Monroe,43.14501268,-77.55728026
02/15/2018,AQS,1,29.2,ppb,27,Rochester Near-Road,24,100,42602,Nitrogen dioxide (NO2),574,40380,"Rochester, NY",36,New York,55,Monroe,43.14501268,-77.55728026
02/16/2018,AQS,1,22.8,ppb,21,Rochester Near-Road,19,79,42602,Nitrogen dioxide (NO2),574,40380,"Rochester, NY",36,New York,55,Monroe,43.14501268,-77.55728026
02/17/2018,AQS,1,27.3,ppb,25,Rochester Near-Road,18,75,42602,Nitrogen dioxide (NO2),574,40380,"Rochester, NY",36,New York,55,Monroe,43.14501268,-77.55728026
02/18/2018,AQS,1,36.5,ppb,34,Rochester Near-Road,24,100,42602,Nitrogen dioxide (NO2),574,40380,"Rochester, NY",36,New York,55,Monroe,43.14501268,-77.55728026
02/19/2018,AQS,1,17.9,ppb,16,Rochester Near-Road,24,100,42602,Nitrogen dioxide (NO2),574,40380,"Rochester, NY",36,New York,55,Monroe,43.14501268,-77.55728026
02/20/2018,AQS,1,16.3,ppb,15,Rochester Near-Road,24,100,42602,Nitrogen dioxide (NO2),574,40380,"Rochester, NY",36,New York,55,Monroe,43.14501268,-77.55728026
02/21/2018,AQS,1,16.3,ppb,15,Rochester Near-Road,24,100,42602,Nitrogen dioxide (NO2),574,40380,"Rochester, NY",36,New York,55,Monroe,43.14501268,-77.55728026
02/22/2018,AQS,1,12.8,ppb,11,Rochester Near-Road,24,100,42602,Nitrogen dioxide (NO2),574,40380,"Rochester, NY",36,New York,55,Monroe,43.14501268,-77.55728026
02/23/2018,AQS,1,10.8,ppb,9,Rochester Near-Road,21,88,42602,Nitrogen dioxide (NO2),574,40380,"Rochester, NY",36,New York,55,Monroe,43.14501268,-77.55728026
02/24/2018,AQS,1,17.2,ppb,16,Rochester Near-Road,24,100,42602,Nitrogen dioxide (NO2),574,40380,"Rochester, NY",36,New York,55,Monroe,43.14501268,-77.55728026
02/25/2018,AQS,1,5,ppb,5,Rochester Near-Road,24,100,42602,Nitrogen dioxide (NO2),574,40380,"Rochester, NY",36,New York,55,Monroe,43.14501268,-77.55728026
02/26/2018,AQS,1,14.2,ppb,13,Rochester Near-Road,24,100,42602,Nitrogen dioxide (NO2),574,40380,"Rochester, NY",36,New York,55,Monroe,43.14501268,-77.55728026
02/27/2018,AQS,1,16.8,ppb,15,Rochester Near-Road,24,100,42602,Nitrogen dioxide (NO2),574,40380,"Rochester, NY",36,New York,55,Monroe,43.14501268,-77.55728026
02/28/2018,AQS,1,16.3,ppb,15,Rochester Near-Road,24,100,42602,Nitrogen dioxide (NO2),574,40380,"Rochester, NY",36,New York,55,Monroe,43.14501268,-77.55728026
03/01/2018,AQS,1,14.7,ppb,13,Rochester Near-Road,24,100,42602,Nitrogen dioxide (NO2),574,40380,"Rochester, NY",36,New York,55,Monroe,43.14501268,-77.55728026
03/02/2018,AQS,1,7.7,ppb,7,Rochester Near-Road,22,92,42602,Nitrogen dioxide (NO2),574,40380,"Rochester, NY",36,New York,55,Monroe,43.14501268,-77.55728026
03/03/2018,AQS,1,14.4,ppb,13,Rochester Near-Road,19,79,42602,Nitrogen dioxide (NO2),574,40380,"Rochester, NY",36,New York,55,Monroe,43.14501268,-77.55728026
03/04/2018,AQS,1,11.1,ppb,10,Rochester Near-Road,24,100,42602,Nitrogen dioxide (NO2),574,40380,"Rochester, NY",36,New York,55,Monroe,43.14501268,-77.55728026
03/05/2018,AQS,1,12,ppb,11,Rochester Near-Road,24,100,42602,Nitrogen dioxide (NO2),574,40380,"Rochester, NY",36,New York,55,Monroe,43.14501268,-77.55728026
03/06/2018,AQS,1,27.4,ppb,25,Rochester Near-Road,24,100,42602,Nitrogen dioxide (NO2),574,40380,"Rochester, NY",36,New York,55,Monroe,43.14501268,-77.55728026
03/08/2018,AQS,1,21.6,ppb,20,Rochester Near-Road,24,100,42602,Nitrogen dioxide (NO2),574,40380,"Rochester, NY",36,New York,55,Monroe,43.14501268,-77.55728026
03/09/2018,AQS,1,25.6,ppb,24,Rochester Near-Road,24,100,42602,Nitrogen dioxide (NO2),574,40380,"Rochester, NY",36,New York,55,Monroe,43.14501268,-77.55728026
03/10/2018,AQS,1,20.6,ppb,19,Rochester Near-Road,24,100,42602,Nitrogen dioxide (NO2),574,40380,"Rochester, NY",36,New York,55,Monroe,43.14501268,-77.55728026
03/11/2018,AQS,1,38.8,ppb,36,Rochester Near-Road,24,100,42602,Nitrogen dioxide (NO2),574,40380,"Rochester, NY",36,New York,55,Monroe,43.14501268,-77.55728026
03/12/2018,AQS,1,39.6,ppb,37,Rochester Near-Road,24,100,42602,Nitrogen dioxide (NO2),574,40380,"Rochester, NY",36,New York,55,Monroe,43.14501268,-77.55728026
03/13/2018,AQS,1,31.5,ppb,29,Rochester Near-Road,24,100,42602,Nitrogen dioxide (NO2),574,40380,"Rochester, NY",36,New York,55,Monroe,43.14501268,-77.55728026
03/14/2018,AQS,1,23.8,ppb,22,Rochester Near-Road,24,100,42602,Nitrogen dioxide (NO2),574,40380,"Rochester, NY",36,New York,55,Monroe,43.14501268,-77.55728026
03/15/2018,AQS,1,36.2,ppb,34,Rochester Near-Road,24,100,42602,Nitrogen dioxide (NO2),574,40380,"Rochester, NY",36,New York,55,Monroe,43.14501268,-77.55728026
03/16/2018,AQS,1,15.5,ppb,14,Rochester Near-Road,22,92,42602,Nitrogen dioxide (NO2),574,40380,"Rochester, NY",36,New York,55,Monroe,43.14501268,-77.55728026
03/17/2018,AQS,1,10.5,ppb,9,Rochester Near-Road,24,100,42602,Nitrogen dioxide (NO2),574,40380,"Rochester, NY",36,New York,55,Monroe,43.14501268,-77.55728026
03/18/2018,AQS,1,25.8,ppb,24,Rochester Near-Road,24,100,42602,Nitrogen dioxide (NO2),574,40380,"Rochester, NY",36,New York,55,Monroe,43.14501268,-77.55728026
03/19/2018,AQS,1,27.4,ppb,25,Rochester Near-Road,24,100,42602,Nitrogen dioxide (NO2),574,40380,"Rochester, NY",36,New York,55,Monroe,43.14501268,-77.55728026
03/20/2018,AQS,1,38.1,ppb,36,Rochester Near-Road,24,100,42602,Nitrogen dioxide (NO2),574,40380,"Rochester, NY",36,New York,55,Monroe,43.14501268,-77.55728026
03/22/2018,AQS,1,15.5,ppb,14,Rochester Near-Road,24,100,42602,Nitrogen dioxide (NO2),574,40380,"Rochester, NY",36,New York,55,Monroe,43.14501268,-77.55728026
03/23/2018,AQS,1,21.9,ppb,20,Rochester Near-Road,24,100,42602,Nitrogen dioxide (NO2),574,40380,"Rochester, NY",36,New York,55,Monroe,43.14501268,-77.55728026
03/24/2018,AQS,1,17,ppb,16,Rochester Near-Road,24,100,42602,Nitrogen dioxide (NO2),574,40380,"Rochester, NY",36,New York,55,Monroe,43.14501268,-77.55728026
03/25/2018,AQS,1,30.6,ppb,28,Rochester Near-Road,24,100,42602,Nitrogen dioxide (NO2),574,40380,"Rochester, NY",36,New York,55,Monroe,43.14501268,-77.55728026
03/26/2018,AQS,1,36.1,ppb,34,Rochester Near-Road,24,100,42602,Nitrogen dioxide (NO2),574,40380,"Rochester, NY",36,New York,55,Monroe,43.14501268,-77.55728026
03/27/2018,AQS,1,13.3,ppb,12,Rochester Near-Road,24,100,42602,Nitrogen dioxide (NO2),574,40380,"Rochester, NY",36,New York,55,Monroe,43.14501268,-77.55728026
03/28/2018,AQS,1,20,ppb,19,Rochester Near-Road,24,100,42602,Nitrogen dioxide (NO2),574,40380,"Rochester, NY",36,New York,55,Monroe,43.14501268,-77.55728026
03/29/2018,AQS,1,22.7,ppb,21,Rochester Near-Road,24,100,42602,Nitrogen dioxide (NO2),574,40380,"Rochester, NY",36,New York,55,Monroe,43.14501268,-77.55728026
03/30/2018,AQS,1,8.4,ppb,8,Rochester Near-Road,24,100,42602,Nitrogen dioxide (NO2),574,40380,"Rochester, NY",36,New York,55,Monroe,43.14501268,-77.55728026
03/31/2018,AQS,1,18.1,ppb,17,Rochester Near-Road,22,92,42602,Nitrogen dioxide (NO2),574,40380,"Rochester, NY",36,New York,55,Monroe,43.14501268,-77.55728026
04/01/2018,AQS,1,9.1,ppb,8,Rochester Near-Road,24,100,42602,Nitrogen dioxide (NO2),574,40380,"Rochester, NY",36,New York,55,Monroe,43.14501268,-77.55728026
04/02/2018,AQS,1,31.4,ppb,29,Rochester Near-Road,24,100,42602,Nitrogen dioxide (NO2),574,40380,"Rochester, NY",36,New York,55,Monroe,43.14501268,-77.55728026
04/03/2018,AQS,1,22.2,ppb,21,Rochester Near-Road,24,100,42602,Nitrogen dioxide (NO2),574,40380,"Rochester, NY",36,New York,55,Monroe,43.14501268,-77.55728026
04/04/2018,AQS,1,7.7,ppb,7,Rochester Near-Road,24,100,42602,Nitrogen dioxide (NO2),574,40380,"Rochester, NY",36,New York,55,Monroe,43.14501268,-77.55728026
04/05/2018,AQS,1,17,ppb,16,Rochester Near-Road,24,100,42602,Nitrogen dioxide (NO2),574,40380,"Rochester, NY",36,New York,55,Monroe,43.14501268,-77.55728026
04/06/2018,AQS,1,34.4,ppb,32,Rochester Near-Road,18,75,42602,Nitrogen dioxide (NO2),574,40380,"Rochester, NY",36,New York,55,Monroe,43.14501268,-77.55728026
04/07/2018,AQS,1,9.3,ppb,8,Rochester Near-Road,24,100,42602,Nitrogen dioxide (NO2),574,40380,"Rochester, NY",36,New York,55,Monroe,43.14501268,-77.55728026
04/08/2018,AQS,1,13.6,ppb,12,Rochester Near-Road,24,100,42602,Nitrogen dioxide (NO2),574,40380,"Rochester, NY",36,New York,55,Monroe,43.14501268,-77.55728026
04/09/2018,AQS,1,26,ppb,25,Rochester Near-Road,24,100,42602,Nitrogen dioxide (NO2),574,40380,"Rochester, NY",36,New York,55,Monroe,43.14501268,-77.55728026
04/10/2018,AQS,1,29.9,ppb,27,Rochester Near-Road,24,100,42602,Nitrogen dioxide (NO2),574,40380,"Rochester, NY",36,New York,55,Monroe,43.14501268,-77.55728026
04/11/2018,AQS,1,24.5,ppb,23,Rochester Near-Road,24,100,42602,Nitrogen dioxide (NO2),574,40380,"Rochester, NY",36,New York,55,Monroe,43.14501268,-77.55728026
04/12/2018,AQS,1,30.9,ppb,28,Rochester Near-Road,24,100,42602,Nitrogen dioxide (NO2),574,40380,"Rochester, NY",36,New York,55,Monroe,43.14501268,-77.55728026
04/14/2018,AQS,1,5,ppb,5,Rochester Near-Road,24,100,42602,Nitrogen dioxide (NO2),574,40380,"Rochester, NY",36,New York,55,Monroe,43.14501268,-77.55728026
04/15/2018,AQS,1,6.2,ppb,6,Rochester Near-Road,24,100,42602,Nitrogen dioxide (NO2),574,40380,"Rochester, NY",36,New York,55,Monroe,43.14501268,-77.55728026
04/20/2018,AQS,1,8.6,ppb,8,Rochester Near-Road,23,96,42602,Nitrogen dioxide (NO2),574,40380,"Rochester, NY",36,New York,55,Monroe,43.14501268,-77.55728026
04/21/2018,AQS,1,18.9,ppb,17,Rochester Near-Road,24,100,42602,Nitrogen dioxide (NO2),574,40380,"Rochester, NY",36,New York,55,Monroe,43.14501268,-77.55728026
04/22/2018,AQS,1,21.5,ppb,20,Rochester Near-Road,24,100,42602,Nitrogen dioxide (NO2),574,40380,"Rochester, NY",36,New York,55,Monroe,43.14501268,-77.55728026
04/23/2018,AQS,1,25.5,ppb,24,Rochester Near-Road,24,100,42602,Nitrogen dioxide (NO2),574,40380,"Rochester, NY",36,New York,55,Monroe,43.14501268,-77.55728026
04/24/2018,AQS,1,13.6,ppb,12,Rochester Near-Road,24,100,42602,Nitrogen dioxide (NO2),574,40380,"Rochester, NY",36,New York,55,Monroe,43.14501268,-77.55728026
04/25/2018,AQS,1,11.5,ppb,10,Rochester Near-Road,24,100,42602,Nitrogen dioxide (NO2),574,40380,"Rochester, NY",36,New York,55,Monroe,43.14501268,-77.55728026
05/04/2018,AQS,1,15.2,ppb,14,Rochester Near-Road,24,100,42602,Nitrogen dioxide (NO2),574,40380,"Rochester, NY",36,New York,55,Monroe,43.14501268,-77.55728026
05/05/2018,AQS,1,10.9,ppb,9,Rochester Near-Road,24,100,42602,Nitrogen dioxide (NO2),574,40380,"Rochester, NY",36,New York,55,Monroe,43.14501268,-77.55728026
05/06/2018,AQS,1,10.1,ppb,9,Rochester Near-Road,24,100,42602,Nitrogen dioxide (NO2),574,40380,"Rochester, NY",36,New York,55,Monroe,43.14501268,-77.55728026
05/07/2018,AQS,1,24.4,ppb,23,Rochester Near-Road,24,100,42602,Nitrogen dioxide (NO2),574,40380,"Rochester, NY",36,New York,55,Monroe,43.14501268,-77.55728026
05/08/2018,AQS,1,23.1,ppb,22,Rochester Near-Road,24,100,42602,Nitrogen dioxide (NO2),574,40380,"Rochester, NY",36,New York,55,Monroe,43.14501268,-77.55728026
05/09/2018,AQS,1,16.7,ppb,15,Rochester Near-Road,22,92,42602,Nitrogen dioxide (NO2),574,40380,"Rochester, NY",36,New York,55,Monroe,43.14501268,-77.55728026
05/10/2018,AQS,1,14.4,ppb,13,Rochester Near-Road,24,100,42602,Nitrogen dioxide (NO2),574,40380,"Rochester, NY",36,New York,55,Monroe,43.14501268,-77.55728026
05/11/2018,AQS,1,10.6,ppb,9,Rochester Near-Road,23,96,42602,Nitrogen dioxide (NO2),574,40380,"Rochester, NY",36,New York,55,Monroe,43.14501268,-77.55728026
05/12/2018,AQS,1,17.1,ppb,16,Rochester Near-Road,24,100,42602,Nitrogen dioxide (NO2),574,40380,"Rochester, NY",36,New York,55,Monroe,43.14501268,-77.55728026
05/13/2018,AQS,1,11.9,ppb,10,Rochester Near-Road,24,100,42602,Nitrogen dioxide (NO2),574,40380,"Rochester, NY",36,New York,55,Monroe,43.14501268,-77.55728026
05/14/2018,AQS,1,13.4,ppb,12,Rochester Near-Road,24,100,42602,Nitrogen dioxide (NO2),574,40380,"Rochester, NY",36,New York,55,Monroe,43.14501268,-77.55728026
05/15/2018,AQS,1,18,ppb,17,Rochester Near-Road,24,100,42602,Nitrogen dioxide (NO2),574,40380,"Rochester, NY",36,New York,55,Monroe,43.14501268,-77.55728026
05/16/2018,AQS,1,11.9,ppb,10,Rochester Near-Road,24,100,42602,Nitrogen dioxide (NO2),574,40380,"Rochester, NY",36,New York,55,Monroe,43.14501268,-77.55728026
05/17/2018,AQS,1,18.1,ppb,17,Rochester Near-Road,24,100,42602,Nitrogen dioxide (NO2),574,40380,"Rochester, NY",36,New York,55,Monroe,43.14501268,-77.55728026
05/18/2018,AQS,1,13.1,ppb,12,Rochester Near-Road,21,88,42602,Nitrogen dioxide (NO2),574,40380,"Rochester, NY",36,New York,55,Monroe,43.14501268,-77.55728026
05/19/2018,AQS,1,7.9,ppb,7,Rochester Near-Road,24,100,42602,Nitrogen dioxide (NO2),574,40380,"Rochester, NY",36,New York,55,Monroe,43.14501268,-77.55728026
05/20/2018,AQS,1,8.6,ppb,8,Rochester Near-Road,24,100,42602,Nitrogen dioxide (NO2),574,40380,"Rochester, NY",36,New York,55,Monroe,43.14501268,-77.55728026
05/21/2018,AQS,1,18.8,ppb,17,Rochester Near-Road,24,100,42602,Nitrogen dioxide (NO2),574,40380,"Rochester, NY",36,New York,55,Monroe,43.14501268,-77.55728026
05/22/2018,AQS,1,16.8,ppb,15,Rochester Near-Road,24,100,42602,Nitrogen dioxide (NO2),574,40380,"Rochester, NY",36,New York,55,Monroe,43.14501268,-77.55728026
05/23/2018,AQS,1,14.1,ppb,13,Rochester Near-Road,24,100,42602,Nitrogen dioxide (NO2),574,40380,"Rochester, NY",36,New York,55,Monroe,43.14501268,-77.55728026
05/24/2018,AQS,1,17.2,ppb,16,Rochester Near-Road,24,100,42602,Nitrogen dioxide (NO2),574,40380,"Rochester, NY",36,New York,55,Monroe,43.14501268,-77.55728026
05/26/2018,AQS,1,10.2,ppb,9,Rochester Near-Road,24,100,42602,Nitrogen dioxide (NO2),574,40380,"Rochester, NY",36,New York,55,Monroe,43.14501268,-77.55728026
05/27/2018,AQS,1,7.1,ppb,7,Rochester Near-Road,24,100,42602,Nitrogen dioxide (NO2),574,40380,"Rochester, NY",36,New York,55,Monroe,43.14501268,-77.55728026
05/28/2018,AQS,1,17.8,ppb,16,Rochester Near-Road,24,100,42602,Nitrogen dioxide (NO2),574,40380,"Rochester, NY",36,New York,55,Monroe,43.14501268,-77.55728026
05/29/2018,AQS,1,17,ppb,16,Rochester Near-Road,24,100,42602,Nitrogen dioxide (NO2),574,40380,"Rochester, NY",36,New York,55,Monroe,43.14501268,-77.55728026
05/30/2018,AQS,1,15.4,ppb,14,Rochester Near-Road,24,100,42602,Nitrogen dioxide (NO2),574,40380,"Rochester, NY",36,New York,55,Monroe,43.14501268,-77.55728026
05/31/2018,AQS,1,7.8,ppb,7,Rochester Near-Road,24,100,42602,Nitrogen dioxide (NO2),574,40380,"Rochester, NY",36,New York,55,Monroe,43.14501268,-77.55728026
06/01/2018,AQS,1,10.6,ppb,9,Rochester Near-Road,22,92,42602,Nitrogen dioxide (NO2),574,40380,"Rochester, NY",36,New York,55,Monroe,43.14501268,-77.55728026
06/02/2018,AQS,1,12.4,ppb,11,Rochester Near-Road,24,100,42602,Nitrogen dioxide (NO2),574,40380,"Rochester, NY",36,New York,55,Monroe,43.14501268,-77.55728026
06/03/2018,AQS,1,7.9,ppb,7,Rochester Near-Road,24,100,42602,Nitrogen dioxide (NO2),574,40380,"Rochester, NY",36,New York,55,Monroe,43.14501268,-77.55728026
06/04/2018,AQS,1,9.2,ppb,8,Rochester Near-Road,24,100,42602,Nitrogen dioxide (NO2),574,40380,"Rochester, NY",36,New York,55,Monroe,43.14501268,-77.55728026
06/05/2018,AQS,1,12.9,ppb,11,Rochester Near-Road,24,100,42602,Nitrogen dioxide (NO2),574,40380,"Rochester, NY",36,New York,55,Monroe,43.14501268,-77.55728026
06/06/2018,AQS,1,12.8,ppb,11,Rochester Near-Road,24,100,42602,Nitrogen dioxide (NO2),574,40380,"Rochester, NY",36,New York,55,Monroe,43.14501268,-77.55728026
06/07/2018,AQS,1,15.5,ppb,14,Rochester Near-Road,22,92,42602,Nitrogen dioxide (NO2),574,40380,"Rochester, NY",36,New York,55,Monroe,43.14501268,-77.55728026
06/08/2018,AQS,1,21.1,ppb,20,Rochester Near-Road,24,100,42602,Nitrogen dioxide (NO2),574,40380,"Rochester, NY",36,New York,55,Monroe,43.14501268,-77.55728026
06/09/2018,AQS,1,16,ppb,15,Rochester Near-Road,24,100,42602,Nitrogen dioxide (NO2),574,40380,"Rochester, NY",36,New York,55,Monroe,43.14501268,-77.55728026
06/10/2018,AQS,1,11.1,ppb,10,Rochester Near-Road,24,100,42602,Nitrogen dioxide (NO2),574,40380,"Rochester, NY",36,New York,55,Monroe,43.14501268,-77.55728026
06/11/2018,AQS,1,13.6,ppb,12,Rochester Near-Road,24,100,42602,Nitrogen dioxide (NO2),574,40380,"Rochester, NY",36,New York,55,Monroe,43.14501268,-77.55728026
06/12/2018,AQS,1,16.1,ppb,15,Rochester Near-Road,24,100,42602,Nitrogen dioxide (NO2),574,40380,"Rochester, NY",36,New York,55,Monroe,43.14501268,-77.55728026
06/13/2018,AQS,1,12,ppb,11,Rochester Near-Road,24,100,42602,Nitrogen dioxide (NO2),574,40380,"Rochester, NY",36,New York,55,Monroe,43.14501268,-77.55728026
06/14/2018,AQS,1,10.4,ppb,9,Rochester Near-Road,21,88,42602,Nitrogen dioxide (NO2),574,40380,"Rochester, NY",36,New York,55,Monroe,43.14501268,-77.55728026
06/15/2018,AQS,1,15.7,ppb,14,Rochester Near-Road,24,100,42602,Nitrogen dioxide (NO2),574,40380,"Rochester, NY",36,New York,55,Monroe,43.14501268,-77.55728026
06/16/2018,AQS,1,22.9,ppb,21,Rochester Near-Road,24,100,42602,Nitrogen dioxide (NO2),574,40380,"Rochester, NY",36,New York,55,Monroe,43.14501268,-77.55728026
06/17/2018,AQS,1,15.5,ppb,14,Rochester Near-Road,24,100,42602,Nitrogen dioxide (NO2),574,40380,"Rochester, NY",36,New York,55,Monroe,43.14501268,-77.55728026
06/18/2018,AQS,1,12.2,ppb,11,Rochester Near-Road,22,92,42602,Nitrogen dioxide (NO2),574,40380,"Rochester, NY",36,New York,55,Monroe,43.14501268,-77.55728026
06/19/2018,AQS,1,13.6,ppb,12,Rochester Near-Road,24,100,42602,Nitrogen dioxide (NO2),574,40380,"Rochester, NY",36,New York,55,Monroe,43.14501268,-77.55728026
06/20/2018,AQS,1,21.4,ppb,20,Rochester Near-Road,24,100,42602,Nitrogen dioxide (NO2),574,40380,"Rochester, NY",36,New York,55,Monroe,43.14501268,-77.55728026
06/21/2018,AQS,1,18.7,ppb,17,Rochester Near-Road,24,100,42602,Nitrogen dioxide (NO2),574,40380,"Rochester, NY",36,New York,55,Monroe,43.14501268,-77.55728026
06/22/2018,AQS,1,21,ppb,20,Rochester Near-Road,22,92,42602,Nitrogen dioxide (NO2),574,40380,"Rochester, NY",36,New York,55,Monroe,43.14501268,-77.55728026
06/23/2018,AQS,1,9.3,ppb,8,Rochester Near-Road,24,100,42602,Nitrogen dioxide (NO2),574,40380,"Rochester, NY",36,New York,55,Monroe,43.14501268,-77.55728026
06/24/2018,AQS,1,9.3,ppb,8,Rochester Near-Road,24,100,42602,Nitrogen dioxide (NO2),574,40380,"Rochester, NY",36,New York,55,Monroe,43.14501268,-77.55728026
06/25/2018,AQS,1,15,ppb,14,Rochester Near-Road,24,100,42602,Nitrogen dioxide (NO2),574,40380,"Rochester, NY",36,New York,55,Monroe,43.14501268,-77.55728026
06/26/2018,AQS,1,11.9,ppb,10,Rochester Near-Road,24,100,42602,Nitrogen dioxide (NO2),574,40380,"Rochester, NY",36,New York,55,Monroe,43.14501268,-77.55728026
06/27/2018,AQS,1,16,ppb,15,Rochester Near-Road,24,100,42602,Nitrogen dioxide (NO2),574,40380,"Rochester, NY",36,New York,55,Monroe,43.14501268,-77.55728026
06/28/2018,AQS,1,10.2,ppb,9,Rochester Near-Road,22,92,42602,Nitrogen dioxide (NO2),574,40380,"Rochester, NY",36,New York,55,Monroe,43.14501268,-77.55728026
06/29/2018,AQS,1,18.3,ppb,17,Rochester Near-Road,24,100,42602,Nitrogen dioxide (NO2),574,40380,"Rochester, NY",36,New York,55,Monroe,43.14501268,-77.55728026
06/30/2018,AQS,1,7.7,ppb,7,Rochester Near-Road,24,100,42602,Nitrogen dioxide (NO2),574,40380,"Rochester, NY",36,New York,55,Monroe,43.14501268,-77.55728026
07/01/2018,AQS,1,13,ppb,12,Rochester Near-Road,24,100,42602,Nitrogen dioxide (NO2),574,40380,"Rochester, NY",36,New York,55,Monroe,43.14501268,-77.55728026
07/02/2018,AQS,1,13.4,ppb,12,Rochester Near-Road,24,100,42602,Nitrogen dioxide (NO2),574,40380,"Rochester, NY",36,New York,55,Monroe,43.14501268,-77.55728026
07/03/2018,AQS,1,13.4,ppb,12,Rochester Near-Road,24,100,42602,Nitrogen dioxide (NO2),574,40380,"Rochester, NY",36,New York,55,Monroe,43.14501268,-77.55728026
07/04/2018,AQS,1,13.1,ppb,12,Rochester Near-Road,24,100,42602,Nitrogen dioxide (NO2),574,40380,"Rochester, NY",36,New York,55,Monroe,43.14501268,-77.55728026
07/05/2018,AQS,1,10.9,ppb,9,Rochester Near-Road,24,100,42602,Nitrogen dioxide (NO2),574,40380,"Rochester, NY",36,New York,55,Monroe,43.14501268,-77.55728026
07/06/2018,AQS,1,7.8,ppb,7,Rochester Near-Road,22,92,42602,Nitrogen dioxide (NO2),574,40380,"Rochester, NY",36,New York,55,Monroe,43.14501268,-77.55728026
07/07/2018,AQS,1,11,ppb,10,Rochester Near-Road,24,100,42602,Nitrogen dioxide (NO2),574,40380,"Rochester, NY",36,New York,55,Monroe,43.14501268,-77.55728026
07/08/2018,AQS,1,15.8,ppb,14,Rochester Near-Road,24,100,42602,Nitrogen dioxide (NO2),574,40380,"Rochester, NY",36,New York,55,Monroe,43.14501268,-77.55728026
07/09/2018,AQS,1,15,ppb,14,Rochester Near-Road,24,100,42602,Nitrogen dioxide (NO2),574,40380,"Rochester, NY",36,New York,55,Monroe,43.14501268,-77.55728026
07/10/2018,AQS,1,14.6,ppb,13,Rochester Near-Road,24,100,42602,Nitrogen dioxide (NO2),574,40380,"Rochester, NY",36,New York,55,Monroe,43.14501268,-77.55728026
07/11/2018,AQS,1,15.4,ppb,14,Rochester Near-Road,24,100,42602,Nitrogen dioxide (NO2),574,40380,"Rochester, NY",36,New York,55,Monroe,43.14501268,-77.55728026
07/12/2018,AQS,1,11.3,ppb,10,Rochester Near-Road,22,92,42602,Nitrogen dioxide (NO2),574,40380,"Rochester, NY",36,New York,55,Monroe,43.14501268,-77.55728026
07/13/2018,AQS,1,14.8,ppb,13,Rochester Near-Road,24,100,42602,Nitrogen dioxide (NO2),574,40380,"Rochester, NY",36,New York,55,Monroe,43.14501268,-77.55728026
07/14/2018,AQS,1,8.8,ppb,8,Rochester Near-Road,24,100,42602,Nitrogen dioxide (NO2),574,40380,"Rochester, NY",36,New York,55,Monroe,43.14501268,-77.55728026
07/15/2018,AQS,1,13.1,ppb,12,Rochester Near-Road,24,100,42602,Nitrogen dioxide (NO2),574,40380,"Rochester, NY",36,New York,55,Monroe,43.14501268,-77.55728026
07/16/2018,AQS,1,16,ppb,15,Rochester Near-Road,24,100,42602,Nitrogen dioxide (NO2),574,40380,"Rochester, NY",36,New York,55,Monroe,43.14501268,-77.55728026
07/17/2018,AQS,1,15.9,ppb,14,Rochester Near-Road,24,100,42602,Nitrogen dioxide (NO2),574,40380,"Rochester, NY",36,New York,55,Monroe,43.14501268,-77.55728026
07/18/2018,AQS,1,14.2,ppb,13,Rochester Near-Road,24,100,42602,Nitrogen dioxide (NO2),574,40380,"Rochester, NY",36,New York,55,Monroe,43.14501268,-77.55728026
07/20/2018,AQS,1,15.2,ppb,14,Rochester Near-Road,24,100,42602,Nitrogen dioxide (NO2),574,40380,"Rochester, NY",36,New York,55,Monroe,43.14501268,-77.55728026
07/21/2018,AQS,1,6.3,ppb,6,Rochester Near-Road,24,100,42602,Nitrogen dioxide (NO2),574,40380,"Rochester, NY",36,New York,55,Monroe,43.14501268,-77.55728026
07/22/2018,AQS,1,11,ppb,10,Rochester Near-Road,24,100,42602,Nitrogen dioxide (NO2),574,40380,"Rochester, NY",36,New York,55,Monroe,43.14501268,-77.55728026
07/23/2018,AQS,1,12.2,ppb,11,Rochester Near-Road,24,100,42602,Nitrogen dioxide (NO2),574,40380,"Rochester, NY",36,New York,55,Monroe,43.14501268,-77.55728026
07/24/2018,AQS,1,7.8,ppb,7,Rochester Near-Road,24,100,42602,Nitrogen dioxide (NO2),574,40380,"Rochester, NY",36,New York,55,Monroe,43.14501268,-77.55728026
07/25/2018,AQS,1,14.1,ppb,13,Rochester Near-Road,24,100,42602,Nitrogen dioxide (NO2),574,40380,"Rochester, NY",36,New York,55,Monroe,43.14501268,-77.55728026
07/26/2018,AQS,1,13.4,ppb,12,Rochester Near-Road,20,83,42602,Nitrogen dioxide (NO2),574,40380,"Rochester, NY",36,New York,55,Monroe,43.14501268,-77.55728026
07/27/2018,AQS,1,16.2,ppb,15,Rochester Near-Road,24,100,42602,Nitrogen dioxide (NO2),574,40380,"Rochester, NY",36,New York,55,Monroe,43.14501268,-77.55728026
07/28/2018,AQS,1,9.1,ppb,8,Rochester Near-Road,24,100,42602,Nitrogen dioxide (NO2),574,40380,"Rochester, NY",36,New York,55,Monroe,43.14501268,-77.55728026
07/29/2018,AQS,1,11.6,ppb,10,Rochester Near-Road,24,100,42602,Nitrogen dioxide (NO2),574,40380,"Rochester, NY",36,New York,55,Monroe,43.14501268,-77.55728026
07/30/2018,AQS,1,12.4,ppb,11,Rochester Near-Road,18,75,42602,Nitrogen dioxide (NO2),574,40380,"Rochester, NY",36,New York,55,Monroe,43.14501268,-77.55728026
07/31/2018,AQS,1,11.5,ppb,10,Rochester Near-Road,24,100,42602,Nitrogen dioxide (NO2),574,40380,"Rochester, NY",36,New York,55,Monroe,43.14501268,-77.55728026
08/01/2018,AQS,1,11.6,ppb,10,Rochester Near-Road,24,100,42602,Nitrogen dioxide (NO2),574,40380,"Rochester, NY",36,New York,55,Monroe,43.14501268,-77.55728026
08/02/2018,AQS,1,15.8,ppb,14,Rochester Near-Road,24,100,42602,Nitrogen dioxide (NO2),574,40380,"Rochester, NY",36,New York,55,Monroe,43.14501268,-77.55728026
08/03/2018,AQS,1,16,ppb,15,Rochester Near-Road,24,100,42602,Nitrogen dioxide (NO2),574,40380,"Rochester, NY",36,New York,55,Monroe,43.14501268,-77.55728026
08/04/2018,AQS,1,13.5,ppb,12,Rochester Near-Road,24,100,42602,Nitrogen dioxide (NO2),574,40380,"Rochester, NY",36,New York,55,Monroe,43.14501268,-77.55728026
08/05/2018,AQS,1,7.5,ppb,7,Rochester Near-Road,24,100,42602,Nitrogen dioxide (NO2),574,40380,"Rochester, NY",36,New York,55,Monroe,43.14501268,-77.55728026
08/06/2018,AQS,1,14.2,ppb,13,Rochester Near-Road,24,100,42602,Nitrogen dioxide (NO2),574,40380,"Rochester, NY",36,New York,55,Monroe,43.14501268,-77.55728026
08/07/2018,AQS,1,18.1,ppb,17,Rochester Near-Road,24,100,42602,Nitrogen dioxide (NO2),574,40380,"Rochester, NY",36,New York,55,Monroe,43.14501268,-77.55728026
08/08/2018,AQS,1,18.8,ppb,17,Rochester Near-Road,24,100,42602,Nitrogen dioxide (NO2),574,40380,"Rochester, NY",36,New York,55,Monroe,43.14501268,-77.55728026
08/09/2018,AQS,1,12.8,ppb,11,Rochester Near-Road,22,92,42602,Nitrogen dioxide (NO2),574,40380,"Rochester, NY",36,New York,55,Monroe,43.14501268,-77.55728026
08/10/2018,AQS,1,15.2,ppb,14,Rochester Near-Road,24,100,42602,Nitrogen dioxide (NO2),574,40380,"Rochester, NY",36,New York,55,Monroe,43.14501268,-77.55728026
08/11/2018,AQS,1,15.9,ppb,14,Rochester Near-Road,24,100,42602,Nitrogen dioxide (NO2),574,40380,"Rochester, NY",36,New York,55,Monroe,43.14501268,-77.55728026
08/12/2018,AQS,1,14.2,ppb,13,Rochester Near-Road,24,100,42602,Nitrogen dioxide (NO2),574,40380,"Rochester, NY",36,New York,55,Monroe,43.14501268,-77.55728026
08/13/2018,AQS,1,18.2,ppb,17,Rochester Near-Road,24,100,42602,Nitrogen dioxide (NO2),574,40380,"Rochester, NY",36,New York,55,Monroe,43.14501268,-77.55728026
08/14/2018,AQS,1,14.1,ppb,13,Rochester Near-Road,24,100,42602,Nitrogen dioxide (NO2),574,40380,"Rochester, NY",36,New York,55,Monroe,43.14501268,-77.55728026
08/15/2018,AQS,1,13.9,ppb,12,Rochester Near-Road,24,100,42602,Nitrogen dioxide (NO2),574,40380,"Rochester, NY",36,New York,55,Monroe,43.14501268,-77.55728026
08/16/2018,AQS,1,18.3,ppb,17,Rochester Near-Road,24,100,42602,Nitrogen dioxide (NO2),574,40380,"Rochester, NY",36,New York,55,Monroe,43.14501268,-77.55728026
08/17/2018,AQS,1,10.4,ppb,9,Rochester Near-Road,22,92,42602,Nitrogen dioxide (NO2),574,40380,"Rochester, NY",36,New York,55,Monroe,43.14501268,-77.55728026
08/18/2018,AQS,1,14,ppb,13,Rochester Near-Road,24,100,42602,Nitrogen dioxide (NO2),574,40380,"Rochester, NY",36,New York,55,Monroe,43.14501268,-77.55728026
08/19/2018,AQS,1,10.7,ppb,9,Rochester Near-Road,24,100,42602,Nitrogen dioxide (NO2),574,40380,"Rochester, NY",36,New York,55,Monroe,43.14501268,-77.55728026
08/20/2018,AQS,1,9.6,ppb,8,Rochester Near-Road,24,100,42602,Nitrogen dioxide (NO2),574,40380,"Rochester, NY",36,New York,55,Monroe,43.14501268,-77.55728026
08/21/2018,AQS,1,10.8,ppb,9,Rochester Near-Road,24,100,42602,Nitrogen dioxide (NO2),574,40380,"Rochester, NY",36,New York,55,Monroe,43.14501268,-77.55728026
08/22/2018,AQS,1,15.5,ppb,14,Rochester Near-Road,24,100,42602,Nitrogen dioxide (NO2),574,40380,"Rochester, NY",36,New York,55,Monroe,43.14501268,-77.55728026
08/23/2018,AQS,1,10.8,ppb,9,Rochester Near-Road,24,100,42602,Nitrogen dioxide (NO2),574,40380,"Rochester, NY",36,New York,55,Monroe,43.14501268,-77.55728026
08/24/2018,AQS,1,14,ppb,13,Rochester Near-Road,21,88,42602,Nitrogen dioxide (NO2),574,40380,"Rochester, NY",36,New York,55,Monroe,43.14501268,-77.55728026
08/25/2018,AQS,1,8.4,ppb,8,Rochester Near-Road,24,100,42602,Nitrogen dioxide (NO2),574,40380,"Rochester, NY",36,New York,55,Monroe,43.14501268,-77.55728026
08/26/2018,AQS,1,6.8,ppb,6,Rochester Near-Road,24,100,42602,Nitrogen dioxide (NO2),574,40380,"Rochester, NY",36,New York,55,Monroe,43.14501268,-77.55728026
08/27/2018,AQS,1,17.7,ppb,16,Rochester Near-Road,24,100,42602,Nitrogen dioxide (NO2),574,40380,"Rochester, NY",36,New York,55,Monroe,43.14501268,-77.55728026
08/28/2018,AQS,1,11,ppb,10,Rochester Near-Road,24,100,42602,Nitrogen dioxide (NO2),574,40380,"Rochester, NY",36,New York,55,Monroe,43.14501268,-77.55728026
08/29/2018,AQS,1,10.8,ppb,9,Rochester Near-Road,20,83,42602,Nitrogen dioxide (NO2),574,40380,"Rochester, NY",36,New York,55,Monroe,43.14501268,-77.55728026
08/30/2018,AQS,1,11,ppb,10,Rochester Near-Road,24,100,42602,Nitrogen dioxide (NO2),574,40380,"Rochester, NY",36,New York,55,Monroe,43.14501268,-77.55728026
09/01/2018,AQS,1,8,ppb,8,Rochester Near-Road,24,100,42602,Nitrogen dioxide (NO2),574,40380,"Rochester, NY",36,New York,55,Monroe,43.14501268,-77.55728026
09/02/2018,AQS,1,6,ppb,6,Rochester Near-Road,24,100,42602,Nitrogen dioxide (NO2),574,40380,"Rochester, NY",36,New York,55,Monroe,43.14501268,-77.55728026
09/03/2018,AQS,1,6.2,ppb,6,Rochester Near-Road,24,100,42602,Nitrogen dioxide (NO2),574,40380,"Rochester, NY",36,New York,55,Monroe,43.14501268,-77.55728026
09/04/2018,AQS,1,13.4,ppb,12,Rochester Near-Road,24,100,42602,Nitrogen dioxide (NO2),574,40380,"Rochester, NY",36,New York,55,Monroe,43.14501268,-77.55728026
09/05/2018,AQS,1,13.3,ppb,12,Rochester Near-Road,22,92,42602,Nitrogen dioxide (NO2),574,40380,"Rochester, NY",36,New York,55,Monroe,43.14501268,-77.55728026
09/06/2018,AQS,1,14.3,ppb,13,Rochester Near-Road,24,100,42602,Nitrogen dioxide (NO2),574,40380,"Rochester, NY",36,New York,55,Monroe,43.14501268,-77.55728026
09/07/2018,AQS,1,16,ppb,15,Rochester Near-Road,24,100,42602,Nitrogen dioxide (NO2),574,40380,"Rochester, NY",36,New York,55,Monroe,43.14501268,-77.55728026
09/08/2018,AQS,1,14.2,ppb,13,Rochester Near-Road,24,100,42602,Nitrogen dioxide (NO2),574,40380,"Rochester, NY",36,New York,55,Monroe,43.14501268,-77.55728026
09/09/2018,AQS,1,5.6,ppb,5,Rochester Near-Road,24,100,42602,Nitrogen dioxide (NO2),574,40380,"Rochester, NY",36,New York,55,Monroe,43.14501268,-77.55728026
09/10/2018,AQS,1,7.5,ppb,7,Rochester Near-Road,24,100,42602,Nitrogen dioxide (NO2),574,40380,"Rochester, NY",36,New York,55,Monroe,43.14501268,-77.55728026
09/11/2018,AQS,1,12.4,ppb,11,Rochester Near-Road,24,100,42602,Nitrogen dioxide (NO2),574,40380,"Rochester, NY",36,New York,55,Monroe,43.14501268,-77.55728026
09/12/2018,AQS,1,17.4,ppb,16,Rochester Near-Road,24,100,42602,Nitrogen dioxide (NO2),574,40380,"Rochester, NY",36,New York,55,Monroe,43.14501268,-77.55728026
09/13/2018,AQS,1,16.8,ppb,15,Rochester Near-Road,24,100,42602,Nitrogen dioxide (NO2),574,40380,"Rochester, NY",36,New York,55,Monroe,43.14501268,-77.55728026
09/14/2018,AQS,1,17,ppb,16,Rochester Near-Road,22,92,42602,Nitrogen dioxide (NO2),574,40380,"Rochester, NY",36,New York,55,Monroe,43.14501268,-77.55728026
09/15/2018,AQS,1,17.7,ppb,16,Rochester Near-Road,24,100,42602,Nitrogen dioxide (NO2),574,40380,"Rochester, NY",36,New York,55,Monroe,43.14501268,-77.55728026
09/16/2018,AQS,1,11.6,ppb,10,Rochester Near-Road,24,100,42602,Nitrogen dioxide (NO2),574,40380,"Rochester, NY",36,New York,55,Monroe,43.14501268,-77.55728026
09/17/2018,AQS,1,13.8,ppb,12,Rochester Near-Road,24,100,42602,Nitrogen dioxide (NO2),574,40380,"Rochester, NY",36,New York,55,Monroe,43.14501268,-77.55728026
09/18/2018,AQS,1,12,ppb,11,Rochester Near-Road,24,100,42602,Nitrogen dioxide (NO2),574,40380,"Rochester, NY",36,New York,55,Monroe,43.14501268,-77.55728026
09/19/2018,AQS,1,12.1,ppb,11,Rochester Near-Road,24,100,42602,Nitrogen dioxide (NO2),574,40380,"Rochester, NY",36,New York,55,Monroe,43.14501268,-77.55728026
09/20/2018,AQS,1,13.1,ppb,12,Rochester Near-Road,24,100,42602,Nitrogen dioxide (NO2),574,40380,"Rochester, NY",36,New York,55,Monroe,43.14501268,-77.55728026
09/21/2018,AQS,1,7.8,ppb,7,Rochester Near-Road,21,88,42602,Nitrogen dioxide (NO2),574,40380,"Rochester, NY",36,New York,55,Monroe,43.14501268,-77.55728026
09/22/2018,AQS,1,13.4,ppb,12,Rochester Near-Road,24,100,42602,Nitrogen dioxide (NO2),574,40380,"Rochester, NY",36,New York,55,Monroe,43.14501268,-77.55728026
09/23/2018,AQS,1,11.9,ppb,10,Rochester Near-Road,24,100,42602,Nitrogen dioxide (NO2),574,40380,"Rochester, NY",36,New York,55,Monroe,43.14501268,-77.55728026
09/24/2018,AQS,1,10.5,ppb,9,Rochester Near-Road,24,100,42602,Nitrogen dioxide (NO2),574,40380,"Rochester, NY",36,New York,55,Monroe,43.14501268,-77.55728026
09/25/2018,AQS,1,9.9,ppb,8,Rochester Near-Road,24,100,42602,Nitrogen dioxide (NO2),574,40380,"Rochester, NY",36,New York,55,Monroe,43.14501268,-77.55728026
09/26/2018,AQS,1,18.1,ppb,17,Rochester Near-Road,24,100,42602,Nitrogen dioxide (NO2),574,40380,"Rochester, NY",36,New York,55,Monroe,43.14501268,-77.55728026
09/27/2018,AQS,1,14.1,ppb,13,Rochester Near-Road,24,100,42602,Nitrogen dioxide (NO2),574,40380,"Rochester, NY",36,New York,55,Monroe,43.14501268,-77.55728026
09/28/2018,AQS,1,12.2,ppb,11,Rochester Near-Road,19,79,42602,Nitrogen dioxide (NO2),574,40380,"Rochester, NY",36,New York,55,Monroe,43.14501268,-77.55728026
09/29/2018,AQS,1,8.7,ppb,8,Rochester Near-Road,24,100,42602,Nitrogen dioxide (NO2),574,40380,"Rochester, NY",36,New York,55,Monroe,43.14501268,-77.55728026
09/30/2018,AQS,1,12.5,ppb,11,Rochester Near-Road,24,100,42602,Nitrogen dioxide (NO2),574,40380,"Rochester, NY",36,New York,55,Monroe,43.14501268,-77.55728026
10/01/2018,AQS,1,11.4,ppb,10,Rochester Near-Road,24,100,42602,Nitrogen dioxide (NO2),574,40380,"Rochester, NY",36,New York,55,Monroe,43.14501268,-77.55728026
10/02/2018,AQS,1,9.8,ppb,8,Rochester Near-Road,24,100,42602,Nitrogen dioxide (NO2),574,40380,"Rochester, NY",36,New York,55,Monroe,43.14501268,-77.55728026
10/03/2018,AQS,1,13.3,ppb,12,Rochester Near-Road,24,100,42602,Nitrogen dioxide (NO2),574,40380,"Rochester, NY",36,New York,55,Monroe,43.14501268,-77.55728026
10/04/2018,AQS,1,10.9,ppb,9,Rochester Near-Road,24,100,42602,Nitrogen dioxide (NO2),574,40380,"Rochester, NY",36,New York,55,Monroe,43.14501268,-77.55728026
10/05/2018,AQS,1,12.7,ppb,11,Rochester Near-Road,21,88,42602,Nitrogen dioxide (NO2),574,40380,"Rochester, NY",36,New York,55,Monroe,43.14501268,-77.55728026
10/06/2018,AQS,1,13.5,ppb,12,Rochester Near-Road,24,100,42602,Nitrogen dioxide (NO2),574,40380,"Rochester, NY",36,New York,55,Monroe,43.14501268,-77.55728026
10/07/2018,AQS,1,7.6,ppb,7,Rochester Near-Road,24,100,42602,Nitrogen dioxide (NO2),574,40380,"Rochester, NY",36,New York,55,Monroe,43.14501268,-77.55728026
10/08/2018,AQS,1,13.3,ppb,12,Rochester Near-Road,24,100,42602,Nitrogen dioxide (NO2),574,40380,"Rochester, NY",36,New York,55,Monroe,43.14501268,-77.55728026
10/09/2018,AQS,1,19,ppb,18,Rochester Near-Road,24,100,42602,Nitrogen dioxide (NO2),574,40380,"Rochester, NY",36,New York,55,Monroe,43.14501268,-77.55728026
10/10/2018,AQS,1,15.2,ppb,14,Rochester Near-Road,19,79,42602,Nitrogen dioxide (NO2),574,40380,"Rochester, NY",36,New York,55,Monroe,43.14501268,-77.55728026
10/11/2018,AQS,1,10.8,ppb,9,Rochester Near-Road,24,100,42602,Nitrogen dioxide (NO2),574,40380,"Rochester, NY",36,New York,55,Monroe,43.14501268,-77.55728026
10/12/2018,AQS,1,11.4,ppb,10,Rochester Near-Road,24,100,42602,Nitrogen dioxide (NO2),574,40380,"Rochester, NY",36,New York,55,Monroe,43.14501268,-77.55728026
10/13/2018,AQS,1,9.6,ppb,8,Rochester Near-Road,24,100,42602,Nitrogen dioxide (NO2),574,40380,"Rochester, NY",36,New York,55,Monroe,43.14501268,-77.55728026
10/14/2018,AQS,1,18.3,ppb,17,Rochester Near-Road,24,100,42602,Nitrogen dioxide (NO2),574,40380,"Rochester, NY",36,New York,55,Monroe,43.14501268,-77.55728026
10/15/2018,AQS,1,13.9,ppb,12,Rochester Near-Road,24,100,42602,Nitrogen dioxide (NO2),574,40380,"Rochester, NY",36,New York,55,Monroe,43.14501268,-77.55728026
10/16/2018,AQS,1,14.4,ppb,13,Rochester Near-Road,24,100,42602,Nitrogen dioxide (NO2),574,40380,"Rochester, NY",36,New York,55,Monroe,43.14501268,-77.55728026
10/17/2018,AQS,1,13.4,ppb,12,Rochester Near-Road,24,100,42602,Nitrogen dioxide (NO2),574,40380,"Rochester, NY",36,New York,55,Monroe,43.14501268,-77.55728026
10/18/2018,AQS,1,12.4,ppb,11,Rochester Near-Road,22,92,42602,Nitrogen dioxide (NO2),574,40380,"Rochester, NY",36,New York,55,Monroe,43.14501268,-77.55728026
10/19/2018,AQS,1,17.9,ppb,16,Rochester Near-Road,24,100,42602,Nitrogen dioxide (NO2),574,40380,"Rochester, NY",36,New York,55,Monroe,43.14501268,-77.55728026
10/20/2018,AQS,1,7.7,ppb,7,Rochester Near-Road,24,100,42602,Nitrogen dioxide (NO2),574,40380,"Rochester, NY",36,New York,55,Monroe,43.14501268,-77.55728026
10/21/2018,AQS,1,7.8,ppb,7,Rochester Near-Road,24,100,42602,Nitrogen dioxide (NO2),574,40380,"Rochester, NY",36,New York,55,Monroe,43.14501268,-77.55728026
10/22/2018,AQS,1,20.8,ppb,19,Rochester Near-Road,24,100,42602,Nitrogen dioxide (NO2),574,40380,"Rochester, NY",36,New York,55,Monroe,43.14501268,-77.55728026
10/23/2018,AQS,1,22.7,ppb,21,Rochester Near-Road,24,100,42602,Nitrogen dioxide (NO2),574,40380,"Rochester, NY",36,New York,55,Monroe,43.14501268,-77.55728026
10/24/2018,AQS,1,6.2,ppb,6,Rochester Near-Road,18,75,42602,Nitrogen dioxide (NO2),574,40380,"Rochester, NY",36,New York,55,Monroe,43.14501268,-77.55728026
10/25/2018,AQS,1,22.2,ppb,21,Rochester Near-Road,24,100,42602,Nitrogen dioxide (NO2),574,40380,"Rochester, NY",36,New York,55,Monroe,43.14501268,-77.55728026
10/26/2018,AQS,1,16.3,ppb,15,Rochester Near-Road,24,100,42602,Nitrogen dioxide (NO2),574,40380,"Rochester, NY",36,New York,55,Monroe,43.14501268,-77.55728026
10/27/2018,AQS,1,8.4,ppb,8,Rochester Near-Road,24,100,42602,Nitrogen dioxide (NO2),574,40380,"Rochester, NY",36,New York,55,Monroe,43.14501268,-77.55728026
10/28/2018,AQS,1,12.4,ppb,11,Rochester Near-Road,24,100,42602,Nitrogen dioxide (NO2),574,40380,"Rochester, NY",36,New York,55,Monroe,43.14501268,-77.55728026
10/29/2018,AQS,1,16.4,ppb,15,Rochester Near-Road,24,100,42602,Nitrogen dioxide (NO2),574,40380,"Rochester, NY",36,New York,55,Monroe,43.14501268,-77.55728026
10/30/2018,AQS,1,27,ppb,25,Rochester Near-Road,24,100,42602,Nitrogen dioxide (NO2),574,40380,"Rochester, NY",36,New York,55,Monroe,43.14501268,-77.55728026
10/31/2018,AQS,1,18.1,ppb,17,Rochester Near-Road,24,100,42602,Nitrogen dioxide (NO2),574,40380,"Rochester, NY",36,New York,55,Monroe,43.14501268,-77.55728026
11/01/2018,AQS,1,21.3,ppb,20,Rochester Near-Road,22,92,42602,Nitrogen dioxide (NO2),574,40380,"Rochester, NY",36,New York,55,Monroe,43.14501268,-77.55728026
11/02/2018,AQS,1,12.7,ppb,11,Rochester Near-Road,24,100,42602,Nitrogen dioxide (NO2),574,40380,"Rochester, NY",36,New York,55,Monroe,43.14501268,-77.55728026
11/03/2018,AQS,1,6.4,ppb,6,Rochester Near-Road,24,100,42602,Nitrogen dioxide (NO2),574,40380,"Rochester, NY",36,New York,55,Monroe,43.14501268,-77.55728026
11/04/2018,AQS,1,12.1,ppb,11,Rochester Near-Road,24,100,42602,Nitrogen dioxide (NO2),574,40380,"Rochester, NY",36,New York,55,Monroe,43.14501268,-77.55728026
11/05/2018,AQS,1,14.5,ppb,13,Rochester Near-Road,24,100,42602,Nitrogen dioxide (NO2),574,40380,"Rochester, NY",36,New York,55,Monroe,43.14501268,-77.55728026
11/06/2018,AQS,1,12.5,ppb,11,Rochester Near-Road,18,75,42602,Nitrogen dioxide (NO2),574,40380,"Rochester, NY",36,New York,55,Monroe,43.14501268,-77.55728026
11/07/2018,AQS,1,13.9,ppb,12,Rochester Near-Road,24,100,42602,Nitrogen dioxide (NO2),574,40380,"Rochester, NY",36,New York,55,Monroe,43.14501268,-77.55728026
11/08/2018,AQS,1,13.6,ppb,12,Rochester Near-Road,24,100,42602,Nitrogen dioxide (NO2),574,40380,"Rochester, NY",36,New York,55,Monroe,43.14501268,-77.55728026
11/09/2018,AQS,1,19.5,ppb,18,Rochester Near-Road,24,100,42602,Nitrogen dioxide (NO2),574,40380,"Rochester, NY",36,New York,55,Monroe,43.14501268,-77.55728026
11/10/2018,AQS,1,7.9,ppb,7,Rochester Near-Road,24,100,42602,Nitrogen dioxide (NO2),574,40380,"Rochester, NY",36,New York,55,Monroe,43.14501268,-77.55728026
11/11/2018,AQS,1,19.8,ppb,18,Rochester Near-Road,24,100,42602,Nitrogen dioxide (NO2),574,40380,"Rochester, NY",36,New York,55,Monroe,43.14501268,-77.55728026
11/12/2018,AQS,1,32.7,ppb,30,Rochester Near-Road,24,100,42602,Nitrogen dioxide (NO2),574,40380,"Rochester, NY",36,New York,55,Monroe,43.14501268,-77.55728026
11/13/2018,AQS,1,18.7,ppb,17,Rochester Near-Road,24,100,42602,Nitrogen dioxide (NO2),574,40380,"Rochester, NY",36,New York,55,Monroe,43.14501268,-77.55728026
11/14/2018,AQS,1,18.9,ppb,17,Rochester Near-Road,24,100,42602,Nitrogen dioxide (NO2),574,40380,"Rochester, NY",36,New York,55,Monroe,43.14501268,-77.55728026
11/15/2018,AQS,1,20.1,ppb,19,Rochester Near-Road,24,100,42602,Nitrogen dioxide (NO2),574,40380,"Rochester, NY",36,New York,55,Monroe,43.14501268,-77.55728026
11/16/2018,AQS,1,25.3,ppb,24,Rochester Near-Road,18,75,42602,Nitrogen dioxide (NO2),574,40380,"Rochester, NY",36,New York,55,Monroe,43.14501268,-77.55728026
11/17/2018,AQS,1,10.2,ppb,9,Rochester Near-Road,24,100,42602,Nitrogen dioxide (NO2),574,40380,"Rochester, NY",36,New York,55,Monroe,43.14501268,-77.55728026
11/18/2018,AQS,1,18,ppb,17,Rochester Near-Road,24,100,42602,Nitrogen dioxide (NO2),574,40380,"Rochester, NY",36,New York,55,Monroe,43.14501268,-77.55728026
11/19/2018,AQS,1,36.5,ppb,34,Rochester Near-Road,24,100,42602,Nitrogen dioxide (NO2),574,40380,"Rochester, NY",36,New York,55,Monroe,43.14501268,-77.55728026
11/20/2018,AQS,1,33.4,ppb,31,Rochester Near-Road,24,100,42602,Nitrogen dioxide (NO2),574,40380,"Rochester, NY",36,New York,55,Monroe,43.14501268,-77.55728026
11/22/2018,AQS,1,21.8,ppb,20,Rochester Near-Road,24,100,42602,Nitrogen dioxide (NO2),574,40380,"Rochester, NY",36,New York,55,Monroe,43.14501268,-77.55728026
11/23/2018,AQS,1,30.8,ppb,28,Rochester Near-Road,24,100,42602,Nitrogen dioxide (NO2),574,40380,"Rochester, NY",36,New York,55,Monroe,43.14501268,-77.55728026
11/24/2018,AQS,1,16,ppb,15,Rochester Near-Road,24,100,42602,Nitrogen dioxide (NO2),574,40380,"Rochester, NY",36,New York,55,Monroe,43.14501268,-77.55728026
11/25/2018,AQS,1,20.7,ppb,19,Rochester Near-Road,24,100,42602,Nitrogen dioxide (NO2),574,40380,"Rochester, NY",36,New York,55,Monroe,43.14501268,-77.55728026
11/26/2018,AQS,1,23,ppb,22,Rochester Near-Road,24,100,42602,Nitrogen dioxide (NO2),574,40380,"Rochester, NY",36,New York,55,Monroe,43.14501268,-77.55728026
11/27/2018,AQS,1,11.7,ppb,10,Rochester Near-Road,24,100,42602,Nitrogen dioxide (NO2),574,40380,"Rochester, NY",36,New York,55,Monroe,43.14501268,-77.55728026
11/28/2018,AQS,1,8.5,ppb,8,Rochester Near-Road,22,92,42602,Nitrogen dioxide (NO2),574,40380,"Rochester, NY",36,New York,55,Monroe,43.14501268,-77.55728026
11/29/2018,AQS,1,16.7,ppb,15,Rochester Near-Road,24,100,42602,Nitrogen dioxide (NO2),574,40380,"Rochester, NY",36,New York,55,Monroe,43.14501268,-77.55728026
11/30/2018,AQS,1,24.9,ppb,23,Rochester Near-Road,24,100,42602,Nitrogen dioxide (NO2),574,40380,"Rochester, NY",36,New York,55,Monroe,43.14501268,-77.55728026
12/01/2018,AQS,1,22.4,ppb,21,Rochester Near-Road,24,100,42602,Nitrogen dioxide (NO2),574,40380,"Rochester, NY",36,New York,55,Monroe,43.14501268,-77.55728026
12/02/2018,AQS,1,16.6,ppb,15,Rochester Near-Road,24,100,42602,Nitrogen dioxide (NO2),574,40380,"Rochester, NY",36,New York,55,Monroe,43.14501268,-77.55728026
12/03/2018,AQS,1,11.7,ppb,10,Rochester Near-Road,24,100,42602,Nitrogen dioxide (NO2),574,40380,"Rochester, NY",36,New York,55,Monroe,43.14501268,-77.55728026
12/04/2018,AQS,1,32.5,ppb,30,Rochester Near-Road,24,100,42602,Nitrogen dioxide (NO2),574,40380,"Rochester, NY",36,New York,55,Monroe,43.14501268,-77.55728026
12/05/2018,AQS,1,31.3,ppb,29,Rochester Near-Road,19,79,42602,Nitrogen dioxide (NO2),574,40380,"Rochester, NY",36,New York,55,Monroe,43.14501268,-77.55728026
12/06/2018,AQS,1,12.9,ppb,11,Rochester Near-Road,24,100,42602,Nitrogen dioxide (NO2),574,40380,"Rochester, NY",36,New York,55,Monroe,43.14501268,-77.55728026
12/07/2018,AQS,1,27.2,ppb,25,Rochester Near-Road,24,100,42602,Nitrogen dioxide (NO2),574,40380,"Rochester, NY",36,New York,55,Monroe,43.14501268,-77.55728026
12/08/2018,AQS,1,16.8,ppb,15,Rochester Near-Road,24,100,42602,Nitrogen dioxide (NO2),574,40380,"Rochester, NY",36,New York,55,Monroe,43.14501268,-77.55728026
12/09/2018,AQS,1,16.3,ppb,15,Rochester Near-Road,24,100,42602,Nitrogen dioxide (NO2),574,40380,"Rochester, NY",36,New York,55,Monroe,43.14501268,-77.55728026
12/10/2018,AQS,1,26.7,ppb,25,Rochester Near-Road,24,100,42602,Nitrogen dioxide (NO2),574,40380,"Rochester, NY",36,New York,55,Monroe,43.14501268,-77.55728026
12/11/2018,AQS,1,16.8,ppb,15,Rochester Near-Road,24,100,42602,Nitrogen dioxide (NO2),574,40380,"Rochester, NY",36,New York,55,Monroe,43.14501268,-77.55728026
12/12/2018,AQS,1,27.3,ppb,25,Rochester Near-Road,24,100,42602,Nitrogen dioxide (NO2),574,40380,"Rochester, NY",36,New York,55,Monroe,43.14501268,-77.55728026
12/13/2018,AQS,1,30.6,ppb,28,Rochester Near-Road,22,92,42602,Nitrogen dioxide (NO2),574,40380,"Rochester, NY",36,New York,55,Monroe,43.14501268,-77.55728026
12/14/2018,AQS,1,30.8,ppb,28,Rochester Near-Road,24,100,42602,Nitrogen dioxide (NO2),574,40380,"Rochester, NY",36,New York,55,Monroe,43.14501268,-77.55728026
12/15/2018,AQS,1,21.5,ppb,20,Rochester Near-Road,24,100,42602,Nitrogen dioxide (NO2),574,40380,"Rochester, NY",36,New York,55,Monroe,43.14501268,-77.55728026
12/16/2018,AQS,1,20.4,ppb,19,Rochester Near-Road,24,100,42602,Nitrogen dioxide (NO2),574,40380,"Rochester, NY",36,New York,55,Monroe,43.14501268,-77.55728026
12/17/2018,AQS,1,15.3,ppb,14,Rochester Near-Road,24,100,42602,Nitrogen dioxide (NO2),574,40380,"Rochester, NY",36,New York,55,Monroe,43.14501268,-77.55728026
12/18/2018,AQS,1,30.1,ppb,28,Rochester Near-Road,24,100,42602,Nitrogen dioxide (NO2),574,40380,"Rochester, NY",36,New York,55,Monroe,43.14501268,-77.55728026
12/19/2018,AQS,1,39.2,ppb,37,Rochester Near-Road,24,100,42602,Nitrogen dioxide (NO2),574,40380,"Rochester, NY",36,New York,55,Monroe,43.14501268,-77.55728026
12/20/2018,AQS,1,32.2,ppb,30,Rochester Near-Road,18,75,42602,Nitrogen dioxide (NO2),574,40380,"Rochester, NY",36,New York,55,Monroe,43.14501268,-77.55728026
12/21/2018,AQS,1,29.5,ppb,27,Rochester Near-Road,24,100,42602,Nitrogen dioxide (NO2),574,40380,"Rochester, NY",36,New York,55,Monroe,43.14501268,-77.55728026
12/22/2018,AQS,1,8.2,ppb,8,Rochester Near-Road,24,100,42602,Nitrogen dioxide (NO2),574,40380,"Rochester, NY",36,New York,55,Monroe,43.14501268,-77.55728026
12/23/2018,AQS,1,16.3,ppb,15,Rochester Near-Road,24,100,42602,Nitrogen dioxide (NO2),574,40380,"Rochester, NY",36,New York,55,Monroe,43.14501268,-77.55728026
12/24/2018,AQS,1,13.8,ppb,12,Rochester Near-Road,24,100,42602,Nitrogen dioxide (NO2),574,40380,"Rochester, NY",36,New York,55,Monroe,43.14501268,-77.55728026
12/25/2018,AQS,1,15.9,ppb,14,Rochester Near-Road,24,100,42602,Nitrogen dioxide (NO2),574,40380,"Rochester, NY",36,New York,55,Monroe,43.14501268,-77.55728026
12/26/2018,AQS,1,17.7,ppb,16,Rochester Near-Road,24,100,42602,Nitrogen dioxide (NO2),574,40380,"Rochester, NY",36,New York,55,Monroe,43.14501268,-77.55728026
12/27/2018,AQS,1,13.7,ppb,12,Rochester Near-Road,24,100,42602,Nitrogen dioxide (NO2),574,40380,"Rochester, NY",36,New York,55,Monroe,43.14501268,-77.55728026
12/28/2018,AQS,1,12.7,ppb,11,Rochester Near-Road,21,88,42602,Nitrogen dioxide (NO2),574,40380,"Rochester, NY",36,New York,55,Monroe,43.14501268,-77.55728026
12/29/2018,AQS,1,20.3,ppb,19,Rochester Near-Road,24,100,42602,Nitrogen dioxide (NO2),574,40380,"Rochester, NY",36,New York,55,Monroe,43.14501268,-77.55728026
12/30/2018,AQS,1,26.2,ppb,25,Rochester Near-Road,24,100,42602,Nitrogen dioxide (NO2),574,40380,"Rochester, NY",36,New York,55,Monroe,43.14501268,-77.55728026
12/31/2018,AQS,1,24.3,ppb,23,Rochester Near-Road,24,100,42602,Nitrogen dioxide (NO2),574,40380,"Rochester, NY",36,New York,55,Monroe,43.14501268,-77.55728026
01/01/2019,AQS,1,8.2,ppb,8,Rochester Near-Road,24,100,42602,Nitrogen dioxide (NO2),574,40380,"Rochester, NY",36,New York,55,Monroe,43.14501268,-77.55728026
01/02/2019,AQS,1,15.2,ppb,14,Rochester Near-Road,24,100,42602,Nitrogen dioxide (NO2),574,40380,"Rochester, NY",36,New York,55,Monroe,43.14501268,-77.55728026
01/03/2019,AQS,1,16.3,ppb,15,Rochester Near-Road,18,75,42602,Nitrogen dioxide (NO2),574,40380,"Rochester, NY",36,New York,55,Monroe,43.14501268,-77.55728026
01/04/2019,AQS,1,26.3,ppb,25,Rochester Near-Road,24,100,42602,Nitrogen dioxide (NO2),574,40380,"Rochester, NY",36,New York,55,Monroe,43.14501268,-77.55728026
01/05/2019,AQS,1,29.3,ppb,27,Rochester Near-Road,24,100,42602,Nitrogen dioxide (NO2),574,40380,"Rochester, NY",36,New York,55,Monroe,43.14501268,-77.55728026
01/06/2019,AQS,1,11.2,ppb,10,Rochester Near-Road,24,100,42602,Nitrogen dioxide (NO2),574,40380,"Rochester, NY",36,New York,55,Monroe,43.14501268,-77.55728026
01/07/2019,AQS,1,16.1,ppb,15,Rochester Near-Road,24,100,42602,Nitrogen dioxide (NO2),574,40380,"Rochester, NY",36,New York,55,Monroe,43.14501268,-77.55728026
01/08/2019,AQS,1,28.8,ppb,26,Rochester Near-Road,24,100,42602,Nitrogen dioxide (NO2),574,40380,"Rochester, NY",36,New York,55,Monroe,43.14501268,-77.55728026
01/09/2019,AQS,1,7.6,ppb,7,Rochester Near-Road,24,100,42602,Nitrogen dioxide (NO2),574,40380,"Rochester, NY",36,New York,55,Monroe,43.14501268,-77.55728026
01/10/2019,AQS,1,8.1,ppb,8,Rochester Near-Road,24,100,42602,Nitrogen dioxide (NO2),574,40380,"Rochester, NY",36,New York,55,Monroe,43.14501268,-77.55728026
01/11/2019,AQS,1,26.3,ppb,25,Rochester Near-Road,22,92,42602,Nitrogen dioxide (NO2),574,40380,"Rochester, NY",36,New York,55,Monroe,43.14501268,-77.55728026
01/12/2019,AQS,1,29.8,ppb,27,Rochester Near-Road,24,100,42602,Nitrogen dioxide (NO2),574,40380,"Rochester, NY",36,New York,55,Monroe,43.14501268,-77.55728026
01/13/2019,AQS,1,9.3,ppb,8,Rochester Near-Road,24,100,42602,Nitrogen dioxide (NO2),574,40380,"Rochester, NY",36,New York,55,Monroe,43.14501268,-77.55728026
01/14/2019,AQS,1,36.6,ppb,34,Rochester Near-Road,24,100,42602,Nitrogen dioxide (NO2),574,40380,"Rochester, NY",36,New York,55,Monroe,43.14501268,-77.55728026
01/15/2019,AQS,1,24.8,ppb,23,Rochester Near-Road,24,100,42602,Nitrogen dioxide (NO2),574,40380,"Rochester, NY",36,New York,55,Monroe,43.14501268,-77.55728026
01/16/2019,AQS,1,18.6,ppb,17,Rochester Near-Road,24,100,42602,Nitrogen dioxide (NO2),574,40380,"Rochester, NY",36,New York,55,Monroe,43.14501268,-77.55728026
01/17/2019,AQS,1,39.3,ppb,37,Rochester Near-Road,24,100,42602,Nitrogen dioxide (NO2),574,40380,"Rochester, NY",36,New York,55,Monroe,43.14501268,-77.55728026
01/18/2019,AQS,1,21.2,ppb,20,Rochester Near-Road,18,75,42602,Nitrogen dioxide (NO2),574,40380,"Rochester, NY",36,New York,55,Monroe,43.14501268,-77.55728026
01/19/2019,AQS,1,18.1,ppb,17,Rochester Near-Road,24,100,42602,Nitrogen dioxide (NO2),574,40380,"Rochester, NY",36,New York,55,Monroe,43.14501268,-77.55728026
01/20/2019,AQS,1,9.8,ppb,8,Rochester Near-Road,24,100,42602,Nitrogen dioxide (NO2),574,40380,"Rochester, NY",36,New York,55,Monroe,43.14501268,-77.55728026
01/21/2019,AQS,1,21,ppb,20,Rochester Near-Road,24,100,42602,Nitrogen dioxide (NO2),574,40380,"Rochester, NY",36,New York,55,Monroe,43.14501268,-77.55728026
01/22/2019,AQS,1,34.8,ppb,32,Rochester Near-Road,24,100,42602,Nitrogen dioxide (NO2),574,40380,"Rochester, NY",36,New York,55,Monroe,43.14501268,-77.55728026
01/23/2019,AQS,1,22.7,ppb,21,Rochester Near-Road,24,100,42602,Nitrogen dioxide (NO2),574,40380,"Rochester, NY",36,New York,55,Monroe,43.14501268,-77.55728026
01/25/2019,AQS,1,14.4,ppb,13,Rochester Near-Road,24,100,42602,Nitrogen dioxide (NO2),574,40380,"Rochester, NY",36,New York,55,Monroe,43.14501268,-77.55728026
01/26/2019,AQS,1,21.8,ppb,20,Rochester Near-Road,24,100,42602,Nitrogen dioxide (NO2),574,40380,"Rochester, NY",36,New York,55,Monroe,43.14501268,-77.55728026
01/27/2019,AQS,1,13.9,ppb,12,Rochester Near-Road,24,100,42602,Nitrogen dioxide (NO2),574,40380,"Rochester, NY",36,New York,55,Monroe,43.14501268,-77.55728026
01/28/2019,AQS,1,19.7,ppb,18,Rochester Near-Road,24,100,42602,Nitrogen dioxide (NO2),574,40380,"Rochester, NY",36,New York,55,Monroe,43.14501268,-77.55728026
01/29/2019,AQS,1,18.5,ppb,17,Rochester Near-Road,24,100,42602,Nitrogen dioxide (NO2),574,40380,"Rochester, NY",36,New York,55,Monroe,43.14501268,-77.55728026
01/30/2019,AQS,1,19.2,ppb,18,Rochester Near-Road,24,100,42602,Nitrogen dioxide (NO2),574,40380,"Rochester, NY",36,New York,55,Monroe,43.14501268,-77.55728026
01/31/2019,AQS,1,12.6,ppb,11,Rochester Near-Road,24,100,42602,Nitrogen dioxide (NO2),574,40380,"Rochester, NY",36,New York,55,Monroe,43.14501268,-77.55728026
02/01/2019,AQS,1,34.8,ppb,32,Rochester Near-Road,22,92,42602,Nitrogen dioxide (NO2),574,40380,"Rochester, NY",36,New York,55,Monroe,43.14501268,-77.55728026
02/02/2019,AQS,1,26.5,ppb,25,Rochester Near-Road,24,100,42602,Nitrogen dioxide (NO2),574,40380,"Rochester, NY",36,New York,55,Monroe,43.14501268,-77.55728026
02/03/2019,AQS,1,18.7,ppb,17,Rochester Near-Road,24,100,42602,Nitrogen dioxide (NO2),574,40380,"Rochester, NY",36,New York,55,Monroe,43.14501268,-77.55728026
02/04/2019,AQS,1,19.1,ppb,18,Rochester Near-Road,24,100,42602,Nitrogen dioxide (NO2),574,40380,"Rochester, NY",36,New York,55,Monroe,43.14501268,-77.55728026
02/05/2019,AQS,1,12.7,ppb,11,Rochester Near-Road,24,100,42602,Nitrogen dioxide (NO2),574,40380,"Rochester, NY",36,New York,55,Monroe,43.14501268,-77.55728026
02/06/2019,AQS,1,26.1,ppb,25,Rochester Near-Road,24,100,42602,Nitrogen dioxide (NO2),574,40380,"Rochester, NY",36,New York,55,Monroe,43.14501268,-77.55728026
02/07/2019,AQS,1,18,ppb,17,Rochester Near-Road,24,100,42602,Nitrogen dioxide (NO2),574,40380,"Rochester, NY",36,New York,55,Monroe,43.14501268,-77.55728026
02/08/2019,AQS,1,9.6,ppb,8,Rochester Near-Road,18,75,42602,Nitrogen dioxide (NO2),574,40380,"Rochester, NY",36,New York,55,Monroe,43.14501268,-77.55728026
02/09/2019,AQS,1,8.7,ppb,8,Rochester Near-Road,24,100,42602,Nitrogen dioxide (NO2),574,40380,"Rochester, NY",36,New York,55,Monroe,43.14501268,-77.55728026
02/10/2019,AQS,1,10.7,ppb,9,Rochester Near-Road,24,100,42602,Nitrogen dioxide (NO2),574,40380,"Rochester, NY",36,New York,55,Monroe,43.14501268,-77.55728026
02/11/2019,AQS,1,8.7,ppb,8,Rochester Near-Road,24,100,42602,Nitrogen dioxide (NO2),574,40380,"Rochester, NY",36,New York,55,Monroe,43.14501268,-77.55728026
02/12/2019,AQS,1,13.3,ppb,12,Rochester Near-Road,24,100,42602,Nitrogen dioxide (NO2),574,40380,"Rochester, NY",36,New York,55,Monroe,43.14501268,-77.55728026
02/13/2019,AQS,1,10.2,ppb,9,Rochester Near-Road,24,100,42602,Nitrogen dioxide (NO2),574,40380,"Rochester, NY",36,New York,55,Monroe,43.14501268,-77.55728026
02/14/2019,AQS,1,19.4,ppb,18,Rochester Near-Road,24,100,42602,Nitrogen dioxide (NO2),574,40380,"Rochester, NY",36,New York,55,Monroe,43.14501268,-77.55728026
02/15/2019,AQS,1,20.9,ppb,19,Rochester Near-Road,20,83,42602,Nitrogen dioxide (NO2),574,40380,"Rochester, NY",36,New York,55,Monroe,43.14501268,-77.55728026
02/16/2019,AQS,1,17.9,ppb,16,Rochester Near-Road,24,100,42602,Nitrogen dioxide (NO2),574,40380,"Rochester, NY",36,New York,55,Monroe,43.14501268,-77.55728026
02/17/2019,AQS,1,11,ppb,10,Rochester Near-Road,24,100,42602,Nitrogen dioxide (NO2),574,40380,"Rochester, NY",36,New York,55,Monroe,43.14501268,-77.55728026
02/18/2019,AQS,1,18.1,ppb,17,Rochester Near-Road,24,100,42602,Nitrogen dioxide (NO2),574,40380,"Rochester, NY",36,New York,55,Monroe,43.14501268,-77.55728026
02/19/2019,AQS,1,33.8,ppb,31,Rochester Near-Road,24,100,42602,Nitrogen dioxide (NO2),574,40380,"Rochester, NY",36,New York,55,Monroe,43.14501268,-77.55728026
02/20/2019,AQS,1,45,ppb,42,Rochester Near-Road,23,96,42602,Nitrogen dioxide (NO2),574,40380,"Rochester, NY",36,New York,55,Monroe,43.14501268,-77.55728026
02/21/2019,AQS,1,11.5,ppb,10,Rochester Near-Road,20,83,42602,Nitrogen dioxide (NO2),574,40380,"Rochester, NY",36,New York,55,Monroe,43.14501268,-77.55728026
02/22/2019,AQS,1,36.8,ppb,34,Rochester Near-Road,24,100,42602,Nitrogen dioxide (NO2),574,40380,"Rochester, NY",36,New York,55,Monroe,43.14501268,-77.55728026
02/23/2019,AQS,1,39.2,ppb,37,Rochester Near-Road,24,100,42602,Nitrogen dioxide (NO2),574,40380,"Rochester, NY",36,New York,55,Monroe,43.14501268,-77.55728026
02/24/2019,AQS,1,6.5,ppb,6,Rochester Near-Road,24,100,42602,Nitrogen dioxide (NO2),574,40380,"Rochester, NY",36,New York,55,Monroe,43.14501268,-77.55728026
02/25/2019,AQS,1,8.1,ppb,8,Rochester Near-Road,24,100,42602,Nitrogen dioxide (NO2),574,40380,"Rochester, NY",36,New York,55,Monroe,43.14501268,-77.55728026
02/26/2019,AQS,1,12,ppb,11,Rochester Near-Road,18,75,42602,Nitrogen dioxide (NO2),574,40380,"Rochester, NY",36,New York,55,Monroe,43.14501268,-77.55728026
02/27/2019,AQS,1,21.1,ppb,20,Rochester Near-Road,24,100,42602,Nitrogen dioxide (NO2),574,40380,"Rochester, NY",36,New York,55,Monroe,43.14501268,-77.55728026
02/28/2019,AQS,1,17.7,ppb,16,Rochester Near-Road,24,100,42602,Nitrogen dioxide (NO2),574,40380,"Rochester, NY",36,New York,55,Monroe,43.14501268,-77.55728026
03/01/2019,AQS,1,38.9,ppb,36,Rochester Near-Road,22,92,42602,Nitrogen dioxide (NO2),574,40380,"Rochester, NY",36,New York,55,Monroe,43.14501268,-77.55728026
03/02/2019,AQS,1,31.7,ppb,29,Rochester Near-Road,24,100,42602,Nitrogen dioxide (NO2),574,40380,"Rochester, NY",36,New York,55,Monroe,43.14501268,-77.55728026
03/03/2019,AQS,1,12.5,ppb,11,Rochester Near-Road,24,100,42602,Nitrogen dioxide (NO2),574,40380,"Rochester, NY",36,New York,55,Monroe,43.14501268,-77.55728026
03/04/2019,AQS,1,13.2,ppb,12,Rochester Near-Road,18,75,42602,Nitrogen dioxide (NO2),574,40380,"Rochester, NY",36,New York,55,Monroe,43.14501268,-77.55728026
03/05/2019,AQS,1,18.7,ppb,17,Rochester Near-Road,24,100,42602,Nitrogen dioxide (NO2),574,40380,"Rochester, NY",36,New York,55,Monroe,43.14501268,-77.55728026
03/06/2019,AQS,1,18.9,ppb,17,Rochester Near-Road,24,100,42602,Nitrogen dioxide (NO2),574,40380,"Rochester, NY",36,New York,55,Monroe,43.14501268,-77.55728026
03/07/2019,AQS,1,20.5,ppb,19,Rochester Near-Road,24,100,42602,Nitrogen dioxide (NO2),574,40380,"Rochester, NY",36,New York,55,Monroe,43.14501268,-77.55728026
03/08/2019,AQS,1,38.9,ppb,36,Rochester Near-Road,24,100,42602,Nitrogen dioxide (NO2),574,40380,"Rochester, NY",36,New York,55,Monroe,43.14501268,-77.55728026
03/09/2019,AQS,1,40.2,ppb,38,Rochester Near-Road,24,100,42602,Nitrogen dioxide (NO2),574,40380,"Rochester, NY",36,New York,55,Monroe,43.14501268,-77.55728026
03/10/2019,AQS,1,10,ppb,9,Rochester Near-Road,24,100,42602,Nitrogen dioxide (NO2),574,40380,"Rochester, NY",36,New York,55,Monroe,43.14501268,-77.55728026
03/11/2019,AQS,1,13,ppb,12,Rochester Near-Road,19,79,42602,Nitrogen dioxide (NO2),574,40380,"Rochester, NY",36,New York,55,Monroe,43.14501268,-77.55728026
03/12/2019,AQS,1,16,ppb,15,Rochester Near-Road,24,100,42602,Nitrogen dioxide (NO2),574,40380,"Rochester, NY",36,New York,55,Monroe,43.14501268,-77.55728026
03/13/2019,AQS,1,42.2,ppb,40,Rochester Near-Road,24,100,42602,Nitrogen dioxide (NO2),574,40380,"Rochester, NY",36,New York,55,Monroe,43.14501268,-77.55728026
03/14/2019,AQS,1,26.4,ppb,25,Rochester Near-Road,24,100,42602,Nitrogen dioxide (NO2),574,40380,"Rochester, NY",36,New York,55,Monroe,43.14501268,-77.55728026
03/15/2019,AQS,1,9.8,ppb,8,Rochester Near-Road,24,100,42602,Nitrogen dioxide (NO2),574,40380,"Rochester, NY",36,New York,55,Monroe,43.14501268,-77.55728026
03/16/2019,AQS,1,7.9,ppb,7,Rochester Near-Road,24,100,42602,Nitrogen dioxide (NO2),574,40380,"Rochester, NY",36,New York,55,Monroe,43.14501268,-77.55728026
03/17/2019,AQS,1,8.3,ppb,8,Rochester Near-Road,24,100,42602,Nitrogen dioxide (NO2),574,40380,"Rochester, NY",36,New York,55,Monroe,43.14501268,-77.55728026
03/18/2019,AQS,1,22.9,ppb,21,Rochester Near-Road,18,75,42602,Nitrogen dioxide (NO2),574,40380,"Rochester, NY",36,New York,55,Monroe,43.14501268,-77.55728026
03/19/2019,AQS,1,30,ppb,28,Rochester Near-Road,24,100,42602,Nitrogen dioxide (NO2),574,40380,"Rochester, NY",36,New York,55,Monroe,43.14501268,-77.55728026
03/20/2019,AQS,1,32.7,ppb,30,Rochester Near-Road,24,100,42602,Nitrogen dioxide (NO2),574,40380,"Rochester, NY",36,New York,55,Monroe,43.14501268,-77.55728026
03/21/2019,AQS,1,23,ppb,22,Rochester Near-Road,24,100,42602,Nitrogen dioxide (NO2),574,40380,"Rochester, NY",36,New York,55,Monroe,43.14501268,-77.55728026
03/22/2019,AQS,1,13.6,ppb,12,Rochester Near-Road,24,100,42602,Nitrogen dioxide (NO2),574,40380,"Rochester, NY",36,New York,55,Monroe,43.14501268,-77.55728026
03/23/2019,AQS,1,6,ppb,6,Rochester Near-Road,24,100,42602,Nitrogen dioxide (NO2),574,40380,"Rochester, NY",36,New York,55,Monroe,43.14501268,-77.55728026
03/24/2019,AQS,1,16.4,ppb,15,Rochester Near-Road,24,100,42602,Nitrogen dioxide (NO2),574,40380,"Rochester, NY",36,New York,55,Monroe,43.14501268,-77.55728026
03/25/2019,AQS,1,12.9,ppb,11,Rochester Near-Road,18,75,42602,Nitrogen dioxide (NO2),574,40380,"Rochester, NY",36,New York,55,Monroe,43.14501268,-77.55728026
03/26/2019,AQS,1,37.6,ppb,35,Rochester Near-Road,24,100,42602,Nitrogen dioxide (NO2),574,40380,"Rochester, NY",36,New York,55,Monroe,43.14501268,-77.55728026
03/27/2019,AQS,1,36.9,ppb,34,Rochester Near-Road,22,92,42602,Nitrogen dioxide (NO2),574,40380,"Rochester, NY",36,New York,55,Monroe,43.14501268,-77.55728026
03/28/2019,AQS,1,18.6,ppb,17,Rochester Near-Road,24,100,42602,Nitrogen dioxide (NO2),574,40380,"Rochester, NY",36,New York,55,Monroe,43.14501268,-77.55728026
03/29/2019,AQS,1,19.6,ppb,18,Rochester Near-Road,24,100,42602,Nitrogen dioxide (NO2),574,40380,"Rochester, NY",36,New York,55,Monroe,43.14501268,-77.55728026
03/30/2019,AQS,1,13.4,ppb,12,Rochester Near-Road,24,100,42602,Nitrogen dioxide (NO2),574,40380,"Rochester, NY",36,New York,55,Monroe,43.14501268,-77.55728026
03/31/2019,AQS,1,6.2,ppb,6,Rochester Near-Road,24,100,42602,Nitrogen dioxide (NO2),574,40380,"Rochester, NY",36,New York,55,Monroe,43.14501268,-77.55728026
04/01/2019,AQS,1,17.9,ppb,16,Rochester Near-Road,19,79,42602,Nitrogen dioxide (NO2),574,40380,"Rochester, NY",36,New York,55,Monroe,43.14501268,-77.55728026
04/02/2019,AQS,1,30.4,ppb,28,Rochester Near-Road,24,100,42602,Nitrogen dioxide (NO2),574,40380,"Rochester, NY",36,New York,55,Monroe,43.14501268,-77.55728026
04/04/2019,AQS,1,29,ppb,27,Rochester Near-Road,18,75,42602,Nitrogen dioxide (NO2),200,40380,"Rochester, NY",36,New York,55,Monroe,43.14501268,-77.55728026
04/05/2019,AQS,1,20.8,ppb,19,Rochester Near-Road,24,100,42602,Nitrogen dioxide (NO2),200,40380,"Rochester, NY",36,New York,55,Monroe,43.14501268,-77.55728026
04/06/2019,AQS,1,19.5,ppb,18,Rochester Near-Road,24,100,42602,Nitrogen dioxide (NO2),200,40380,"Rochester, NY",36,New York,55,Monroe,43.14501268,-77.55728026
04/07/2019,AQS,1,24.8,ppb,23,Rochester Near-Road,24,100,42602,Nitrogen dioxide (NO2),200,40380,"Rochester, NY",36,New York,55,Monroe,43.14501268,-77.55728026
04/09/2019,AQS,1,12.7,ppb,11,Rochester Near-Road,24,100,42602,Nitrogen dioxide (NO2),200,40380,"Rochester, NY",36,New York,55,Monroe,43.14501268,-77.55728026
04/10/2019,AQS,1,26.9,ppb,25,Rochester Near-Road,24,100,42602,Nitrogen dioxide (NO2),200,40380,"Rochester, NY",36,New York,55,Monroe,43.14501268,-77.55728026
04/11/2019,AQS,1,13.9,ppb,12,Rochester Near-Road,24,100,42602,Nitrogen dioxide (NO2),200,40380,"Rochester, NY",36,New York,55,Monroe,43.14501268,-77.55728026
04/12/2019,AQS,1,10.4,ppb,9,Rochester Near-Road,24,100,42602,Nitrogen dioxide (NO2),200,40380,"Rochester, NY",36,New York,55,Monroe,43.14501268,-77.55728026
04/13/2019,AQS,1,11.3,ppb,10,Rochester Near-Road,24,100,42602,Nitrogen dioxide (NO2),200,40380,"Rochester, NY",36,New York,55,Monroe,43.14501268,-77.55728026
04/14/2019,AQS,1,4.9,ppb,4,Rochester Near-Road,24,100,42602,Nitrogen dioxide (NO2),200,40380,"Rochester, NY",36,New York,55,Monroe,43.14501268,-77.55728026
04/15/2019,AQS,1,7.9,ppb,7,Rochester Near-Road,24,100,42602,Nitrogen dioxide (NO2),200,40380,"Rochester, NY",36,New York,55,Monroe,43.14501268,-77.55728026
04/16/2019,AQS,1,23.7,ppb,22,Rochester Near-Road,19,79,42602,Nitrogen dioxide (NO2),200,40380,"Rochester, NY",36,New York,55,Monroe,43.14501268,-77.55728026
04/17/2019,AQS,1,19.9,ppb,18,Rochester Near-Road,24,100,42602,Nitrogen dioxide (NO2),200,40380,"Rochester, NY",36,New York,55,Monroe,43.14501268,-77.55728026
04/18/2019,AQS,1,9,ppb,8,Rochester Near-Road,24,100,42602,Nitrogen dioxide (NO2),200,40380,"Rochester, NY",36,New York,55,Monroe,43.14501268,-77.55728026
04/19/2019,AQS,1,22.1,ppb,21,Rochester Near-Road,24,100,42602,Nitrogen dioxide (NO2),200,40380,"Rochester, NY",36,New York,55,Monroe,43.14501268,-77.55728026
04/20/2019,AQS,1,7.9,ppb,7,Rochester Near-Road,24,100,42602,Nitrogen dioxide (NO2),200,40380,"Rochester, NY",36,New York,55,Monroe,43.14501268,-77.55728026
04/21/2019,AQS,1,10.7,ppb,9,Rochester Near-Road,24,100,42602,Nitrogen dioxide (NO2),200,40380,"Rochester, NY",36,New York,55,Monroe,43.14501268,-77.55728026
04/22/2019,AQS,1,18.8,ppb,17,Rochester Near-Road,24,100,42602,Nitrogen dioxide (NO2),200,40380,"Rochester, NY",36,New York,55,Monroe,43.14501268,-77.55728026
04/23/2019,AQS,1,16.9,ppb,15,Rochester Near-Road,24,100,42602,Nitrogen dioxide (NO2),200,40380,"Rochester, NY",36,New York,55,Monroe,43.14501268,-77.55728026
04/24/2019,AQS,1,18.5,ppb,17,Rochester Near-Road,18,75,42602,Nitrogen dioxide (NO2),200,40380,"Rochester, NY",36,New York,55,Monroe,43.14501268,-77.55728026
04/25/2019,AQS,1,21.1,ppb,20,Rochester Near-Road,22,92,42602,Nitrogen dioxide (NO2),200,40380,"Rochester, NY",36,New York,55,Monroe,43.14501268,-77.55728026
04/26/2019,AQS,1,13.3,ppb,12,Rochester Near-Road,24,100,42602,Nitrogen dioxide (NO2),200,40380,"Rochester, NY",36,New York,55,Monroe,43.14501268,-77.55728026
04/27/2019,AQS,1,7.1,ppb,7,Rochester Near-Road,24,100,42602,Nitrogen dioxide (NO2),200,40380,"Rochester, NY",36,New York,55,Monroe,43.14501268,-77.55728026
04/28/2019,AQS,1,15.4,ppb,14,Rochester Near-Road,24,100,42602,Nitrogen dioxide (NO2),200,40380,"Rochester, NY",36,New York,55,Monroe,43.14501268,-77.55728026
04/29/2019,AQS,1,31.6,ppb,29,Rochester Near-Road,24,100,42602,Nitrogen dioxide (NO2),200,40380,"Rochester, NY",36,New York,55,Monroe,43.14501268,-77.55728026
04/30/2019,AQS,1,8.2,ppb,8,Rochester Near-Road,24,100,42602,Nitrogen dioxide (NO2),200,40380,"Rochester, NY",36,New York,55,Monroe,43.14501268,-77.55728026
05/01/2019,AQS,1,15.1,ppb,14,Rochester Near-Road,19,79,42602,Nitrogen dioxide (NO2),200,40380,"Rochester, NY",36,New York,55,Monroe,43.14501268,-77.55728026
05/02/2019,AQS,1,5.6,ppb,5,Rochester Near-Road,24,100,42602,Nitrogen dioxide (NO2),200,40380,"Rochester, NY",36,New York,55,Monroe,43.14501268,-77.55728026
05/03/2019,AQS,1,13,ppb,12,Rochester Near-Road,24,100,42602,Nitrogen dioxide (NO2),200,40380,"Rochester, NY",36,New York,55,Monroe,43.14501268,-77.55728026
05/04/2019,AQS,1,11.2,ppb,10,Rochester Near-Road,24,100,42602,Nitrogen dioxide (NO2),200,40380,"Rochester, NY",36,New York,55,Monroe,43.14501268,-77.55728026
05/05/2019,AQS,1,18.5,ppb,17,Rochester Near-Road,24,100,42602,Nitrogen dioxide (NO2),200,40380,"Rochester, NY",36,New York,55,Monroe,43.14501268,-77.55728026
05/08/2019,AQS,1,10,ppb,9,Rochester Near-Road,24,100,42602,Nitrogen dioxide (NO2),200,40380,"Rochester, NY",36,New York,55,Monroe,43.14501268,-77.55728026
05/09/2019,AQS,1,10.5,ppb,9,Rochester Near-Road,24,100,42602,Nitrogen dioxide (NO2),200,40380,"Rochester, NY",36,New York,55,Monroe,43.14501268,-77.55728026
05/10/2019,AQS,1,10.6,ppb,9,Rochester Near-Road,24,100,42602,Nitrogen dioxide (NO2),200,40380,"Rochester, NY",36,New York,55,Monroe,43.14501268,-77.55728026
05/11/2019,AQS,1,7.8,ppb,7,Rochester Near-Road,24,100,42602,Nitrogen dioxide (NO2),200,40380,"Rochester, NY",36,New York,55,Monroe,43.14501268,-77.55728026
05/12/2019,AQS,1,3.9,ppb,3,Rochester Near-Road,24,100,42602,Nitrogen dioxide (NO2),200,40380,"Rochester, NY",36,New York,55,Monroe,43.14501268,-77.55728026
05/15/2019,AQS,1,17.2,ppb,16,Rochester Near-Road,24,100,42602,Nitrogen dioxide (NO2),200,40380,"Rochester, NY",36,New York,55,Monroe,43.14501268,-77.55728026
05/16/2019,AQS,1,21.8,ppb,20,Rochester Near-Road,24,100,42602,Nitrogen dioxide (NO2),200,40380,"Rochester, NY",36,New York,55,Monroe,43.14501268,-77.55728026
05/17/2019,AQS,1,21.2,ppb,20,Rochester Near-Road,24,100,42602,Nitrogen dioxide (NO2),200,40380,"Rochester, NY",36,New York,55,Monroe,43.14501268,-77.55728026
05/18/2019,AQS,1,10,ppb,9,Rochester Near-Road,24,100,42602,Nitrogen dioxide (NO2),200,40380,"Rochester, NY",36,New York,55,Monroe,43.14501268,-77.55728026
05/19/2019,AQS,1,8.6,ppb,8,Rochester Near-Road,24,100,42602,Nitrogen dioxide (NO2),200,40380,"Rochester, NY",36,New York,55,Monroe,43.14501268,-77.55728026
05/20/2019,AQS,1,10.5,ppb,9,Rochester Near-Road,18,75,42602,Nitrogen dioxide (NO2),200,40380,"Rochester, NY",36,New York,55,Monroe,43.14501268,-77.55728026
05/21/2019,AQS,1,11.1,ppb,10,Rochester Near-Road,24,100,42602,Nitrogen dioxide (NO2),200,40380,"Rochester, NY",36,New York,55,Monroe,43.14501268,-77.55728026
05/22/2019,AQS,1,16.9,ppb,15,Rochester Near-Road,24,100,42602,Nitrogen dioxide (NO2),200,40380,"Rochester, NY",36,New York,55,Monroe,43.14501268,-77.55728026
05/23/2019,AQS,1,17.7,ppb,16,Rochester Near-Road,24,100,42602,Nitrogen dioxide (NO2),200,40380,"Rochester, NY",36,New York,55,Monroe,43.14501268,-77.55728026
05/24/2019,AQS,1,15.2,ppb,14,Rochester Near-Road,24,100,42602,Nitrogen dioxide (NO2),200,40380,"Rochester, NY",36,New York,55,Monroe,43.14501268,-77.55728026
05/25/2019,AQS,1,16.6,ppb,15,Rochester Near-Road,24,100,42602,Nitrogen dioxide (NO2),200,40380,"Rochester, NY",36,New York,55,Monroe,43.14501268,-77.55728026
05/26/2019,AQS,1,9.2,ppb,8,Rochester Near-Road,24,100,42602,Nitrogen dioxide (NO2),200,40380,"Rochester, NY",36,New York,55,Monroe,43.14501268,-77.55728026
05/27/2019,AQS,1,6.2,ppb,6,Rochester Near-Road,24,100,42602,Nitrogen dioxide (NO2),200,40380,"Rochester, NY",36,New York,55,Monroe,43.14501268,-77.55728026
05/28/2019,AQS,1,9.5,ppb,8,Rochester Near-Road,24,100,42602,Nitrogen dioxide (NO2),200,40380,"Rochester, NY",36,New York,55,Monroe,43.14501268,-77.55728026
05/29/2019,AQS,1,9.7,ppb,8,Rochester Near-Road,24,100,42602,Nitrogen dioxide (NO2),200,40380,"Rochester, NY",36,New York,55,Monroe,43.14501268,-77.55728026
05/30/2019,AQS,1,13,ppb,12,Rochester Near-Road,24,100,42602,Nitrogen dioxide (NO2),200,40380,"Rochester, NY",36,New York,55,Monroe,43.14501268,-77.55728026
05/31/2019,AQS,1,15.6,ppb,14,Rochester Near-Road,24,100,42602,Nitrogen dioxide (NO2),200,40380,"Rochester, NY",36,New York,55,Monroe,43.14501268,-77.55728026
06/01/2019,AQS,1,7.9,ppb,7,Rochester Near-Road,24,100,42602,Nitrogen dioxide (NO2),200,40380,"Rochester, NY",36,New York,55,Monroe,43.14501268,-77.55728026
06/02/2019,AQS,1,5.7,ppb,5,Rochester Near-Road,24,100,42602,Nitrogen dioxide (NO2),200,40380,"Rochester, NY",36,New York,55,Monroe,43.14501268,-77.55728026
06/03/2019,AQS,1,9.3,ppb,8,Rochester Near-Road,19,79,42602,Nitrogen dioxide (NO2),200,40380,"Rochester, NY",36,New York,55,Monroe,43.14501268,-77.55728026
06/04/2019,AQS,1,11.9,ppb,10,Rochester Near-Road,24,100,42602,Nitrogen dioxide (NO2),200,40380,"Rochester, NY",36,New York,55,Monroe,43.14501268,-77.55728026
06/05/2019,AQS,1,18.7,ppb,17,Rochester Near-Road,24,100,42602,Nitrogen dioxide (NO2),200,40380,"Rochester, NY",36,New York,55,Monroe,43.14501268,-77.55728026
06/06/2019,AQS,1,14.9,ppb,13,Rochester Near-Road,24,100,42602,Nitrogen dioxide (NO2),200,40380,"Rochester, NY",36,New York,55,Monroe,43.14501268,-77.55728026
06/07/2019,AQS,1,21.9,ppb,20,Rochester Near-Road,24,100,42602,Nitrogen dioxide (NO2),200,40380,"Rochester, NY",36,New York,55,Monroe,43.14501268,-77.55728026
06/08/2019,AQS,1,17.1,ppb,16,Rochester Near-Road,24,100,42602,Nitrogen dioxide (NO2),200,40380,"Rochester, NY",36,New York,55,Monroe,43.14501268,-77.55728026
06/09/2019,AQS,1,6.6,ppb,6,Rochester Near-Road,24,100,42602,Nitrogen dioxide (NO2),200,40380,"Rochester, NY",36,New York,55,Monroe,43.14501268,-77.55728026
06/10/2019,AQS,1,11.2,ppb,10,Rochester Near-Road,24,100,42602,Nitrogen dioxide (NO2),200,40380,"Rochester, NY",36,New York,55,Monroe,43.14501268,-77.55728026
06/11/2019,AQS,1,15.4,ppb,14,Rochester Near-Road,24,100,42602,Nitrogen dioxide (NO2),200,40380,"Rochester, NY",36,New York,55,Monroe,43.14501268,-77.55728026
06/12/2019,AQS,1,11.6,ppb,10,Rochester Near-Road,24,100,42602,Nitrogen dioxide (NO2),200,40380,"Rochester, NY",36,New York,55,Monroe,43.14501268,-77.55728026
06/13/2019,AQS,1,11.7,ppb,10,Rochester Near-Road,18,75,42602,Nitrogen dioxide (NO2),200,40380,"Rochester, NY",36,New York,55,Monroe,43.14501268,-77.55728026
06/14/2019,AQS,1,7.7,ppb,7,Rochester Near-Road,24,100,42602,Nitrogen dioxide (NO2),200,40380,"Rochester, NY",36,New York,55,Monroe,43.14501268,-77.55728026
06/15/2019,AQS,1,6.4,ppb,6,Rochester Near-Road,24,100,42602,Nitrogen dioxide (NO2),200,40380,"Rochester, NY",36,New York,55,Monroe,43.14501268,-77.55728026
06/16/2019,AQS,1,10.3,ppb,9,Rochester Near-Road,24,100,42602,Nitrogen dioxide (NO2),200,40380,"Rochester, NY",36,New York,55,Monroe,43.14501268,-77.55728026
06/17/2019,AQS,1,10.6,ppb,9,Rochester Near-Road,19,79,42602,Nitrogen dioxide (NO2),200,40380,"Rochester, NY",36,New York,55,Monroe,43.14501268,-77.55728026
06/18/2019,AQS,1,14.1,ppb,13,Rochester Near-Road,24,100,42602,Nitrogen dioxide (NO2),200,40380,"Rochester, NY",36,New York,55,Monroe,43.14501268,-77.55728026
06/19/2019,AQS,1,13,ppb,12,Rochester Near-Road,24,100,42602,Nitrogen dioxide (NO2),200,40380,"Rochester, NY",36,New York,55,Monroe,43.14501268,-77.55728026
06/20/2019,AQS,1,8.8,ppb,8,Rochester Near-Road,24,100,42602,Nitrogen dioxide (NO2),200,40380,"Rochester, NY",36,New York,55,Monroe,43.14501268,-77.55728026
06/21/2019,AQS,1,8.3,ppb,8,Rochester Near-Road,24,100,42602,Nitrogen dioxide (NO2),200,40380,"Rochester, NY",36,New York,55,Monroe,43.14501268,-77.55728026
06/22/2019,AQS,1,11.1,ppb,10,Rochester Near-Road,24,100,42602,Nitrogen dioxide (NO2),200,40380,"Rochester, NY",36,New York,55,Monroe,43.14501268,-77.55728026
06/23/2019,AQS,1,12.7,ppb,11,Rochester Near-Road,24,100,42602,Nitrogen dioxide (NO2),200,40380,"Rochester, NY",36,New York,55,Monroe,43.14501268,-77.55728026
06/24/2019,AQS,1,12.9,ppb,11,Rochester Near-Road,19,79,42602,Nitrogen dioxide (NO2),200,40380,"Rochester, NY",36,New York,55,Monroe,43.14501268,-77.55728026
06/25/2019,AQS,1,9.1,ppb,8,Rochester Near-Road,24,100,42602,Nitrogen dioxide (NO2),200,40380,"Rochester, NY",36,New York,55,Monroe,43.14501268,-77.55728026
06/26/2019,AQS,1,11.6,ppb,10,Rochester Near-Road,24,100,42602,Nitrogen dioxide (NO2),200,40380,"Rochester, NY",36,New York,55,Monroe,43.14501268,-77.55728026
06/27/2019,AQS,1,17.8,ppb,16,Rochester Near-Road,24,100,42602,Nitrogen dioxide (NO2),200,40380,"Rochester, NY",36,New York,55,Monroe,43.14501268,-77.55728026
06/28/2019,AQS,1,14.2,ppb,13,Rochester Near-Road,24,100,42602,Nitrogen dioxide (NO2),200,40380,"Rochester, NY",36,New York,55,Monroe,43.14501268,-77.55728026
06/29/2019,AQS,1,7.6,ppb,7,Rochester Near-Road,24,100,42602,Nitrogen dioxide (NO2),200,40380,"Rochester, NY",36,New York,55,Monroe,43.14501268,-77.55728026
06/30/2019,AQS,1,10.2,ppb,9,Rochester Near-Road,24,100,42602,Nitrogen dioxide (NO2),200,40380,"Rochester, NY",36,New York,55,Monroe,43.14501268,-77.55728026
07/01/2019,AQS,1,12.5,ppb,11,Rochester Near-Road,19,79,42602,Nitrogen dioxide (NO2),200,40380,"Rochester, NY",36,New York,55,Monroe,43.14501268,-77.55728026
07/02/2019,AQS,1,15.9,ppb,14,Rochester Near-Road,24,100,42602,Nitrogen dioxide (NO2),200,40380,"Rochester, NY",36,New York,55,Monroe,43.14501268,-77.55728026
07/03/2019,AQS,1,16.4,ppb,15,Rochester Near-Road,24,100,42602,Nitrogen dioxide (NO2),200,40380,"Rochester, NY",36,New York,55,Monroe,43.14501268,-77.55728026
07/04/2019,AQS,1,9.2,ppb,8,Rochester Near-Road,24,100,42602,Nitrogen dioxide (NO2),200,40380,"Rochester, NY",36,New York,55,Monroe,43.14501268,-77.55728026
07/05/2019,AQS,1,9.2,ppb,8,Rochester Near-Road,24,100,42602,Nitrogen dioxide (NO2),200,40380,"Rochester, NY",36,New York,55,Monroe,43.14501268,-77.55728026
07/06/2019,AQS,1,8.1,ppb,8,Rochester Near-Road,24,100,42602,Nitrogen dioxide (NO2),200,40380,"Rochester, NY",36,New York,55,Monroe,43.14501268,-77.55728026
07/07/2019,AQS,1,9.5,ppb,8,Rochester Near-Road,24,100,42602,Nitrogen dioxide (NO2),200,40380,"Rochester, NY",36,New York,55,Monroe,43.14501268,-77.55728026
07/08/2019,AQS,1,18.8,ppb,17,Rochester Near-Road,19,79,42602,Nitrogen dioxide (NO2),200,40380,"Rochester, NY",36,New York,55,Monroe,43.14501268,-77.55728026
07/09/2019,AQS,1,16.6,ppb,15,Rochester Near-Road,24,100,42602,Nitrogen dioxide (NO2),200,40380,"Rochester, NY",36,New York,55,Monroe,43.14501268,-77.55728026
07/10/2019,AQS,1,11,ppb,10,Rochester Near-Road,23,96,42602,Nitrogen dioxide (NO2),200,40380,"Rochester, NY",36,New York,55,Monroe,43.14501268,-77.55728026
07/11/2019,AQS,1,11.4,ppb,10,Rochester Near-Road,24,100,42602,Nitrogen dioxide (NO2),200,40380,"Rochester, NY",36,New York,55,Monroe,43.14501268,-77.55728026
07/16/2019,AQS,1,11.2,ppb,10,Rochester Near-Road,24,100,42602,Nitrogen dioxide (NO2),200,40380,"Rochester, NY",36,New York,55,Monroe,43.14501268,-77.55728026
07/17/2019,AQS,1,11.7,ppb,10,Rochester Near-Road,24,100,42602,Nitrogen dioxide (NO2),200,40380,"Rochester, NY",36,New York,55,Monroe,43.14501268,-77.55728026
07/18/2019,AQS,1,9.7,ppb,8,Rochester Near-Road,24,100,42602,Nitrogen dioxide (NO2),200,40380,"Rochester, NY",36,New York,55,Monroe,43.14501268,-77.55728026
07/19/2019,AQS,1,10.1,ppb,9,Rochester Near-Road,24,100,42602,Nitrogen dioxide (NO2),200,40380,"Rochester, NY",36,New York,55,Monroe,43.14501268,-77.55728026
07/20/2019,AQS,1,6.1,ppb,6,Rochester Near-Road,24,100,42602,Nitrogen dioxide (NO2),200,40380,"Rochester, NY",36,New York,55,Monroe,43.14501268,-77.55728026
07/23/2019,AQS,1,16.8,ppb,15,Rochester Near-Road,24,100,42602,Nitrogen dioxide (NO2),200,40380,"Rochester, NY",36,New York,55,Monroe,43.14501268,-77.55728026
07/24/2019,AQS,1,15.7,ppb,14,Rochester Near-Road,24,100,42602,Nitrogen dioxide (NO2),200,40380,"Rochester, NY",36,New York,55,Monroe,43.14501268,-77.55728026
07/25/2019,AQS,1,11,ppb,10,Rochester Near-Road,24,100,42602,Nitrogen dioxide (NO2),200,40380,"Rochester, NY",36,New York,55,Monroe,43.14501268,-77.55728026
07/26/2019,AQS,1,12.4,ppb,11,Rochester Near-Road,24,100,42602,Nitrogen dioxide (NO2),200,40380,"Rochester, NY",36,New York,55,Monroe,43.14501268,-77.55728026
07/27/2019,AQS,1,10.1,ppb,9,Rochester Near-Road,24,100,42602,Nitrogen dioxide (NO2),200,40380,"Rochester, NY",36,New York,55,Monroe,43.14501268,-77.55728026
07/28/2019,AQS,1,7.4,ppb,7,Rochester Near-Road,24,100,42602,Nitrogen dioxide (NO2),200,40380,"Rochester, NY",36,New York,55,Monroe,43.14501268,-77.55728026
07/29/2019,AQS,1,12,ppb,11,Rochester Near-Road,24,100,42602,Nitrogen dioxide (NO2),200,40380,"Rochester, NY",36,New York,55,Monroe,43.14501268,-77.55728026
07/30/2019,AQS,1,14.4,ppb,13,Rochester Near-Road,24,100,42602,Nitrogen dioxide (NO2),200,40380,"Rochester, NY",36,New York,55,Monroe,43.14501268,-77.55728026
07/31/2019,AQS,1,14,ppb,13,Rochester Near-Road,24,100,42602,Nitrogen dioxide (NO2),200,40380,"Rochester, NY",36,New York,55,Monroe,43.14501268,-77.55728026
08/01/2019,AQS,1,13.6,ppb,12,Rochester Near-Road,24,100,42602,Nitrogen dioxide (NO2),200,40380,"Rochester, NY",36,New York,55,Monroe,43.14501268,-77.55728026
08/02/2019,AQS,1,12.8,ppb,11,Rochester Near-Road,19,79,42602,Nitrogen dioxide (NO2),200,40380,"Rochester, NY",36,New York,55,Monroe,43.14501268,-77.55728026
08/03/2019,AQS,1,12.3,ppb,11,Rochester Near-Road,24,100,42602,Nitrogen dioxide (NO2),200,40380,"Rochester, NY",36,New York,55,Monroe,43.14501268,-77.55728026
08/04/2019,AQS,1,8.6,ppb,8,Rochester Near-Road,24,100,42602,Nitrogen dioxide (NO2),200,40380,"Rochester, NY",36,New York,55,Monroe,43.14501268,-77.55728026
08/05/2019,AQS,1,8.5,ppb,8,Rochester Near-Road,19,79,42602,Nitrogen dioxide (NO2),200,40380,"Rochester, NY",36,New York,55,Monroe,43.14501268,-77.55728026
08/06/2019,AQS,1,10.2,ppb,9,Rochester Near-Road,24,100,42602,Nitrogen dioxide (NO2),200,40380,"Rochester, NY",36,New York,55,Monroe,43.14501268,-77.55728026
08/07/2019,AQS,1,15,ppb,14,Rochester Near-Road,24,100,42602,Nitrogen dioxide (NO2),200,40380,"Rochester, NY",36,New York,55,Monroe,43.14501268,-77.55728026
08/08/2019,AQS,1,11.6,ppb,10,Rochester Near-Road,24,100,42602,Nitrogen dioxide (NO2),200,40380,"Rochester, NY",36,New York,55,Monroe,43.14501268,-77.55728026
08/09/2019,AQS,1,10.4,ppb,9,Rochester Near-Road,24,100,42602,Nitrogen dioxide (NO2),200,40380,"Rochester, NY",36,New York,55,Monroe,43.14501268,-77.55728026
08/10/2019,AQS,1,5.9,ppb,5,Rochester Near-Road,24,100,42602,Nitrogen dioxide (NO2),200,40380,"Rochester, NY",36,New York,55,Monroe,43.14501268,-77.55728026
08/11/2019,AQS,1,7,ppb,7,Rochester Near-Road,24,100,42602,Nitrogen dioxide (NO2),200,40380,"Rochester, NY",36,New York,55,Monroe,43.14501268,-77.55728026
08/12/2019,AQS,1,10.6,ppb,9,Rochester Near-Road,19,79,42602,Nitrogen dioxide (NO2),200,40380,"Rochester, NY",36,New York,55,Monroe,43.14501268,-77.55728026
08/13/2019,AQS,1,14.6,ppb,13,Rochester Near-Road,24,100,42602,Nitrogen dioxide (NO2),200,40380,"Rochester, NY",36,New York,55,Monroe,43.14501268,-77.55728026
08/14/2019,AQS,1,11.9,ppb,10,Rochester Near-Road,24,100,42602,Nitrogen dioxide (NO2),200,40380,"Rochester, NY",36,New York,55,Monroe,43.14501268,-77.55728026
08/15/2019,AQS,1,11.8,ppb,10,Rochester Near-Road,24,100,42602,Nitrogen dioxide (NO2),200,40380,"Rochester, NY",36,New York,55,Monroe,43.14501268,-77.55728026
08/16/2019,AQS,1,9.6,ppb,8,Rochester Near-Road,24,100,42602,Nitrogen dioxide (NO2),200,40380,"Rochester, NY",36,New York,55,Monroe,43.14501268,-77.55728026
08/17/2019,AQS,1,8.6,ppb,8,Rochester Near-Road,24,100,42602,Nitrogen dioxide (NO2),200,40380,"Rochester, NY",36,New York,55,Monroe,43.14501268,-77.55728026
08/18/2019,AQS,1,8.5,ppb,8,Rochester Near-Road,24,100,42602,Nitrogen dioxide (NO2),200,40380,"Rochester, NY",36,New York,55,Monroe,43.14501268,-77.55728026
08/19/2019,AQS,1,12.1,ppb,11,Rochester Near-Road,19,79,42602,Nitrogen dioxide (NO2),200,40380,"Rochester, NY",36,New York,55,Monroe,43.14501268,-77.55728026
08/20/2019,AQS,1,11.4,ppb,10,Rochester Near-Road,24,100,42602,Nitrogen dioxide (NO2),200,40380,"Rochester, NY",36,New York,55,Monroe,43.14501268,-77.55728026
08/21/2019,AQS,1,13.6,ppb,12,Rochester Near-Road,24,100,42602,Nitrogen dioxide (NO2),200,40380,"Rochester, NY",36,New York,55,Monroe,43.14501268,-77.55728026
08/22/2019,AQS,1,16.5,ppb,15,Rochester Near-Road,24,100,42602,Nitrogen dioxide (NO2),200,40380,"Rochester, NY",36,New York,55,Monroe,43.14501268,-77.55728026
08/23/2019,AQS,1,13.9,ppb,12,Rochester Near-Road,24,100,42602,Nitrogen dioxide (NO2),200,40380,"Rochester, NY",36,New York,55,Monroe,43.14501268,-77.55728026
08/24/2019,AQS,1,11,ppb,10,Rochester Near-Road,24,100,42602,Nitrogen dioxide (NO2),200,40380,"Rochester, NY",36,New York,55,Monroe,43.14501268,-77.55728026
08/25/2019,AQS,1,8.7,ppb,8,Rochester Near-Road,24,100,42602,Nitrogen dioxide (NO2),200,40380,"Rochester, NY",36,New York,55,Monroe,43.14501268,-77.55728026
08/26/2019,AQS,1,9.6,ppb,8,Rochester Near-Road,19,79,42602,Nitrogen dioxide (NO2),200,40380,"Rochester, NY",36,New York,55,Monroe,43.14501268,-77.55728026
08/27/2019,AQS,1,12.4,ppb,11,Rochester Near-Road,24,100,42602,Nitrogen dioxide (NO2),200,40380,"Rochester, NY",36,New York,55,Monroe,43.14501268,-77.55728026
08/28/2019,AQS,1,8.7,ppb,8,Rochester Near-Road,19,79,42602,Nitrogen dioxide (NO2),200,40380,"Rochester, NY",36,New York,55,Monroe,43.14501268,-77.55728026
08/29/2019,AQS,1,12.2,ppb,11,Rochester Near-Road,24,100,42602,Nitrogen dioxide (NO2),200,40380,"Rochester, NY",36,New York,55,Monroe,43.14501268,-77.55728026
08/30/2019,AQS,1,7.9,ppb,7,Rochester Near-Road,24,100,42602,Nitrogen dioxide (NO2),200,40380,"Rochester, NY",36,New York,55,Monroe,43.14501268,-77.55728026
08/31/2019,AQS,1,14.3,ppb,13,Rochester Near-Road,24,100,42602,Nitrogen dioxide (NO2),200,40380,"Rochester, NY",36,New York,55,Monroe,43.14501268,-77.55728026
09/01/2019,AQS,1,9.9,ppb,8,Rochester Near-Road,24,100,42602,Nitrogen dioxide (NO2),200,40380,"Rochester, NY",36,New York,55,Monroe,43.14501268,-77.55728026
09/02/2019,AQS,1,10,ppb,9,Rochester Near-Road,24,100,42602,Nitrogen dioxide (NO2),200,40380,"Rochester, NY",36,New York,55,Monroe,43.14501268,-77.55728026
09/03/2019,AQS,1,11.1,ppb,10,Rochester Near-Road,24,100,42602,Nitrogen dioxide (NO2),200,40380,"Rochester, NY",36,New York,55,Monroe,43.14501268,-77.55728026
09/04/2019,AQS,1,9.1,ppb,8,Rochester Near-Road,19,79,42602,Nitrogen dioxide (NO2),200,40380,"Rochester, NY",36,New York,55,Monroe,43.14501268,-77.55728026
09/05/2019,AQS,1,13,ppb,12,Rochester Near-Road,24,100,42602,Nitrogen dioxide (NO2),200,40380,"Rochester, NY",36,New York,55,Monroe,43.14501268,-77.55728026
09/06/2019,AQS,1,9.5,ppb,8,Rochester Near-Road,24,100,42602,Nitrogen dioxide (NO2),200,40380,"Rochester, NY",36,New York,55,Monroe,43.14501268,-77.55728026
09/07/2019,AQS,1,8.9,ppb,8,Rochester Near-Road,24,100,42602,Nitrogen dioxide (NO2),200,40380,"Rochester, NY",36,New York,55,Monroe,43.14501268,-77.55728026
09/08/2019,AQS,1,8.9,ppb,8,Rochester Near-Road,24,100,42602,Nitrogen dioxide (NO2),200,40380,"Rochester, NY",36,New York,55,Monroe,43.14501268,-77.55728026
09/09/2019,AQS,1,11.4,ppb,10,Rochester Near-Road,19,79,42602,Nitrogen dioxide (NO2),200,40380,"Rochester, NY",36,New York,55,Monroe,43.14501268,-77.55728026
09/10/2019,AQS,1,14.7,ppb,13,Rochester Near-Road,24,100,42602,Nitrogen dioxide (NO2),200,40380,"Rochester, NY",36,New York,55,Monroe,43.14501268,-77.55728026
09/11/2019,AQS,1,18.4,ppb,17,Rochester Near-Road,24,100,42602,Nitrogen dioxide (NO2),200,40380,"Rochester, NY",36,New York,55,Monroe,43.14501268,-77.55728026
09/12/2019,AQS,1,8.1,ppb,8,Rochester Near-Road,24,100,42602,Nitrogen dioxide (NO2),200,40380,"Rochester, NY",36,New York,55,Monroe,43.14501268,-77.55728026
09/13/2019,AQS,1,9.4,ppb,8,Rochester Near-Road,24,100,42602,Nitrogen dioxide (NO2),200,40380,"Rochester, NY",36,New York,55,Monroe,43.14501268,-77.55728026
09/14/2019,AQS,1,4.2,ppb,4,Rochester Near-Road,24,100,42602,Nitrogen dioxide (NO2),200,40380,"Rochester, NY",36,New York,55,Monroe,43.14501268,-77.55728026
09/15/2019,AQS,1,6.2,ppb,6,Rochester Near-Road,24,100,42602,Nitrogen dioxide (NO2),200,40380,"Rochester, NY",36,New York,55,Monroe,43.14501268,-77.55728026
09/16/2019,AQS,1,10.9,ppb,9,Rochester Near-Road,20,83,42602,Nitrogen dioxide (NO2),200,40380,"Rochester, NY",36,New York,55,Monroe,43.14501268,-77.55728026
09/17/2019,AQS,1,23.3,ppb,22,Rochester Near-Road,24,100,42602,Nitrogen dioxide (NO2),200,40380,"Rochester, NY",36,New York,55,Monroe,43.14501268,-77.55728026
09/18/2019,AQS,1,13.7,ppb,12,Rochester Near-Road,24,100,42602,Nitrogen dioxide (NO2),200,40380,"Rochester, NY",36,New York,55,Monroe,43.14501268,-77.55728026
09/19/2019,AQS,1,14.5,ppb,13,Rochester Near-Road,24,100,42602,Nitrogen dioxide (NO2),200,40380,"Rochester, NY",36,New York,55,Monroe,43.14501268,-77.55728026
09/20/2019,AQS,1,15.3,ppb,14,Rochester Near-Road,24,100,42602,Nitrogen dioxide (NO2),200,40380,"Rochester, NY",36,New York,55,Monroe,43.14501268,-77.55728026
09/21/2019,AQS,1,10.7,ppb,9,Rochester Near-Road,24,100,42602,Nitrogen dioxide (NO2),200,40380,"Rochester, NY",36,New York,55,Monroe,43.14501268,-77.55728026
09/22/2019,AQS,1,14.2,ppb,13,Rochester Near-Road,24,100,42602,Nitrogen dioxide (NO2),200,40380,"Rochester, NY",36,New York,55,Monroe,43.14501268,-77.55728026
09/23/2019,AQS,1,11.2,ppb,10,Rochester Near-Road,24,100,42602,Nitrogen dioxide (NO2),200,40380,"Rochester, NY",36,New York,55,Monroe,43.14501268,-77.55728026
09/24/2019,AQS,1,16.4,ppb,15,Rochester Near-Road,24,100,42602,Nitrogen dioxide (NO2),200,40380,"Rochester, NY",36,New York,55,Monroe,43.14501268,-77.55728026
09/25/2019,AQS,1,12.7,ppb,11,Rochester Near-Road,24,100,42602,Nitrogen dioxide (NO2),200,40380,"Rochester, NY",36,New York,55,Monroe,43.14501268,-77.55728026
09/26/2019,AQS,1,16.2,ppb,15,Rochester Near-Road,24,100,42602,Nitrogen dioxide (NO2),200,40380,"Rochester, NY",36,New York,55,Monroe,43.14501268,-77.55728026
09/27/2019,AQS,1,12,ppb,11,Rochester Near-Road,24,100,42602,Nitrogen dioxide (NO2),200,40380,"Rochester, NY",36,New York,55,Monroe,43.14501268,-77.55728026
09/28/2019,AQS,1,10.2,ppb,9,Rochester Near-Road,24,100,42602,Nitrogen dioxide (NO2),200,40380,"Rochester, NY",36,New York,55,Monroe,43.14501268,-77.55728026
09/29/2019,AQS,1,6.6,ppb,6,Rochester Near-Road,24,100,42602,Nitrogen dioxide (NO2),200,40380,"Rochester, NY",36,New York,55,Monroe,43.14501268,-77.55728026
09/30/2019,AQS,1,9.6,ppb,8,Rochester Near-Road,21,88,42602,Nitrogen dioxide (NO2),200,40380,"Rochester, NY",36,New York,55,Monroe,43.14501268,-77.55728026
10/01/2019,AQS,1,8.2,ppb,8,Rochester Near-Road,24,100,42602,Nitrogen dioxide (NO2),200,40380,"Rochester, NY",36,New York,55,Monroe,43.14501268,-77.55728026
10/02/2019,AQS,1,11.7,ppb,10,Rochester Near-Road,24,100,42602,Nitrogen dioxide (NO2),200,40380,"Rochester, NY",36,New York,55,Monroe,43.14501268,-77.55728026
10/03/2019,AQS,1,6.8,ppb,6,Rochester Near-Road,24,100,42602,Nitrogen dioxide (NO2),200,40380,"Rochester, NY",36,New York,55,Monroe,43.14501268,-77.55728026
10/04/2019,AQS,1,16.6,ppb,15,Rochester Near-Road,22,92,42602,Nitrogen dioxide (NO2),200,40380,"Rochester, NY",36,New York,55,Monroe,43.14501268,-77.55728026
10/05/2019,AQS,1,11.1,ppb,10,Rochester Near-Road,24,100,42602,Nitrogen dioxide (NO2),200,40380,"Rochester, NY",36,New York,55,Monroe,43.14501268,-77.55728026
10/06/2019,AQS,1,9.5,ppb,8,Rochester Near-Road,24,100,42602,Nitrogen dioxide (NO2),200,40380,"Rochester, NY",36,New York,55,Monroe,43.14501268,-77.55728026
10/07/2019,AQS,1,12.7,ppb,11,Rochester Near-Road,19,79,42602,Nitrogen dioxide (NO2),200,40380,"Rochester, NY",36,New York,55,Monroe,43.14501268,-77.55728026
10/08/2019,AQS,1,16.2,ppb,15,Rochester Near-Road,24,100,42602,Nitrogen dioxide (NO2),200,40380,"Rochester, NY",36,New York,55,Monroe,43.14501268,-77.55728026
10/09/2019,AQS,1,13.5,ppb,12,Rochester Near-Road,24,100,42602,Nitrogen dioxide (NO2),200,40380,"Rochester, NY",36,New York,55,Monroe,43.14501268,-77.55728026
10/10/2019,AQS,1,14.1,ppb,13,Rochester Near-Road,24,100,42602,Nitrogen dioxide (NO2),200,40380,"Rochester, NY",36,New York,55,Monroe,43.14501268,-77.55728026
10/11/2019,AQS,1,12.8,ppb,11,Rochester Near-Road,24,100,42602,Nitrogen dioxide (NO2),200,40380,"Rochester, NY",36,New York,55,Monroe,43.14501268,-77.55728026
10/12/2019,AQS,1,12.6,ppb,11,Rochester Near-Road,24,100,42602,Nitrogen dioxide (NO2),200,40380,"Rochester, NY",36,New York,55,Monroe,43.14501268,-77.55728026
10/13/2019,AQS,1,6.6,ppb,6,Rochester Near-Road,24,100,42602,Nitrogen dioxide (NO2),200,40380,"Rochester, NY",36,New York,55,Monroe,43.14501268,-77.55728026
10/14/2019,AQS,1,18.1,ppb,17,Rochester Near-Road,24,100,42602,Nitrogen dioxide (NO2),200,40380,"Rochester, NY",36,New York,55,Monroe,43.14501268,-77.55728026
10/15/2019,AQS,1,12,ppb,11,Rochester Near-Road,18,75,42602,Nitrogen dioxide (NO2),200,40380,"Rochester, NY",36,New York,55,Monroe,43.14501268,-77.55728026
10/17/2019,AQS,1,5.1,ppb,5,Rochester Near-Road,20,83,42602,Nitrogen dioxide (NO2),200,40380,"Rochester, NY",36,New York,55,Monroe,43.14501268,-77.55728026
10/18/2019,AQS,1,12.6,ppb,11,Rochester Near-Road,24,100,42602,Nitrogen dioxide (NO2),200,40380,"Rochester, NY",36,New York,55,Monroe,43.14501268,-77.55728026
10/19/2019,AQS,1,12,ppb,11,Rochester Near-Road,24,100,42602,Nitrogen dioxide (NO2),200,40380,"Rochester, NY",36,New York,55,Monroe,43.14501268,-77.55728026
10/20/2019,AQS,1,19.1,ppb,18,Rochester Near-Road,24,100,42602,Nitrogen dioxide (NO2),200,40380,"Rochester, NY",36,New York,55,Monroe,43.14501268,-77.55728026
10/21/2019,AQS,1,12.5,ppb,11,Rochester Near-Road,18,75,42602,Nitrogen dioxide (NO2),200,40380,"Rochester, NY",36,New York,55,Monroe,43.14501268,-77.55728026
10/22/2019,AQS,1,12.1,ppb,11,Rochester Near-Road,24,100,42602,Nitrogen dioxide (NO2),200,40380,"Rochester, NY",36,New York,55,Monroe,43.14501268,-77.55728026
10/23/2019,AQS,1,10.9,ppb,9,Rochester Near-Road,24,100,42602,Nitrogen dioxide (NO2),200,40380,"Rochester, NY",36,New York,55,Monroe,43.14501268,-77.55728026
10/24/2019,AQS,1,13.7,ppb,12,Rochester Near-Road,24,100,42602,Nitrogen dioxide (NO2),200,40380,"Rochester, NY",36,New York,55,Monroe,43.14501268,-77.55728026
10/25/2019,AQS,1,18.4,ppb,17,Rochester Near-Road,24,100,42602,Nitrogen dioxide (NO2),200,40380,"Rochester, NY",36,New York,55,Monroe,43.14501268,-77.55728026
10/26/2019,AQS,1,12.2,ppb,11,Rochester Near-Road,24,100,42602,Nitrogen dioxide (NO2),200,40380,"Rochester, NY",36,New York,55,Monroe,43.14501268,-77.55728026
10/27/2019,AQS,1,3.5,ppb,3,Rochester Near-Road,24,100,42602,Nitrogen dioxide (NO2),200,40380,"Rochester, NY",36,New York,55,Monroe,43.14501268,-77.55728026
10/28/2019,AQS,1,22.2,ppb,21,Rochester Near-Road,24,100,42602,Nitrogen dioxide (NO2),200,40380,"Rochester, NY",36,New York,55,Monroe,43.14501268,-77.55728026
10/29/2019,AQS,1,13.3,ppb,12,Rochester Near-Road,20,83,42602,Nitrogen dioxide (NO2),200,40380,"Rochester, NY",36,New York,55,Monroe,43.14501268,-77.55728026
10/30/2019,AQS,1,12.6,ppb,11,Rochester Near-Road,24,100,42602,Nitrogen dioxide (NO2),200,40380,"Rochester, NY",36,New York,55,Monroe,43.14501268,-77.55728026
10/31/2019,AQS,1,12.7,ppb,11,Rochester Near-Road,24,100,42602,Nitrogen dioxide (NO2),200,40380,"Rochester, NY",36,New York,55,Monroe,43.14501268,-77.55728026
11/01/2019,AQS,1,7.6,ppb,7,Rochester Near-Road,24,100,42602,Nitrogen dioxide (NO2),200,40380,"Rochester, NY",36,New York,55,Monroe,43.14501268,-77.55728026
11/02/2019,AQS,1,9.5,ppb,8,Rochester Near-Road,24,100,42602,Nitrogen dioxide (NO2),200,40380,"Rochester, NY",36,New York,55,Monroe,43.14501268,-77.55728026
11/03/2019,AQS,1,9,ppb,8,Rochester Near-Road,24,100,42602,Nitrogen dioxide (NO2),200,40380,"Rochester, NY",36,New York,55,Monroe,43.14501268,-77.55728026
11/04/2019,AQS,1,15.2,ppb,14,Rochester Near-Road,24,100,42602,Nitrogen dioxide (NO2),200,40380,"Rochester, NY",36,New York,55,Monroe,43.14501268,-77.55728026
11/05/2019,AQS,1,14.4,ppb,13,Rochester Near-Road,20,83,42602,Nitrogen dioxide (NO2),200,40380,"Rochester, NY",36,New York,55,Monroe,43.14501268,-77.55728026
11/06/2019,AQS,1,17.8,ppb,16,Rochester Near-Road,24,100,42602,Nitrogen dioxide (NO2),200,40380,"Rochester, NY",36,New York,55,Monroe,43.14501268,-77.55728026
11/07/2019,AQS,1,17.8,ppb,16,Rochester Near-Road,24,100,42602,Nitrogen dioxide (NO2),200,40380,"Rochester, NY",36,New York,55,Monroe,43.14501268,-77.55728026
11/08/2019,AQS,1,17.6,ppb,16,Rochester Near-Road,24,100,42602,Nitrogen dioxide (NO2),200,40380,"Rochester, NY",36,New York,55,Monroe,43.14501268,-77.55728026
11/09/2019,AQS,1,12.9,ppb,11,Rochester Near-Road,24,100,42602,Nitrogen dioxide (NO2),200,40380,"Rochester, NY",36,New York,55,Monroe,43.14501268,-77.55728026
11/10/2019,AQS,1,8.9,ppb,8,Rochester Near-Road,24,100,42602,Nitrogen dioxide (NO2),200,40380,"Rochester, NY",36,New York,55,Monroe,43.14501268,-77.55728026
11/11/2019,AQS,1,8.9,ppb,8,Rochester Near-Road,24,100,42602,Nitrogen dioxide (NO2),200,40380,"Rochester, NY",36,New York,55,Monroe,43.14501268,-77.55728026
11/12/2019,AQS,1,11.5,ppb,10,Rochester Near-Road,19,79,42602,Nitrogen dioxide (NO2),200,40380,"Rochester, NY",36,New York,55,Monroe,43.14501268,-77.55728026
11/13/2019,AQS,1,14.9,ppb,13,Rochester Near-Road,24,100,42602,Nitrogen dioxide (NO2),200,40380,"Rochester, NY",36,New York,55,Monroe,43.14501268,-77.55728026
11/14/2019,AQS,1,23.3,ppb,22,Rochester Near-Road,24,100,42602,Nitrogen dioxide (NO2),200,40380,"Rochester, NY",36,New York,55,Monroe,43.14501268,-77.55728026
11/15/2019,AQS,1,13.9,ppb,12,Rochester Near-Road,24,100,42602,Nitrogen dioxide (NO2),200,40380,"Rochester, NY",36,New York,55,Monroe,43.14501268,-77.55728026
11/16/2019,AQS,1,14.4,ppb,13,Rochester Near-Road,24,100,42602,Nitrogen dioxide (NO2),200,40380,"Rochester, NY",36,New York,55,Monroe,43.14501268,-77.55728026
11/17/2019,AQS,1,21.5,ppb,20,Rochester Near-Road,24,100,42602,Nitrogen dioxide (NO2),200,40380,"Rochester, NY",36,New York,55,Monroe,43.14501268,-77.55728026
11/18/2019,AQS,1,18.2,ppb,17,Rochester Near-Road,24,100,42602,Nitrogen dioxide (NO2),200,40380,"Rochester, NY",36,New York,55,Monroe,43.14501268,-77.55728026
11/19/2019,AQS,1,20.9,ppb,19,Rochester Near-Road,24,100,42602,Nitrogen dioxide (NO2),200,40380,"Rochester, NY",36,New York,55,Monroe,43.14501268,-77.55728026
11/20/2019,AQS,1,27.7,ppb,25,Rochester Near-Road,24,100,42602,Nitrogen dioxide (NO2),200,40380,"Rochester, NY",36,New York,55,Monroe,43.14501268,-77.55728026
11/21/2019,AQS,1,16.7,ppb,15,Rochester Near-Road,24,100,42602,Nitrogen dioxide (NO2),200,40380,"Rochester, NY",36,New York,55,Monroe,43.14501268,-77.55728026
11/22/2019,AQS,1,7.7,ppb,7,Rochester Near-Road,24,100,42602,Nitrogen dioxide (NO2),200,40380,"Rochester, NY",36,New York,55,Monroe,43.14501268,-77.55728026
11/23/2019,AQS,1,18.1,ppb,17,Rochester Near-Road,24,100,42602,Nitrogen dioxide (NO2),200,40380,"Rochester, NY",36,New York,55,Monroe,43.14501268,-77.55728026
11/24/2019,AQS,1,12.7,ppb,11,Rochester Near-Road,24,100,42602,Nitrogen dioxide (NO2),200,40380,"Rochester, NY",36,New York,55,Monroe,43.14501268,-77.55728026
11/25/2019,AQS,1,19.4,ppb,18,Rochester Near-Road,24,100,42602,Nitrogen dioxide (NO2),200,40380,"Rochester, NY",36,New York,55,Monroe,43.14501268,-77.55728026
11/26/2019,AQS,1,22.3,ppb,21,Rochester Near-Road,19,79,42602,Nitrogen dioxide (NO2),200,40380,"Rochester, NY",36,New York,55,Monroe,43.14501268,-77.55728026
11/27/2019,AQS,1,16.2,ppb,15,Rochester Near-Road,24,100,42602,Nitrogen dioxide (NO2),200,40380,"Rochester, NY",36,New York,55,Monroe,43.14501268,-77.55728026
11/28/2019,AQS,1,4.2,ppb,4,Rochester Near-Road,24,100,42602,Nitrogen dioxide (NO2),200,40380,"Rochester, NY",36,New York,55,Monroe,43.14501268,-77.55728026
11/29/2019,AQS,1,7.5,ppb,7,Rochester Near-Road,24,100,42602,Nitrogen dioxide (NO2),200,40380,"Rochester, NY",36,New York,55,Monroe,43.14501268,-77.55728026
11/30/2019,AQS,1,11.3,ppb,10,Rochester Near-Road,24,100,42602,Nitrogen dioxide (NO2),200,40380,"Rochester, NY",36,New York,55,Monroe,43.14501268,-77.55728026
12/01/2019,AQS,1,6.4,ppb,6,Rochester Near-Road,24,100,42602,Nitrogen dioxide (NO2),200,40380,"Rochester, NY",36,New York,55,Monroe,43.14501268,-77.55728026
12/02/2019,AQS,1,9.8,ppb,8,Rochester Near-Road,24,100,42602,Nitrogen dioxide (NO2),200,40380,"Rochester, NY",36,New York,55,Monroe,43.14501268,-77.55728026
12/03/2019,AQS,1,29,ppb,27,Rochester Near-Road,24,100,42602,Nitrogen dioxide (NO2),200,40380,"Rochester, NY",36,New York,55,Monroe,43.14501268,-77.55728026
12/04/2019,AQS,1,16,ppb,15,Rochester Near-Road,24,100,42602,Nitrogen dioxide (NO2),200,40380,"Rochester, NY",36,New York,55,Monroe,43.14501268,-77.55728026
12/05/2019,AQS,1,14,ppb,13,Rochester Near-Road,24,100,42602,Nitrogen dioxide (NO2),200,40380,"Rochester, NY",36,New York,55,Monroe,43.14501268,-77.55728026
12/06/2019,AQS,1,21.3,ppb,20,Rochester Near-Road,24,100,42602,Nitrogen dioxide (NO2),200,40380,"Rochester, NY",36,New York,55,Monroe,43.14501268,-77.55728026
12/07/2019,AQS,1,26.5,ppb,25,Rochester Near-Road,24,100,42602,Nitrogen dioxide (NO2),200,40380,"Rochester, NY",36,New York,55,Monroe,43.14501268,-77.55728026
12/08/2019,AQS,1,20.3,ppb,19,Rochester Near-Road,24,100,42602,Nitrogen dioxide (NO2),200,40380,"Rochester, NY",36,New York,55,Monroe,43.14501268,-77.55728026
12/09/2019,AQS,1,18.8,ppb,17,Rochester Near-Road,24,100,42602,Nitrogen dioxide (NO2),200,40380,"Rochester, NY",36,New York,55,Monroe,43.14501268,-77.55728026
12/10/2019,AQS,1,8.3,ppb,8,Rochester Near-Road,19,79,42602,Nitrogen dioxide (NO2),200,40380,"Rochester, NY",36,New York,55,Monroe,43.14501268,-77.55728026
12/11/2019,AQS,1,18.9,ppb,17,Rochester Near-Road,23,96,42602,Nitrogen dioxide (NO2),200,40380,"Rochester, NY",36,New York,55,Monroe,43.14501268,-77.55728026
12/12/2019,AQS,1,20.5,ppb,19,Rochester Near-Road,24,100,42602,Nitrogen dioxide (NO2),200,40380,"Rochester, NY",36,New York,55,Monroe,43.14501268,-77.55728026
12/13/2019,AQS,1,15.8,ppb,14,Rochester Near-Road,23,96,42602,Nitrogen dioxide (NO2),200,40380,"Rochester, NY",36,New York,55,Monroe,43.14501268,-77.55728026
12/14/2019,AQS,1,12.9,ppb,11,Rochester Near-Road,24,100,42602,Nitrogen dioxide (NO2),200,40380,"Rochester, NY",36,New York,55,Monroe,43.14501268,-77.55728026
12/15/2019,AQS,1,6.2,ppb,6,Rochester Near-Road,24,100,42602,Nitrogen dioxide (NO2),200,40380,"Rochester, NY",36,New York,55,Monroe,43.14501268,-77.55728026
12/16/2019,AQS,1,23.6,ppb,22,Rochester Near-Road,24,100,42602,Nitrogen dioxide (NO2),200,40380,"Rochester, NY",36,New York,55,Monroe,43.14501268,-77.55728026
12/17/2019,AQS,1,19.3,ppb,18,Rochester Near-Road,19,79,42602,Nitrogen dioxide (NO2),200,40380,"Rochester, NY",36,New York,55,Monroe,43.14501268,-77.55728026
12/18/2019,AQS,1,10.7,ppb,9,Rochester Near-Road,24,100,42602,Nitrogen dioxide (NO2),200,40380,"Rochester, NY",36,New York,55,Monroe,43.14501268,-77.55728026
12/19/2019,AQS,1,19,ppb,18,Rochester Near-Road,24,100,42602,Nitrogen dioxide (NO2),200,40380,"Rochester, NY",36,New York,55,Monroe,43.14501268,-77.55728026
12/20/2019,AQS,1,24.2,ppb,23,Rochester Near-Road,24,100,42602,Nitrogen dioxide (NO2),200,40380,"Rochester, NY",36,New York,55,Monroe,43.14501268,-77.55728026
12/21/2019,AQS,1,21.4,ppb,20,Rochester Near-Road,24,100,42602,Nitrogen dioxide (NO2),200,40380,"Rochester, NY",36,New York,55,Monroe,43.14501268,-77.55728026
12/22/2019,AQS,1,12.3,ppb,11,Rochester Near-Road,24,100,42602,Nitrogen dioxide (NO2),200,40380,"Rochester, NY",36,New York,55,Monroe,43.14501268,-77.55728026
12/23/2019,AQS,1,11.9,ppb,10,Rochester Near-Road,24,100,42602,Nitrogen dioxide (NO2),200,40380,"Rochester, NY",36,New York,55,Monroe,43.14501268,-77.55728026
12/24/2019,AQS,1,7.7,ppb,7,Rochester Near-Road,18,75,42602,Nitrogen dioxide (NO2),200,40380,"Rochester, NY",36,New York,55,Monroe,43.14501268,-77.55728026
12/25/2019,AQS,1,21.3,ppb,20,Rochester Near-Road,24,100,42602,Nitrogen dioxide (NO2),200,40380,"Rochester, NY",36,New York,55,Monroe,43.14501268,-77.55728026
12/26/2019,AQS,1,17.7,ppb,16,Rochester Near-Road,22,92,42602,Nitrogen dioxide (NO2),200,40380,"Rochester, NY",36,New York,55,Monroe,43.14501268,-77.55728026
12/27/2019,AQS,1,7.5,ppb,7,Rochester Near-Road,21,88,42602,Nitrogen dioxide (NO2),200,40380,"Rochester, NY",36,New York,55,Monroe,43.14501268,-77.55728026
12/28/2019,AQS,1,19.8,ppb,18,Rochester Near-Road,24,100,42602,Nitrogen dioxide (NO2),200,40380,"Rochester, NY",36,New York,55,Monroe,43.14501268,-77.55728026
12/29/2019,AQS,1,16.5,ppb,15,Rochester Near-Road,24,100,42602,Nitrogen dioxide (NO2),200,40380,"Rochester, NY",36,New York,55,Monroe,43.14501268,-77.55728026
12/30/2019,AQS,1,15.1,ppb,14,Rochester Near-Road,24,100,42602,Nitrogen dioxide (NO2),200,40380,"Rochester, NY",36,New York,55,Monroe,43.14501268,-77.55728026
12/31/2019,AQS,1,11.8,ppb,10,Rochester Near-Road,19,79,42602,Nitrogen dioxide (NO2),200,40380,"Rochester, NY",36,New York,55,Monroe,43.14501268,-77.55728026
01/01/2020,AQS,1,9.5,ppb,8,Rochester Near-Road,24,100,42602,Nitrogen dioxide (NO2),200,40380,"Rochester, NY",36,New York,55,Monroe,43.14501268,-77.55728026
01/02/2020,AQS,1,15.5,ppb,14,Rochester Near-Road,24,100,42602,Nitrogen dioxide (NO2),200,40380,"Rochester, NY",36,New York,55,Monroe,43.14501268,-77.55728026
01/03/2020,AQS,1,17.5,ppb,16,Rochester Near-Road,24,100,42602,Nitrogen dioxide (NO2),200,40380,"Rochester, NY",36,New York,55,Monroe,43.14501268,-77.55728026
01/04/2020,AQS,1,10.7,ppb,9,Rochester Near-Road,24,100,42602,Nitrogen dioxide (NO2),200,40380,"Rochester, NY",36,New York,55,Monroe,43.14501268,-77.55728026
01/05/2020,AQS,1,13.5,ppb,12,Rochester Near-Road,24,100,42602,Nitrogen dioxide (NO2),200,40380,"Rochester, NY",36,New York,55,Monroe,43.14501268,-77.55728026
01/06/2020,AQS,1,7,ppb,7,Rochester Near-Road,24,100,42602,Nitrogen dioxide (NO2),200,40380,"Rochester, NY",36,New York,55,Monroe,43.14501268,-77.55728026
01/07/2020,AQS,1,25.9,ppb,24,Rochester Near-Road,18,75,42602,Nitrogen dioxide (NO2),200,40380,"Rochester, NY",36,New York,55,Monroe,43.14501268,-77.55728026
01/08/2020,AQS,1,10.4,ppb,9,Rochester Near-Road,24,100,42602,Nitrogen dioxide (NO2),200,40380,"Rochester, NY",36,New York,55,Monroe,43.14501268,-77.55728026
01/09/2020,AQS,1,22.3,ppb,21,Rochester Near-Road,24,100,42602,Nitrogen dioxide (NO2),200,40380,"Rochester, NY",36,New York,55,Monroe,43.14501268,-77.55728026
01/10/2020,AQS,1,15.7,ppb,14,Rochester Near-Road,24,100,42602,Nitrogen dioxide (NO2),200,40380,"Rochester, NY",36,New York,55,Monroe,43.14501268,-77.55728026
01/11/2020,AQS,1,11,ppb,10,Rochester Near-Road,24,100,42602,Nitrogen dioxide (NO2),200,40380,"Rochester, NY",36,New York,55,Monroe,43.14501268,-77.55728026
01/12/2020,AQS,1,6.8,ppb,6,Rochester Near-Road,24,100,42602,Nitrogen dioxide (NO2),200,40380,"Rochester, NY",36,New York,55,Monroe,43.14501268,-77.55728026
01/13/2020,AQS,1,15.1,ppb,14,Rochester Near-Road,22,92,42602,Nitrogen dioxide (NO2),200,40380,"Rochester, NY",36,New York,55,Monroe,43.14501268,-77.55728026
01/14/2020,AQS,1,11,ppb,10,Rochester Near-Road,19,79,42602,Nitrogen dioxide (NO2),200,40380,"Rochester, NY",36,New York,55,Monroe,43.14501268,-77.55728026
01/15/2020,AQS,1,12.4,ppb,11,Rochester Near-Road,24,100,42602,Nitrogen dioxide (NO2),200,40380,"Rochester, NY",36,New York,55,Monroe,43.14501268,-77.55728026
01/16/2020,AQS,1,9.2,ppb,8,Rochester Near-Road,24,100,42602,Nitrogen dioxide (NO2),200,40380,"Rochester, NY",36,New York,55,Monroe,43.14501268,-77.55728026
01/17/2020,AQS,1,27.2,ppb,25,Rochester Near-Road,24,100,42602,Nitrogen dioxide (NO2),200,40380,"Rochester, NY",36,New York,55,Monroe,43.14501268,-77.55728026
01/18/2020,AQS,1,11.8,ppb,10,Rochester Near-Road,24,100,42602,Nitrogen dioxide (NO2),200,40380,"Rochester, NY",36,New York,55,Monroe,43.14501268,-77.55728026
01/19/2020,AQS,1,6.1,ppb,6,Rochester Near-Road,24,100,42602,Nitrogen dioxide (NO2),200,40380,"Rochester, NY",36,New York,55,Monroe,43.14501268,-77.55728026
01/20/2020,AQS,1,25.6,ppb,24,Rochester Near-Road,24,100,42602,Nitrogen dioxide (NO2),200,40380,"Rochester, NY",36,New York,55,Monroe,43.14501268,-77.55728026
01/21/2020,AQS,1,30.7,ppb,28,Rochester Near-Road,18,75,42602,Nitrogen dioxide (NO2),200,40380,"Rochester, NY",36,New York,55,Monroe,43.14501268,-77.55728026
01/22/2020,AQS,1,35.5,ppb,33,Rochester Near-Road,24,100,42602,Nitrogen dioxide (NO2),200,40380,"Rochester, NY",36,New York,55,Monroe,43.14501268,-77.55728026
01/23/2020,AQS,1,37.4,ppb,35,Rochester Near-Road,24,100,42602,Nitrogen dioxide (NO2),200,40380,"Rochester, NY",36,New York,55,Monroe,43.14501268,-77.55728026
01/24/2020,AQS,1,28.3,ppb,26,Rochester Near-Road,24,100,42602,Nitrogen dioxide (NO2),200,40380,"Rochester, NY",36,New York,55,Monroe,43.14501268,-77.55728026
01/25/2020,AQS,1,14.6,ppb,13,Rochester Near-Road,24,100,42602,Nitrogen dioxide (NO2),200,40380,"Rochester, NY",36,New York,55,Monroe,43.14501268,-77.55728026
01/26/2020,AQS,1,5.5,ppb,5,Rochester Near-Road,24,100,42602,Nitrogen dioxide (NO2),200,40380,"Rochester, NY",36,New York,55,Monroe,43.14501268,-77.55728026
01/27/2020,AQS,1,11.4,ppb,10,Rochester Near-Road,24,100,42602,Nitrogen dioxide (NO2),200,40380,"Rochester, NY",36,New York,55,Monroe,43.14501268,-77.55728026
01/28/2020,AQS,1,10,ppb,9,Rochester Near-Road,19,79,42602,Nitrogen dioxide (NO2),200,40380,"Rochester, NY",36,New York,55,Monroe,43.14501268,-77.55728026
01/29/2020,AQS,1,19.7,ppb,18,Rochester Near-Road,24,100,42602,Nitrogen dioxide (NO2),200,40380,"Rochester, NY",36,New York,55,Monroe,43.14501268,-77.55728026
01/30/2020,AQS,1,24.7,ppb,23,Rochester Near-Road,24,100,42602,Nitrogen dioxide (NO2),200,40380,"Rochester, NY",36,New York,55,Monroe,43.14501268,-77.55728026
01/31/2020,AQS,1,29.9,ppb,27,Rochester Near-Road,24,100,42602,Nitrogen dioxide (NO2),200,40380,"Rochester, NY",36,New York,55,Monroe,43.14501268,-77.55728026
02/01/2020,AQS,1,16.8,ppb,15,Rochester Near-Road,24,100,42602,Nitrogen dioxide (NO2),200,40380,"Rochester, NY",36,New York,55,Monroe,43.14501268,-77.55728026
02/02/2020,AQS,1,13.3,ppb,12,Rochester Near-Road,24,100,42602,Nitrogen dioxide (NO2),200,40380,"Rochester, NY",36,New York,55,Monroe,43.14501268,-77.55728026
02/03/2020,AQS,1,25.6,ppb,24,Rochester Near-Road,19,79,42602,Nitrogen dioxide (NO2),200,40380,"Rochester, NY",36,New York,55,Monroe,43.14501268,-77.55728026
02/04/2020,AQS,1,21.9,ppb,20,Rochester Near-Road,24,100,42602,Nitrogen dioxide (NO2),200,40380,"Rochester, NY",36,New York,55,Monroe,43.14501268,-77.55728026
02/05/2020,AQS,1,7.7,ppb,7,Rochester Near-Road,24,100,42602,Nitrogen dioxide (NO2),200,40380,"Rochester, NY",36,New York,55,Monroe,43.14501268,-77.55728026
02/06/2020,AQS,1,13.4,ppb,12,Rochester Near-Road,24,100,42602,Nitrogen dioxide (NO2),200,40380,"Rochester, NY",36,New York,55,Monroe,43.14501268,-77.55728026
02/07/2020,AQS,1,9.4,ppb,8,Rochester Near-Road,24,100,42602,Nitrogen dioxide (NO2),200,40380,"Rochester, NY",36,New York,55,Monroe,43.14501268,-77.55728026
02/08/2020,AQS,1,21.8,ppb,20,Rochester Near-Road,24,100,42602,Nitrogen dioxide (NO2),200,40380,"Rochester, NY",36,New York,55,Monroe,43.14501268,-77.55728026
02/09/2020,AQS,1,21.2,ppb,20,Rochester Near-Road,24,100,42602,Nitrogen dioxide (NO2),200,40380,"Rochester, NY",36,New York,55,Monroe,43.14501268,-77.55728026
02/10/2020,AQS,1,30.2,ppb,28,Rochester Near-Road,19,79,42602,Nitrogen dioxide (NO2),200,40380,"Rochester, NY",36,New York,55,Monroe,43.14501268,-77.55728026
02/11/2020,AQS,1,30,ppb,28,Rochester Near-Road,24,100,42602,Nitrogen dioxide (NO2),200,40380,"Rochester, NY",36,New York,55,Monroe,43.14501268,-77.55728026
02/12/2020,AQS,1,28.1,ppb,26,Rochester Near-Road,24,100,42602,Nitrogen dioxide (NO2),200,40380,"Rochester, NY",36,New York,55,Monroe,43.14501268,-77.55728026
02/13/2020,AQS,1,15.7,ppb,14,Rochester Near-Road,24,100,42602,Nitrogen dioxide (NO2),200,40380,"Rochester, NY",36,New York,55,Monroe,43.14501268,-77.55728026
02/14/2020,AQS,1,28.3,ppb,26,Rochester Near-Road,24,100,42602,Nitrogen dioxide (NO2),200,40380,"Rochester, NY",36,New York,55,Monroe,43.14501268,-77.55728026
02/15/2020,AQS,1,13.4,ppb,12,Rochester Near-Road,24,100,42602,Nitrogen dioxide (NO2),200,40380,"Rochester, NY",36,New York,55,Monroe,43.14501268,-77.55728026
02/16/2020,AQS,1,7.2,ppb,7,Rochester Near-Road,24,100,42602,Nitrogen dioxide (NO2),200,40380,"Rochester, NY",36,New York,55,Monroe,43.14501268,-77.55728026
02/17/2020,AQS,1,12,ppb,11,Rochester Near-Road,24,100,42602,Nitrogen dioxide (NO2),200,40380,"Rochester, NY",36,New York,55,Monroe,43.14501268,-77.55728026
02/18/2020,AQS,1,7.8,ppb,7,Rochester Near-Road,19,79,42602,Nitrogen dioxide (NO2),200,40380,"Rochester, NY",36,New York,55,Monroe,43.14501268,-77.55728026
02/19/2020,AQS,1,11.1,ppb,10,Rochester Near-Road,24,100,42602,Nitrogen dioxide (NO2),200,40380,"Rochester, NY",36,New York,55,Monroe,43.14501268,-77.55728026
02/20/2020,AQS,1,16.1,ppb,15,Rochester Near-Road,24,100,42602,Nitrogen dioxide (NO2),200,40380,"Rochester, NY",36,New York,55,Monroe,43.14501268,-77.55728026
02/21/2020,AQS,1,12.9,ppb,11,Rochester Near-Road,24,100,42602,Nitrogen dioxide (NO2),200,40380,"Rochester, NY",36,New York,55,Monroe,43.14501268,-77.55728026
02/22/2020,AQS,1,7.2,ppb,7,Rochester Near-Road,24,100,42602,Nitrogen dioxide (NO2),200,40380,"Rochester, NY",36,New York,55,Monroe,43.14501268,-77.55728026
02/23/2020,AQS,1,21.4,ppb,20,Rochester Near-Road,24,100,42602,Nitrogen dioxide (NO2),200,40380,"Rochester, NY",36,New York,55,Monroe,43.14501268,-77.55728026
02/24/2020,AQS,1,22.8,ppb,21,Rochester Near-Road,18,75,42602,Nitrogen dioxide (NO2),200,40380,"Rochester, NY",36,New York,55,Monroe,43.14501268,-77.55728026
02/25/2020,AQS,1,28.6,ppb,26,Rochester Near-Road,24,100,42602,Nitrogen dioxide (NO2),200,40380,"Rochester, NY",36,New York,55,Monroe,43.14501268,-77.55728026
02/26/2020,AQS,1,10.6,ppb,9,Rochester Near-Road,24,100,42602,Nitrogen dioxide (NO2),200,40380,"Rochester, NY",36,New York,55,Monroe,43.14501268,-77.55728026
02/27/2020,AQS,1,7.9,ppb,7,Rochester Near-Road,24,100,42602,Nitrogen dioxide (NO2),200,40380,"Rochester, NY",36,New York,55,Monroe,43.14501268,-77.55728026
02/28/2020,AQS,1,5.9,ppb,5,Rochester Near-Road,24,100,42602,Nitrogen dioxide (NO2),200,40380,"Rochester, NY",36,New York,55,Monroe,43.14501268,-77.55728026
02/29/2020,AQS,1,12,ppb,11,Rochester Near-Road,24,100,42602,Nitrogen dioxide (NO2),200,40380,"Rochester, NY",36,New York,55,Monroe,43.14501268,-77.55728026
03/01/2020,AQS,1,12.8,ppb,11,Rochester Near-Road,24,100,42602,Nitrogen dioxide (NO2),200,40380,"Rochester, NY",36,New York,55,Monroe,43.14501268,-77.55728026
03/04/2020,AQS,1,7.4,ppb,7,Rochester Near-Road,23,96,42602,Nitrogen dioxide (NO2),200,40380,"Rochester, NY",36,New York,55,Monroe,43.14501268,-77.55728026
03/05/2020,AQS,1,9.5,ppb,8,Rochester Near-Road,24,100,42602,Nitrogen dioxide (NO2),200,40380,"Rochester, NY",36,New York,55,Monroe,43.14501268,-77.55728026
03/06/2020,AQS,1,15.1,ppb,14,Rochester Near-Road,23,96,42602,Nitrogen dioxide (NO2),200,40380,"Rochester, NY",36,New York,55,Monroe,43.14501268,-77.55728026
03/07/2020,AQS,1,11.4,ppb,10,Rochester Near-Road,24,100,42602,Nitrogen dioxide (NO2),200,40380,"Rochester, NY",36,New York,55,Monroe,43.14501268,-77.55728026
03/08/2020,AQS,1,14.8,ppb,13,Rochester Near-Road,24,100,42602,Nitrogen dioxide (NO2),200,40380,"Rochester, NY",36,New York,55,Monroe,43.14501268,-77.55728026
03/09/2020,AQS,1,11.8,ppb,10,Rochester Near-Road,18,75,42602,Nitrogen dioxide (NO2),200,40380,"Rochester, NY",36,New York,55,Monroe,43.14501268,-77.55728026
03/10/2020,AQS,1,6.9,ppb,6,Rochester Near-Road,24,100,42602,Nitrogen dioxide (NO2),200,40380,"Rochester, NY",36,New York,55,Monroe,43.14501268,-77.55728026
03/11/2020,AQS,1,26.8,ppb,25,Rochester Near-Road,24,100,42602,Nitrogen dioxide (NO2),200,40380,"Rochester, NY",36,New York,55,Monroe,43.14501268,-77.55728026
03/12/2020,AQS,1,19.9,ppb,18,Rochester Near-Road,24,100,42602,Nitrogen dioxide (NO2),200,40380,"Rochester, NY",36,New York,55,Monroe,43.14501268,-77.55728026
03/13/2020,AQS,1,5.5,ppb,5,Rochester Near-Road,24,100,42602,Nitrogen dioxide (NO2),200,40380,"Rochester, NY",36,New York,55,Monroe,43.14501268,-77.55728026
03/14/2020,AQS,1,5.4,ppb,5,Rochester Near-Road,24,100,42602,Nitrogen dioxide (NO2),200,40380,"Rochester, NY",36,New York,55,Monroe,43.14501268,-77.55728026
03/15/2020,AQS,1,15.1,ppb,14,Rochester Near-Road,24,100,42602,Nitrogen dioxide (NO2),200,40380,"Rochester, NY",36,New York,55,Monroe,43.14501268,-77.55728026
03/16/2020,AQS,1,27.9,ppb,25,Rochester Near-Road,24,100,42602,Nitrogen dioxide (NO2),200,40380,"Rochester, NY",36,New York,55,Monroe,43.14501268,-77.55728026
03/17/2020,AQS,1,8.8,ppb,8,Rochester Near-Road,24,100,42602,Nitrogen dioxide (NO2),200,40380,"Rochester, NY",36,New York,55,Monroe,43.14501268,-77.55728026
03/18/2020,AQS,1,30.9,ppb,28,Rochester Near-Road,24,100,42602,Nitrogen dioxide (NO2),200,40380,"Rochester, NY",36,New York,55,Monroe,43.14501268,-77.55728026
03/19/2020,AQS,1,11.7,ppb,10,Rochester Near-Road,19,79,42602,Nitrogen dioxide (NO2),200,40380,"Rochester, NY",36,New York,55,Monroe,43.14501268,-77.55728026
03/20/2020,AQS,1,6.5,ppb,6,Rochester Near-Road,24,100,42602,Nitrogen dioxide (NO2),200,40380,"Rochester, NY",36,New York,55,Monroe,43.14501268,-77.55728026
03/21/2020,AQS,1,22.1,ppb,21,Rochester Near-Road,24,100,42602,Nitrogen dioxide (NO2),200,40380,"Rochester, NY",36,New York,55,Monroe,43.14501268,-77.55728026
03/22/2020,AQS,1,25.6,ppb,24,Rochester Near-Road,24,100,42602,Nitrogen dioxide (NO2),200,40380,"Rochester, NY",36,New York,55,Monroe,43.14501268,-77.55728026
03/23/2020,AQS,1,10.6,ppb,9,Rochester Near-Road,24,100,42602,Nitrogen dioxide (NO2),200,40380,"Rochester, NY",36,New York,55,Monroe,43.14501268,-77.55728026
03/24/2020,AQS,1,17.3,ppb,16,Rochester Near-Road,24,100,42602,Nitrogen dioxide (NO2),200,40380,"Rochester, NY",36,New York,55,Monroe,43.14501268,-77.55728026
03/25/2020,AQS,1,11,ppb,10,Rochester Near-Road,24,100,42602,Nitrogen dioxide (NO2),200,40380,"Rochester, NY",36,New York,55,Monroe,43.14501268,-77.55728026
03/26/2020,AQS,1,16,ppb,15,Rochester Near-Road,24,100,42602,Nitrogen dioxide (NO2),200,40380,"Rochester, NY",36,New York,55,Monroe,43.14501268,-77.55728026
03/27/2020,AQS,1,12.5,ppb,11,Rochester Near-Road,24,100,42602,Nitrogen dioxide (NO2),200,40380,"Rochester, NY",36,New York,55,Monroe,43.14501268,-77.55728026
03/28/2020,AQS,1,14,ppb,13,Rochester Near-Road,24,100,42602,Nitrogen dioxide (NO2),200,40380,"Rochester, NY",36,New York,55,Monroe,43.14501268,-77.55728026
03/29/2020,AQS,1,3.2,ppb,3,Rochester Near-Road,24,100,42602,Nitrogen dioxide (NO2),200,40380,"Rochester, NY",36,New York,55,Monroe,43.14501268,-77.55728026
03/30/2020,AQS,1,6.3,ppb,6,Rochester Near-Road,24,100,42602,Nitrogen dioxide (NO2),200,40380,"Rochester, NY",36,New York,55,Monroe,43.14501268,-77.55728026
03/31/2020,AQS,1,6.2,ppb,6,Rochester Near-Road,24,100,42602,Nitrogen dioxide (NO2),200,40380,"Rochester, NY",36,New York,55,Monroe,43.14501268,-77.55728026
04/01/2020,AQS,1,11.3,ppb,10,Rochester Near-Road,24,100,42602,Nitrogen dioxide (NO2),200,40380,"Rochester, NY",36,New York,55,Monroe,43.14501268,-77.55728026
04/03/2020,AQS,1,6.6,ppb,6,Rochester Near-Road,23,96,42602,Nitrogen dioxide (NO2),200,40380,"Rochester, NY",36,New York,55,Monroe,43.14501268,-77.55728026
04/04/2020,AQS,1,13.5,ppb,12,Rochester Near-Road,24,100,42602,Nitrogen dioxide (NO2),200,40380,"Rochester, NY",36,New York,55,Monroe,43.14501268,-77.55728026
04/05/2020,AQS,1,9.3,ppb,8,Rochester Near-Road,24,100,42602,Nitrogen dioxide (NO2),200,40380,"Rochester, NY",36,New York,55,Monroe,43.14501268,-77.55728026
04/06/2020,AQS,1,15,ppb,14,Rochester Near-Road,24,100,42602,Nitrogen dioxide (NO2),200,40380,"Rochester, NY",36,New York,55,Monroe,43.14501268,-77.55728026
04/07/2020,AQS,1,25.2,ppb,24,Rochester Near-Road,24,100,42602,Nitrogen dioxide (NO2),200,40380,"Rochester, NY",36,New York,55,Monroe,43.14501268,-77.55728026
04/08/2020,AQS,1,14.7,ppb,13,Rochester Near-Road,24,100,42602,Nitrogen dioxide (NO2),200,40380,"Rochester, NY",36,New York,55,Monroe,43.14501268,-77.55728026
04/09/2020,AQS,1,18.6,ppb,17,Rochester Near-Road,24,100,42602,Nitrogen dioxide (NO2),200,40380,"Rochester, NY",36,New York,55,Monroe,43.14501268,-77.55728026
04/10/2020,AQS,1,4.7,ppb,4,Rochester Near-Road,24,100,42602,Nitrogen dioxide (NO2),200,40380,"Rochester, NY",36,New York,55,Monroe,43.14501268,-77.55728026
04/11/2020,AQS,1,10.9,ppb,9,Rochester Near-Road,24,100,42602,Nitrogen dioxide (NO2),200,40380,"Rochester, NY",36,New York,55,Monroe,43.14501268,-77.55728026
04/12/2020,AQS,1,18.3,ppb,17,Rochester Near-Road,24,100,42602,Nitrogen dioxide (NO2),200,40380,"Rochester, NY",36,New York,55,Monroe,43.14501268,-77.55728026
04/13/2020,AQS,1,3.8,ppb,3,Rochester Near-Road,24,100,42602,Nitrogen dioxide (NO2),200,40380,"Rochester, NY",36,New York,55,Monroe,43.14501268,-77.55728026
04/14/2020,AQS,1,7.6,ppb,7,Rochester Near-Road,19,79,42602,Nitrogen dioxide (NO2),200,40380,"Rochester, NY",36,New York,55,Monroe,43.14501268,-77.55728026
04/15/2020,AQS,1,14.4,ppb,13,Rochester Near-Road,24,100,42602,Nitrogen dioxide (NO2),200,40380,"Rochester, NY",36,New York,55,Monroe,43.14501268,-77.55728026
04/16/2020,AQS,1,10.5,ppb,9,Rochester Near-Road,24,100,42602,Nitrogen dioxide (NO2),200,40380,"Rochester, NY",36,New York,55,Monroe,43.14501268,-77.55728026
04/17/2020,AQS,1,11.3,ppb,10,Rochester Near-Road,24,100,42602,Nitrogen dioxide (NO2),200,40380,"Rochester, NY",36,New York,55,Monroe,43.14501268,-77.55728026
04/18/2020,AQS,1,6,ppb,6,Rochester Near-Road,24,100,42602,Nitrogen dioxide (NO2),200,40380,"Rochester, NY",36,New York,55,Monroe,43.14501268,-77.55728026
04/19/2020,AQS,1,4.4,ppb,4,Rochester Near-Road,24,100,42602,Nitrogen dioxide (NO2),200,40380,"Rochester, NY",36,New York,55,Monroe,43.14501268,-77.55728026
04/20/2020,AQS,1,20.4,ppb,19,Rochester Near-Road,24,100,42602,Nitrogen dioxide (NO2),200,40380,"Rochester, NY",36,New York,55,Monroe,43.14501268,-77.55728026
04/21/2020,AQS,1,9.5,ppb,8,Rochester Near-Road,24,100,42602,Nitrogen dioxide (NO2),200,40380,"Rochester, NY",36,New York,55,Monroe,43.14501268,-77.55728026
04/22/2020,AQS,1,9.8,ppb,8,Rochester Near-Road,24,100,42602,Nitrogen dioxide (NO2),200,40380,"Rochester, NY",36,New York,55,Monroe,43.14501268,-77.55728026
04/23/2020,AQS,1,22.1,ppb,21,Rochester Near-Road,19,79,42602,Nitrogen dioxide (NO2),200,40380,"Rochester, NY",36,New York,55,Monroe,43.14501268,-77.55728026
04/24/2020,AQS,1,9.9,ppb,8,Rochester Near-Road,24,100,42602,Nitrogen dioxide (NO2),200,40380,"Rochester, NY",36,New York,55,Monroe,43.14501268,-77.55728026
04/25/2020,AQS,1,23.2,ppb,22,Rochester Near-Road,24,100,42602,Nitrogen dioxide (NO2),200,40380,"Rochester, NY",36,New York,55,Monroe,43.14501268,-77.55728026
04/26/2020,AQS,1,4.8,ppb,4,Rochester Near-Road,24,100,42602,Nitrogen dioxide (NO2),200,40380,"Rochester, NY",36,New York,55,Monroe,43.14501268,-77.55728026
04/27/2020,AQS,1,12.5,ppb,11,Rochester Near-Road,24,100,42602,Nitrogen dioxide (NO2),200,40380,"Rochester, NY",36,New York,55,Monroe,43.14501268,-77.55728026
04/28/2020,AQS,1,19,ppb,18,Rochester Near-Road,19,79,42602,Nitrogen dioxide (NO2),200,40380,"Rochester, NY",36,New York,55,Monroe,43.14501268,-77.55728026
04/29/2020,AQS,1,7,ppb,7,Rochester Near-Road,24,100,42602,Nitrogen dioxide (NO2),200,40380,"Rochester, NY",36,New York,55,Monroe,43.14501268,-77.55728026
04/30/2020,AQS,1,9.6,ppb,8,Rochester Near-Road,24,100,42602,Nitrogen dioxide (NO2),200,40380,"Rochester, NY",36,New York,55,Monroe,43.14501268,-77.55728026
05/01/2020,AQS,1,7.8,ppb,7,Rochester Near-Road,24,100,42602,Nitrogen dioxide (NO2),200,40380,"Rochester, NY",36,New York,55,Monroe,43.14501268,-77.55728026
05/02/2020,AQS,1,9.2,ppb,8,Rochester Near-Road,24,100,42602,Nitrogen dioxide (NO2),200,40380,"Rochester, NY",36,New York,55,Monroe,43.14501268,-77.55728026
05/03/2020,AQS,1,4.7,ppb,4,Rochester Near-Road,24,100,42602,Nitrogen dioxide (NO2),200,40380,"Rochester, NY",36,New York,55,Monroe,43.14501268,-77.55728026
05/04/2020,AQS,1,6.4,ppb,6,Rochester Near-Road,24,100,42602,Nitrogen dioxide (NO2),200,40380,"Rochester, NY",36,New York,55,Monroe,43.14501268,-77.55728026
05/05/2020,AQS,1,20.2,ppb,19,Rochester Near-Road,19,79,42602,Nitrogen dioxide (NO2),200,40380,"Rochester, NY",36,New York,55,Monroe,43.14501268,-77.55728026
05/06/2020,AQS,1,25,ppb,24,Rochester Near-Road,24,100,42602,Nitrogen dioxide (NO2),200,40380,"Rochester, NY",36,New York,55,Monroe,43.14501268,-77.55728026
05/07/2020,AQS,1,12,ppb,11,Rochester Near-Road,24,100,42602,Nitrogen dioxide (NO2),200,40380,"Rochester, NY",36,New York,55,Monroe,43.14501268,-77.55728026
05/08/2020,AQS,1,11.3,ppb,10,Rochester Near-Road,23,96,42602,Nitrogen dioxide (NO2),200,40380,"Rochester, NY",36,New York,55,Monroe,43.14501268,-77.55728026
05/09/2020,AQS,1,3.7,ppb,3,Rochester Near-Road,24,100,42602,Nitrogen dioxide (NO2),200,40380,"Rochester, NY",36,New York,55,Monroe,43.14501268,-77.55728026
05/10/2020,AQS,1,8.4,ppb,8,Rochester Near-Road,24,100,42602,Nitrogen dioxide (NO2),200,40380,"Rochester, NY",36,New York,55,Monroe,43.14501268,-77.55728026
05/11/2020,AQS,1,7.9,ppb,7,Rochester Near-Road,19,79,42602,Nitrogen dioxide (NO2),200,40380,"Rochester, NY",36,New York,55,Monroe,43.14501268,-77.55728026
05/12/2020,AQS,1,12.9,ppb,11,Rochester Near-Road,24,100,42602,Nitrogen dioxide (NO2),200,40380,"Rochester, NY",36,New York,55,Monroe,43.14501268,-77.55728026
05/13/2020,AQS,1,16.8,ppb,15,Rochester Near-Road,24,100,42602,Nitrogen dioxide (NO2),200,40380,"Rochester, NY",36,New York,55,Monroe,43.14501268,-77.55728026
05/14/2020,AQS,1,20.8,ppb,19,Rochester Near-Road,24,100,42602,Nitrogen dioxide (NO2),200,40380,"Rochester, NY",36,New York,55,Monroe,43.14501268,-77.55728026
05/15/2020,AQS,1,12.1,ppb,11,Rochester Near-Road,24,100,42602,Nitrogen dioxide (NO2),200,40380,"Rochester, NY",36,New York,55,Monroe,43.14501268,-77.55728026
05/16/2020,AQS,1,7.1,ppb,7,Rochester Near-Road,24,100,42602,Nitrogen dioxide (NO2),200,40380,"Rochester, NY",36,New York,55,Monroe,43.14501268,-77.55728026
05/17/2020,AQS,1,8.4,ppb,8,Rochester Near-Road,24,100,42602,Nitrogen dioxide (NO2),200,40380,"Rochester, NY",36,New York,55,Monroe,43.14501268,-77.55728026
05/18/2020,AQS,1,7.6,ppb,7,Rochester Near-Road,24,100,42602,Nitrogen dioxide (NO2),200,40380,"Rochester, NY",36,New York,55,Monroe,43.14501268,-77.55728026
05/19/2020,AQS,1,6.5,ppb,6,Rochester Near-Road,19,79,42602,Nitrogen dioxide (NO2),200,40380,"Rochester, NY",36,New York,55,Monroe,43.14501268,-77.55728026
05/20/2020,AQS,1,11.1,ppb,10,Rochester Near-Road,24,100,42602,Nitrogen dioxide (NO2),200,40380,"Rochester, NY",36,New York,55,Monroe,43.14501268,-77.55728026
05/21/2020,AQS,1,14.5,ppb,13,Rochester Near-Road,24,100,42602,Nitrogen dioxide (NO2),200,40380,"Rochester, NY",36,New York,55,Monroe,43.14501268,-77.55728026
05/22/2020,AQS,1,8.9,ppb,8,Rochester Near-Road,24,100,42602,Nitrogen dioxide (NO2),200,40380,"Rochester, NY",36,New York,55,Monroe,43.14501268,-77.55728026
05/23/2020,AQS,1,19.3,ppb,18,Rochester Near-Road,24,100,42602,Nitrogen dioxide (NO2),200,40380,"Rochester, NY",36,New York,55,Monroe,43.14501268,-77.55728026
05/24/2020,AQS,1,5.8,ppb,5,Rochester Near-Road,24,100,42602,Nitrogen dioxide (NO2),200,40380,"Rochester, NY",36,New York,55,Monroe,43.14501268,-77.55728026
05/25/2020,AQS,1,9.3,ppb,8,Rochester Near-Road,24,100,42602,Nitrogen dioxide (NO2),200,40380,"Rochester, NY",36,New York,55,Monroe,43.14501268,-77.55728026
05/26/2020,AQS,1,12.6,ppb,11,Rochester Near-Road,24,100,42602,Nitrogen dioxide (NO2),200,40380,"Rochester, NY",36,New York,55,Monroe,43.14501268,-77.55728026
05/27/2020,AQS,1,8.3,ppb,8,Rochester Near-Road,19,79,42602,Nitrogen dioxide (NO2),200,40380,"Rochester, NY",36,New York,55,Monroe,43.14501268,-77.55728026
05/28/2020,AQS,1,9.2,ppb,8,Rochester Near-Road,24,100,42602,Nitrogen dioxide (NO2),200,40380,"Rochester, NY",36,New York,55,Monroe,43.14501268,-77.55728026
05/29/2020,AQS,1,8.9,ppb,8,Rochester Near-Road,24,100,42602,Nitrogen dioxide (NO2),200,40380,"Rochester, NY",36,New York,55,Monroe,43.14501268,-77.55728026
05/30/2020,AQS,1,4.1,ppb,4,Rochester Near-Road,24,100,42602,Nitrogen dioxide (NO2),200,40380,"Rochester, NY",36,New York,55,Monroe,43.14501268,-77.55728026
05/31/2020,AQS,1,3.6,ppb,3,Rochester Near-Road,24,100,42602,Nitrogen dioxide (NO2),200,40380,"Rochester, NY",36,New York,55,Monroe,43.14501268,-77.55728026
06/01/2020,AQS,1,8.1,ppb,8,Rochester Near-Road,24,100,42602,Nitrogen dioxide (NO2),200,40380,"Rochester, NY",36,New York,55,Monroe,43.14501268,-77.55728026
06/02/2020,AQS,1,12.5,ppb,11,Rochester Near-Road,19,79,42602,Nitrogen dioxide (NO2),200,40380,"Rochester, NY",36,New York,55,Monroe,43.14501268,-77.55728026
06/03/2020,AQS,1,11.1,ppb,10,Rochester Near-Road,24,100,42602,Nitrogen dioxide (NO2),200,40380,"Rochester, NY",36,New York,55,Monroe,43.14501268,-77.55728026
06/04/2020,AQS,1,9.8,ppb,8,Rochester Near-Road,24,100,42602,Nitrogen dioxide (NO2),200,40380,"Rochester, NY",36,New York,55,Monroe,43.14501268,-77.55728026
06/05/2020,AQS,1,7.9,ppb,7,Rochester Near-Road,24,100,42602,Nitrogen dioxide (NO2),200,40380,"Rochester, NY",36,New York,55,Monroe,43.14501268,-77.55728026
06/06/2020,AQS,1,3.3,ppb,3,Rochester Near-Road,24,100,42602,Nitrogen dioxide (NO2),200,40380,"Rochester, NY",36,New York,55,Monroe,43.14501268,-77.55728026
06/07/2020,AQS,1,7.7,ppb,7,Rochester Near-Road,24,100,42602,Nitrogen dioxide (NO2),200,40380,"Rochester, NY",36,New York,55,Monroe,43.14501268,-77.55728026
06/08/2020,AQS,1,8.1,ppb,8,Rochester Near-Road,24,100,42602,Nitrogen dioxide (NO2),200,40380,"Rochester, NY",36,New York,55,Monroe,43.14501268,-77.55728026
06/09/2020,AQS,1,12.3,ppb,11,Rochester Near-Road,19,79,42602,Nitrogen dioxide (NO2),200,40380,"Rochester, NY",36,New York,55,Monroe,43.14501268,-77.55728026
06/10/2020,AQS,1,13.6,ppb,12,Rochester Near-Road,24,100,42602,Nitrogen dioxide (NO2),200,40380,"Rochester, NY",36,New York,55,Monroe,43.14501268,-77.55728026
06/11/2020,AQS,1,6.5,ppb,6,Rochester Near-Road,24,100,42602,Nitrogen dioxide (NO2),200,40380,"Rochester, NY",36,New York,55,Monroe,43.14501268,-77.55728026
06/12/2020,AQS,1,9.1,ppb,8,Rochester Near-Road,24,100,42602,Nitrogen dioxide (NO2),200,40380,"Rochester, NY",36,New York,55,Monroe,43.14501268,-77.55728026
06/13/2020,AQS,1,5.6,ppb,5,Rochester Near-Road,24,100,42602,Nitrogen dioxide (NO2),200,40380,"Rochester, NY",36,New York,55,Monroe,43.14501268,-77.55728026
06/14/2020,AQS,1,8.9,ppb,8,Rochester Near-Road,24,100,42602,Nitrogen dioxide (NO2),200,40380,"Rochester, NY",36,New York,55,Monroe,43.14501268,-77.55728026
06/15/2020,AQS,1,11.7,ppb,10,Rochester Near-Road,24,100,42602,Nitrogen dioxide (NO2),200,40380,"Rochester, NY",36,New York,55,Monroe,43.14501268,-77.55728026
06/16/2020,AQS,1,9.9,ppb,8,Rochester Near-Road,19,79,42602,Nitrogen dioxide (NO2),200,40380,"Rochester, NY",36,New York,55,Monroe,43.14501268,-77.55728026
06/17/2020,AQS,1,12.2,ppb,11,Rochester Near-Road,24,100,42602,Nitrogen dioxide (NO2),200,40380,"Rochester, NY",36,New York,55,Monroe,43.14501268,-77.55728026
06/18/2020,AQS,1,12.9,ppb,11,Rochester Near-Road,24,100,42602,Nitrogen dioxide (NO2),200,40380,"Rochester, NY",36,New York,55,Monroe,43.14501268,-77.55728026
06/19/2020,AQS,1,8.5,ppb,8,Rochester Near-Road,24,100,42602,Nitrogen dioxide (NO2),200,40380,"Rochester, NY",36,New York,55,Monroe,43.14501268,-77.55728026
06/20/2020,AQS,1,9.3,ppb,8,Rochester Near-Road,24,100,42602,Nitrogen dioxide (NO2),200,40380,"Rochester, NY",36,New York,55,Monroe,43.14501268,-77.55728026
06/21/2020,AQS,1,9,ppb,8,Rochester Near-Road,24,100,42602,Nitrogen dioxide (NO2),200,40380,"Rochester, NY",36,New York,55,Monroe,43.14501268,-77.55728026
06/22/2020,AQS,1,9.4,ppb,8,Rochester Near-Road,18,75,42602,Nitrogen dioxide (NO2),200,40380,"Rochester, NY",36,New York,55,Monroe,43.14501268,-77.55728026
06/23/2020,AQS,1,8.3,ppb,8,Rochester Near-Road,24,100,42602,Nitrogen dioxide (NO2),200,40380,"Rochester, NY",36,New York,55,Monroe,43.14501268,-77.55728026
06/24/2020,AQS,1,6,ppb,6,Rochester Near-Road,24,100,42602,Nitrogen dioxide (NO2),200,40380,"Rochester, NY",36,New York,55,Monroe,43.14501268,-77.55728026
06/25/2020,AQS,1,9,ppb,8,Rochester Near-Road,24,100,42602,Nitrogen dioxide (NO2),200,40380,"Rochester, NY",36,New York,55,Monroe,43.14501268,-77.55728026
06/26/2020,AQS,1,8.5,ppb,8,Rochester Near-Road,24,100,42602,Nitrogen dioxide (NO2),200,40380,"Rochester, NY",36,New York,55,Monroe,43.14501268,-77.55728026
06/27/2020,AQS,1,5,ppb,5,Rochester Near-Road,24,100,42602,Nitrogen dioxide (NO2),200,40380,"Rochester, NY",36,New York,55,Monroe,43.14501268,-77.55728026
06/28/2020,AQS,1,7.3,ppb,7,Rochester Near-Road,24,100,42602,Nitrogen dioxide (NO2),200,40380,"Rochester, NY",36,New York,55,Monroe,43.14501268,-77.55728026
06/29/2020,AQS,1,7.6,ppb,7,Rochester Near-Road,19,79,42602,Nitrogen dioxide (NO2),200,40380,"Rochester, NY",36,New York,55,Monroe,43.14501268,-77.55728026
06/30/2020,AQS,1,3.5,ppb,3,Rochester Near-Road,24,100,42602,Nitrogen dioxide (NO2),200,40380,"Rochester, NY",36,New York,55,Monroe,43.14501268,-77.55728026
07/01/2020,AQS,1,13.7,ppb,12,Rochester Near-Road,24,100,42602,Nitrogen dioxide (NO2),200,40380,"Rochester, NY",36,New York,55,Monroe,43.14501268,-77.55728026
07/02/2020,AQS,1,10.1,ppb,9,Rochester Near-Road,24,100,42602,Nitrogen dioxide (NO2),200,40380,"Rochester, NY",36,New York,55,Monroe,43.14501268,-77.55728026
07/03/2020,AQS,1,8.3,ppb,8,Rochester Near-Road,24,100,42602,Nitrogen dioxide (NO2),200,40380,"Rochester, NY",36,New York,55,Monroe,43.14501268,-77.55728026
07/04/2020,AQS,1,8.3,ppb,8,Rochester Near-Road,24,100,42602,Nitrogen dioxide (NO2),200,40380,"Rochester, NY",36,New York,55,Monroe,43.14501268,-77.55728026
07/05/2020,AQS,1,11.9,ppb,10,Rochester Near-Road,24,100,42602,Nitrogen dioxide (NO2),200,40380,"Rochester, NY",36,New York,55,Monroe,43.14501268,-77.55728026
07/18/2020,AQS,1,7.6,ppb,7,Rochester Near-Road,24,100,42602,Nitrogen dioxide (NO2),200,40380,"Rochester, NY",36,New York,55,Monroe,43.14501268,-77.55728026
07/19/2020,AQS,1,2.4,ppb,2,Rochester Near-Road,24,100,42602,Nitrogen dioxide (NO2),200,40380,"Rochester, NY",36,New York,55,Monroe,43.14501268,-77.55728026
07/20/2020,AQS,1,9,ppb,8,Rochester Near-Road,24,100,42602,Nitrogen dioxide (NO2),200,40380,"Rochester, NY",36,New York,55,Monroe,43.14501268,-77.55728026
07/21/2020,AQS,1,7.7,ppb,7,Rochester Near-Road,24,100,42602,Nitrogen dioxide (NO2),200,40380,"Rochester, NY",36,New York,55,Monroe,43.14501268,-77.55728026
07/22/2020,AQS,1,11.9,ppb,10,Rochester Near-Road,24,100,42602,Nitrogen dioxide (NO2),200,40380,"Rochester, NY",36,New York,55,Monroe,43.14501268,-77.55728026
07/23/2020,AQS,1,10.5,ppb,9,Rochester Near-Road,23,96,42602,Nitrogen dioxide (NO2),200,40380,"Rochester, NY",36,New York,55,Monroe,43.14501268,-77.55728026
07/24/2020,AQS,1,15,ppb,14,Rochester Near-Road,19,79,42602,Nitrogen dioxide (NO2),200,40380,"Rochester, NY",36,New York,55,Monroe,43.14501268,-77.55728026
07/25/2020,AQS,1,12.4,ppb,11,Rochester Near-Road,24,100,42602,Nitrogen dioxide (NO2),200,40380,"Rochester, NY",36,New York,55,Monroe,43.14501268,-77.55728026
07/29/2020,AQS,1,10,ppb,9,Rochester Near-Road,24,100,42602,Nitrogen dioxide (NO2),200,40380,"Rochester, NY",36,New York,55,Monroe,43.14501268,-77.55728026
07/30/2020,AQS,1,16.2,ppb,15,Rochester Near-Road,24,100,42602,Nitrogen dioxide (NO2),200,40380,"Rochester, NY",36,New York,55,Monroe,43.14501268,-77.55728026
07/31/2020,AQS,1,13,ppb,12,Rochester Near-Road,24,100,42602,Nitrogen dioxide (NO2),200,40380,"Rochester, NY",36,New York,55,Monroe,43.14501268,-77.55728026
08/01/2020,AQS,1,10.4,ppb,9,Rochester Near-Road,24,100,42602,Nitrogen dioxide (NO2),200,40380,"Rochester, NY",36,New York,55,Monroe,43.14501268,-77.55728026
08/02/2020,AQS,1,3.6,ppb,3,Rochester Near-Road,24,100,42602,Nitrogen dioxide (NO2),200,40380,"Rochester, NY",36,New York,55,Monroe,43.14501268,-77.55728026
08/03/2020,AQS,1,16.7,ppb,15,Rochester Near-Road,19,79,42602,Nitrogen dioxide (NO2),200,40380,"Rochester, NY",36,New York,55,Monroe,43.14501268,-77.55728026
08/04/2020,AQS,1,13.8,ppb,12,Rochester Near-Road,24,100,42602,Nitrogen dioxide (NO2),200,40380,"Rochester, NY",36,New York,55,Monroe,43.14501268,-77.55728026
08/05/2020,AQS,1,6.7,ppb,6,Rochester Near-Road,24,100,42602,Nitrogen dioxide (NO2),200,40380,"Rochester, NY",36,New York,55,Monroe,43.14501268,-77.55728026
08/06/2020,AQS,1,11.3,ppb,10,Rochester Near-Road,24,100,42602,Nitrogen dioxide (NO2),200,40380,"Rochester, NY",36,New York,55,Monroe,43.14501268,-77.55728026
08/07/2020,AQS,1,15.2,ppb,14,Rochester Near-Road,24,100,42602,Nitrogen dioxide (NO2),200,40380,"Rochester, NY",36,New York,55,Monroe,43.14501268,-77.55728026
08/08/2020,AQS,1,10.1,ppb,9,Rochester Near-Road,24,100,42602,Nitrogen dioxide (NO2),200,40380,"Rochester, NY",36,New York,55,Monroe,43.14501268,-77.55728026
08/09/2020,AQS,1,4.6,ppb,4,Rochester Near-Road,24,100,42602,Nitrogen dioxide (NO2),200,40380,"Rochester, NY",36,New York,55,Monroe,43.14501268,-77.55728026
08/10/2020,AQS,1,12.4,ppb,11,Rochester Near-Road,19,79,42602,Nitrogen dioxide (NO2),200,40380,"Rochester, NY",36,New York,55,Monroe,43.14501268,-77.55728026
08/11/2020,AQS,1,10.2,ppb,9,Rochester Near-Road,24,100,42602,Nitrogen dioxide (NO2),200,40380,"Rochester, NY",36,New York,55,Monroe,43.14501268,-77.55728026
08/12/2020,AQS,1,16,ppb,15,Rochester Near-Road,24,100,42602,Nitrogen dioxide (NO2),200,40380,"Rochester, NY",36,New York,55,Monroe,43.14501268,-77.55728026
08/13/2020,AQS,1,11.9,ppb,10,Rochester Near-Road,24,100,42602,Nitrogen dioxide (NO2),200,40380,"Rochester, NY",36,New York,55,Monroe,43.14501268,-77.55728026
08/14/2020,AQS,1,21.6,ppb,20,Rochester Near-Road,24,100,42602,Nitrogen dioxide (NO2),200,40380,"Rochester, NY",36,New York,55,Monroe,43.14501268,-77.55728026
08/15/2020,AQS,1,9.6,ppb,8,Rochester Near-Road,24,100,42602,Nitrogen dioxide (NO2),200,40380,"Rochester, NY",36,New York,55,Monroe,43.14501268,-77.55728026
08/16/2020,AQS,1,8.3,ppb,8,Rochester Near-Road,24,100,42602,Nitrogen dioxide (NO2),200,40380,"Rochester, NY",36,New York,55,Monroe,43.14501268,-77.55728026
08/17/2020,AQS,1,12.7,ppb,11,Rochester Near-Road,24,100,42602,Nitrogen dioxide (NO2),200,40380,"Rochester, NY",36,New York,55,Monroe,43.14501268,-77.55728026
08/18/2020,AQS,1,7.6,ppb,7,Rochester Near-Road,24,100,42602,Nitrogen dioxide (NO2),200,40380,"Rochester, NY",36,New York,55,Monroe,43.14501268,-77.55728026
08/19/2020,AQS,1,10.1,ppb,9,Rochester Near-Road,24,100,42602,Nitrogen dioxide (NO2),200,40380,"Rochester, NY",36,New York,55,Monroe,43.14501268,-77.55728026
08/20/2020,AQS,1,13.7,ppb,12,Rochester Near-Road,24,100,42602,Nitrogen dioxide (NO2),200,40380,"Rochester, NY",36,New York,55,Monroe,43.14501268,-77.55728026
08/21/2020,AQS,1,6.7,ppb,6,Rochester Near-Road,19,79,42602,Nitrogen dioxide (NO2),200,40380,"Rochester, NY",36,New York,55,Monroe,43.14501268,-77.55728026
08/22/2020,AQS,1,11.5,ppb,10,Rochester Near-Road,24,100,42602,Nitrogen dioxide (NO2),200,40380,"Rochester, NY",36,New York,55,Monroe,43.14501268,-77.55728026
08/23/2020,AQS,1,12.8,ppb,11,Rochester Near-Road,24,100,42602,Nitrogen dioxide (NO2),200,40380,"Rochester, NY",36,New York,55,Monroe,43.14501268,-77.55728026
08/24/2020,AQS,1,10,ppb,9,Rochester Near-Road,24,100,42602,Nitrogen dioxide (NO2),200,40380,"Rochester, NY",36,New York,55,Monroe,43.14501268,-77.55728026
08/25/2020,AQS,1,7.8,ppb,7,Rochester Near-Road,19,79,42602,Nitrogen dioxide (NO2),200,40380,"Rochester, NY",36,New York,55,Monroe,43.14501268,-77.55728026
08/26/2020,AQS,1,5.8,ppb,5,Rochester Near-Road,24,100,42602,Nitrogen dioxide (NO2),200,40380,"Rochester, NY",36,New York,55,Monroe,43.14501268,-77.55728026
08/27/2020,AQS,1,10.6,ppb,9,Rochester Near-Road,24,100,42602,Nitrogen dioxide (NO2),200,40380,"Rochester, NY",36,New York,55,Monroe,43.14501268,-77.55728026
08/28/2020,AQS,1,5,ppb,5,Rochester Near-Road,24,100,42602,Nitrogen dioxide (NO2),200,40380,"Rochester, NY",36,New York,55,Monroe,43.14501268,-77.55728026
08/29/2020,AQS,1,3.7,ppb,3,Rochester Near-Road,24,100,42602,Nitrogen dioxide (NO2),200,40380,"Rochester, NY",36,New York,55,Monroe,43.14501268,-77.55728026
08/30/2020,AQS,1,10.1,ppb,9,Rochester Near-Road,24,100,42602,Nitrogen dioxide (NO2),200,40380,"Rochester, NY",36,New York,55,Monroe,43.14501268,-77.55728026
08/31/2020,AQS,1,7,ppb,7,Rochester Near-Road,24,100,42602,Nitrogen dioxide (NO2),200,40380,"Rochester, NY",36,New York,55,Monroe,43.14501268,-77.55728026
09/01/2020,AQS,1,10,ppb,9,Rochester Near-Road,24,100,42602,Nitrogen dioxide (NO2),200,40380,"Rochester, NY",36,New York,55,Monroe,43.14501268,-77.55728026
09/02/2020,AQS,1,8.9,ppb,8,Rochester Near-Road,24,100,42602,Nitrogen dioxide (NO2),200,40380,"Rochester, NY",36,New York,55,Monroe,43.14501268,-77.55728026
09/03/2020,AQS,1,12,ppb,11,Rochester Near-Road,19,79,42602,Nitrogen dioxide (NO2),200,40380,"Rochester, NY",36,New York,55,Monroe,43.14501268,-77.55728026
09/04/2020,AQS,1,10,ppb,9,Rochester Near-Road,24,100,42602,Nitrogen dioxide (NO2),200,40380,"Rochester, NY",36,New York,55,Monroe,43.14501268,-77.55728026
09/05/2020,AQS,1,6.8,ppb,6,Rochester Near-Road,24,100,42602,Nitrogen dioxide (NO2),200,40380,"Rochester, NY",36,New York,55,Monroe,43.14501268,-77.55728026
09/06/2020,AQS,1,7.2,ppb,7,Rochester Near-Road,24,100,42602,Nitrogen dioxide (NO2),200,40380,"Rochester, NY",36,New York,55,Monroe,43.14501268,-77.55728026
09/07/2020,AQS,1,4.7,ppb,4,Rochester Near-Road,24,100,42602,Nitrogen dioxide (NO2),200,40380,"Rochester, NY",36,New York,55,Monroe,43.14501268,-77.55728026
09/08/2020,AQS,1,5,ppb,5,Rochester Near-Road,18,75,42602,Nitrogen dioxide (NO2),200,40380,"Rochester, NY",36,New York,55,Monroe,43.14501268,-77.55728026
09/09/2020,AQS,1,8.2,ppb,8,Rochester Near-Road,24,100,42602,Nitrogen dioxide (NO2),200,40380,"Rochester, NY",36,New York,55,Monroe,43.14501268,-77.55728026
09/10/2020,AQS,1,6.6,ppb,6,Rochester Near-Road,24,100,42602,Nitrogen dioxide (NO2),200,40380,"Rochester, NY",36,New York,55,Monroe,43.14501268,-77.55728026
09/11/2020,AQS,1,11.9,ppb,10,Rochester Near-Road,24,100,42602,Nitrogen dioxide (NO2),200,40380,"Rochester, NY",36,New York,55,Monroe,43.14501268,-77.55728026
09/12/2020,AQS,1,6.5,ppb,6,Rochester Near-Road,24,100,42602,Nitrogen dioxide (NO2),200,40380,"Rochester, NY",36,New York,55,Monroe,43.14501268,-77.55728026
09/13/2020,AQS,1,6,ppb,6,Rochester Near-Road,24,100,42602,Nitrogen dioxide (NO2),200,40380,"Rochester, NY",36,New York,55,Monroe,43.14501268,-77.55728026
09/14/2020,AQS,1,11,ppb,10,Rochester Near-Road,24,100,42602,Nitrogen dioxide (NO2),200,40380,"Rochester, NY",36,New York,55,Monroe,43.14501268,-77.55728026
09/15/2020,AQS,1,12.7,ppb,11,Rochester Near-Road,24,100,42602,Nitrogen dioxide (NO2),200,40380,"Rochester, NY",36,New York,55,Monroe,43.14501268,-77.55728026
09/16/2020,AQS,1,10.2,ppb,9,Rochester Near-Road,21,88,42602,Nitrogen dioxide (NO2),200,40380,"Rochester, NY",36,New York,55,Monroe,43.14501268,-77.55728026
09/17/2020,AQS,1,15.5,ppb,14,Rochester Near-Road,19,79,42602,Nitrogen dioxide (NO2),200,40380,"Rochester, NY",36,New York,55,Monroe,43.14501268,-77.55728026
09/18/2020,AQS,1,7.1,ppb,7,Rochester Near-Road,24,100,42602,Nitrogen dioxide (NO2),200,40380,"Rochester, NY",36,New York,55,Monroe,43.14501268,-77.55728026
09/19/2020,AQS,1,15.6,ppb,14,Rochester Near-Road,24,100,42602,Nitrogen dioxide (NO2),200,40380,"Rochester, NY",36,New York,55,Monroe,43.14501268,-77.55728026
09/20/2020,AQS,1,11.4,ppb,10,Rochester Near-Road,24,100,42602,Nitrogen dioxide (NO2),200,40380,"Rochester, NY",36,New York,55,Monroe,43.14501268,-77.55728026
09/21/2020,AQS,1,15,ppb,14,Rochester Near-Road,24,100,42602,Nitrogen dioxide (NO2),200,40380,"Rochester, NY",36,New York,55,Monroe,43.14501268,-77.55728026
09/22/2020,AQS,1,14.5,ppb,13,Rochester Near-Road,19,79,42602,Nitrogen dioxide (NO2),200,40380,"Rochester, NY",36,New York,55,Monroe,43.14501268,-77.55728026
09/23/2020,AQS,1,13.4,ppb,12,Rochester Near-Road,24,100,42602,Nitrogen dioxide (NO2),200,40380,"Rochester, NY",36,New York,55,Monroe,43.14501268,-77.55728026
09/24/2020,AQS,1,15.3,ppb,14,Rochester Near-Road,24,100,42602,Nitrogen dioxide (NO2),200,40380,"Rochester, NY",36,New York,55,Monroe,43.14501268,-77.55728026
09/25/2020,AQS,1,24.5,ppb,23,Rochester Near-Road,24,100,42602,Nitrogen dioxide (NO2),200,40380,"Rochester, NY",36,New York,55,Monroe,43.14501268,-77.55728026
09/26/2020,AQS,1,11.1,ppb,10,Rochester Near-Road,24,100,42602,Nitrogen dioxide (NO2),200,40380,"Rochester, NY",36,New York,55,Monroe,43.14501268,-77.55728026
09/27/2020,AQS,1,10.1,ppb,9,Rochester Near-Road,24,100,42602,Nitrogen dioxide (NO2),200,40380,"Rochester, NY",36,New York,55,Monroe,43.14501268,-77.55728026
10/03/2020,AQS,1,8.4,ppb,8,Rochester Near-Road,24,100,42602,Nitrogen dioxide (NO2),200,40380,"Rochester, NY",36,New York,55,Monroe,43.14501268,-77.55728026
10/04/2020,AQS,1,10.7,ppb,9,Rochester Near-Road,24,100,42602,Nitrogen dioxide (NO2),200,40380,"Rochester, NY",36,New York,55,Monroe,43.14501268,-77.55728026
10/05/2020,AQS,1,14.6,ppb,13,Rochester Near-Road,23,96,42602,Nitrogen dioxide (NO2),200,40380,"Rochester, NY",36,New York,55,Monroe,43.14501268,-77.55728026
11/14/2020,AQS,1,21,ppb,20,Rochester Near-Road,24,100,42602,Nitrogen dioxide (NO2),200,40380,"Rochester, NY",36,New York,55,Monroe,43.14501268,-77.55728026
11/15/2020,AQS,1,4.8,ppb,4,Rochester Near-Road,24,100,42602,Nitrogen dioxide (NO2),200,40380,"Rochester, NY",36,New York,55,Monroe,43.14501268,-77.55728026
11/16/2020,AQS,1,10,ppb,9,Rochester Near-Road,24,100,42602,Nitrogen dioxide (NO2),200,40380,"Rochester, NY",36,New York,55,Monroe,43.14501268,-77.55728026
11/17/2020,AQS,1,10.4,ppb,9,Rochester Near-Road,19,79,42602,Nitrogen dioxide (NO2),200,40380,"Rochester, NY",36,New York,55,Monroe,43.14501268,-77.55728026
11/18/2020,AQS,1,14.8,ppb,13,Rochester Near-Road,24,100,42602,Nitrogen dioxide (NO2),200,40380,"Rochester, NY",36,New York,55,Monroe,43.14501268,-77.55728026
11/19/2020,AQS,1,14,ppb,13,Rochester Near-Road,24,100,42602,Nitrogen dioxide (NO2),200,40380,"Rochester, NY",36,New York,55,Monroe,43.14501268,-77.55728026
11/20/2020,AQS,1,11.5,ppb,10,Rochester Near-Road,24,100,42602,Nitrogen dioxide (NO2),200,40380,"Rochester, NY",36,New York,55,Monroe,43.14501268,-77.55728026
11/21/2020,AQS,1,5.1,ppb,5,Rochester Near-Road,24,100,42602,Nitrogen dioxide (NO2),200,40380,"Rochester, NY",36,New York,55,Monroe,43.14501268,-77.55728026
11/22/2020,AQS,1,14.7,ppb,13,Rochester Near-Road,24,100,42602,Nitrogen dioxide (NO2),200,40380,"Rochester, NY",36,New York,55,Monroe,43.14501268,-77.55728026
11/23/2020,AQS,1,10,ppb,9,Rochester Near-Road,24,100,42602,Nitrogen dioxide (NO2),200,40380,"Rochester, NY",36,New York,55,Monroe,43.14501268,-77.55728026
11/24/2020,AQS,1,12.1,ppb,11,Rochester Near-Road,20,83,42602,Nitrogen dioxide (NO2),200,40380,"Rochester, NY",36,New York,55,Monroe,43.14501268,-77.55728026
11/25/2020,AQS,1,13.4,ppb,12,Rochester Near-Road,24,100,42602,Nitrogen dioxide (NO2),200,40380,"Rochester, NY",36,New York,55,Monroe,43.14501268,-77.55728026
11/26/2020,AQS,1,12.8,ppb,11,Rochester Near-Road,24,100,42602,Nitrogen dioxide (NO2),200,40380,"Rochester, NY",36,New York,55,Monroe,43.14501268,-77.55728026
11/27/2020,AQS,1,11.9,ppb,10,Rochester Near-Road,24,100,42602,Nitrogen dioxide (NO2),200,40380,"Rochester, NY",36,New York,55,Monroe,43.14501268,-77.55728026
11/28/2020,AQS,1,7.3,ppb,7,Rochester Near-Road,24,100,42602,Nitrogen dioxide (NO2),200,40380,"Rochester, NY",36,New York,55,Monroe,43.14501268,-77.55728026
11/29/2020,AQS,1,20.5,ppb,19,Rochester Near-Road,24,100,42602,Nitrogen dioxide (NO2),200,40380,"Rochester, NY",36,New York,55,Monroe,43.14501268,-77.55728026
12/01/2020,AQS,1,9.1,ppb,8,Rochester Near-Road,24,100,42602,Nitrogen dioxide (NO2),200,40380,"Rochester, NY",36,New York,55,Monroe,43.14501268,-77.55728026
12/02/2020,AQS,1,13,ppb,12,Rochester Near-Road,24,100,42602,Nitrogen dioxide (NO2),200,40380,"Rochester, NY",36,New York,55,Monroe,43.14501268,-77.55728026
12/03/2020,AQS,1,14.6,ppb,13,Rochester Near-Road,24,100,42602,Nitrogen dioxide (NO2),200,40380,"Rochester, NY",36,New York,55,Monroe,43.14501268,-77.55728026
12/04/2020,AQS,1,15.1,ppb,14,Rochester Near-Road,24,100,42602,Nitrogen dioxide (NO2),200,40380,"Rochester, NY",36,New York,55,Monroe,43.14501268,-77.55728026
12/05/2020,AQS,1,12.4,ppb,11,Rochester Near-Road,24,100,42602,Nitrogen dioxide (NO2),200,40380,"Rochester, NY",36,New York,55,Monroe,43.14501268,-77.55728026
12/06/2020,AQS,1,5.4,ppb,5,Rochester Near-Road,24,100,42602,Nitrogen dioxide (NO2),200,40380,"Rochester, NY",36,New York,55,Monroe,43.14501268,-77.55728026
12/07/2020,AQS,1,11.1,ppb,10,Rochester Near-Road,19,79,42602,Nitrogen dioxide (NO2),200,40380,"Rochester, NY",36,New York,55,Monroe,43.14501268,-77.55728026
12/08/2020,AQS,1,16.8,ppb,15,Rochester Near-Road,24,100,42602,Nitrogen dioxide (NO2),200,40380,"Rochester, NY",36,New York,55,Monroe,43.14501268,-77.55728026
12/09/2020,AQS,1,11.4,ppb,10,Rochester Near-Road,24,100,42602,Nitrogen dioxide (NO2),200,40380,"Rochester, NY",36,New York,55,Monroe,43.14501268,-77.55728026
12/10/2020,AQS,1,24.8,ppb,23,Rochester Near-Road,24,100,42602,Nitrogen dioxide (NO2),200,40380,"Rochester, NY",36,New York,55,Monroe,43.14501268,-77.55728026
12/11/2020,AQS,1,25.1,ppb,24,Rochester Near-Road,24,100,42602,Nitrogen dioxide (NO2),200,40380,"Rochester, NY",36,New York,55,Monroe,43.14501268,-77.55728026
12/12/2020,AQS,1,18.6,ppb,17,Rochester Near-Road,24,100,42602,Nitrogen dioxide (NO2),200,40380,"Rochester, NY",36,New York,55,Monroe,43.14501268,-77.55728026
12/13/2020,AQS,1,8.3,ppb,8,Rochester Near-Road,24,100,42602,Nitrogen dioxide (NO2),200,40380,"Rochester, NY",36,New York,55,Monroe,43.14501268,-77.55728026
12/14/2020,AQS,1,16.9,ppb,15,Rochester Near-Road,24,100,42602,Nitrogen dioxide (NO2),200,40380,"Rochester, NY",36,New York,55,Monroe,43.14501268,-77.55728026
12/15/2020,AQS,1,14.1,ppb,13,Rochester Near-Road,24,100,42602,Nitrogen dioxide (NO2),200,40380,"Rochester, NY",36,New York,55,Monroe,43.14501268,-77.55728026
12/16/2020,AQS,1,9,ppb,8,Rochester Near-Road,24,100,42602,Nitrogen dioxide (NO2),200,40380,"Rochester, NY",36,New York,55,Monroe,43.14501268,-77.55728026
12/17/2020,AQS,1,11.2,ppb,10,Rochester Near-Road,19,79,42602,Nitrogen dioxide (NO2),200,40380,"Rochester, NY",36,New York,55,Monroe,43.14501268,-77.55728026
12/18/2020,AQS,1,31.9,ppb,29,Rochester Near-Road,24,100,42602,Nitrogen dioxide (NO2),200,40380,"Rochester, NY",36,New York,55,Monroe,43.14501268,-77.55728026
12/19/2020,AQS,1,21,ppb,20,Rochester Near-Road,24,100,42602,Nitrogen dioxide (NO2),200,40380,"Rochester, NY",36,New York,55,Monroe,43.14501268,-77.55728026
12/20/2020,AQS,1,10.4,ppb,9,Rochester Near-Road,24,100,42602,Nitrogen dioxide (NO2),200,40380,"Rochester, NY",36,New York,55,Monroe,43.14501268,-77.55728026
12/21/2020,AQS,1,24.6,ppb,23,Rochester Near-Road,24,100,42602,Nitrogen dioxide (NO2),200,40380,"Rochester, NY",36,New York,55,Monroe,43.14501268,-77.55728026
12/22/2020,AQS,1,16,ppb,15,Rochester Near-Road,24,100,42602,Nitrogen dioxide (NO2),200,40380,"Rochester, NY",36,New York,55,Monroe,43.14501268,-77.55728026
12/23/2020,AQS,1,21.2,ppb,20,Rochester Near-Road,24,100,42602,Nitrogen dioxide (NO2),200,40380,"Rochester, NY",36,New York,55,Monroe,43.14501268,-77.55728026
12/24/2020,AQS,1,8.2,ppb,8,Rochester Near-Road,24,100,42602,Nitrogen dioxide (NO2),200,40380,"Rochester, NY",36,New York,55,Monroe,43.14501268,-77.55728026
12/25/2020,AQS,1,5.6,ppb,5,Rochester Near-Road,24,100,42602,Nitrogen dioxide (NO2),200,40380,"Rochester, NY",36,New York,55,Monroe,43.14501268,-77.55728026
12/26/2020,AQS,1,4.4,ppb,4,Rochester Near-Road,24,100,42602,Nitrogen dioxide (NO2),200,40380,"Rochester, NY",36,New York,55,Monroe,43.14501268,-77.55728026
12/27/2020,AQS,1,7.3,ppb,7,Rochester Near-Road,24,100,42602,Nitrogen dioxide (NO2),200,40380,"Rochester, NY",36,New York,55,Monroe,43.14501268,-77.55728026
12/28/2020,AQS,1,7.5,ppb,7,Rochester Near-Road,20,83,42602,Nitrogen dioxide (NO2),200,40380,"Rochester, NY",36,New York,55,Monroe,43.14501268,-77.55728026
12/29/2020,AQS,1,28.4,ppb,26,Rochester Near-Road,24,100,42602,Nitrogen dioxide (NO2),200,40380,"Rochester, NY",36,New York,55,Monroe,43.14501268,-77.55728026
12/30/2020,AQS,1,26,ppb,25,Rochester Near-Road,24,100,42602,Nitrogen dioxide (NO2),200,40380,"Rochester, NY",36,New York,55,Monroe,43.14501268,-77.55728026
12/31/2020,AQS,1,11.1,ppb,10,Rochester Near-Road,24,100,42602,Nitrogen dioxide (NO2),200,40380,"Rochester, NY",36,New York,55,Monroe,43.14501268,-77.55728026
01/01/2021,AQS,1,21.4,ppb,20,Rochester Near-Road,24,100,42602,Nitrogen dioxide (NO2),200,40380,"Rochester, NY",36,New York,55,Monroe,43.14501268,-77.55728026
01/02/2021,AQS,1,12.5,ppb,11,Rochester Near-Road,24,100,42602,Nitrogen dioxide (NO2),200,40380,"Rochester, NY",36,New York,55,Monroe,43.14501268,-77.55728026
01/03/2021,AQS,1,10.8,ppb,9,Rochester Near-Road,24,100,42602,Nitrogen dioxide (NO2),200,40380,"Rochester, NY",36,New York,55,Monroe,43.14501268,-77.55728026
01/04/2021,AQS,1,15.8,ppb,14,Rochester Near-Road,24,100,42602,Nitrogen dioxide (NO2),200,40380,"Rochester, NY",36,New York,55,Monroe,43.14501268,-77.55728026
01/05/2021,AQS,1,21.4,ppb,20,Rochester Near-Road,24,100,42602,Nitrogen dioxide (NO2),200,40380,"Rochester, NY",36,New York,55,Monroe,43.14501268,-77.55728026
01/06/2021,AQS,1,15.2,ppb,14,Rochester Near-Road,24,100,42602,Nitrogen dioxide (NO2),200,40380,"Rochester, NY",36,New York,55,Monroe,43.14501268,-77.55728026
01/07/2021,AQS,1,7.3,ppb,7,Rochester Near-Road,24,100,42602,Nitrogen dioxide (NO2),200,40380,"Rochester, NY",36,New York,55,Monroe,43.14501268,-77.55728026
01/08/2021,AQS,1,16.2,ppb,15,Rochester Near-Road,19,79,42602,Nitrogen dioxide (NO2),200,40380,"Rochester, NY",36,New York,55,Monroe,43.14501268,-77.55728026
01/09/2021,AQS,1,30.3,ppb,28,Rochester Near-Road,24,100,42602,Nitrogen dioxide (NO2),200,40380,"Rochester, NY",36,New York,55,Monroe,43.14501268,-77.55728026
01/10/2021,AQS,1,24,ppb,23,Rochester Near-Road,24,100,42602,Nitrogen dioxide (NO2),200,40380,"Rochester, NY",36,New York,55,Monroe,43.14501268,-77.55728026
01/11/2021,AQS,1,21.4,ppb,20,Rochester Near-Road,24,100,42602,Nitrogen dioxide (NO2),200,40380,"Rochester, NY",36,New York,55,Monroe,43.14501268,-77.55728026
01/12/2021,AQS,1,13.7,ppb,12,Rochester Near-Road,24,100,42602,Nitrogen dioxide (NO2),200,40380,"Rochester, NY",36,New York,55,Monroe,43.14501268,-77.55728026
01/13/2021,AQS,1,25.1,ppb,24,Rochester Near-Road,24,100,42602,Nitrogen dioxide (NO2),200,40380,"Rochester, NY",36,New York,55,Monroe,43.14501268,-77.55728026
01/14/2021,AQS,1,18.8,ppb,17,Rochester Near-Road,19,79,42602,Nitrogen dioxide (NO2),200,40380,"Rochester, NY",36,New York,55,Monroe,43.14501268,-77.55728026
01/15/2021,AQS,1,12.9,ppb,11,Rochester Near-Road,24,100,42602,Nitrogen dioxide (NO2),200,40380,"Rochester, NY",36,New York,55,Monroe,43.14501268,-77.55728026
01/16/2021,AQS,1,13,ppb,12,Rochester Near-Road,24,100,42602,Nitrogen dioxide (NO2),200,40380,"Rochester, NY",36,New York,55,Monroe,43.14501268,-77.55728026
01/17/2021,AQS,1,11.2,ppb,10,Rochester Near-Road,24,100,42602,Nitrogen dioxide (NO2),200,40380,"Rochester, NY",36,New York,55,Monroe,43.14501268,-77.55728026
01/18/2021,AQS,1,13.8,ppb,12,Rochester Near-Road,24,100,42602,Nitrogen dioxide (NO2),200,40380,"Rochester, NY",36,New York,55,Monroe,43.14501268,-77.55728026
01/19/2021,AQS,1,9.3,ppb,8,Rochester Near-Road,24,100,42602,Nitrogen dioxide (NO2),200,40380,"Rochester, NY",36,New York,55,Monroe,43.14501268,-77.55728026
01/20/2021,AQS,1,14.2,ppb,13,Rochester Near-Road,24,100,42602,Nitrogen dioxide (NO2),200,40380,"Rochester, NY",36,New York,55,Monroe,43.14501268,-77.55728026
01/21/2021,AQS,1,8,ppb,8,Rochester Near-Road,19,79,42602,Nitrogen dioxide (NO2),200,40380,"Rochester, NY",36,New York,55,Monroe,43.14501268,-77.55728026
01/22/2021,AQS,1,17.8,ppb,16,Rochester Near-Road,24,100,42602,Nitrogen dioxide (NO2),200,40380,"Rochester, NY",36,New York,55,Monroe,43.14501268,-77.55728026
01/23/2021,AQS,1,8.2,ppb,8,Rochester Near-Road,24,100,42602,Nitrogen dioxide (NO2),200,40380,"Rochester, NY",36,New York,55,Monroe,43.14501268,-77.55728026
01/24/2021,AQS,1,32,ppb,30,Rochester Near-Road,24,100,42602,Nitrogen dioxide (NO2),200,40380,"Rochester, NY",36,New York,55,Monroe,43.14501268,-77.55728026
01/25/2021,AQS,1,33.8,ppb,31,Rochester Near-Road,19,79,42602,Nitrogen dioxide (NO2),200,40380,"Rochester, NY",36,New York,55,Monroe,43.14501268,-77.55728026
01/26/2021,AQS,1,12.7,ppb,11,Rochester Near-Road,24,100,42602,Nitrogen dioxide (NO2),200,40380,"Rochester, NY",36,New York,55,Monroe,43.14501268,-77.55728026
01/27/2021,AQS,1,10.7,ppb,9,Rochester Near-Road,24,100,42602,Nitrogen dioxide (NO2),200,40380,"Rochester, NY",36,New York,55,Monroe,43.14501268,-77.55728026
01/28/2021,AQS,1,11.8,ppb,10,Rochester Near-Road,24,100,42602,Nitrogen dioxide (NO2),200,40380,"Rochester, NY",36,New York,55,Monroe,43.14501268,-77.55728026
01/29/2021,AQS,1,14,ppb,13,Rochester Near-Road,24,100,42602,Nitrogen dioxide (NO2),200,40380,"Rochester, NY",36,New York,55,Monroe,43.14501268,-77.55728026
01/30/2021,AQS,1,34.5,ppb,32,Rochester Near-Road,24,100,42602,Nitrogen dioxide (NO2),200,40380,"Rochester, NY",36,New York,55,Monroe,43.14501268,-77.55728026
01/31/2021,AQS,1,19.2,ppb,18,Rochester Near-Road,24,100,42602,Nitrogen dioxide (NO2),200,40380,"Rochester, NY",36,New York,55,Monroe,43.14501268,-77.55728026
02/01/2021,AQS,1,9.3,ppb,8,Rochester Near-Road,24,100,42602,Nitrogen dioxide (NO2),200,40380,"Rochester, NY",36,New York,55,Monroe,43.14501268,-77.55728026
02/02/2021,AQS,1,8.9,ppb,8,Rochester Near-Road,19,79,42602,Nitrogen dioxide (NO2),200,40380,"Rochester, NY",36,New York,55,Monroe,43.14501268,-77.55728026
02/03/2021,AQS,1,8.3,ppb,8,Rochester Near-Road,24,100,42602,Nitrogen dioxide (NO2),200,40380,"Rochester, NY",36,New York,55,Monroe,43.14501268,-77.55728026
02/04/2021,AQS,1,31.8,ppb,29,Rochester Near-Road,24,100,42602,Nitrogen dioxide (NO2),200,40380,"Rochester, NY",36,New York,55,Monroe,43.14501268,-77.55728026
02/05/2021,AQS,1,11.7,ppb,10,Rochester Near-Road,24,100,42602,Nitrogen dioxide (NO2),200,40380,"Rochester, NY",36,New York,55,Monroe,43.14501268,-77.55728026
02/06/2021,AQS,1,20.8,ppb,19,Rochester Near-Road,24,100,42602,Nitrogen dioxide (NO2),200,40380,"Rochester, NY",36,New York,55,Monroe,43.14501268,-77.55728026
02/07/2021,AQS,1,25.8,ppb,24,Rochester Near-Road,24,100,42602,Nitrogen dioxide (NO2),200,40380,"Rochester, NY",36,New York,55,Monroe,43.14501268,-77.55728026
02/08/2021,AQS,1,20.1,ppb,19,Rochester Near-Road,24,100,42602,Nitrogen dioxide (NO2),200,40380,"Rochester, NY",36,New York,55,Monroe,43.14501268,-77.55728026
02/09/2021,AQS,1,29.1,ppb,27,Rochester Near-Road,18,75,42602,Nitrogen dioxide (NO2),200,40380,"Rochester, NY",36,New York,55,Monroe,43.14501268,-77.55728026
02/10/2021,AQS,1,15.3,ppb,14,Rochester Near-Road,24,100,42602,Nitrogen dioxide (NO2),200,40380,"Rochester, NY",36,New York,55,Monroe,43.14501268,-77.55728026
02/11/2021,AQS,1,33.4,ppb,31,Rochester Near-Road,23,96,42602,Nitrogen dioxide (NO2),200,40380,"Rochester, NY",36,New York,55,Monroe,43.14501268,-77.55728026
02/12/2021,AQS,1,32.8,ppb,30,Rochester Near-Road,24,100,42602,Nitrogen dioxide (NO2),200,40380,"Rochester, NY",36,New York,55,Monroe,43.14501268,-77.55728026
02/13/2021,AQS,1,31.7,ppb,29,Rochester Near-Road,24,100,42602,Nitrogen dioxide (NO2),200,40380,"Rochester, NY",36,New York,55,Monroe,43.14501268,-77.55728026
02/14/2021,AQS,1,32.4,ppb,30,Rochester Near-Road,24,100,42602,Nitrogen dioxide (NO2),200,40380,"Rochester, NY",36,New York,55,Monroe,43.14501268,-77.55728026
02/15/2021,AQS,1,31.2,ppb,29,Rochester Near-Road,24,100,42602,Nitrogen dioxide (NO2),200,40380,"Rochester, NY",36,New York,55,Monroe,43.14501268,-77.55728026
02/16/2021,AQS,1,13.6,ppb,12,Rochester Near-Road,18,75,42602,Nitrogen dioxide (NO2),200,40380,"Rochester, NY",36,New York,55,Monroe,43.14501268,-77.55728026
02/17/2021,AQS,1,27,ppb,25,Rochester Near-Road,24,100,42602,Nitrogen dioxide (NO2),200,40380,"Rochester, NY",36,New York,55,Monroe,43.14501268,-77.55728026
02/18/2021,AQS,1,36.9,ppb,34,Rochester Near-Road,24,100,42602,Nitrogen dioxide (NO2),200,40380,"Rochester, NY",36,New York,55,Monroe,43.14501268,-77.55728026
02/19/2021,AQS,1,15.9,ppb,14,Rochester Near-Road,24,100,42602,Nitrogen dioxide (NO2),200,40380,"Rochester, NY",36,New York,55,Monroe,43.14501268,-77.55728026
02/20/2021,AQS,1,10.6,ppb,9,Rochester Near-Road,24,100,42602,Nitrogen dioxide (NO2),200,40380,"Rochester, NY",36,New York,55,Monroe,43.14501268,-77.55728026
02/21/2021,AQS,1,20.3,ppb,19,Rochester Near-Road,24,100,42602,Nitrogen dioxide (NO2),200,40380,"Rochester, NY",36,New York,55,Monroe,43.14501268,-77.55728026
02/22/2021,AQS,1,10.4,ppb,9,Rochester Near-Road,24,100,42602,Nitrogen dioxide (NO2),200,40380,"Rochester, NY",36,New York,55,Monroe,43.14501268,-77.55728026
02/23/2021,AQS,1,11.3,ppb,10,Rochester Near-Road,18,75,42602,Nitrogen dioxide (NO2),200,40380,"Rochester, NY",36,New York,55,Monroe,43.14501268,-77.55728026
02/24/2021,AQS,1,29.1,ppb,27,Rochester Near-Road,24,100,42602,Nitrogen dioxide (NO2),200,40380,"Rochester, NY",36,New York,55,Monroe,43.14501268,-77.55728026
02/25/2021,AQS,1,11.2,ppb,10,Rochester Near-Road,24,100,42602,Nitrogen dioxide (NO2),200,40380,"Rochester, NY",36,New York,55,Monroe,43.14501268,-77.55728026
02/26/2021,AQS,1,20.1,ppb,19,Rochester Near-Road,24,100,42602,Nitrogen dioxide (NO2),200,40380,"Rochester, NY",36,New York,55,Monroe,43.14501268,-77.55728026
02/27/2021,AQS,1,13.4,ppb,12,Rochester Near-Road,24,100,42602,Nitrogen dioxide (NO2),200,40380,"Rochester, NY",36,New York,55,Monroe,43.14501268,-77.55728026
02/28/2021,AQS,1,25.7,ppb,24,Rochester Near-Road,24,100,42602,Nitrogen dioxide (NO2),200,40380,"Rochester, NY",36,New York,55,Monroe,43.14501268,-77.55728026
03/01/2021,AQS,1,7.4,ppb,7,Rochester Near-Road,19,79,42602,Nitrogen dioxide (NO2),200,40380,"Rochester, NY",36,New York,55,Monroe,43.14501268,-77.55728026
03/02/2021,AQS,1,18.8,ppb,17,Rochester Near-Road,24,100,42602,Nitrogen dioxide (NO2),200,40380,"Rochester, NY",36,New York,55,Monroe,43.14501268,-77.55728026
03/03/2021,AQS,1,14.4,ppb,13,Rochester Near-Road,24,100,42602,Nitrogen dioxide (NO2),200,40380,"Rochester, NY",36,New York,55,Monroe,43.14501268,-77.55728026
03/04/2021,AQS,1,8.5,ppb,8,Rochester Near-Road,24,100,42602,Nitrogen dioxide (NO2),200,40380,"Rochester, NY",36,New York,55,Monroe,43.14501268,-77.55728026
03/05/2021,AQS,1,5.9,ppb,5,Rochester Near-Road,24,100,42602,Nitrogen dioxide (NO2),200,40380,"Rochester, NY",36,New York,55,Monroe,43.14501268,-77.55728026
03/06/2021,AQS,1,9.5,ppb,8,Rochester Near-Road,24,100,42602,Nitrogen dioxide (NO2),200,40380,"Rochester, NY",36,New York,55,Monroe,43.14501268,-77.55728026
03/07/2021,AQS,1,19.4,ppb,18,Rochester Near-Road,24,100,42602,Nitrogen dioxide (NO2),200,40380,"Rochester, NY",36,New York,55,Monroe,43.14501268,-77.55728026
03/08/2021,AQS,1,28.5,ppb,26,Rochester Near-Road,19,79,42602,Nitrogen dioxide (NO2),200,40380,"Rochester, NY",36,New York,55,Monroe,43.14501268,-77.55728026
03/09/2021,AQS,1,20.4,ppb,19,Rochester Near-Road,23,96,42602,Nitrogen dioxide (NO2),200,40380,"Rochester, NY",36,New York,55,Monroe,43.14501268,-77.55728026
03/16/2021,AQS,1,14.1,ppb,13,Rochester Near-Road,24,100,42602,Nitrogen dioxide (NO2),200,40380,"Rochester, NY",36,New York,55,Monroe,43.14501268,-77.55728026
03/17/2021,AQS,1,26,ppb,25,Rochester Near-Road,24,100,42602,Nitrogen dioxide (NO2),200,40380,"Rochester, NY",36,New York,55,Monroe,43.14501268,-77.55728026
03/18/2021,AQS,1,16.5,ppb,15,Rochester Near-Road,24,100,42602,Nitrogen dioxide (NO2),200,40380,"Rochester, NY",36,New York,55,Monroe,43.14501268,-77.55728026
03/19/2021,AQS,1,15.9,ppb,14,Rochester Near-Road,24,100,42602,Nitrogen dioxide (NO2),200,40380,"Rochester, NY",36,New York,55,Monroe,43.14501268,-77.55728026
03/20/2021,AQS,1,18.5,ppb,17,Rochester Near-Road,24,100,42602,Nitrogen dioxide (NO2),200,40380,"Rochester, NY",36,New York,55,Monroe,43.14501268,-77.55728026
03/21/2021,AQS,1,22.1,ppb,21,Rochester Near-Road,24,100,42602,Nitrogen dioxide (NO2),200,40380,"Rochester, NY",36,New York,55,Monroe,43.14501268,-77.55728026
03/22/2021,AQS,1,23.6,ppb,22,Rochester Near-Road,24,100,42602,Nitrogen dioxide (NO2),200,40380,"Rochester, NY",36,New York,55,Monroe,43.14501268,-77.55728026
03/23/2021,AQS,1,23.6,ppb,22,Rochester Near-Road,18,75,42602,Nitrogen dioxide (NO2),200,40380,"Rochester, NY",36,New York,55,Monroe,43.14501268,-77.55728026
03/24/2021,AQS,1,12.4,ppb,11,Rochester Near-Road,24,100,42602,Nitrogen dioxide (NO2),200,40380,"Rochester, NY",36,New York,55,Monroe,43.14501268,-77.55728026
03/25/2021,AQS,1,12.7,ppb,11,Rochester Near-Road,24,100,42602,Nitrogen dioxide (NO2),200,40380,"Rochester, NY",36,New York,55,Monroe,43.14501268,-77.55728026
03/26/2021,AQS,1,10.2,ppb,9,Rochester Near-Road,24,100,42602,Nitrogen dioxide (NO2),200,40380,"Rochester, NY",36,New York,55,Monroe,43.14501268,-77.55728026
03/27/2021,AQS,1,14.6,ppb,13,Rochester Near-Road,24,100,42602,Nitrogen dioxide (NO2),200,40380,"Rochester, NY",36,New York,55,Monroe,43.14501268,-77.55728026
03/28/2021,AQS,1,14.3,ppb,13,Rochester Near-Road,24,100,42602,Nitrogen dioxide (NO2),200,40380,"Rochester, NY",36,New York,55,Monroe,43.14501268,-77.55728026
03/29/2021,AQS,1,17.3,ppb,16,Rochester Near-Road,24,100,42602,Nitrogen dioxide (NO2),200,40380,"Rochester, NY",36,New York,55,Monroe,43.14501268,-77.55728026
03/30/2021,AQS,1,19.2,ppb,18,Rochester Near-Road,19,79,42602,Nitrogen dioxide (NO2),200,40380,"Rochester, NY",36,New York,55,Monroe,43.14501268,-77.55728026
03/31/2021,AQS,1,12,ppb,11,Rochester Near-Road,24,100,42602,Nitrogen dioxide (NO2),200,40380,"Rochester, NY",36,New York,55,Monroe,43.14501268,-77.55728026
04/01/2021,AQS,1,4.8,ppb,4,Rochester Near-Road,24,100,42602,Nitrogen dioxide (NO2),200,40380,"Rochester, NY",36,New York,55,Monroe,43.14501268,-77.55728026
04/02/2021,AQS,1,9.1,ppb,8,Rochester Near-Road,24,100,42602,Nitrogen dioxide (NO2),200,40380,"Rochester, NY",36,New York,55,Monroe,43.14501268,-77.55728026
04/03/2021,AQS,1,14.1,ppb,13,Rochester Near-Road,24,100,42602,Nitrogen dioxide (NO2),200,40380,"Rochester, NY",36,New York,55,Monroe,43.14501268,-77.55728026
04/04/2021,AQS,1,18.5,ppb,17,Rochester Near-Road,24,100,42602,Nitrogen dioxide (NO2),200,40380,"Rochester, NY",36,New York,55,Monroe,43.14501268,-77.55728026
04/05/2021,AQS,1,36.4,ppb,34,Rochester Near-Road,24,100,42602,Nitrogen dioxide (NO2),200,40380,"Rochester, NY",36,New York,55,Monroe,43.14501268,-77.55728026
04/06/2021,AQS,1,31,ppb,29,Rochester Near-Road,19,79,42602,Nitrogen dioxide (NO2),200,40380,"Rochester, NY",36,New York,55,Monroe,43.14501268,-77.55728026
04/07/2021,AQS,1,17.8,ppb,16,Rochester Near-Road,24,100,42602,Nitrogen dioxide (NO2),200,40380,"Rochester, NY",36,New York,55,Monroe,43.14501268,-77.55728026
04/08/2021,AQS,1,19.5,ppb,18,Rochester Near-Road,24,100,42602,Nitrogen dioxide (NO2),200,40380,"Rochester, NY",36,New York,55,Monroe,43.14501268,-77.55728026
04/09/2021,AQS,1,10.7,ppb,9,Rochester Near-Road,24,100,42602,Nitrogen dioxide (NO2),200,40380,"Rochester, NY",36,New York,55,Monroe,43.14501268,-77.55728026
04/10/2021,AQS,1,5.8,ppb,5,Rochester Near-Road,24,100,42602,Nitrogen dioxide (NO2),200,40380,"Rochester, NY",36,New York,55,Monroe,43.14501268,-77.55728026
04/11/2021,AQS,1,7,ppb,7,Rochester Near-Road,24,100,42602,Nitrogen dioxide (NO2),200,40380,"Rochester, NY",36,New York,55,Monroe,43.14501268,-77.55728026
04/12/2021,AQS,1,8.8,ppb,8,Rochester Near-Road,24,100,42602,Nitrogen dioxide (NO2),200,40380,"Rochester, NY",36,New York,55,Monroe,43.14501268,-77.55728026
04/13/2021,AQS,1,15.2,ppb,14,Rochester Near-Road,19,79,42602,Nitrogen dioxide (NO2),200,40380,"Rochester, NY",36,New York,55,Monroe,43.14501268,-77.55728026
04/14/2021,AQS,1,13.1,ppb,12,Rochester Near-Road,24,100,42602,Nitrogen dioxide (NO2),200,40380,"Rochester, NY",36,New York,55,Monroe,43.14501268,-77.55728026
04/15/2021,AQS,1,14.4,ppb,13,Rochester Near-Road,24,100,42602,Nitrogen dioxide (NO2),200,40380,"Rochester, NY",36,New York,55,Monroe,43.14501268,-77.55728026
04/16/2021,AQS,1,8.9,ppb,8,Rochester Near-Road,24,100,42602,Nitrogen dioxide (NO2),200,40380,"Rochester, NY",36,New York,55,Monroe,43.14501268,-77.55728026
04/17/2021,AQS,1,7.8,ppb,7,Rochester Near-Road,24,100,42602,Nitrogen dioxide (NO2),200,40380,"Rochester, NY",36,New York,55,Monroe,43.14501268,-77.55728026
04/18/2021,AQS,1,6.7,ppb,6,Rochester Near-Road,24,100,42602,Nitrogen dioxide (NO2),200,40380,"Rochester, NY",36,New York,55,Monroe,43.14501268,-77.55728026
04/20/2021,AQS,1,8.1,ppb,8,Rochester Near-Road,24,100,42602,Nitrogen dioxide (NO2),200,40380,"Rochester, NY",36,New York,55,Monroe,43.14501268,-77.55728026
04/21/2021,AQS,1,9.2,ppb,8,Rochester Near-Road,24,100,42602,Nitrogen dioxide (NO2),200,40380,"Rochester, NY",36,New York,55,Monroe,43.14501268,-77.55728026
04/22/2021,AQS,1,13,ppb,12,Rochester Near-Road,24,100,42602,Nitrogen dioxide (NO2),200,40380,"Rochester, NY",36,New York,55,Monroe,43.14501268,-77.55728026
04/23/2021,AQS,1,12.2,ppb,11,Rochester Near-Road,24,100,42602,Nitrogen dioxide (NO2),200,40380,"Rochester, NY",36,New York,55,Monroe,43.14501268,-77.55728026
04/24/2021,AQS,1,13.6,ppb,12,Rochester Near-Road,24,100,42602,Nitrogen dioxide (NO2),200,40380,"Rochester, NY",36,New York,55,Monroe,43.14501268,-77.55728026
04/25/2021,AQS,1,8,ppb,8,Rochester Near-Road,24,100,42602,Nitrogen dioxide (NO2),200,40380,"Rochester, NY",36,New York,55,Monroe,43.14501268,-77.55728026
04/26/2021,AQS,1,15.5,ppb,14,Rochester Near-Road,19,79,42602,Nitrogen dioxide (NO2),200,40380,"Rochester, NY",36,New York,55,Monroe,43.14501268,-77.55728026
04/27/2021,AQS,1,15.9,ppb,14,Rochester Near-Road,24,100,42602,Nitrogen dioxide (NO2),200,40380,"Rochester, NY",36,New York,55,Monroe,43.14501268,-77.55728026
04/28/2021,AQS,1,12.5,ppb,11,Rochester Near-Road,24,100,42602,Nitrogen dioxide (NO2),200,40380,"Rochester, NY",36,New York,55,Monroe,43.14501268,-77.55728026
04/29/2021,AQS,1,11.2,ppb,10,Rochester Near-Road,24,100,42602,Nitrogen dioxide (NO2),200,40380,"Rochester, NY",36,New York,55,Monroe,43.14501268,-77.55728026
04/30/2021,AQS,1,9.4,ppb,8,Rochester Near-Road,24,100,42602,Nitrogen dioxide (NO2),200,40380,"Rochester, NY",36,New York,55,Monroe,43.14501268,-77.55728026
05/01/2021,AQS,1,8.1,ppb,8,Rochester Near-Road,24,100,42602,Nitrogen dioxide (NO2),200,40380,"Rochester, NY",36,New York,55,Monroe,43.14501268,-77.55728026
05/02/2021,AQS,1,8.3,ppb,8,Rochester Near-Road,24,100,42602,Nitrogen dioxide (NO2),200,40380,"Rochester, NY",36,New York,55,Monroe,43.14501268,-77.55728026
05/03/2021,AQS,1,9.7,ppb,8,Rochester Near-Road,24,100,42602,Nitrogen dioxide (NO2),200,40380,"Rochester, NY",36,New York,55,Monroe,43.14501268,-77.55728026
05/04/2021,AQS,1,10.4,ppb,9,Rochester Near-Road,18,75,42602,Nitrogen dioxide (NO2),200,40380,"Rochester, NY",36,New York,55,Monroe,43.14501268,-77.55728026
05/05/2021,AQS,1,4.2,ppb,4,Rochester Near-Road,24,100,42602,Nitrogen dioxide (NO2),200,40380,"Rochester, NY",36,New York,55,Monroe,43.14501268,-77.55728026
05/06/2021,AQS,1,14.7,ppb,13,Rochester Near-Road,24,100,42602,Nitrogen dioxide (NO2),200,40380,"Rochester, NY",36,New York,55,Monroe,43.14501268,-77.55728026
05/07/2021,AQS,1,12.7,ppb,11,Rochester Near-Road,24,100,42602,Nitrogen dioxide (NO2),200,40380,"Rochester, NY",36,New York,55,Monroe,43.14501268,-77.55728026
05/08/2021,AQS,1,6.8,ppb,6,Rochester Near-Road,24,100,42602,Nitrogen dioxide (NO2),200,40380,"Rochester, NY",36,New York,55,Monroe,43.14501268,-77.55728026
05/09/2021,AQS,1,9.1,ppb,8,Rochester Near-Road,24,100,42602,Nitrogen dioxide (NO2),200,40380,"Rochester, NY",36,New York,55,Monroe,43.14501268,-77.55728026
05/10/2021,AQS,1,11.1,ppb,10,Rochester Near-Road,24,100,42602,Nitrogen dioxide (NO2),200,40380,"Rochester, NY",36,New York,55,Monroe,43.14501268,-77.55728026
05/11/2021,AQS,1,10.3,ppb,9,Rochester Near-Road,18,75,42602,Nitrogen dioxide (NO2),200,40380,"Rochester, NY",36,New York,55,Monroe,43.14501268,-77.55728026
05/12/2021,AQS,1,10.2,ppb,9,Rochester Near-Road,24,100,42602,Nitrogen dioxide (NO2),200,40380,"Rochester, NY",36,New York,55,Monroe,43.14501268,-77.55728026
05/13/2021,AQS,1,12.8,ppb,11,Rochester Near-Road,24,100,42602,Nitrogen dioxide (NO2),200,40380,"Rochester, NY",36,New York,55,Monroe,43.14501268,-77.55728026
05/14/2021,AQS,1,14.8,ppb,13,Rochester Near-Road,24,100,42602,Nitrogen dioxide (NO2),200,40380,"Rochester, NY",36,New York,55,Monroe,43.14501268,-77.55728026
05/15/2021,AQS,1,21.6,ppb,20,Rochester Near-Road,24,100,42602,Nitrogen dioxide (NO2),200,40380,"Rochester, NY",36,New York,55,Monroe,43.14501268,-77.55728026
05/16/2021,AQS,1,15.4,ppb,14,Rochester Near-Road,24,100,42602,Nitrogen dioxide (NO2),200,40380,"Rochester, NY",36,New York,55,Monroe,43.14501268,-77.55728026
05/17/2021,AQS,1,13.3,ppb,12,Rochester Near-Road,19,79,42602,Nitrogen dioxide (NO2),200,40380,"Rochester, NY",36,New York,55,Monroe,43.14501268,-77.55728026
05/18/2021,AQS,1,14.4,ppb,13,Rochester Near-Road,24,100,42602,Nitrogen dioxide (NO2),200,40380,"Rochester, NY",36,New York,55,Monroe,43.14501268,-77.55728026
05/19/2021,AQS,1,18.3,ppb,17,Rochester Near-Road,24,100,42602,Nitrogen dioxide (NO2),200,40380,"Rochester, NY",36,New York,55,Monroe,43.14501268,-77.55728026
05/20/2021,AQS,1,15.7,ppb,14,Rochester Near-Road,24,100,42602,Nitrogen dioxide (NO2),200,40380,"Rochester, NY",36,New York,55,Monroe,43.14501268,-77.55728026
05/21/2021,AQS,1,11.5,ppb,10,Rochester Near-Road,24,100,42602,Nitrogen dioxide (NO2),200,40380,"Rochester, NY",36,New York,55,Monroe,43.14501268,-77.55728026
05/22/2021,AQS,1,10.4,ppb,9,Rochester Near-Road,24,100,42602,Nitrogen dioxide (NO2),200,40380,"Rochester, NY",36,New York,55,Monroe,43.14501268,-77.55728026
05/23/2021,AQS,1,5,ppb,5,Rochester Near-Road,24,100,42602,Nitrogen dioxide (NO2),200,40380,"Rochester, NY",36,New York,55,Monroe,43.14501268,-77.55728026
05/24/2021,AQS,1,9.9,ppb,8,Rochester Near-Road,24,100,42602,Nitrogen dioxide (NO2),200,40380,"Rochester, NY",36,New York,55,Monroe,43.14501268,-77.55728026
05/25/2021,AQS,1,9,ppb,8,Rochester Near-Road,18,75,42602,Nitrogen dioxide (NO2),200,40380,"Rochester, NY",36,New York,55,Monroe,43.14501268,-77.55728026
05/26/2021,AQS,1,8.8,ppb,8,Rochester Near-Road,24,100,42602,Nitrogen dioxide (NO2),200,40380,"Rochester, NY",36,New York,55,Monroe,43.14501268,-77.55728026
05/27/2021,AQS,1,7,ppb,7,Rochester Near-Road,24,100,42602,Nitrogen dioxide (NO2),200,40380,"Rochester, NY",36,New York,55,Monroe,43.14501268,-77.55728026
05/28/2021,AQS,1,5.3,ppb,5,Rochester Near-Road,24,100,42602,Nitrogen dioxide (NO2),200,40380,"Rochester, NY",36,New York,55,Monroe,43.14501268,-77.55728026
05/29/2021,AQS,1,13.3,ppb,12,Rochester Near-Road,24,100,42602,Nitrogen dioxide (NO2),200,40380,"Rochester, NY",36,New York,55,Monroe,43.14501268,-77.55728026
05/30/2021,AQS,1,13.2,ppb,12,Rochester Near-Road,24,100,42602,Nitrogen dioxide (NO2),200,40380,"Rochester, NY",36,New York,55,Monroe,43.14501268,-77.55728026
05/31/2021,AQS,1,9.7,ppb,8,Rochester Near-Road,24,100,42602,Nitrogen dioxide (NO2),200,40380,"Rochester, NY",36,New York,55,Monroe,43.14501268,-77.55728026
06/01/2021,AQS,1,16.4,ppb,15,Rochester Near-Road,18,75,42602,Nitrogen dioxide (NO2),200,40380,"Rochester, NY",36,New York,55,Monroe,43.14501268,-77.55728026
06/02/2021,AQS,1,13.5,ppb,12,Rochester Near-Road,24,100,42602,Nitrogen dioxide (NO2),200,40380,"Rochester, NY",36,New York,55,Monroe,43.14501268,-77.55728026
06/03/2021,AQS,1,12.2,ppb,11,Rochester Near-Road,24,100,42602,Nitrogen dioxide (NO2),200,40380,"Rochester, NY",36,New York,55,Monroe,43.14501268,-77.55728026
06/04/2021,AQS,1,14.1,ppb,13,Rochester Near-Road,23,96,42602,Nitrogen dioxide (NO2),200,40380,"Rochester, NY",36,New York,55,Monroe,43.14501268,-77.55728026
06/05/2021,AQS,1,7,ppb,7,Rochester Near-Road,24,100,42602,Nitrogen dioxide (NO2),200,40380,"Rochester, NY",36,New York,55,Monroe,43.14501268,-77.55728026
06/06/2021,AQS,1,6.4,ppb,6,Rochester Near-Road,24,100,42602,Nitrogen dioxide (NO2),200,40380,"Rochester, NY",36,New York,55,Monroe,43.14501268,-77.55728026
06/07/2021,AQS,1,11.1,ppb,10,Rochester Near-Road,24,100,42602,Nitrogen dioxide (NO2),200,40380,"Rochester, NY",36,New York,55,Monroe,43.14501268,-77.55728026
06/08/2021,AQS,1,13.2,ppb,12,Rochester Near-Road,24,100,42602,Nitrogen dioxide (NO2),200,40380,"Rochester, NY",36,New York,55,Monroe,43.14501268,-77.55728026
06/09/2021,AQS,1,18.5,ppb,17,Rochester Near-Road,24,100,42602,Nitrogen dioxide (NO2),200,40380,"Rochester, NY",36,New York,55,Monroe,43.14501268,-77.55728026
06/10/2021,AQS,1,12.2,ppb,11,Rochester Near-Road,24,100,42602,Nitrogen dioxide (NO2),200,40380,"Rochester, NY",36,New York,55,Monroe,43.14501268,-77.55728026
06/11/2021,AQS,1,17.1,ppb,16,Rochester Near-Road,24,100,42602,Nitrogen dioxide (NO2),200,40380,"Rochester, NY",36,New York,55,Monroe,43.14501268,-77.55728026
06/12/2021,AQS,1,10.6,ppb,9,Rochester Near-Road,24,100,42602,Nitrogen dioxide (NO2),200,40380,"Rochester, NY",36,New York,55,Monroe,43.14501268,-77.55728026
06/13/2021,AQS,1,10,ppb,9,Rochester Near-Road,24,100,42602,Nitrogen dioxide (NO2),200,40380,"Rochester, NY",36,New York,55,Monroe,43.14501268,-77.55728026
06/14/2021,AQS,1,9.4,ppb,8,Rochester Near-Road,19,79,42602,Nitrogen dioxide (NO2),200,40380,"Rochester, NY",36,New York,55,Monroe,43.14501268,-77.55728026
06/15/2021,AQS,1,5.6,ppb,5,Rochester Near-Road,24,100,42602,Nitrogen dioxide (NO2),200,40380,"Rochester, NY",36,New York,55,Monroe,43.14501268,-77.55728026
06/16/2021,AQS,1,10.8,ppb,9,Rochester Near-Road,24,100,42602,Nitrogen dioxide (NO2),200,40380,"Rochester, NY",36,New York,55,Monroe,43.14501268,-77.55728026
06/17/2021,AQS,1,14.3,ppb,13,Rochester Near-Road,24,100,42602,Nitrogen dioxide (NO2),200,40380,"Rochester, NY",36,New York,55,Monroe,43.14501268,-77.55728026
06/18/2021,AQS,1,13,ppb,12,Rochester Near-Road,24,100,42602,Nitrogen dioxide (NO2),200,40380,"Rochester, NY",36,New York,55,Monroe,43.14501268,-77.55728026
06/19/2021,AQS,1,6.4,ppb,6,Rochester Near-Road,24,100,42602,Nitrogen dioxide (NO2),200,40380,"Rochester, NY",36,New York,55,Monroe,43.14501268,-77.55728026
06/20/2021,AQS,1,6.5,ppb,6,Rochester Near-Road,24,100,42602,Nitrogen dioxide (NO2),200,40380,"Rochester, NY",36,New York,55,Monroe,43.14501268,-77.55728026
06/21/2021,AQS,1,10.3,ppb,9,Rochester Near-Road,18,75,42602,Nitrogen dioxide (NO2),200,40380,"Rochester, NY",36,New York,55,Monroe,43.14501268,-77.55728026
06/22/2021,AQS,1,13,ppb,12,Rochester Near-Road,24,100,42602,Nitrogen dioxide (NO2),200,40380,"Rochester, NY",36,New York,55,Monroe,43.14501268,-77.55728026
06/23/2021,AQS,1,13,ppb,12,Rochester Near-Road,24,100,42602,Nitrogen dioxide (NO2),200,40380,"Rochester, NY",36,New York,55,Monroe,43.14501268,-77.55728026
06/24/2021,AQS,1,9.7,ppb,8,Rochester Near-Road,24,100,42602,Nitrogen dioxide (NO2),200,40380,"Rochester, NY",36,New York,55,Monroe,43.14501268,-77.55728026
06/25/2021,AQS,1,9.5,ppb,8,Rochester Near-Road,24,100,42602,Nitrogen dioxide (NO2),200,40380,"Rochester, NY",36,New York,55,Monroe,43.14501268,-77.55728026
06/26/2021,AQS,1,6,ppb,6,Rochester Near-Road,24,100,42602,Nitrogen dioxide (NO2),200,40380,"Rochester, NY",36,New York,55,Monroe,43.14501268,-77.55728026
06/27/2021,AQS,1,8.2,ppb,8,Rochester Near-Road,24,100,42602,Nitrogen dioxide (NO2),200,40380,"Rochester, NY",36,New York,55,Monroe,43.14501268,-77.55728026
06/28/2021,AQS,1,8.7,ppb,8,Rochester Near-Road,18,75,42602,Nitrogen dioxide (NO2),200,40380,"Rochester, NY",36,New York,55,Monroe,43.14501268,-77.55728026
06/29/2021,AQS,1,12.5,ppb,11,Rochester Near-Road,24,100,42602,Nitrogen dioxide (NO2),200,40380,"Rochester, NY",36,New York,55,Monroe,43.14501268,-77.55728026
06/30/2021,AQS,1,8.9,ppb,8,Rochester Near-Road,24,100,42602,Nitrogen dioxide (NO2),200,40380,"Rochester, NY",36,New York,55,Monroe,43.14501268,-77.55728026
07/01/2021,AQS,1,15.5,ppb,14,Rochester Near-Road,24,100,42602,Nitrogen dioxide (NO2),200,40380,"Rochester, NY",36,New York,55,Monroe,43.14501268,-77.55728026
07/02/2021,AQS,1,11.5,ppb,10,Rochester Near-Road,24,100,42602,Nitrogen dioxide (NO2),200,40380,"Rochester, NY",36,New York,55,Monroe,43.14501268,-77.55728026
07/03/2021,AQS,1,5.9,ppb,5,Rochester Near-Road,24,100,42602,Nitrogen dioxide (NO2),200,40380,"Rochester, NY",36,New York,55,Monroe,43.14501268,-77.55728026
07/04/2021,AQS,1,11.3,ppb,10,Rochester Near-Road,24,100,42602,Nitrogen dioxide (NO2),200,40380,"Rochester, NY",36,New York,55,Monroe,43.14501268,-77.55728026
07/05/2021,AQS,1,6.6,ppb,6,Rochester Near-Road,24,100,42602,Nitrogen dioxide (NO2),200,40380,"Rochester, NY",36,New York,55,Monroe,43.14501268,-77.55728026
07/06/2021,AQS,1,9.3,ppb,8,Rochester Near-Road,24,100,42602,Nitrogen dioxide (NO2),200,40380,"Rochester, NY",36,New York,55,Monroe,43.14501268,-77.55728026
07/07/2021,AQS,1,13.9,ppb,12,Rochester Near-Road,24,100,42602,Nitrogen dioxide (NO2),200,40380,"Rochester, NY",36,New York,55,Monroe,43.14501268,-77.55728026
07/08/2021,AQS,1,9.3,ppb,8,Rochester Near-Road,24,100,42602,Nitrogen dioxide (NO2),200,40380,"Rochester, NY",36,New York,55,Monroe,43.14501268,-77.55728026
07/09/2021,AQS,1,9.2,ppb,8,Rochester Near-Road,19,79,42602,Nitrogen dioxide (NO2),200,40380,"Rochester, NY",36,New York,55,Monroe,43.14501268,-77.55728026
07/10/2021,AQS,1,12.4,ppb,11,Rochester Near-Road,24,100,42602,Nitrogen dioxide (NO2),200,40380,"Rochester, NY",36,New York,55,Monroe,43.14501268,-77.55728026
07/11/2021,AQS,1,7.5,ppb,7,Rochester Near-Road,24,100,42602,Nitrogen dioxide (NO2),200,40380,"Rochester, NY",36,New York,55,Monroe,43.14501268,-77.55728026
07/12/2021,AQS,1,8.8,ppb,8,Rochester Near-Road,19,79,42602,Nitrogen dioxide (NO2),200,40380,"Rochester, NY",36,New York,55,Monroe,43.14501268,-77.55728026
07/13/2021,AQS,1,8.6,ppb,8,Rochester Near-Road,24,100,42602,Nitrogen dioxide (NO2),200,40380,"Rochester, NY",36,New York,55,Monroe,43.14501268,-77.55728026
07/14/2021,AQS,1,11.9,ppb,10,Rochester Near-Road,24,100,42602,Nitrogen dioxide (NO2),200,40380,"Rochester, NY",36,New York,55,Monroe,43.14501268,-77.55728026
07/15/2021,AQS,1,9.9,ppb,8,Rochester Near-Road,24,100,42602,Nitrogen dioxide (NO2),200,40380,"Rochester, NY",36,New York,55,Monroe,43.14501268,-77.55728026
07/16/2021,AQS,1,5.7,ppb,5,Rochester Near-Road,24,100,42602,Nitrogen dioxide (NO2),200,40380,"Rochester, NY",36,New York,55,Monroe,43.14501268,-77.55728026
07/17/2021,AQS,1,5.5,ppb,5,Rochester Near-Road,24,100,42602,Nitrogen dioxide (NO2),200,40380,"Rochester, NY",36,New York,55,Monroe,43.14501268,-77.55728026
07/18/2021,AQS,1,10,ppb,9,Rochester Near-Road,24,100,42602,Nitrogen dioxide (NO2),200,40380,"Rochester, NY",36,New York,55,Monroe,43.14501268,-77.55728026
07/19/2021,AQS,1,8.9,ppb,8,Rochester Near-Road,19,79,42602,Nitrogen dioxide (NO2),200,40380,"Rochester, NY",36,New York,55,Monroe,43.14501268,-77.55728026
07/20/2021,AQS,1,15.2,ppb,14,Rochester Near-Road,24,100,42602,Nitrogen dioxide (NO2),200,40380,"Rochester, NY",36,New York,55,Monroe,43.14501268,-77.55728026
07/21/2021,AQS,1,4.4,ppb,4,Rochester Near-Road,24,100,42602,Nitrogen dioxide (NO2),200,40380,"Rochester, NY",36,New York,55,Monroe,43.14501268,-77.55728026
07/22/2021,AQS,1,10.9,ppb,9,Rochester Near-Road,24,100,42602,Nitrogen dioxide (NO2),200,40380,"Rochester, NY",36,New York,55,Monroe,43.14501268,-77.55728026
07/23/2021,AQS,1,13,ppb,12,Rochester Near-Road,24,100,42602,Nitrogen dioxide (NO2),200,40380,"Rochester, NY",36,New York,55,Monroe,43.14501268,-77.55728026
07/24/2021,AQS,1,6.3,ppb,6,Rochester Near-Road,24,100,42602,Nitrogen dioxide (NO2),200,40380,"Rochester, NY",36,New York,55,Monroe,43.14501268,-77.55728026
07/25/2021,AQS,1,5.8,ppb,5,Rochester Near-Road,24,100,42602,Nitrogen dioxide (NO2),200,40380,"Rochester, NY",36,New York,55,Monroe,43.14501268,-77.55728026
07/26/2021,AQS,1,13.6,ppb,12,Rochester Near-Road,20,83,42602,Nitrogen dioxide (NO2),200,40380,"Rochester, NY",36,New York,55,Monroe,43.14501268,-77.55728026
07/27/2021,AQS,1,14.3,ppb,13,Rochester Near-Road,24,100,42602,Nitrogen dioxide (NO2),200,40380,"Rochester, NY",36,New York,55,Monroe,43.14501268,-77.55728026
07/28/2021,AQS,1,16.1,ppb,15,Rochester Near-Road,24,100,42602,Nitrogen dioxide (NO2),200,40380,"Rochester, NY",36,New York,55,Monroe,43.14501268,-77.55728026
07/29/2021,AQS,1,13.1,ppb,12,Rochester Near-Road,24,100,42602,Nitrogen dioxide (NO2),200,40380,"Rochester, NY",36,New York,55,Monroe,43.14501268,-77.55728026
07/30/2021,AQS,1,8.6,ppb,8,Rochester Near-Road,24,100,42602,Nitrogen dioxide (NO2),200,40380,"Rochester, NY",36,New York,55,Monroe,43.14501268,-77.55728026
07/31/2021,AQS,1,13,ppb,12,Rochester Near-Road,24,100,42602,Nitrogen dioxide (NO2),200,40380,"Rochester, NY",36,New York,55,Monroe,43.14501268,-77.55728026
08/01/2021,AQS,1,6.3,ppb,6,Rochester Near-Road,24,100,42602,Nitrogen dioxide (NO2),200,40380,"Rochester, NY",36,New York,55,Monroe,43.14501268,-77.55728026
08/02/2021,AQS,1,16.6,ppb,15,Rochester Near-Road,24,100,42602,Nitrogen dioxide (NO2),200,40380,"Rochester, NY",36,New York,55,Monroe,43.14501268,-77.55728026
08/03/2021,AQS,1,16.9,ppb,15,Rochester Near-Road,24,100,42602,Nitrogen dioxide (NO2),200,40380,"Rochester, NY",36,New York,55,Monroe,43.14501268,-77.55728026
08/04/2021,AQS,1,16.4,ppb,15,Rochester Near-Road,19,79,42602,Nitrogen dioxide (NO2),200,40380,"Rochester, NY",36,New York,55,Monroe,43.14501268,-77.55728026
08/05/2021,AQS,1,17.2,ppb,16,Rochester Near-Road,24,100,42602,Nitrogen dioxide (NO2),200,40380,"Rochester, NY",36,New York,55,Monroe,43.14501268,-77.55728026
08/06/2021,AQS,1,12.1,ppb,11,Rochester Near-Road,24,100,42602,Nitrogen dioxide (NO2),200,40380,"Rochester, NY",36,New York,55,Monroe,43.14501268,-77.55728026
08/07/2021,AQS,1,9,ppb,8,Rochester Near-Road,24,100,42602,Nitrogen dioxide (NO2),200,40380,"Rochester, NY",36,New York,55,Monroe,43.14501268,-77.55728026
08/08/2021,AQS,1,8.3,ppb,8,Rochester Near-Road,24,100,42602,Nitrogen dioxide (NO2),200,40380,"Rochester, NY",36,New York,55,Monroe,43.14501268,-77.55728026
08/09/2021,AQS,1,10.6,ppb,9,Rochester Near-Road,24,100,42602,Nitrogen dioxide (NO2),200,40380,"Rochester, NY",36,New York,55,Monroe,43.14501268,-77.55728026
08/10/2021,AQS,1,12.7,ppb,11,Rochester Near-Road,24,100,42602,Nitrogen dioxide (NO2),200,40380,"Rochester, NY",36,New York,55,Monroe,43.14501268,-77.55728026
08/11/2021,AQS,1,8.9,ppb,8,Rochester Near-Road,24,100,42602,Nitrogen dioxide (NO2),200,40380,"Rochester, NY",36,New York,55,Monroe,43.14501268,-77.55728026
08/12/2021,AQS,1,8.6,ppb,8,Rochester Near-Road,19,79,42602,Nitrogen dioxide (NO2),200,40380,"Rochester, NY",36,New York,55,Monroe,43.14501268,-77.55728026
08/13/2021,AQS,1,10.4,ppb,9,Rochester Near-Road,24,100,42602,Nitrogen dioxide (NO2),200,40380,"Rochester, NY",36,New York,55,Monroe,43.14501268,-77.55728026
08/14/2021,AQS,1,9.3,ppb,8,Rochester Near-Road,24,100,42602,Nitrogen dioxide (NO2),200,40380,"Rochester, NY",36,New York,55,Monroe,43.14501268,-77.55728026
08/15/2021,AQS,1,9.2,ppb,8,Rochester Near-Road,24,100,42602,Nitrogen dioxide (NO2),200,40380,"Rochester, NY",36,New York,55,Monroe,43.14501268,-77.55728026
08/16/2021,AQS,1,8.3,ppb,8,Rochester Near-Road,19,79,42602,Nitrogen dioxide (NO2),200,40380,"Rochester, NY",36,New York,55,Monroe,43.14501268,-77.55728026
08/17/2021,AQS,1,13.6,ppb,12,Rochester Near-Road,21,88,42602,Nitrogen dioxide (NO2),200,40380,"Rochester, NY",36,New York,55,Monroe,43.14501268,-77.55728026
08/18/2021,AQS,1,10.1,ppb,9,Rochester Near-Road,24,100,42602,Nitrogen dioxide (NO2),200,40380,"Rochester, NY",36,New York,55,Monroe,43.14501268,-77.55728026
08/19/2021,AQS,1,9.8,ppb,8,Rochester Near-Road,24,100,42602,Nitrogen dioxide (NO2),200,40380,"Rochester, NY",36,New York,55,Monroe,43.14501268,-77.55728026
08/20/2021,AQS,1,12.6,ppb,11,Rochester Near-Road,24,100,42602,Nitrogen dioxide (NO2),200,40380,"Rochester, NY",36,New York,55,Monroe,43.14501268,-77.55728026
08/21/2021,AQS,1,7.7,ppb,7,Rochester Near-Road,24,100,42602,Nitrogen dioxide (NO2),200,40380,"Rochester, NY",36,New York,55,Monroe,43.14501268,-77.55728026
08/22/2021,AQS,1,5.3,ppb,5,Rochester Near-Road,24,100,42602,Nitrogen dioxide (NO2),200,40380,"Rochester, NY",36,New York,55,Monroe,43.14501268,-77.55728026
08/23/2021,AQS,1,8.5,ppb,8,Rochester Near-Road,19,79,42602,Nitrogen dioxide (NO2),200,40380,"Rochester, NY",36,New York,55,Monroe,43.14501268,-77.55728026
08/24/2021,AQS,1,14.9,ppb,13,Rochester Near-Road,24,100,42602,Nitrogen dioxide (NO2),200,40380,"Rochester, NY",36,New York,55,Monroe,43.14501268,-77.55728026
08/25/2021,AQS,1,12,ppb,11,Rochester Near-Road,24,100,42602,Nitrogen dioxide (NO2),200,40380,"Rochester, NY",36,New York,55,Monroe,43.14501268,-77.55728026
08/26/2021,AQS,1,12.7,ppb,11,Rochester Near-Road,23,96,42602,Nitrogen dioxide (NO2),200,40380,"Rochester, NY",36,New York,55,Monroe,43.14501268,-77.55728026
08/27/2021,AQS,1,9.8,ppb,8,Rochester Near-Road,24,100,42602,Nitrogen dioxide (NO2),200,40380,"Rochester, NY",36,New York,55,Monroe,43.14501268,-77.55728026
08/28/2021,AQS,1,7.3,ppb,7,Rochester Near-Road,24,100,42602,Nitrogen dioxide (NO2),200,40380,"Rochester, NY",36,New York,55,Monroe,43.14501268,-77.55728026
08/29/2021,AQS,1,5.4,ppb,5,Rochester Near-Road,24,100,42602,Nitrogen dioxide (NO2),200,40380,"Rochester, NY",36,New York,55,Monroe,43.14501268,-77.55728026
08/30/2021,AQS,1,9.7,ppb,8,Rochester Near-Road,19,79,42602,Nitrogen dioxide (NO2),200,40380,"Rochester, NY",36,New York,55,Monroe,43.14501268,-77.55728026
08/31/2021,AQS,1,12.2,ppb,11,Rochester Near-Road,24,100,42602,Nitrogen dioxide (NO2),200,40380,"Rochester, NY",36,New York,55,Monroe,43.14501268,-77.55728026
09/01/2021,AQS,1,19.3,ppb,18,Rochester Near-Road,24,100,42602,Nitrogen dioxide (NO2),200,40380,"Rochester, NY",36,New York,55,Monroe,43.14501268,-77.55728026
09/02/2021,AQS,1,5.4,ppb,5,Rochester Near-Road,23,96,42602,Nitrogen dioxide (NO2),200,40380,"Rochester, NY",36,New York,55,Monroe,43.14501268,-77.55728026
09/03/2021,AQS,1,10.7,ppb,9,Rochester Near-Road,24,100,42602,Nitrogen dioxide (NO2),200,40380,"Rochester, NY",36,New York,55,Monroe,43.14501268,-77.55728026
09/04/2021,AQS,1,6.5,ppb,6,Rochester Near-Road,24,100,42602,Nitrogen dioxide (NO2),200,40380,"Rochester, NY",36,New York,55,Monroe,43.14501268,-77.55728026
09/05/2021,AQS,1,5.4,ppb,5,Rochester Near-Road,24,100,42602,Nitrogen dioxide (NO2),200,40380,"Rochester, NY",36,New York,55,Monroe,43.14501268,-77.55728026
09/06/2021,AQS,1,6,ppb,6,Rochester Near-Road,24,100,42602,Nitrogen dioxide (NO2),200,40380,"Rochester, NY",36,New York,55,Monroe,43.14501268,-77.55728026
09/07/2021,AQS,1,9.5,ppb,8,Rochester Near-Road,24,100,42602,Nitrogen dioxide (NO2),200,40380,"Rochester, NY",36,New York,55,Monroe,43.14501268,-77.55728026
09/08/2021,AQS,1,7.6,ppb,7,Rochester Near-Road,19,79,42602,Nitrogen dioxide (NO2),200,40380,"Rochester, NY",36,New York,55,Monroe,43.14501268,-77.55728026
09/09/2021,AQS,1,9.6,ppb,8,Rochester Near-Road,23,96,42602,Nitrogen dioxide (NO2),200,40380,"Rochester, NY",36,New York,55,Monroe,43.14501268,-77.55728026
09/10/2021,AQS,1,14.7,ppb,13,Rochester Near-Road,24,100,42602,Nitrogen dioxide (NO2),200,40380,"Rochester, NY",36,New York,55,Monroe,43.14501268,-77.55728026
09/11/2021,AQS,1,6.1,ppb,6,Rochester Near-Road,24,100,42602,Nitrogen dioxide (NO2),200,40380,"Rochester, NY",36,New York,55,Monroe,43.14501268,-77.55728026
09/12/2021,AQS,1,10,ppb,9,Rochester Near-Road,24,100,42602,Nitrogen dioxide (NO2),200,40380,"Rochester, NY",36,New York,55,Monroe,43.14501268,-77.55728026
09/13/2021,AQS,1,13.3,ppb,12,Rochester Near-Road,19,79,42602,Nitrogen dioxide (NO2),200,40380,"Rochester, NY",36,New York,55,Monroe,43.14501268,-77.55728026
09/14/2021,AQS,1,12.5,ppb,11,Rochester Near-Road,24,100,42602,Nitrogen dioxide (NO2),200,40380,"Rochester, NY",36,New York,55,Monroe,43.14501268,-77.55728026
09/15/2021,AQS,1,16.6,ppb,15,Rochester Near-Road,24,100,42602,Nitrogen dioxide (NO2),200,40380,"Rochester, NY",36,New York,55,Monroe,43.14501268,-77.55728026
09/16/2021,AQS,1,12.2,ppb,11,Rochester Near-Road,24,100,42602,Nitrogen dioxide (NO2),200,40380,"Rochester, NY",36,New York,55,Monroe,43.14501268,-77.55728026
09/17/2021,AQS,1,11.6,ppb,10,Rochester Near-Road,24,100,42602,Nitrogen dioxide (NO2),200,40380,"Rochester, NY",36,New York,55,Monroe,43.14501268,-77.55728026
09/18/2021,AQS,1,16.7,ppb,15,Rochester Near-Road,24,100,42602,Nitrogen dioxide (NO2),200,40380,"Rochester, NY",36,New York,55,Monroe,43.14501268,-77.55728026
09/19/2021,AQS,1,10.9,ppb,9,Rochester Near-Road,24,100,42602,Nitrogen dioxide (NO2),200,40380,"Rochester, NY",36,New York,55,Monroe,43.14501268,-77.55728026
09/20/2021,AQS,1,8.7,ppb,8,Rochester Near-Road,19,79,42602,Nitrogen dioxide (NO2),200,40380,"Rochester, NY",36,New York,55,Monroe,43.14501268,-77.55728026
09/21/2021,AQS,1,7.7,ppb,7,Rochester Near-Road,24,100,42602,Nitrogen dioxide (NO2),200,40380,"Rochester, NY",36,New York,55,Monroe,43.14501268,-77.55728026
09/22/2021,AQS,1,10.8,ppb,9,Rochester Near-Road,24,100,42602,Nitrogen dioxide (NO2),200,40380,"Rochester, NY",36,New York,55,Monroe,43.14501268,-77.55728026
09/23/2021,AQS,1,13.2,ppb,12,Rochester Near-Road,24,100,42602,Nitrogen dioxide (NO2),200,40380,"Rochester, NY",36,New York,55,Monroe,43.14501268,-77.55728026
09/24/2021,AQS,1,13.3,ppb,12,Rochester Near-Road,24,100,42602,Nitrogen dioxide (NO2),200,40380,"Rochester, NY",36,New York,55,Monroe,43.14501268,-77.55728026
09/25/2021,AQS,1,10.2,ppb,9,Rochester Near-Road,24,100,42602,Nitrogen dioxide (NO2),200,40380,"Rochester, NY",36,New York,55,Monroe,43.14501268,-77.55728026
09/26/2021,AQS,1,8.7,ppb,8,Rochester Near-Road,24,100,42602,Nitrogen dioxide (NO2),200,40380,"Rochester, NY",36,New York,55,Monroe,43.14501268,-77.55728026
09/27/2021,AQS,1,9.2,ppb,8,Rochester Near-Road,19,79,42602,Nitrogen dioxide (NO2),200,40380,"Rochester, NY",36,New York,55,Monroe,43.14501268,-77.55728026
09/28/2021,AQS,1,10.4,ppb,9,Rochester Near-Road,24,100,42602,Nitrogen dioxide (NO2),200,40380,"Rochester, NY",36,New York,55,Monroe,43.14501268,-77.55728026
09/29/2021,AQS,1,11.2,ppb,10,Rochester Near-Road,24,100,42602,Nitrogen dioxide (NO2),200,40380,"Rochester, NY",36,New York,55,Monroe,43.14501268,-77.55728026
09/30/2021,AQS,1,12,ppb,11,Rochester Near-Road,24,100,42602,Nitrogen dioxide (NO2),200,40380,"Rochester, NY",36,New York,55,Monroe,43.14501268,-77.55728026
10/01/2021,AQS,1,12.3,ppb,11,Rochester Near-Road,24,100,42602,Nitrogen dioxide (NO2),200,40380,"Rochester, NY",36,New York,55,Monroe,43.14501268,-77.55728026
10/02/2021,AQS,1,6.8,ppb,6,Rochester Near-Road,24,100,42602,Nitrogen dioxide (NO2),200,40380,"Rochester, NY",36,New York,55,Monroe,43.14501268,-77.55728026
10/03/2021,AQS,1,7.6,ppb,7,Rochester Near-Road,24,100,42602,Nitrogen dioxide (NO2),200,40380,"Rochester, NY",36,New York,55,Monroe,43.14501268,-77.55728026
10/04/2021,AQS,1,6.1,ppb,6,Rochester Near-Road,19,79,42602,Nitrogen dioxide (NO2),200,40380,"Rochester, NY",36,New York,55,Monroe,43.14501268,-77.55728026
10/05/2021,AQS,1,9.7,ppb,8,Rochester Near-Road,24,100,42602,Nitrogen dioxide (NO2),200,40380,"Rochester, NY",36,New York,55,Monroe,43.14501268,-77.55728026
10/06/2021,AQS,1,12.6,ppb,11,Rochester Near-Road,24,100,42602,Nitrogen dioxide (NO2),200,40380,"Rochester, NY",36,New York,55,Monroe,43.14501268,-77.55728026
10/07/2021,AQS,1,8.6,ppb,8,Rochester Near-Road,24,100,42602,Nitrogen dioxide (NO2),200,40380,"Rochester, NY",36,New York,55,Monroe,43.14501268,-77.55728026
10/08/2021,AQS,1,12.5,ppb,11,Rochester Near-Road,24,100,42602,Nitrogen dioxide (NO2),200,40380,"Rochester, NY",36,New York,55,Monroe,43.14501268,-77.55728026
10/09/2021,AQS,1,5.3,ppb,5,Rochester Near-Road,24,100,42602,Nitrogen dioxide (NO2),200,40380,"Rochester, NY",36,New York,55,Monroe,43.14501268,-77.55728026
10/10/2021,AQS,1,4.8,ppb,4,Rochester Near-Road,24,100,42602,Nitrogen dioxide (NO2),200,40380,"Rochester, NY",36,New York,55,Monroe,43.14501268,-77.55728026
10/11/2021,AQS,1,9.5,ppb,8,Rochester Near-Road,24,100,42602,Nitrogen dioxide (NO2),200,40380,"Rochester, NY",36,New York,55,Monroe,43.14501268,-77.55728026
10/12/2021,AQS,1,12.1,ppb,11,Rochester Near-Road,24,100,42602,Nitrogen dioxide (NO2),200,40380,"Rochester, NY",36,New York,55,Monroe,43.14501268,-77.55728026
10/13/2021,AQS,1,11.9,ppb,10,Rochester Near-Road,24,100,42602,Nitrogen dioxide (NO2),200,40380,"Rochester, NY",36,New York,55,Monroe,43.14501268,-77.55728026
10/14/2021,AQS,1,22.6,ppb,21,Rochester Near-Road,19,79,42602,Nitrogen dioxide (NO2),200,40380,"Rochester, NY",36,New York,55,Monroe,43.14501268,-77.55728026
10/15/2021,AQS,1,13.1,ppb,12,Rochester Near-Road,24,100,42602,Nitrogen dioxide (NO2),200,40380,"Rochester, NY",36,New York,55,Monroe,43.14501268,-77.55728026
10/16/2021,AQS,1,6.8,ppb,6,Rochester Near-Road,24,100,42602,Nitrogen dioxide (NO2),200,40380,"Rochester, NY",36,New York,55,Monroe,43.14501268,-77.55728026
10/17/2021,AQS,1,6.2,ppb,6,Rochester Near-Road,24,100,42602,Nitrogen dioxide (NO2),200,40380,"Rochester, NY",36,New York,55,Monroe,43.14501268,-77.55728026
10/18/2021,AQS,1,12.5,ppb,11,Rochester Near-Road,24,100,42602,Nitrogen dioxide (NO2),200,40380,"Rochester, NY",36,New York,55,Monroe,43.14501268,-77.55728026
10/19/2021,AQS,1,13.4,ppb,12,Rochester Near-Road,24,100,42602,Nitrogen dioxide (NO2),200,40380,"Rochester, NY",36,New York,55,Monroe,43.14501268,-77.55728026
10/20/2021,AQS,1,13.1,ppb,12,Rochester Near-Road,20,83,42602,Nitrogen dioxide (NO2),200,40380,"Rochester, NY",36,New York,55,Monroe,43.14501268,-77.55728026
10/21/2021,AQS,1,16.9,ppb,15,Rochester Near-Road,24,100,42602,Nitrogen dioxide (NO2),200,40380,"Rochester, NY",36,New York,55,Monroe,43.14501268,-77.55728026
10/22/2021,AQS,1,16,ppb,15,Rochester Near-Road,24,100,42602,Nitrogen dioxide (NO2),200,40380,"Rochester, NY",36,New York,55,Monroe,43.14501268,-77.55728026
10/23/2021,AQS,1,14.6,ppb,13,Rochester Near-Road,24,100,42602,Nitrogen dioxide (NO2),200,40380,"Rochester, NY",36,New York,55,Monroe,43.14501268,-77.55728026
10/24/2021,AQS,1,10.2,ppb,9,Rochester Near-Road,24,100,42602,Nitrogen dioxide (NO2),200,40380,"Rochester, NY",36,New York,55,Monroe,43.14501268,-77.55728026
10/25/2021,AQS,1,7.1,ppb,7,Rochester Near-Road,24,100,42602,Nitrogen dioxide (NO2),200,40380,"Rochester, NY",36,New York,55,Monroe,43.14501268,-77.55728026
10/26/2021,AQS,1,3.9,ppb,3,Rochester Near-Road,24,100,42602,Nitrogen dioxide (NO2),200,40380,"Rochester, NY",36,New York,55,Monroe,43.14501268,-77.55728026
10/27/2021,AQS,1,19.8,ppb,18,Rochester Near-Road,24,100,42602,Nitrogen dioxide (NO2),200,40380,"Rochester, NY",36,New York,55,Monroe,43.14501268,-77.55728026
10/28/2021,AQS,1,14.7,ppb,13,Rochester Near-Road,24,100,42602,Nitrogen dioxide (NO2),200,40380,"Rochester, NY",36,New York,55,Monroe,43.14501268,-77.55728026
10/29/2021,AQS,1,11.7,ppb,10,Rochester Near-Road,24,100,42602,Nitrogen dioxide (NO2),200,40380,"Rochester, NY",36,New York,55,Monroe,43.14501268,-77.55728026
10/30/2021,AQS,1,12.4,ppb,11,Rochester Near-Road,24,100,42602,Nitrogen dioxide (NO2),200,40380,"Rochester, NY",36,New York,55,Monroe,43.14501268,-77.55728026
11/01/2021,AQS,1,9.8,ppb,8,Rochester Near-Road,19,79,42602,Nitrogen dioxide (NO2),200,40380,"Rochester, NY",36,New York,55,Monroe,43.14501268,-77.55728026
11/02/2021,AQS,1,15.6,ppb,14,Rochester Near-Road,24,100,42602,Nitrogen dioxide (NO2),200,40380,"Rochester, NY",36,New York,55,Monroe,43.14501268,-77.55728026
11/03/2021,AQS,1,24.1,ppb,23,Rochester Near-Road,19,79,42602,Nitrogen dioxide (NO2),200,40380,"Rochester, NY",36,New York,55,Monroe,43.14501268,-77.55728026
11/04/2021,AQS,1,19.1,ppb,18,Rochester Near-Road,24,100,42602,Nitrogen dioxide (NO2),200,40380,"Rochester, NY",36,New York,55,Monroe,43.14501268,-77.55728026
11/05/2021,AQS,1,20.9,ppb,19,Rochester Near-Road,24,100,42602,Nitrogen dioxide (NO2),200,40380,"Rochester, NY",36,New York,55,Monroe,43.14501268,-77.55728026
11/06/2021,AQS,1,19.4,ppb,18,Rochester Near-Road,24,100,42602,Nitrogen dioxide (NO2),200,40380,"Rochester, NY",36,New York,55,Monroe,43.14501268,-77.55728026
11/07/2021,AQS,1,8.9,ppb,8,Rochester Near-Road,24,100,42602,Nitrogen dioxide (NO2),200,40380,"Rochester, NY",36,New York,55,Monroe,43.14501268,-77.55728026
11/09/2021,AQS,1,19.5,ppb,18,Rochester Near-Road,24,100,42602,Nitrogen dioxide (NO2),200,40380,"Rochester, NY",36,New York,55,Monroe,43.14501268,-77.55728026
11/10/2021,AQS,1,26.3,ppb,25,Rochester Near-Road,24,100,42602,Nitrogen dioxide (NO2),200,40380,"Rochester, NY",36,New York,55,Monroe,43.14501268,-77.55728026
11/11/2021,AQS,1,16.7,ppb,15,Rochester Near-Road,24,100,42602,Nitrogen dioxide (NO2),200,40380,"Rochester, NY",36,New York,55,Monroe,43.14501268,-77.55728026
11/12/2021,AQS,1,18.3,ppb,17,Rochester Near-Road,24,100,42602,Nitrogen dioxide (NO2),200,40380,"Rochester, NY",36,New York,55,Monroe,43.14501268,-77.55728026
11/13/2021,AQS,1,10.9,ppb,9,Rochester Near-Road,24,100,42602,Nitrogen dioxide (NO2),200,40380,"Rochester, NY",36,New York,55,Monroe,43.14501268,-77.55728026
11/14/2021,AQS,1,8.6,ppb,8,Rochester Near-Road,24,100,42602,Nitrogen dioxide (NO2),200,40380,"Rochester, NY",36,New York,55,Monroe,43.14501268,-77.55728026
11/15/2021,AQS,1,13.4,ppb,12,Rochester Near-Road,24,100,42602,Nitrogen dioxide (NO2),200,40380,"Rochester, NY",36,New York,55,Monroe,43.14501268,-77.55728026
11/16/2021,AQS,1,18,ppb,17,Rochester Near-Road,24,100,42602,Nitrogen dioxide (NO2),200,40380,"Rochester, NY",36,New York,55,Monroe,43.14501268,-77.55728026
11/17/2021,AQS,1,15.8,ppb,14,Rochester Near-Road,24,100,42602,Nitrogen dioxide (NO2),200,40380,"Rochester, NY",36,New York,55,Monroe,43.14501268,-77.55728026
11/18/2021,AQS,1,14.4,ppb,13,Rochester Near-Road,24,100,42602,Nitrogen dioxide (NO2),200,40380,"Rochester, NY",36,New York,55,Monroe,43.14501268,-77.55728026
11/19/2021,AQS,1,18.5,ppb,17,Rochester Near-Road,24,100,42602,Nitrogen dioxide (NO2),200,40380,"Rochester, NY",36,New York,55,Monroe,43.14501268,-77.55728026
11/20/2021,AQS,1,11.6,ppb,10,Rochester Near-Road,24,100,42602,Nitrogen dioxide (NO2),200,40380,"Rochester, NY",36,New York,55,Monroe,43.14501268,-77.55728026
11/21/2021,AQS,1,12,ppb,11,Rochester Near-Road,24,100,42602,Nitrogen dioxide (NO2),200,40380,"Rochester, NY",36,New York,55,Monroe,43.14501268,-77.55728026
11/22/2021,AQS,1,11,ppb,10,Rochester Near-Road,19,79,42602,Nitrogen dioxide (NO2),200,40380,"Rochester, NY",36,New York,55,Monroe,43.14501268,-77.55728026
11/23/2021,AQS,1,30.5,ppb,28,Rochester Near-Road,24,100,42602,Nitrogen dioxide (NO2),200,40380,"Rochester, NY",36,New York,55,Monroe,43.14501268,-77.55728026
11/24/2021,AQS,1,27.1,ppb,25,Rochester Near-Road,24,100,42602,Nitrogen dioxide (NO2),200,40380,"Rochester, NY",36,New York,55,Monroe,43.14501268,-77.55728026
11/25/2021,AQS,1,13.8,ppb,12,Rochester Near-Road,24,100,42602,Nitrogen dioxide (NO2),200,40380,"Rochester, NY",36,New York,55,Monroe,43.14501268,-77.55728026
11/26/2021,AQS,1,5.2,ppb,5,Rochester Near-Road,24,100,42602,Nitrogen dioxide (NO2),200,40380,"Rochester, NY",36,New York,55,Monroe,43.14501268,-77.55728026
11/27/2021,AQS,1,11.9,ppb,10,Rochester Near-Road,24,100,42602,Nitrogen dioxide (NO2),200,40380,"Rochester, NY",36,New York,55,Monroe,43.14501268,-77.55728026
11/28/2021,AQS,1,13.4,ppb,12,Rochester Near-Road,24,100,42602,Nitrogen dioxide (NO2),200,40380,"Rochester, NY",36,New York,55,Monroe,43.14501268,-77.55728026
11/29/2021,AQS,1,18.7,ppb,17,Rochester Near-Road,24,100,42602,Nitrogen dioxide (NO2),200,40380,"Rochester, NY",36,New York,55,Monroe,43.14501268,-77.55728026
11/30/2021,AQS,1,17.2,ppb,16,Rochester Near-Road,24,100,42602,Nitrogen dioxide (NO2),200,40380,"Rochester, NY",36,New York,55,Monroe,43.14501268,-77.55728026
12/01/2021,AQS,1,17.6,ppb,16,Rochester Near-Road,18,75,42602,Nitrogen dioxide (NO2),200,40380,"Rochester, NY",36,New York,55,Monroe,43.14501268,-77.55728026
12/02/2021,AQS,1,8,ppb,8,Rochester Near-Road,24,100,42602,Nitrogen dioxide (NO2),200,40380,"Rochester, NY",36,New York,55,Monroe,43.14501268,-77.55728026
12/03/2021,AQS,1,16.8,ppb,15,Rochester Near-Road,24,100,42602,Nitrogen dioxide (NO2),200,40380,"Rochester, NY",36,New York,55,Monroe,43.14501268,-77.55728026
12/04/2021,AQS,1,13,ppb,12,Rochester Near-Road,24,100,42602,Nitrogen dioxide (NO2),200,40380,"Rochester, NY",36,New York,55,Monroe,43.14501268,-77.55728026
12/05/2021,AQS,1,11.7,ppb,10,Rochester Near-Road,24,100,42602,Nitrogen dioxide (NO2),200,40380,"Rochester, NY",36,New York,55,Monroe,43.14501268,-77.55728026
12/06/2021,AQS,1,7.2,ppb,7,Rochester Near-Road,18,75,42602,Nitrogen dioxide (NO2),200,40380,"Rochester, NY",36,New York,55,Monroe,43.14501268,-77.55728026
12/07/2021,AQS,1,13.2,ppb,12,Rochester Near-Road,24,100,42602,Nitrogen dioxide (NO2),200,40380,"Rochester, NY",36,New York,55,Monroe,43.14501268,-77.55728026
12/08/2021,AQS,1,16.5,ppb,15,Rochester Near-Road,24,100,42602,Nitrogen dioxide (NO2),200,40380,"Rochester, NY",36,New York,55,Monroe,43.14501268,-77.55728026
12/09/2021,AQS,1,14.7,ppb,13,Rochester Near-Road,24,100,42602,Nitrogen dioxide (NO2),200,40380,"Rochester, NY",36,New York,55,Monroe,43.14501268,-77.55728026
12/10/2021,AQS,1,27.5,ppb,25,Rochester Near-Road,24,100,42602,Nitrogen dioxide (NO2),200,40380,"Rochester, NY",36,New York,55,Monroe,43.14501268,-77.55728026
12/11/2021,AQS,1,13.4,ppb,12,Rochester Near-Road,24,100,42602,Nitrogen dioxide (NO2),200,40380,"Rochester, NY",36,New York,55,Monroe,43.14501268,-77.55728026
12/12/2021,AQS,1,5.7,ppb,5,Rochester Near-Road,24,100,42602,Nitrogen dioxide (NO2),200,40380,"Rochester, NY",36,New York,55,Monroe,43.14501268,-77.55728026
12/13/2021,AQS,1,12.1,ppb,11,Rochester Near-Road,24,100,42602,Nitrogen dioxide (NO2),200,40380,"Rochester, NY",36,New York,55,Monroe,43.14501268,-77.55728026
12/14/2021,AQS,1,30.2,ppb,28,Rochester Near-Road,24,100,42602,Nitrogen dioxide (NO2),200,40380,"Rochester, NY",36,New York,55,Monroe,43.14501268,-77.55728026
12/15/2021,AQS,1,14.7,ppb,13,Rochester Near-Road,24,100,42602,Nitrogen dioxide (NO2),200,40380,"Rochester, NY",36,New York,55,Monroe,43.14501268,-77.55728026
12/16/2021,AQS,1,10.2,ppb,9,Rochester Near-Road,19,79,42602,Nitrogen dioxide (NO2),200,40380,"Rochester, NY",36,New York,55,Monroe,43.14501268,-77.55728026
12/17/2021,AQS,1,12.4,ppb,11,Rochester Near-Road,24,100,42602,Nitrogen dioxide (NO2),200,40380,"Rochester, NY",36,New York,55,Monroe,43.14501268,-77.55728026
12/18/2021,AQS,1,8.5,ppb,8,Rochester Near-Road,24,100,42602,Nitrogen dioxide (NO2),200,40380,"Rochester, NY",36,New York,55,Monroe,43.14501268,-77.55728026
12/19/2021,AQS,1,16.1,ppb,15,Rochester Near-Road,24,100,42602,Nitrogen dioxide (NO2),200,40380,"Rochester, NY",36,New York,55,Monroe,43.14501268,-77.55728026
12/20/2021,AQS,1,20.8,ppb,19,Rochester Near-Road,20,83,42602,Nitrogen dioxide (NO2),200,40380,"Rochester, NY",36,New York,55,Monroe,43.14501268,-77.55728026
12/21/2021,AQS,1,18.9,ppb,17,Rochester Near-Road,24,100,42602,Nitrogen dioxide (NO2),200,40380,"Rochester, NY",36,New York,55,Monroe,43.14501268,-77.55728026
12/22/2021,AQS,1,17.1,ppb,16,Rochester Near-Road,24,100,42602,Nitrogen dioxide (NO2),200,40380,"Rochester, NY",36,New York,55,Monroe,43.14501268,-77.55728026
12/23/2021,AQS,1,16.3,ppb,15,Rochester Near-Road,24,100,42602,Nitrogen dioxide (NO2),200,40380,"Rochester, NY",36,New York,55,Monroe,43.14501268,-77.55728026
12/24/2021,AQS,1,14,ppb,13,Rochester Near-Road,24,100,42602,Nitrogen dioxide (NO2),200,40380,"Rochester, NY",36,New York,55,Monroe,43.14501268,-77.55728026
12/25/2021,AQS,1,11,ppb,10,Rochester Near-Road,24,100,42602,Nitrogen dioxide (NO2),200,40380,"Rochester, NY",36,New York,55,Monroe,43.14501268,-77.55728026
12/26/2021,AQS,1,7.8,ppb,7,Rochester Near-Road,24,100,42602,Nitrogen dioxide (NO2),200,40380,"Rochester, NY",36,New York,55,Monroe,43.14501268,-77.55728026
12/27/2021,AQS,1,12.3,ppb,11,Rochester Near-Road,20,83,42602,Nitrogen dioxide (NO2),200,40380,"Rochester, NY",36,New York,55,Monroe,43.14501268,-77.55728026
12/28/2021,AQS,1,19.1,ppb,18,Rochester Near-Road,24,100,42602,Nitrogen dioxide (NO2),200,40380,"Rochester, NY",36,New York,55,Monroe,43.14501268,-77.55728026
12/29/2021,AQS,1,13.2,ppb,12,Rochester Near-Road,24,100,42602,Nitrogen dioxide (NO2),200,40380,"Rochester, NY",36,New York,55,Monroe,43.14501268,-77.55728026
12/30/2021,AQS,1,21,ppb,20,Rochester Near-Road,24,100,42602,Nitrogen dioxide (NO2),200,40380,"Rochester, NY",36,New York,55,Monroe,43.14501268,-77.55728026
01/01/2022,AQS,1,14,ppb,13,Rochester Near-Road,24,100,42602,Nitrogen dioxide (NO2),200,40380,"Rochester, NY",36,New York,55,Monroe,43.14501268,-77.55728026
01/02/2022,AQS,1,10.1,ppb,9,Rochester Near-Road,24,100,42602,Nitrogen dioxide (NO2),200,40380,"Rochester, NY",36,New York,55,Monroe,43.14501268,-77.55728026
01/03/2022,AQS,1,26.6,ppb,25,Rochester Near-Road,19,79,42602,Nitrogen dioxide (NO2),200,40380,"Rochester, NY",36,New York,55,Monroe,43.14501268,-77.55728026
01/04/2022,AQS,1,31.7,ppb,29,Rochester Near-Road,24,100,42602,Nitrogen dioxide (NO2),200,40380,"Rochester, NY",36,New York,55,Monroe,43.14501268,-77.55728026
01/05/2022,AQS,1,17.1,ppb,16,Rochester Near-Road,24,100,42602,Nitrogen dioxide (NO2),200,40380,"Rochester, NY",36,New York,55,Monroe,43.14501268,-77.55728026
01/06/2022,AQS,1,11.8,ppb,10,Rochester Near-Road,24,100,42602,Nitrogen dioxide (NO2),200,40380,"Rochester, NY",36,New York,55,Monroe,43.14501268,-77.55728026
01/07/2022,AQS,1,13.1,ppb,12,Rochester Near-Road,24,100,42602,Nitrogen dioxide (NO2),200,40380,"Rochester, NY",36,New York,55,Monroe,43.14501268,-77.55728026
01/08/2022,AQS,1,29.1,ppb,27,Rochester Near-Road,24,100,42602,Nitrogen dioxide (NO2),200,40380,"Rochester, NY",36,New York,55,Monroe,43.14501268,-77.55728026
01/09/2022,AQS,1,5.4,ppb,5,Rochester Near-Road,24,100,42602,Nitrogen dioxide (NO2),200,40380,"Rochester, NY",36,New York,55,Monroe,43.14501268,-77.55728026
01/10/2022,AQS,1,7.7,ppb,7,Rochester Near-Road,19,79,42602,Nitrogen dioxide (NO2),200,40380,"Rochester, NY",36,New York,55,Monroe,43.14501268,-77.55728026
01/11/2022,AQS,1,11.9,ppb,10,Rochester Near-Road,24,100,42602,Nitrogen dioxide (NO2),200,40380,"Rochester, NY",36,New York,55,Monroe,43.14501268,-77.55728026
01/12/2022,AQS,1,14.5,ppb,13,Rochester Near-Road,24,100,42602,Nitrogen dioxide (NO2),200,40380,"Rochester, NY",36,New York,55,Monroe,43.14501268,-77.55728026
01/13/2022,AQS,1,24.5,ppb,23,Rochester Near-Road,24,100,42602,Nitrogen dioxide (NO2),200,40380,"Rochester, NY",36,New York,55,Monroe,43.14501268,-77.55728026
01/14/2022,AQS,1,9.1,ppb,8,Rochester Near-Road,24,100,42602,Nitrogen dioxide (NO2),200,40380,"Rochester, NY",36,New York,55,Monroe,43.14501268,-77.55728026
01/15/2022,AQS,1,23.6,ppb,22,Rochester Near-Road,24,100,42602,Nitrogen dioxide (NO2),200,40380,"Rochester, NY",36,New York,55,Monroe,43.14501268,-77.55728026
01/16/2022,AQS,1,24.7,ppb,23,Rochester Near-Road,24,100,42602,Nitrogen dioxide (NO2),200,40380,"Rochester, NY",36,New York,55,Monroe,43.14501268,-77.55728026
01/17/2022,AQS,1,8.8,ppb,8,Rochester Near-Road,24,100,42602,Nitrogen dioxide (NO2),200,40380,"Rochester, NY",36,New York,55,Monroe,43.14501268,-77.55728026
01/18/2022,AQS,1,21.1,ppb,20,Rochester Near-Road,24,100,42602,Nitrogen dioxide (NO2),200,40380,"Rochester, NY",36,New York,55,Monroe,43.14501268,-77.55728026
01/19/2022,AQS,1,11.7,ppb,10,Rochester Near-Road,20,83,42602,Nitrogen dioxide (NO2),200,40380,"Rochester, NY",36,New York,55,Monroe,43.14501268,-77.55728026
01/20/2022,AQS,1,15.6,ppb,14,Rochester Near-Road,24,100,42602,Nitrogen dioxide (NO2),200,40380,"Rochester, NY",36,New York,55,Monroe,43.14501268,-77.55728026
01/21/2022,AQS,1,21.9,ppb,20,Rochester Near-Road,24,100,42602,Nitrogen dioxide (NO2),200,40380,"Rochester, NY",36,New York,55,Monroe,43.14501268,-77.55728026
01/22/2022,AQS,1,25.9,ppb,24,Rochester Near-Road,24,100,42602,Nitrogen dioxide (NO2),200,40380,"Rochester, NY",36,New York,55,Monroe,43.14501268,-77.55728026
01/23/2022,AQS,1,14.7,ppb,13,Rochester Near-Road,24,100,42602,Nitrogen dioxide (NO2),200,40380,"Rochester, NY",36,New York,55,Monroe,43.14501268,-77.55728026
01/24/2022,AQS,1,34.3,ppb,32,Rochester Near-Road,19,79,42602,Nitrogen dioxide (NO2),200,40380,"Rochester, NY",36,New York,55,Monroe,43.14501268,-77.55728026
01/25/2022,AQS,1,18.5,ppb,17,Rochester Near-Road,24,100,42602,Nitrogen dioxide (NO2),200,40380,"Rochester, NY",36,New York,55,Monroe,43.14501268,-77.55728026
01/26/2022,AQS,1,35.1,ppb,33,Rochester Near-Road,24,100,42602,Nitrogen dioxide (NO2),200,40380,"Rochester, NY",36,New York,55,Monroe,43.14501268,-77.55728026
01/27/2022,AQS,1,24.6,ppb,23,Rochester Near-Road,24,100,42602,Nitrogen dioxide (NO2),200,40380,"Rochester, NY",36,New York,55,Monroe,43.14501268,-77.55728026
01/28/2022,AQS,1,9.8,ppb,8,Rochester Near-Road,24,100,42602,Nitrogen dioxide (NO2),200,40380,"Rochester, NY",36,New York,55,Monroe,43.14501268,-77.55728026
01/29/2022,AQS,1,13.9,ppb,12,Rochester Near-Road,24,100,42602,Nitrogen dioxide (NO2),200,40380,"Rochester, NY",36,New York,55,Monroe,43.14501268,-77.55728026
01/30/2022,AQS,1,23.1,ppb,22,Rochester Near-Road,24,100,42602,Nitrogen dioxide (NO2),200,40380,"Rochester, NY",36,New York,55,Monroe,43.14501268,-77.55728026
01/31/2022,AQS,1,31.6,ppb,29,Rochester Near-Road,24,100,42602,Nitrogen dioxide (NO2),200,40380,"Rochester, NY",36,New York,55,Monroe,43.14501268,-77.55728026
02/01/2022,AQS,1,36,ppb,34,Rochester Near-Road,24,100,42602,Nitrogen dioxide (NO2),200,40380,"Rochester, NY",36,New York,55,Monroe,43.14501268,-77.55728026
02/02/2022,AQS,1,21.2,ppb,20,Rochester Near-Road,24,100,42602,Nitrogen dioxide (NO2),200,40380,"Rochester, NY",36,New York,55,Monroe,43.14501268,-77.55728026
02/05/2022,AQS,1,26.6,ppb,25,Rochester Near-Road,24,100,42602,Nitrogen dioxide (NO2),200,40380,"Rochester, NY",36,New York,55,Monroe,43.14501268,-77.55728026
02/06/2022,AQS,1,24,ppb,23,Rochester Near-Road,24,100,42602,Nitrogen dioxide (NO2),200,40380,"Rochester, NY",36,New York,55,Monroe,43.14501268,-77.55728026
02/07/2022,AQS,1,31.7,ppb,29,Rochester Near-Road,19,79,42602,Nitrogen dioxide (NO2),200,40380,"Rochester, NY",36,New York,55,Monroe,43.14501268,-77.55728026
02/08/2022,AQS,1,21.2,ppb,20,Rochester Near-Road,24,100,42602,Nitrogen dioxide (NO2),200,40380,"Rochester, NY",36,New York,55,Monroe,43.14501268,-77.55728026
02/09/2022,AQS,1,31.9,ppb,29,Rochester Near-Road,24,100,42602,Nitrogen dioxide (NO2),200,40380,"Rochester, NY",36,New York,55,Monroe,43.14501268,-77.55728026
02/10/2022,AQS,1,12.7,ppb,11,Rochester Near-Road,24,100,42602,Nitrogen dioxide (NO2),200,40380,"Rochester, NY",36,New York,55,Monroe,43.14501268,-77.55728026
02/11/2022,AQS,1,15.2,ppb,14,Rochester Near-Road,24,100,42602,Nitrogen dioxide (NO2),200,40380,"Rochester, NY",36,New York,55,Monroe,43.14501268,-77.55728026
02/12/2022,AQS,1,5.6,ppb,5,Rochester Near-Road,24,100,42602,Nitrogen dioxide (NO2),200,40380,"Rochester, NY",36,New York,55,Monroe,43.14501268,-77.55728026
02/13/2022,AQS,1,20.7,ppb,19,Rochester Near-Road,24,100,42602,Nitrogen dioxide (NO2),200,40380,"Rochester, NY",36,New York,55,Monroe,43.14501268,-77.55728026
02/14/2022,AQS,1,21.3,ppb,20,Rochester Near-Road,19,79,42602,Nitrogen dioxide (NO2),200,40380,"Rochester, NY",36,New York,55,Monroe,43.14501268,-77.55728026
02/15/2022,AQS,1,20.3,ppb,19,Rochester Near-Road,24,100,42602,Nitrogen dioxide (NO2),200,40380,"Rochester, NY",36,New York,55,Monroe,43.14501268,-77.55728026
02/16/2022,AQS,1,18,ppb,17,Rochester Near-Road,24,100,42602,Nitrogen dioxide (NO2),200,40380,"Rochester, NY",36,New York,55,Monroe,43.14501268,-77.55728026
02/17/2022,AQS,1,14.5,ppb,13,Rochester Near-Road,24,100,42602,Nitrogen dioxide (NO2),200,40380,"Rochester, NY",36,New York,55,Monroe,43.14501268,-77.55728026
02/18/2022,AQS,1,13,ppb,12,Rochester Near-Road,24,100,42602,Nitrogen dioxide (NO2),200,40380,"Rochester, NY",36,New York,55,Monroe,43.14501268,-77.55728026
02/19/2022,AQS,1,6.8,ppb,6,Rochester Near-Road,24,100,42602,Nitrogen dioxide (NO2),200,40380,"Rochester, NY",36,New York,55,Monroe,43.14501268,-77.55728026
02/20/2022,AQS,1,15.3,ppb,14,Rochester Near-Road,24,100,42602,Nitrogen dioxide (NO2),200,40380,"Rochester, NY",36,New York,55,Monroe,43.14501268,-77.55728026
02/21/2022,AQS,1,18.5,ppb,17,Rochester Near-Road,24,100,42602,Nitrogen dioxide (NO2),200,40380,"Rochester, NY",36,New York,55,Monroe,43.14501268,-77.55728026
02/22/2022,AQS,1,30,ppb,28,Rochester Near-Road,24,100,42602,Nitrogen dioxide (NO2),200,40380,"Rochester, NY",36,New York,55,Monroe,43.14501268,-77.55728026
02/23/2022,AQS,1,4.9,ppb,4,Rochester Near-Road,19,79,42602,Nitrogen dioxide (NO2),200,40380,"Rochester, NY",36,New York,55,Monroe,43.14501268,-77.55728026
02/24/2022,AQS,1,6.5,ppb,6,Rochester Near-Road,24,100,42602,Nitrogen dioxide (NO2),200,40380,"Rochester, NY",36,New York,55,Monroe,43.14501268,-77.55728026
02/25/2022,AQS,1,14.7,ppb,13,Rochester Near-Road,24,100,42602,Nitrogen dioxide (NO2),200,40380,"Rochester, NY",36,New York,55,Monroe,43.14501268,-77.55728026
02/26/2022,AQS,1,11.9,ppb,10,Rochester Near-Road,24,100,42602,Nitrogen dioxide (NO2),200,40380,"Rochester, NY",36,New York,55,Monroe,43.14501268,-77.55728026
02/27/2022,AQS,1,5.9,ppb,5,Rochester Near-Road,24,100,42602,Nitrogen dioxide (NO2),200,40380,"Rochester, NY",36,New York,55,Monroe,43.14501268,-77.55728026
02/28/2022,AQS,1,20.6,ppb,19,Rochester Near-Road,24,100,42602,Nitrogen dioxide (NO2),200,40380,"Rochester, NY",36,New York,55,Monroe,43.14501268,-77.55728026
03/01/2022,AQS,1,20.8,ppb,19,Rochester Near-Road,24,100,42602,Nitrogen dioxide (NO2),200,40380,"Rochester, NY",36,New York,55,Monroe,43.14501268,-77.55728026
03/02/2022,AQS,1,12.7,ppb,11,Rochester Near-Road,19,79,42602,Nitrogen dioxide (NO2),200,40380,"Rochester, NY",36,New York,55,Monroe,43.14501268,-77.55728026
03/03/2022,AQS,1,18.4,ppb,17,Rochester Near-Road,24,100,42602,Nitrogen dioxide (NO2),200,40380,"Rochester, NY",36,New York,55,Monroe,43.14501268,-77.55728026
03/04/2022,AQS,1,12.6,ppb,11,Rochester Near-Road,24,100,42602,Nitrogen dioxide (NO2),200,40380,"Rochester, NY",36,New York,55,Monroe,43.14501268,-77.55728026
03/05/2022,AQS,1,18.9,ppb,17,Rochester Near-Road,24,100,42602,Nitrogen dioxide (NO2),200,40380,"Rochester, NY",36,New York,55,Monroe,43.14501268,-77.55728026
03/06/2022,AQS,1,4.1,ppb,4,Rochester Near-Road,24,100,42602,Nitrogen dioxide (NO2),200,40380,"Rochester, NY",36,New York,55,Monroe,43.14501268,-77.55728026
03/07/2022,AQS,1,12.4,ppb,11,Rochester Near-Road,24,100,42602,Nitrogen dioxide (NO2),200,40380,"Rochester, NY",36,New York,55,Monroe,43.14501268,-77.55728026
03/08/2022,AQS,1,27,ppb,25,Rochester Near-Road,24,100,42602,Nitrogen dioxide (NO2),200,40380,"Rochester, NY",36,New York,55,Monroe,43.14501268,-77.55728026
03/09/2022,AQS,1,24.4,ppb,23,Rochester Near-Road,19,79,42602,Nitrogen dioxide (NO2),200,40380,"Rochester, NY",36,New York,55,Monroe,43.14501268,-77.55728026
03/10/2022,AQS,1,25.6,ppb,24,Rochester Near-Road,24,100,42602,Nitrogen dioxide (NO2),200,40380,"Rochester, NY",36,New York,55,Monroe,43.14501268,-77.55728026
03/11/2022,AQS,1,30.4,ppb,28,Rochester Near-Road,24,100,42602,Nitrogen dioxide (NO2),200,40380,"Rochester, NY",36,New York,55,Monroe,43.14501268,-77.55728026
03/12/2022,AQS,1,6.7,ppb,6,Rochester Near-Road,24,100,42602,Nitrogen dioxide (NO2),200,40380,"Rochester, NY",36,New York,55,Monroe,43.14501268,-77.55728026
03/13/2022,AQS,1,6.1,ppb,6,Rochester Near-Road,24,100,42602,Nitrogen dioxide (NO2),200,40380,"Rochester, NY",36,New York,55,Monroe,43.14501268,-77.55728026
03/14/2022,AQS,1,28.9,ppb,26,Rochester Near-Road,18,75,42602,Nitrogen dioxide (NO2),200,40380,"Rochester, NY",36,New York,55,Monroe,43.14501268,-77.55728026
03/15/2022,AQS,1,22.9,ppb,21,Rochester Near-Road,24,100,42602,Nitrogen dioxide (NO2),200,40380,"Rochester, NY",36,New York,55,Monroe,43.14501268,-77.55728026
03/16/2022,AQS,1,19.1,ppb,18,Rochester Near-Road,24,100,42602,Nitrogen dioxide (NO2),200,40380,"Rochester, NY",36,New York,55,Monroe,43.14501268,-77.55728026
03/17/2022,AQS,1,19.7,ppb,18,Rochester Near-Road,24,100,42602,Nitrogen dioxide (NO2),200,40380,"Rochester, NY",36,New York,55,Monroe,43.14501268,-77.55728026
03/18/2022,AQS,1,16.6,ppb,15,Rochester Near-Road,24,100,42602,Nitrogen dioxide (NO2),200,40380,"Rochester, NY",36,New York,55,Monroe,43.14501268,-77.55728026
03/19/2022,AQS,1,14.6,ppb,13,Rochester Near-Road,24,100,42602,Nitrogen dioxide (NO2),200,40380,"Rochester, NY",36,New York,55,Monroe,43.14501268,-77.55728026
03/20/2022,AQS,1,7.4,ppb,7,Rochester Near-Road,24,100,42602,Nitrogen dioxide (NO2),200,40380,"Rochester, NY",36,New York,55,Monroe,43.14501268,-77.55728026
03/21/2022,AQS,1,16.5,ppb,15,Rochester Near-Road,24,100,42602,Nitrogen dioxide (NO2),200,40380,"Rochester, NY",36,New York,55,Monroe,43.14501268,-77.55728026
03/22/2022,AQS,1,31.6,ppb,29,Rochester Near-Road,24,100,42602,Nitrogen dioxide (NO2),200,40380,"Rochester, NY",36,New York,55,Monroe,43.14501268,-77.55728026
03/23/2022,AQS,1,16.6,ppb,15,Rochester Near-Road,19,79,42602,Nitrogen dioxide (NO2),200,40380,"Rochester, NY",36,New York,55,Monroe,43.14501268,-77.55728026
03/24/2022,AQS,1,13.6,ppb,12,Rochester Near-Road,24,100,42602,Nitrogen dioxide (NO2),200,40380,"Rochester, NY",36,New York,55,Monroe,43.14501268,-77.55728026
03/25/2022,AQS,1,8.6,ppb,8,Rochester Near-Road,24,100,42602,Nitrogen dioxide (NO2),200,40380,"Rochester, NY",36,New York,55,Monroe,43.14501268,-77.55728026
03/26/2022,AQS,1,9.7,ppb,8,Rochester Near-Road,24,100,42602,Nitrogen dioxide (NO2),200,40380,"Rochester, NY",36,New York,55,Monroe,43.14501268,-77.55728026
03/27/2022,AQS,1,3.7,ppb,3,Rochester Near-Road,24,100,42602,Nitrogen dioxide (NO2),200,40380,"Rochester, NY",36,New York,55,Monroe,43.14501268,-77.55728026
03/28/2022,AQS,1,6.5,ppb,6,Rochester Near-Road,19,79,42602,Nitrogen dioxide (NO2),200,40380,"Rochester, NY",36,New York,55,Monroe,43.14501268,-77.55728026
03/29/2022,AQS,1,20.6,ppb,19,Rochester Near-Road,24,100,42602,Nitrogen dioxide (NO2),200,40380,"Rochester, NY",36,New York,55,Monroe,43.14501268,-77.55728026
03/30/2022,AQS,1,30.5,ppb,28,Rochester Near-Road,24,100,42602,Nitrogen dioxide (NO2),200,40380,"Rochester, NY",36,New York,55,Monroe,43.14501268,-77.55728026
03/31/2022,AQS,1,11.3,ppb,10,Rochester Near-Road,24,100,42602,Nitrogen dioxide (NO2),200,40380,"Rochester, NY",36,New York,55,Monroe,43.14501268,-77.55728026
04/01/2022,AQS,1,7.6,ppb,7,Rochester Near-Road,24,100,42602,Nitrogen dioxide (NO2),200,40380,"Rochester, NY",36,New York,55,Monroe,43.14501268,-77.55728026
04/02/2022,AQS,1,10.3,ppb,9,Rochester Near-Road,24,100,42602,Nitrogen dioxide (NO2),200,40380,"Rochester, NY",36,New York,55,Monroe,43.14501268,-77.55728026
04/03/2022,AQS,1,6.3,ppb,6,Rochester Near-Road,24,100,42602,Nitrogen dioxide (NO2),200,40380,"Rochester, NY",36,New York,55,Monroe,43.14501268,-77.55728026
04/04/2022,AQS,1,24.2,ppb,23,Rochester Near-Road,20,83,42602,Nitrogen dioxide (NO2),200,40380,"Rochester, NY",36,New York,55,Monroe,43.14501268,-77.55728026
04/05/2022,AQS,1,19.7,ppb,18,Rochester Near-Road,24,100,42602,Nitrogen dioxide (NO2),200,40380,"Rochester, NY",36,New York,55,Monroe,43.14501268,-77.55728026
04/06/2022,AQS,1,13.6,ppb,12,Rochester Near-Road,24,100,42602,Nitrogen dioxide (NO2),200,40380,"Rochester, NY",36,New York,55,Monroe,43.14501268,-77.55728026
04/07/2022,AQS,1,14,ppb,13,Rochester Near-Road,24,100,42602,Nitrogen dioxide (NO2),200,40380,"Rochester, NY",36,New York,55,Monroe,43.14501268,-77.55728026
04/08/2022,AQS,1,13,ppb,12,Rochester Near-Road,24,100,42602,Nitrogen dioxide (NO2),200,40380,"Rochester, NY",36,New York,55,Monroe,43.14501268,-77.55728026
04/09/2022,AQS,1,14.3,ppb,13,Rochester Near-Road,24,100,42602,Nitrogen dioxide (NO2),200,40380,"Rochester, NY",36,New York,55,Monroe,43.14501268,-77.55728026
04/10/2022,AQS,1,9.1,ppb,8,Rochester Near-Road,24,100,42602,Nitrogen dioxide (NO2),200,40380,"Rochester, NY",36,New York,55,Monroe,43.14501268,-77.55728026
04/11/2022,AQS,1,24.2,ppb,23,Rochester Near-Road,24,100,42602,Nitrogen dioxide (NO2),200,40380,"Rochester, NY",36,New York,55,Monroe,43.14501268,-77.55728026
04/12/2022,AQS,1,18.1,ppb,17,Rochester Near-Road,24,100,42602,Nitrogen dioxide (NO2),200,40380,"Rochester, NY",36,New York,55,Monroe,43.14501268,-77.55728026
04/13/2022,AQS,1,16.9,ppb,15,Rochester Near-Road,24,100,42602,Nitrogen dioxide (NO2),200,40380,"Rochester, NY",36,New York,55,Monroe,43.14501268,-77.55728026
04/14/2022,AQS,1,13.5,ppb,12,Rochester Near-Road,20,83,42602,Nitrogen dioxide (NO2),200,40380,"Rochester, NY",36,New York,55,Monroe,43.14501268,-77.55728026
04/15/2022,AQS,1,11,ppb,10,Rochester Near-Road,24,100,42602,Nitrogen dioxide (NO2),200,40380,"Rochester, NY",36,New York,55,Monroe,43.14501268,-77.55728026
04/16/2022,AQS,1,8,ppb,8,Rochester Near-Road,24,100,42602,Nitrogen dioxide (NO2),200,40380,"Rochester, NY",36,New York,55,Monroe,43.14501268,-77.55728026
04/17/2022,AQS,1,12.4,ppb,11,Rochester Near-Road,24,100,42602,Nitrogen dioxide (NO2),200,40380,"Rochester, NY",36,New York,55,Monroe,43.14501268,-77.55728026
04/18/2022,AQS,1,21.4,ppb,20,Rochester Near-Road,24,100,42602,Nitrogen dioxide (NO2),200,40380,"Rochester, NY",36,New York,55,Monroe,43.14501268,-77.55728026
04/19/2022,AQS,1,10.2,ppb,9,Rochester Near-Road,24,100,42602,Nitrogen dioxide (NO2),200,40380,"Rochester, NY",36,New York,55,Monroe,43.14501268,-77.55728026
04/20/2022,AQS,1,14,ppb,13,Rochester Near-Road,24,100,42602,Nitrogen dioxide (NO2),200,40380,"Rochester, NY",36,New York,55,Monroe,43.14501268,-77.55728026
04/21/2022,AQS,1,9.2,ppb,8,Rochester Near-Road,24,100,42602,Nitrogen dioxide (NO2),200,40380,"Rochester, NY",36,New York,55,Monroe,43.14501268,-77.55728026
04/22/2022,AQS,1,17.1,ppb,16,Rochester Near-Road,19,79,42602,Nitrogen dioxide (NO2),200,40380,"Rochester, NY",36,New York,55,Monroe,43.14501268,-77.55728026
04/23/2022,AQS,1,22.3,ppb,21,Rochester Near-Road,24,100,42602,Nitrogen dioxide (NO2),200,40380,"Rochester, NY",36,New York,55,Monroe,43.14501268,-77.55728026
04/24/2022,AQS,1,18.8,ppb,17,Rochester Near-Road,24,100,42602,Nitrogen dioxide (NO2),200,40380,"Rochester, NY",36,New York,55,Monroe,43.14501268,-77.55728026
04/25/2022,AQS,1,11.4,ppb,10,Rochester Near-Road,24,100,42602,Nitrogen dioxide (NO2),200,40380,"Rochester, NY",36,New York,55,Monroe,43.14501268,-77.55728026
04/26/2022,AQS,1,8.6,ppb,8,Rochester Near-Road,23,96,42602,Nitrogen dioxide (NO2),200,40380,"Rochester, NY",36,New York,55,Monroe,43.14501268,-77.55728026
04/27/2022,AQS,1,4.1,ppb,4,Rochester Near-Road,24,100,42602,Nitrogen dioxide (NO2),200,40380,"Rochester, NY",36,New York,55,Monroe,43.14501268,-77.55728026
04/28/2022,AQS,1,7.7,ppb,7,Rochester Near-Road,19,79,42602,Nitrogen dioxide (NO2),200,40380,"Rochester, NY",36,New York,55,Monroe,43.14501268,-77.55728026
04/29/2022,AQS,1,27.9,ppb,25,Rochester Near-Road,24,100,42602,Nitrogen dioxide (NO2),200,40380,"Rochester, NY",36,New York,55,Monroe,43.14501268,-77.55728026
04/30/2022,AQS,1,25,ppb,24,Rochester Near-Road,24,100,42602,Nitrogen dioxide (NO2),200,40380,"Rochester, NY",36,New York,55,Monroe,43.14501268,-77.55728026
05/01/2022,AQS,1,18.7,ppb,17,Rochester Near-Road,24,100,42602,Nitrogen dioxide (NO2),200,40380,"Rochester, NY",36,New York,55,Monroe,43.14501268,-77.55728026
05/02/2022,AQS,1,15.4,ppb,14,Rochester Near-Road,18,75,42602,Nitrogen dioxide (NO2),200,40380,"Rochester, NY",36,New York,55,Monroe,43.14501268,-77.55728026
05/03/2022,AQS,1,14.8,ppb,13,Rochester Near-Road,24,100,42602,Nitrogen dioxide (NO2),200,40380,"Rochester, NY",36,New York,55,Monroe,43.14501268,-77.55728026
05/04/2022,AQS,1,13.1,ppb,12,Rochester Near-Road,24,100,42602,Nitrogen dioxide (NO2),200,40380,"Rochester, NY",36,New York,55,Monroe,43.14501268,-77.55728026
05/05/2022,AQS,1,23.6,ppb,22,Rochester Near-Road,24,100,42602,Nitrogen dioxide (NO2),200,40380,"Rochester, NY",36,New York,55,Monroe,43.14501268,-77.55728026
05/06/2022,AQS,1,16.9,ppb,15,Rochester Near-Road,24,100,42602,Nitrogen dioxide (NO2),200,40380,"Rochester, NY",36,New York,55,Monroe,43.14501268,-77.55728026
05/07/2022,AQS,1,5.6,ppb,5,Rochester Near-Road,24,100,42602,Nitrogen dioxide (NO2),200,40380,"Rochester, NY",36,New York,55,Monroe,43.14501268,-77.55728026
05/08/2022,AQS,1,19.4,ppb,18,Rochester Near-Road,24,100,42602,Nitrogen dioxide (NO2),200,40380,"Rochester, NY",36,New York,55,Monroe,43.14501268,-77.55728026
05/09/2022,AQS,1,20.3,ppb,19,Rochester Near-Road,19,79,42602,Nitrogen dioxide (NO2),200,40380,"Rochester, NY",36,New York,55,Monroe,43.14501268,-77.55728026
05/10/2022,AQS,1,17.1,ppb,16,Rochester Near-Road,24,100,42602,Nitrogen dioxide (NO2),200,40380,"Rochester, NY",36,New York,55,Monroe,43.14501268,-77.55728026
05/11/2022,AQS,1,18.5,ppb,17,Rochester Near-Road,24,100,42602,Nitrogen dioxide (NO2),200,40380,"Rochester, NY",36,New York,55,Monroe,43.14501268,-77.55728026
05/12/2022,AQS,1,19.5,ppb,18,Rochester Near-Road,24,100,42602,Nitrogen dioxide (NO2),200,40380,"Rochester, NY",36,New York,55,Monroe,43.14501268,-77.55728026
05/13/2022,AQS,1,13.1,ppb,12,Rochester Near-Road,24,100,42602,Nitrogen dioxide (NO2),200,40380,"Rochester, NY",36,New York,55,Monroe,43.14501268,-77.55728026
05/14/2022,AQS,1,6.8,ppb,6,Rochester Near-Road,24,100,42602,Nitrogen dioxide (NO2),200,40380,"Rochester, NY",36,New York,55,Monroe,43.14501268,-77.55728026
05/15/2022,AQS,1,6.5,ppb,6,Rochester Near-Road,24,100,42602,Nitrogen dioxide (NO2),200,40380,"Rochester, NY",36,New York,55,Monroe,43.14501268,-77.55728026
05/16/2022,AQS,1,10.4,ppb,9,Rochester Near-Road,19,79,42602,Nitrogen dioxide (NO2),200,40380,"Rochester, NY",36,New York,55,Monroe,43.14501268,-77.55728026
05/17/2022,AQS,1,7.4,ppb,7,Rochester Near-Road,24,100,42602,Nitrogen dioxide (NO2),200,40380,"Rochester, NY",36,New York,55,Monroe,43.14501268,-77.55728026
05/18/2022,AQS,1,8.5,ppb,8,Rochester Near-Road,24,100,42602,Nitrogen dioxide (NO2),200,40380,"Rochester, NY",36,New York,55,Monroe,43.14501268,-77.55728026
05/19/2022,AQS,1,17.4,ppb,16,Rochester Near-Road,24,100,42602,Nitrogen dioxide (NO2),200,40380,"Rochester, NY",36,New York,55,Monroe,43.14501268,-77.55728026
05/20/2022,AQS,1,9.1,ppb,8,Rochester Near-Road,24,100,42602,Nitrogen dioxide (NO2),200,40380,"Rochester, NY",36,New York,55,Monroe,43.14501268,-77.55728026
05/21/2022,AQS,1,6.5,ppb,6,Rochester Near-Road,24,100,42602,Nitrogen dioxide (NO2),200,40380,"Rochester, NY",36,New York,55,Monroe,43.14501268,-77.55728026
05/22/2022,AQS,1,5.1,ppb,5,Rochester Near-Road,24,100,42602,Nitrogen dioxide (NO2),200,40380,"Rochester, NY",36,New York,55,Monroe,43.14501268,-77.55728026
05/23/2022,AQS,1,5.9,ppb,5,Rochester Near-Road,24,100,42602,Nitrogen dioxide (NO2),200,40380,"Rochester, NY",36,New York,55,Monroe,43.14501268,-77.55728026
05/24/2022,AQS,1,17.8,ppb,16,Rochester Near-Road,24,100,42602,Nitrogen dioxide (NO2),200,40380,"Rochester, NY",36,New York,55,Monroe,43.14501268,-77.55728026
05/25/2022,AQS,1,17.8,ppb,16,Rochester Near-Road,18,75,42602,Nitrogen dioxide (NO2),200,40380,"Rochester, NY",36,New York,55,Monroe,43.14501268,-77.55728026
05/26/2022,AQS,1,6.5,ppb,6,Rochester Near-Road,24,100,42602,Nitrogen dioxide (NO2),200,40380,"Rochester, NY",36,New York,55,Monroe,43.14501268,-77.55728026
05/27/2022,AQS,1,12.6,ppb,11,Rochester Near-Road,24,100,42602,Nitrogen dioxide (NO2),200,40380,"Rochester, NY",36,New York,55,Monroe,43.14501268,-77.55728026
05/28/2022,AQS,1,6.8,ppb,6,Rochester Near-Road,24,100,42602,Nitrogen dioxide (NO2),200,40380,"Rochester, NY",36,New York,55,Monroe,43.14501268,-77.55728026
05/29/2022,AQS,1,13.7,ppb,12,Rochester Near-Road,24,100,42602,Nitrogen dioxide (NO2),200,40380,"Rochester, NY",36,New York,55,Monroe,43.14501268,-77.55728026
05/30/2022,AQS,1,7.6,ppb,7,Rochester Near-Road,24,100,42602,Nitrogen dioxide (NO2),200,40380,"Rochester, NY",36,New York,55,Monroe,43.14501268,-77.55728026
05/31/2022,AQS,1,9.6,ppb,8,Rochester Near-Road,24,100,42602,Nitrogen dioxide (NO2),200,40380,"Rochester, NY",36,New York,55,Monroe,43.14501268,-77.55728026
06/01/2022,AQS,1,9.6,ppb,8,Rochester Near-Road,18,75,42602,Nitrogen dioxide (NO2),200,40380,"Rochester, NY",36,New York,55,Monroe,43.14501268,-77.55728026
06/02/2022,AQS,1,8.6,ppb,8,Rochester Near-Road,24,100,42602,Nitrogen dioxide (NO2),200,40380,"Rochester, NY",36,New York,55,Monroe,43.14501268,-77.55728026
06/03/2022,AQS,1,11.7,ppb,10,Rochester Near-Road,23,96,42602,Nitrogen dioxide (NO2),200,40380,"Rochester, NY",36,New York,55,Monroe,43.14501268,-77.55728026
06/04/2022,AQS,1,6.4,ppb,6,Rochester Near-Road,24,100,42602,Nitrogen dioxide (NO2),200,40380,"Rochester, NY",36,New York,55,Monroe,43.14501268,-77.55728026
06/05/2022,AQS,1,9.6,ppb,8,Rochester Near-Road,24,100,42602,Nitrogen dioxide (NO2),200,40380,"Rochester, NY",36,New York,55,Monroe,43.14501268,-77.55728026
06/06/2022,AQS,1,14.9,ppb,13,Rochester Near-Road,24,100,42602,Nitrogen dioxide (NO2),200,40380,"Rochester, NY",36,New York,55,Monroe,43.14501268,-77.55728026
06/07/2022,AQS,1,11.9,ppb,10,Rochester Near-Road,24,100,42602,Nitrogen dioxide (NO2),200,40380,"Rochester, NY",36,New York,55,Monroe,43.14501268,-77.55728026
06/08/2022,AQS,1,9.6,ppb,8,Rochester Near-Road,24,100,42602,Nitrogen dioxide (NO2),200,40380,"Rochester, NY",36,New York,55,Monroe,43.14501268,-77.55728026
06/14/2022,AQS,1,17.2,ppb,16,Rochester Near-Road,24,100,42602,Nitrogen dioxide (NO2),200,40380,"Rochester, NY",36,New York,55,Monroe,43.14501268,-77.55728026
06/15/2022,AQS,1,9.6,ppb,8,Rochester Near-Road,24,100,42602,Nitrogen dioxide (NO2),200,40380,"Rochester, NY",36,New York,55,Monroe,43.14501268,-77.55728026
06/16/2022,AQS,1,7.9,ppb,7,Rochester Near-Road,23,96,42602,Nitrogen dioxide (NO2),200,40380,"Rochester, NY",36,New York,55,Monroe,43.14501268,-77.55728026
06/17/2022,AQS,1,11.6,ppb,10,Rochester Near-Road,24,100,42602,Nitrogen dioxide (NO2),200,40380,"Rochester, NY",36,New York,55,Monroe,43.14501268,-77.55728026
06/18/2022,AQS,1,3.2,ppb,3,Rochester Near-Road,24,100,42602,Nitrogen dioxide (NO2),200,40380,"Rochester, NY",36,New York,55,Monroe,43.14501268,-77.55728026
06/19/2022,AQS,1,6.4,ppb,6,Rochester Near-Road,24,100,42602,Nitrogen dioxide (NO2),200,40380,"Rochester, NY",36,New York,55,Monroe,43.14501268,-77.55728026
06/20/2022,AQS,1,11.2,ppb,10,Rochester Near-Road,24,100,42602,Nitrogen dioxide (NO2),200,40380,"Rochester, NY",36,New York,55,Monroe,43.14501268,-77.55728026
06/21/2022,AQS,1,14,ppb,13,Rochester Near-Road,24,100,42602,Nitrogen dioxide (NO2),200,40380,"Rochester, NY",36,New York,55,Monroe,43.14501268,-77.55728026
06/22/2022,AQS,1,13.2,ppb,12,Rochester Near-Road,24,100,42602,Nitrogen dioxide (NO2),200,40380,"Rochester, NY",36,New York,55,Monroe,43.14501268,-77.55728026
06/23/2022,AQS,1,13.9,ppb,12,Rochester Near-Road,19,79,42602,Nitrogen dioxide (NO2),200,40380,"Rochester, NY",36,New York,55,Monroe,43.14501268,-77.55728026
06/24/2022,AQS,1,15.6,ppb,14,Rochester Near-Road,24,100,42602,Nitrogen dioxide (NO2),200,40380,"Rochester, NY",36,New York,55,Monroe,43.14501268,-77.55728026
06/25/2022,AQS,1,9.5,ppb,8,Rochester Near-Road,24,100,42602,Nitrogen dioxide (NO2),200,40380,"Rochester, NY",36,New York,55,Monroe,43.14501268,-77.55728026
06/26/2022,AQS,1,6.6,ppb,6,Rochester Near-Road,24,100,42602,Nitrogen dioxide (NO2),200,40380,"Rochester, NY",36,New York,55,Monroe,43.14501268,-77.55728026
06/27/2022,AQS,1,9.1,ppb,8,Rochester Near-Road,24,100,42602,Nitrogen dioxide (NO2),200,40380,"Rochester, NY",36,New York,55,Monroe,43.14501268,-77.55728026
06/28/2022,AQS,1,15.3,ppb,14,Rochester Near-Road,24,100,42602,Nitrogen dioxide (NO2),200,40380,"Rochester, NY",36,New York,55,Monroe,43.14501268,-77.55728026
06/29/2022,AQS,1,22.4,ppb,21,Rochester Near-Road,19,79,42602,Nitrogen dioxide (NO2),200,40380,"Rochester, NY",36,New York,55,Monroe,43.14501268,-77.55728026
06/30/2022,AQS,1,15.4,ppb,14,Rochester Near-Road,24,100,42602,Nitrogen dioxide (NO2),200,40380,"Rochester, NY",36,New York,55,Monroe,43.14501268,-77.55728026
07/01/2022,AQS,1,11.1,ppb,10,Rochester Near-Road,24,100,42602,Nitrogen dioxide (NO2),200,40380,"Rochester, NY",36,New York,55,Monroe,43.14501268,-77.55728026
07/02/2022,AQS,1,5.5,ppb,5,Rochester Near-Road,24,100,42602,Nitrogen dioxide (NO2),200,40380,"Rochester, NY",36,New York,55,Monroe,43.14501268,-77.55728026
07/03/2022,AQS,1,8.9,ppb,8,Rochester Near-Road,24,100,42602,Nitrogen dioxide (NO2),200,40380,"Rochester, NY",36,New York,55,Monroe,43.14501268,-77.55728026
07/04/2022,AQS,1,7.1,ppb,7,Rochester Near-Road,24,100,42602,Nitrogen dioxide (NO2),200,40380,"Rochester, NY",36,New York,55,Monroe,43.14501268,-77.55728026
07/05/2022,AQS,1,12.4,ppb,11,Rochester Near-Road,24,100,42602,Nitrogen dioxide (NO2),200,40380,"Rochester, NY",36,New York,55,Monroe,43.14501268,-77.55728026
07/06/2022,AQS,1,14.2,ppb,13,Rochester Near-Road,18,75,42602,Nitrogen dioxide (NO2),200,40380,"Rochester, NY",36,New York,55,Monroe,43.14501268,-77.55728026
08/03/2022,AQS,1,15.5,ppb,14,Rochester Near-Road,23,96,42602,Nitrogen dioxide (NO2),200,40380,"Rochester, NY",36,New York,55,Monroe,43.14501268,-77.55728026
08/04/2022,AQS,1,13,ppb,12,Rochester Near-Road,24,100,42602,Nitrogen dioxide (NO2),200,40380,"Rochester, NY",36,New York,55,Monroe,43.14501268,-77.55728026
08/05/2022,AQS,1,16.3,ppb,15,Rochester Near-Road,24,100,42602,Nitrogen dioxide (NO2),200,40380,"Rochester, NY",36,New York,55,Monroe,43.14501268,-77.55728026
08/06/2022,AQS,1,7.6,ppb,7,Rochester Near-Road,24,100,42602,Nitrogen dioxide (NO2),200,40380,"Rochester, NY",36,New York,55,Monroe,43.14501268,-77.55728026
08/07/2022,AQS,1,4.5,ppb,4,Rochester Near-Road,24,100,42602,Nitrogen dioxide (NO2),200,40380,"Rochester, NY",36,New York,55,Monroe,43.14501268,-77.55728026
08/08/2022,AQS,1,7.6,ppb,7,Rochester Near-Road,18,75,42602,Nitrogen dioxide (NO2),200,40380,"Rochester, NY",36,New York,55,Monroe,43.14501268,-77.55728026
08/09/2022,AQS,1,5.2,ppb,5,Rochester Near-Road,24,100,42602,Nitrogen dioxide (NO2),200,40380,"Rochester, NY",36,New York,55,Monroe,43.14501268,-77.55728026
08/10/2022,AQS,1,10.5,ppb,9,Rochester Near-Road,23,96,42602,Nitrogen dioxide (NO2),200,40380,"Rochester, NY",36,New York,55,Monroe,43.14501268,-77.55728026
08/11/2022,AQS,1,10.9,ppb,9,Rochester Near-Road,24,100,42602,Nitrogen dioxide (NO2),200,40380,"Rochester, NY",36,New York,55,Monroe,43.14501268,-77.55728026
08/12/2022,AQS,1,9.3,ppb,8,Rochester Near-Road,24,100,42602,Nitrogen dioxide (NO2),200,40380,"Rochester, NY",36,New York,55,Monroe,43.14501268,-77.55728026
08/13/2022,AQS,1,13.5,ppb,12,Rochester Near-Road,24,100,42602,Nitrogen dioxide (NO2),200,40380,"Rochester, NY",36,New York,55,Monroe,43.14501268,-77.55728026
08/14/2022,AQS,1,6.1,ppb,6,Rochester Near-Road,24,100,42602,Nitrogen dioxide (NO2),200,40380,"Rochester, NY",36,New York,55,Monroe,43.14501268,-77.55728026
08/15/2022,AQS,1,13.8,ppb,12,Rochester Near-Road,24,100,42602,Nitrogen dioxide (NO2),200,40380,"Rochester, NY",36,New York,55,Monroe,43.14501268,-77.55728026
08/16/2022,AQS,1,15,ppb,14,Rochester Near-Road,24,100,42602,Nitrogen dioxide (NO2),200,40380,"Rochester, NY",36,New York,55,Monroe,43.14501268,-77.55728026
08/17/2022,AQS,1,10.5,ppb,9,Rochester Near-Road,18,75,42602,Nitrogen dioxide (NO2),200,40380,"Rochester, NY",36,New York,55,Monroe,43.14501268,-77.55728026
08/18/2022,AQS,1,11.6,ppb,10,Rochester Near-Road,24,100,42602,Nitrogen dioxide (NO2),200,40380,"Rochester, NY",36,New York,55,Monroe,43.14501268,-77.55728026
08/19/2022,AQS,1,12.1,ppb,11,Rochester Near-Road,24,100,42602,Nitrogen dioxide (NO2),200,40380,"Rochester, NY",36,New York,55,Monroe,43.14501268,-77.55728026
08/20/2022,AQS,1,10.2,ppb,9,Rochester Near-Road,24,100,42602,Nitrogen dioxide (NO2),200,40380,"Rochester, NY",36,New York,55,Monroe,43.14501268,-77.55728026
08/21/2022,AQS,1,7.1,ppb,7,Rochester Near-Road,24,100,42602,Nitrogen dioxide (NO2),200,40380,"Rochester, NY",36,New York,55,Monroe,43.14501268,-77.55728026
08/22/2022,AQS,1,10.6,ppb,9,Rochester Near-Road,19,79,42602,Nitrogen dioxide (NO2),200,40380,"Rochester, NY",36,New York,55,Monroe,43.14501268,-77.55728026
08/23/2022,AQS,1,11.7,ppb,10,Rochester Near-Road,24,100,42602,Nitrogen dioxide (NO2),200,40380,"Rochester, NY",36,New York,55,Monroe,43.14501268,-77.55728026
08/24/2022,AQS,1,12.9,ppb,11,Rochester Near-Road,24,100,42602,Nitrogen dioxide (NO2),200,40380,"Rochester, NY",36,New York,55,Monroe,43.14501268,-77.55728026
08/25/2022,AQS,1,12.1,ppb,11,Rochester Near-Road,24,100,42602,Nitrogen dioxide (NO2),200,40380,"Rochester, NY",36,New York,55,Monroe,43.14501268,-77.55728026
08/26/2022,AQS,1,13,ppb,12,Rochester Near-Road,23,96,42602,Nitrogen dioxide (NO2),200,40380,"Rochester, NY",36,New York,55,Monroe,43.14501268,-77.55728026
08/27/2022,AQS,1,11.1,ppb,10,Rochester Near-Road,24,100,42602,Nitrogen dioxide (NO2),200,40380,"Rochester, NY",36,New York,55,Monroe,43.14501268,-77.55728026
08/28/2022,AQS,1,7.5,ppb,7,Rochester Near-Road,24,100,42602,Nitrogen dioxide (NO2),200,40380,"Rochester, NY",36,New York,55,Monroe,43.14501268,-77.55728026
08/29/2022,AQS,1,11,ppb,10,Rochester Near-Road,24,100,42602,Nitrogen dioxide (NO2),200,40380,"Rochester, NY",36,New York,55,Monroe,43.14501268,-77.55728026
08/30/2022,AQS,1,11.3,ppb,10,Rochester Near-Road,24,100,42602,Nitrogen dioxide (NO2),200,40380,"Rochester, NY",36,New York,55,Monroe,43.14501268,-77.55728026
08/31/2022,AQS,1,7.8,ppb,7,Rochester Near-Road,19,79,42602,Nitrogen dioxide (NO2),200,40380,"Rochester, NY",36,New York,55,Monroe,43.14501268,-77.55728026
09/01/2022,AQS,1,13.3,ppb,12,Rochester Near-Road,24,100,42602,Nitrogen dioxide (NO2),200,40380,"Rochester, NY",36,New York,55,Monroe,43.14501268,-77.55728026
09/02/2022,AQS,1,10.5,ppb,9,Rochester Near-Road,24,100,42602,Nitrogen dioxide (NO2),200,40380,"Rochester, NY",36,New York,55,Monroe,43.14501268,-77.55728026
09/03/2022,AQS,1,11.3,ppb,10,Rochester Near-Road,24,100,42602,Nitrogen dioxide (NO2),200,40380,"Rochester, NY",36,New York,55,Monroe,43.14501268,-77.55728026
09/04/2022,AQS,1,5.6,ppb,5,Rochester Near-Road,24,100,42602,Nitrogen dioxide (NO2),200,40380,"Rochester, NY",36,New York,55,Monroe,43.14501268,-77.55728026
09/05/2022,AQS,1,3.9,ppb,3,Rochester Near-Road,24,100,42602,Nitrogen dioxide (NO2),200,40380,"Rochester, NY",36,New York,55,Monroe,43.14501268,-77.55728026
09/06/2022,AQS,1,3.5,ppb,3,Rochester Near-Road,24,100,42602,Nitrogen dioxide (NO2),200,40380,"Rochester, NY",36,New York,55,Monroe,43.14501268,-77.55728026
09/07/2022,AQS,1,11.9,ppb,10,Rochester Near-Road,19,79,42602,Nitrogen dioxide (NO2),200,40380,"Rochester, NY",36,New York,55,Monroe,43.14501268,-77.55728026
09/08/2022,AQS,1,13.1,ppb,12,Rochester Near-Road,24,100,42602,Nitrogen dioxide (NO2),200,40380,"Rochester, NY",36,New York,55,Monroe,43.14501268,-77.55728026
09/09/2022,AQS,1,14.2,ppb,13,Rochester Near-Road,24,100,42602,Nitrogen dioxide (NO2),200,40380,"Rochester, NY",36,New York,55,Monroe,43.14501268,-77.55728026
09/10/2022,AQS,1,9.5,ppb,8,Rochester Near-Road,24,100,42602,Nitrogen dioxide (NO2),200,40380,"Rochester, NY",36,New York,55,Monroe,43.14501268,-77.55728026
09/11/2022,AQS,1,5.8,ppb,5,Rochester Near-Road,24,100,42602,Nitrogen dioxide (NO2),200,40380,"Rochester, NY",36,New York,55,Monroe,43.14501268,-77.55728026
09/12/2022,AQS,1,13.5,ppb,12,Rochester Near-Road,20,83,42602,Nitrogen dioxide (NO2),200,40380,"Rochester, NY",36,New York,55,Monroe,43.14501268,-77.55728026
09/13/2022,AQS,1,11.1,ppb,10,Rochester Near-Road,24,100,42602,Nitrogen dioxide (NO2),200,40380,"Rochester, NY",36,New York,55,Monroe,43.14501268,-77.55728026
09/14/2022,AQS,1,9.1,ppb,8,Rochester Near-Road,24,100,42602,Nitrogen dioxide (NO2),200,40380,"Rochester, NY",36,New York,55,Monroe,43.14501268,-77.55728026
09/15/2022,AQS,1,14.2,ppb,13,Rochester Near-Road,24,100,42602,Nitrogen dioxide (NO2),200,40380,"Rochester, NY",36,New York,55,Monroe,43.14501268,-77.55728026
09/16/2022,AQS,1,9.4,ppb,8,Rochester Near-Road,24,100,42602,Nitrogen dioxide (NO2),200,40380,"Rochester, NY",36,New York,55,Monroe,43.14501268,-77.55728026
09/17/2022,AQS,1,13.9,ppb,12,Rochester Near-Road,24,100,42602,Nitrogen dioxide (NO2),200,40380,"Rochester, NY",36,New York,55,Monroe,43.14501268,-77.55728026
09/18/2022,AQS,1,5.2,ppb,5,Rochester Near-Road,24,100,42602,Nitrogen dioxide (NO2),200,40380,"Rochester, NY",36,New York,55,Monroe,43.14501268,-77.55728026
09/19/2022,AQS,1,13.6,ppb,12,Rochester Near-Road,24,100,42602,Nitrogen dioxide (NO2),200,40380,"Rochester, NY",36,New York,55,Monroe,43.14501268,-77.55728026
09/20/2022,AQS,1,17.7,ppb,16,Rochester Near-Road,24,100,42602,Nitrogen dioxide (NO2),200,40380,"Rochester, NY",36,New York,55,Monroe,43.14501268,-77.55728026
09/21/2022,AQS,1,11.1,ppb,10,Rochester Near-Road,18,75,42602,Nitrogen dioxide (NO2),200,40380,"Rochester, NY",36,New York,55,Monroe,43.14501268,-77.55728026
09/22/2022,AQS,1,12.4,ppb,11,Rochester Near-Road,24,100,42602,Nitrogen dioxide (NO2),200,40380,"Rochester, NY",36,New York,55,Monroe,43.14501268,-77.55728026
09/23/2022,AQS,1,11.8,ppb,10,Rochester Near-Road,24,100,42602,Nitrogen dioxide (NO2),200,40380,"Rochester, NY",36,New York,55,Monroe,43.14501268,-77.55728026
09/24/2022,AQS,1,9.8,ppb,8,Rochester Near-Road,24,100,42602,Nitrogen dioxide (NO2),200,40380,"Rochester, NY",36,New York,55,Monroe,43.14501268,-77.55728026
09/25/2022,AQS,1,6.8,ppb,6,Rochester Near-Road,24,100,42602,Nitrogen dioxide (NO2),200,40380,"Rochester, NY",36,New York,55,Monroe,43.14501268,-77.55728026
09/26/2022,AQS,1,9.9,ppb,8,Rochester Near-Road,19,79,42602,Nitrogen dioxide (NO2),200,40380,"Rochester, NY",36,New York,55,Monroe,43.14501268,-77.55728026
09/27/2022,AQS,1,8.6,ppb,8,Rochester Near-Road,24,100,42602,Nitrogen dioxide (NO2),200,40380,"Rochester, NY",36,New York,55,Monroe,43.14501268,-77.55728026
09/28/2022,AQS,1,7.7,ppb,7,Rochester Near-Road,24,100,42602,Nitrogen dioxide (NO2),200,40380,"Rochester, NY",36,New York,55,Monroe,43.14501268,-77.55728026
09/29/2022,AQS,1,15.7,ppb,14,Rochester Near-Road,24,100,42602,Nitrogen dioxide (NO2),200,40380,"Rochester, NY",36,New York,55,Monroe,43.14501268,-77.55728026
09/30/2022,AQS,1,13.6,ppb,12,Rochester Near-Road,24,100,42602,Nitrogen dioxide (NO2),200,40380,"Rochester, NY",36,New York,55,Monroe,43.14501268,-77.55728026
10/01/2022,AQS,1,13,ppb,12,Rochester Near-Road,24,100,42602,Nitrogen dioxide (NO2),200,40380,"Rochester, NY",36,New York,55,Monroe,43.14501268,-77.55728026
10/02/2022,AQS,1,7.2,ppb,7,Rochester Near-Road,24,100,42602,Nitrogen dioxide (NO2),200,40380,"Rochester, NY",36,New York,55,Monroe,43.14501268,-77.55728026
10/03/2022,AQS,1,27.5,ppb,25,Rochester Near-Road,19,79,42602,Nitrogen dioxide (NO2),200,40380,"Rochester, NY",36,New York,55,Monroe,43.14501268,-77.55728026
10/04/2022,AQS,1,27.6,ppb,25,Rochester Near-Road,24,100,42602,Nitrogen dioxide (NO2),200,40380,"Rochester, NY",36,New York,55,Monroe,43.14501268,-77.55728026
10/05/2022,AQS,1,18.7,ppb,17,Rochester Near-Road,24,100,42602,Nitrogen dioxide (NO2),200,40380,"Rochester, NY",36,New York,55,Monroe,43.14501268,-77.55728026
10/06/2022,AQS,1,18.8,ppb,17,Rochester Near-Road,24,100,42602,Nitrogen dioxide (NO2),200,40380,"Rochester, NY",36,New York,55,Monroe,43.14501268,-77.55728026
10/07/2022,AQS,1,6.2,ppb,6,Rochester Near-Road,24,100,42602,Nitrogen dioxide (NO2),200,40380,"Rochester, NY",36,New York,55,Monroe,43.14501268,-77.55728026
10/08/2022,AQS,1,6.4,ppb,6,Rochester Near-Road,24,100,42602,Nitrogen dioxide (NO2),200,40380,"Rochester, NY",36,New York,55,Monroe,43.14501268,-77.55728026
10/09/2022,AQS,1,5.8,ppb,5,Rochester Near-Road,24,100,42602,Nitrogen dioxide (NO2),200,40380,"Rochester, NY",36,New York,55,Monroe,43.14501268,-77.55728026
10/10/2022,AQS,1,17.1,ppb,16,Rochester Near-Road,24,100,42602,Nitrogen dioxide (NO2),200,40380,"Rochester, NY",36,New York,55,Monroe,43.14501268,-77.55728026
10/11/2022,AQS,1,15.8,ppb,14,Rochester Near-Road,24,100,42602,Nitrogen dioxide (NO2),200,40380,"Rochester, NY",36,New York,55,Monroe,43.14501268,-77.55728026
10/12/2022,AQS,1,16.7,ppb,15,Rochester Near-Road,19,79,42602,Nitrogen dioxide (NO2),200,40380,"Rochester, NY",36,New York,55,Monroe,43.14501268,-77.55728026
10/13/2022,AQS,1,12.8,ppb,11,Rochester Near-Road,24,100,42602,Nitrogen dioxide (NO2),200,40380,"Rochester, NY",36,New York,55,Monroe,43.14501268,-77.55728026
10/14/2022,AQS,1,20.2,ppb,19,Rochester Near-Road,24,100,42602,Nitrogen dioxide (NO2),200,40380,"Rochester, NY",36,New York,55,Monroe,43.14501268,-77.55728026
10/15/2022,AQS,1,13.6,ppb,12,Rochester Near-Road,24,100,42602,Nitrogen dioxide (NO2),200,40380,"Rochester, NY",36,New York,55,Monroe,43.14501268,-77.55728026
10/16/2022,AQS,1,16.5,ppb,15,Rochester Near-Road,24,100,42602,Nitrogen dioxide (NO2),200,40380,"Rochester, NY",36,New York,55,Monroe,43.14501268,-77.55728026
10/17/2022,AQS,1,14.4,ppb,13,Rochester Near-Road,19,79,42602,Nitrogen dioxide (NO2),200,40380,"Rochester, NY",36,New York,55,Monroe,43.14501268,-77.55728026
10/18/2022,AQS,1,7.1,ppb,7,Rochester Near-Road,24,100,42602,Nitrogen dioxide (NO2),200,40380,"Rochester, NY",36,New York,55,Monroe,43.14501268,-77.55728026
10/19/2022,AQS,1,15.4,ppb,14,Rochester Near-Road,24,100,42602,Nitrogen dioxide (NO2),200,40380,"Rochester, NY",36,New York,55,Monroe,43.14501268,-77.55728026
10/20/2022,AQS,1,16.6,ppb,15,Rochester Near-Road,24,100,42602,Nitrogen dioxide (NO2),200,40380,"Rochester, NY",36,New York,55,Monroe,43.14501268,-77.55728026
10/21/2022,AQS,1,20.5,ppb,19,Rochester Near-Road,24,100,42602,Nitrogen dioxide (NO2),200,40380,"Rochester, NY",36,New York,55,Monroe,43.14501268,-77.55728026
10/22/2022,AQS,1,18.1,ppb,17,Rochester Near-Road,24,100,42602,Nitrogen dioxide (NO2),200,40380,"Rochester, NY",36,New York,55,Monroe,43.14501268,-77.55728026
10/23/2022,AQS,1,16.6,ppb,15,Rochester Near-Road,24,100,42602,Nitrogen dioxide (NO2),200,40380,"Rochester, NY",36,New York,55,Monroe,43.14501268,-77.55728026
10/24/2022,AQS,1,23.2,ppb,22,Rochester Near-Road,19,79,42602,Nitrogen dioxide (NO2),200,40380,"Rochester, NY",36,New York,55,Monroe,43.14501268,-77.55728026
10/25/2022,AQS,1,12.5,ppb,11,Rochester Near-Road,24,100,42602,Nitrogen dioxide (NO2),200,40380,"Rochester, NY",36,New York,55,Monroe,43.14501268,-77.55728026
10/26/2022,AQS,1,15.5,ppb,14,Rochester Near-Road,24,100,42602,Nitrogen dioxide (NO2),200,40380,"Rochester, NY",36,New York,55,Monroe,43.14501268,-77.55728026
10/27/2022,AQS,1,22.2,ppb,21,Rochester Near-Road,24,100,42602,Nitrogen dioxide (NO2),200,40380,"Rochester, NY",36,New York,55,Monroe,43.14501268,-77.55728026
10/28/2022,AQS,1,20.6,ppb,19,Rochester Near-Road,24,100,42602,Nitrogen dioxide (NO2),200,40380,"Rochester, NY",36,New York,55,Monroe,43.14501268,-77.55728026
10/29/2022,AQS,1,16.7,ppb,15,Rochester Near-Road,24,100,42602,Nitrogen dioxide (NO2),200,40380,"Rochester, NY",36,New York,55,Monroe,43.14501268,-77.55728026
10/30/2022,AQS,1,25.4,ppb,24,Rochester Near-Road,24,100,42602,Nitrogen dioxide (NO2),200,40380,"Rochester, NY",36,New York,55,Monroe,43.14501268,-77.55728026
11/01/2022,AQS,1,15.7,ppb,14,Rochester Near-Road,24,100,42602,Nitrogen dioxide (NO2),200,40380,"Rochester, NY",36,New York,55,Monroe,43.14501268,-77.55728026
11/02/2022,AQS,1,19.1,ppb,18,Rochester Near-Road,24,100,42602,Nitrogen dioxide (NO2),200,40380,"Rochester, NY",36,New York,55,Monroe,43.14501268,-77.55728026
11/03/2022,AQS,1,18.1,ppb,17,Rochester Near-Road,24,100,42602,Nitrogen dioxide (NO2),200,40380,"Rochester, NY",36,New York,55,Monroe,43.14501268,-77.55728026
11/04/2022,AQS,1,22.2,ppb,21,Rochester Near-Road,24,100,42602,Nitrogen dioxide (NO2),200,40380,"Rochester, NY",36,New York,55,Monroe,43.14501268,-77.55728026
11/05/2022,AQS,1,8.2,ppb,8,Rochester Near-Road,24,100,42602,Nitrogen dioxide (NO2),200,40380,"Rochester, NY",36,New York,55,Monroe,43.14501268,-77.55728026
11/06/2022,AQS,1,9.4,ppb,8,Rochester Near-Road,24,100,42602,Nitrogen dioxide (NO2),200,40380,"Rochester, NY",36,New York,55,Monroe,43.14501268,-77.55728026
11/07/2022,AQS,1,11.2,ppb,10,Rochester Near-Road,18,75,42602,Nitrogen dioxide (NO2),200,40380,"Rochester, NY",36,New York,55,Monroe,43.14501268,-77.55728026
11/08/2022,AQS,1,20.2,ppb,19,Rochester Near-Road,21,88,42602,Nitrogen dioxide (NO2),200,40380,"Rochester, NY",36,New York,55,Monroe,43.14501268,-77.55728026
11/09/2022,AQS,1,24.7,ppb,23,Rochester Near-Road,24,100,42602,Nitrogen dioxide (NO2),200,40380,"Rochester, NY",36,New York,55,Monroe,43.14501268,-77.55728026
11/10/2022,AQS,1,25.3,ppb,24,Rochester Near-Road,24,100,42602,Nitrogen dioxide (NO2),200,40380,"Rochester, NY",36,New York,55,Monroe,43.14501268,-77.55728026
11/11/2022,AQS,1,21.4,ppb,20,Rochester Near-Road,24,100,42602,Nitrogen dioxide (NO2),200,40380,"Rochester, NY",36,New York,55,Monroe,43.14501268,-77.55728026
11/12/2022,AQS,1,5.3,ppb,5,Rochester Near-Road,24,100,42602,Nitrogen dioxide (NO2),200,40380,"Rochester, NY",36,New York,55,Monroe,43.14501268,-77.55728026
11/13/2022,AQS,1,6.4,ppb,6,Rochester Near-Road,24,100,42602,Nitrogen dioxide (NO2),200,40380,"Rochester, NY",36,New York,55,Monroe,43.14501268,-77.55728026
11/14/2022,AQS,1,13.8,ppb,12,Rochester Near-Road,19,79,42602,Nitrogen dioxide (NO2),200,40380,"Rochester, NY",36,New York,55,Monroe,43.14501268,-77.55728026
11/15/2022,AQS,1,20,ppb,19,Rochester Near-Road,24,100,42602,Nitrogen dioxide (NO2),200,40380,"Rochester, NY",36,New York,55,Monroe,43.14501268,-77.55728026
11/16/2022,AQS,1,18.3,ppb,17,Rochester Near-Road,24,100,42602,Nitrogen dioxide (NO2),200,40380,"Rochester, NY",36,New York,55,Monroe,43.14501268,-77.55728026
11/17/2022,AQS,1,12.2,ppb,11,Rochester Near-Road,24,100,42602,Nitrogen dioxide (NO2),200,40380,"Rochester, NY",36,New York,55,Monroe,43.14501268,-77.55728026
11/18/2022,AQS,1,7.9,ppb,7,Rochester Near-Road,24,100,42602,Nitrogen dioxide (NO2),200,40380,"Rochester, NY",36,New York,55,Monroe,43.14501268,-77.55728026
11/19/2022,AQS,1,4.7,ppb,4,Rochester Near-Road,24,100,42602,Nitrogen dioxide (NO2),200,40380,"Rochester, NY",36,New York,55,Monroe,43.14501268,-77.55728026
11/20/2022,AQS,1,5.1,ppb,5,Rochester Near-Road,24,100,42602,Nitrogen dioxide (NO2),200,40380,"Rochester, NY",36,New York,55,Monroe,43.14501268,-77.55728026
11/21/2022,AQS,1,9.6,ppb,8,Rochester Near-Road,19,79,42602,Nitrogen dioxide (NO2),200,40380,"Rochester, NY",36,New York,55,Monroe,43.14501268,-77.55728026
11/22/2022,AQS,1,22.2,ppb,21,Rochester Near-Road,24,100,42602,Nitrogen dioxide (NO2),200,40380,"Rochester, NY",36,New York,55,Monroe,43.14501268,-77.55728026
11/23/2022,AQS,1,23.9,ppb,22,Rochester Near-Road,24,100,42602,Nitrogen dioxide (NO2),200,40380,"Rochester, NY",36,New York,55,Monroe,43.14501268,-77.55728026
11/24/2022,AQS,1,18.6,ppb,17,Rochester Near-Road,24,100,42602,Nitrogen dioxide (NO2),200,40380,"Rochester, NY",36,New York,55,Monroe,43.14501268,-77.55728026
11/25/2022,AQS,1,6.6,ppb,6,Rochester Near-Road,22,92,42602,Nitrogen dioxide (NO2),200,40380,"Rochester, NY",36,New York,55,Monroe,43.14501268,-77.55728026
11/26/2022,AQS,1,13.6,ppb,12,Rochester Near-Road,24,100,42602,Nitrogen dioxide (NO2),200,40380,"Rochester, NY",36,New York,55,Monroe,43.14501268,-77.55728026
11/27/2022,AQS,1,14.2,ppb,13,Rochester Near-Road,24,100,42602,Nitrogen dioxide (NO2),200,40380,"Rochester, NY",36,New York,55,Monroe,43.14501268,-77.55728026
11/28/2022,AQS,1,9.1,ppb,8,Rochester Near-Road,19,79,42602,Nitrogen dioxide (NO2),200,40380,"Rochester, NY",36,New York,55,Monroe,43.14501268,-77.55728026
11/29/2022,AQS,1,16.8,ppb,15,Rochester Near-Road,24,100,42602,Nitrogen dioxide (NO2),200,40380,"Rochester, NY",36,New York,55,Monroe,43.14501268,-77.55728026
12/01/2022,AQS,1,10,ppb,9,Rochester Near-Road,24,100,42602,Nitrogen dioxide (NO2),200,40380,"Rochester, NY",36,New York,55,Monroe,43.14501268,-77.55728026
12/02/2022,AQS,1,15,ppb,14,Rochester Near-Road,24,100,42602,Nitrogen dioxide (NO2),200,40380,"Rochester, NY",36,New York,55,Monroe,43.14501268,-77.55728026
12/03/2022,AQS,1,4.3,ppb,4,Rochester Near-Road,24,100,42602,Nitrogen dioxide (NO2),200,40380,"Rochester, NY",36,New York,55,Monroe,43.14501268,-77.55728026
12/04/2022,AQS,1,14.3,ppb,13,Rochester Near-Road,24,100,42602,Nitrogen dioxide (NO2),200,40380,"Rochester, NY",36,New York,55,Monroe,43.14501268,-77.55728026
12/05/2022,AQS,1,30.4,ppb,28,Rochester Near-Road,24,100,42602,Nitrogen dioxide (NO2),200,40380,"Rochester, NY",36,New York,55,Monroe,43.14501268,-77.55728026
12/06/2022,AQS,1,14.4,ppb,13,Rochester Near-Road,24,100,42602,Nitrogen dioxide (NO2),200,40380,"Rochester, NY",36,New York,55,Monroe,43.14501268,-77.55728026
12/07/2022,AQS,1,17.1,ppb,16,Rochester Near-Road,24,100,42602,Nitrogen dioxide (NO2),200,40380,"Rochester, NY",36,New York,55,Monroe,43.14501268,-77.55728026
12/08/2022,AQS,1,13.6,ppb,12,Rochester Near-Road,19,79,42602,Nitrogen dioxide (NO2),200,40380,"Rochester, NY",36,New York,55,Monroe,43.14501268,-77.55728026
12/09/2022,AQS,1,13.4,ppb,12,Rochester Near-Road,24,100,42602,Nitrogen dioxide (NO2),200,40380,"Rochester, NY",36,New York,55,Monroe,43.14501268,-77.55728026
12/10/2022,AQS,1,17.9,ppb,16,Rochester Near-Road,24,100,42602,Nitrogen dioxide (NO2),200,40380,"Rochester, NY",36,New York,55,Monroe,43.14501268,-77.55728026
12/11/2022,AQS,1,11,ppb,10,Rochester Near-Road,24,100,42602,Nitrogen dioxide (NO2),200,40380,"Rochester, NY",36,New York,55,Monroe,43.14501268,-77.55728026
12/12/2022,AQS,1,24.4,ppb,23,Rochester Near-Road,24,100,42602,Nitrogen dioxide (NO2),200,40380,"Rochester, NY",36,New York,55,Monroe,43.14501268,-77.55728026
12/13/2022,AQS,1,35.8,ppb,33,Rochester Near-Road,24,100,42602,Nitrogen dioxide (NO2),200,40380,"Rochester, NY",36,New York,55,Monroe,43.14501268,-77.55728026
12/14/2022,AQS,1,19.1,ppb,18,Rochester Near-Road,24,100,42602,Nitrogen dioxide (NO2),200,40380,"Rochester, NY",36,New York,55,Monroe,43.14501268,-77.55728026
12/15/2022,AQS,1,8.4,ppb,8,Rochester Near-Road,19,79,42602,Nitrogen dioxide (NO2),200,40380,"Rochester, NY",36,New York,55,Monroe,43.14501268,-77.55728026
12/16/2022,AQS,1,19.5,ppb,18,Rochester Near-Road,24,100,42602,Nitrogen dioxide (NO2),200,40380,"Rochester, NY",36,New York,55,Monroe,43.14501268,-77.55728026
12/17/2022,AQS,1,12,ppb,11,Rochester Near-Road,24,100,42602,Nitrogen dioxide (NO2),200,40380,"Rochester, NY",36,New York,55,Monroe,43.14501268,-77.55728026
12/18/2022,AQS,1,10.3,ppb,9,Rochester Near-Road,24,100,42602,Nitrogen dioxide (NO2),200,40380,"Rochester, NY",36,New York,55,Monroe,43.14501268,-77.55728026
12/19/2022,AQS,1,10.3,ppb,9,Rochester Near-Road,19,79,42602,Nitrogen dioxide (NO2),200,40380,"Rochester, NY",36,New York,55,Monroe,43.14501268,-77.55728026
12/20/2022,AQS,1,22.3,ppb,21,Rochester Near-Road,24,100,42602,Nitrogen dioxide (NO2),200,40380,"Rochester, NY",36,New York,55,Monroe,43.14501268,-77.55728026
12/21/2022,AQS,1,26.1,ppb,25,Rochester Near-Road,24,100,42602,Nitrogen dioxide (NO2),200,40380,"Rochester, NY",36,New York,55,Monroe,43.14501268,-77.55728026
12/22/2022,AQS,1,17.5,ppb,16,Rochester Near-Road,24,100,42602,Nitrogen dioxide (NO2),200,40380,"Rochester, NY",36,New York,55,Monroe,43.14501268,-77.55728026
12/23/2022,AQS,1,14.8,ppb,13,Rochester Near-Road,24,100,42602,Nitrogen dioxide (NO2),200,40380,"Rochester, NY",36,New York,55,Monroe,43.14501268,-77.55728026
12/24/2022,AQS,1,3.3,ppb,3,Rochester Near-Road,24,100,42602,Nitrogen dioxide (NO2),200,40380,"Rochester, NY",36,New York,55,Monroe,43.14501268,-77.55728026
12/25/2022,AQS,1,4.1,ppb,4,Rochester Near-Road,24,100,42602,Nitrogen dioxide (NO2),200,40380,"Rochester, NY",36,New York,55,Monroe,43.14501268,-77.55728026
12/26/2022,AQS,1,6.7,ppb,6,Rochester Near-Road,24,100,42602,Nitrogen dioxide (NO2),200,40380,"Rochester, NY",36,New York,55,Monroe,43.14501268,-77.55728026
12/27/2022,AQS,1,13.4,ppb,12,Rochester Near-Road,24,100,42602,Nitrogen dioxide (NO2),200,40380,"Rochester, NY",36,New York,55,Monroe,43.14501268,-77.55728026
12/28/2022,AQS,1,20.1,ppb,19,Rochester Near-Road,22,92,42602,Nitrogen dioxide (NO2),200,40380,"Rochester, NY",36,New York,55,Monroe,43.14501268,-77.55728026
12/29/2022,AQS,1,20.6,ppb,19,Rochester Near-Road,24,100,42602,Nitrogen dioxide (NO2),200,40380,"Rochester, NY",36,New York,55,Monroe,43.14501268,-77.55728026
12/30/2022,AQS,1,19.6,ppb,18,Rochester Near-Road,18,75,42602,Nitrogen dioxide (NO2),200,40380,"Rochester, NY",36,New York,55,Monroe,43.14501268,-77.55728026
01/01/2023,AQS,1,15.7,ppb,14,Rochester Near-Road,24,100,42602,Nitrogen dioxide (NO2),200,40380,"Rochester, NY",36,New York,55,Monroe,43.14501268,-77.55728026
01/02/2023,AQS,1,11,ppb,10,Rochester Near-Road,24,100,42602,Nitrogen dioxide (NO2),200,40380,"Rochester, NY",36,New York,55,Monroe,43.14501268,-77.55728026
01/03/2023,AQS,1,10.3,ppb,9,Rochester Near-Road,22,92,42602,Nitrogen dioxide (NO2),200,40380,"Rochester, NY",36,New York,55,Monroe,43.14501268,-77.55728026
01/04/2023,AQS,1,12.1,ppb,11,Rochester Near-Road,19,79,42602,Nitrogen dioxide (NO2),200,40380,"Rochester, NY",36,New York,55,Monroe,43.14501268,-77.55728026
01/05/2023,AQS,1,23.3,ppb,22,Rochester Near-Road,24,100,42602,Nitrogen dioxide (NO2),200,40380,"Rochester, NY",36,New York,55,Monroe,43.14501268,-77.55728026
01/06/2023,AQS,1,12.9,ppb,11,Rochester Near-Road,24,100,42602,Nitrogen dioxide (NO2),200,40380,"Rochester, NY",36,New York,55,Monroe,43.14501268,-77.55728026
01/07/2023,AQS,1,15.5,ppb,14,Rochester Near-Road,24,100,42602,Nitrogen dioxide (NO2),200,40380,"Rochester, NY",36,New York,55,Monroe,43.14501268,-77.55728026
01/08/2023,AQS,1,20.3,ppb,19,Rochester Near-Road,24,100,42602,Nitrogen dioxide (NO2),200,40380,"Rochester, NY",36,New York,55,Monroe,43.14501268,-77.55728026
01/09/2023,AQS,1,12.1,ppb,11,Rochester Near-Road,23,96,42602,Nitrogen dioxide (NO2),200,40380,"Rochester, NY",36,New York,55,Monroe,43.14501268,-77.55728026
01/10/2023,AQS,1,8,ppb,8,Rochester Near-Road,24,100,42602,Nitrogen dioxide (NO2),200,40380,"Rochester, NY",36,New York,55,Monroe,43.14501268,-77.55728026
01/11/2023,AQS,1,15.6,ppb,14,Rochester Near-Road,24,100,42602,Nitrogen dioxide (NO2),200,40380,"Rochester, NY",36,New York,55,Monroe,43.14501268,-77.55728026
01/14/2023,AQS,1,13.1,ppb,12,Rochester Near-Road,24,100,42602,Nitrogen dioxide (NO2),200,40380,"Rochester, NY",36,New York,55,Monroe,43.14501268,-77.55728026
01/15/2023,AQS,1,10.1,ppb,9,Rochester Near-Road,24,100,42602,Nitrogen dioxide (NO2),200,40380,"Rochester, NY",36,New York,55,Monroe,43.14501268,-77.55728026
01/16/2023,AQS,1,26,ppb,25,Rochester Near-Road,24,100,42602,Nitrogen dioxide (NO2),200,40380,"Rochester, NY",36,New York,55,Monroe,43.14501268,-77.55728026
01/17/2023,AQS,1,21.8,ppb,20,Rochester Near-Road,24,100,42602,Nitrogen dioxide (NO2),200,40380,"Rochester, NY",36,New York,55,Monroe,43.14501268,-77.55728026
01/18/2023,AQS,1,11.6,ppb,10,Rochester Near-Road,24,100,42602,Nitrogen dioxide (NO2),200,40380,"Rochester, NY",36,New York,55,Monroe,43.14501268,-77.55728026
01/19/2023,AQS,1,15.7,ppb,14,Rochester Near-Road,19,79,42602,Nitrogen dioxide (NO2),200,40380,"Rochester, NY",36,New York,55,Monroe,43.14501268,-77.55728026
01/20/2023,AQS,1,10.3,ppb,9,Rochester Near-Road,24,100,42602,Nitrogen dioxide (NO2),200,40380,"Rochester, NY",36,New York,55,Monroe,43.14501268,-77.55728026
01/21/2023,AQS,1,14.1,ppb,13,Rochester Near-Road,24,100,42602,Nitrogen dioxide (NO2),200,40380,"Rochester, NY",36,New York,55,Monroe,43.14501268,-77.55728026
01/22/2023,AQS,1,13.7,ppb,12,Rochester Near-Road,24,100,42602,Nitrogen dioxide (NO2),200,40380,"Rochester, NY",36,New York,55,Monroe,43.14501268,-77.55728026
01/23/2023,AQS,1,16.4,ppb,15,Rochester Near-Road,24,100,42602,Nitrogen dioxide (NO2),200,40380,"Rochester, NY",36,New York,55,Monroe,43.14501268,-77.55728026
01/24/2023,AQS,1,13.7,ppb,12,Rochester Near-Road,24,100,42602,Nitrogen dioxide (NO2),200,40380,"Rochester, NY",36,New York,55,Monroe,43.14501268,-77.55728026
01/25/2023,AQS,1,15.4,ppb,14,Rochester Near-Road,19,79,42602,Nitrogen dioxide (NO2),200,40380,"Rochester, NY",36,New York,55,Monroe,43.14501268,-77.55728026
01/26/2023,AQS,1,13.1,ppb,12,Rochester Near-Road,24,100,42602,Nitrogen dioxide (NO2),200,40380,"Rochester, NY",36,New York,55,Monroe,43.14501268,-77.55728026
01/27/2023,AQS,1,11.9,ppb,10,Rochester Near-Road,24,100,42602,Nitrogen dioxide (NO2),200,40380,"Rochester, NY",36,New York,55,Monroe,43.14501268,-77.55728026
01/28/2023,AQS,1,16.5,ppb,15,Rochester Near-Road,24,100,42602,Nitrogen dioxide (NO2),200,40380,"Rochester, NY",36,New York,55,Monroe,43.14501268,-77.55728026
01/29/2023,AQS,1,16.7,ppb,15,Rochester Near-Road,24,100,42602,Nitrogen dioxide (NO2),200,40380,"Rochester, NY",36,New York,55,Monroe,43.14501268,-77.55728026
01/30/2023,AQS,1,13.1,ppb,12,Rochester Near-Road,24,100,42602,Nitrogen dioxide (NO2),200,40380,"Rochester, NY",36,New York,55,Monroe,43.14501268,-77.55728026
02/01/2023,AQS,1,10.9,ppb,9,Rochester Near-Road,18,75,42602,Nitrogen dioxide (NO2),200,40380,"Rochester, NY",36,New York,55,Monroe,43.14501268,-77.55728026
02/02/2023,AQS,1,10.6,ppb,9,Rochester Near-Road,22,92,42602,Nitrogen dioxide (NO2),200,40380,"Rochester, NY",36,New York,55,Monroe,43.14501268,-77.55728026
02/03/2023,AQS,1,4.9,ppb,4,Rochester Near-Road,24,100,42602,Nitrogen dioxide (NO2),200,40380,"Rochester, NY",36,New York,55,Monroe,43.14501268,-77.55728026
02/04/2023,AQS,1,17.4,ppb,16,Rochester Near-Road,24,100,42602,Nitrogen dioxide (NO2),200,40380,"Rochester, NY",36,New York,55,Monroe,43.14501268,-77.55728026
02/05/2023,AQS,1,27,ppb,25,Rochester Near-Road,24,100,42602,Nitrogen dioxide (NO2),200,40380,"Rochester, NY",36,New York,55,Monroe,43.14501268,-77.55728026
02/06/2023,AQS,1,20.5,ppb,19,Rochester Near-Road,19,79,42602,Nitrogen dioxide (NO2),200,40380,"Rochester, NY",36,New York,55,Monroe,43.14501268,-77.55728026
02/07/2023,AQS,1,14.1,ppb,13,Rochester Near-Road,24,100,42602,Nitrogen dioxide (NO2),200,40380,"Rochester, NY",36,New York,55,Monroe,43.14501268,-77.55728026
02/08/2023,AQS,1,23.5,ppb,22,Rochester Near-Road,24,100,42602,Nitrogen dioxide (NO2),200,40380,"Rochester, NY",36,New York,55,Monroe,43.14501268,-77.55728026
02/09/2023,AQS,1,27.6,ppb,25,Rochester Near-Road,24,100,42602,Nitrogen dioxide (NO2),200,40380,"Rochester, NY",36,New York,55,Monroe,43.14501268,-77.55728026
02/10/2023,AQS,1,8.9,ppb,8,Rochester Near-Road,24,100,42602,Nitrogen dioxide (NO2),200,40380,"Rochester, NY",36,New York,55,Monroe,43.14501268,-77.55728026
02/11/2023,AQS,1,13.2,ppb,12,Rochester Near-Road,24,100,42602,Nitrogen dioxide (NO2),200,40380,"Rochester, NY",36,New York,55,Monroe,43.14501268,-77.55728026
02/12/2023,AQS,1,20.5,ppb,19,Rochester Near-Road,24,100,42602,Nitrogen dioxide (NO2),200,40380,"Rochester, NY",36,New York,55,Monroe,43.14501268,-77.55728026
02/13/2023,AQS,1,19.7,ppb,18,Rochester Near-Road,19,79,42602,Nitrogen dioxide (NO2),200,40380,"Rochester, NY",36,New York,55,Monroe,43.14501268,-77.55728026
02/14/2023,AQS,1,19.6,ppb,18,Rochester Near-Road,24,100,42602,Nitrogen dioxide (NO2),200,40380,"Rochester, NY",36,New York,55,Monroe,43.14501268,-77.55728026
02/15/2023,AQS,1,8.9,ppb,8,Rochester Near-Road,24,100,42602,Nitrogen dioxide (NO2),200,40380,"Rochester, NY",36,New York,55,Monroe,43.14501268,-77.55728026
02/16/2023,AQS,1,10.4,ppb,9,Rochester Near-Road,24,100,42602,Nitrogen dioxide (NO2),200,40380,"Rochester, NY",36,New York,55,Monroe,43.14501268,-77.55728026
02/17/2023,AQS,1,5.3,ppb,5,Rochester Near-Road,24,100,42602,Nitrogen dioxide (NO2),200,40380,"Rochester, NY",36,New York,55,Monroe,43.14501268,-77.55728026
02/18/2023,AQS,1,18.5,ppb,17,Rochester Near-Road,24,100,42602,Nitrogen dioxide (NO2),200,40380,"Rochester, NY",36,New York,55,Monroe,43.14501268,-77.55728026
02/19/2023,AQS,1,18.1,ppb,17,Rochester Near-Road,24,100,42602,Nitrogen dioxide (NO2),200,40380,"Rochester, NY",36,New York,55,Monroe,43.14501268,-77.55728026
02/20/2023,AQS,1,27.7,ppb,25,Rochester Near-Road,24,100,42602,Nitrogen dioxide (NO2),200,40380,"Rochester, NY",36,New York,55,Monroe,43.14501268,-77.55728026
02/21/2023,AQS,1,28.8,ppb,26,Rochester Near-Road,24,100,42602,Nitrogen dioxide (NO2),200,40380,"Rochester, NY",36,New York,55,Monroe,43.14501268,-77.55728026
02/22/2023,AQS,1,6.9,ppb,6,Rochester Near-Road,19,79,42602,Nitrogen dioxide (NO2),200,40380,"Rochester, NY",36,New York,55,Monroe,43.14501268,-77.55728026
02/23/2023,AQS,1,16.1,ppb,15,Rochester Near-Road,24,100,42602,Nitrogen dioxide (NO2),200,40380,"Rochester, NY",36,New York,55,Monroe,43.14501268,-77.55728026
02/24/2023,AQS,1,16.6,ppb,15,Rochester Near-Road,24,100,42602,Nitrogen dioxide (NO2),200,40380,"Rochester, NY",36,New York,55,Monroe,43.14501268,-77.55728026
02/25/2023,AQS,1,32.5,ppb,30,Rochester Near-Road,24,100,42602,Nitrogen dioxide (NO2),200,40380,"Rochester, NY",36,New York,55,Monroe,43.14501268,-77.55728026
02/26/2023,AQS,1,22.7,ppb,21,Rochester Near-Road,24,100,42602,Nitrogen dioxide (NO2),200,40380,"Rochester, NY",36,New York,55,Monroe,43.14501268,-77.55728026
02/27/2023,AQS,1,13.4,ppb,12,Rochester Near-Road,24,100,42602,Nitrogen dioxide (NO2),200,40380,"Rochester, NY",36,New York,55,Monroe,43.14501268,-77.55728026
03/01/2023,AQS,1,22.1,ppb,21,Rochester Near-Road,19,79,42602,Nitrogen dioxide (NO2),200,40380,"Rochester, NY",36,New York,55,Monroe,43.14501268,-77.55728026
03/02/2023,AQS,1,24,ppb,23,Rochester Near-Road,24,100,42602,Nitrogen dioxide (NO2),200,40380,"Rochester, NY",36,New York,55,Monroe,43.14501268,-77.55728026
03/03/2023,AQS,1,26.5,ppb,25,Rochester Near-Road,24,100,42602,Nitrogen dioxide (NO2),200,40380,"Rochester, NY",36,New York,55,Monroe,43.14501268,-77.55728026
03/04/2023,AQS,1,18.9,ppb,17,Rochester Near-Road,24,100,42602,Nitrogen dioxide (NO2),200,40380,"Rochester, NY",36,New York,55,Monroe,43.14501268,-77.55728026
03/05/2023,AQS,1,20.7,ppb,19,Rochester Near-Road,24,100,42602,Nitrogen dioxide (NO2),200,40380,"Rochester, NY",36,New York,55,Monroe,43.14501268,-77.55728026
03/06/2023,AQS,1,24.9,ppb,23,Rochester Near-Road,19,79,42602,Nitrogen dioxide (NO2),200,40380,"Rochester, NY",36,New York,55,Monroe,43.14501268,-77.55728026
03/07/2023,AQS,1,22.5,ppb,21,Rochester Near-Road,24,100,42602,Nitrogen dioxide (NO2),200,40380,"Rochester, NY",36,New York,55,Monroe,43.14501268,-77.55728026
03/08/2023,AQS,1,10,ppb,9,Rochester Near-Road,24,100,42602,Nitrogen dioxide (NO2),200,40380,"Rochester, NY",36,New York,55,Monroe,43.14501268,-77.55728026
03/09/2023,AQS,1,30,ppb,28,Rochester Near-Road,24,100,42602,Nitrogen dioxide (NO2),200,40380,"Rochester, NY",36,New York,55,Monroe,43.14501268,-77.55728026
03/10/2023,AQS,1,26.2,ppb,25,Rochester Near-Road,24,100,42602,Nitrogen dioxide (NO2),200,40380,"Rochester, NY",36,New York,55,Monroe,43.14501268,-77.55728026
03/11/2023,AQS,1,18.6,ppb,17,Rochester Near-Road,24,100,42602,Nitrogen dioxide (NO2),200,40380,"Rochester, NY",36,New York,55,Monroe,43.14501268,-77.55728026
03/12/2023,AQS,1,25.3,ppb,24,Rochester Near-Road,24,100,42602,Nitrogen dioxide (NO2),200,40380,"Rochester, NY",36,New York,55,Monroe,43.14501268,-77.55728026
03/13/2023,AQS,1,17.7,ppb,16,Rochester Near-Road,24,100,42602,Nitrogen dioxide (NO2),200,40380,"Rochester, NY",36,New York,55,Monroe,43.14501268,-77.55728026
03/14/2023,AQS,1,4.8,ppb,4,Rochester Near-Road,24,100,42602,Nitrogen dioxide (NO2),200,40380,"Rochester, NY",36,New York,55,Monroe,43.14501268,-77.55728026
03/15/2023,AQS,1,9.6,ppb,8,Rochester Near-Road,19,79,42602,Nitrogen dioxide (NO2),200,40380,"Rochester, NY",36,New York,55,Monroe,43.14501268,-77.55728026
03/16/2023,AQS,1,34.1,ppb,32,Rochester Near-Road,24,100,42602,Nitrogen dioxide (NO2),200,40380,"Rochester, NY",36,New York,55,Monroe,43.14501268,-77.55728026
03/17/2023,AQS,1,12.3,ppb,11,Rochester Near-Road,24,100,42602,Nitrogen dioxide (NO2),200,40380,"Rochester, NY",36,New York,55,Monroe,43.14501268,-77.55728026
03/18/2023,AQS,1,5.8,ppb,5,Rochester Near-Road,24,100,42602,Nitrogen dioxide (NO2),200,40380,"Rochester, NY",36,New York,55,Monroe,43.14501268,-77.55728026
03/19/2023,AQS,1,3.6,ppb,3,Rochester Near-Road,24,100,42602,Nitrogen dioxide (NO2),200,40380,"Rochester, NY",36,New York,55,Monroe,43.14501268,-77.55728026
03/20/2023,AQS,1,12,ppb,11,Rochester Near-Road,21,88,42602,Nitrogen dioxide (NO2),200,40380,"Rochester, NY",36,New York,55,Monroe,43.14501268,-77.55728026
03/21/2023,AQS,1,18.8,ppb,17,Rochester Near-Road,24,100,42602,Nitrogen dioxide (NO2),200,40380,"Rochester, NY",36,New York,55,Monroe,43.14501268,-77.55728026
03/22/2023,AQS,1,26.4,ppb,25,Rochester Near-Road,24,100,42602,Nitrogen dioxide (NO2),200,40380,"Rochester, NY",36,New York,55,Monroe,43.14501268,-77.55728026
03/23/2023,AQS,1,18.8,ppb,17,Rochester Near-Road,24,100,42602,Nitrogen dioxide (NO2),200,40380,"Rochester, NY",36,New York,55,Monroe,43.14501268,-77.55728026
03/24/2023,AQS,1,11.6,ppb,10,Rochester Near-Road,24,100,42602,Nitrogen dioxide (NO2),200,40380,"Rochester, NY",36,New York,55,Monroe,43.14501268,-77.55728026
03/25/2023,AQS,1,5.7,ppb,5,Rochester Near-Road,24,100,42602,Nitrogen dioxide (NO2),200,40380,"Rochester, NY",36,New York,55,Monroe,43.14501268,-77.55728026
03/26/2023,AQS,1,7.2,ppb,7,Rochester Near-Road,24,100,42602,Nitrogen dioxide (NO2),200,40380,"Rochester, NY",36,New York,55,Monroe,43.14501268,-77.55728026
03/27/2023,AQS,1,35.9,ppb,33,Rochester Near-Road,19,79,42602,Nitrogen dioxide (NO2),200,40380,"Rochester, NY",36,New York,55,Monroe,43.14501268,-77.55728026
03/28/2023,AQS,1,20.7,ppb,19,Rochester Near-Road,24,100,42602,Nitrogen dioxide (NO2),200,40380,"Rochester, NY",36,New York,55,Monroe,43.14501268,-77.55728026
03/29/2023,AQS,1,14.3,ppb,13,Rochester Near-Road,24,100,42602,Nitrogen dioxide (NO2),200,40380,"Rochester, NY",36,New York,55,Monroe,43.14501268,-77.55728026
03/30/2023,AQS,1,22.9,ppb,21,Rochester Near-Road,24,100,42602,Nitrogen dioxide (NO2),200,40380,"Rochester, NY",36,New York,55,Monroe,43.14501268,-77.55728026
04/01/2023,AQS,1,5.7,ppb,5,Rochester Near-Road,24,100,42602,Nitrogen dioxide (NO2),200,40380,"Rochester, NY",36,New York,55,Monroe,43.14501268,-77.55728026
04/02/2023,AQS,1,9.6,ppb,8,Rochester Near-Road,24,100,42602,Nitrogen dioxide (NO2),200,40380,"Rochester, NY",36,New York,55,Monroe,43.14501268,-77.55728026
04/03/2023,AQS,1,15.2,ppb,14,Rochester Near-Road,19,79,42602,Nitrogen dioxide (NO2),200,40380,"Rochester, NY",36,New York,55,Monroe,43.14501268,-77.55728026
04/04/2023,AQS,1,11.2,ppb,10,Rochester Near-Road,24,100,42602,Nitrogen dioxide (NO2),200,40380,"Rochester, NY",36,New York,55,Monroe,43.14501268,-77.55728026
04/05/2023,AQS,1,13.8,ppb,12,Rochester Near-Road,24,100,42602,Nitrogen dioxide (NO2),200,40380,"Rochester, NY",36,New York,55,Monroe,43.14501268,-77.55728026
04/06/2023,AQS,1,8.1,ppb,8,Rochester Near-Road,24,100,42602,Nitrogen dioxide (NO2),200,40380,"Rochester, NY",36,New York,55,Monroe,43.14501268,-77.55728026
04/07/2023,AQS,1,5.6,ppb,5,Rochester Near-Road,24,100,42602,Nitrogen dioxide (NO2),200,40380,"Rochester, NY",36,New York,55,Monroe,43.14501268,-77.55728026
04/08/2023,AQS,1,31.8,ppb,29,Rochester Near-Road,24,100,42602,Nitrogen dioxide (NO2),200,40380,"Rochester, NY",36,New York,55,Monroe,43.14501268,-77.55728026
04/09/2023,AQS,1,30.6,ppb,28,Rochester Near-Road,24,100,42602,Nitrogen dioxide (NO2),200,40380,"Rochester, NY",36,New York,55,Monroe,43.14501268,-77.55728026
04/10/2023,AQS,1,14.6,ppb,13,Rochester Near-Road,20,83,42602,Nitrogen dioxide (NO2),200,40380,"Rochester, NY",36,New York,55,Monroe,43.14501268,-77.55728026
04/11/2023,AQS,1,10.4,ppb,9,Rochester Near-Road,24,100,42602,Nitrogen dioxide (NO2),200,40380,"Rochester, NY",36,New York,55,Monroe,43.14501268,-77.55728026
04/12/2023,AQS,1,14.7,ppb,13,Rochester Near-Road,24,100,42602,Nitrogen dioxide (NO2),200,40380,"Rochester, NY",36,New York,55,Monroe,43.14501268,-77.55728026
04/13/2023,AQS,1,10.7,ppb,9,Rochester Near-Road,24,100,42602,Nitrogen dioxide (NO2),200,40380,"Rochester, NY",36,New York,55,Monroe,43.14501268,-77.55728026
04/14/2023,AQS,1,14.8,ppb,13,Rochester Near-Road,24,100,42602,Nitrogen dioxide (NO2),200,40380,"Rochester, NY",36,New York,55,Monroe,43.14501268,-77.55728026
04/15/2023,AQS,1,15.5,ppb,14,Rochester Near-Road,24,100,42602,Nitrogen dioxide (NO2),200,40380,"Rochester, NY",36,New York,55,Monroe,43.14501268,-77.55728026
04/16/2023,AQS,1,15.8,ppb,14,Rochester Near-Road,24,100,42602,Nitrogen dioxide (NO2),200,40380,"Rochester, NY",36,New York,55,Monroe,43.14501268,-77.55728026
04/17/2023,AQS,1,7.5,ppb,7,Rochester Near-Road,19,79,42602,Nitrogen dioxide (NO2),200,40380,"Rochester, NY",36,New York,55,Monroe,43.14501268,-77.55728026
04/18/2023,AQS,1,7.9,ppb,7,Rochester Near-Road,24,100,42602,Nitrogen dioxide (NO2),200,40380,"Rochester, NY",36,New York,55,Monroe,43.14501268,-77.55728026
04/19/2023,AQS,1,12.2,ppb,11,Rochester Near-Road,24,100,42602,Nitrogen dioxide (NO2),200,40380,"Rochester, NY",36,New York,55,Monroe,43.14501268,-77.55728026
04/20/2023,AQS,1,12.7,ppb,11,Rochester Near-Road,24,100,42602,Nitrogen dioxide (NO2),200,40380,"Rochester, NY",36,New York,55,Monroe,43.14501268,-77.55728026
04/21/2023,AQS,1,16.4,ppb,15,Rochester Near-Road,24,100,42602,Nitrogen dioxide (NO2),200,40380,"Rochester, NY",36,New York,55,Monroe,43.14501268,-77.55728026
04/22/2023,AQS,1,7.4,ppb,7,Rochester Near-Road,24,100,42602,Nitrogen dioxide (NO2),200,40380,"Rochester, NY",36,New York,55,Monroe,43.14501268,-77.55728026
04/23/2023,AQS,1,5,ppb,5,Rochester Near-Road,24,100,42602,Nitrogen dioxide (NO2),200,40380,"Rochester, NY",36,New York,55,Monroe,43.14501268,-77.55728026
04/24/2023,AQS,1,10.4,ppb,9,Rochester Near-Road,24,100,42602,Nitrogen dioxide (NO2),200,40380,"Rochester, NY",36,New York,55,Monroe,43.14501268,-77.55728026
04/25/2023,AQS,1,9.6,ppb,8,Rochester Near-Road,24,100,42602,Nitrogen dioxide (NO2),200,40380,"Rochester, NY",36,New York,55,Monroe,43.14501268,-77.55728026
04/26/2023,AQS,1,14.1,ppb,13,Rochester Near-Road,19,79,42602,Nitrogen dioxide (NO2),200,40380,"Rochester, NY",36,New York,55,Monroe,43.14501268,-77.55728026
04/27/2023,AQS,1,22.8,ppb,21,Rochester Near-Road,24,100,42602,Nitrogen dioxide (NO2),200,40380,"Rochester, NY",36,New York,55,Monroe,43.14501268,-77.55728026
04/28/2023,AQS,1,13.9,ppb,12,Rochester Near-Road,24,100,42602,Nitrogen dioxide (NO2),200,40380,"Rochester, NY",36,New York,55,Monroe,43.14501268,-77.55728026
04/29/2023,AQS,1,4,ppb,4,Rochester Near-Road,24,100,42602,Nitrogen dioxide (NO2),200,40380,"Rochester, NY",36,New York,55,Monroe,43.14501268,-77.55728026
05/01/2023,AQS,1,6.5,ppb,6,Rochester Near-Road,19,79,42602,Nitrogen dioxide (NO2),200,40380,"Rochester, NY",36,New York,55,Monroe,43.14501268,-77.55728026
05/02/2023,AQS,1,12.8,ppb,11,Rochester Near-Road,24,100,42602,Nitrogen dioxide (NO2),200,40380,"Rochester, NY",36,New York,55,Monroe,43.14501268,-77.55728026
05/03/2023,AQS,1,11.4,ppb,10,Rochester Near-Road,23,96,42602,Nitrogen dioxide (NO2),200,40380,"Rochester, NY",36,New York,55,Monroe,43.14501268,-77.55728026
05/04/2023,AQS,1,17.7,ppb,16,Rochester Near-Road,24,100,42602,Nitrogen dioxide (NO2),200,40380,"Rochester, NY",36,New York,55,Monroe,43.14501268,-77.55728026
05/05/2023,AQS,1,18.9,ppb,17,Rochester Near-Road,24,100,42602,Nitrogen dioxide (NO2),200,40380,"Rochester, NY",36,New York,55,Monroe,43.14501268,-77.55728026
05/06/2023,AQS,1,13.8,ppb,12,Rochester Near-Road,24,100,42602,Nitrogen dioxide (NO2),200,40380,"Rochester, NY",36,New York,55,Monroe,43.14501268,-77.55728026
05/07/2023,AQS,1,12.1,ppb,11,Rochester Near-Road,24,100,42602,Nitrogen dioxide (NO2),200,40380,"Rochester, NY",36,New York,55,Monroe,43.14501268,-77.55728026
05/08/2023,AQS,1,14.5,ppb,13,Rochester Near-Road,19,79,42602,Nitrogen dioxide (NO2),200,40380,"Rochester, NY",36,New York,55,Monroe,43.14501268,-77.55728026
05/09/2023,AQS,1,11.7,ppb,10,Rochester Near-Road,24,100,42602,Nitrogen dioxide (NO2),200,40380,"Rochester, NY",36,New York,55,Monroe,43.14501268,-77.55728026
05/10/2023,AQS,1,10.7,ppb,9,Rochester Near-Road,24,100,42602,Nitrogen dioxide (NO2),200,40380,"Rochester, NY",36,New York,55,Monroe,43.14501268,-77.55728026
05/11/2023,AQS,1,9.4,ppb,8,Rochester Near-Road,24,100,42602,Nitrogen dioxide (NO2),200,40380,"Rochester, NY",36,New York,55,Monroe,43.14501268,-77.55728026
05/12/2023,AQS,1,11.9,ppb,10,Rochester Near-Road,24,100,42602,Nitrogen dioxide (NO2),200,40380,"Rochester, NY",36,New York,55,Monroe,43.14501268,-77.55728026
05/13/2023,AQS,1,9.1,ppb,8,Rochester Near-Road,24,100,42602,Nitrogen dioxide (NO2),200,40380,"Rochester, NY",36,New York,55,Monroe,43.14501268,-77.55728026
05/14/2023,AQS,1,12.7,ppb,11,Rochester Near-Road,24,100,42602,Nitrogen dioxide (NO2),200,40380,"Rochester, NY",36,New York,55,Monroe,43.14501268,-77.55728026
05/18/2023,AQS,1,12.7,ppb,11,Rochester Near-Road,24,100,42602,Nitrogen dioxide (NO2),200,40380,"Rochester, NY",36,New York,55,Monroe,43.14501268,-77.55728026
05/19/2023,AQS,1,16.6,ppb,15,Rochester Near-Road,24,100,42602,Nitrogen dioxide (NO2),200,40380,"Rochester, NY",36,New York,55,Monroe,43.14501268,-77.55728026
05/20/2023,AQS,1,9.2,ppb,8,Rochester Near-Road,24,100,42602,Nitrogen dioxide (NO2),200,40380,"Rochester, NY",36,New York,55,Monroe,43.14501268,-77.55728026
05/21/2023,AQS,1,6.3,ppb,6,Rochester Near-Road,24,100,42602,Nitrogen dioxide (NO2),200,40380,"Rochester, NY",36,New York,55,Monroe,43.14501268,-77.55728026
05/22/2023,AQS,1,12.1,ppb,11,Rochester Near-Road,20,83,42602,Nitrogen dioxide (NO2),200,40380,"Rochester, NY",36,New York,55,Monroe,43.14501268,-77.55728026
05/23/2023,AQS,1,11.4,ppb,10,Rochester Near-Road,24,100,42602,Nitrogen dioxide (NO2),200,40380,"Rochester, NY",36,New York,55,Monroe,43.14501268,-77.55728026
05/24/2023,AQS,1,10.1,ppb,9,Rochester Near-Road,24,100,42602,Nitrogen dioxide (NO2),200,40380,"Rochester, NY",36,New York,55,Monroe,43.14501268,-77.55728026
05/25/2023,AQS,1,13.8,ppb,12,Rochester Near-Road,24,100,42602,Nitrogen dioxide (NO2),200,40380,"Rochester, NY",36,New York,55,Monroe,43.14501268,-77.55728026
05/26/2023,AQS,1,14.5,ppb,13,Rochester Near-Road,24,100,42602,Nitrogen dioxide (NO2),200,40380,"Rochester, NY",36,New York,55,Monroe,43.14501268,-77.55728026
05/27/2023,AQS,1,13.9,ppb,12,Rochester Near-Road,24,100,42602,Nitrogen dioxide (NO2),200,40380,"Rochester, NY",36,New York,55,Monroe,43.14501268,-77.55728026
05/28/2023,AQS,1,13.3,ppb,12,Rochester Near-Road,24,100,42602,Nitrogen dioxide (NO2),200,40380,"Rochester, NY",36,New York,55,Monroe,43.14501268,-77.55728026
05/29/2023,AQS,1,8.2,ppb,8,Rochester Near-Road,24,100,42602,Nitrogen dioxide (NO2),200,40380,"Rochester, NY",36,New York,55,Monroe,43.14501268,-77.55728026
05/30/2023,AQS,1,13,ppb,12,Rochester Near-Road,24,100,42602,Nitrogen dioxide (NO2),200,40380,"Rochester, NY",36,New York,55,Monroe,43.14501268,-77.55728026
06/01/2023,AQS,1,28.2,ppb,26,Rochester Near-Road,24,100,42602,Nitrogen dioxide (NO2),200,40380,"Rochester, NY",36,New York,55,Monroe,43.14501268,-77.55728026
06/02/2023,AQS,1,14.4,ppb,13,Rochester Near-Road,24,100,42602,Nitrogen dioxide (NO2),200,40380,"Rochester, NY",36,New York,55,Monroe,43.14501268,-77.55728026
06/03/2023,AQS,1,5,ppb,5,Rochester Near-Road,24,100,42602,Nitrogen dioxide (NO2),200,40380,"Rochester, NY",36,New York,55,Monroe,43.14501268,-77.55728026
06/04/2023,AQS,1,15.6,ppb,14,Rochester Near-Road,24,100,42602,Nitrogen dioxide (NO2),200,40380,"Rochester, NY",36,New York,55,Monroe,43.14501268,-77.55728026
06/05/2023,AQS,1,15.4,ppb,14,Rochester Near-Road,24,100,42602,Nitrogen dioxide (NO2),200,40380,"Rochester, NY",36,New York,55,Monroe,43.14501268,-77.55728026
06/06/2023,AQS,1,11.5,ppb,10,Rochester Near-Road,24,100,42602,Nitrogen dioxide (NO2),200,40380,"Rochester, NY",36,New York,55,Monroe,43.14501268,-77.55728026
06/07/2023,AQS,1,7.7,ppb,7,Rochester Near-Road,19,79,42602,Nitrogen dioxide (NO2),200,40380,"Rochester, NY",36,New York,55,Monroe,43.14501268,-77.55728026
06/08/2023,AQS,1,5.3,ppb,5,Rochester Near-Road,24,100,42602,Nitrogen dioxide (NO2),200,40380,"Rochester, NY",36,New York,55,Monroe,43.14501268,-77.55728026
06/09/2023,AQS,1,8.9,ppb,8,Rochester Near-Road,24,100,42602,Nitrogen dioxide (NO2),200,40380,"Rochester, NY",36,New York,55,Monroe,43.14501268,-77.55728026
06/10/2023,AQS,1,10.4,ppb,9,Rochester Near-Road,24,100,42602,Nitrogen dioxide (NO2),200,40380,"Rochester, NY",36,New York,55,Monroe,43.14501268,-77.55728026
06/11/2023,AQS,1,7.3,ppb,7,Rochester Near-Road,24,100,42602,Nitrogen dioxide (NO2),200,40380,"Rochester, NY",36,New York,55,Monroe,43.14501268,-77.55728026
06/15/2023,AQS,1,11.8,ppb,10,Rochester Near-Road,24,100,42602,Nitrogen dioxide (NO2),200,40380,"Rochester, NY",36,New York,55,Monroe,43.14501268,-77.55728026
06/16/2023,AQS,1,13.8,ppb,12,Rochester Near-Road,24,100,42602,Nitrogen dioxide (NO2),200,40380,"Rochester, NY",36,New York,55,Monroe,43.14501268,-77.55728026
06/17/2023,AQS,1,8.6,ppb,8,Rochester Near-Road,24,100,42602,Nitrogen dioxide (NO2),200,40380,"Rochester, NY",36,New York,55,Monroe,43.14501268,-77.55728026
06/18/2023,AQS,1,7.3,ppb,7,Rochester Near-Road,24,100,42602,Nitrogen dioxide (NO2),200,40380,"Rochester, NY",36,New York,55,Monroe,43.14501268,-77.55728026
06/19/2023,AQS,1,7.7,ppb,7,Rochester Near-Road,24,100,42602,Nitrogen dioxide (NO2),200,40380,"Rochester, NY",36,New York,55,Monroe,43.14501268,-77.55728026
06/20/2023,AQS,1,8.8,ppb,8,Rochester Near-Road,24,100,42602,Nitrogen dioxide (NO2),200,40380,"Rochester, NY",36,New York,55,Monroe,43.14501268,-77.55728026
06/21/2023,AQS,1,13,ppb,12,Rochester Near-Road,18,75,42602,Nitrogen dioxide (NO2),200,40380,"Rochester, NY",36,New York,55,Monroe,43.14501268,-77.55728026
06/22/2023,AQS,1,10.6,ppb,9,Rochester Near-Road,24,100,42602,Nitrogen dioxide (NO2),200,40380,"Rochester, NY",36,New York,55,Monroe,43.14501268,-77.55728026
06/23/2023,AQS,1,7.7,ppb,7,Rochester Near-Road,24,100,42602,Nitrogen dioxide (NO2),200,40380,"Rochester, NY",36,New York,55,Monroe,43.14501268,-77.55728026
06/24/2023,AQS,1,10.6,ppb,9,Rochester Near-Road,24,100,42602,Nitrogen dioxide (NO2),200,40380,"Rochester, NY",36,New York,55,Monroe,43.14501268,-77.55728026
06/25/2023,AQS,1,4.5,ppb,4,Rochester Near-Road,24,100,42602,Nitrogen dioxide (NO2),200,40380,"Rochester, NY",36,New York,55,Monroe,43.14501268,-77.55728026
06/26/2023,AQS,1,8.2,ppb,8,Rochester Near-Road,19,79,42602,Nitrogen dioxide (NO2),200,40380,"Rochester, NY",36,New York,55,Monroe,43.14501268,-77.55728026
06/27/2023,AQS,1,9.6,ppb,8,Rochester Near-Road,24,100,42602,Nitrogen dioxide (NO2),200,40380,"Rochester, NY",36,New York,55,Monroe,43.14501268,-77.55728026
06/28/2023,AQS,1,9,ppb,8,Rochester Near-Road,24,100,42602,Nitrogen dioxide (NO2),200,40380,"Rochester, NY",36,New York,55,Monroe,43.14501268,-77.55728026
06/29/2023,AQS,1,13.4,ppb,12,Rochester Near-Road,24,100,42602,Nitrogen dioxide (NO2),200,40380,"Rochester, NY",36,New York,55,Monroe,43.14501268,-77.55728026
06/30/2023,AQS,1,15.7,ppb,14,Rochester Near-Road,24,100,42602,Nitrogen dioxide (NO2),200,40380,"Rochester, NY",36,New York,55,Monroe,43.14501268,-77.55728026
07/01/2023,AQS,1,5.7,ppb,5,Rochester Near-Road,24,100,42602,Nitrogen dioxide (NO2),200,40380,"Rochester, NY",36,New York,55,Monroe,43.14501268,-77.55728026
07/02/2023,AQS,1,6.2,ppb,6,Rochester Near-Road,24,100,42602,Nitrogen dioxide (NO2),200,40380,"Rochester, NY",36,New York,55,Monroe,43.14501268,-77.55728026
07/03/2023,AQS,1,8.9,ppb,8,Rochester Near-Road,19,79,42602,Nitrogen dioxide (NO2),200,40380,"Rochester, NY",36,New York,55,Monroe,43.14501268,-77.55728026
07/04/2023,AQS,1,12.6,ppb,11,Rochester Near-Road,24,100,42602,Nitrogen dioxide (NO2),200,40380,"Rochester, NY",36,New York,55,Monroe,43.14501268,-77.55728026
07/05/2023,AQS,1,11.9,ppb,10,Rochester Near-Road,24,100,42602,Nitrogen dioxide (NO2),200,40380,"Rochester, NY",36,New York,55,Monroe,43.14501268,-77.55728026
07/06/2023,AQS,1,10.6,ppb,9,Rochester Near-Road,23,96,42602,Nitrogen dioxide (NO2),200,40380,"Rochester, NY",36,New York,55,Monroe,43.14501268,-77.55728026
07/07/2023,AQS,1,11.9,ppb,10,Rochester Near-Road,24,100,42602,Nitrogen dioxide (NO2),200,40380,"Rochester, NY",36,New York,55,Monroe,43.14501268,-77.55728026
07/08/2023,AQS,1,5.9,ppb,5,Rochester Near-Road,24,100,42602,Nitrogen dioxide (NO2),200,40380,"Rochester, NY",36,New York,55,Monroe,43.14501268,-77.55728026
07/09/2023,AQS,1,9.7,ppb,8,Rochester Near-Road,24,100,42602,Nitrogen dioxide (NO2),200,40380,"Rochester, NY",36,New York,55,Monroe,43.14501268,-77.55728026
07/10/2023,AQS,1,12.8,ppb,11,Rochester Near-Road,24,100,42602,Nitrogen dioxide (NO2),200,40380,"Rochester, NY",36,New York,55,Monroe,43.14501268,-77.55728026
07/11/2023,AQS,1,9.2,ppb,8,Rochester Near-Road,24,100,42602,Nitrogen dioxide (NO2),200,40380,"Rochester, NY",36,New York,55,Monroe,43.14501268,-77.55728026
07/14/2023,AQS,1,11,ppb,10,Rochester Near-Road,24,100,42602,Nitrogen dioxide (NO2),200,40380,"Rochester, NY",36,New York,55,Monroe,43.14501268,-77.55728026
07/15/2023,AQS,1,6.8,ppb,6,Rochester Near-Road,24,100,42602,Nitrogen dioxide (NO2),200,40380,"Rochester, NY",36,New York,55,Monroe,43.14501268,-77.55728026
07/16/2023,AQS,1,6.1,ppb,6,Rochester Near-Road,24,100,42602,Nitrogen dioxide (NO2),200,40380,"Rochester, NY",36,New York,55,Monroe,43.14501268,-77.55728026
07/17/2023,AQS,1,8.2,ppb,8,Rochester Near-Road,18,75,42602,Nitrogen dioxide (NO2),200,40380,"Rochester, NY",36,New York,55,Monroe,43.14501268,-77.55728026
07/18/2023,AQS,1,14.7,ppb,13,Rochester Near-Road,24,100,42602,Nitrogen dioxide (NO2),200,40380,"Rochester, NY",36,New York,55,Monroe,43.14501268,-77.55728026
07/19/2023,AQS,1,15.5,ppb,14,Rochester Near-Road,24,100,42602,Nitrogen dioxide (NO2),200,40380,"Rochester, NY",36,New York,55,Monroe,43.14501268,-77.55728026
07/20/2023,AQS,1,9.7,ppb,8,Rochester Near-Road,24,100,42602,Nitrogen dioxide (NO2),200,40380,"Rochester, NY",36,New York,55,Monroe,43.14501268,-77.55728026
07/21/2023,AQS,1,9.7,ppb,8,Rochester Near-Road,24,100,42602,Nitrogen dioxide (NO2),200,40380,"Rochester, NY",36,New York,55,Monroe,43.14501268,-77.55728026
07/22/2023,AQS,1,8.1,ppb,8,Rochester Near-Road,24,100,42602,Nitrogen dioxide (NO2),200,40380,"Rochester, NY",36,New York,55,Monroe,43.14501268,-77.55728026
07/23/2023,AQS,1,6.8,ppb,6,Rochester Near-Road,24,100,42602,Nitrogen dioxide (NO2),200,40380,"Rochester, NY",36,New York,55,Monroe,43.14501268,-77.55728026
07/24/2023,AQS,1,12.3,ppb,11,Rochester Near-Road,24,100,42602,Nitrogen dioxide (NO2),200,40380,"Rochester, NY",36,New York,55,Monroe,43.14501268,-77.55728026
07/25/2023,AQS,1,14.1,ppb,13,Rochester Near-Road,24,100,42602,Nitrogen dioxide (NO2),200,40380,"Rochester, NY",36,New York,55,Monroe,43.14501268,-77.55728026
07/26/2023,AQS,1,9.4,ppb,8,Rochester Near-Road,24,100,42602,Nitrogen dioxide (NO2),200,40380,"Rochester, NY",36,New York,55,Monroe,43.14501268,-77.55728026
07/27/2023,AQS,1,12.2,ppb,11,Rochester Near-Road,24,100,42602,Nitrogen dioxide (NO2),200,40380,"Rochester, NY",36,New York,55,Monroe,43.14501268,-77.55728026
07/28/2023,AQS,1,15.6,ppb,14,Rochester Near-Road,20,83,42602,Nitrogen dioxide (NO2),200,40380,"Rochester, NY",36,New York,55,Monroe,43.14501268,-77.55728026
07/29/2023,AQS,1,5.5,ppb,5,Rochester Near-Road,24,100,42602,Nitrogen dioxide (NO2),200,40380,"Rochester, NY",36,New York,55,Monroe,43.14501268,-77.55728026
07/30/2023,AQS,1,7.9,ppb,7,Rochester Near-Road,24,100,42602,Nitrogen dioxide (NO2),200,40380,"Rochester, NY",36,New York,55,Monroe,43.14501268,-77.55728026
08/01/2023,AQS,1,11.7,ppb,10,Rochester Near-Road,24,100,42602,Nitrogen dioxide (NO2),200,40380,"Rochester, NY",36,New York,55,Monroe,43.14501268,-77.55728026
08/02/2023,AQS,1,10.2,ppb,9,Rochester Near-Road,24,100,42602,Nitrogen dioxide (NO2),200,40380,"Rochester, NY",36,New York,55,Monroe,43.14501268,-77.55728026
08/03/2023,AQS,1,13.3,ppb,12,Rochester Near-Road,24,100,42602,Nitrogen dioxide (NO2),200,40380,"Rochester, NY",36,New York,55,Monroe,43.14501268,-77.55728026
08/04/2023,AQS,1,16.5,ppb,15,Rochester Near-Road,24,100,42602,Nitrogen dioxide (NO2),200,40380,"Rochester, NY",36,New York,55,Monroe,43.14501268,-77.55728026
08/05/2023,AQS,1,12.2,ppb,11,Rochester Near-Road,24,100,42602,Nitrogen dioxide (NO2),200,40380,"Rochester, NY",36,New York,55,Monroe,43.14501268,-77.55728026
08/06/2023,AQS,1,7.9,ppb,7,Rochester Near-Road,24,100,42602,Nitrogen dioxide (NO2),200,40380,"Rochester, NY",36,New York,55,Monroe,43.14501268,-77.55728026
08/07/2023,AQS,1,9.3,ppb,8,Rochester Near-Road,19,79,42602,Nitrogen dioxide (NO2),200,40380,"Rochester, NY",36,New York,55,Monroe,43.14501268,-77.55728026
08/08/2023,AQS,1,9.2,ppb,8,Rochester Near-Road,24,100,42602,Nitrogen dioxide (NO2),200,40380,"Rochester, NY",36,New York,55,Monroe,43.14501268,-77.55728026
08/09/2023,AQS,1,9.5,ppb,8,Rochester Near-Road,23,96,42602,Nitrogen dioxide (NO2),200,40380,"Rochester, NY",36,New York,55,Monroe,43.14501268,-77.55728026
08/10/2023,AQS,1,9.4,ppb,8,Rochester Near-Road,24,100,42602,Nitrogen dioxide (NO2),200,40380,"Rochester, NY",36,New York,55,Monroe,43.14501268,-77.55728026
08/11/2023,AQS,1,11.8,ppb,10,Rochester Near-Road,24,100,42602,Nitrogen dioxide (NO2),200,40380,"Rochester, NY",36,New York,55,Monroe,43.14501268,-77.55728026
08/12/2023,AQS,1,7.1,ppb,7,Rochester Near-Road,24,100,42602,Nitrogen dioxide (NO2),200,40380,"Rochester, NY",36,New York,55,Monroe,43.14501268,-77.55728026
08/13/2023,AQS,1,6.6,ppb,6,Rochester Near-Road,24,100,42602,Nitrogen dioxide (NO2),200,40380,"Rochester, NY",36,New York,55,Monroe,43.14501268,-77.55728026
08/18/2023,AQS,1,10.1,ppb,9,Rochester Near-Road,24,100,42602,Nitrogen dioxide (NO2),200,40380,"Rochester, NY",36,New York,55,Monroe,43.14501268,-77.55728026
08/19/2023,AQS,1,6.2,ppb,6,Rochester Near-Road,24,100,42602,Nitrogen dioxide (NO2),200,40380,"Rochester, NY",36,New York,55,Monroe,43.14501268,-77.55728026
08/22/2023,AQS,1,17.5,ppb,16,Rochester Near-Road,24,100,42602,Nitrogen dioxide (NO2),200,40380,"Rochester, NY",36,New York,55,Monroe,43.14501268,-77.55728026
08/23/2023,AQS,1,11.4,ppb,10,Rochester Near-Road,24,100,42602,Nitrogen dioxide (NO2),200,40380,"Rochester, NY",36,New York,55,Monroe,43.14501268,-77.55728026
08/24/2023,AQS,1,14.3,ppb,13,Rochester Near-Road,24,100,42602,Nitrogen dioxide (NO2),200,40380,"Rochester, NY",36,New York,55,Monroe,43.14501268,-77.55728026
08/25/2023,AQS,1,15.3,ppb,14,Rochester Near-Road,24,100,42602,Nitrogen dioxide (NO2),200,40380,"Rochester, NY",36,New York,55,Monroe,43.14501268,-77.55728026
08/26/2023,AQS,1,8.1,ppb,8,Rochester Near-Road,24,100,42602,Nitrogen dioxide (NO2),200,40380,"Rochester, NY",36,New York,55,Monroe,43.14501268,-77.55728026
08/27/2023,AQS,1,12.2,ppb,11,Rochester Near-Road,24,100,42602,Nitrogen dioxide (NO2),200,40380,"Rochester, NY",36,New York,55,Monroe,43.14501268,-77.55728026
08/28/2023,AQS,1,10.9,ppb,9,Rochester Near-Road,21,88,42602,Nitrogen dioxide (NO2),200,40380,"Rochester, NY",36,New York,55,Monroe,43.14501268,-77.55728026
08/29/2023,AQS,1,12.9,ppb,11,Rochester Near-Road,24,100,42602,Nitrogen dioxide (NO2),200,40380,"Rochester, NY",36,New York,55,Monroe,43.14501268,-77.55728026
08/30/2023,AQS,1,11.7,ppb,10,Rochester Near-Road,19,79,42602,Nitrogen dioxide (NO2),200,40380,"Rochester, NY",36,New York,55,Monroe,43.14501268,-77.55728026
09/01/2023,AQS,1,11.7,ppb,10,Rochester Near-Road,24,100,42602,Nitrogen dioxide (NO2),200,40380,"Rochester, NY",36,New York,55,Monroe,43.14501268,-77.55728026
09/02/2023,AQS,1,9.3,ppb,8,Rochester Near-Road,24,100,42602,Nitrogen dioxide (NO2),200,40380,"Rochester, NY",36,New York,55,Monroe,43.14501268,-77.55728026
09/03/2023,AQS,1,6.8,ppb,6,Rochester Near-Road,24,100,42602,Nitrogen dioxide (NO2),200,40380,"Rochester, NY",36,New York,55,Monroe,43.14501268,-77.55728026
09/04/2023,AQS,1,6.8,ppb,6,Rochester Near-Road,24,100,42602,Nitrogen dioxide (NO2),200,40380,"Rochester, NY",36,New York,55,Monroe,43.14501268,-77.55728026
09/05/2023,AQS,1,13.8,ppb,12,Rochester Near-Road,24,100,42602,Nitrogen dioxide (NO2),200,40380,"Rochester, NY",36,New York,55,Monroe,43.14501268,-77.55728026
09/06/2023,AQS,1,12.7,ppb,11,Rochester Near-Road,21,88,42602,Nitrogen dioxide (NO2),200,40380,"Rochester, NY",36,New York,55,Monroe,43.14501268,-77.55728026
09/07/2023,AQS,1,12.5,ppb,11,Rochester Near-Road,24,100,42602,Nitrogen dioxide (NO2),200,40380,"Rochester, NY",36,New York,55,Monroe,43.14501268,-77.55728026
09/08/2023,AQS,1,7.5,ppb,7,Rochester Near-Road,24,100,42602,Nitrogen dioxide (NO2),200,40380,"Rochester, NY",36,New York,55,Monroe,43.14501268,-77.55728026
09/09/2023,AQS,1,7.4,ppb,7,Rochester Near-Road,24,100,42602,Nitrogen dioxide (NO2),200,40380,"Rochester, NY",36,New York,55,Monroe,43.14501268,-77.55728026
09/10/2023,AQS,1,12.3,ppb,11,Rochester Near-Road,24,100,42602,Nitrogen dioxide (NO2),200,40380,"Rochester, NY",36,New York,55,Monroe,43.14501268,-77.55728026
09/11/2023,AQS,1,20,ppb,19,Rochester Near-Road,20,83,42602,Nitrogen dioxide (NO2),200,40380,"Rochester, NY",36,New York,55,Monroe,43.14501268,-77.55728026
09/12/2023,AQS,1,12.2,ppb,11,Rochester Near-Road,21,88,42602,Nitrogen dioxide (NO2),200,40380,"Rochester, NY",36,New York,55,Monroe,43.14501268,-77.55728026
09/13/2023,AQS,1,12.1,ppb,11,Rochester Near-Road,23,96,42602,Nitrogen dioxide (NO2),200,40380,"Rochester, NY",36,New York,55,Monroe,43.14501268,-77.55728026
09/14/2023,AQS,1,14.2,ppb,13,Rochester Near-Road,24,100,42602,Nitrogen dioxide (NO2),200,40380,"Rochester, NY",36,New York,55,Monroe,43.14501268,-77.55728026
09/15/2023,AQS,1,18.1,ppb,17,Rochester Near-Road,24,100,42602,Nitrogen dioxide (NO2),200,40380,"Rochester, NY",36,New York,55,Monroe,43.14501268,-77.55728026
09/16/2023,AQS,1,13.7,ppb,12,Rochester Near-Road,24,100,42602,Nitrogen dioxide (NO2),200,40380,"Rochester, NY",36,New York,55,Monroe,43.14501268,-77.55728026
09/17/2023,AQS,1,14.6,ppb,13,Rochester Near-Road,20,83,42602,Nitrogen dioxide (NO2),200,40380,"Rochester, NY",36,New York,55,Monroe,43.14501268,-77.55728026
09/18/2023,AQS,1,17,ppb,16,Rochester Near-Road,21,88,42602,Nitrogen dioxide (NO2),200,40380,"Rochester, NY",36,New York,55,Monroe,43.14501268,-77.55728026
09/19/2023,AQS,1,16,ppb,15,Rochester Near-Road,24,100,42602,Nitrogen dioxide (NO2),200,40380,"Rochester, NY",36,New York,55,Monroe,43.14501268,-77.55728026
09/20/2023,AQS,1,17.1,ppb,16,Rochester Near-Road,24,100,42602,Nitrogen dioxide (NO2),200,40380,"Rochester, NY",36,New York,55,Monroe,43.14501268,-77.55728026
09/21/2023,AQS,1,17.4,ppb,16,Rochester Near-Road,24,100,42602,Nitrogen dioxide (NO2),200,40380,"Rochester, NY",36,New York,55,Monroe,43.14501268,-77.55728026
09/22/2023,AQS,1,17.8,ppb,16,Rochester Near-Road,24,100,42602,Nitrogen dioxide (NO2),200,40380,"Rochester, NY",36,New York,55,Monroe,43.14501268,-77.55728026
09/23/2023,AQS,1,11.9,ppb,10,Rochester Near-Road,24,100,42602,Nitrogen dioxide (NO2),200,40380,"Rochester, NY",36,New York,55,Monroe,43.14501268,-77.55728026
09/24/2023,AQS,1,11.5,ppb,10,Rochester Near-Road,24,100,42602,Nitrogen dioxide (NO2),200,40380,"Rochester, NY",36,New York,55,Monroe,43.14501268,-77.55728026
09/25/2023,AQS,1,24.1,ppb,23,Rochester Near-Road,21,88,42602,Nitrogen dioxide (NO2),200,40380,"Rochester, NY",36,New York,55,Monroe,43.14501268,-77.55728026
09/26/2023,AQS,1,12.5,ppb,11,Rochester Near-Road,24,100,42602,Nitrogen dioxide (NO2),200,40380,"Rochester, NY",36,New York,55,Monroe,43.14501268,-77.55728026
09/27/2023,AQS,1,18.1,ppb,17,Rochester Near-Road,24,100,42602,Nitrogen dioxide (NO2),200,40380,"Rochester, NY",36,New York,55,Monroe,43.14501268,-77.55728026
09/28/2023,AQS,1,19,ppb,18,Rochester Near-Road,24,100,42602,Nitrogen dioxide (NO2),200,40380,"Rochester, NY",36,New York,55,Monroe,43.14501268,-77.55728026
09/29/2023,AQS,1,13.3,ppb,12,Rochester Near-Road,24,100,42602,Nitrogen dioxide (NO2),200,40380,"Rochester, NY",36,New York,55,Monroe,43.14501268,-77.55728026
10/01/2023,AQS,1,11.8,ppb,10,Rochester Near-Road,24,100,42602,Nitrogen dioxide (NO2),200,40380,"Rochester, NY",36,New York,55,Monroe,43.14501268,-77.55728026
10/02/2023,AQS,1,15.3,ppb,14,Rochester Near-Road,21,88,42602,Nitrogen dioxide (NO2),200,40380,"Rochester, NY",36,New York,55,Monroe,43.14501268,-77.55728026
10/03/2023,AQS,1,17.9,ppb,16,Rochester Near-Road,24,100,42602,Nitrogen dioxide (NO2),200,40380,"Rochester, NY",36,New York,55,Monroe,43.14501268,-77.55728026
10/04/2023,AQS,1,14.9,ppb,13,Rochester Near-Road,24,100,42602,Nitrogen dioxide (NO2),200,40380,"Rochester, NY",36,New York,55,Monroe,43.14501268,-77.55728026
10/05/2023,AQS,1,15.1,ppb,14,Rochester Near-Road,24,100,42602,Nitrogen dioxide (NO2),200,40380,"Rochester, NY",36,New York,55,Monroe,43.14501268,-77.55728026
10/06/2023,AQS,1,11.7,ppb,10,Rochester Near-Road,24,100,42602,Nitrogen dioxide (NO2),200,40380,"Rochester, NY",36,New York,55,Monroe,43.14501268,-77.55728026
10/07/2023,AQS,1,7.6,ppb,7,Rochester Near-Road,24,100,42602,Nitrogen dioxide (NO2),200,40380,"Rochester, NY",36,New York,55,Monroe,43.14501268,-77.55728026
10/08/2023,AQS,1,3.5,ppb,3,Rochester Near-Road,24,100,42602,Nitrogen dioxide (NO2),200,40380,"Rochester, NY",36,New York,55,Monroe,43.14501268,-77.55728026
10/09/2023,AQS,1,9.2,ppb,8,Rochester Near-Road,24,100,42602,Nitrogen dioxide (NO2),200,40380,"Rochester, NY",36,New York,55,Monroe,43.14501268,-77.55728026
10/10/2023,AQS,1,13.7,ppb,12,Rochester Near-Road,24,100,42602,Nitrogen dioxide (NO2),200,40380,"Rochester, NY",36,New York,55,Monroe,43.14501268,-77.55728026
10/11/2023,AQS,1,9.1,ppb,8,Rochester Near-Road,19,79,42602,Nitrogen dioxide (NO2),200,40380,"Rochester, NY",36,New York,55,Monroe,43.14501268,-77.55728026
10/12/2023,AQS,1,13.3,ppb,12,Rochester Near-Road,24,100,42602,Nitrogen dioxide (NO2),200,40380,"Rochester, NY",36,New York,55,Monroe,43.14501268,-77.55728026
10/13/2023,AQS,1,18,ppb,17,Rochester Near-Road,24,100,42602,Nitrogen dioxide (NO2),200,40380,"Rochester, NY",36,New York,55,Monroe,43.14501268,-77.55728026
10/14/2023,AQS,1,13.5,ppb,12,Rochester Near-Road,24,100,42602,Nitrogen dioxide (NO2),200,40380,"Rochester, NY",36,New York,55,Monroe,43.14501268,-77.55728026
10/15/2023,AQS,1,6.8,ppb,6,Rochester Near-Road,24,100,42602,Nitrogen dioxide (NO2),200,40380,"Rochester, NY",36,New York,55,Monroe,43.14501268,-77.55728026
10/16/2023,AQS,1,7.6,ppb,7,Rochester Near-Road,22,92,42602,Nitrogen dioxide (NO2),200,40380,"Rochester, NY",36,New York,55,Monroe,43.14501268,-77.55728026
10/17/2023,AQS,1,13.3,ppb,12,Rochester Near-Road,24,100,42602,Nitrogen dioxide (NO2),200,40380,"Rochester, NY",36,New York,55,Monroe,43.14501268,-77.55728026
10/18/2023,AQS,1,14.4,ppb,13,Rochester Near-Road,24,100,42602,Nitrogen dioxide (NO2),200,40380,"Rochester, NY",36,New York,55,Monroe,43.14501268,-77.55728026
10/19/2023,AQS,1,14.6,ppb,13,Rochester Near-Road,24,100,42602,Nitrogen dioxide (NO2),200,40380,"Rochester, NY",36,New York,55,Monroe,43.14501268,-77.55728026
10/20/2023,AQS,1,12.6,ppb,11,Rochester Near-Road,24,100,42602,Nitrogen dioxide (NO2),200,40380,"Rochester, NY",36,New York,55,Monroe,43.14501268,-77.55728026
10/21/2023,AQS,1,7.3,ppb,7,Rochester Near-Road,24,100,42602,Nitrogen dioxide (NO2),200,40380,"Rochester, NY",36,New York,55,Monroe,43.14501268,-77.55728026
10/22/2023,AQS,1,3.8,ppb,3,Rochester Near-Road,24,100,42602,Nitrogen dioxide (NO2),200,40380,"Rochester, NY",36,New York,55,Monroe,43.14501268,-77.55728026
10/23/2023,AQS,1,17.3,ppb,16,Rochester Near-Road,21,88,42602,Nitrogen dioxide (NO2),200,40380,"Rochester, NY",36,New York,55,Monroe,43.14501268,-77.55728026
10/24/2023,AQS,1,21.3,ppb,20,Rochester Near-Road,24,100,42602,Nitrogen dioxide (NO2),200,40380,"Rochester, NY",36,New York,55,Monroe,43.14501268,-77.55728026
10/25/2023,AQS,1,20,ppb,19,Rochester Near-Road,24,100,42602,Nitrogen dioxide (NO2),200,40380,"Rochester, NY",36,New York,55,Monroe,43.14501268,-77.55728026
10/26/2023,AQS,1,24.2,ppb,23,Rochester Near-Road,24,100,42602,Nitrogen dioxide (NO2),200,40380,"Rochester, NY",36,New York,55,Monroe,43.14501268,-77.55728026
10/27/2023,AQS,1,12.2,ppb,11,Rochester Near-Road,24,100,42602,Nitrogen dioxide (NO2),200,40380,"Rochester, NY",36,New York,55,Monroe,43.14501268,-77.55728026
10/28/2023,AQS,1,8.9,ppb,8,Rochester Near-Road,24,100,42602,Nitrogen dioxide (NO2),200,40380,"Rochester, NY",36,New York,55,Monroe,43.14501268,-77.55728026
10/29/2023,AQS,1,5,ppb,5,Rochester Near-Road,24,100,42602,Nitrogen dioxide (NO2),200,40380,"Rochester, NY",36,New York,55,Monroe,43.14501268,-77.55728026
10/30/2023,AQS,1,11,ppb,10,Rochester Near-Road,21,88,42602,Nitrogen dioxide (NO2),200,40380,"Rochester, NY",36,New York,55,Monroe,43.14501268,-77.55728026
11/01/2023,AQS,1,16.8,ppb,15,Rochester Near-Road,24,100,42602,Nitrogen dioxide (NO2),200,40380,"Rochester, NY",36,New York,55,Monroe,43.14501268,-77.55728026
11/02/2023,AQS,1,20.8,ppb,19,Rochester Near-Road,24,100,42602,Nitrogen dioxide (NO2),200,40380,"Rochester, NY",36,New York,55,Monroe,43.14501268,-77.55728026
11/03/2023,AQS,1,12.4,ppb,11,Rochester Near-Road,24,100,42602,Nitrogen dioxide (NO2),200,40380,"Rochester, NY",36,New York,55,Monroe,43.14501268,-77.55728026
11/04/2023,AQS,1,24.3,ppb,23,Rochester Near-Road,24,100,42602,Nitrogen dioxide (NO2),200,40380,"Rochester, NY",36,New York,55,Monroe,43.14501268,-77.55728026
11/05/2023,AQS,1,22.7,ppb,21,Rochester Near-Road,24,100,42602,Nitrogen dioxide (NO2),200,40380,"Rochester, NY",36,New York,55,Monroe,43.14501268,-77.55728026
11/06/2023,AQS,1,18.1,ppb,17,Rochester Near-Road,21,88,42602,Nitrogen dioxide (NO2),200,40380,"Rochester, NY",36,New York,55,Monroe,43.14501268,-77.55728026
11/07/2023,AQS,1,9.6,ppb,8,Rochester Near-Road,24,100,42602,Nitrogen dioxide (NO2),200,40380,"Rochester, NY",36,New York,55,Monroe,43.14501268,-77.55728026
11/08/2023,AQS,1,9.4,ppb,8,Rochester Near-Road,24,100,42602,Nitrogen dioxide (NO2),200,40380,"Rochester, NY",36,New York,55,Monroe,43.14501268,-77.55728026
11/09/2023,AQS,1,14.7,ppb,13,Rochester Near-Road,24,100,42602,Nitrogen dioxide (NO2),200,40380,"Rochester, NY",36,New York,55,Monroe,43.14501268,-77.55728026
11/10/2023,AQS,1,18.7,ppb,17,Rochester Near-Road,24,100,42602,Nitrogen dioxide (NO2),200,40380,"Rochester, NY",36,New York,55,Monroe,43.14501268,-77.55728026
11/11/2023,AQS,1,14.6,ppb,13,Rochester Near-Road,24,100,42602,Nitrogen dioxide (NO2),200,40380,"Rochester, NY",36,New York,55,Monroe,43.14501268,-77.55728026
11/12/2023,AQS,1,16.5,ppb,15,Rochester Near-Road,24,100,42602,Nitrogen dioxide (NO2),200,40380,"Rochester, NY",36,New York,55,Monroe,43.14501268,-77.55728026
11/13/2023,AQS,1,18.2,ppb,17,Rochester Near-Road,21,88,42602,Nitrogen dioxide (NO2),200,40380,"Rochester, NY",36,New York,55,Monroe,43.14501268,-77.55728026
11/14/2023,AQS,1,23.2,ppb,22,Rochester Near-Road,24,100,42602,Nitrogen dioxide (NO2),200,40380,"Rochester, NY",36,New York,55,Monroe,43.14501268,-77.55728026
11/15/2023,AQS,1,25.1,ppb,24,Rochester Near-Road,24,100,42602,Nitrogen dioxide (NO2),200,40380,"Rochester, NY",36,New York,55,Monroe,43.14501268,-77.55728026
11/16/2023,AQS,1,25.1,ppb,24,Rochester Near-Road,24,100,42602,Nitrogen dioxide (NO2),200,40380,"Rochester, NY",36,New York,55,Monroe,43.14501268,-77.55728026
11/17/2023,AQS,1,13.2,ppb,12,Rochester Near-Road,24,100,42602,Nitrogen dioxide (NO2),200,40380,"Rochester, NY",36,New York,55,Monroe,43.14501268,-77.55728026
11/18/2023,AQS,1,16.4,ppb,15,Rochester Near-Road,24,100,42602,Nitrogen dioxide (NO2),200,40380,"Rochester, NY",36,New York,55,Monroe,43.14501268,-77.55728026
11/19/2023,AQS,1,11.8,ppb,10,Rochester Near-Road,24,100,42602,Nitrogen dioxide (NO2),200,40380,"Rochester, NY",36,New York,55,Monroe,43.14501268,-77.55728026
11/20/2023,AQS,1,29.2,ppb,27,Rochester Near-Road,24,100,42602,Nitrogen dioxide (NO2),200,40380,"Rochester, NY",36,New York,55,Monroe,43.14501268,-77.55728026
11/21/2023,AQS,1,12.7,ppb,11,Rochester Near-Road,24,100,42602,Nitrogen dioxide (NO2),200,40380,"Rochester, NY",36,New York,55,Monroe,43.14501268,-77.55728026
11/22/2023,AQS,1,19.1,ppb,18,Rochester Near-Road,22,92,42602,Nitrogen dioxide (NO2),200,40380,"Rochester, NY",36,New York,55,Monroe,43.14501268,-77.55728026
11/23/2023,AQS,1,7.3,ppb,7,Rochester Near-Road,24,100,42602,Nitrogen dioxide (NO2),200,40380,"Rochester, NY",36,New York,55,Monroe,43.14501268,-77.55728026
11/24/2023,AQS,1,11.8,ppb,10,Rochester Near-Road,24,100,42602,Nitrogen dioxide (NO2),200,40380,"Rochester, NY",36,New York,55,Monroe,43.14501268,-77.55728026
11/25/2023,AQS,1,26,ppb,25,Rochester Near-Road,24,100,42602,Nitrogen dioxide (NO2),200,40380,"Rochester, NY",36,New York,55,Monroe,43.14501268,-77.55728026
11/26/2023,AQS,1,21.4,ppb,20,Rochester Near-Road,24,100,42602,Nitrogen dioxide (NO2),200,40380,"Rochester, NY",36,New York,55,Monroe,43.14501268,-77.55728026
11/27/2023,AQS,1,11.1,ppb,10,Rochester Near-Road,21,88,42602,Nitrogen dioxide (NO2),200,40380,"Rochester, NY",36,New York,55,Monroe,43.14501268,-77.55728026
11/28/2023,AQS,1,10.1,ppb,9,Rochester Near-Road,24,100,42602,Nitrogen dioxide (NO2),200,40380,"Rochester, NY",36,New York,55,Monroe,43.14501268,-77.55728026
11/29/2023,AQS,1,11.2,ppb,10,Rochester Near-Road,24,100,42602,Nitrogen dioxide (NO2),200,40380,"Rochester, NY",36,New York,55,Monroe,43.14501268,-77.55728026
12/01/2023,AQS,1,18.4,ppb,17,Rochester Near-Road,24,100,42602,Nitrogen dioxide (NO2),200,40380,"Rochester, NY",36,New York,55,Monroe,43.14501268,-77.55728026
12/02/2023,AQS,1,17.9,ppb,16,Rochester Near-Road,24,100,42602,Nitrogen dioxide (NO2),200,40380,"Rochester, NY",36,New York,55,Monroe,43.14501268,-77.55728026
12/03/2023,AQS,1,11.5,ppb,10,Rochester Near-Road,24,100,42602,Nitrogen dioxide (NO2),200,40380,"Rochester, NY",36,New York,55,Monroe,43.14501268,-77.55728026
12/04/2023,AQS,1,9.6,ppb,8,Rochester Near-Road,24,100,42602,Nitrogen dioxide (NO2),200,40380,"Rochester, NY",36,New York,55,Monroe,43.14501268,-77.55728026
12/05/2023,AQS,1,14.4,ppb,13,Rochester Near-Road,24,100,42602,Nitrogen dioxide (NO2),200,40380,"Rochester, NY",36,New York,55,Monroe,43.14501268,-77.55728026
12/06/2023,AQS,1,20.1,ppb,19,Rochester Near-Road,24,100,42602,Nitrogen dioxide (NO2),200,40380,"Rochester, NY",36,New York,55,Monroe,43.14501268,-77.55728026
12/07/2023,AQS,1,17,ppb,16,Rochester Near-Road,24,100,42602,Nitrogen dioxide (NO2),200,40380,"Rochester, NY",36,New York,55,Monroe,43.14501268,-77.55728026
12/08/2023,AQS,1,19.9,ppb,18,Rochester Near-Road,21,88,42602,Nitrogen dioxide (NO2),200,40380,"Rochester, NY",36,New York,55,Monroe,43.14501268,-77.55728026
12/09/2023,AQS,1,14.4,ppb,13,Rochester Near-Road,24,100,42602,Nitrogen dioxide (NO2),200,40380,"Rochester, NY",36,New York,55,Monroe,43.14501268,-77.55728026
12/10/2023,AQS,1,9.7,ppb,8,Rochester Near-Road,24,100,42602,Nitrogen dioxide (NO2),200,40380,"Rochester, NY",36,New York,55,Monroe,43.14501268,-77.55728026
12/11/2023,AQS,1,14.2,ppb,13,Rochester Near-Road,24,100,42602,Nitrogen dioxide (NO2),200,40380,"Rochester, NY",36,New York,55,Monroe,43.14501268,-77.55728026
12/12/2023,AQS,1,10,ppb,9,Rochester Near-Road,23,96,42602,Nitrogen dioxide (NO2),200,40380,"Rochester, NY",36,New York,55,Monroe,43.14501268,-77.55728026
12/13/2023,AQS,1,14.4,ppb,13,Rochester Near-Road,24,100,42602,Nitrogen dioxide (NO2),200,40380,"Rochester, NY",36,New York,55,Monroe,43.14501268,-77.55728026
12/14/2023,AQS,1,13.2,ppb,12,Rochester Near-Road,24,100,42602,Nitrogen dioxide (NO2),200,40380,"Rochester, NY",36,New York,55,Monroe,43.14501268,-77.55728026
12/15/2023,AQS,1,12,ppb,11,Rochester Near-Road,21,88,42602,Nitrogen dioxide (NO2),200,40380,"Rochester, NY",36,New York,55,Monroe,43.14501268,-77.55728026
12/16/2023,AQS,1,17.2,ppb,16,Rochester Near-Road,24,100,42602,Nitrogen dioxide (NO2),200,40380,"Rochester, NY",36,New York,55,Monroe,43.14501268,-77.55728026
12/17/2023,AQS,1,17.8,ppb,16,Rochester Near-Road,24,100,42602,Nitrogen dioxide (NO2),200,40380,"Rochester, NY",36,New York,55,Monroe,43.14501268,-77.55728026
12/18/2023,AQS,1,10.3,ppb,9,Rochester Near-Road,21,88,42602,Nitrogen dioxide (NO2),200,40380,"Rochester, NY",36,New York,55,Monroe,43.14501268,-77.55728026
12/19/2023,AQS,1,16.8,ppb,15,Rochester Near-Road,24,100,42602,Nitrogen dioxide (NO2),200,40380,"Rochester, NY",36,New York,55,Monroe,43.14501268,-77.55728026
12/20/2023,AQS,1,28.8,ppb,26,Rochester Near-Road,24,100,42602,Nitrogen dioxide (NO2),200,40380,"Rochester, NY",36,New York,55,Monroe,43.14501268,-77.55728026
12/21/2023,AQS,1,23.2,ppb,22,Rochester Near-Road,24,100,42602,Nitrogen dioxide (NO2),200,40380,"Rochester, NY",36,New York,55,Monroe,43.14501268,-77.55728026
12/22/2023,AQS,1,21.7,ppb,20,Rochester Near-Road,24,100,42602,Nitrogen dioxide (NO2),200,40380,"Rochester, NY",36,New York,55,Monroe,43.14501268,-77.55728026
12/23/2023,AQS,1,18,ppb,17,Rochester Near-Road,24,100,42602,Nitrogen dioxide (NO2),200,40380,"Rochester, NY",36,New York,55,Monroe,43.14501268,-77.55728026
12/24/2023,AQS,1,11.8,ppb,10,Rochester Near-Road,24,100,42602,Nitrogen dioxide (NO2),200,40380,"Rochester, NY",36,New York,55,Monroe,43.14501268,-77.55728026
12/25/2023,AQS,1,11.5,ppb,10,Rochester Near-Road,24,100,42602,Nitrogen dioxide (NO2),200,40380,"Rochester, NY",36,New York,55,Monroe,43.14501268,-77.55728026
12/26/2023,AQS,1,20.5,ppb,19,Rochester Near-Road,24,100,42602,Nitrogen dioxide (NO2),200,40380,"Rochester, NY",36,New York,55,Monroe,43.14501268,-77.55728026
12/27/2023,AQS,1,16.2,ppb,15,Rochester Near-Road,22,92,42602,Nitrogen dioxide (NO2),200,40380,"Rochester, NY",36,New York,55,Monroe,43.14501268,-77.55728026
12/28/2023,AQS,1,13.3,ppb,12,Rochester Near-Road,24,100,42602,Nitrogen dioxide (NO2),200,40380,"Rochester, NY",36,New York,55,Monroe,43.14501268,-77.55728026
12/29/2023,AQS,1,12.1,ppb,11,Rochester Near-Road,24,100,42602,Nitrogen dioxide (NO2),200,40380,"Rochester, NY",36,New York,55,Monroe,43.14501268,-77.55728026
12/30/2023,AQS,1,9.8,ppb,8,Rochester Near-Road,24,100,42602,Nitrogen dioxide (NO2),200,40380,"Rochester, NY",36,New York,55,Monroe,43.14501268,-77.55728026
12/31/2023,AQS,1,10.4,ppb,9,Rochester Near-Road,24,100,42602,Nitrogen dioxide (NO2),200,40380,"Rochester, NY",36,New York,55,Monroe,43.14501268,-77.55728026
01/01/2024,AQS,1,7.9,ppb,7,Rochester Near-Road,24,100,42602,Nitrogen dioxide (NO2),200,40380,"Rochester, NY",36,New York,55,Monroe,43.14501268,-77.55728026
01/02/2024,AQS,1,11.9,ppb,10,Rochester Near-Road,24,100,42602,Nitrogen dioxide (NO2),200,40380,"Rochester, NY",36,New York,55,Monroe,43.14501268,-77.55728026
01/03/2024,AQS,1,15.4,ppb,14,Rochester Near-Road,24,100,42602,Nitrogen dioxide (NO2),200,40380,"Rochester, NY",36,New York,55,Monroe,43.14501268,-77.55728026
01/04/2024,AQS,1,14.9,ppb,13,Rochester Near-Road,21,88,42602,Nitrogen dioxide (NO2),200,40380,"Rochester, NY",36,New York,55,Monroe,43.14501268,-77.55728026
01/05/2024,AQS,1,13.5,ppb,12,Rochester Near-Road,24,100,42602,Nitrogen dioxide (NO2),200,40380,"Rochester, NY",36,New York,55,Monroe,43.14501268,-77.55728026
01/06/2024,AQS,1,11.6,ppb,10,Rochester Near-Road,24,100,42602,Nitrogen dioxide (NO2),200,40380,"Rochester, NY",36,New York,55,Monroe,43.14501268,-77.55728026
01/07/2024,AQS,1,22.8,ppb,21,Rochester Near-Road,24,100,42602,Nitrogen dioxide (NO2),200,40380,"Rochester, NY",36,New York,55,Monroe,43.14501268,-77.55728026
01/08/2024,AQS,1,31.1,ppb,29,Rochester Near-Road,24,100,42602,Nitrogen dioxide (NO2),200,40380,"Rochester, NY",36,New York,55,Monroe,43.14501268,-77.55728026
01/09/2024,AQS,1,19.3,ppb,18,Rochester Near-Road,24,100,42602,Nitrogen dioxide (NO2),200,40380,"Rochester, NY",36,New York,55,Monroe,43.14501268,-77.55728026
01/10/2024,AQS,1,7.6,ppb,7,Rochester Near-Road,24,100,42602,Nitrogen dioxide (NO2),200,40380,"Rochester, NY",36,New York,55,Monroe,43.14501268,-77.55728026
01/11/2024,AQS,1,14.6,ppb,13,Rochester Near-Road,24,100,42602,Nitrogen dioxide (NO2),200,40380,"Rochester, NY",36,New York,55,Monroe,43.14501268,-77.55728026
01/12/2024,AQS,1,20.8,ppb,19,Rochester Near-Road,21,88,42602,Nitrogen dioxide (NO2),200,40380,"Rochester, NY",36,New York,55,Monroe,43.14501268,-77.55728026
01/13/2024,AQS,1,10.8,ppb,9,Rochester Near-Road,24,100,42602,Nitrogen dioxide (NO2),200,40380,"Rochester, NY",36,New York,55,Monroe,43.14501268,-77.55728026
01/14/2024,AQS,1,6.7,ppb,6,Rochester Near-Road,24,100,42602,Nitrogen dioxide (NO2),200,40380,"Rochester, NY",36,New York,55,Monroe,43.14501268,-77.55728026
01/15/2024,AQS,1,19.4,ppb,18,Rochester Near-Road,24,100,42602,Nitrogen dioxide (NO2),200,40380,"Rochester, NY",36,New York,55,Monroe,43.14501268,-77.55728026
01/16/2024,AQS,1,20.1,ppb,19,Rochester Near-Road,24,100,42602,Nitrogen dioxide (NO2),200,40380,"Rochester, NY",36,New York,55,Monroe,43.14501268,-77.55728026
01/17/2024,AQS,1,15.9,ppb,14,Rochester Near-Road,20,83,42602,Nitrogen dioxide (NO2),200,40380,"Rochester, NY",36,New York,55,Monroe,43.14501268,-77.55728026
01/18/2024,AQS,1,18.6,ppb,17,Rochester Near-Road,24,100,42602,Nitrogen dioxide (NO2),200,40380,"Rochester, NY",36,New York,55,Monroe,43.14501268,-77.55728026
01/19/2024,AQS,1,20.7,ppb,19,Rochester Near-Road,24,100,42602,Nitrogen dioxide (NO2),200,40380,"Rochester, NY",36,New York,55,Monroe,43.14501268,-77.55728026
01/20/2024,AQS,1,11.3,ppb,10,Rochester Near-Road,24,100,42602,Nitrogen dioxide (NO2),200,40380,"Rochester, NY",36,New York,55,Monroe,43.14501268,-77.55728026
01/21/2024,AQS,1,19.1,ppb,18,Rochester Near-Road,24,100,42602,Nitrogen dioxide (NO2),200,40380,"Rochester, NY",36,New York,55,Monroe,43.14501268,-77.55728026
01/22/2024,AQS,1,20.1,ppb,19,Rochester Near-Road,22,92,42602,Nitrogen dioxide (NO2),200,40380,"Rochester, NY",36,New York,55,Monroe,43.14501268,-77.55728026
01/23/2024,AQS,1,22.8,ppb,21,Rochester Near-Road,24,100,42602,Nitrogen dioxide (NO2),200,40380,"Rochester, NY",36,New York,55,Monroe,43.14501268,-77.55728026
01/24/2024,AQS,1,24.2,ppb,23,Rochester Near-Road,24,100,42602,Nitrogen dioxide (NO2),200,40380,"Rochester, NY",36,New York,55,Monroe,43.14501268,-77.55728026
01/25/2024,AQS,1,18.8,ppb,17,Rochester Near-Road,24,100,42602,Nitrogen dioxide (NO2),200,40380,"Rochester, NY",36,New York,55,Monroe,43.14501268,-77.55728026
01/26/2024,AQS,1,12.6,ppb,11,Rochester Near-Road,24,100,42602,Nitrogen dioxide (NO2),200,40380,"Rochester, NY",36,New York,55,Monroe,43.14501268,-77.55728026
01/27/2024,AQS,1,15.7,ppb,14,Rochester Near-Road,24,100,42602,Nitrogen dioxide (NO2),200,40380,"Rochester, NY",36,New York,55,Monroe,43.14501268,-77.55728026
01/28/2024,AQS,1,8,ppb,8,Rochester Near-Road,24,100,42602,Nitrogen dioxide (NO2),200,40380,"Rochester, NY",36,New York,55,Monroe,43.14501268,-77.55728026
01/29/2024,AQS,1,19.2,ppb,18,Rochester Near-Road,22,92,42602,Nitrogen dioxide (NO2),200,40380,"Rochester, NY",36,New York,55,Monroe,43.14501268,-77.55728026
01/30/2024,AQS,1,18.9,ppb,17,Rochester Near-Road,24,100,42602,Nitrogen dioxide (NO2),200,40380,"Rochester, NY",36,New York,55,Monroe,43.14501268,-77.55728026
01/31/2024,AQS,1,20,ppb,19,Rochester Near-Road,24,100,42602,Nitrogen dioxide (NO2),200,40380,"Rochester, NY",36,New York,55,Monroe,43.14501268,-77.55728026
02/01/2024,AQS,1,12.3,ppb,11,Rochester Near-Road,23,96,42602,Nitrogen dioxide (NO2),200,40380,"Rochester, NY",36,New York,55,Monroe,43.14501268,-77.55728026
02/02/2024,AQS,1,8.7,ppb,8,Rochester Near-Road,24,100,42602,Nitrogen dioxide (NO2),200,40380,"Rochester, NY",36,New York,55,Monroe,43.14501268,-77.55728026
02/03/2024,AQS,1,22.6,ppb,21,Rochester Near-Road,24,100,42602,Nitrogen dioxide (NO2),200,40380,"Rochester, NY",36,New York,55,Monroe,43.14501268,-77.55728026
02/04/2024,AQS,1,24.6,ppb,23,Rochester Near-Road,24,100,42602,Nitrogen dioxide (NO2),200,40380,"Rochester, NY",36,New York,55,Monroe,43.14501268,-77.55728026
02/05/2024,AQS,1,27.2,ppb,25,Rochester Near-Road,18,75,42602,Nitrogen dioxide (NO2),200,40380,"Rochester, NY",36,New York,55,Monroe,43.14501268,-77.55728026
02/06/2024,AQS,1,37.8,ppb,35,Rochester Near-Road,24,100,42602,Nitrogen dioxide (NO2),200,40380,"Rochester, NY",36,New York,55,Monroe,43.14501268,-77.55728026
02/07/2024,AQS,1,27.6,ppb,25,Rochester Near-Road,24,100,42602,Nitrogen dioxide (NO2),200,40380,"Rochester, NY",36,New York,55,Monroe,43.14501268,-77.55728026
02/08/2024,AQS,1,25.1,ppb,24,Rochester Near-Road,24,100,42602,Nitrogen dioxide (NO2),200,40380,"Rochester, NY",36,New York,55,Monroe,43.14501268,-77.55728026
02/09/2024,AQS,1,15.1,ppb,14,Rochester Near-Road,24,100,42602,Nitrogen dioxide (NO2),200,40380,"Rochester, NY",36,New York,55,Monroe,43.14501268,-77.55728026
02/10/2024,AQS,1,6.2,ppb,6,Rochester Near-Road,24,100,42602,Nitrogen dioxide (NO2),200,40380,"Rochester, NY",36,New York,55,Monroe,43.14501268,-77.55728026
02/11/2024,AQS,1,7.6,ppb,7,Rochester Near-Road,24,100,42602,Nitrogen dioxide (NO2),200,40380,"Rochester, NY",36,New York,55,Monroe,43.14501268,-77.55728026
02/12/2024,AQS,1,13.1,ppb,12,Rochester Near-Road,24,100,42602,Nitrogen dioxide (NO2),200,40380,"Rochester, NY",36,New York,55,Monroe,43.14501268,-77.55728026
02/13/2024,AQS,1,20.2,ppb,19,Rochester Near-Road,24,100,42602,Nitrogen dioxide (NO2),200,40380,"Rochester, NY",36,New York,55,Monroe,43.14501268,-77.55728026
02/14/2024,AQS,1,15,ppb,14,Rochester Near-Road,19,79,42602,Nitrogen dioxide (NO2),200,40380,"Rochester, NY",36,New York,55,Monroe,43.14501268,-77.55728026
02/15/2024,AQS,1,28.1,ppb,26,Rochester Near-Road,24,100,42602,Nitrogen dioxide (NO2),200,40380,"Rochester, NY",36,New York,55,Monroe,43.14501268,-77.55728026
02/16/2024,AQS,1,10.2,ppb,9,Rochester Near-Road,24,100,42602,Nitrogen dioxide (NO2),200,40380,"Rochester, NY",36,New York,55,Monroe,43.14501268,-77.55728026
02/17/2024,AQS,1,18.8,ppb,17,Rochester Near-Road,24,100,42602,Nitrogen dioxide (NO2),200,40380,"Rochester, NY",36,New York,55,Monroe,43.14501268,-77.55728026
02/18/2024,AQS,1,6.4,ppb,6,Rochester Near-Road,24,100,42602,Nitrogen dioxide (NO2),200,40380,"Rochester, NY",36,New York,55,Monroe,43.14501268,-77.55728026
02/19/2024,AQS,1,27.8,ppb,25,Rochester Near-Road,24,100,42602,Nitrogen dioxide (NO2),200,40380,"Rochester, NY",36,New York,55,Monroe,43.14501268,-77.55728026
02/20/2024,AQS,1,24.3,ppb,23,Rochester Near-Road,24,100,42602,Nitrogen dioxide (NO2),200,40380,"Rochester, NY",36,New York,55,Monroe,43.14501268,-77.55728026
02/21/2024,AQS,1,24.4,ppb,23,Rochester Near-Road,24,100,42602,Nitrogen dioxide (NO2),200,40380,"Rochester, NY",36,New York,55,Monroe,43.14501268,-77.55728026
02/22/2024,AQS,1,11.2,ppb,10,Rochester Near-Road,24,100,42602,Nitrogen dioxide (NO2),200,40380,"Rochester, NY",36,New York,55,Monroe,43.14501268,-77.55728026
02/23/2024,AQS,1,13.9,ppb,12,Rochester Near-Road,19,79,42602,Nitrogen dioxide (NO2),200,40380,"Rochester, NY",36,New York,55,Monroe,43.14501268,-77.55728026
02/24/2024,AQS,1,9,ppb,8,Rochester Near-Road,24,100,42602,Nitrogen dioxide (NO2),200,40380,"Rochester, NY",36,New York,55,Monroe,43.14501268,-77.55728026
02/25/2024,AQS,1,19.2,ppb,18,Rochester Near-Road,24,100,42602,Nitrogen dioxide (NO2),200,40380,"Rochester, NY",36,New York,55,Monroe,43.14501268,-77.55728026
02/26/2024,AQS,1,17.8,ppb,16,Rochester Near-Road,24,100,42602,Nitrogen dioxide (NO2),200,40380,"Rochester, NY",36,New York,55,Monroe,43.14501268,-77.55728026
02/27/2024,AQS,1,28.2,ppb,26,Rochester Near-Road,24,100,42602,Nitrogen dioxide (NO2),200,40380,"Rochester, NY",36,New York,55,Monroe,43.14501268,-77.55728026
02/28/2024,AQS,1,7.7,ppb,7,Rochester Near-Road,24,100,42602,Nitrogen dioxide (NO2),200,40380,"Rochester, NY",36,New York,55,Monroe,43.14501268,-77.55728026
02/29/2024,AQS,1,20.7,ppb,19,Rochester Near-Road,24,100,42602,Nitrogen dioxide (NO2),200,40380,"Rochester, NY",36,New York,55,Monroe,43.14501268,-77.55728026
03/01/2024,AQS,1,21.8,ppb,20,Rochester Near-Road,24,100,42602,Nitrogen dioxide (NO2),200,40380,"Rochester, NY",36,New York,55,Monroe,43.14501268,-77.55728026
03/02/2024,AQS,1,16.7,ppb,15,Rochester Near-Road,24,100,42602,Nitrogen dioxide (NO2),200,40380,"Rochester, NY",36,New York,55,Monroe,43.14501268,-77.55728026
03/03/2024,AQS,1,23.3,ppb,22,Rochester Near-Road,24,100,42602,Nitrogen dioxide (NO2),200,40380,"Rochester, NY",36,New York,55,Monroe,43.14501268,-77.55728026
03/04/2024,AQS,1,11.1,ppb,10,Rochester Near-Road,19,79,42602,Nitrogen dioxide (NO2),200,40380,"Rochester, NY",36,New York,55,Monroe,43.14501268,-77.55728026
03/05/2024,AQS,1,10.8,ppb,9,Rochester Near-Road,23,96,42602,Nitrogen dioxide (NO2),200,40380,"Rochester, NY",36,New York,55,Monroe,43.14501268,-77.55728026
03/06/2024,AQS,1,8.9,ppb,8,Rochester Near-Road,24,100,42602,Nitrogen dioxide (NO2),200,40380,"Rochester, NY",36,New York,55,Monroe,43.14501268,-77.55728026
03/07/2024,AQS,1,25.9,ppb,24,Rochester Near-Road,24,100,42602,Nitrogen dioxide (NO2),200,40380,"Rochester, NY",36,New York,55,Monroe,43.14501268,-77.55728026
03/08/2024,AQS,1,25.4,ppb,24,Rochester Near-Road,24,100,42602,Nitrogen dioxide (NO2),200,40380,"Rochester, NY",36,New York,55,Monroe,43.14501268,-77.55728026
03/09/2024,AQS,1,7.3,ppb,7,Rochester Near-Road,24,100,42602,Nitrogen dioxide (NO2),200,40380,"Rochester, NY",36,New York,55,Monroe,43.14501268,-77.55728026
03/10/2024,AQS,1,8,ppb,8,Rochester Near-Road,24,100,42602,Nitrogen dioxide (NO2),200,40380,"Rochester, NY",36,New York,55,Monroe,43.14501268,-77.55728026
03/11/2024,AQS,1,8.7,ppb,8,Rochester Near-Road,24,100,42602,Nitrogen dioxide (NO2),200,40380,"Rochester, NY",36,New York,55,Monroe,43.14501268,-77.55728026
03/12/2024,AQS,1,31.7,ppb,29,Rochester Near-Road,24,100,42602,Nitrogen dioxide (NO2),200,40380,"Rochester, NY",36,New York,55,Monroe,43.14501268,-77.55728026
03/13/2024,AQS,1,25.5,ppb,24,Rochester Near-Road,24,100,42602,Nitrogen dioxide (NO2),200,40380,"Rochester, NY",36,New York,55,Monroe,43.14501268,-77.55728026
03/14/2024,AQS,1,23.2,ppb,22,Rochester Near-Road,24,100,42602,Nitrogen dioxide (NO2),200,40380,"Rochester, NY",36,New York,55,Monroe,43.14501268,-77.55728026
03/15/2024,AQS,1,9.6,ppb,8,Rochester Near-Road,24,100,42602,Nitrogen dioxide (NO2),200,40380,"Rochester, NY",36,New York,55,Monroe,43.14501268,-77.55728026
03/16/2024,AQS,1,7.3,ppb,7,Rochester Near-Road,24,100,42602,Nitrogen dioxide (NO2),200,40380,"Rochester, NY",36,New York,55,Monroe,43.14501268,-77.55728026
03/17/2024,AQS,1,5.7,ppb,5,Rochester Near-Road,24,100,42602,Nitrogen dioxide (NO2),200,40380,"Rochester, NY",36,New York,55,Monroe,43.14501268,-77.55728026
03/18/2024,AQS,1,10.6,ppb,9,Rochester Near-Road,19,79,42602,Nitrogen dioxide (NO2),200,40380,"Rochester, NY",36,New York,55,Monroe,43.14501268,-77.55728026
03/19/2024,AQS,1,11.2,ppb,10,Rochester Near-Road,24,100,42602,Nitrogen dioxide (NO2),200,40380,"Rochester, NY",36,New York,55,Monroe,43.14501268,-77.55728026
03/20/2024,AQS,1,12.7,ppb,11,Rochester Near-Road,24,100,42602,Nitrogen dioxide (NO2),200,40380,"Rochester, NY",36,New York,55,Monroe,43.14501268,-77.55728026
03/21/2024,AQS,1,6.8,ppb,6,Rochester Near-Road,24,100,42602,Nitrogen dioxide (NO2),200,40380,"Rochester, NY",36,New York,55,Monroe,43.14501268,-77.55728026
03/22/2024,AQS,1,29,ppb,27,Rochester Near-Road,24,100,42602,Nitrogen dioxide (NO2),200,40380,"Rochester, NY",36,New York,55,Monroe,43.14501268,-77.55728026
03/23/2024,AQS,1,17.4,ppb,16,Rochester Near-Road,24,100,42602,Nitrogen dioxide (NO2),200,40380,"Rochester, NY",36,New York,55,Monroe,43.14501268,-77.55728026
03/24/2024,AQS,1,8.6,ppb,8,Rochester Near-Road,24,100,42602,Nitrogen dioxide (NO2),200,40380,"Rochester, NY",36,New York,55,Monroe,43.14501268,-77.55728026
03/25/2024,AQS,1,10.5,ppb,9,Rochester Near-Road,19,79,42602,Nitrogen dioxide (NO2),200,40380,"Rochester, NY",36,New York,55,Monroe,43.14501268,-77.55728026
03/26/2024,AQS,1,12,ppb,11,Rochester Near-Road,24,100,42602,Nitrogen dioxide (NO2),200,40380,"Rochester, NY",36,New York,55,Monroe,43.14501268,-77.55728026
03/27/2024,AQS,1,14.7,ppb,13,Rochester Near-Road,24,100,42602,Nitrogen dioxide (NO2),200,40380,"Rochester, NY",36,New York,55,Monroe,43.14501268,-77.55728026
03/28/2024,AQS,1,13.9,ppb,12,Rochester Near-Road,24,100,42602,Nitrogen dioxide (NO2),200,40380,"Rochester, NY",36,New York,55,Monroe,43.14501268,-77.55728026
03/29/2024,AQS,1,31,ppb,29,Rochester Near-Road,24,100,42602,Nitrogen dioxide (NO2),200,40380,"Rochester, NY",36,New York,55,Monroe,43.14501268,-77.55728026
03/30/2024,AQS,1,10.4,ppb,9,Rochester Near-Road,24,100,42602,Nitrogen dioxide (NO2),200,40380,"Rochester, NY",36,New York,55,Monroe,43.14501268,-77.55728026
03/31/2024,AQS,1,14.1,ppb,13,Rochester Near-Road,24,100,42602,Nitrogen dioxide (NO2),200,40380,"Rochester, NY",36,New York,55,Monroe,43.14501268,-77.55728026
04/01/2024,AQS,1,17.7,ppb,16,Rochester Near-Road,19,79,42602,Nitrogen dioxide (NO2),200,40380,"Rochester, NY",36,New York,55,Monroe,43.14501268,-77.55728026
04/02/2024,AQS,1,8.4,ppb,8,Rochester Near-Road,24,100,42602,Nitrogen dioxide (NO2),200,40380,"Rochester, NY",36,New York,55,Monroe,43.14501268,-77.55728026
04/03/2024,AQS,1,10.4,ppb,9,Rochester Near-Road,24,100,42602,Nitrogen dioxide (NO2),200,40380,"Rochester, NY",36,New York,55,Monroe,43.14501268,-77.55728026
04/04/2024,AQS,1,9.7,ppb,8,Rochester Near-Road,24,100,42602,Nitrogen dioxide (NO2),200,40380,"Rochester, NY",36,New York,55,Monroe,43.14501268,-77.55728026
04/05/2024,AQS,1,12,ppb,11,Rochester Near-Road,24,100,42602,Nitrogen dioxide (NO2),200,40380,"Rochester, NY",36,New York,55,Monroe,43.14501268,-77.55728026
04/06/2024,AQS,1,23.1,ppb,22,Rochester Near-Road,24,100,42602,Nitrogen dioxide (NO2),200,40380,"Rochester, NY",36,New York,55,Monroe,43.14501268,-77.55728026
04/07/2024,AQS,1,17.8,ppb,16,Rochester Near-Road,24,100,42602,Nitrogen dioxide (NO2),200,40380,"Rochester, NY",36,New York,55,Monroe,43.14501268,-77.55728026
04/08/2024,AQS,1,20.9,ppb,19,Rochester Near-Road,19,79,42602,Nitrogen dioxide (NO2),200,40380,"Rochester, NY",36,New York,55,Monroe,43.14501268,-77.55728026
04/09/2024,AQS,1,18.8,ppb,17,Rochester Near-Road,24,100,42602,Nitrogen dioxide (NO2),200,40380,"Rochester, NY",36,New York,55,Monroe,43.14501268,-77.55728026
04/10/2024,AQS,1,28.8,ppb,26,Rochester Near-Road,24,100,42602,Nitrogen dioxide (NO2),200,40380,"Rochester, NY",36,New York,55,Monroe,43.14501268,-77.55728026
04/11/2024,AQS,1,14.7,ppb,13,Rochester Near-Road,24,100,42602,Nitrogen dioxide (NO2),200,40380,"Rochester, NY",36,New York,55,Monroe,43.14501268,-77.55728026
04/12/2024,AQS,1,9.1,ppb,8,Rochester Near-Road,24,100,42602,Nitrogen dioxide (NO2),200,40380,"Rochester, NY",36,New York,55,Monroe,43.14501268,-77.55728026
04/13/2024,AQS,1,6.7,ppb,6,Rochester Near-Road,24,100,42602,Nitrogen dioxide (NO2),200,40380,"Rochester, NY",36,New York,55,Monroe,43.14501268,-77.55728026
04/14/2024,AQS,1,21.4,ppb,20,Rochester Near-Road,24,100,42602,Nitrogen dioxide (NO2),200,40380,"Rochester, NY",36,New York,55,Monroe,43.14501268,-77.55728026
04/15/2024,AQS,1,28.2,ppb,26,Rochester Near-Road,20,83,42602,Nitrogen dioxide (NO2),200,40380,"Rochester, NY",36,New York,55,Monroe,43.14501268,-77.55728026
04/16/2024,AQS,1,23.5,ppb,22,Rochester Near-Road,24,100,42602,Nitrogen dioxide (NO2),200,40380,"Rochester, NY",36,New York,55,Monroe,43.14501268,-77.55728026
04/17/2024,AQS,1,20.2,ppb,19,Rochester Near-Road,24,100,42602,Nitrogen dioxide (NO2),200,40380,"Rochester, NY",36,New York,55,Monroe,43.14501268,-77.55728026
04/18/2024,AQS,1,12.5,ppb,11,Rochester Near-Road,24,100,42602,Nitrogen dioxide (NO2),200,40380,"Rochester, NY",36,New York,55,Monroe,43.14501268,-77.55728026
04/19/2024,AQS,1,11.2,ppb,10,Rochester Near-Road,24,100,42602,Nitrogen dioxide (NO2),200,40380,"Rochester, NY",36,New York,55,Monroe,43.14501268,-77.55728026
04/20/2024,AQS,1,10.2,ppb,9,Rochester Near-Road,24,100,42602,Nitrogen dioxide (NO2),200,40380,"Rochester, NY",36,New York,55,Monroe,43.14501268,-77.55728026
04/21/2024,AQS,1,6.4,ppb,6,Rochester Near-Road,24,100,42602,Nitrogen dioxide (NO2),200,40380,"Rochester, NY",36,New York,55,Monroe,43.14501268,-77.55728026
04/22/2024,AQS,1,26,ppb,25,Rochester Near-Road,24,100,42602,Nitrogen dioxide (NO2),200,40380,"Rochester, NY",36,New York,55,Monroe,43.14501268,-77.55728026
04/23/2024,AQS,1,16.2,ppb,15,Rochester Near-Road,24,100,42602,Nitrogen dioxide (NO2),200,40380,"Rochester, NY",36,New York,55,Monroe,43.14501268,-77.55728026
04/24/2024,AQS,1,31.6,ppb,29,Rochester Near-Road,24,100,42602,Nitrogen dioxide (NO2),200,40380,"Rochester, NY",36,New York,55,Monroe,43.14501268,-77.55728026
04/25/2024,AQS,1,30.2,ppb,28,Rochester Near-Road,24,100,42602,Nitrogen dioxide (NO2),200,40380,"Rochester, NY",36,New York,55,Monroe,43.14501268,-77.55728026
04/26/2024,AQS,1,25.6,ppb,24,Rochester Near-Road,24,100,42602,Nitrogen dioxide (NO2),200,40380,"Rochester, NY",36,New York,55,Monroe,43.14501268,-77.55728026
04/27/2024,AQS,1,13.7,ppb,12,Rochester Near-Road,24,100,42602,Nitrogen dioxide (NO2),200,40380,"Rochester, NY",36,New York,55,Monroe,43.14501268,-77.55728026
04/28/2024,AQS,1,12.2,ppb,11,Rochester Near-Road,24,100,42602,Nitrogen dioxide (NO2),200,40380,"Rochester, NY",36,New York,55,Monroe,43.14501268,-77.55728026
04/29/2024,AQS,1,4.9,ppb,4,Rochester Near-Road,19,79,42602,Nitrogen dioxide (NO2),200,40380,"Rochester, NY",36,New York,55,Monroe,43.14501268,-77.55728026
04/30/2024,AQS,1,13.5,ppb,12,Rochester Near-Road,24,100,42602,Nitrogen dioxide (NO2),200,40380,"Rochester, NY",36,New York,55,Monroe,43.14501268,-77.55728026
05/01/2024,AQS,1,13,ppb,12,Rochester Near-Road,24,100,42602,Nitrogen dioxide (NO2),200,40380,"Rochester, NY",36,New York,55,Monroe,43.14501268,-77.55728026
05/02/2024,AQS,1,13.4,ppb,12,Rochester Near-Road,24,100,42602,Nitrogen dioxide (NO2),200,40380,"Rochester, NY",36,New York,55,Monroe,43.14501268,-77.55728026
05/03/2024,AQS,1,12.5,ppb,11,Rochester Near-Road,24,100,42602,Nitrogen dioxide (NO2),200,40380,"Rochester, NY",36,New York,55,Monroe,43.14501268,-77.55728026
05/04/2024,AQS,1,7,ppb,7,Rochester Near-Road,24,100,42602,Nitrogen dioxide (NO2),200,40380,"Rochester, NY",36,New York,55,Monroe,43.14501268,-77.55728026
05/05/2024,AQS,1,6.9,ppb,6,Rochester Near-Road,24,100,42602,Nitrogen dioxide (NO2),200,40380,"Rochester, NY",36,New York,55,Monroe,43.14501268,-77.55728026
05/09/2024,AQS,1,6.7,ppb,6,Rochester Near-Road,24,100,42602,Nitrogen dioxide (NO2),200,40380,"Rochester, NY",36,New York,55,Monroe,43.14501268,-77.55728026
05/10/2024,AQS,1,11.9,ppb,10,Rochester Near-Road,24,100,42602,Nitrogen dioxide (NO2),200,40380,"Rochester, NY",36,New York,55,Monroe,43.14501268,-77.55728026
05/11/2024,AQS,1,7,ppb,7,Rochester Near-Road,24,100,42602,Nitrogen dioxide (NO2),200,40380,"Rochester, NY",36,New York,55,Monroe,43.14501268,-77.55728026
05/12/2024,AQS,1,9.7,ppb,8,Rochester Near-Road,24,100,42602,Nitrogen dioxide (NO2),200,40380,"Rochester, NY",36,New York,55,Monroe,43.14501268,-77.55728026
05/13/2024,AQS,1,11.6,ppb,10,Rochester Near-Road,19,79,42602,Nitrogen dioxide (NO2),200,40380,"Rochester, NY",36,New York,55,Monroe,43.14501268,-77.55728026
05/14/2024,AQS,1,13,ppb,12,Rochester Near-Road,24,100,42602,Nitrogen dioxide (NO2),200,40380,"Rochester, NY",36,New York,55,Monroe,43.14501268,-77.55728026
05/15/2024,AQS,1,10.8,ppb,9,Rochester Near-Road,24,100,42602,Nitrogen dioxide (NO2),200,40380,"Rochester, NY",36,New York,55,Monroe,43.14501268,-77.55728026
05/16/2024,AQS,1,17.4,ppb,16,Rochester Near-Road,24,100,42602,Nitrogen dioxide (NO2),200,40380,"Rochester, NY",36,New York,55,Monroe,43.14501268,-77.55728026
05/17/2024,AQS,1,8.8,ppb,8,Rochester Near-Road,24,100,42602,Nitrogen dioxide (NO2),200,40380,"Rochester, NY",36,New York,55,Monroe,43.14501268,-77.55728026
05/18/2024,AQS,1,8.9,ppb,8,Rochester Near-Road,24,100,42602,Nitrogen dioxide (NO2),200,40380,"Rochester, NY",36,New York,55,Monroe,43.14501268,-77.55728026
05/19/2024,AQS,1,13.7,ppb,12,Rochester Near-Road,24,100,42602,Nitrogen dioxide (NO2),200,40380,"Rochester, NY",36,New York,55,Monroe,43.14501268,-77.55728026
05/20/2024,AQS,1,10.8,ppb,9,Rochester Near-Road,19,79,42602,Nitrogen dioxide (NO2),200,40380,"Rochester, NY",36,New York,55,Monroe,43.14501268,-77.55728026
05/21/2024,AQS,1,11,ppb,10,Rochester Near-Road,24,100,42602,Nitrogen dioxide (NO2),200,40380,"Rochester, NY",36,New York,55,Monroe,43.14501268,-77.55728026
05/22/2024,AQS,1,9.8,ppb,8,Rochester Near-Road,24,100,42602,Nitrogen dioxide (NO2),200,40380,"Rochester, NY",36,New York,55,Monroe,43.14501268,-77.55728026
05/23/2024,AQS,1,12.1,ppb,11,Rochester Near-Road,24,100,42602,Nitrogen dioxide (NO2),200,40380,"Rochester, NY",36,New York,55,Monroe,43.14501268,-77.55728026
05/24/2024,AQS,1,11.6,ppb,10,Rochester Near-Road,24,100,42602,Nitrogen dioxide (NO2),200,40380,"Rochester, NY",36,New York,55,Monroe,43.14501268,-77.55728026
05/25/2024,AQS,1,14.2,ppb,13,Rochester Near-Road,24,100,42602,Nitrogen dioxide (NO2),200,40380,"Rochester, NY",36,New York,55,Monroe,43.14501268,-77.55728026
05/26/2024,AQS,1,6.8,ppb,6,Rochester Near-Road,24,100,42602,Nitrogen dioxide (NO2),200,40380,"Rochester, NY",36,New York,55,Monroe,43.14501268,-77.55728026
05/27/2024,AQS,1,4.2,ppb,4,Rochester Near-Road,24,100,42602,Nitrogen dioxide (NO2),200,40380,"Rochester, NY",36,New York,55,Monroe,43.14501268,-77.55728026
05/28/2024,AQS,1,8.3,ppb,8,Rochester Near-Road,24,100,42602,Nitrogen dioxide (NO2),200,40380,"Rochester, NY",36,New York,55,Monroe,43.14501268,-77.55728026
05/29/2024,AQS,1,12.2,ppb,11,Rochester Near-Road,24,100,42602,Nitrogen dioxide (NO2),200,40380,"Rochester, NY",36,New York,55,Monroe,43.14501268,-77.55728026
05/30/2024,AQS,1,16.9,ppb,15,Rochester Near-Road,24,100,42602,Nitrogen dioxide (NO2),200,40380,"Rochester, NY",36,New York,55,Monroe,43.14501268,-77.55728026
05/31/2024,AQS,1,12.9,ppb,11,Rochester Near-Road,24,100,42602,Nitrogen dioxide (NO2),200,40380,"Rochester, NY",36,New York,55,Monroe,43.14501268,-77.55728026
06/01/2024,AQS,1,14.7,ppb,13,Rochester Near-Road,24,100,42602,Nitrogen dioxide (NO2),200,40380,"Rochester, NY",36,New York,55,Monroe,43.14501268,-77.55728026
06/02/2024,AQS,1,9.5,ppb,8,Rochester Near-Road,24,100,42602,Nitrogen dioxide (NO2),200,40380,"Rochester, NY",36,New York,55,Monroe,43.14501268,-77.55728026
06/03/2024,AQS,1,11.5,ppb,10,Rochester Near-Road,19,79,42602,Nitrogen dioxide (NO2),200,40380,"Rochester, NY",36,New York,55,Monroe,43.14501268,-77.55728026
06/04/2024,AQS,1,12.5,ppb,11,Rochester Near-Road,24,100,42602,Nitrogen dioxide (NO2),200,40380,"Rochester, NY",36,New York,55,Monroe,43.14501268,-77.55728026
06/05/2024,AQS,1,12.1,ppb,11,Rochester Near-Road,24,100,42602,Nitrogen dioxide (NO2),200,40380,"Rochester, NY",36,New York,55,Monroe,43.14501268,-77.55728026
06/06/2024,AQS,1,11.2,ppb,10,Rochester Near-Road,23,96,42602,Nitrogen dioxide (NO2),200,40380,"Rochester, NY",36,New York,55,Monroe,43.14501268,-77.55728026
06/07/2024,AQS,1,8.8,ppb,8,Rochester Near-Road,24,100,42602,Nitrogen dioxide (NO2),200,40380,"Rochester, NY",36,New York,55,Monroe,43.14501268,-77.55728026
06/08/2024,AQS,1,7.5,ppb,7,Rochester Near-Road,24,100,42602,Nitrogen dioxide (NO2),200,40380,"Rochester, NY",36,New York,55,Monroe,43.14501268,-77.55728026
06/09/2024,AQS,1,6.5,ppb,6,Rochester Near-Road,24,100,42602,Nitrogen dioxide (NO2),200,40380,"Rochester, NY",36,New York,55,Monroe,43.14501268,-77.55728026
06/10/2024,AQS,1,6.8,ppb,6,Rochester Near-Road,19,79,42602,Nitrogen dioxide (NO2),200,40380,"Rochester, NY",36,New York,55,Monroe,43.14501268,-77.55728026
06/11/2024,AQS,1,7.7,ppb,7,Rochester Near-Road,22,92,42602,Nitrogen dioxide (NO2),200,40380,"Rochester, NY",36,New York,55,Monroe,43.14501268,-77.55728026
06/12/2024,AQS,1,12,ppb,11,Rochester Near-Road,24,100,42602,Nitrogen dioxide (NO2),200,40380,"Rochester, NY",36,New York,55,Monroe,43.14501268,-77.55728026
06/13/2024,AQS,1,8.6,ppb,8,Rochester Near-Road,24,100,42602,Nitrogen dioxide (NO2),200,40380,"Rochester, NY",36,New York,55,Monroe,43.14501268,-77.55728026
06/14/2024,AQS,1,11,ppb,10,Rochester Near-Road,24,100,42602,Nitrogen dioxide (NO2),200,40380,"Rochester, NY",36,New York,55,Monroe,43.14501268,-77.55728026
06/15/2024,AQS,1,12.1,ppb,11,Rochester Near-Road,24,100,42602,Nitrogen dioxide (NO2),200,40380,"Rochester, NY",36,New York,55,Monroe,43.14501268,-77.55728026
06/16/2024,AQS,1,7.6,ppb,7,Rochester Near-Road,24,100,42602,Nitrogen dioxide (NO2),200,40380,"Rochester, NY",36,New York,55,Monroe,43.14501268,-77.55728026
06/19/2024,AQS,1,12.3,ppb,11,Rochester Near-Road,24,100,42602,Nitrogen dioxide (NO2),200,40380,"Rochester, NY",36,New York,55,Monroe,43.14501268,-77.55728026
06/20/2024,AQS,1,11.9,ppb,10,Rochester Near-Road,24,100,42602,Nitrogen dioxide (NO2),200,40380,"Rochester, NY",36,New York,55,Monroe,43.14501268,-77.55728026
06/21/2024,AQS,1,12.3,ppb,11,Rochester Near-Road,22,92,42602,Nitrogen dioxide (NO2),200,40380,"Rochester, NY",36,New York,55,Monroe,43.14501268,-77.55728026
06/22/2024,AQS,1,9.6,ppb,8,Rochester Near-Road,24,100,42602,Nitrogen dioxide (NO2),200,40380,"Rochester, NY",36,New York,55,Monroe,43.14501268,-77.55728026
06/23/2024,AQS,1,5.6,ppb,5,Rochester Near-Road,24,100,42602,Nitrogen dioxide (NO2),200,40380,"Rochester, NY",36,New York,55,Monroe,43.14501268,-77.55728026
06/25/2024,AQS,1,10.2,ppb,9,Rochester Near-Road,24,100,42602,Nitrogen dioxide (NO2),200,40380,"Rochester, NY",36,New York,55,Monroe,43.14501268,-77.55728026
06/26/2024,AQS,1,14.6,ppb,13,Rochester Near-Road,24,100,42602,Nitrogen dioxide (NO2),200,40380,"Rochester, NY",36,New York,55,Monroe,43.14501268,-77.55728026
06/27/2024,AQS,1,9.3,ppb,8,Rochester Near-Road,24,100,42602,Nitrogen dioxide (NO2),200,40380,"Rochester, NY",36,New York,55,Monroe,43.14501268,-77.55728026
06/28/2024,AQS,1,10.3,ppb,9,Rochester Near-Road,24,100,42602,Nitrogen dioxide (NO2),200,40380,"Rochester, NY",36,New York,55,Monroe,43.14501268,-77.55728026
06/29/2024,AQS,1,8,ppb,8,Rochester Near-Road,24,100,42602,Nitrogen dioxide (NO2),200,40380,"Rochester, NY",36,New York,55,Monroe,43.14501268,-77.55728026
07/01/2024,AQS,1,12,ppb,11,Rochester Near-Road,19,79,42602,Nitrogen dioxide (NO2),200,40380,"Rochester, NY",36,New York,55,Monroe,43.14501268,-77.55728026
07/02/2024,AQS,1,9.6,ppb,8,Rochester Near-Road,24,100,42602,Nitrogen dioxide (NO2),200,40380,"Rochester, NY",36,New York,55,Monroe,43.14501268,-77.55728026
07/03/2024,AQS,1,11.4,ppb,10,Rochester Near-Road,24,100,42602,Nitrogen dioxide (NO2),200,40380,"Rochester, NY",36,New York,55,Monroe,43.14501268,-77.55728026
07/04/2024,AQS,1,10.9,ppb,9,Rochester Near-Road,24,100,42602,Nitrogen dioxide (NO2),200,40380,"Rochester, NY",36,New York,55,Monroe,43.14501268,-77.55728026
07/05/2024,AQS,1,13.6,ppb,12,Rochester Near-Road,24,100,42602,Nitrogen dioxide (NO2),200,40380,"Rochester, NY",36,New York,55,Monroe,43.14501268,-77.55728026
07/06/2024,AQS,1,5.6,ppb,5,Rochester Near-Road,24,100,42602,Nitrogen dioxide (NO2),200,40380,"Rochester, NY",36,New York,55,Monroe,43.14501268,-77.55728026
07/07/2024,AQS,1,10.6,ppb,9,Rochester Near-Road,24,100,42602,Nitrogen dioxide (NO2),200,40380,"Rochester, NY",36,New York,55,Monroe,43.14501268,-77.55728026
07/08/2024,AQS,1,11.3,ppb,10,Rochester Near-Road,24,100,42602,Nitrogen dioxide (NO2),200,40380,"Rochester, NY",36,New York,55,Monroe,43.14501268,-77.55728026
07/09/2024,AQS,1,12.6,ppb,11,Rochester Near-Road,24,100,42602,Nitrogen dioxide (NO2),200,40380,"Rochester, NY",36,New York,55,Monroe,43.14501268,-77.55728026
07/10/2024,AQS,1,12.3,ppb,11,Rochester Near-Road,20,83,42602,Nitrogen dioxide (NO2),200,40380,"Rochester, NY",36,New York,55,Monroe,43.14501268,-77.55728026
07/11/2024,AQS,1,13.3,ppb,12,Rochester Near-Road,24,100,42602,Nitrogen dioxide (NO2),200,40380,"Rochester, NY",36,New York,55,Monroe,43.14501268,-77.55728026
07/12/2024,AQS,1,10.4,ppb,9,Rochester Near-Road,24,100,42602,Nitrogen dioxide (NO2),200,40380,"Rochester, NY",36,New York,55,Monroe,43.14501268,-77.55728026
07/13/2024,AQS,1,14,ppb,13,Rochester Near-Road,24,100,42602,Nitrogen dioxide (NO2),200,40380,"Rochester, NY",36,New York,55,Monroe,43.14501268,-77.55728026
07/14/2024,AQS,1,6.5,ppb,6,Rochester Near-Road,24,100,42602,Nitrogen dioxide (NO2),200,40380,"Rochester, NY",36,New York,55,Monroe,43.14501268,-77.55728026
07/15/2024,AQS,1,10.6,ppb,9,Rochester Near-Road,24,100,42602,Nitrogen dioxide (NO2),200,40380,"Rochester, NY",36,New York,55,Monroe,43.14501268,-77.55728026
07/16/2024,AQS,1,11.2,ppb,10,Rochester Near-Road,24,100,42602,Nitrogen dioxide (NO2),200,40380,"Rochester, NY",36,New York,55,Monroe,43.14501268,-77.55728026
07/17/2024,AQS,1,20,ppb,19,Rochester Near-Road,24,100,42602,Nitrogen dioxide (NO2),200,40380,"Rochester, NY",36,New York,55,Monroe,43.14501268,-77.55728026
07/18/2024,AQS,1,14.8,ppb,13,Rochester Near-Road,24,100,42602,Nitrogen dioxide (NO2),200,40380,"Rochester, NY",36,New York,55,Monroe,43.14501268,-77.55728026
07/19/2024,AQS,1,14.9,ppb,13,Rochester Near-Road,24,100,42602,Nitrogen dioxide (NO2),200,40380,"Rochester, NY",36,New York,55,Monroe,43.14501268,-77.55728026
07/20/2024,AQS,1,15.4,ppb,14,Rochester Near-Road,24,100,42602,Nitrogen dioxide (NO2),200,40380,"Rochester, NY",36,New York,55,Monroe,43.14501268,-77.55728026
07/21/2024,AQS,1,12,ppb,11,Rochester Near-Road,24,100,42602,Nitrogen dioxide (NO2),200,40380,"Rochester, NY",36,New York,55,Monroe,43.14501268,-77.55728026
07/22/2024,AQS,1,10.2,ppb,9,Rochester Near-Road,20,83,42602,Nitrogen dioxide (NO2),200,40380,"Rochester, NY",36,New York,55,Monroe,43.14501268,-77.55728026
07/23/2024,AQS,1,11.4,ppb,10,Rochester Near-Road,24,100,42602,Nitrogen dioxide (NO2),200,40380,"Rochester, NY",36,New York,55,Monroe,43.14501268,-77.55728026
07/24/2024,AQS,1,11.2,ppb,10,Rochester Near-Road,24,100,42602,Nitrogen dioxide (NO2),200,40380,"Rochester, NY",36,New York,55,Monroe,43.14501268,-77.55728026
07/25/2024,AQS,1,12.8,ppb,11,Rochester Near-Road,24,100,42602,Nitrogen dioxide (NO2),200,40380,"Rochester, NY",36,New York,55,Monroe,43.14501268,-77.55728026
07/26/2024,AQS,1,11.5,ppb,10,Rochester Near-Road,24,100,42602,Nitrogen dioxide (NO2),200,40380,"Rochester, NY",36,New York,55,Monroe,43.14501268,-77.55728026
07/27/2024,AQS,1,11.4,ppb,10,Rochester Near-Road,24,100,42602,Nitrogen dioxide (NO2),200,40380,"Rochester, NY",36,New York,55,Monroe,43.14501268,-77.55728026
07/28/2024,AQS,1,10.3,ppb,9,Rochester Near-Road,24,100,42602,Nitrogen dioxide (NO2),200,40380,"Rochester, NY",36,New York,55,Monroe,43.14501268,-77.55728026
07/29/2024,AQS,1,10.2,ppb,9,Rochester Near-Road,18,75,42602,Nitrogen dioxide (NO2),200,40380,"Rochester, NY",36,New York,55,Monroe,43.14501268,-77.55728026
07/30/2024,AQS,1,11.4,ppb,10,Rochester Near-Road,24,100,42602,Nitrogen dioxide (NO2),200,40380,"Rochester, NY",36,New York,55,Monroe,43.14501268,-77.55728026
07/31/2024,AQS,1,10,ppb,9,Rochester Near-Road,24,100,42602,Nitrogen dioxide (NO2),200,40380,"Rochester, NY",36,New York,55,Monroe,43.14501268,-77.55728026
08/01/2024,AQS,1,12.3,ppb,11,Rochester Near-Road,24,100,42602,Nitrogen dioxide (NO2),200,40380,"Rochester, NY",36,New York,55,Monroe,43.14501268,-77.55728026
08/02/2024,AQS,1,12.5,ppb,11,Rochester Near-Road,24,100,42602,Nitrogen dioxide (NO2),200,40380,"Rochester, NY",36,New York,55,Monroe,43.14501268,-77.55728026
08/03/2024,AQS,1,10.2,ppb,9,Rochester Near-Road,24,100,42602,Nitrogen dioxide (NO2),200,40380,"Rochester, NY",36,New York,55,Monroe,43.14501268,-77.55728026
08/04/2024,AQS,1,9,ppb,8,Rochester Near-Road,24,100,42602,Nitrogen dioxide (NO2),200,40380,"Rochester, NY",36,New York,55,Monroe,43.14501268,-77.55728026
08/05/2024,AQS,1,11.6,ppb,10,Rochester Near-Road,24,100,42602,Nitrogen dioxide (NO2),200,40380,"Rochester, NY",36,New York,55,Monroe,43.14501268,-77.55728026
08/06/2024,AQS,1,9.2,ppb,8,Rochester Near-Road,24,100,42602,Nitrogen dioxide (NO2),200,40380,"Rochester, NY",36,New York,55,Monroe,43.14501268,-77.55728026
08/07/2024,AQS,1,10.8,ppb,9,Rochester Near-Road,23,96,42602,Nitrogen dioxide (NO2),200,40380,"Rochester, NY",36,New York,55,Monroe,43.14501268,-77.55728026
08/08/2024,AQS,1,8.1,ppb,8,Rochester Near-Road,24,100,42602,Nitrogen dioxide (NO2),200,40380,"Rochester, NY",36,New York,55,Monroe,43.14501268,-77.55728026
08/09/2024,AQS,1,9.1,ppb,8,Rochester Near-Road,24,100,42602,Nitrogen dioxide (NO2),200,40380,"Rochester, NY",36,New York,55,Monroe,43.14501268,-77.55728026
08/10/2024,AQS,1,6,ppb,6,Rochester Near-Road,24,100,42602,Nitrogen dioxide (NO2),200,40380,"Rochester, NY",36,New York,55,Monroe,43.14501268,-77.55728026
08/11/2024,AQS,1,6.9,ppb,6,Rochester Near-Road,24,100,42602,Nitrogen dioxide (NO2),200,40380,"Rochester, NY",36,New York,55,Monroe,43.14501268,-77.55728026
08/12/2024,AQS,1,8.7,ppb,8,Rochester Near-Road,19,79,42602,Nitrogen dioxide (NO2),200,40380,"Rochester, NY",36,New York,55,Monroe,43.14501268,-77.55728026
08/13/2024,AQS,1,12.9,ppb,11,Rochester Near-Road,24,100,42602,Nitrogen dioxide (NO2),200,40380,"Rochester, NY",36,New York,55,Monroe,43.14501268,-77.55728026
08/14/2024,AQS,1,11.5,ppb,10,Rochester Near-Road,24,100,42602,Nitrogen dioxide (NO2),200,40380,"Rochester, NY",36,New York,55,Monroe,43.14501268,-77.55728026
08/15/2024,AQS,1,14.8,ppb,13,Rochester Near-Road,24,100,42602,Nitrogen dioxide (NO2),200,40380,"Rochester, NY",36,New York,55,Monroe,43.14501268,-77.55728026
08/16/2024,AQS,1,10.3,ppb,9,Rochester Near-Road,24,100,42602,Nitrogen dioxide (NO2),200,40380,"Rochester, NY",36,New York,55,Monroe,43.14501268,-77.55728026
08/17/2024,AQS,1,9.7,ppb,8,Rochester Near-Road,24,100,42602,Nitrogen dioxide (NO2),200,40380,"Rochester, NY",36,New York,55,Monroe,43.14501268,-77.55728026
08/18/2024,AQS,1,6.7,ppb,6,Rochester Near-Road,24,100,42602,Nitrogen dioxide (NO2),200,40380,"Rochester, NY",36,New York,55,Monroe,43.14501268,-77.55728026
08/19/2024,AQS,1,4.5,ppb,4,Rochester Near-Road,24,100,42602,Nitrogen dioxide (NO2),200,40380,"Rochester, NY",36,New York,55,Monroe,43.14501268,-77.55728026
08/20/2024,AQS,1,6.4,ppb,6,Rochester Near-Road,24,100,42602,Nitrogen dioxide (NO2),200,40380,"Rochester, NY",36,New York,55,Monroe,43.14501268,-77.55728026
08/21/2024,AQS,1,14.2,ppb,13,Rochester Near-Road,24,100,42602,Nitrogen dioxide (NO2),200,40380,"Rochester, NY",36,New York,55,Monroe,43.14501268,-77.55728026
08/22/2024,AQS,1,13.2,ppb,12,Rochester Near-Road,24,100,42602,Nitrogen dioxide (NO2),200,40380,"Rochester, NY",36,New York,55,Monroe,43.14501268,-77.55728026
08/23/2024,AQS,1,14.1,ppb,13,Rochester Near-Road,24,100,42602,Nitrogen dioxide (NO2),200,40380,"Rochester, NY",36,New York,55,Monroe,43.14501268,-77.55728026
08/24/2024,AQS,1,12.9,ppb,11,Rochester Near-Road,24,100,42602,Nitrogen dioxide (NO2),200,40380,"Rochester, NY",36,New York,55,Monroe,43.14501268,-77.55728026
08/25/2024,AQS,1,13.5,ppb,12,Rochester Near-Road,24,100,42602,Nitrogen dioxide (NO2),200,40380,"Rochester, NY",36,New York,55,Monroe,43.14501268,-77.55728026
08/26/2024,AQS,1,18,ppb,17,Rochester Near-Road,20,83,42602,Nitrogen dioxide (NO2),200,40380,"Rochester, NY",36,New York,55,Monroe,43.14501268,-77.55728026
08/27/2024,AQS,1,11.2,ppb,10,Rochester Near-Road,24,100,42602,Nitrogen dioxide (NO2),200,40380,"Rochester, NY",36,New York,55,Monroe,43.14501268,-77.55728026
08/28/2024,AQS,1,9.1,ppb,8,Rochester Near-Road,24,100,42602,Nitrogen dioxide (NO2),200,40380,"Rochester, NY",36,New York,55,Monroe,43.14501268,-77.55728026
08/29/2024,AQS,1,9.8,ppb,8,Rochester Near-Road,24,100,42602,Nitrogen dioxide (NO2),200,40380,"Rochester, NY",36,New York,55,Monroe,43.14501268,-77.55728026
08/30/2024,AQS,1,9.3,ppb,8,Rochester Near-Road,24,100,42602,Nitrogen dioxide (NO2),200,40380,"Rochester, NY",36,New York,55,Monroe,43.14501268,-77.55728026
08/31/2024,AQS,1,7.8,ppb,7,Rochester Near-Road,24,100,42602,Nitrogen dioxide (NO2),200,40380,"Rochester, NY",36,New York,55,Monroe,43.14501268,-77.55728026
09/01/2024,AQS,1,6.4,ppb,6,Rochester Near-Road,24,100,42602,Nitrogen dioxide (NO2),200,40380,"Rochester, NY",36,New York,55,Monroe,43.14501268,-77.55728026
09/02/2024,AQS,1,10.2,ppb,9,Rochester Near-Road,24,100,42602,Nitrogen dioxide (NO2),200,40380,"Rochester, NY",36,New York,55,Monroe,43.14501268,-77.55728026
09/03/2024,AQS,1,14,ppb,13,Rochester Near-Road,24,100,42602,Nitrogen dioxide (NO2),200,40380,"Rochester, NY",36,New York,55,Monroe,43.14501268,-77.55728026
09/04/2024,AQS,1,15.6,ppb,14,Rochester Near-Road,19,79,42602,Nitrogen dioxide (NO2),200,40380,"Rochester, NY",36,New York,55,Monroe,43.14501268,-77.55728026
09/05/2024,AQS,1,13.1,ppb,12,Rochester Near-Road,24,100,42602,Nitrogen dioxide (NO2),200,40380,"Rochester, NY",36,New York,55,Monroe,43.14501268,-77.55728026
09/06/2024,AQS,1,15.7,ppb,14,Rochester Near-Road,24,100,42602,Nitrogen dioxide (NO2),200,40380,"Rochester, NY",36,New York,55,Monroe,43.14501268,-77.55728026
09/07/2024,AQS,1,5.1,ppb,5,Rochester Near-Road,24,100,42602,Nitrogen dioxide (NO2),200,40380,"Rochester, NY",36,New York,55,Monroe,43.14501268,-77.55728026
09/08/2024,AQS,1,4.6,ppb,4,Rochester Near-Road,24,100,42602,Nitrogen dioxide (NO2),200,40380,"Rochester, NY",36,New York,55,Monroe,43.14501268,-77.55728026
09/09/2024,AQS,1,14.4,ppb,13,Rochester Near-Road,19,79,42602,Nitrogen dioxide (NO2),200,40380,"Rochester, NY",36,New York,55,Monroe,43.14501268,-77.55728026
09/10/2024,AQS,1,13.6,ppb,12,Rochester Near-Road,24,100,42602,Nitrogen dioxide (NO2),200,40380,"Rochester, NY",36,New York,55,Monroe,43.14501268,-77.55728026
09/11/2024,AQS,1,13.5,ppb,12,Rochester Near-Road,23,96,42602,Nitrogen dioxide (NO2),200,40380,"Rochester, NY",36,New York,55,Monroe,43.14501268,-77.55728026
09/12/2024,AQS,1,21.3,ppb,20,Rochester Near-Road,24,100,42602,Nitrogen dioxide (NO2),200,40380,"Rochester, NY",36,New York,55,Monroe,43.14501268,-77.55728026
09/13/2024,AQS,1,17.4,ppb,16,Rochester Near-Road,24,100,42602,Nitrogen dioxide (NO2),200,40380,"Rochester, NY",36,New York,55,Monroe,43.14501268,-77.55728026
09/14/2024,AQS,1,13.6,ppb,12,Rochester Near-Road,24,100,42602,Nitrogen dioxide (NO2),200,40380,"Rochester, NY",36,New York,55,Monroe,43.14501268,-77.55728026
09/15/2024,AQS,1,12.5,ppb,11,Rochester Near-Road,24,100,42602,Nitrogen dioxide (NO2),200,40380,"Rochester, NY",36,New York,55,Monroe,43.14501268,-77.55728026
09/16/2024,AQS,1,18.3,ppb,17,Rochester Near-Road,18,75,42602,Nitrogen dioxide (NO2),200,40380,"Rochester, NY",36,New York,55,Monroe,43.14501268,-77.55728026
09/17/2024,AQS,1,23.8,ppb,22,Rochester Near-Road,24,100,42602,Nitrogen dioxide (NO2),200,40380,"Rochester, NY",36,New York,55,Monroe,43.14501268,-77.55728026
09/18/2024,AQS,1,15.3,ppb,14,Rochester Near-Road,24,100,42602,Nitrogen dioxide (NO2),200,40380,"Rochester, NY",36,New York,55,Monroe,43.14501268,-77.55728026
09/19/2024,AQS,1,22.4,ppb,21,Rochester Near-Road,24,100,42602,Nitrogen dioxide (NO2),200,40380,"Rochester, NY",36,New York,55,Monroe,43.14501268,-77.55728026
09/20/2024,AQS,1,13.2,ppb,12,Rochester Near-Road,24,100,42602,Nitrogen dioxide (NO2),200,40380,"Rochester, NY",36,New York,55,Monroe,43.14501268,-77.55728026
09/21/2024,AQS,1,16.4,ppb,15,Rochester Near-Road,24,100,42602,Nitrogen dioxide (NO2),200,40380,"Rochester, NY",36,New York,55,Monroe,43.14501268,-77.55728026
09/22/2024,AQS,1,6.8,ppb,6,Rochester Near-Road,24,100,42602,Nitrogen dioxide (NO2),200,40380,"Rochester, NY",36,New York,55,Monroe,43.14501268,-77.55728026
09/23/2024,AQS,1,10.5,ppb,9,Rochester Near-Road,19,79,42602,Nitrogen dioxide (NO2),200,40380,"Rochester, NY",36,New York,55,Monroe,43.14501268,-77.55728026
09/24/2024,AQS,1,9.4,ppb,8,Rochester Near-Road,24,100,42602,Nitrogen dioxide (NO2),200,40380,"Rochester, NY",36,New York,55,Monroe,43.14501268,-77.55728026
09/25/2024,AQS,1,8.8,ppb,8,Rochester Near-Road,24,100,42602,Nitrogen dioxide (NO2),200,40380,"Rochester, NY",36,New York,55,Monroe,43.14501268,-77.55728026
09/26/2024,AQS,1,19.3,ppb,18,Rochester Near-Road,24,100,42602,Nitrogen dioxide (NO2),200,40380,"Rochester, NY",36,New York,55,Monroe,43.14501268,-77.55728026
09/27/2024,AQS,1,13.3,ppb,12,Rochester Near-Road,24,100,42602,Nitrogen dioxide (NO2),200,40380,"Rochester, NY",36,New York,55,Monroe,43.14501268,-77.55728026
09/28/2024,AQS,1,11.3,ppb,10,Rochester Near-Road,24,100,42602,Nitrogen dioxide (NO2),200,40380,"Rochester, NY",36,New York,55,Monroe,43.14501268,-77.55728026
09/29/2024,AQS,1,8.1,ppb,8,Rochester Near-Road,24,100,42602,Nitrogen dioxide (NO2),200,40380,"Rochester, NY",36,New York,55,Monroe,43.14501268,-77.55728026
09/30/2024,AQS,1,12.9,ppb,11,Rochester Near-Road,19,79,42602,Nitrogen dioxide (NO2),200,40380,"Rochester, NY",36,New York,55,Monroe,43.14501268,-77.55728026
10/01/2024,AQS,1,8.4,ppb,8,Rochester Near-Road,24,100,42602,Nitrogen dioxide (NO2),200,40380,"Rochester, NY",36,New York,55,Monroe,43.14501268,-77.55728026
10/02/2024,AQS,1,12.6,ppb,11,Rochester Near-Road,24,100,42602,Nitrogen dioxide (NO2),200,40380,"Rochester, NY",36,New York,55,Monroe,43.14501268,-77.55728026
10/03/2024,AQS,1,18.1,ppb,17,Rochester Near-Road,24,100,42602,Nitrogen dioxide (NO2),200,40380,"Rochester, NY",36,New York,55,Monroe,43.14501268,-77.55728026
10/04/2024,AQS,1,12.1,ppb,11,Rochester Near-Road,23,96,42602,Nitrogen dioxide (NO2),200,40380,"Rochester, NY",36,New York,55,Monroe,43.14501268,-77.55728026
10/05/2024,AQS,1,13.3,ppb,12,Rochester Near-Road,24,100,42602,Nitrogen dioxide (NO2),200,40380,"Rochester, NY",36,New York,55,Monroe,43.14501268,-77.55728026
10/06/2024,AQS,1,7.7,ppb,7,Rochester Near-Road,24,100,42602,Nitrogen dioxide (NO2),200,40380,"Rochester, NY",36,New York,55,Monroe,43.14501268,-77.55728026
10/07/2024,AQS,1,15.1,ppb,14,Rochester Near-Road,24,100,42602,Nitrogen dioxide (NO2),200,40380,"Rochester, NY",36,New York,55,Monroe,43.14501268,-77.55728026
10/08/2024,AQS,1,16.5,ppb,15,Rochester Near-Road,24,100,42602,Nitrogen dioxide (NO2),200,40380,"Rochester, NY",36,New York,55,Monroe,43.14501268,-77.55728026
10/09/2024,AQS,1,11.1,ppb,10,Rochester Near-Road,24,100,42602,Nitrogen dioxide (NO2),200,40380,"Rochester, NY",36,New York,55,Monroe,43.14501268,-77.55728026
10/10/2024,AQS,1,13.6,ppb,12,Rochester Near-Road,20,83,42602,Nitrogen dioxide (NO2),200,40380,"Rochester, NY",36,New York,55,Monroe,43.14501268,-77.55728026
10/11/2024,AQS,1,10.1,ppb,9,Rochester Near-Road,24,100,42602,Nitrogen dioxide (NO2),200,40380,"Rochester, NY",36,New York,55,Monroe,43.14501268,-77.55728026
10/12/2024,AQS,1,20.2,ppb,19,Rochester Near-Road,24,100,42602,Nitrogen dioxide (NO2),200,40380,"Rochester, NY",36,New York,55,Monroe,43.14501268,-77.55728026
10/13/2024,AQS,1,7.7,ppb,7,Rochester Near-Road,24,100,42602,Nitrogen dioxide (NO2),200,40380,"Rochester, NY",36,New York,55,Monroe,43.14501268,-77.55728026
10/14/2024,AQS,1,15.8,ppb,14,Rochester Near-Road,24,100,42602,Nitrogen dioxide (NO2),200,40380,"Rochester, NY",36,New York,55,Monroe,43.14501268,-77.55728026
10/15/2024,AQS,1,16.7,ppb,15,Rochester Near-Road,24,100,42602,Nitrogen dioxide (NO2),200,40380,"Rochester, NY",36,New York,55,Monroe,43.14501268,-77.55728026
10/16/2024,AQS,1,15.4,ppb,14,Rochester Near-Road,24,100,42602,Nitrogen dioxide (NO2),200,40380,"Rochester, NY",36,New York,55,Monroe,43.14501268,-77.55728026
10/17/2024,AQS,1,18.8,ppb,17,Rochester Near-Road,19,79,42602,Nitrogen dioxide (NO2),200,40380,"Rochester, NY",36,New York,55,Monroe,43.14501268,-77.55728026
10/18/2024,AQS,1,24.8,ppb,23,Rochester Near-Road,24,100,42602,Nitrogen dioxide (NO2),200,40380,"Rochester, NY",36,New York,55,Monroe,43.14501268,-77.55728026
10/19/2024,AQS,1,23.1,ppb,22,Rochester Near-Road,24,100,42602,Nitrogen dioxide (NO2),200,40380,"Rochester, NY",36,New York,55,Monroe,43.14501268,-77.55728026
10/20/2024,AQS,1,12.1,ppb,11,Rochester Near-Road,24,100,42602,Nitrogen dioxide (NO2),200,40380,"Rochester, NY",36,New York,55,Monroe,43.14501268,-77.55728026
10/21/2024,AQS,1,12.9,ppb,11,Rochester Near-Road,24,100,42602,Nitrogen dioxide (NO2),200,40380,"Rochester, NY",36,New York,55,Monroe,43.14501268,-77.55728026
10/22/2024,AQS,1,30.6,ppb,28,Rochester Near-Road,24,100,42602,Nitrogen dioxide (NO2),200,40380,"Rochester, NY",36,New York,55,Monroe,43.14501268,-77.55728026
10/23/2024,AQS,1,11,ppb,10,Rochester Near-Road,19,79,42602,Nitrogen dioxide (NO2),200,40380,"Rochester, NY",36,New York,55,Monroe,43.14501268,-77.55728026
10/24/2024,AQS,1,18.4,ppb,17,Rochester Near-Road,24,100,42602,Nitrogen dioxide (NO2),200,40380,"Rochester, NY",36,New York,55,Monroe,43.14501268,-77.55728026
10/25/2024,AQS,1,17.9,ppb,16,Rochester Near-Road,24,100,42602,Nitrogen dioxide (NO2),200,40380,"Rochester, NY",36,New York,55,Monroe,43.14501268,-77.55728026
10/26/2024,AQS,1,10.7,ppb,9,Rochester Near-Road,24,100,42602,Nitrogen dioxide (NO2),200,40380,"Rochester, NY",36,New York,55,Monroe,43.14501268,-77.55728026
10/27/2024,AQS,1,11.6,ppb,10,Rochester Near-Road,24,100,42602,Nitrogen dioxide (NO2),200,40380,"Rochester, NY",36,New York,55,Monroe,43.14501268,-77.55728026
10/28/2024,AQS,1,15.3,ppb,14,Rochester Near-Road,19,79,42602,Nitrogen dioxide (NO2),200,40380,"Rochester, NY",36,New York,55,Monroe,43.14501268,-77.55728026
10/29/2024,AQS,1,22.4,ppb,21,Rochester Near-Road,24,100,42602,Nitrogen dioxide (NO2),200,40380,"Rochester, NY",36,New York,55,Monroe,43.14501268,-77.55728026
10/30/2024,AQS,1,19.7,ppb,18,Rochester Near-Road,24,100,42602,Nitrogen dioxide (NO2),200,40380,"Rochester, NY",36,New York,55,Monroe,43.14501268,-77.55728026
10/31/2024,AQS,1,12.1,ppb,11,Rochester Near-Road,24,100,42602,Nitrogen dioxide (NO2),200,40380,"Rochester, NY",36,New York,55,Monroe,43.14501268,-77.55728026
11/01/2024,AQS,1,7.1,ppb,7,Rochester Near-Road,23,96,42602,Nitrogen dioxide (NO2),200,40380,"Rochester, NY",36,New York,55,Monroe,43.14501268,-77.55728026
11/02/2024,AQS,1,17.7,ppb,16,Rochester Near-Road,24,100,42602,Nitrogen dioxide (NO2),200,40380,"Rochester, NY",36,New York,55,Monroe,43.14501268,-77.55728026
11/03/2024,AQS,1,15,ppb,14,Rochester Near-Road,24,100,42602,Nitrogen dioxide (NO2),200,40380,"Rochester, NY",36,New York,55,Monroe,43.14501268,-77.55728026
11/04/2024,AQS,1,11,ppb,10,Rochester Near-Road,24,100,42602,Nitrogen dioxide (NO2),200,40380,"Rochester, NY",36,New York,55,Monroe,43.14501268,-77.55728026
11/05/2024,AQS,1,14.4,ppb,13,Rochester Near-Road,24,100,42602,Nitrogen dioxide (NO2),200,40380,"Rochester, NY",36,New York,55,Monroe,43.14501268,-77.55728026
11/06/2024,AQS,1,13.7,ppb,12,Rochester Near-Road,19,79,42602,Nitrogen dioxide (NO2),200,40380,"Rochester, NY",36,New York,55,Monroe,43.14501268,-77.55728026
11/07/2024,AQS,1,15.4,ppb,14,Rochester Near-Road,24,100,42602,Nitrogen dioxide (NO2),200,40380,"Rochester, NY",36,New York,55,Monroe,43.14501268,-77.55728026
11/08/2024,AQS,1,9.9,ppb,8,Rochester Near-Road,24,100,42602,Nitrogen dioxide (NO2),200,40380,"Rochester, NY",36,New York,55,Monroe,43.14501268,-77.55728026
11/09/2024,AQS,1,17,ppb,16,Rochester Near-Road,24,100,42602,Nitrogen dioxide (NO2),200,40380,"Rochester, NY",36,New York,55,Monroe,43.14501268,-77.55728026
11/10/2024,AQS,1,12,ppb,11,Rochester Near-Road,24,100,42602,Nitrogen dioxide (NO2),200,40380,"Rochester, NY",36,New York,55,Monroe,43.14501268,-77.55728026
11/11/2024,AQS,1,10.5,ppb,9,Rochester Near-Road,24,100,42602,Nitrogen dioxide (NO2),200,40380,"Rochester, NY",36,New York,55,Monroe,43.14501268,-77.55728026
11/12/2024,AQS,1,14.5,ppb,13,Rochester Near-Road,24,100,42602,Nitrogen dioxide (NO2),200,40380,"Rochester, NY",36,New York,55,Monroe,43.14501268,-77.55728026
11/13/2024,AQS,1,15.1,ppb,14,Rochester Near-Road,19,79,42602,Nitrogen dioxide (NO2),200,40380,"Rochester, NY",36,New York,55,Monroe,43.14501268,-77.55728026
11/14/2024,AQS,1,13.5,ppb,12,Rochester Near-Road,24,100,42602,Nitrogen dioxide (NO2),200,40380,"Rochester, NY",36,New York,55,Monroe,43.14501268,-77.55728026
11/15/2024,AQS,1,17.5,ppb,16,Rochester Near-Road,24,100,42602,Nitrogen dioxide (NO2),200,40380,"Rochester, NY",36,New York,55,Monroe,43.14501268,-77.55728026
11/16/2024,AQS,1,11.2,ppb,10,Rochester Near-Road,24,100,42602,Nitrogen dioxide (NO2),200,40380,"Rochester, NY",36,New York,55,Monroe,43.14501268,-77.55728026
11/17/2024,AQS,1,17.9,ppb,16,Rochester Near-Road,24,100,42602,Nitrogen dioxide (NO2),200,40380,"Rochester, NY",36,New York,55,Monroe,43.14501268,-77.55728026
11/18/2024,AQS,1,18.6,ppb,17,Rochester Near-Road,24,100,42602,Nitrogen dioxide (NO2),200,40380,"Rochester, NY",36,New York,55,Monroe,43.14501268,-77.55728026
11/19/2024,AQS,1,20.8,ppb,19,Rochester Near-Road,24,100,42602,Nitrogen dioxide (NO2),200,40380,"Rochester, NY",36,New York,55,Monroe,43.14501268,-77.55728026
11/20/2024,AQS,1,15.6,ppb,14,Rochester Near-Road,24,100,42602,Nitrogen dioxide (NO2),200,40380,"Rochester, NY",36,New York,55,Monroe,43.14501268,-77.55728026
11/21/2024,AQS,1,15.7,ppb,14,Rochester Near-Road,20,83,42602,Nitrogen dioxide (NO2),200,40380,"Rochester, NY",36,New York,55,Monroe,43.14501268,-77.55728026
11/22/2024,AQS,1,21.8,ppb,20,Rochester Near-Road,24,100,42602,Nitrogen dioxide (NO2),200,40380,"Rochester, NY",36,New York,55,Monroe,43.14501268,-77.55728026
11/23/2024,AQS,1,22.4,ppb,21,Rochester Near-Road,24,100,42602,Nitrogen dioxide (NO2),200,40380,"Rochester, NY",36,New York,55,Monroe,43.14501268,-77.55728026
11/24/2024,AQS,1,7.6,ppb,7,Rochester Near-Road,24,100,42602,Nitrogen dioxide (NO2),200,40380,"Rochester, NY",36,New York,55,Monroe,43.14501268,-77.55728026
11/25/2024,AQS,1,15.5,ppb,14,Rochester Near-Road,24,100,42602,Nitrogen dioxide (NO2),200,40380,"Rochester, NY",36,New York,55,Monroe,43.14501268,-77.55728026
11/26/2024,AQS,1,10.6,ppb,9,Rochester Near-Road,24,100,42602,Nitrogen dioxide (NO2),200,40380,"Rochester, NY",36,New York,55,Monroe,43.14501268,-77.55728026
11/27/2024,AQS,1,25.2,ppb,24,Rochester Near-Road,20,83,42602,Nitrogen dioxide (NO2),200,40380,"Rochester, NY",36,New York,55,Monroe,43.14501268,-77.55728026
11/28/2024,AQS,1,19.7,ppb,18,Rochester Near-Road,24,100,42602,Nitrogen dioxide (NO2),200,40380,"Rochester, NY",36,New York,55,Monroe,43.14501268,-77.55728026
11/29/2024,AQS,1,7.5,ppb,7,Rochester Near-Road,24,100,42602,Nitrogen dioxide (NO2),200,40380,"Rochester, NY",36,New York,55,Monroe,43.14501268,-77.55728026
11/30/2024,AQS,1,6.3,ppb,6,Rochester Near-Road,24,100,42602,Nitrogen dioxide (NO2),200,40380,"Rochester, NY",36,New York,55,Monroe,43.14501268,-77.55728026
12/01/2024,AQS,1,6.4,ppb,6,Rochester Near-Road,24,100,42602,Nitrogen dioxide (NO2),200,40380,"Rochester, NY",36,New York,55,Monroe,43.14501268,-77.55728026
12/02/2024,AQS,1,21.5,ppb,20,Rochester Near-Road,24,100,42602,Nitrogen dioxide (NO2),200,40380,"Rochester, NY",36,New York,55,Monroe,43.14501268,-77.55728026
12/03/2024,AQS,1,28.6,ppb,26,Rochester Near-Road,24,100,42602,Nitrogen dioxide (NO2),200,40380,"Rochester, NY",36,New York,55,Monroe,43.14501268,-77.55728026
12/04/2024,AQS,1,9.4,ppb,8,Rochester Near-Road,24,100,42602,Nitrogen dioxide (NO2),200,40380,"Rochester, NY",36,New York,55,Monroe,43.14501268,-77.55728026
12/05/2024,AQS,1,13.5,ppb,12,Rochester Near-Road,24,100,42602,Nitrogen dioxide (NO2),200,40380,"Rochester, NY",36,New York,55,Monroe,43.14501268,-77.55728026
12/06/2024,AQS,1,15.2,ppb,14,Rochester Near-Road,24,100,42602,Nitrogen dioxide (NO2),200,40380,"Rochester, NY",36,New York,55,Monroe,43.14501268,-77.55728026
12/07/2024,AQS,1,7.9,ppb,7,Rochester Near-Road,24,100,42602,Nitrogen dioxide (NO2),200,40380,"Rochester, NY",36,New York,55,Monroe,43.14501268,-77.55728026
12/08/2024,AQS,1,13.6,ppb,12,Rochester Near-Road,24,100,42602,Nitrogen dioxide (NO2),200,40380,"Rochester, NY",36,New York,55,Monroe,43.14501268,-77.55728026
12/12/2024,AQS,1,8.6,ppb,8,Rochester Near-Road,24,100,42602,Nitrogen dioxide (NO2),200,40380,"Rochester, NY",36,New York,55,Monroe,43.14501268,-77.55728026
12/13/2024,AQS,1,17.5,ppb,16,Rochester Near-Road,24,100,42602,Nitrogen dioxide (NO2),200,40380,"Rochester, NY",36,New York,55,Monroe,43.14501268,-77.55728026
12/14/2024,AQS,1,15.4,ppb,14,Rochester Near-Road,24,100,42602,Nitrogen dioxide (NO2),200,40380,"Rochester, NY",36,New York,55,Monroe,43.14501268,-77.55728026
12/15/2024,AQS,1,10.2,ppb,9,Rochester Near-Road,24,100,42602,Nitrogen dioxide (NO2),200,40380,"Rochester, NY",36,New York,55,Monroe,43.14501268,-77.55728026
12/16/2024,AQS,1,17.5,ppb,16,Rochester Near-Road,19,79,42602,Nitrogen dioxide (NO2),200,40380,"Rochester, NY",36,New York,55,Monroe,43.14501268,-77.55728026
12/17/2024,AQS,1,9.3,ppb,8,Rochester Near-Road,24,100,42602,Nitrogen dioxide (NO2),200,40380,"Rochester, NY",36,New York,55,Monroe,43.14501268,-77.55728026
12/18/2024,AQS,1,16.6,ppb,15,Rochester Near-Road,24,100,42602,Nitrogen dioxide (NO2),200,40380,"Rochester, NY",36,New York,55,Monroe,43.14501268,-77.55728026
12/19/2024,AQS,1,15.1,ppb,14,Rochester Near-Road,23,96,42602,Nitrogen dioxide (NO2),200,40380,"Rochester, NY",36,New York,55,Monroe,43.14501268,-77.55728026
12/20/2024,AQS,1,10.1,ppb,9,Rochester Near-Road,24,100,42602,Nitrogen dioxide (NO2),200,40380,"Rochester, NY",36,New York,55,Monroe,43.14501268,-77.55728026
12/21/2024,AQS,1,11,ppb,10,Rochester Near-Road,24,100,42602,Nitrogen dioxide (NO2),200,40380,"Rochester, NY",36,New York,55,Monroe,43.14501268,-77.55728026
12/22/2024,AQS,1,31.9,ppb,29,Rochester Near-Road,24,100,42602,Nitrogen dioxide (NO2),200,40380,"Rochester, NY",36,New York,55,Monroe,43.14501268,-77.55728026
12/23/2024,AQS,1,29.8,ppb,27,Rochester Near-Road,19,79,42602,Nitrogen dioxide (NO2),200,40380,"Rochester, NY",36,New York,55,Monroe,43.14501268,-77.55728026
12/24/2024,AQS,1,22.6,ppb,21,Rochester Near-Road,24,100,42602,Nitrogen dioxide (NO2),200,40380,"Rochester, NY",36,New York,55,Monroe,43.14501268,-77.55728026
12/25/2024,AQS,1,10.4,ppb,9,Rochester Near-Road,24,100,42602,Nitrogen dioxide (NO2),200,40380,"Rochester, NY",36,New York,55,Monroe,43.14501268,-77.55728026
12/26/2024,AQS,1,17.2,ppb,16,Rochester Near-Road,24,100,42602,Nitrogen dioxide (NO2),200,40380,"Rochester, NY",36,New York,55,Monroe,43.14501268,-77.55728026
12/27/2024,AQS,1,21.5,ppb,20,Rochester Near-Road,24,100,42602,Nitrogen dioxide (NO2),200,40380,"Rochester, NY",36,New York,55,Monroe,43.14501268,-77.55728026
12/28/2024,AQS,1,13.2,ppb,12,Rochester Near-Road,24,100,42602,Nitrogen dioxide (NO2),200,40380,"Rochester, NY",36,New York,55,Monroe,43.14501268,-77.55728026
12/29/2024,AQS,1,18.4,ppb,17,Rochester Near-Road,24,100,42602,Nitrogen dioxide (NO2),200,40380,"Rochester, NY",36,New York,55,Monroe,43.14501268,-77.55728026
12/30/2024,AQS,1,5.4,ppb,5,Rochester Near-Road,19,79,42602,Nitrogen dioxide (NO2),200,40380,"Rochester, NY",36,New York,55,Monroe,43.14501268,-77.55728026
12/31/2024,AQS,1,23.2,ppb,22,Rochester Near-Road,24,100,42602,Nitrogen dioxide (NO2),200,40380,"Rochester, NY",36,New York,55,Monroe,43.14501268,-77.55728026
01/01/2025,AQS,1,19.3,ppb,18,Rochester Near-Road,24,100,42602,Nitrogen dioxide (NO2),200,40380,"Rochester, NY",36,New York,55,Monroe,43.14501268,-77.55728026
01/02/2025,AQS,1,9,ppb,8,Rochester Near-Road,24,100,42602,Nitrogen dioxide (NO2),200,40380,"Rochester, NY",36,New York,55,Monroe,43.14501268,-77.55728026
01/03/2025,AQS,1,9.3,ppb,8,Rochester Near-Road,24,100,42602,Nitrogen dioxide (NO2),200,40380,"Rochester, NY",36,New York,55,Monroe,43.14501268,-77.55728026
01/04/2025,AQS,1,6.8,ppb,6,Rochester Near-Road,24,100,42602,Nitrogen dioxide (NO2),200,40380,"Rochester, NY",36,New York,55,Monroe,43.14501268,-77.55728026
01/05/2025,AQS,1,8.7,ppb,8,Rochester Near-Road,24,100,42602,Nitrogen dioxide (NO2),200,40380,"Rochester, NY",36,New York,55,Monroe,43.14501268,-77.55728026
01/06/2025,AQS,1,8.5,ppb,8,Rochester Near-Road,24,100,42602,Nitrogen dioxide (NO2),200,40380,"Rochester, NY",36,New York,55,Monroe,43.14501268,-77.55728026
01/07/2025,AQS,1,6.3,ppb,6,Rochester Near-Road,24,100,42602,Nitrogen dioxide (NO2),200,40380,"Rochester, NY",36,New York,55,Monroe,43.14501268,-77.55728026
01/08/2025,AQS,1,9.2,ppb,8,Rochester Near-Road,19,79,42602,Nitrogen dioxide (NO2),200,40380,"Rochester, NY",36,New York,55,Monroe,43.14501268,-77.55728026
01/09/2025,AQS,1,12.1,ppb,11,Rochester Near-Road,24,100,42602,Nitrogen dioxide (NO2),200,40380,"Rochester, NY",36,New York,55,Monroe,43.14501268,-77.55728026
01/10/2025,AQS,1,18.6,ppb,17,Rochester Near-Road,24,100,42602,Nitrogen dioxide (NO2),200,40380,"Rochester, NY",36,New York,55,Monroe,43.14501268,-77.55728026
01/11/2025,AQS,1,20.8,ppb,19,Rochester Near-Road,24,100,42602,Nitrogen dioxide (NO2),200,40380,"Rochester, NY",36,New York,55,Monroe,43.14501268,-77.55728026
01/12/2025,AQS,1,18.9,ppb,17,Rochester Near-Road,24,100,42602,Nitrogen dioxide (NO2),200,40380,"Rochester, NY",36,New York,55,Monroe,43.14501268,-77.55728026
01/13/2025,AQS,1,13.5,ppb,12,Rochester Near-Road,19,79,42602,Nitrogen dioxide (NO2),200,40380,"Rochester, NY",36,New York,55,Monroe,43.14501268,-77.55728026
01/14/2025,AQS,1,9.3,ppb,8,Rochester Near-Road,24,100,42602,Nitrogen dioxide (NO2),200,40380,"Rochester, NY",36,New York,55,Monroe,43.14501268,-77.55728026
01/15/2025,AQS,1,18.2,ppb,17,Rochester Near-Road,24,100,42602,Nitrogen dioxide (NO2),200,40380,"Rochester, NY",36,New York,55,Monroe,43.14501268,-77.55728026
01/16/2025,AQS,1,14.8,ppb,13,Rochester Near-Road,24,100,42602,Nitrogen dioxide (NO2),200,40380,"Rochester, NY",36,New York,55,Monroe,43.14501268,-77.55728026
01/17/2025,AQS,1,16.1,ppb,15,Rochester Near-Road,24,100,42602,Nitrogen dioxide (NO2),200,40380,"Rochester, NY",36,New York,55,Monroe,43.14501268,-77.55728026
01/18/2025,AQS,1,9.4,ppb,8,Rochester Near-Road,24,100,42602,Nitrogen dioxide (NO2),200,40380,"Rochester, NY",36,New York,55,Monroe,43.14501268,-77.55728026
01/19/2025,AQS,1,8.6,ppb,8,Rochester Near-Road,24,100,42602,Nitrogen dioxide (NO2),200,40380,"Rochester, NY",36,New York,55,Monroe,43.14501268,-77.55728026
01/20/2025,AQS,1,10.4,ppb,9,Rochester Near-Road,24,100,42602,Nitrogen dioxide (NO2),200,40380,"Rochester, NY",36,New York,55,Monroe,43.14501268,-77.55728026
01/21/2025,AQS,1,11.5,ppb,10,Rochester Near-Road,24,100,42602,Nitrogen dioxide (NO2),200,40380,"Rochester, NY",36,New York,55,Monroe,43.14501268,-77.55728026
01/22/2025,AQS,1,16.9,ppb,15,Rochester Near-Road,19,79,42602,Nitrogen dioxide (NO2),200,40380,"Rochester, NY",36,New York,55,Monroe,43.14501268,-77.55728026
01/23/2025,AQS,1,13.1,ppb,12,Rochester Near-Road,24,100,42602,Nitrogen dioxide (NO2),200,40380,"Rochester, NY",36,New York,55,Monroe,43.14501268,-77.55728026
01/24/2025,AQS,1,15.6,ppb,14,Rochester Near-Road,24,100,42602,Nitrogen dioxide (NO2),200,40380,"Rochester, NY",36,New York,55,Monroe,43.14501268,-77.55728026
01/25/2025,AQS,1,18.8,ppb,17,Rochester Near-Road,24,100,42602,Nitrogen dioxide (NO2),200,40380,"Rochester, NY",36,New York,55,Monroe,43.14501268,-77.55728026
01/26/2025,AQS,1,6.2,ppb,6,Rochester Near-Road,24,100,42602,Nitrogen dioxide (NO2),200,40380,"Rochester, NY",36,New York,55,Monroe,43.14501268,-77.55728026
01/27/2025,AQS,1,7.9,ppb,7,Rochester Near-Road,19,79,42602,Nitrogen dioxide (NO2),200,40380,"Rochester, NY",36,New York,55,Monroe,43.14501268,-77.55728026
01/28/2025,AQS,1,12.7,ppb,11,Rochester Near-Road,24,100,42602,Nitrogen dioxide (NO2),200,40380,"Rochester, NY",36,New York,55,Monroe,43.14501268,-77.55728026
01/29/2025,AQS,1,8.1,ppb,8,Rochester Near-Road,24,100,42602,Nitrogen dioxide (NO2),200,40380,"Rochester, NY",36,New York,55,Monroe,43.14501268,-77.55728026
01/30/2025,AQS,1,17.4,ppb,16,Rochester Near-Road,24,100,42602,Nitrogen dioxide (NO2),200,40380,"Rochester, NY",36,New York,55,Monroe,43.14501268,-77.55728026
01/31/2025,AQS,1,42.8,ppb,40,Rochester Near-Road,24,100,42602,Nitrogen dioxide (NO2),200,40380,"Rochester, NY",36,New York,55,Monroe,43.14501268,-77.55728026
02/01/2025,AQS,1,29.9,ppb,27,Rochester Near-Road,24,100,42602,Nitrogen dioxide (NO2),200,40380,"Rochester, NY",36,New York,55,Monroe,43.14501268,-77.55728026
02/02/2025,AQS,1,35.5,ppb,33,Rochester Near-Road,24,100,42602,Nitrogen dioxide (NO2),200,40380,"Rochester, NY",36,New York,55,Monroe,43.14501268,-77.55728026
02/03/2025,AQS,1,22.9,ppb,21,Rochester Near-Road,18,75,42602,Nitrogen dioxide (NO2),200,40380,"Rochester, NY",36,New York,55,Monroe,43.14501268,-77.55728026
02/04/2025,AQS,1,8.7,ppb,8,Rochester Near-Road,24,100,42602,Nitrogen dioxide (NO2),200,40380,"Rochester, NY",36,New York,55,Monroe,43.14501268,-77.55728026
02/05/2025,AQS,1,22.9,ppb,21,Rochester Near-Road,24,100,42602,Nitrogen dioxide (NO2),200,40380,"Rochester, NY",36,New York,55,Monroe,43.14501268,-77.55728026
02/06/2025,AQS,1,15.5,ppb,14,Rochester Near-Road,24,100,42602,Nitrogen dioxide (NO2),200,40380,"Rochester, NY",36,New York,55,Monroe,43.14501268,-77.55728026
02/07/2025,AQS,1,9.3,ppb,8,Rochester Near-Road,24,100,42602,Nitrogen dioxide (NO2),200,40380,"Rochester, NY",36,New York,55,Monroe,43.14501268,-77.55728026
02/08/2025,AQS,1,9.3,ppb,8,Rochester Near-Road,24,100,42602,Nitrogen dioxide (NO2),200,40380,"Rochester, NY",36,New York,55,Monroe,43.14501268,-77.55728026
02/09/2025,AQS,1,27.1,ppb,25,Rochester Near-Road,24,100,42602,Nitrogen dioxide (NO2),200,40380,"Rochester, NY",36,New York,55,Monroe,43.14501268,-77.55728026
02/10/2025,AQS,1,10.9,ppb,9,Rochester Near-Road,19,79,42602,Nitrogen dioxide (NO2),200,40380,"Rochester, NY",36,New York,55,Monroe,43.14501268,-77.55728026
02/11/2025,AQS,1,33.4,ppb,31,Rochester Near-Road,24,100,42602,Nitrogen dioxide (NO2),200,40380,"Rochester, NY",36,New York,55,Monroe,43.14501268,-77.55728026
02/12/2025,AQS,1,10.1,ppb,9,Rochester Near-Road,24,100,42602,Nitrogen dioxide (NO2),200,40380,"Rochester, NY",36,New York,55,Monroe,43.14501268,-77.55728026
02/13/2025,AQS,1,16.5,ppb,15,Rochester Near-Road,24,100,42602,Nitrogen dioxide (NO2),200,40380,"Rochester, NY",36,New York,55,Monroe,43.14501268,-77.55728026
02/14/2025,AQS,1,9.9,ppb,8,Rochester Near-Road,24,100,42602,Nitrogen dioxide (NO2),200,40380,"Rochester, NY",36,New York,55,Monroe,43.14501268,-77.55728026
02/15/2025,AQS,1,11.6,ppb,10,Rochester Near-Road,24,100,42602,Nitrogen dioxide (NO2),200,40380,"Rochester, NY",36,New York,55,Monroe,43.14501268,-77.55728026
02/16/2025,AQS,1,9,ppb,8,Rochester Near-Road,24,100,42602,Nitrogen dioxide (NO2),200,40380,"Rochester, NY",36,New York,55,Monroe,43.14501268,-77.55728026
02/17/2025,AQS,1,12,ppb,11,Rochester Near-Road,24,100,42602,Nitrogen dioxide (NO2),200,40380,"Rochester, NY",36,New York,55,Monroe,43.14501268,-77.55728026
02/18/2025,AQS,1,9.3,ppb,8,Rochester Near-Road,24,100,42602,Nitrogen dioxide (NO2),200,40380,"Rochester, NY",36,New York,55,Monroe,43.14501268,-77.55728026
02/25/2025,AQS,1,27.1,ppb,25,Rochester Near-Road,24,100,42602,Nitrogen dioxide (NO2),200,40380,"Rochester, NY",36,New York,55,Monroe,43.14501268,-77.55728026
02/26/2025,AQS,1,23.6,ppb,22,Rochester Near-Road,24,100,42602,Nitrogen dioxide (NO2),200,40380,"Rochester, NY",36,New York,55,Monroe,43.14501268,-77.55728026
02/27/2025,AQS,1,18.7,ppb,17,Rochester Near-Road,24,100,42602,Nitrogen dioxide (NO2),200,40380,"Rochester, NY",36,New York,55,Monroe,43.14501268,-77.55728026
02/28/2025,AQS,1,9.1,ppb,8,Rochester Near-Road,24,100,42602,Nitrogen dioxide (NO2),200,40380,"Rochester, NY",36,New York,55,Monroe,43.14501268,-77.55728026
03/01/2025,AQS,1,6.8,ppb,6,Rochester Near-Road,24,100,42602,Nitrogen dioxide (NO2),200,40380,"Rochester, NY",36,New York,55,Monroe,43.14501268,-77.55728026
03/02/2025,AQS,1,9.4,ppb,8,Rochester Near-Road,24,100,42602,Nitrogen dioxide (NO2),200,40380,"Rochester, NY",36,New York,55,Monroe,43.14501268,-77.55728026
03/03/2025,AQS,1,36.3,ppb,34,Rochester Near-Road,18,75,42602,Nitrogen dioxide (NO2),200,40380,"Rochester, NY",36,New York,55,Monroe,43.14501268,-77.55728026
03/04/2025,AQS,1,41.5,ppb,39,Rochester Near-Road,24,100,42602,Nitrogen dioxide (NO2),200,40380,"Rochester, NY",36,New York,55,Monroe,43.14501268,-77.55728026
03/05/2025,AQS,1,23,ppb,22,Rochester Near-Road,24,100,42602,Nitrogen dioxide (NO2),200,40380,"Rochester, NY",36,New York,55,Monroe,43.14501268,-77.55728026
03/06/2025,AQS,1,7.5,ppb,7,Rochester Near-Road,24,100,42602,Nitrogen dioxide (NO2),200,40380,"Rochester, NY",36,New York,55,Monroe,43.14501268,-77.55728026
03/07/2025,AQS,1,12.1,ppb,11,Rochester Near-Road,24,100,42602,Nitrogen dioxide (NO2),200,40380,"Rochester, NY",36,New York,55,Monroe,43.14501268,-77.55728026
03/08/2025,AQS,1,7.9,ppb,7,Rochester Near-Road,24,100,42602,Nitrogen dioxide (NO2),200,40380,"Rochester, NY",36,New York,55,Monroe,43.14501268,-77.55728026
03/09/2025,AQS,1,8.3,ppb,8,Rochester Near-Road,24,100,42602,Nitrogen dioxide (NO2),200,40380,"Rochester, NY",36,New York,55,Monroe,43.14501268,-77.55728026
03/10/2025,AQS,1,16.6,ppb,15,Rochester Near-Road,19,79,42602,Nitrogen dioxide (NO2),200,40380,"Rochester, NY",36,New York,55,Monroe,43.14501268,-77.55728026
03/11/2025,AQS,1,10,ppb,9,Rochester Near-Road,24,100,42602,Nitrogen dioxide (NO2),200,40380,"Rochester, NY",36,New York,55,Monroe,43.14501268,-77.55728026
03/12/2025,AQS,1,14.6,ppb,13,Rochester Near-Road,24,100,42602,Nitrogen dioxide (NO2),200,40380,"Rochester, NY",36,New York,55,Monroe,43.14501268,-77.55728026
03/13/2025,AQS,1,33.1,ppb,31,Rochester Near-Road,23,96,42602,Nitrogen dioxide (NO2),200,40380,"Rochester, NY",36,New York,55,Monroe,43.14501268,-77.55728026
03/14/2025,AQS,1,38.6,ppb,36,Rochester Near-Road,24,100,42602,Nitrogen dioxide (NO2),200,40380,"Rochester, NY",36,New York,55,Monroe,43.14501268,-77.55728026
03/15/2025,AQS,1,6,ppb,6,Rochester Near-Road,24,100,42602,Nitrogen dioxide (NO2),200,40380,"Rochester, NY",36,New York,55,Monroe,43.14501268,-77.55728026
03/16/2025,AQS,1,4.8,ppb,4,Rochester Near-Road,24,100,42602,Nitrogen dioxide (NO2),200,40380,"Rochester, NY",36,New York,55,Monroe,43.14501268,-77.55728026
03/17/2025,AQS,1,20.7,ppb,19,Rochester Near-Road,24,100,42602,Nitrogen dioxide (NO2),200,40380,"Rochester, NY",36,New York,55,Monroe,43.14501268,-77.55728026
03/18/2025,AQS,1,25.2,ppb,24,Rochester Near-Road,24,100,42602,Nitrogen dioxide (NO2),200,40380,"Rochester, NY",36,New York,55,Monroe,43.14501268,-77.55728026
03/19/2025,AQS,1,29,ppb,27,Rochester Near-Road,24,100,42602,Nitrogen dioxide (NO2),200,40380,"Rochester, NY",36,New York,55,Monroe,43.14501268,-77.55728026
03/20/2025,AQS,1,14.6,ppb,13,Rochester Near-Road,19,79,42602,Nitrogen dioxide (NO2),200,40380,"Rochester, NY",36,New York,55,Monroe,43.14501268,-77.55728026
03/21/2025,AQS,1,19.2,ppb,18,Rochester Near-Road,24,100,42602,Nitrogen dioxide (NO2),200,40380,"Rochester, NY",36,New York,55,Monroe,43.14501268,-77.55728026
03/22/2025,AQS,1,11.6,ppb,10,Rochester Near-Road,24,100,42602,Nitrogen dioxide (NO2),200,40380,"Rochester, NY",36,New York,55,Monroe,43.14501268,-77.55728026
03/23/2025,AQS,1,16.2,ppb,15,Rochester Near-Road,24,100,42602,Nitrogen dioxide (NO2),200,40380,"Rochester, NY",36,New York,55,Monroe,43.14501268,-77.55728026
03/24/2025,AQS,1,10.3,ppb,9,Rochester Near-Road,24,100,42602,Nitrogen dioxide (NO2),200,40380,"Rochester, NY",36,New York,55,Monroe,43.14501268,-77.55728026
03/25/2025,AQS,1,9.1,ppb,8,Rochester Near-Road,24,100,42602,Nitrogen dioxide (NO2),200,40380,"Rochester, NY",36,New York,55,Monroe,43.14501268,-77.55728026
03/26/2025,AQS,1,17,ppb,16,Rochester Near-Road,24,100,42602,Nitrogen dioxide (NO2),200,40380,"Rochester, NY",36,New York,55,Monroe,43.14501268,-77.55728026
03/28/2025,AQS,1,17,ppb,16,Rochester Near-Road,24,100,42602,Nitrogen dioxide (NO2),200,40380,"Rochester, NY",36,New York,55,Monroe,43.14501268,-77.55728026
03/29/2025,AQS,1,7.7,ppb,7,Rochester Near-Road,24,100,42602,Nitrogen dioxide (NO2),200,40380,"Rochester, NY",36,New York,55,Monroe,43.14501268,-77.55728026
03/30/2025,AQS,1,15.6,ppb,14,Rochester Near-Road,24,100,42602,Nitrogen dioxide (NO2),200,40380,"Rochester, NY",36,New York,55,Monroe,43.14501268,-77.55728026
03/31/2025,AQS,1,9.4,ppb,8,Rochester Near-Road,24,100,42602,Nitrogen dioxide (NO2),200,40380,"Rochester, NY",36,New York,55,Monroe,43.14501268,-77.55728026
04/01/2025,AQS,1,13.7,ppb,12,Rochester Near-Road,24,100,42602,Nitrogen dioxide (NO2),200,40380,"Rochester, NY",36,New York,55,Monroe,43.14501268,-77.55728026
04/02/2025,AQS,1,15.4,ppb,14,Rochester Near-Road,18,75,42602,Nitrogen dioxide (NO2),200,40380,"Rochester, NY",36,New York,55,Monroe,43.14501268,-77.55728026
04/03/2025,AQS,1,8.4,ppb,8,Rochester Near-Road,24,100,42602,Nitrogen dioxide (NO2),200,40380,"Rochester, NY",36,New York,55,Monroe,43.14501268,-77.55728026
04/04/2025,AQS,1,10,ppb,9,Rochester Near-Road,24,100,42602,Nitrogen dioxide (NO2),200,40380,"Rochester, NY",36,New York,55,Monroe,43.14501268,-77.55728026
04/05/2025,AQS,1,8.6,ppb,8,Rochester Near-Road,24,100,42602,Nitrogen dioxide (NO2),200,40380,"Rochester, NY",36,New York,55,Monroe,43.14501268,-77.55728026
04/06/2025,AQS,1,6.1,ppb,6,Rochester Near-Road,24,100,42602,Nitrogen dioxide (NO2),200,40380,"Rochester, NY",36,New York,55,Monroe,43.14501268,-77.55728026
04/07/2025,AQS,1,15.8,ppb,14,Rochester Near-Road,24,100,42602,Nitrogen dioxide (NO2),200,40380,"Rochester, NY",36,New York,55,Monroe,43.14501268,-77.55728026
04/08/2025,AQS,1,7,ppb,7,Rochester Near-Road,24,100,42602,Nitrogen dioxide (NO2),200,40380,"Rochester, NY",36,New York,55,Monroe,43.14501268,-77.55728026
04/09/2025,AQS,1,18.7,ppb,17,Rochester Near-Road,19,79,42602,Nitrogen dioxide (NO2),200,40380,"Rochester, NY",36,New York,55,Monroe,43.14501268,-77.55728026
04/10/2025,AQS,1,18.9,ppb,17,Rochester Near-Road,24,100,42602,Nitrogen dioxide (NO2),200,40380,"Rochester, NY",36,New York,55,Monroe,43.14501268,-77.55728026
04/11/2025,AQS,1,18.3,ppb,17,Rochester Near-Road,24,100,42602,Nitrogen dioxide (NO2),200,40380,"Rochester, NY",36,New York,55,Monroe,43.14501268,-77.55728026
04/12/2025,AQS,1,11.4,ppb,10,Rochester Near-Road,24,100,42602,Nitrogen dioxide (NO2),200,40380,"Rochester, NY",36,New York,55,Monroe,43.14501268,-77.55728026
04/13/2025,AQS,1,19.3,ppb,18,Rochester Near-Road,24,100,42602,Nitrogen dioxide (NO2),200,40380,"Rochester, NY",36,New York,55,Monroe,43.14501268,-77.55728026
04/14/2025,AQS,1,26.6,ppb,25,Rochester Near-Road,24,100,42602,Nitrogen dioxide (NO2),200,40380,"Rochester, NY",36,New York,55,Monroe,43.14501268,-77.55728026
04/15/2025,AQS,1,11.2,ppb,10,Rochester Near-Road,24,100,42602,Nitrogen dioxide (NO2),200,40380,"Rochester, NY",36,New York,55,Monroe,43.14501268,-77.55728026
04/16/2025,AQS,1,8.7,ppb,8,Rochester Near-Road,24,100,42602,Nitrogen dioxide (NO2),200,40380,"Rochester, NY",36,New York,55,Monroe,43.14501268,-77.55728026
04/22/2025,AQS,1,11.3,ppb,10,Rochester Near-Road,24,100,42602,Nitrogen dioxide (NO2),200,40380,"Rochester, NY",36,New York,55,Monroe,43.14501268,-77.55728026
04/23/2025,AQS,1,28.3,ppb,26,Rochester Near-Road,24,100,42602,Nitrogen dioxide (NO2),200,40380,"Rochester, NY",36,New York,55,Monroe,43.14501268,-77.55728026
04/24/2025,AQS,1,24.1,ppb,23,Rochester Near-Road,20,83,42602,Nitrogen dioxide (NO2),200,40380,"Rochester, NY",36,New York,55,Monroe,43.14501268,-77.55728026
04/25/2025,AQS,1,15.3,ppb,14,Rochester Near-Road,24,100,42602,Nitrogen dioxide (NO2),200,40380,"Rochester, NY",36,New York,55,Monroe,43.14501268,-77.55728026
04/26/2025,AQS,1,10,ppb,9,Rochester Near-Road,24,100,42602,Nitrogen dioxide (NO2),200,40380,"Rochester, NY",36,New York,55,Monroe,43.14501268,-77.55728026
04/27/2025,AQS,1,7,ppb,7,Rochester Near-Road,24,100,42602,Nitrogen dioxide (NO2),200,40380,"Rochester, NY",36,New York,55,Monroe,43.14501268,-77.55728026
04/28/2025,AQS,1,19.3,ppb,18,Rochester Near-Road,24,100,42602,Nitrogen dioxide (NO2),200,40380,"Rochester, NY",36,New York,55,Monroe,43.14501268,-77.55728026
04/29/2025,AQS,1,8.9,ppb,8,Rochester Near-Road,24,100,42602,Nitrogen dioxide (NO2),200,40380,"Rochester, NY",36,New York,55,Monroe,43.14501268,-77.55728026
04/30/2025,AQS,1,13.2,ppb,12,Rochester Near-Road,19,79,42602,Nitrogen dioxide (NO2),200,40380,"Rochester, NY",36,New York,55,Monroe,43.14501268,-77.55728026
