Date,Source,POC,Daily Max 8-hour Ozone Concentration,Units,Daily AQI Value,Local Site Name,Daily Obs Count,Percent Complete,AQS Parameter Code,AQS Parameter Description,Method Code,CBSA Code,CBSA Name,State FIPS Code,State,County FIPS Code,County,Site Latitude,Site Longitude
01/01/2015,AQS,1,0.024,ppm,22,CCNY,17,100,44201,Ozone,47,35620,"New York-Newark-Jersey City, NY-NJ-PA",36,New York,61,New York,40.81976,-73.94825
01/02/2015,AQS,1,0.02,ppm,19,CCNY,17,100,44201,Ozone,47,35620,"New York-Newark-Jersey City, NY-NJ-PA",36,New York,61,New York,40.81976,-73.94825
01/03/2015,AQS,1,0.014,ppm,13,CCNY,17,100,44201,Ozone,47,35620,"New York-Newark-Jersey City, NY-NJ-PA",36,New York,61,New York,40.81976,-73.94825
01/04/2015,AQS,1,0.017,ppm,16,CCNY,17,100,44201,Ozone,47,35620,"New York-Newark-Jersey City, NY-NJ-PA",36,New York,61,New York,40.81976,-73.94825
01/05/2015,AQS,1,0.028,ppm,26,CCNY,17,100,44201,Ozone,47,35620,"New York-Newark-Jersey City, NY-NJ-PA",36,New York,61,New York,40.81976,-73.94825
01/06/2015,AQS,1,0.013,ppm,12,CCNY,17,100,44201,Ozone,47,35620,"New York-Newark-Jersey City, NY-NJ-PA",36,New York,61,New York,40.81976,-73.94825
01/07/2015,AQS,1,0.026,ppm,24,CCNY,17,100,44201,Ozone,47,35620,"New York-Newark-Jersey City, NY-NJ-PA",36,New York,61,New York,40.81976,-73.94825
01/08/2015,AQS,1,0.019,ppm,18,CCNY,17,100,44201,Ozone,47,35620,"New York-Newark-Jersey City, NY-NJ-PA",36,New York,61,New York,40.81976,-73.94825
01/09/2015,AQS,1,0.022,ppm,20,CCNY,17,100,44201,Ozone,47,35620,"New York-Newark-Jersey City, NY-NJ-PA",36,New York,61,New York,40.81976,-73.94825
01/10/2015,AQS,1,0.024,ppm,22,CCNY,17,100,44201,Ozone,47,35620,"New York-Newark-Jersey City, NY-NJ-PA",36,New York,61,New York,40.81976,-73.94825
01/11/2015,AQS,1,0.011,ppm,10,CCNY,17,100,44201,Ozone,47,35620,"New York-Newark-Jersey City, NY-NJ-PA",36,New York,61,New York,40.81976,-73.94825
01/12/2015,AQS,1,0.013,ppm,12,CCNY,17,100,44201,Ozone,47,35620,"New York-Newark-Jersey City, NY-NJ-PA",36,New York,61,New York,40.81976,-73.94825
01/13/2015,AQS,1,0.024,ppm,22,CCNY,17,100,44201,Ozone,47,35620,"New York-Newark-Jersey City, NY-NJ-PA",36,New York,61,New York,40.81976,-73.94825
01/14/2015,AQS,1,0.009,ppm,8,CCNY,17,100,44201,Ozone,47,35620,"New York-Newark-Jersey City, NY-NJ-PA",36,New York,61,New York,40.81976,-73.94825
01/15/2015,AQS,1,0.019,ppm,18,CCNY,17,100,44201,Ozone,47,35620,"New York-Newark-Jersey City, NY-NJ-PA",36,New York,61,New York,40.81976,-73.94825
01/16/2015,AQS,1,0.026,ppm,24,CCNY,17,100,44201,Ozone,47,35620,"New York-Newark-Jersey City, NY-NJ-PA",36,New York,61,New York,40.81976,-73.94825
01/17/2015,AQS,1,0.018,ppm,17,CCNY,17,100,44201,Ozone,47,35620,"New York-Newark-Jersey City, NY-NJ-PA",36,New York,61,New York,40.81976,-73.94825
01/18/2015,AQS,1,0.007,ppm,6,CCNY,17,100,44201,Ozone,47,35620,"New York-Newark-Jersey City, NY-NJ-PA",36,New York,61,New York,40.81976,-73.94825
01/19/2015,AQS,1,0.021,ppm,19,CCNY,17,100,44201,Ozone,47,35620,"New York-Newark-Jersey City, NY-NJ-PA",36,New York,61,New York,40.81976,-73.94825
01/20/2015,AQS,1,0.02,ppm,19,CCNY,17,100,44201,Ozone,47,35620,"New York-Newark-Jersey City, NY-NJ-PA",36,New York,61,New York,40.81976,-73.94825
01/21/2015,AQS,1,0.014,ppm,13,CCNY,17,100,44201,Ozone,47,35620,"New York-Newark-Jersey City, NY-NJ-PA",36,New York,61,New York,40.81976,-73.94825
01/22/2015,AQS,1,0.018,ppm,17,CCNY,17,100,44201,Ozone,47,35620,"New York-Newark-Jersey City, NY-NJ-PA",36,New York,61,New York,40.81976,-73.94825
01/23/2015,AQS,1,0.015,ppm,14,CCNY,17,100,44201,Ozone,47,35620,"New York-Newark-Jersey City, NY-NJ-PA",36,New York,61,New York,40.81976,-73.94825
01/24/2015,AQS,1,0.018,ppm,17,CCNY,17,100,44201,Ozone,47,35620,"New York-Newark-Jersey City, NY-NJ-PA",36,New York,61,New York,40.81976,-73.94825
01/25/2015,AQS,1,0.025,ppm,23,CCNY,17,100,44201,Ozone,47,35620,"New York-Newark-Jersey City, NY-NJ-PA",36,New York,61,New York,40.81976,-73.94825
01/26/2015,AQS,1,0.025,ppm,23,CCNY,17,100,44201,Ozone,47,35620,"New York-Newark-Jersey City, NY-NJ-PA",36,New York,61,New York,40.81976,-73.94825
01/27/2015,AQS,1,0.027,ppm,25,CCNY,17,100,44201,Ozone,47,35620,"New York-Newark-Jersey City, NY-NJ-PA",36,New York,61,New York,40.81976,-73.94825
01/28/2015,AQS,1,0.024,ppm,22,CCNY,17,100,44201,Ozone,47,35620,"New York-Newark-Jersey City, NY-NJ-PA",36,New York,61,New York,40.81976,-73.94825
01/29/2015,AQS,1,0.011,ppm,10,CCNY,17,100,44201,Ozone,47,35620,"New York-Newark-Jersey City, NY-NJ-PA",36,New York,61,New York,40.81976,-73.94825
01/30/2015,AQS,1,0.031,ppm,29,CCNY,17,100,44201,Ozone,47,35620,"New York-Newark-Jersey City, NY-NJ-PA",36,New York,61,New York,40.81976,-73.94825
01/31/2015,AQS,1,0.032,ppm,30,CCNY,17,100,44201,Ozone,47,35620,"New York-Newark-Jersey City, NY-NJ-PA",36,New York,61,New York,40.81976,-73.94825
02/01/2015,AQS,1,0.02,ppm,19,CCNY,17,100,44201,Ozone,47,35620,"New York-Newark-Jersey City, NY-NJ-PA",36,New York,61,New York,40.81976,-73.94825
02/02/2015,AQS,1,0.026,ppm,24,CCNY,17,100,44201,Ozone,47,35620,"New York-Newark-Jersey City, NY-NJ-PA",36,New York,61,New York,40.81976,-73.94825
02/03/2015,AQS,1,0.024,ppm,22,CCNY,17,100,44201,Ozone,47,35620,"New York-Newark-Jersey City, NY-NJ-PA",36,New York,61,New York,40.81976,-73.94825
02/04/2015,AQS,1,0.007,ppm,6,CCNY,17,100,44201,Ozone,47,35620,"New York-Newark-Jersey City, NY-NJ-PA",36,New York,61,New York,40.81976,-73.94825
02/05/2015,AQS,1,0.025,ppm,23,CCNY,17,100,44201,Ozone,47,35620,"New York-Newark-Jersey City, NY-NJ-PA",36,New York,61,New York,40.81976,-73.94825
02/06/2015,AQS,1,0.021,ppm,19,CCNY,17,100,44201,Ozone,47,35620,"New York-Newark-Jersey City, NY-NJ-PA",36,New York,61,New York,40.81976,-73.94825
02/07/2015,AQS,1,0.008,ppm,7,CCNY,17,100,44201,Ozone,47,35620,"New York-Newark-Jersey City, NY-NJ-PA",36,New York,61,New York,40.81976,-73.94825
02/08/2015,AQS,1,0.017,ppm,16,CCNY,17,100,44201,Ozone,47,35620,"New York-Newark-Jersey City, NY-NJ-PA",36,New York,61,New York,40.81976,-73.94825
02/09/2015,AQS,1,0.018,ppm,17,CCNY,17,100,44201,Ozone,47,35620,"New York-Newark-Jersey City, NY-NJ-PA",36,New York,61,New York,40.81976,-73.94825
02/10/2015,AQS,1,0.025,ppm,23,CCNY,17,100,44201,Ozone,47,35620,"New York-Newark-Jersey City, NY-NJ-PA",36,New York,61,New York,40.81976,-73.94825
02/11/2015,AQS,1,0.03,ppm,28,CCNY,17,100,44201,Ozone,47,35620,"New York-Newark-Jersey City, NY-NJ-PA",36,New York,61,New York,40.81976,-73.94825
02/12/2015,AQS,1,0.025,ppm,23,CCNY,17,100,44201,Ozone,47,35620,"New York-Newark-Jersey City, NY-NJ-PA",36,New York,61,New York,40.81976,-73.94825
02/13/2015,AQS,1,0.029,ppm,27,CCNY,17,100,44201,Ozone,47,35620,"New York-Newark-Jersey City, NY-NJ-PA",36,New York,61,New York,40.81976,-73.94825
02/14/2015,AQS,1,0.021,ppm,19,CCNY,17,100,44201,Ozone,47,35620,"New York-Newark-Jersey City, NY-NJ-PA",36,New York,61,New York,40.81976,-73.94825
02/15/2015,AQS,1,0.029,ppm,27,CCNY,17,100,44201,Ozone,47,35620,"New York-Newark-Jersey City, NY-NJ-PA",36,New York,61,New York,40.81976,-73.94825
02/16/2015,AQS,1,0.029,ppm,27,CCNY,17,100,44201,Ozone,47,35620,"New York-Newark-Jersey City, NY-NJ-PA",36,New York,61,New York,40.81976,-73.94825
02/17/2015,AQS,1,0.024,ppm,22,CCNY,17,100,44201,Ozone,47,35620,"New York-Newark-Jersey City, NY-NJ-PA",36,New York,61,New York,40.81976,-73.94825
02/18/2015,AQS,1,0.023,ppm,21,CCNY,17,100,44201,Ozone,47,35620,"New York-Newark-Jersey City, NY-NJ-PA",36,New York,61,New York,40.81976,-73.94825
02/19/2015,AQS,1,0.031,ppm,29,CCNY,17,100,44201,Ozone,47,35620,"New York-Newark-Jersey City, NY-NJ-PA",36,New York,61,New York,40.81976,-73.94825
02/20/2015,AQS,1,0.028,ppm,26,CCNY,17,100,44201,Ozone,47,35620,"New York-Newark-Jersey City, NY-NJ-PA",36,New York,61,New York,40.81976,-73.94825
02/21/2015,AQS,1,0.018,ppm,17,CCNY,17,100,44201,Ozone,47,35620,"New York-Newark-Jersey City, NY-NJ-PA",36,New York,61,New York,40.81976,-73.94825
02/22/2015,AQS,1,0.022,ppm,20,CCNY,17,100,44201,Ozone,47,35620,"New York-Newark-Jersey City, NY-NJ-PA",36,New York,61,New York,40.81976,-73.94825
02/23/2015,AQS,1,0.03,ppm,28,CCNY,17,100,44201,Ozone,47,35620,"New York-Newark-Jersey City, NY-NJ-PA",36,New York,61,New York,40.81976,-73.94825
02/24/2015,AQS,1,0.018,ppm,17,CCNY,17,100,44201,Ozone,47,35620,"New York-Newark-Jersey City, NY-NJ-PA",36,New York,61,New York,40.81976,-73.94825
02/25/2015,AQS,1,0.032,ppm,30,CCNY,17,100,44201,Ozone,47,35620,"New York-Newark-Jersey City, NY-NJ-PA",36,New York,61,New York,40.81976,-73.94825
02/26/2015,AQS,1,0.024,ppm,22,CCNY,17,100,44201,Ozone,47,35620,"New York-Newark-Jersey City, NY-NJ-PA",36,New York,61,New York,40.81976,-73.94825
02/27/2015,AQS,1,0.03,ppm,28,CCNY,17,100,44201,Ozone,47,35620,"New York-Newark-Jersey City, NY-NJ-PA",36,New York,61,New York,40.81976,-73.94825
02/28/2015,AQS,1,0.033,ppm,31,CCNY,17,100,44201,Ozone,47,35620,"New York-Newark-Jersey City, NY-NJ-PA",36,New York,61,New York,40.81976,-73.94825
03/01/2015,AQS,1,0.015,ppm,14,CCNY,17,100,44201,Ozone,47,35620,"New York-Newark-Jersey City, NY-NJ-PA",36,New York,61,New York,40.81976,-73.94825
03/02/2015,AQS,1,0.037,ppm,34,CCNY,17,100,44201,Ozone,47,35620,"New York-Newark-Jersey City, NY-NJ-PA",36,New York,61,New York,40.81976,-73.94825
03/03/2015,AQS,1,0.022,ppm,20,CCNY,17,100,44201,Ozone,47,35620,"New York-Newark-Jersey City, NY-NJ-PA",36,New York,61,New York,40.81976,-73.94825
03/04/2015,AQS,1,0.012,ppm,11,CCNY,17,100,44201,Ozone,47,35620,"New York-Newark-Jersey City, NY-NJ-PA",36,New York,61,New York,40.81976,-73.94825
03/05/2015,AQS,1,0.022,ppm,20,CCNY,17,100,44201,Ozone,47,35620,"New York-Newark-Jersey City, NY-NJ-PA",36,New York,61,New York,40.81976,-73.94825
03/06/2015,AQS,1,0.025,ppm,23,CCNY,17,100,44201,Ozone,47,35620,"New York-Newark-Jersey City, NY-NJ-PA",36,New York,61,New York,40.81976,-73.94825
03/07/2015,AQS,1,0.028,ppm,26,CCNY,17,100,44201,Ozone,47,35620,"New York-Newark-Jersey City, NY-NJ-PA",36,New York,61,New York,40.81976,-73.94825
03/08/2015,AQS,1,0.042,ppm,39,CCNY,17,100,44201,Ozone,47,35620,"New York-Newark-Jersey City, NY-NJ-PA",36,New York,61,New York,40.81976,-73.94825
03/09/2015,AQS,1,0.039,ppm,36,CCNY,17,100,44201,Ozone,47,35620,"New York-Newark-Jersey City, NY-NJ-PA",36,New York,61,New York,40.81976,-73.94825
03/10/2015,AQS,1,0.009,ppm,8,CCNY,17,100,44201,Ozone,47,35620,"New York-Newark-Jersey City, NY-NJ-PA",36,New York,61,New York,40.81976,-73.94825
03/12/2015,AQS,1,0.035,ppm,32,CCNY,17,100,44201,Ozone,47,35620,"New York-Newark-Jersey City, NY-NJ-PA",36,New York,61,New York,40.81976,-73.94825
03/13/2015,AQS,1,0.03,ppm,28,CCNY,17,100,44201,Ozone,47,35620,"New York-Newark-Jersey City, NY-NJ-PA",36,New York,61,New York,40.81976,-73.94825
03/14/2015,AQS,1,0.021,ppm,19,CCNY,17,100,44201,Ozone,47,35620,"New York-Newark-Jersey City, NY-NJ-PA",36,New York,61,New York,40.81976,-73.94825
03/15/2015,AQS,1,0.03,ppm,28,CCNY,17,100,44201,Ozone,47,35620,"New York-Newark-Jersey City, NY-NJ-PA",36,New York,61,New York,40.81976,-73.94825
03/16/2015,AQS,1,0.021,ppm,19,CCNY,17,100,44201,Ozone,47,35620,"New York-Newark-Jersey City, NY-NJ-PA",36,New York,61,New York,40.81976,-73.94825
03/18/2015,AQS,1,0.033,ppm,31,CCNY,17,100,44201,Ozone,47,35620,"New York-Newark-Jersey City, NY-NJ-PA",36,New York,61,New York,40.81976,-73.94825
03/19/2015,AQS,1,0.034,ppm,31,CCNY,17,100,44201,Ozone,47,35620,"New York-Newark-Jersey City, NY-NJ-PA",36,New York,61,New York,40.81976,-73.94825
03/20/2015,AQS,1,0.023,ppm,21,CCNY,17,100,44201,Ozone,47,35620,"New York-Newark-Jersey City, NY-NJ-PA",36,New York,61,New York,40.81976,-73.94825
03/21/2015,AQS,1,0.029,ppm,27,CCNY,17,100,44201,Ozone,47,35620,"New York-Newark-Jersey City, NY-NJ-PA",36,New York,61,New York,40.81976,-73.94825
03/22/2015,AQS,1,0.032,ppm,30,CCNY,17,100,44201,Ozone,47,35620,"New York-Newark-Jersey City, NY-NJ-PA",36,New York,61,New York,40.81976,-73.94825
03/23/2015,AQS,1,0.031,ppm,29,CCNY,17,100,44201,Ozone,47,35620,"New York-Newark-Jersey City, NY-NJ-PA",36,New York,61,New York,40.81976,-73.94825
03/24/2015,AQS,1,0.028,ppm,26,CCNY,17,100,44201,Ozone,47,35620,"New York-Newark-Jersey City, NY-NJ-PA",36,New York,61,New York,40.81976,-73.94825
03/25/2015,AQS,1,0.02,ppm,19,CCNY,17,100,44201,Ozone,47,35620,"New York-Newark-Jersey City, NY-NJ-PA",36,New York,61,New York,40.81976,-73.94825
03/26/2015,AQS,1,0.015,ppm,14,CCNY,17,100,44201,Ozone,47,35620,"New York-Newark-Jersey City, NY-NJ-PA",36,New York,61,New York,40.81976,-73.94825
03/27/2015,AQS,1,0.019,ppm,18,CCNY,15,88,44201,Ozone,47,35620,"New York-Newark-Jersey City, NY-NJ-PA",36,New York,61,New York,40.81976,-73.94825
03/30/2015,AQS,1,0.029,ppm,27,CCNY,17,100,44201,Ozone,47,35620,"New York-Newark-Jersey City, NY-NJ-PA",36,New York,61,New York,40.81976,-73.94825
03/31/2015,AQS,1,0.026,ppm,24,CCNY,17,100,44201,Ozone,47,35620,"New York-Newark-Jersey City, NY-NJ-PA",36,New York,61,New York,40.81976,-73.94825
04/01/2015,AQS,1,0.037,ppm,34,CCNY,17,100,44201,Ozone,47,35620,"New York-Newark-Jersey City, NY-NJ-PA",36,New York,61,New York,40.81976,-73.94825
04/02/2015,AQS,1,0.038,ppm,35,CCNY,17,100,44201,Ozone,47,35620,"New York-Newark-Jersey City, NY-NJ-PA",36,New York,61,New York,40.81976,-73.94825
04/03/2015,AQS,1,0.017,ppm,16,CCNY,13,76,44201,Ozone,47,35620,"New York-Newark-Jersey City, NY-NJ-PA",36,New York,61,New York,40.81976,-73.94825
04/04/2015,AQS,1,0.035,ppm,32,CCNY,17,100,44201,Ozone,47,35620,"New York-Newark-Jersey City, NY-NJ-PA",36,New York,61,New York,40.81976,-73.94825
04/05/2015,AQS,1,0.039,ppm,36,CCNY,17,100,44201,Ozone,47,35620,"New York-Newark-Jersey City, NY-NJ-PA",36,New York,61,New York,40.81976,-73.94825
04/06/2015,AQS,1,0.027,ppm,25,CCNY,17,100,44201,Ozone,47,35620,"New York-Newark-Jersey City, NY-NJ-PA",36,New York,61,New York,40.81976,-73.94825
04/07/2015,AQS,1,0.022,ppm,20,CCNY,17,100,44201,Ozone,47,35620,"New York-Newark-Jersey City, NY-NJ-PA",36,New York,61,New York,40.81976,-73.94825
04/08/2015,AQS,1,0.031,ppm,29,CCNY,17,100,44201,Ozone,47,35620,"New York-Newark-Jersey City, NY-NJ-PA",36,New York,61,New York,40.81976,-73.94825
04/09/2015,AQS,1,0.029,ppm,27,CCNY,17,100,44201,Ozone,47,35620,"New York-Newark-Jersey City, NY-NJ-PA",36,New York,61,New York,40.81976,-73.94825
04/10/2015,AQS,1,0.018,ppm,17,CCNY,17,100,44201,Ozone,47,35620,"New York-Newark-Jersey City, NY-NJ-PA",36,New York,61,New York,40.81976,-73.94825
04/11/2015,AQS,1,0.04,ppm,37,CCNY,17,100,44201,Ozone,47,35620,"New York-Newark-Jersey City, NY-NJ-PA",36,New York,61,New York,40.81976,-73.94825
04/12/2015,AQS,1,0.041,ppm,38,CCNY,17,100,44201,Ozone,47,35620,"New York-Newark-Jersey City, NY-NJ-PA",36,New York,61,New York,40.81976,-73.94825
04/13/2015,AQS,1,0.041,ppm,38,CCNY,17,100,44201,Ozone,47,35620,"New York-Newark-Jersey City, NY-NJ-PA",36,New York,61,New York,40.81976,-73.94825
04/14/2015,AQS,1,0.032,ppm,30,CCNY,17,100,44201,Ozone,47,35620,"New York-Newark-Jersey City, NY-NJ-PA",36,New York,61,New York,40.81976,-73.94825
04/15/2015,AQS,1,0.042,ppm,39,CCNY,17,100,44201,Ozone,47,35620,"New York-Newark-Jersey City, NY-NJ-PA",36,New York,61,New York,40.81976,-73.94825
04/16/2015,AQS,1,0.042,ppm,39,CCNY,17,100,44201,Ozone,47,35620,"New York-Newark-Jersey City, NY-NJ-PA",36,New York,61,New York,40.81976,-73.94825
04/17/2015,AQS,1,0.031,ppm,29,CCNY,17,100,44201,Ozone,47,35620,"New York-Newark-Jersey City, NY-NJ-PA",36,New York,61,New York,40.81976,-73.94825
04/18/2015,AQS,1,0.051,ppm,47,CCNY,17,100,44201,Ozone,47,35620,"New York-Newark-Jersey City, NY-NJ-PA",36,New York,61,New York,40.81976,-73.94825
04/19/2015,AQS,1,0.038,ppm,35,CCNY,17,100,44201,Ozone,47,35620,"New York-Newark-Jersey City, NY-NJ-PA",36,New York,61,New York,40.81976,-73.94825
04/20/2015,AQS,1,0.026,ppm,24,CCNY,17,100,44201,Ozone,47,35620,"New York-Newark-Jersey City, NY-NJ-PA",36,New York,61,New York,40.81976,-73.94825
04/21/2015,AQS,1,0.039,ppm,36,CCNY,17,100,44201,Ozone,47,35620,"New York-Newark-Jersey City, NY-NJ-PA",36,New York,61,New York,40.81976,-73.94825
04/22/2015,AQS,1,0.037,ppm,34,CCNY,17,100,44201,Ozone,47,35620,"New York-Newark-Jersey City, NY-NJ-PA",36,New York,61,New York,40.81976,-73.94825
04/23/2015,AQS,1,0.032,ppm,30,CCNY,17,100,44201,Ozone,47,35620,"New York-Newark-Jersey City, NY-NJ-PA",36,New York,61,New York,40.81976,-73.94825
04/24/2015,AQS,1,0.031,ppm,29,CCNY,17,100,44201,Ozone,47,35620,"New York-Newark-Jersey City, NY-NJ-PA",36,New York,61,New York,40.81976,-73.94825
04/25/2015,AQS,1,0.034,ppm,31,CCNY,17,100,44201,Ozone,47,35620,"New York-Newark-Jersey City, NY-NJ-PA",36,New York,61,New York,40.81976,-73.94825
04/26/2015,AQS,1,0.041,ppm,38,CCNY,17,100,44201,Ozone,47,35620,"New York-Newark-Jersey City, NY-NJ-PA",36,New York,61,New York,40.81976,-73.94825
04/27/2015,AQS,1,0.03,ppm,28,CCNY,17,100,44201,Ozone,47,35620,"New York-Newark-Jersey City, NY-NJ-PA",36,New York,61,New York,40.81976,-73.94825
04/28/2015,AQS,1,0.043,ppm,40,CCNY,17,100,44201,Ozone,47,35620,"New York-Newark-Jersey City, NY-NJ-PA",36,New York,61,New York,40.81976,-73.94825
04/29/2015,AQS,1,0.042,ppm,39,CCNY,17,100,44201,Ozone,47,35620,"New York-Newark-Jersey City, NY-NJ-PA",36,New York,61,New York,40.81976,-73.94825
04/30/2015,AQS,1,0.035,ppm,32,CCNY,17,100,44201,Ozone,47,35620,"New York-Newark-Jersey City, NY-NJ-PA",36,New York,61,New York,40.81976,-73.94825
05/01/2015,AQS,1,0.032,ppm,30,CCNY,17,100,44201,Ozone,47,35620,"New York-Newark-Jersey City, NY-NJ-PA",36,New York,61,New York,40.81976,-73.94825
05/02/2015,AQS,1,0.035,ppm,32,CCNY,17,100,44201,Ozone,47,35620,"New York-Newark-Jersey City, NY-NJ-PA",36,New York,61,New York,40.81976,-73.94825
05/03/2015,AQS,1,0.045,ppm,42,CCNY,17,100,44201,Ozone,47,35620,"New York-Newark-Jersey City, NY-NJ-PA",36,New York,61,New York,40.81976,-73.94825
05/04/2015,AQS,1,0.054,ppm,50,CCNY,17,100,44201,Ozone,47,35620,"New York-Newark-Jersey City, NY-NJ-PA",36,New York,61,New York,40.81976,-73.94825
05/05/2015,AQS,1,0.058,ppm,61,CCNY,17,100,44201,Ozone,47,35620,"New York-Newark-Jersey City, NY-NJ-PA",36,New York,61,New York,40.81976,-73.94825
05/06/2015,AQS,1,0.037,ppm,34,CCNY,17,100,44201,Ozone,47,35620,"New York-Newark-Jersey City, NY-NJ-PA",36,New York,61,New York,40.81976,-73.94825
05/07/2015,AQS,1,0.045,ppm,42,CCNY,17,100,44201,Ozone,47,35620,"New York-Newark-Jersey City, NY-NJ-PA",36,New York,61,New York,40.81976,-73.94825
05/08/2015,AQS,1,0.052,ppm,48,CCNY,17,100,44201,Ozone,47,35620,"New York-Newark-Jersey City, NY-NJ-PA",36,New York,61,New York,40.81976,-73.94825
05/09/2015,AQS,1,0.024,ppm,22,CCNY,17,100,44201,Ozone,47,35620,"New York-Newark-Jersey City, NY-NJ-PA",36,New York,61,New York,40.81976,-73.94825
05/10/2015,AQS,1,0.024,ppm,22,CCNY,17,100,44201,Ozone,47,35620,"New York-Newark-Jersey City, NY-NJ-PA",36,New York,61,New York,40.81976,-73.94825
05/11/2015,AQS,1,0.019,ppm,18,CCNY,17,100,44201,Ozone,47,35620,"New York-Newark-Jersey City, NY-NJ-PA",36,New York,61,New York,40.81976,-73.94825
05/12/2015,AQS,1,0.052,ppm,48,CCNY,17,100,44201,Ozone,47,35620,"New York-Newark-Jersey City, NY-NJ-PA",36,New York,61,New York,40.81976,-73.94825
05/13/2015,AQS,1,0.027,ppm,25,CCNY,17,100,44201,Ozone,47,35620,"New York-Newark-Jersey City, NY-NJ-PA",36,New York,61,New York,40.81976,-73.94825
05/14/2015,AQS,1,0.047,ppm,44,CCNY,17,100,44201,Ozone,47,35620,"New York-Newark-Jersey City, NY-NJ-PA",36,New York,61,New York,40.81976,-73.94825
05/15/2015,AQS,1,0.051,ppm,47,CCNY,17,100,44201,Ozone,47,35620,"New York-Newark-Jersey City, NY-NJ-PA",36,New York,61,New York,40.81976,-73.94825
05/16/2015,AQS,1,0.031,ppm,29,CCNY,17,100,44201,Ozone,47,35620,"New York-Newark-Jersey City, NY-NJ-PA",36,New York,61,New York,40.81976,-73.94825
05/17/2015,AQS,1,0.052,ppm,48,CCNY,17,100,44201,Ozone,47,35620,"New York-Newark-Jersey City, NY-NJ-PA",36,New York,61,New York,40.81976,-73.94825
05/18/2015,AQS,1,0.028,ppm,26,CCNY,17,100,44201,Ozone,47,35620,"New York-Newark-Jersey City, NY-NJ-PA",36,New York,61,New York,40.81976,-73.94825
05/19/2015,AQS,1,0.023,ppm,21,CCNY,17,100,44201,Ozone,47,35620,"New York-Newark-Jersey City, NY-NJ-PA",36,New York,61,New York,40.81976,-73.94825
05/20/2015,AQS,1,0.029,ppm,27,CCNY,17,100,44201,Ozone,47,35620,"New York-Newark-Jersey City, NY-NJ-PA",36,New York,61,New York,40.81976,-73.94825
05/21/2015,AQS,1,0.024,ppm,22,CCNY,17,100,44201,Ozone,47,35620,"New York-Newark-Jersey City, NY-NJ-PA",36,New York,61,New York,40.81976,-73.94825
05/22/2015,AQS,1,0.046,ppm,43,CCNY,17,100,44201,Ozone,47,35620,"New York-Newark-Jersey City, NY-NJ-PA",36,New York,61,New York,40.81976,-73.94825
05/23/2015,AQS,1,0.04,ppm,37,CCNY,17,100,44201,Ozone,47,35620,"New York-Newark-Jersey City, NY-NJ-PA",36,New York,61,New York,40.81976,-73.94825
05/24/2015,AQS,1,0.058,ppm,61,CCNY,17,100,44201,Ozone,47,35620,"New York-Newark-Jersey City, NY-NJ-PA",36,New York,61,New York,40.81976,-73.94825
05/25/2015,AQS,1,0.057,ppm,58,CCNY,17,100,44201,Ozone,47,35620,"New York-Newark-Jersey City, NY-NJ-PA",36,New York,61,New York,40.81976,-73.94825
05/26/2015,AQS,1,0.052,ppm,48,CCNY,17,100,44201,Ozone,47,35620,"New York-Newark-Jersey City, NY-NJ-PA",36,New York,61,New York,40.81976,-73.94825
05/27/2015,AQS,1,0.031,ppm,29,CCNY,17,100,44201,Ozone,47,35620,"New York-Newark-Jersey City, NY-NJ-PA",36,New York,61,New York,40.81976,-73.94825
05/28/2015,AQS,1,0.041,ppm,38,CCNY,17,100,44201,Ozone,47,35620,"New York-Newark-Jersey City, NY-NJ-PA",36,New York,61,New York,40.81976,-73.94825
05/29/2015,AQS,1,0.041,ppm,38,CCNY,17,100,44201,Ozone,47,35620,"New York-Newark-Jersey City, NY-NJ-PA",36,New York,61,New York,40.81976,-73.94825
05/30/2015,AQS,1,0.028,ppm,26,CCNY,17,100,44201,Ozone,47,35620,"New York-Newark-Jersey City, NY-NJ-PA",36,New York,61,New York,40.81976,-73.94825
05/31/2015,AQS,1,0.032,ppm,30,CCNY,17,100,44201,Ozone,47,35620,"New York-Newark-Jersey City, NY-NJ-PA",36,New York,61,New York,40.81976,-73.94825
06/01/2015,AQS,1,0.018,ppm,17,CCNY,17,100,44201,Ozone,47,35620,"New York-Newark-Jersey City, NY-NJ-PA",36,New York,61,New York,40.81976,-73.94825
06/02/2015,AQS,1,0.009,ppm,8,CCNY,17,100,44201,Ozone,47,35620,"New York-Newark-Jersey City, NY-NJ-PA",36,New York,61,New York,40.81976,-73.94825
06/03/2015,AQS,1,0.027,ppm,25,CCNY,17,100,44201,Ozone,47,35620,"New York-Newark-Jersey City, NY-NJ-PA",36,New York,61,New York,40.81976,-73.94825
06/04/2015,AQS,1,0.029,ppm,27,CCNY,17,100,44201,Ozone,47,35620,"New York-Newark-Jersey City, NY-NJ-PA",36,New York,61,New York,40.81976,-73.94825
06/05/2015,AQS,1,0.019,ppm,18,CCNY,17,100,44201,Ozone,47,35620,"New York-Newark-Jersey City, NY-NJ-PA",36,New York,61,New York,40.81976,-73.94825
06/06/2015,AQS,1,0.041,ppm,38,CCNY,17,100,44201,Ozone,47,35620,"New York-Newark-Jersey City, NY-NJ-PA",36,New York,61,New York,40.81976,-73.94825
06/07/2015,AQS,1,0.039,ppm,36,CCNY,17,100,44201,Ozone,47,35620,"New York-Newark-Jersey City, NY-NJ-PA",36,New York,61,New York,40.81976,-73.94825
06/08/2015,AQS,1,0.037,ppm,34,CCNY,17,100,44201,Ozone,47,35620,"New York-Newark-Jersey City, NY-NJ-PA",36,New York,61,New York,40.81976,-73.94825
06/09/2015,AQS,1,0.053,ppm,49,CCNY,17,100,44201,Ozone,47,35620,"New York-Newark-Jersey City, NY-NJ-PA",36,New York,61,New York,40.81976,-73.94825
06/10/2015,AQS,1,0.051,ppm,47,CCNY,17,100,44201,Ozone,47,35620,"New York-Newark-Jersey City, NY-NJ-PA",36,New York,61,New York,40.81976,-73.94825
06/11/2015,AQS,1,0.073,ppm,108,CCNY,17,100,44201,Ozone,47,35620,"New York-Newark-Jersey City, NY-NJ-PA",36,New York,61,New York,40.81976,-73.94825
06/12/2015,AQS,1,0.057,ppm,58,CCNY,17,100,44201,Ozone,47,35620,"New York-Newark-Jersey City, NY-NJ-PA",36,New York,61,New York,40.81976,-73.94825
06/13/2015,AQS,1,0.046,ppm,43,CCNY,17,100,44201,Ozone,47,35620,"New York-Newark-Jersey City, NY-NJ-PA",36,New York,61,New York,40.81976,-73.94825
06/14/2015,AQS,1,0.067,ppm,90,CCNY,17,100,44201,Ozone,47,35620,"New York-Newark-Jersey City, NY-NJ-PA",36,New York,61,New York,40.81976,-73.94825
06/15/2015,AQS,1,0.031,ppm,29,CCNY,17,100,44201,Ozone,47,35620,"New York-Newark-Jersey City, NY-NJ-PA",36,New York,61,New York,40.81976,-73.94825
06/16/2015,AQS,1,0.021,ppm,19,CCNY,17,100,44201,Ozone,47,35620,"New York-Newark-Jersey City, NY-NJ-PA",36,New York,61,New York,40.81976,-73.94825
06/17/2015,AQS,1,0.036,ppm,33,CCNY,17,100,44201,Ozone,47,35620,"New York-Newark-Jersey City, NY-NJ-PA",36,New York,61,New York,40.81976,-73.94825
06/18/2015,AQS,1,0.033,ppm,31,CCNY,17,100,44201,Ozone,47,35620,"New York-Newark-Jersey City, NY-NJ-PA",36,New York,61,New York,40.81976,-73.94825
06/19/2015,AQS,1,0.041,ppm,38,CCNY,17,100,44201,Ozone,47,35620,"New York-Newark-Jersey City, NY-NJ-PA",36,New York,61,New York,40.81976,-73.94825
06/20/2015,AQS,1,0.025,ppm,23,CCNY,17,100,44201,Ozone,47,35620,"New York-Newark-Jersey City, NY-NJ-PA",36,New York,61,New York,40.81976,-73.94825
06/21/2015,AQS,1,0.034,ppm,31,CCNY,17,100,44201,Ozone,47,35620,"New York-Newark-Jersey City, NY-NJ-PA",36,New York,61,New York,40.81976,-73.94825
06/22/2015,AQS,1,0.052,ppm,48,CCNY,17,100,44201,Ozone,47,35620,"New York-Newark-Jersey City, NY-NJ-PA",36,New York,61,New York,40.81976,-73.94825
06/23/2015,AQS,1,0.047,ppm,44,CCNY,17,100,44201,Ozone,47,35620,"New York-Newark-Jersey City, NY-NJ-PA",36,New York,61,New York,40.81976,-73.94825
06/24/2015,AQS,1,0.035,ppm,32,CCNY,17,100,44201,Ozone,47,35620,"New York-Newark-Jersey City, NY-NJ-PA",36,New York,61,New York,40.81976,-73.94825
06/25/2015,AQS,1,0.04,ppm,37,CCNY,17,100,44201,Ozone,47,35620,"New York-Newark-Jersey City, NY-NJ-PA",36,New York,61,New York,40.81976,-73.94825
06/26/2015,AQS,1,0.049,ppm,45,CCNY,17,100,44201,Ozone,47,35620,"New York-Newark-Jersey City, NY-NJ-PA",36,New York,61,New York,40.81976,-73.94825
06/27/2015,AQS,1,0.031,ppm,29,CCNY,17,100,44201,Ozone,47,35620,"New York-Newark-Jersey City, NY-NJ-PA",36,New York,61,New York,40.81976,-73.94825
06/28/2015,AQS,1,0.026,ppm,24,CCNY,17,100,44201,Ozone,47,35620,"New York-Newark-Jersey City, NY-NJ-PA",36,New York,61,New York,40.81976,-73.94825
06/29/2015,AQS,1,0.032,ppm,30,CCNY,14,82,44201,Ozone,47,35620,"New York-Newark-Jersey City, NY-NJ-PA",36,New York,61,New York,40.81976,-73.94825
06/30/2015,AQS,1,0.043,ppm,40,CCNY,17,100,44201,Ozone,47,35620,"New York-Newark-Jersey City, NY-NJ-PA",36,New York,61,New York,40.81976,-73.94825
07/01/2015,AQS,1,0.059,ppm,64,CCNY,17,100,44201,Ozone,47,35620,"New York-Newark-Jersey City, NY-NJ-PA",36,New York,61,New York,40.81976,-73.94825
07/02/2015,AQS,1,0.039,ppm,36,CCNY,17,100,44201,Ozone,47,35620,"New York-Newark-Jersey City, NY-NJ-PA",36,New York,61,New York,40.81976,-73.94825
07/03/2015,AQS,1,0.053,ppm,49,CCNY,17,100,44201,Ozone,47,35620,"New York-Newark-Jersey City, NY-NJ-PA",36,New York,61,New York,40.81976,-73.94825
07/04/2015,AQS,1,0.046,ppm,43,CCNY,17,100,44201,Ozone,47,35620,"New York-Newark-Jersey City, NY-NJ-PA",36,New York,61,New York,40.81976,-73.94825
07/05/2015,AQS,1,0.055,ppm,51,CCNY,17,100,44201,Ozone,47,35620,"New York-Newark-Jersey City, NY-NJ-PA",36,New York,61,New York,40.81976,-73.94825
07/06/2015,AQS,1,0.044,ppm,41,CCNY,17,100,44201,Ozone,47,35620,"New York-Newark-Jersey City, NY-NJ-PA",36,New York,61,New York,40.81976,-73.94825
07/07/2015,AQS,1,0.043,ppm,40,CCNY,17,100,44201,Ozone,47,35620,"New York-Newark-Jersey City, NY-NJ-PA",36,New York,61,New York,40.81976,-73.94825
07/08/2015,AQS,1,0.04,ppm,37,CCNY,17,100,44201,Ozone,47,35620,"New York-Newark-Jersey City, NY-NJ-PA",36,New York,61,New York,40.81976,-73.94825
07/09/2015,AQS,1,0.035,ppm,32,CCNY,17,100,44201,Ozone,47,35620,"New York-Newark-Jersey City, NY-NJ-PA",36,New York,61,New York,40.81976,-73.94825
07/10/2015,AQS,1,0.045,ppm,42,CCNY,17,100,44201,Ozone,47,35620,"New York-Newark-Jersey City, NY-NJ-PA",36,New York,61,New York,40.81976,-73.94825
07/11/2015,AQS,1,0.053,ppm,49,CCNY,17,100,44201,Ozone,47,35620,"New York-Newark-Jersey City, NY-NJ-PA",36,New York,61,New York,40.81976,-73.94825
07/12/2015,AQS,1,0.054,ppm,50,CCNY,17,100,44201,Ozone,47,35620,"New York-Newark-Jersey City, NY-NJ-PA",36,New York,61,New York,40.81976,-73.94825
07/13/2015,AQS,1,0.051,ppm,47,CCNY,17,100,44201,Ozone,47,35620,"New York-Newark-Jersey City, NY-NJ-PA",36,New York,61,New York,40.81976,-73.94825
07/14/2015,AQS,1,0.034,ppm,31,CCNY,17,100,44201,Ozone,47,35620,"New York-Newark-Jersey City, NY-NJ-PA",36,New York,61,New York,40.81976,-73.94825
07/15/2015,AQS,1,0.04,ppm,37,CCNY,15,88,44201,Ozone,47,35620,"New York-Newark-Jersey City, NY-NJ-PA",36,New York,61,New York,40.81976,-73.94825
07/16/2015,AQS,1,0.049,ppm,45,CCNY,17,100,44201,Ozone,47,35620,"New York-Newark-Jersey City, NY-NJ-PA",36,New York,61,New York,40.81976,-73.94825
07/17/2015,AQS,1,0.049,ppm,45,CCNY,17,100,44201,Ozone,47,35620,"New York-Newark-Jersey City, NY-NJ-PA",36,New York,61,New York,40.81976,-73.94825
07/18/2015,AQS,1,0.04,ppm,37,CCNY,17,100,44201,Ozone,47,35620,"New York-Newark-Jersey City, NY-NJ-PA",36,New York,61,New York,40.81976,-73.94825
07/19/2015,AQS,1,0.069,ppm,97,CCNY,17,100,44201,Ozone,47,35620,"New York-Newark-Jersey City, NY-NJ-PA",36,New York,61,New York,40.81976,-73.94825
07/20/2015,AQS,1,0.055,ppm,51,CCNY,17,100,44201,Ozone,47,35620,"New York-Newark-Jersey City, NY-NJ-PA",36,New York,61,New York,40.81976,-73.94825
07/21/2015,AQS,1,0.05,ppm,46,CCNY,17,100,44201,Ozone,47,35620,"New York-Newark-Jersey City, NY-NJ-PA",36,New York,61,New York,40.81976,-73.94825
07/22/2015,AQS,1,0.037,ppm,34,CCNY,15,88,44201,Ozone,47,35620,"New York-Newark-Jersey City, NY-NJ-PA",36,New York,61,New York,40.81976,-73.94825
07/23/2015,AQS,1,0.039,ppm,36,CCNY,17,100,44201,Ozone,47,35620,"New York-Newark-Jersey City, NY-NJ-PA",36,New York,61,New York,40.81976,-73.94825
07/24/2015,AQS,1,0.043,ppm,40,CCNY,17,100,44201,Ozone,47,35620,"New York-Newark-Jersey City, NY-NJ-PA",36,New York,61,New York,40.81976,-73.94825
07/25/2015,AQS,1,0.052,ppm,48,CCNY,17,100,44201,Ozone,47,35620,"New York-Newark-Jersey City, NY-NJ-PA",36,New York,61,New York,40.81976,-73.94825
07/26/2015,AQS,1,0.057,ppm,58,CCNY,17,100,44201,Ozone,47,35620,"New York-Newark-Jersey City, NY-NJ-PA",36,New York,61,New York,40.81976,-73.94825
07/27/2015,AQS,1,0.048,ppm,44,CCNY,17,100,44201,Ozone,47,35620,"New York-Newark-Jersey City, NY-NJ-PA",36,New York,61,New York,40.81976,-73.94825
07/28/2015,AQS,1,0.063,ppm,77,CCNY,17,100,44201,Ozone,47,35620,"New York-Newark-Jersey City, NY-NJ-PA",36,New York,61,New York,40.81976,-73.94825
07/29/2015,AQS,1,0.071,ppm,101,CCNY,17,100,44201,Ozone,47,35620,"New York-Newark-Jersey City, NY-NJ-PA",36,New York,61,New York,40.81976,-73.94825
07/30/2015,AQS,1,0.031,ppm,29,CCNY,17,100,44201,Ozone,47,35620,"New York-Newark-Jersey City, NY-NJ-PA",36,New York,61,New York,40.81976,-73.94825
07/31/2015,AQS,1,0.04,ppm,37,CCNY,17,100,44201,Ozone,47,35620,"New York-Newark-Jersey City, NY-NJ-PA",36,New York,61,New York,40.81976,-73.94825
08/01/2015,AQS,1,0.053,ppm,49,CCNY,17,100,44201,Ozone,47,35620,"New York-Newark-Jersey City, NY-NJ-PA",36,New York,61,New York,40.81976,-73.94825
08/02/2015,AQS,1,0.053,ppm,49,CCNY,17,100,44201,Ozone,47,35620,"New York-Newark-Jersey City, NY-NJ-PA",36,New York,61,New York,40.81976,-73.94825
08/03/2015,AQS,1,0.062,ppm,74,CCNY,17,100,44201,Ozone,47,35620,"New York-Newark-Jersey City, NY-NJ-PA",36,New York,61,New York,40.81976,-73.94825
08/04/2015,AQS,1,0.053,ppm,49,CCNY,17,100,44201,Ozone,47,35620,"New York-Newark-Jersey City, NY-NJ-PA",36,New York,61,New York,40.81976,-73.94825
08/05/2015,AQS,1,0.046,ppm,43,CCNY,17,100,44201,Ozone,47,35620,"New York-Newark-Jersey City, NY-NJ-PA",36,New York,61,New York,40.81976,-73.94825
08/06/2015,AQS,1,0.038,ppm,35,CCNY,15,88,44201,Ozone,47,35620,"New York-Newark-Jersey City, NY-NJ-PA",36,New York,61,New York,40.81976,-73.94825
08/07/2015,AQS,1,0.04,ppm,37,CCNY,17,100,44201,Ozone,47,35620,"New York-Newark-Jersey City, NY-NJ-PA",36,New York,61,New York,40.81976,-73.94825
08/08/2015,AQS,1,0.039,ppm,36,CCNY,17,100,44201,Ozone,47,35620,"New York-Newark-Jersey City, NY-NJ-PA",36,New York,61,New York,40.81976,-73.94825
08/09/2015,AQS,1,0.037,ppm,34,CCNY,17,100,44201,Ozone,47,35620,"New York-Newark-Jersey City, NY-NJ-PA",36,New York,61,New York,40.81976,-73.94825
08/10/2015,AQS,1,0.027,ppm,25,CCNY,17,100,44201,Ozone,47,35620,"New York-Newark-Jersey City, NY-NJ-PA",36,New York,61,New York,40.81976,-73.94825
08/11/2015,AQS,1,0.028,ppm,26,CCNY,17,100,44201,Ozone,47,35620,"New York-Newark-Jersey City, NY-NJ-PA",36,New York,61,New York,40.81976,-73.94825
08/12/2015,AQS,1,0.032,ppm,30,CCNY,17,100,44201,Ozone,47,35620,"New York-Newark-Jersey City, NY-NJ-PA",36,New York,61,New York,40.81976,-73.94825
08/13/2015,AQS,1,0.038,ppm,35,CCNY,17,100,44201,Ozone,47,35620,"New York-Newark-Jersey City, NY-NJ-PA",36,New York,61,New York,40.81976,-73.94825
08/14/2015,AQS,1,0.056,ppm,54,CCNY,17,100,44201,Ozone,47,35620,"New York-Newark-Jersey City, NY-NJ-PA",36,New York,61,New York,40.81976,-73.94825
08/15/2015,AQS,1,0.074,ppm,112,CCNY,17,100,44201,Ozone,47,35620,"New York-Newark-Jersey City, NY-NJ-PA",36,New York,61,New York,40.81976,-73.94825
08/16/2015,AQS,1,0.07,ppm,100,CCNY,17,100,44201,Ozone,47,35620,"New York-Newark-Jersey City, NY-NJ-PA",36,New York,61,New York,40.81976,-73.94825
08/17/2015,AQS,1,0.068,ppm,93,CCNY,17,100,44201,Ozone,47,35620,"New York-Newark-Jersey City, NY-NJ-PA",36,New York,61,New York,40.81976,-73.94825
08/18/2015,AQS,1,0.044,ppm,41,CCNY,17,100,44201,Ozone,47,35620,"New York-Newark-Jersey City, NY-NJ-PA",36,New York,61,New York,40.81976,-73.94825
08/19/2015,AQS,1,0.033,ppm,31,CCNY,17,100,44201,Ozone,47,35620,"New York-Newark-Jersey City, NY-NJ-PA",36,New York,61,New York,40.81976,-73.94825
08/20/2015,AQS,1,0.026,ppm,24,CCNY,17,100,44201,Ozone,47,35620,"New York-Newark-Jersey City, NY-NJ-PA",36,New York,61,New York,40.81976,-73.94825
08/21/2015,AQS,1,0.053,ppm,49,CCNY,17,100,44201,Ozone,47,35620,"New York-Newark-Jersey City, NY-NJ-PA",36,New York,61,New York,40.81976,-73.94825
08/22/2015,AQS,1,0.051,ppm,47,CCNY,17,100,44201,Ozone,47,35620,"New York-Newark-Jersey City, NY-NJ-PA",36,New York,61,New York,40.81976,-73.94825
08/23/2015,AQS,1,0.04,ppm,37,CCNY,17,100,44201,Ozone,47,35620,"New York-Newark-Jersey City, NY-NJ-PA",36,New York,61,New York,40.81976,-73.94825
08/24/2015,AQS,1,0.062,ppm,74,CCNY,17,100,44201,Ozone,47,35620,"New York-Newark-Jersey City, NY-NJ-PA",36,New York,61,New York,40.81976,-73.94825
08/25/2015,AQS,1,0.058,ppm,61,CCNY,17,100,44201,Ozone,47,35620,"New York-Newark-Jersey City, NY-NJ-PA",36,New York,61,New York,40.81976,-73.94825
08/26/2015,AQS,1,0.046,ppm,43,CCNY,17,100,44201,Ozone,47,35620,"New York-Newark-Jersey City, NY-NJ-PA",36,New York,61,New York,40.81976,-73.94825
08/27/2015,AQS,1,0.03,ppm,28,CCNY,17,100,44201,Ozone,47,35620,"New York-Newark-Jersey City, NY-NJ-PA",36,New York,61,New York,40.81976,-73.94825
08/28/2015,AQS,1,0.04,ppm,37,CCNY,17,100,44201,Ozone,47,35620,"New York-Newark-Jersey City, NY-NJ-PA",36,New York,61,New York,40.81976,-73.94825
08/29/2015,AQS,1,0.062,ppm,74,CCNY,17,100,44201,Ozone,47,35620,"New York-Newark-Jersey City, NY-NJ-PA",36,New York,61,New York,40.81976,-73.94825
08/30/2015,AQS,1,0.064,ppm,80,CCNY,17,100,44201,Ozone,47,35620,"New York-Newark-Jersey City, NY-NJ-PA",36,New York,61,New York,40.81976,-73.94825
08/31/2015,AQS,1,0.055,ppm,51,CCNY,17,100,44201,Ozone,47,35620,"New York-Newark-Jersey City, NY-NJ-PA",36,New York,61,New York,40.81976,-73.94825
09/01/2015,AQS,1,0.062,ppm,74,CCNY,17,100,44201,Ozone,47,35620,"New York-Newark-Jersey City, NY-NJ-PA",36,New York,61,New York,40.81976,-73.94825
09/02/2015,AQS,1,0.062,ppm,74,CCNY,17,100,44201,Ozone,47,35620,"New York-Newark-Jersey City, NY-NJ-PA",36,New York,61,New York,40.81976,-73.94825
09/03/2015,AQS,1,0.059,ppm,64,CCNY,17,100,44201,Ozone,47,35620,"New York-Newark-Jersey City, NY-NJ-PA",36,New York,61,New York,40.81976,-73.94825
09/04/2015,AQS,1,0.043,ppm,40,CCNY,17,100,44201,Ozone,47,35620,"New York-Newark-Jersey City, NY-NJ-PA",36,New York,61,New York,40.81976,-73.94825
09/05/2015,AQS,1,0.034,ppm,31,CCNY,17,100,44201,Ozone,47,35620,"New York-Newark-Jersey City, NY-NJ-PA",36,New York,61,New York,40.81976,-73.94825
09/06/2015,AQS,1,0.039,ppm,36,CCNY,17,100,44201,Ozone,47,35620,"New York-Newark-Jersey City, NY-NJ-PA",36,New York,61,New York,40.81976,-73.94825
09/07/2015,AQS,1,0.057,ppm,58,CCNY,17,100,44201,Ozone,47,35620,"New York-Newark-Jersey City, NY-NJ-PA",36,New York,61,New York,40.81976,-73.94825
09/08/2015,AQS,1,0.063,ppm,77,CCNY,17,100,44201,Ozone,47,35620,"New York-Newark-Jersey City, NY-NJ-PA",36,New York,61,New York,40.81976,-73.94825
09/09/2015,AQS,1,0.028,ppm,26,CCNY,14,82,44201,Ozone,47,35620,"New York-Newark-Jersey City, NY-NJ-PA",36,New York,61,New York,40.81976,-73.94825
09/10/2015,AQS,1,0.02,ppm,19,CCNY,17,100,44201,Ozone,47,35620,"New York-Newark-Jersey City, NY-NJ-PA",36,New York,61,New York,40.81976,-73.94825
09/11/2015,AQS,1,0.038,ppm,35,CCNY,17,100,44201,Ozone,47,35620,"New York-Newark-Jersey City, NY-NJ-PA",36,New York,61,New York,40.81976,-73.94825
09/12/2015,AQS,1,0.037,ppm,34,CCNY,17,100,44201,Ozone,47,35620,"New York-Newark-Jersey City, NY-NJ-PA",36,New York,61,New York,40.81976,-73.94825
09/13/2015,AQS,1,0.031,ppm,29,CCNY,17,100,44201,Ozone,47,35620,"New York-Newark-Jersey City, NY-NJ-PA",36,New York,61,New York,40.81976,-73.94825
09/14/2015,AQS,1,0.027,ppm,25,CCNY,17,100,44201,Ozone,47,35620,"New York-Newark-Jersey City, NY-NJ-PA",36,New York,61,New York,40.81976,-73.94825
09/15/2015,AQS,1,0.052,ppm,48,CCNY,17,100,44201,Ozone,47,35620,"New York-Newark-Jersey City, NY-NJ-PA",36,New York,61,New York,40.81976,-73.94825
09/16/2015,AQS,1,0.062,ppm,74,CCNY,17,100,44201,Ozone,47,35620,"New York-Newark-Jersey City, NY-NJ-PA",36,New York,61,New York,40.81976,-73.94825
09/17/2015,AQS,1,0.077,ppm,122,CCNY,17,100,44201,Ozone,47,35620,"New York-Newark-Jersey City, NY-NJ-PA",36,New York,61,New York,40.81976,-73.94825
09/18/2015,AQS,1,0.063,ppm,77,CCNY,17,100,44201,Ozone,47,35620,"New York-Newark-Jersey City, NY-NJ-PA",36,New York,61,New York,40.81976,-73.94825
09/19/2015,AQS,1,0.04,ppm,37,CCNY,17,100,44201,Ozone,47,35620,"New York-Newark-Jersey City, NY-NJ-PA",36,New York,61,New York,40.81976,-73.94825
09/20/2015,AQS,1,0.031,ppm,29,CCNY,17,100,44201,Ozone,47,35620,"New York-Newark-Jersey City, NY-NJ-PA",36,New York,61,New York,40.81976,-73.94825
09/21/2015,AQS,1,0.032,ppm,30,CCNY,17,100,44201,Ozone,47,35620,"New York-Newark-Jersey City, NY-NJ-PA",36,New York,61,New York,40.81976,-73.94825
09/22/2015,AQS,1,0.03,ppm,28,CCNY,17,100,44201,Ozone,47,35620,"New York-Newark-Jersey City, NY-NJ-PA",36,New York,61,New York,40.81976,-73.94825
09/23/2015,AQS,1,0.043,ppm,40,CCNY,13,76,44201,Ozone,47,35620,"New York-Newark-Jersey City, NY-NJ-PA",36,New York,61,New York,40.81976,-73.94825
09/24/2015,AQS,1,0.045,ppm,42,CCNY,17,100,44201,Ozone,47,35620,"New York-Newark-Jersey City, NY-NJ-PA",36,New York,61,New York,40.81976,-73.94825
09/25/2015,AQS,1,0.029,ppm,27,CCNY,17,100,44201,Ozone,47,35620,"New York-Newark-Jersey City, NY-NJ-PA",36,New York,61,New York,40.81976,-73.94825
09/26/2015,AQS,1,0.034,ppm,31,CCNY,17,100,44201,Ozone,47,35620,"New York-Newark-Jersey City, NY-NJ-PA",36,New York,61,New York,40.81976,-73.94825
09/27/2015,AQS,1,0.031,ppm,29,CCNY,17,100,44201,Ozone,47,35620,"New York-Newark-Jersey City, NY-NJ-PA",36,New York,61,New York,40.81976,-73.94825
09/28/2015,AQS,1,0.024,ppm,22,CCNY,17,100,44201,Ozone,47,35620,"New York-Newark-Jersey City, NY-NJ-PA",36,New York,61,New York,40.81976,-73.94825
09/29/2015,AQS,1,0.023,ppm,21,CCNY,17,100,44201,Ozone,47,35620,"New York-Newark-Jersey City, NY-NJ-PA",36,New York,61,New York,40.81976,-73.94825
09/30/2015,AQS,1,0.024,ppm,22,CCNY,17,100,44201,Ozone,47,35620,"New York-Newark-Jersey City, NY-NJ-PA",36,New York,61,New York,40.81976,-73.94825
10/01/2015,AQS,1,0.016,ppm,15,CCNY,17,100,44201,Ozone,47,35620,"New York-Newark-Jersey City, NY-NJ-PA",36,New York,61,New York,40.81976,-73.94825
10/02/2015,AQS,1,0.016,ppm,15,CCNY,17,100,44201,Ozone,47,35620,"New York-Newark-Jersey City, NY-NJ-PA",36,New York,61,New York,40.81976,-73.94825
10/03/2015,AQS,1,0.015,ppm,14,CCNY,17,100,44201,Ozone,47,35620,"New York-Newark-Jersey City, NY-NJ-PA",36,New York,61,New York,40.81976,-73.94825
10/04/2015,AQS,1,0.029,ppm,27,CCNY,17,100,44201,Ozone,47,35620,"New York-Newark-Jersey City, NY-NJ-PA",36,New York,61,New York,40.81976,-73.94825
10/05/2015,AQS,1,0.026,ppm,24,CCNY,17,100,44201,Ozone,47,35620,"New York-Newark-Jersey City, NY-NJ-PA",36,New York,61,New York,40.81976,-73.94825
10/06/2015,AQS,1,0.03,ppm,28,CCNY,17,100,44201,Ozone,47,35620,"New York-Newark-Jersey City, NY-NJ-PA",36,New York,61,New York,40.81976,-73.94825
10/07/2015,AQS,1,0.021,ppm,19,CCNY,17,100,44201,Ozone,47,35620,"New York-Newark-Jersey City, NY-NJ-PA",36,New York,61,New York,40.81976,-73.94825
10/08/2015,AQS,1,0.025,ppm,23,CCNY,17,100,44201,Ozone,47,35620,"New York-Newark-Jersey City, NY-NJ-PA",36,New York,61,New York,40.81976,-73.94825
10/09/2015,AQS,1,0.031,ppm,29,CCNY,17,100,44201,Ozone,47,35620,"New York-Newark-Jersey City, NY-NJ-PA",36,New York,61,New York,40.81976,-73.94825
10/10/2015,AQS,1,0.03,ppm,28,CCNY,17,100,44201,Ozone,47,35620,"New York-Newark-Jersey City, NY-NJ-PA",36,New York,61,New York,40.81976,-73.94825
10/11/2015,AQS,1,0.031,ppm,29,CCNY,17,100,44201,Ozone,47,35620,"New York-Newark-Jersey City, NY-NJ-PA",36,New York,61,New York,40.81976,-73.94825
10/12/2015,AQS,1,0.036,ppm,33,CCNY,17,100,44201,Ozone,47,35620,"New York-Newark-Jersey City, NY-NJ-PA",36,New York,61,New York,40.81976,-73.94825
10/13/2015,AQS,1,0.022,ppm,20,CCNY,17,100,44201,Ozone,47,35620,"New York-Newark-Jersey City, NY-NJ-PA",36,New York,61,New York,40.81976,-73.94825
10/14/2015,AQS,1,0.016,ppm,15,CCNY,17,100,44201,Ozone,47,35620,"New York-Newark-Jersey City, NY-NJ-PA",36,New York,61,New York,40.81976,-73.94825
10/15/2015,AQS,1,0.023,ppm,21,CCNY,17,100,44201,Ozone,47,35620,"New York-Newark-Jersey City, NY-NJ-PA",36,New York,61,New York,40.81976,-73.94825
10/16/2015,AQS,1,0.03,ppm,28,CCNY,17,100,44201,Ozone,47,35620,"New York-Newark-Jersey City, NY-NJ-PA",36,New York,61,New York,40.81976,-73.94825
10/17/2015,AQS,1,0.022,ppm,20,CCNY,17,100,44201,Ozone,47,35620,"New York-Newark-Jersey City, NY-NJ-PA",36,New York,61,New York,40.81976,-73.94825
10/18/2015,AQS,1,0.024,ppm,22,CCNY,17,100,44201,Ozone,47,35620,"New York-Newark-Jersey City, NY-NJ-PA",36,New York,61,New York,40.81976,-73.94825
10/19/2015,AQS,1,0.023,ppm,21,CCNY,17,100,44201,Ozone,47,35620,"New York-Newark-Jersey City, NY-NJ-PA",36,New York,61,New York,40.81976,-73.94825
10/20/2015,AQS,1,0.024,ppm,22,CCNY,17,100,44201,Ozone,47,35620,"New York-Newark-Jersey City, NY-NJ-PA",36,New York,61,New York,40.81976,-73.94825
10/21/2015,AQS,1,0.021,ppm,19,CCNY,17,100,44201,Ozone,47,35620,"New York-Newark-Jersey City, NY-NJ-PA",36,New York,61,New York,40.81976,-73.94825
10/22/2015,AQS,1,0.025,ppm,23,CCNY,17,100,44201,Ozone,47,35620,"New York-Newark-Jersey City, NY-NJ-PA",36,New York,61,New York,40.81976,-73.94825
10/23/2015,AQS,1,0.031,ppm,29,CCNY,17,100,44201,Ozone,47,35620,"New York-Newark-Jersey City, NY-NJ-PA",36,New York,61,New York,40.81976,-73.94825
10/24/2015,AQS,1,0.022,ppm,20,CCNY,17,100,44201,Ozone,47,35620,"New York-Newark-Jersey City, NY-NJ-PA",36,New York,61,New York,40.81976,-73.94825
10/25/2015,AQS,1,0.02,ppm,19,CCNY,17,100,44201,Ozone,47,35620,"New York-Newark-Jersey City, NY-NJ-PA",36,New York,61,New York,40.81976,-73.94825
10/26/2015,AQS,1,0.019,ppm,18,CCNY,17,100,44201,Ozone,47,35620,"New York-Newark-Jersey City, NY-NJ-PA",36,New York,61,New York,40.81976,-73.94825
10/27/2015,AQS,1,0.02,ppm,19,CCNY,17,100,44201,Ozone,47,35620,"New York-Newark-Jersey City, NY-NJ-PA",36,New York,61,New York,40.81976,-73.94825
10/28/2015,AQS,1,0.025,ppm,23,CCNY,17,100,44201,Ozone,47,35620,"New York-Newark-Jersey City, NY-NJ-PA",36,New York,61,New York,40.81976,-73.94825
10/29/2015,AQS,1,0.03,ppm,28,CCNY,17,100,44201,Ozone,47,35620,"New York-Newark-Jersey City, NY-NJ-PA",36,New York,61,New York,40.81976,-73.94825
10/30/2015,AQS,1,0.021,ppm,19,CCNY,17,100,44201,Ozone,47,35620,"New York-Newark-Jersey City, NY-NJ-PA",36,New York,61,New York,40.81976,-73.94825
10/31/2015,AQS,1,0.017,ppm,16,CCNY,17,100,44201,Ozone,47,35620,"New York-Newark-Jersey City, NY-NJ-PA",36,New York,61,New York,40.81976,-73.94825
11/01/2015,AQS,1,0.022,ppm,20,CCNY,17,100,44201,Ozone,47,35620,"New York-Newark-Jersey City, NY-NJ-PA",36,New York,61,New York,40.81976,-73.94825
11/02/2015,AQS,1,0.018,ppm,17,CCNY,17,100,44201,Ozone,47,35620,"New York-Newark-Jersey City, NY-NJ-PA",36,New York,61,New York,40.81976,-73.94825
11/03/2015,AQS,1,0.009,ppm,8,CCNY,17,100,44201,Ozone,47,35620,"New York-Newark-Jersey City, NY-NJ-PA",36,New York,61,New York,40.81976,-73.94825
11/04/2015,AQS,1,0.027,ppm,25,CCNY,17,100,44201,Ozone,47,35620,"New York-Newark-Jersey City, NY-NJ-PA",36,New York,61,New York,40.81976,-73.94825
11/05/2015,AQS,1,0.005,ppm,5,CCNY,17,100,44201,Ozone,47,35620,"New York-Newark-Jersey City, NY-NJ-PA",36,New York,61,New York,40.81976,-73.94825
11/06/2015,AQS,1,0.02,ppm,19,CCNY,13,76,44201,Ozone,47,35620,"New York-Newark-Jersey City, NY-NJ-PA",36,New York,61,New York,40.81976,-73.94825
11/07/2015,AQS,1,0.024,ppm,22,CCNY,17,100,44201,Ozone,47,35620,"New York-Newark-Jersey City, NY-NJ-PA",36,New York,61,New York,40.81976,-73.94825
11/08/2015,AQS,1,0.028,ppm,26,CCNY,17,100,44201,Ozone,47,35620,"New York-Newark-Jersey City, NY-NJ-PA",36,New York,61,New York,40.81976,-73.94825
11/09/2015,AQS,1,0.011,ppm,10,CCNY,17,100,44201,Ozone,47,35620,"New York-Newark-Jersey City, NY-NJ-PA",36,New York,61,New York,40.81976,-73.94825
11/11/2015,AQS,1,0.025,ppm,23,CCNY,17,100,44201,Ozone,47,35620,"New York-Newark-Jersey City, NY-NJ-PA",36,New York,61,New York,40.81976,-73.94825
11/12/2015,AQS,1,0.022,ppm,20,CCNY,17,100,44201,Ozone,47,35620,"New York-Newark-Jersey City, NY-NJ-PA",36,New York,61,New York,40.81976,-73.94825
11/13/2015,AQS,1,0.027,ppm,25,CCNY,17,100,44201,Ozone,47,35620,"New York-Newark-Jersey City, NY-NJ-PA",36,New York,61,New York,40.81976,-73.94825
11/14/2015,AQS,1,0.027,ppm,25,CCNY,17,100,44201,Ozone,47,35620,"New York-Newark-Jersey City, NY-NJ-PA",36,New York,61,New York,40.81976,-73.94825
11/15/2015,AQS,1,0.021,ppm,19,CCNY,17,100,44201,Ozone,47,35620,"New York-Newark-Jersey City, NY-NJ-PA",36,New York,61,New York,40.81976,-73.94825
11/16/2015,AQS,1,0.03,ppm,28,CCNY,17,100,44201,Ozone,47,35620,"New York-Newark-Jersey City, NY-NJ-PA",36,New York,61,New York,40.81976,-73.94825
11/17/2015,AQS,1,0.019,ppm,18,CCNY,17,100,44201,Ozone,47,35620,"New York-Newark-Jersey City, NY-NJ-PA",36,New York,61,New York,40.81976,-73.94825
11/18/2015,AQS,1,0.026,ppm,24,CCNY,17,100,44201,Ozone,47,35620,"New York-Newark-Jersey City, NY-NJ-PA",36,New York,61,New York,40.81976,-73.94825
11/20/2015,AQS,1,0.024,ppm,22,CCNY,13,76,44201,Ozone,47,35620,"New York-Newark-Jersey City, NY-NJ-PA",36,New York,61,New York,40.81976,-73.94825
11/21/2015,AQS,1,0.024,ppm,22,CCNY,17,100,44201,Ozone,47,35620,"New York-Newark-Jersey City, NY-NJ-PA",36,New York,61,New York,40.81976,-73.94825
11/22/2015,AQS,1,0.023,ppm,21,CCNY,17,100,44201,Ozone,47,35620,"New York-Newark-Jersey City, NY-NJ-PA",36,New York,61,New York,40.81976,-73.94825
11/23/2015,AQS,1,0.024,ppm,22,CCNY,17,100,44201,Ozone,47,35620,"New York-Newark-Jersey City, NY-NJ-PA",36,New York,61,New York,40.81976,-73.94825
11/24/2015,AQS,1,0.013,ppm,12,CCNY,17,100,44201,Ozone,47,35620,"New York-Newark-Jersey City, NY-NJ-PA",36,New York,61,New York,40.81976,-73.94825
11/25/2015,AQS,1,0.017,ppm,16,CCNY,17,100,44201,Ozone,47,35620,"New York-Newark-Jersey City, NY-NJ-PA",36,New York,61,New York,40.81976,-73.94825
11/26/2015,AQS,1,0.024,ppm,22,CCNY,17,100,44201,Ozone,47,35620,"New York-Newark-Jersey City, NY-NJ-PA",36,New York,61,New York,40.81976,-73.94825
11/27/2015,AQS,1,0.019,ppm,18,CCNY,14,82,44201,Ozone,47,35620,"New York-Newark-Jersey City, NY-NJ-PA",36,New York,61,New York,40.81976,-73.94825
11/28/2015,AQS,1,0.012,ppm,11,CCNY,17,100,44201,Ozone,47,35620,"New York-Newark-Jersey City, NY-NJ-PA",36,New York,61,New York,40.81976,-73.94825
11/29/2015,AQS,1,0.021,ppm,19,CCNY,17,100,44201,Ozone,47,35620,"New York-Newark-Jersey City, NY-NJ-PA",36,New York,61,New York,40.81976,-73.94825
11/30/2015,AQS,1,0.016,ppm,15,CCNY,17,100,44201,Ozone,47,35620,"New York-Newark-Jersey City, NY-NJ-PA",36,New York,61,New York,40.81976,-73.94825
12/01/2015,AQS,1,0.015,ppm,14,CCNY,17,100,44201,Ozone,47,35620,"New York-Newark-Jersey City, NY-NJ-PA",36,New York,61,New York,40.81976,-73.94825
12/02/2015,AQS,1,0.007,ppm,6,CCNY,17,100,44201,Ozone,47,35620,"New York-Newark-Jersey City, NY-NJ-PA",36,New York,61,New York,40.81976,-73.94825
12/03/2015,AQS,1,0.023,ppm,21,CCNY,17,100,44201,Ozone,47,35620,"New York-Newark-Jersey City, NY-NJ-PA",36,New York,61,New York,40.81976,-73.94825
12/04/2015,AQS,1,0.021,ppm,19,CCNY,17,100,44201,Ozone,47,35620,"New York-Newark-Jersey City, NY-NJ-PA",36,New York,61,New York,40.81976,-73.94825
12/05/2015,AQS,1,0.013,ppm,12,CCNY,17,100,44201,Ozone,47,35620,"New York-Newark-Jersey City, NY-NJ-PA",36,New York,61,New York,40.81976,-73.94825
12/06/2015,AQS,1,0.009,ppm,8,CCNY,17,100,44201,Ozone,47,35620,"New York-Newark-Jersey City, NY-NJ-PA",36,New York,61,New York,40.81976,-73.94825
12/07/2015,AQS,1,0.014,ppm,13,CCNY,17,100,44201,Ozone,47,35620,"New York-Newark-Jersey City, NY-NJ-PA",36,New York,61,New York,40.81976,-73.94825
12/08/2015,AQS,1,0.015,ppm,14,CCNY,17,100,44201,Ozone,47,35620,"New York-Newark-Jersey City, NY-NJ-PA",36,New York,61,New York,40.81976,-73.94825
12/09/2015,AQS,1,0.029,ppm,27,CCNY,17,100,44201,Ozone,47,35620,"New York-Newark-Jersey City, NY-NJ-PA",36,New York,61,New York,40.81976,-73.94825
12/10/2015,AQS,1,0.017,ppm,16,CCNY,17,100,44201,Ozone,47,35620,"New York-Newark-Jersey City, NY-NJ-PA",36,New York,61,New York,40.81976,-73.94825
12/11/2015,AQS,1,0.005,ppm,5,CCNY,17,100,44201,Ozone,47,35620,"New York-Newark-Jersey City, NY-NJ-PA",36,New York,61,New York,40.81976,-73.94825
12/12/2015,AQS,1,0.005,ppm,5,CCNY,17,100,44201,Ozone,47,35620,"New York-Newark-Jersey City, NY-NJ-PA",36,New York,61,New York,40.81976,-73.94825
12/13/2015,AQS,1,0.011,ppm,10,CCNY,17,100,44201,Ozone,47,35620,"New York-Newark-Jersey City, NY-NJ-PA",36,New York,61,New York,40.81976,-73.94825
12/14/2015,AQS,1,0.026,ppm,24,CCNY,17,100,44201,Ozone,47,35620,"New York-Newark-Jersey City, NY-NJ-PA",36,New York,61,New York,40.81976,-73.94825
12/15/2015,AQS,1,0.022,ppm,20,CCNY,17,100,44201,Ozone,47,35620,"New York-Newark-Jersey City, NY-NJ-PA",36,New York,61,New York,40.81976,-73.94825
12/16/2015,AQS,1,0.011,ppm,10,CCNY,17,100,44201,Ozone,47,35620,"New York-Newark-Jersey City, NY-NJ-PA",36,New York,61,New York,40.81976,-73.94825
12/17/2015,AQS,1,0.009,ppm,8,CCNY,17,100,44201,Ozone,47,35620,"New York-Newark-Jersey City, NY-NJ-PA",36,New York,61,New York,40.81976,-73.94825
12/18/2015,AQS,1,0.02,ppm,19,CCNY,17,100,44201,Ozone,47,35620,"New York-Newark-Jersey City, NY-NJ-PA",36,New York,61,New York,40.81976,-73.94825
12/19/2015,AQS,1,0.026,ppm,24,CCNY,13,76,44201,Ozone,47,35620,"New York-Newark-Jersey City, NY-NJ-PA",36,New York,61,New York,40.81976,-73.94825
12/20/2015,AQS,1,0.028,ppm,26,CCNY,17,100,44201,Ozone,47,35620,"New York-Newark-Jersey City, NY-NJ-PA",36,New York,61,New York,40.81976,-73.94825
12/21/2015,AQS,1,0.011,ppm,10,CCNY,17,100,44201,Ozone,47,35620,"New York-Newark-Jersey City, NY-NJ-PA",36,New York,61,New York,40.81976,-73.94825
12/22/2015,AQS,1,0.006,ppm,6,CCNY,17,100,44201,Ozone,47,35620,"New York-Newark-Jersey City, NY-NJ-PA",36,New York,61,New York,40.81976,-73.94825
12/23/2015,AQS,1,0.002,ppm,2,CCNY,17,100,44201,Ozone,47,35620,"New York-Newark-Jersey City, NY-NJ-PA",36,New York,61,New York,40.81976,-73.94825
12/24/2015,AQS,1,0.013,ppm,12,CCNY,17,100,44201,Ozone,47,35620,"New York-Newark-Jersey City, NY-NJ-PA",36,New York,61,New York,40.81976,-73.94825
12/25/2015,AQS,1,0.024,ppm,22,CCNY,17,100,44201,Ozone,47,35620,"New York-Newark-Jersey City, NY-NJ-PA",36,New York,61,New York,40.81976,-73.94825
12/26/2015,AQS,1,0.021,ppm,19,CCNY,13,76,44201,Ozone,47,35620,"New York-Newark-Jersey City, NY-NJ-PA",36,New York,61,New York,40.81976,-73.94825
12/27/2015,AQS,1,0.018,ppm,17,CCNY,17,100,44201,Ozone,47,35620,"New York-Newark-Jersey City, NY-NJ-PA",36,New York,61,New York,40.81976,-73.94825
12/28/2015,AQS,1,0.026,ppm,24,CCNY,17,100,44201,Ozone,47,35620,"New York-Newark-Jersey City, NY-NJ-PA",36,New York,61,New York,40.81976,-73.94825
12/29/2015,AQS,1,0.017,ppm,16,CCNY,17,100,44201,Ozone,47,35620,"New York-Newark-Jersey City, NY-NJ-PA",36,New York,61,New York,40.81976,-73.94825
12/30/2015,AQS,1,0.002,ppm,2,CCNY,17,100,44201,Ozone,47,35620,"New York-Newark-Jersey City, NY-NJ-PA",36,New York,61,New York,40.81976,-73.94825
01/01/2016,AQS,1,0.025,ppm,23,CCNY,17,100,44201,Ozone,87,35620,"New York-Newark-Jersey City, NY-NJ-PA",36,New York,61,New York,40.81976,-73.94825
01/02/2016,AQS,1,0.023,ppm,21,CCNY,17,100,44201,Ozone,87,35620,"New York-Newark-Jersey City, NY-NJ-PA",36,New York,61,New York,40.81976,-73.94825
01/03/2016,AQS,1,0.024,ppm,22,CCNY,17,100,44201,Ozone,87,35620,"New York-Newark-Jersey City, NY-NJ-PA",36,New York,61,New York,40.81976,-73.94825
01/04/2016,AQS,1,0.024,ppm,22,CCNY,17,100,44201,Ozone,87,35620,"New York-Newark-Jersey City, NY-NJ-PA",36,New York,61,New York,40.81976,-73.94825
01/05/2016,AQS,1,0.022,ppm,20,CCNY,17,100,44201,Ozone,87,35620,"New York-Newark-Jersey City, NY-NJ-PA",36,New York,61,New York,40.81976,-73.94825
01/06/2016,AQS,1,0.007,ppm,6,CCNY,17,100,44201,Ozone,87,35620,"New York-Newark-Jersey City, NY-NJ-PA",36,New York,61,New York,40.81976,-73.94825
01/07/2016,AQS,1,0.004,ppm,4,CCNY,17,100,44201,Ozone,87,35620,"New York-Newark-Jersey City, NY-NJ-PA",36,New York,61,New York,40.81976,-73.94825
01/08/2016,AQS,1,0.019,ppm,18,CCNY,17,100,44201,Ozone,87,35620,"New York-Newark-Jersey City, NY-NJ-PA",36,New York,61,New York,40.81976,-73.94825
01/09/2016,AQS,1,0.027,ppm,25,CCNY,17,100,44201,Ozone,87,35620,"New York-Newark-Jersey City, NY-NJ-PA",36,New York,61,New York,40.81976,-73.94825
01/10/2016,AQS,1,0.026,ppm,24,CCNY,17,100,44201,Ozone,87,35620,"New York-Newark-Jersey City, NY-NJ-PA",36,New York,61,New York,40.81976,-73.94825
01/11/2016,AQS,1,0.027,ppm,25,CCNY,17,100,44201,Ozone,87,35620,"New York-Newark-Jersey City, NY-NJ-PA",36,New York,61,New York,40.81976,-73.94825
01/12/2016,AQS,1,0.024,ppm,22,CCNY,17,100,44201,Ozone,87,35620,"New York-Newark-Jersey City, NY-NJ-PA",36,New York,61,New York,40.81976,-73.94825
01/13/2016,AQS,1,0.027,ppm,25,CCNY,17,100,44201,Ozone,87,35620,"New York-Newark-Jersey City, NY-NJ-PA",36,New York,61,New York,40.81976,-73.94825
01/14/2016,AQS,1,0.014,ppm,13,CCNY,17,100,44201,Ozone,87,35620,"New York-Newark-Jersey City, NY-NJ-PA",36,New York,61,New York,40.81976,-73.94825
01/15/2016,AQS,1,0.015,ppm,14,CCNY,17,100,44201,Ozone,87,35620,"New York-Newark-Jersey City, NY-NJ-PA",36,New York,61,New York,40.81976,-73.94825
01/16/2016,AQS,1,0.025,ppm,23,CCNY,17,100,44201,Ozone,87,35620,"New York-Newark-Jersey City, NY-NJ-PA",36,New York,61,New York,40.81976,-73.94825
01/17/2016,AQS,1,0.024,ppm,22,CCNY,17,100,44201,Ozone,87,35620,"New York-Newark-Jersey City, NY-NJ-PA",36,New York,61,New York,40.81976,-73.94825
01/18/2016,AQS,1,0.028,ppm,26,CCNY,17,100,44201,Ozone,87,35620,"New York-Newark-Jersey City, NY-NJ-PA",36,New York,61,New York,40.81976,-73.94825
01/19/2016,AQS,1,0.028,ppm,26,CCNY,17,100,44201,Ozone,87,35620,"New York-Newark-Jersey City, NY-NJ-PA",36,New York,61,New York,40.81976,-73.94825
01/20/2016,AQS,1,0.025,ppm,23,CCNY,17,100,44201,Ozone,87,35620,"New York-Newark-Jersey City, NY-NJ-PA",36,New York,61,New York,40.81976,-73.94825
01/21/2016,AQS,1,0.027,ppm,25,CCNY,17,100,44201,Ozone,87,35620,"New York-Newark-Jersey City, NY-NJ-PA",36,New York,61,New York,40.81976,-73.94825
01/22/2016,AQS,1,0.026,ppm,24,CCNY,13,76,44201,Ozone,87,35620,"New York-Newark-Jersey City, NY-NJ-PA",36,New York,61,New York,40.81976,-73.94825
01/23/2016,AQS,1,0.03,ppm,28,CCNY,17,100,44201,Ozone,87,35620,"New York-Newark-Jersey City, NY-NJ-PA",36,New York,61,New York,40.81976,-73.94825
01/24/2016,AQS,1,0.026,ppm,24,CCNY,17,100,44201,Ozone,87,35620,"New York-Newark-Jersey City, NY-NJ-PA",36,New York,61,New York,40.81976,-73.94825
01/25/2016,AQS,1,0.013,ppm,12,CCNY,17,100,44201,Ozone,87,35620,"New York-Newark-Jersey City, NY-NJ-PA",36,New York,61,New York,40.81976,-73.94825
01/26/2016,AQS,1,0.011,ppm,10,CCNY,17,100,44201,Ozone,87,35620,"New York-Newark-Jersey City, NY-NJ-PA",36,New York,61,New York,40.81976,-73.94825
01/27/2016,AQS,1,0.021,ppm,19,CCNY,17,100,44201,Ozone,87,35620,"New York-Newark-Jersey City, NY-NJ-PA",36,New York,61,New York,40.81976,-73.94825
01/28/2016,AQS,1,0.015,ppm,14,CCNY,13,76,44201,Ozone,87,35620,"New York-Newark-Jersey City, NY-NJ-PA",36,New York,61,New York,40.81976,-73.94825
01/29/2016,AQS,1,0.02,ppm,19,CCNY,17,100,44201,Ozone,87,35620,"New York-Newark-Jersey City, NY-NJ-PA",36,New York,61,New York,40.81976,-73.94825
01/30/2016,AQS,1,0.017,ppm,16,CCNY,17,100,44201,Ozone,87,35620,"New York-Newark-Jersey City, NY-NJ-PA",36,New York,61,New York,40.81976,-73.94825
01/31/2016,AQS,1,0.013,ppm,12,CCNY,17,100,44201,Ozone,87,35620,"New York-Newark-Jersey City, NY-NJ-PA",36,New York,61,New York,40.81976,-73.94825
02/01/2016,AQS,1,0.021,ppm,19,CCNY,17,100,44201,Ozone,87,35620,"New York-Newark-Jersey City, NY-NJ-PA",36,New York,61,New York,40.81976,-73.94825
02/02/2016,AQS,1,0.027,ppm,25,CCNY,17,100,44201,Ozone,87,35620,"New York-Newark-Jersey City, NY-NJ-PA",36,New York,61,New York,40.81976,-73.94825
02/03/2016,AQS,1,0.02,ppm,19,CCNY,17,100,44201,Ozone,87,35620,"New York-Newark-Jersey City, NY-NJ-PA",36,New York,61,New York,40.81976,-73.94825
02/04/2016,AQS,1,0.025,ppm,23,CCNY,17,100,44201,Ozone,87,35620,"New York-Newark-Jersey City, NY-NJ-PA",36,New York,61,New York,40.81976,-73.94825
02/05/2016,AQS,1,0.028,ppm,26,CCNY,17,100,44201,Ozone,87,35620,"New York-Newark-Jersey City, NY-NJ-PA",36,New York,61,New York,40.81976,-73.94825
02/06/2016,AQS,1,0.02,ppm,19,CCNY,17,100,44201,Ozone,87,35620,"New York-Newark-Jersey City, NY-NJ-PA",36,New York,61,New York,40.81976,-73.94825
02/07/2016,AQS,1,0.027,ppm,25,CCNY,17,100,44201,Ozone,87,35620,"New York-Newark-Jersey City, NY-NJ-PA",36,New York,61,New York,40.81976,-73.94825
02/08/2016,AQS,1,0.028,ppm,26,CCNY,17,100,44201,Ozone,87,35620,"New York-Newark-Jersey City, NY-NJ-PA",36,New York,61,New York,40.81976,-73.94825
02/09/2016,AQS,1,0.017,ppm,16,CCNY,17,100,44201,Ozone,87,35620,"New York-Newark-Jersey City, NY-NJ-PA",36,New York,61,New York,40.81976,-73.94825
02/10/2016,AQS,1,0.022,ppm,20,CCNY,17,100,44201,Ozone,87,35620,"New York-Newark-Jersey City, NY-NJ-PA",36,New York,61,New York,40.81976,-73.94825
02/11/2016,AQS,1,0.034,ppm,31,CCNY,17,100,44201,Ozone,87,35620,"New York-Newark-Jersey City, NY-NJ-PA",36,New York,61,New York,40.81976,-73.94825
02/12/2016,AQS,1,0.025,ppm,23,CCNY,17,100,44201,Ozone,87,35620,"New York-Newark-Jersey City, NY-NJ-PA",36,New York,61,New York,40.81976,-73.94825
02/13/2016,AQS,1,0.033,ppm,31,CCNY,17,100,44201,Ozone,87,35620,"New York-Newark-Jersey City, NY-NJ-PA",36,New York,61,New York,40.81976,-73.94825
02/14/2016,AQS,1,0.024,ppm,22,CCNY,17,100,44201,Ozone,87,35620,"New York-Newark-Jersey City, NY-NJ-PA",36,New York,61,New York,40.81976,-73.94825
02/15/2016,AQS,1,0.006,ppm,6,CCNY,17,100,44201,Ozone,87,35620,"New York-Newark-Jersey City, NY-NJ-PA",36,New York,61,New York,40.81976,-73.94825
02/16/2016,AQS,1,0.031,ppm,29,CCNY,17,100,44201,Ozone,87,35620,"New York-Newark-Jersey City, NY-NJ-PA",36,New York,61,New York,40.81976,-73.94825
02/17/2016,AQS,1,0.021,ppm,19,CCNY,17,100,44201,Ozone,87,35620,"New York-Newark-Jersey City, NY-NJ-PA",36,New York,61,New York,40.81976,-73.94825
02/18/2016,AQS,1,0.029,ppm,27,CCNY,17,100,44201,Ozone,87,35620,"New York-Newark-Jersey City, NY-NJ-PA",36,New York,61,New York,40.81976,-73.94825
02/19/2016,AQS,1,0.024,ppm,22,CCNY,17,100,44201,Ozone,87,35620,"New York-Newark-Jersey City, NY-NJ-PA",36,New York,61,New York,40.81976,-73.94825
02/20/2016,AQS,1,0.027,ppm,25,CCNY,17,100,44201,Ozone,87,35620,"New York-Newark-Jersey City, NY-NJ-PA",36,New York,61,New York,40.81976,-73.94825
02/21/2016,AQS,1,0.026,ppm,24,CCNY,17,100,44201,Ozone,87,35620,"New York-Newark-Jersey City, NY-NJ-PA",36,New York,61,New York,40.81976,-73.94825
02/22/2016,AQS,1,0.027,ppm,25,CCNY,17,100,44201,Ozone,87,35620,"New York-Newark-Jersey City, NY-NJ-PA",36,New York,61,New York,40.81976,-73.94825
02/24/2016,AQS,1,0.025,ppm,23,CCNY,13,76,44201,Ozone,87,35620,"New York-Newark-Jersey City, NY-NJ-PA",36,New York,61,New York,40.81976,-73.94825
02/25/2016,AQS,1,0.029,ppm,27,CCNY,17,100,44201,Ozone,87,35620,"New York-Newark-Jersey City, NY-NJ-PA",36,New York,61,New York,40.81976,-73.94825
02/26/2016,AQS,1,0.034,ppm,31,CCNY,17,100,44201,Ozone,87,35620,"New York-Newark-Jersey City, NY-NJ-PA",36,New York,61,New York,40.81976,-73.94825
02/27/2016,AQS,1,0.031,ppm,29,CCNY,17,100,44201,Ozone,87,35620,"New York-Newark-Jersey City, NY-NJ-PA",36,New York,61,New York,40.81976,-73.94825
02/28/2016,AQS,1,0.036,ppm,33,CCNY,17,100,44201,Ozone,87,35620,"New York-Newark-Jersey City, NY-NJ-PA",36,New York,61,New York,40.81976,-73.94825
02/29/2016,AQS,1,0.03,ppm,28,CCNY,17,100,44201,Ozone,87,35620,"New York-Newark-Jersey City, NY-NJ-PA",36,New York,61,New York,40.81976,-73.94825
03/01/2016,AQS,1,0.035,ppm,32,CCNY,17,100,44201,Ozone,87,35620,"New York-Newark-Jersey City, NY-NJ-PA",36,New York,61,New York,40.81976,-73.94825
03/02/2016,AQS,1,0.033,ppm,31,CCNY,17,100,44201,Ozone,87,35620,"New York-Newark-Jersey City, NY-NJ-PA",36,New York,61,New York,40.81976,-73.94825
03/03/2016,AQS,1,0.03,ppm,28,CCNY,17,100,44201,Ozone,87,35620,"New York-Newark-Jersey City, NY-NJ-PA",36,New York,61,New York,40.81976,-73.94825
03/04/2016,AQS,1,0.026,ppm,24,CCNY,17,100,44201,Ozone,87,35620,"New York-Newark-Jersey City, NY-NJ-PA",36,New York,61,New York,40.81976,-73.94825
03/05/2016,AQS,1,0.035,ppm,32,CCNY,17,100,44201,Ozone,87,35620,"New York-Newark-Jersey City, NY-NJ-PA",36,New York,61,New York,40.81976,-73.94825
03/06/2016,AQS,1,0.037,ppm,34,CCNY,17,100,44201,Ozone,87,35620,"New York-Newark-Jersey City, NY-NJ-PA",36,New York,61,New York,40.81976,-73.94825
03/07/2016,AQS,1,0.028,ppm,26,CCNY,17,100,44201,Ozone,87,35620,"New York-Newark-Jersey City, NY-NJ-PA",36,New York,61,New York,40.81976,-73.94825
03/08/2016,AQS,1,0.028,ppm,26,CCNY,17,100,44201,Ozone,87,35620,"New York-Newark-Jersey City, NY-NJ-PA",36,New York,61,New York,40.81976,-73.94825
03/09/2016,AQS,1,0.028,ppm,26,CCNY,17,100,44201,Ozone,87,35620,"New York-Newark-Jersey City, NY-NJ-PA",36,New York,61,New York,40.81976,-73.94825
03/10/2016,AQS,1,0.036,ppm,33,CCNY,17,100,44201,Ozone,87,35620,"New York-Newark-Jersey City, NY-NJ-PA",36,New York,61,New York,40.81976,-73.94825
03/11/2016,AQS,1,0.026,ppm,24,CCNY,17,100,44201,Ozone,87,35620,"New York-Newark-Jersey City, NY-NJ-PA",36,New York,61,New York,40.81976,-73.94825
03/12/2016,AQS,1,0.022,ppm,20,CCNY,17,100,44201,Ozone,87,35620,"New York-Newark-Jersey City, NY-NJ-PA",36,New York,61,New York,40.81976,-73.94825
03/13/2016,AQS,1,0.036,ppm,33,CCNY,17,100,44201,Ozone,87,35620,"New York-Newark-Jersey City, NY-NJ-PA",36,New York,61,New York,40.81976,-73.94825
03/14/2016,AQS,1,0.036,ppm,33,CCNY,17,100,44201,Ozone,87,35620,"New York-Newark-Jersey City, NY-NJ-PA",36,New York,61,New York,40.81976,-73.94825
03/15/2016,AQS,1,0.026,ppm,24,CCNY,17,100,44201,Ozone,87,35620,"New York-Newark-Jersey City, NY-NJ-PA",36,New York,61,New York,40.81976,-73.94825
03/16/2016,AQS,1,0.024,ppm,22,CCNY,17,100,44201,Ozone,87,35620,"New York-Newark-Jersey City, NY-NJ-PA",36,New York,61,New York,40.81976,-73.94825
03/17/2016,AQS,1,0.035,ppm,32,CCNY,14,82,44201,Ozone,87,35620,"New York-Newark-Jersey City, NY-NJ-PA",36,New York,61,New York,40.81976,-73.94825
03/18/2016,AQS,1,0.034,ppm,31,CCNY,17,100,44201,Ozone,87,35620,"New York-Newark-Jersey City, NY-NJ-PA",36,New York,61,New York,40.81976,-73.94825
03/19/2016,AQS,1,0.037,ppm,34,CCNY,17,100,44201,Ozone,87,35620,"New York-Newark-Jersey City, NY-NJ-PA",36,New York,61,New York,40.81976,-73.94825
03/20/2016,AQS,1,0.037,ppm,34,CCNY,17,100,44201,Ozone,87,35620,"New York-Newark-Jersey City, NY-NJ-PA",36,New York,61,New York,40.81976,-73.94825
03/21/2016,AQS,1,0.039,ppm,36,CCNY,17,100,44201,Ozone,87,35620,"New York-Newark-Jersey City, NY-NJ-PA",36,New York,61,New York,40.81976,-73.94825
03/22/2016,AQS,1,0.037,ppm,34,CCNY,17,100,44201,Ozone,87,35620,"New York-Newark-Jersey City, NY-NJ-PA",36,New York,61,New York,40.81976,-73.94825
03/23/2016,AQS,1,0.04,ppm,37,CCNY,17,100,44201,Ozone,87,35620,"New York-Newark-Jersey City, NY-NJ-PA",36,New York,61,New York,40.81976,-73.94825
03/24/2016,AQS,1,0.038,ppm,35,CCNY,17,100,44201,Ozone,87,35620,"New York-Newark-Jersey City, NY-NJ-PA",36,New York,61,New York,40.81976,-73.94825
03/25/2016,AQS,1,0.035,ppm,32,CCNY,13,76,44201,Ozone,87,35620,"New York-Newark-Jersey City, NY-NJ-PA",36,New York,61,New York,40.81976,-73.94825
03/26/2016,AQS,1,0.034,ppm,31,CCNY,17,100,44201,Ozone,87,35620,"New York-Newark-Jersey City, NY-NJ-PA",36,New York,61,New York,40.81976,-73.94825
03/27/2016,AQS,1,0.033,ppm,31,CCNY,17,100,44201,Ozone,87,35620,"New York-Newark-Jersey City, NY-NJ-PA",36,New York,61,New York,40.81976,-73.94825
03/28/2016,AQS,1,0.039,ppm,36,CCNY,17,100,44201,Ozone,87,35620,"New York-Newark-Jersey City, NY-NJ-PA",36,New York,61,New York,40.81976,-73.94825
03/29/2016,AQS,1,0.041,ppm,38,CCNY,17,100,44201,Ozone,87,35620,"New York-Newark-Jersey City, NY-NJ-PA",36,New York,61,New York,40.81976,-73.94825
03/30/2016,AQS,1,0.035,ppm,32,CCNY,17,100,44201,Ozone,87,35620,"New York-Newark-Jersey City, NY-NJ-PA",36,New York,61,New York,40.81976,-73.94825
03/31/2016,AQS,1,0.042,ppm,39,CCNY,17,100,44201,Ozone,87,35620,"New York-Newark-Jersey City, NY-NJ-PA",36,New York,61,New York,40.81976,-73.94825
04/01/2016,AQS,1,0.035,ppm,32,CCNY,17,100,44201,Ozone,87,35620,"New York-Newark-Jersey City, NY-NJ-PA",36,New York,61,New York,40.81976,-73.94825
04/02/2016,AQS,1,0.034,ppm,31,CCNY,17,100,44201,Ozone,87,35620,"New York-Newark-Jersey City, NY-NJ-PA",36,New York,61,New York,40.81976,-73.94825
04/03/2016,AQS,1,0.039,ppm,36,CCNY,17,100,44201,Ozone,87,35620,"New York-Newark-Jersey City, NY-NJ-PA",36,New York,61,New York,40.81976,-73.94825
04/04/2016,AQS,1,0.03,ppm,28,CCNY,17,100,44201,Ozone,87,35620,"New York-Newark-Jersey City, NY-NJ-PA",36,New York,61,New York,40.81976,-73.94825
04/05/2016,AQS,1,0.038,ppm,35,CCNY,17,100,44201,Ozone,87,35620,"New York-Newark-Jersey City, NY-NJ-PA",36,New York,61,New York,40.81976,-73.94825
04/06/2016,AQS,1,0.04,ppm,37,CCNY,17,100,44201,Ozone,87,35620,"New York-Newark-Jersey City, NY-NJ-PA",36,New York,61,New York,40.81976,-73.94825
04/07/2016,AQS,1,0.036,ppm,33,CCNY,17,100,44201,Ozone,87,35620,"New York-Newark-Jersey City, NY-NJ-PA",36,New York,61,New York,40.81976,-73.94825
04/08/2016,AQS,1,0.034,ppm,31,CCNY,17,100,44201,Ozone,87,35620,"New York-Newark-Jersey City, NY-NJ-PA",36,New York,61,New York,40.81976,-73.94825
04/09/2016,AQS,1,0.031,ppm,29,CCNY,17,100,44201,Ozone,87,35620,"New York-Newark-Jersey City, NY-NJ-PA",36,New York,61,New York,40.81976,-73.94825
04/10/2016,AQS,1,0.037,ppm,34,CCNY,17,100,44201,Ozone,87,35620,"New York-Newark-Jersey City, NY-NJ-PA",36,New York,61,New York,40.81976,-73.94825
04/11/2016,AQS,1,0.034,ppm,31,CCNY,17,100,44201,Ozone,87,35620,"New York-Newark-Jersey City, NY-NJ-PA",36,New York,61,New York,40.81976,-73.94825
04/12/2016,AQS,1,0.03,ppm,28,CCNY,17,100,44201,Ozone,87,35620,"New York-Newark-Jersey City, NY-NJ-PA",36,New York,61,New York,40.81976,-73.94825
04/13/2016,AQS,1,0.038,ppm,35,CCNY,17,100,44201,Ozone,87,35620,"New York-Newark-Jersey City, NY-NJ-PA",36,New York,61,New York,40.81976,-73.94825
04/14/2016,AQS,1,0.038,ppm,35,CCNY,17,100,44201,Ozone,87,35620,"New York-Newark-Jersey City, NY-NJ-PA",36,New York,61,New York,40.81976,-73.94825
04/15/2016,AQS,1,0.039,ppm,36,CCNY,14,82,44201,Ozone,87,35620,"New York-Newark-Jersey City, NY-NJ-PA",36,New York,61,New York,40.81976,-73.94825
04/16/2016,AQS,1,0.046,ppm,43,CCNY,17,100,44201,Ozone,87,35620,"New York-Newark-Jersey City, NY-NJ-PA",36,New York,61,New York,40.81976,-73.94825
04/17/2016,AQS,1,0.048,ppm,44,CCNY,17,100,44201,Ozone,87,35620,"New York-Newark-Jersey City, NY-NJ-PA",36,New York,61,New York,40.81976,-73.94825
04/18/2016,AQS,1,0.059,ppm,64,CCNY,17,100,44201,Ozone,87,35620,"New York-Newark-Jersey City, NY-NJ-PA",36,New York,61,New York,40.81976,-73.94825
04/19/2016,AQS,1,0.05,ppm,46,CCNY,17,100,44201,Ozone,87,35620,"New York-Newark-Jersey City, NY-NJ-PA",36,New York,61,New York,40.81976,-73.94825
04/20/2016,AQS,1,0.049,ppm,45,CCNY,17,100,44201,Ozone,87,35620,"New York-Newark-Jersey City, NY-NJ-PA",36,New York,61,New York,40.81976,-73.94825
04/21/2016,AQS,1,0.041,ppm,38,CCNY,17,100,44201,Ozone,87,35620,"New York-Newark-Jersey City, NY-NJ-PA",36,New York,61,New York,40.81976,-73.94825
04/22/2016,AQS,1,0.05,ppm,46,CCNY,17,100,44201,Ozone,87,35620,"New York-Newark-Jersey City, NY-NJ-PA",36,New York,61,New York,40.81976,-73.94825
04/23/2016,AQS,1,0.038,ppm,35,CCNY,17,100,44201,Ozone,87,35620,"New York-Newark-Jersey City, NY-NJ-PA",36,New York,61,New York,40.81976,-73.94825
04/24/2016,AQS,1,0.047,ppm,44,CCNY,17,100,44201,Ozone,87,35620,"New York-Newark-Jersey City, NY-NJ-PA",36,New York,61,New York,40.81976,-73.94825
04/25/2016,AQS,1,0.038,ppm,35,CCNY,17,100,44201,Ozone,87,35620,"New York-Newark-Jersey City, NY-NJ-PA",36,New York,61,New York,40.81976,-73.94825
04/26/2016,AQS,1,0.029,ppm,27,CCNY,17,100,44201,Ozone,87,35620,"New York-Newark-Jersey City, NY-NJ-PA",36,New York,61,New York,40.81976,-73.94825
04/27/2016,AQS,1,0.028,ppm,26,CCNY,17,100,44201,Ozone,87,35620,"New York-Newark-Jersey City, NY-NJ-PA",36,New York,61,New York,40.81976,-73.94825
04/28/2016,AQS,1,0.039,ppm,36,CCNY,17,100,44201,Ozone,87,35620,"New York-Newark-Jersey City, NY-NJ-PA",36,New York,61,New York,40.81976,-73.94825
04/29/2016,AQS,1,0.038,ppm,35,CCNY,17,100,44201,Ozone,87,35620,"New York-Newark-Jersey City, NY-NJ-PA",36,New York,61,New York,40.81976,-73.94825
04/30/2016,AQS,1,0.045,ppm,42,CCNY,14,82,44201,Ozone,87,35620,"New York-Newark-Jersey City, NY-NJ-PA",36,New York,61,New York,40.81976,-73.94825
05/01/2016,AQS,1,0.033,ppm,31,CCNY,17,100,44201,Ozone,87,35620,"New York-Newark-Jersey City, NY-NJ-PA",36,New York,61,New York,40.81976,-73.94825
05/02/2016,AQS,1,0.016,ppm,15,CCNY,17,100,44201,Ozone,87,35620,"New York-Newark-Jersey City, NY-NJ-PA",36,New York,61,New York,40.81976,-73.94825
05/03/2016,AQS,1,0.021,ppm,19,CCNY,17,100,44201,Ozone,87,35620,"New York-Newark-Jersey City, NY-NJ-PA",36,New York,61,New York,40.81976,-73.94825
05/04/2016,AQS,1,0.025,ppm,23,CCNY,17,100,44201,Ozone,87,35620,"New York-Newark-Jersey City, NY-NJ-PA",36,New York,61,New York,40.81976,-73.94825
05/05/2016,AQS,1,0.025,ppm,23,CCNY,17,100,44201,Ozone,87,35620,"New York-Newark-Jersey City, NY-NJ-PA",36,New York,61,New York,40.81976,-73.94825
05/06/2016,AQS,1,0.02,ppm,19,CCNY,17,100,44201,Ozone,87,35620,"New York-Newark-Jersey City, NY-NJ-PA",36,New York,61,New York,40.81976,-73.94825
05/07/2016,AQS,1,0.023,ppm,21,CCNY,17,100,44201,Ozone,87,35620,"New York-Newark-Jersey City, NY-NJ-PA",36,New York,61,New York,40.81976,-73.94825
05/08/2016,AQS,1,0.035,ppm,32,CCNY,17,100,44201,Ozone,87,35620,"New York-Newark-Jersey City, NY-NJ-PA",36,New York,61,New York,40.81976,-73.94825
05/09/2016,AQS,1,0.047,ppm,44,CCNY,17,100,44201,Ozone,87,35620,"New York-Newark-Jersey City, NY-NJ-PA",36,New York,61,New York,40.81976,-73.94825
05/10/2016,AQS,1,0.028,ppm,26,CCNY,17,100,44201,Ozone,87,35620,"New York-Newark-Jersey City, NY-NJ-PA",36,New York,61,New York,40.81976,-73.94825
05/11/2016,AQS,1,0.038,ppm,35,CCNY,17,100,44201,Ozone,87,35620,"New York-Newark-Jersey City, NY-NJ-PA",36,New York,61,New York,40.81976,-73.94825
05/12/2016,AQS,1,0.059,ppm,64,CCNY,17,100,44201,Ozone,87,35620,"New York-Newark-Jersey City, NY-NJ-PA",36,New York,61,New York,40.81976,-73.94825
05/13/2016,AQS,1,0.021,ppm,19,CCNY,17,100,44201,Ozone,87,35620,"New York-Newark-Jersey City, NY-NJ-PA",36,New York,61,New York,40.81976,-73.94825
05/14/2016,AQS,1,0.046,ppm,43,CCNY,17,100,44201,Ozone,87,35620,"New York-Newark-Jersey City, NY-NJ-PA",36,New York,61,New York,40.81976,-73.94825
05/15/2016,AQS,1,0.027,ppm,25,CCNY,17,100,44201,Ozone,87,35620,"New York-Newark-Jersey City, NY-NJ-PA",36,New York,61,New York,40.81976,-73.94825
05/16/2016,AQS,1,0.041,ppm,38,CCNY,17,100,44201,Ozone,87,35620,"New York-Newark-Jersey City, NY-NJ-PA",36,New York,61,New York,40.81976,-73.94825
05/17/2016,AQS,1,0.03,ppm,28,CCNY,17,100,44201,Ozone,87,35620,"New York-Newark-Jersey City, NY-NJ-PA",36,New York,61,New York,40.81976,-73.94825
05/18/2016,AQS,1,0.04,ppm,37,CCNY,17,100,44201,Ozone,87,35620,"New York-Newark-Jersey City, NY-NJ-PA",36,New York,61,New York,40.81976,-73.94825
05/19/2016,AQS,1,0.038,ppm,35,CCNY,17,100,44201,Ozone,87,35620,"New York-Newark-Jersey City, NY-NJ-PA",36,New York,61,New York,40.81976,-73.94825
05/20/2016,AQS,1,0.05,ppm,46,CCNY,17,100,44201,Ozone,87,35620,"New York-Newark-Jersey City, NY-NJ-PA",36,New York,61,New York,40.81976,-73.94825
05/21/2016,AQS,1,0.04,ppm,37,CCNY,17,100,44201,Ozone,87,35620,"New York-Newark-Jersey City, NY-NJ-PA",36,New York,61,New York,40.81976,-73.94825
05/22/2016,AQS,1,0.045,ppm,42,CCNY,17,100,44201,Ozone,87,35620,"New York-Newark-Jersey City, NY-NJ-PA",36,New York,61,New York,40.81976,-73.94825
05/23/2016,AQS,1,0.051,ppm,47,CCNY,17,100,44201,Ozone,87,35620,"New York-Newark-Jersey City, NY-NJ-PA",36,New York,61,New York,40.81976,-73.94825
05/24/2016,AQS,1,0.037,ppm,34,CCNY,17,100,44201,Ozone,87,35620,"New York-Newark-Jersey City, NY-NJ-PA",36,New York,61,New York,40.81976,-73.94825
05/25/2016,AQS,1,0.078,ppm,126,CCNY,17,100,44201,Ozone,87,35620,"New York-Newark-Jersey City, NY-NJ-PA",36,New York,61,New York,40.81976,-73.94825
05/26/2016,AQS,1,0.071,ppm,101,CCNY,17,100,44201,Ozone,87,35620,"New York-Newark-Jersey City, NY-NJ-PA",36,New York,61,New York,40.81976,-73.94825
05/27/2016,AQS,1,0.055,ppm,51,CCNY,17,100,44201,Ozone,87,35620,"New York-Newark-Jersey City, NY-NJ-PA",36,New York,61,New York,40.81976,-73.94825
05/28/2016,AQS,1,0.069,ppm,97,CCNY,17,100,44201,Ozone,87,35620,"New York-Newark-Jersey City, NY-NJ-PA",36,New York,61,New York,40.81976,-73.94825
05/29/2016,AQS,1,0.045,ppm,42,CCNY,17,100,44201,Ozone,87,35620,"New York-Newark-Jersey City, NY-NJ-PA",36,New York,61,New York,40.81976,-73.94825
05/30/2016,AQS,1,0.037,ppm,34,CCNY,17,100,44201,Ozone,87,35620,"New York-Newark-Jersey City, NY-NJ-PA",36,New York,61,New York,40.81976,-73.94825
05/31/2016,AQS,1,0.056,ppm,54,CCNY,17,100,44201,Ozone,87,35620,"New York-Newark-Jersey City, NY-NJ-PA",36,New York,61,New York,40.81976,-73.94825
06/01/2016,AQS,1,0.055,ppm,51,CCNY,17,100,44201,Ozone,87,35620,"New York-Newark-Jersey City, NY-NJ-PA",36,New York,61,New York,40.81976,-73.94825
06/02/2016,AQS,1,0.037,ppm,34,CCNY,17,100,44201,Ozone,87,35620,"New York-Newark-Jersey City, NY-NJ-PA",36,New York,61,New York,40.81976,-73.94825
06/03/2016,AQS,1,0.014,ppm,13,CCNY,17,100,44201,Ozone,87,35620,"New York-Newark-Jersey City, NY-NJ-PA",36,New York,61,New York,40.81976,-73.94825
06/04/2016,AQS,1,0.061,ppm,71,CCNY,15,88,44201,Ozone,87,35620,"New York-Newark-Jersey City, NY-NJ-PA",36,New York,61,New York,40.81976,-73.94825
06/05/2016,AQS,1,0.031,ppm,29,CCNY,17,100,44201,Ozone,87,35620,"New York-Newark-Jersey City, NY-NJ-PA",36,New York,61,New York,40.81976,-73.94825
06/06/2016,AQS,1,0.052,ppm,48,CCNY,17,100,44201,Ozone,87,35620,"New York-Newark-Jersey City, NY-NJ-PA",36,New York,61,New York,40.81976,-73.94825
06/07/2016,AQS,1,0.054,ppm,50,CCNY,17,100,44201,Ozone,87,35620,"New York-Newark-Jersey City, NY-NJ-PA",36,New York,61,New York,40.81976,-73.94825
06/08/2016,AQS,1,0.026,ppm,24,CCNY,17,100,44201,Ozone,87,35620,"New York-Newark-Jersey City, NY-NJ-PA",36,New York,61,New York,40.81976,-73.94825
06/09/2016,AQS,1,0.042,ppm,39,CCNY,17,100,44201,Ozone,87,35620,"New York-Newark-Jersey City, NY-NJ-PA",36,New York,61,New York,40.81976,-73.94825
06/10/2016,AQS,1,0.037,ppm,34,CCNY,14,82,44201,Ozone,87,35620,"New York-Newark-Jersey City, NY-NJ-PA",36,New York,61,New York,40.81976,-73.94825
06/11/2016,AQS,1,0.063,ppm,77,CCNY,17,100,44201,Ozone,87,35620,"New York-Newark-Jersey City, NY-NJ-PA",36,New York,61,New York,40.81976,-73.94825
06/12/2016,AQS,1,0.044,ppm,41,CCNY,17,100,44201,Ozone,87,35620,"New York-Newark-Jersey City, NY-NJ-PA",36,New York,61,New York,40.81976,-73.94825
06/13/2016,AQS,1,0.024,ppm,22,CCNY,17,100,44201,Ozone,87,35620,"New York-Newark-Jersey City, NY-NJ-PA",36,New York,61,New York,40.81976,-73.94825
06/14/2016,AQS,1,0.038,ppm,35,CCNY,17,100,44201,Ozone,87,35620,"New York-Newark-Jersey City, NY-NJ-PA",36,New York,61,New York,40.81976,-73.94825
06/15/2016,AQS,1,0.052,ppm,48,CCNY,17,100,44201,Ozone,87,35620,"New York-Newark-Jersey City, NY-NJ-PA",36,New York,61,New York,40.81976,-73.94825
06/16/2016,AQS,1,0.033,ppm,31,CCNY,17,100,44201,Ozone,87,35620,"New York-Newark-Jersey City, NY-NJ-PA",36,New York,61,New York,40.81976,-73.94825
06/17/2016,AQS,1,0.045,ppm,42,CCNY,17,100,44201,Ozone,87,35620,"New York-Newark-Jersey City, NY-NJ-PA",36,New York,61,New York,40.81976,-73.94825
06/18/2016,AQS,1,0.065,ppm,84,CCNY,17,100,44201,Ozone,87,35620,"New York-Newark-Jersey City, NY-NJ-PA",36,New York,61,New York,40.81976,-73.94825
06/19/2016,AQS,1,0.063,ppm,77,CCNY,17,100,44201,Ozone,87,35620,"New York-Newark-Jersey City, NY-NJ-PA",36,New York,61,New York,40.81976,-73.94825
06/20/2016,AQS,1,0.047,ppm,44,CCNY,17,100,44201,Ozone,87,35620,"New York-Newark-Jersey City, NY-NJ-PA",36,New York,61,New York,40.81976,-73.94825
06/21/2016,AQS,1,0.056,ppm,54,CCNY,17,100,44201,Ozone,87,35620,"New York-Newark-Jersey City, NY-NJ-PA",36,New York,61,New York,40.81976,-73.94825
06/22/2016,AQS,1,0.049,ppm,45,CCNY,17,100,44201,Ozone,87,35620,"New York-Newark-Jersey City, NY-NJ-PA",36,New York,61,New York,40.81976,-73.94825
06/23/2016,AQS,1,0.047,ppm,44,CCNY,17,100,44201,Ozone,87,35620,"New York-Newark-Jersey City, NY-NJ-PA",36,New York,61,New York,40.81976,-73.94825
06/24/2016,AQS,1,0.06,ppm,67,CCNY,17,100,44201,Ozone,87,35620,"New York-Newark-Jersey City, NY-NJ-PA",36,New York,61,New York,40.81976,-73.94825
06/25/2016,AQS,1,0.063,ppm,77,CCNY,16,94,44201,Ozone,87,35620,"New York-Newark-Jersey City, NY-NJ-PA",36,New York,61,New York,40.81976,-73.94825
06/26/2016,AQS,1,0.061,ppm,71,CCNY,17,100,44201,Ozone,87,35620,"New York-Newark-Jersey City, NY-NJ-PA",36,New York,61,New York,40.81976,-73.94825
06/27/2016,AQS,1,0.045,ppm,42,CCNY,17,100,44201,Ozone,87,35620,"New York-Newark-Jersey City, NY-NJ-PA",36,New York,61,New York,40.81976,-73.94825
06/28/2016,AQS,1,0.037,ppm,34,CCNY,17,100,44201,Ozone,87,35620,"New York-Newark-Jersey City, NY-NJ-PA",36,New York,61,New York,40.81976,-73.94825
06/29/2016,AQS,1,0.051,ppm,47,CCNY,17,100,44201,Ozone,87,35620,"New York-Newark-Jersey City, NY-NJ-PA",36,New York,61,New York,40.81976,-73.94825
06/30/2016,AQS,1,0.052,ppm,48,CCNY,17,100,44201,Ozone,87,35620,"New York-Newark-Jersey City, NY-NJ-PA",36,New York,61,New York,40.81976,-73.94825
07/01/2016,AQS,1,0.044,ppm,41,CCNY,17,100,44201,Ozone,87,35620,"New York-Newark-Jersey City, NY-NJ-PA",36,New York,61,New York,40.81976,-73.94825
07/02/2016,AQS,1,0.031,ppm,29,CCNY,17,100,44201,Ozone,87,35620,"New York-Newark-Jersey City, NY-NJ-PA",36,New York,61,New York,40.81976,-73.94825
07/03/2016,AQS,1,0.045,ppm,42,CCNY,17,100,44201,Ozone,87,35620,"New York-Newark-Jersey City, NY-NJ-PA",36,New York,61,New York,40.81976,-73.94825
07/04/2016,AQS,1,0.056,ppm,54,CCNY,17,100,44201,Ozone,87,35620,"New York-Newark-Jersey City, NY-NJ-PA",36,New York,61,New York,40.81976,-73.94825
07/05/2016,AQS,1,0.042,ppm,39,CCNY,17,100,44201,Ozone,87,35620,"New York-Newark-Jersey City, NY-NJ-PA",36,New York,61,New York,40.81976,-73.94825
07/06/2016,AQS,1,0.071,ppm,101,CCNY,17,100,44201,Ozone,87,35620,"New York-Newark-Jersey City, NY-NJ-PA",36,New York,61,New York,40.81976,-73.94825
07/07/2016,AQS,1,0.056,ppm,54,CCNY,17,100,44201,Ozone,87,35620,"New York-Newark-Jersey City, NY-NJ-PA",36,New York,61,New York,40.81976,-73.94825
07/08/2016,AQS,1,0.053,ppm,49,CCNY,17,100,44201,Ozone,87,35620,"New York-Newark-Jersey City, NY-NJ-PA",36,New York,61,New York,40.81976,-73.94825
07/09/2016,AQS,1,0.02,ppm,19,CCNY,17,100,44201,Ozone,87,35620,"New York-Newark-Jersey City, NY-NJ-PA",36,New York,61,New York,40.81976,-73.94825
07/10/2016,AQS,1,0.034,ppm,31,CCNY,17,100,44201,Ozone,87,35620,"New York-Newark-Jersey City, NY-NJ-PA",36,New York,61,New York,40.81976,-73.94825
07/11/2016,AQS,1,0.037,ppm,34,CCNY,17,100,44201,Ozone,87,35620,"New York-Newark-Jersey City, NY-NJ-PA",36,New York,61,New York,40.81976,-73.94825
07/12/2016,AQS,1,0.049,ppm,45,CCNY,17,100,44201,Ozone,87,35620,"New York-Newark-Jersey City, NY-NJ-PA",36,New York,61,New York,40.81976,-73.94825
07/13/2016,AQS,1,0.041,ppm,38,CCNY,17,100,44201,Ozone,87,35620,"New York-Newark-Jersey City, NY-NJ-PA",36,New York,61,New York,40.81976,-73.94825
07/14/2016,AQS,1,0.047,ppm,44,CCNY,17,100,44201,Ozone,87,35620,"New York-Newark-Jersey City, NY-NJ-PA",36,New York,61,New York,40.81976,-73.94825
07/15/2016,AQS,1,0.065,ppm,84,CCNY,17,100,44201,Ozone,87,35620,"New York-Newark-Jersey City, NY-NJ-PA",36,New York,61,New York,40.81976,-73.94825
07/16/2016,AQS,1,0.067,ppm,90,CCNY,17,100,44201,Ozone,87,35620,"New York-Newark-Jersey City, NY-NJ-PA",36,New York,61,New York,40.81976,-73.94825
07/17/2016,AQS,1,0.069,ppm,97,CCNY,17,100,44201,Ozone,87,35620,"New York-Newark-Jersey City, NY-NJ-PA",36,New York,61,New York,40.81976,-73.94825
07/18/2016,AQS,1,0.056,ppm,54,CCNY,17,100,44201,Ozone,87,35620,"New York-Newark-Jersey City, NY-NJ-PA",36,New York,61,New York,40.81976,-73.94825
07/19/2016,AQS,1,0.031,ppm,29,CCNY,17,100,44201,Ozone,87,35620,"New York-Newark-Jersey City, NY-NJ-PA",36,New York,61,New York,40.81976,-73.94825
07/20/2016,AQS,1,0.047,ppm,44,CCNY,17,100,44201,Ozone,87,35620,"New York-Newark-Jersey City, NY-NJ-PA",36,New York,61,New York,40.81976,-73.94825
07/21/2016,AQS,1,0.069,ppm,97,CCNY,17,100,44201,Ozone,87,35620,"New York-Newark-Jersey City, NY-NJ-PA",36,New York,61,New York,40.81976,-73.94825
07/22/2016,AQS,1,0.072,ppm,105,CCNY,17,100,44201,Ozone,87,35620,"New York-Newark-Jersey City, NY-NJ-PA",36,New York,61,New York,40.81976,-73.94825
07/23/2016,AQS,1,0.048,ppm,44,CCNY,17,100,44201,Ozone,87,35620,"New York-Newark-Jersey City, NY-NJ-PA",36,New York,61,New York,40.81976,-73.94825
07/24/2016,AQS,1,0.047,ppm,44,CCNY,17,100,44201,Ozone,87,35620,"New York-Newark-Jersey City, NY-NJ-PA",36,New York,61,New York,40.81976,-73.94825
07/25/2016,AQS,1,0.065,ppm,84,CCNY,17,100,44201,Ozone,87,35620,"New York-Newark-Jersey City, NY-NJ-PA",36,New York,61,New York,40.81976,-73.94825
07/26/2016,AQS,1,0.04,ppm,37,CCNY,17,100,44201,Ozone,87,35620,"New York-Newark-Jersey City, NY-NJ-PA",36,New York,61,New York,40.81976,-73.94825
07/27/2016,AQS,1,0.062,ppm,74,CCNY,17,100,44201,Ozone,87,35620,"New York-Newark-Jersey City, NY-NJ-PA",36,New York,61,New York,40.81976,-73.94825
07/28/2016,AQS,1,0.069,ppm,97,CCNY,17,100,44201,Ozone,87,35620,"New York-Newark-Jersey City, NY-NJ-PA",36,New York,61,New York,40.81976,-73.94825
07/29/2016,AQS,1,0.063,ppm,77,CCNY,17,100,44201,Ozone,87,35620,"New York-Newark-Jersey City, NY-NJ-PA",36,New York,61,New York,40.81976,-73.94825
07/30/2016,AQS,1,0.056,ppm,54,CCNY,17,100,44201,Ozone,87,35620,"New York-Newark-Jersey City, NY-NJ-PA",36,New York,61,New York,40.81976,-73.94825
07/31/2016,AQS,1,0.038,ppm,35,CCNY,17,100,44201,Ozone,87,35620,"New York-Newark-Jersey City, NY-NJ-PA",36,New York,61,New York,40.81976,-73.94825
08/01/2016,AQS,1,0.038,ppm,35,CCNY,17,100,44201,Ozone,87,35620,"New York-Newark-Jersey City, NY-NJ-PA",36,New York,61,New York,40.81976,-73.94825
08/02/2016,AQS,1,0.029,ppm,27,CCNY,17,100,44201,Ozone,87,35620,"New York-Newark-Jersey City, NY-NJ-PA",36,New York,61,New York,40.81976,-73.94825
08/03/2016,AQS,1,0.033,ppm,31,CCNY,17,100,44201,Ozone,87,35620,"New York-Newark-Jersey City, NY-NJ-PA",36,New York,61,New York,40.81976,-73.94825
08/04/2016,AQS,1,0.029,ppm,27,CCNY,17,100,44201,Ozone,87,35620,"New York-Newark-Jersey City, NY-NJ-PA",36,New York,61,New York,40.81976,-73.94825
08/05/2016,AQS,1,0.044,ppm,41,CCNY,17,100,44201,Ozone,87,35620,"New York-Newark-Jersey City, NY-NJ-PA",36,New York,61,New York,40.81976,-73.94825
08/06/2016,AQS,1,0.05,ppm,46,CCNY,17,100,44201,Ozone,87,35620,"New York-Newark-Jersey City, NY-NJ-PA",36,New York,61,New York,40.81976,-73.94825
08/07/2016,AQS,1,0.033,ppm,31,CCNY,17,100,44201,Ozone,87,35620,"New York-Newark-Jersey City, NY-NJ-PA",36,New York,61,New York,40.81976,-73.94825
08/08/2016,AQS,1,0.046,ppm,43,CCNY,17,100,44201,Ozone,87,35620,"New York-Newark-Jersey City, NY-NJ-PA",36,New York,61,New York,40.81976,-73.94825
08/09/2016,AQS,1,0.056,ppm,54,CCNY,17,100,44201,Ozone,87,35620,"New York-Newark-Jersey City, NY-NJ-PA",36,New York,61,New York,40.81976,-73.94825
08/10/2016,AQS,1,0.033,ppm,31,CCNY,17,100,44201,Ozone,87,35620,"New York-Newark-Jersey City, NY-NJ-PA",36,New York,61,New York,40.81976,-73.94825
08/11/2016,AQS,1,0.059,ppm,64,CCNY,16,94,44201,Ozone,87,35620,"New York-Newark-Jersey City, NY-NJ-PA",36,New York,61,New York,40.81976,-73.94825
08/12/2016,AQS,1,0.05,ppm,46,CCNY,17,100,44201,Ozone,87,35620,"New York-Newark-Jersey City, NY-NJ-PA",36,New York,61,New York,40.81976,-73.94825
08/13/2016,AQS,1,0.061,ppm,71,CCNY,17,100,44201,Ozone,87,35620,"New York-Newark-Jersey City, NY-NJ-PA",36,New York,61,New York,40.81976,-73.94825
08/14/2016,AQS,1,0.043,ppm,40,CCNY,17,100,44201,Ozone,87,35620,"New York-Newark-Jersey City, NY-NJ-PA",36,New York,61,New York,40.81976,-73.94825
08/15/2016,AQS,1,0.046,ppm,43,CCNY,17,100,44201,Ozone,87,35620,"New York-Newark-Jersey City, NY-NJ-PA",36,New York,61,New York,40.81976,-73.94825
08/16/2016,AQS,1,0.045,ppm,42,CCNY,17,100,44201,Ozone,87,35620,"New York-Newark-Jersey City, NY-NJ-PA",36,New York,61,New York,40.81976,-73.94825
08/17/2016,AQS,1,0.033,ppm,31,CCNY,17,100,44201,Ozone,87,35620,"New York-Newark-Jersey City, NY-NJ-PA",36,New York,61,New York,40.81976,-73.94825
08/18/2016,AQS,1,0.047,ppm,44,CCNY,17,100,44201,Ozone,87,35620,"New York-Newark-Jersey City, NY-NJ-PA",36,New York,61,New York,40.81976,-73.94825
08/19/2016,AQS,1,0.054,ppm,50,CCNY,17,100,44201,Ozone,87,35620,"New York-Newark-Jersey City, NY-NJ-PA",36,New York,61,New York,40.81976,-73.94825
08/20/2016,AQS,1,0.054,ppm,50,CCNY,17,100,44201,Ozone,87,35620,"New York-Newark-Jersey City, NY-NJ-PA",36,New York,61,New York,40.81976,-73.94825
08/21/2016,AQS,1,0.047,ppm,44,CCNY,17,100,44201,Ozone,87,35620,"New York-Newark-Jersey City, NY-NJ-PA",36,New York,61,New York,40.81976,-73.94825
08/22/2016,AQS,1,0.028,ppm,26,CCNY,17,100,44201,Ozone,87,35620,"New York-Newark-Jersey City, NY-NJ-PA",36,New York,61,New York,40.81976,-73.94825
08/23/2016,AQS,1,0.05,ppm,46,CCNY,17,100,44201,Ozone,87,35620,"New York-Newark-Jersey City, NY-NJ-PA",36,New York,61,New York,40.81976,-73.94825
08/24/2016,AQS,1,0.066,ppm,87,CCNY,17,100,44201,Ozone,87,35620,"New York-Newark-Jersey City, NY-NJ-PA",36,New York,61,New York,40.81976,-73.94825
08/25/2016,AQS,1,0.051,ppm,47,CCNY,17,100,44201,Ozone,87,35620,"New York-Newark-Jersey City, NY-NJ-PA",36,New York,61,New York,40.81976,-73.94825
08/26/2016,AQS,1,0.042,ppm,39,CCNY,17,100,44201,Ozone,87,35620,"New York-Newark-Jersey City, NY-NJ-PA",36,New York,61,New York,40.81976,-73.94825
08/27/2016,AQS,1,0.047,ppm,44,CCNY,17,100,44201,Ozone,87,35620,"New York-Newark-Jersey City, NY-NJ-PA",36,New York,61,New York,40.81976,-73.94825
08/28/2016,AQS,1,0.042,ppm,39,CCNY,17,100,44201,Ozone,87,35620,"New York-Newark-Jersey City, NY-NJ-PA",36,New York,61,New York,40.81976,-73.94825
08/29/2016,AQS,1,0.041,ppm,38,CCNY,17,100,44201,Ozone,87,35620,"New York-Newark-Jersey City, NY-NJ-PA",36,New York,61,New York,40.81976,-73.94825
08/30/2016,AQS,1,0.042,ppm,39,CCNY,15,88,44201,Ozone,87,35620,"New York-Newark-Jersey City, NY-NJ-PA",36,New York,61,New York,40.81976,-73.94825
08/31/2016,AQS,1,0.057,ppm,58,CCNY,17,100,44201,Ozone,87,35620,"New York-Newark-Jersey City, NY-NJ-PA",36,New York,61,New York,40.81976,-73.94825
09/01/2016,AQS,1,0.036,ppm,33,CCNY,17,100,44201,Ozone,87,35620,"New York-Newark-Jersey City, NY-NJ-PA",36,New York,61,New York,40.81976,-73.94825
09/02/2016,AQS,1,0.03,ppm,28,CCNY,17,100,44201,Ozone,87,35620,"New York-Newark-Jersey City, NY-NJ-PA",36,New York,61,New York,40.81976,-73.94825
09/03/2016,AQS,1,0.032,ppm,30,CCNY,17,100,44201,Ozone,87,35620,"New York-Newark-Jersey City, NY-NJ-PA",36,New York,61,New York,40.81976,-73.94825
09/04/2016,AQS,1,0.036,ppm,33,CCNY,17,100,44201,Ozone,87,35620,"New York-Newark-Jersey City, NY-NJ-PA",36,New York,61,New York,40.81976,-73.94825
09/05/2016,AQS,1,0.033,ppm,31,CCNY,17,100,44201,Ozone,87,35620,"New York-Newark-Jersey City, NY-NJ-PA",36,New York,61,New York,40.81976,-73.94825
09/06/2016,AQS,1,0.029,ppm,27,CCNY,17,100,44201,Ozone,87,35620,"New York-Newark-Jersey City, NY-NJ-PA",36,New York,61,New York,40.81976,-73.94825
09/07/2016,AQS,1,0.039,ppm,36,CCNY,17,100,44201,Ozone,87,35620,"New York-Newark-Jersey City, NY-NJ-PA",36,New York,61,New York,40.81976,-73.94825
09/08/2016,AQS,1,0.056,ppm,54,CCNY,17,100,44201,Ozone,87,35620,"New York-Newark-Jersey City, NY-NJ-PA",36,New York,61,New York,40.81976,-73.94825
09/09/2016,AQS,1,0.04,ppm,37,CCNY,17,100,44201,Ozone,87,35620,"New York-Newark-Jersey City, NY-NJ-PA",36,New York,61,New York,40.81976,-73.94825
09/10/2016,AQS,1,0.058,ppm,61,CCNY,17,100,44201,Ozone,87,35620,"New York-Newark-Jersey City, NY-NJ-PA",36,New York,61,New York,40.81976,-73.94825
09/11/2016,AQS,1,0.032,ppm,30,CCNY,17,100,44201,Ozone,87,35620,"New York-Newark-Jersey City, NY-NJ-PA",36,New York,61,New York,40.81976,-73.94825
09/12/2016,AQS,1,0.03,ppm,28,CCNY,17,100,44201,Ozone,87,35620,"New York-Newark-Jersey City, NY-NJ-PA",36,New York,61,New York,40.81976,-73.94825
09/13/2016,AQS,1,0.039,ppm,36,CCNY,17,100,44201,Ozone,87,35620,"New York-Newark-Jersey City, NY-NJ-PA",36,New York,61,New York,40.81976,-73.94825
09/14/2016,AQS,1,0.058,ppm,61,CCNY,17,100,44201,Ozone,87,35620,"New York-Newark-Jersey City, NY-NJ-PA",36,New York,61,New York,40.81976,-73.94825
09/15/2016,AQS,1,0.036,ppm,33,CCNY,17,100,44201,Ozone,87,35620,"New York-Newark-Jersey City, NY-NJ-PA",36,New York,61,New York,40.81976,-73.94825
09/16/2016,AQS,1,0.033,ppm,31,CCNY,17,100,44201,Ozone,87,35620,"New York-Newark-Jersey City, NY-NJ-PA",36,New York,61,New York,40.81976,-73.94825
09/17/2016,AQS,1,0.033,ppm,31,CCNY,17,100,44201,Ozone,87,35620,"New York-Newark-Jersey City, NY-NJ-PA",36,New York,61,New York,40.81976,-73.94825
09/18/2016,AQS,1,0.029,ppm,27,CCNY,17,100,44201,Ozone,87,35620,"New York-Newark-Jersey City, NY-NJ-PA",36,New York,61,New York,40.81976,-73.94825
09/19/2016,AQS,1,0.014,ppm,13,CCNY,17,100,44201,Ozone,87,35620,"New York-Newark-Jersey City, NY-NJ-PA",36,New York,61,New York,40.81976,-73.94825
09/20/2016,AQS,1,0.034,ppm,31,CCNY,17,100,44201,Ozone,87,35620,"New York-Newark-Jersey City, NY-NJ-PA",36,New York,61,New York,40.81976,-73.94825
09/21/2016,AQS,1,0.044,ppm,41,CCNY,17,100,44201,Ozone,87,35620,"New York-Newark-Jersey City, NY-NJ-PA",36,New York,61,New York,40.81976,-73.94825
09/22/2016,AQS,1,0.044,ppm,41,CCNY,17,100,44201,Ozone,87,35620,"New York-Newark-Jersey City, NY-NJ-PA",36,New York,61,New York,40.81976,-73.94825
09/23/2016,AQS,1,0.062,ppm,74,CCNY,17,100,44201,Ozone,87,35620,"New York-Newark-Jersey City, NY-NJ-PA",36,New York,61,New York,40.81976,-73.94825
09/24/2016,AQS,1,0.032,ppm,30,CCNY,17,100,44201,Ozone,87,35620,"New York-Newark-Jersey City, NY-NJ-PA",36,New York,61,New York,40.81976,-73.94825
09/25/2016,AQS,1,0.035,ppm,32,CCNY,17,100,44201,Ozone,87,35620,"New York-Newark-Jersey City, NY-NJ-PA",36,New York,61,New York,40.81976,-73.94825
09/26/2016,AQS,1,0.043,ppm,40,CCNY,17,100,44201,Ozone,87,35620,"New York-Newark-Jersey City, NY-NJ-PA",36,New York,61,New York,40.81976,-73.94825
09/27/2016,AQS,1,0.032,ppm,30,CCNY,17,100,44201,Ozone,87,35620,"New York-Newark-Jersey City, NY-NJ-PA",36,New York,61,New York,40.81976,-73.94825
09/28/2016,AQS,1,0.03,ppm,28,CCNY,17,100,44201,Ozone,87,35620,"New York-Newark-Jersey City, NY-NJ-PA",36,New York,61,New York,40.81976,-73.94825
09/29/2016,AQS,1,0.029,ppm,27,CCNY,17,100,44201,Ozone,87,35620,"New York-Newark-Jersey City, NY-NJ-PA",36,New York,61,New York,40.81976,-73.94825
09/30/2016,AQS,1,0.02,ppm,19,CCNY,17,100,44201,Ozone,87,35620,"New York-Newark-Jersey City, NY-NJ-PA",36,New York,61,New York,40.81976,-73.94825
10/01/2016,AQS,1,0.02,ppm,19,CCNY,17,100,44201,Ozone,87,35620,"New York-Newark-Jersey City, NY-NJ-PA",36,New York,61,New York,40.81976,-73.94825
10/02/2016,AQS,1,0.014,ppm,13,CCNY,17,100,44201,Ozone,87,35620,"New York-Newark-Jersey City, NY-NJ-PA",36,New York,61,New York,40.81976,-73.94825
10/03/2016,AQS,1,0.029,ppm,27,CCNY,17,100,44201,Ozone,87,35620,"New York-Newark-Jersey City, NY-NJ-PA",36,New York,61,New York,40.81976,-73.94825
10/04/2016,AQS,1,0.029,ppm,27,CCNY,17,100,44201,Ozone,87,35620,"New York-Newark-Jersey City, NY-NJ-PA",36,New York,61,New York,40.81976,-73.94825
10/05/2016,AQS,1,0.032,ppm,30,CCNY,17,100,44201,Ozone,87,35620,"New York-Newark-Jersey City, NY-NJ-PA",36,New York,61,New York,40.81976,-73.94825
10/06/2016,AQS,1,0.032,ppm,30,CCNY,17,100,44201,Ozone,87,35620,"New York-Newark-Jersey City, NY-NJ-PA",36,New York,61,New York,40.81976,-73.94825
10/07/2016,AQS,1,0.033,ppm,31,CCNY,17,100,44201,Ozone,87,35620,"New York-Newark-Jersey City, NY-NJ-PA",36,New York,61,New York,40.81976,-73.94825
10/08/2016,AQS,1,0.023,ppm,21,CCNY,17,100,44201,Ozone,87,35620,"New York-Newark-Jersey City, NY-NJ-PA",36,New York,61,New York,40.81976,-73.94825
10/09/2016,AQS,1,0.023,ppm,21,CCNY,17,100,44201,Ozone,87,35620,"New York-Newark-Jersey City, NY-NJ-PA",36,New York,61,New York,40.81976,-73.94825
10/10/2016,AQS,1,0.032,ppm,30,CCNY,17,100,44201,Ozone,87,35620,"New York-Newark-Jersey City, NY-NJ-PA",36,New York,61,New York,40.81976,-73.94825
10/11/2016,AQS,1,0.023,ppm,21,CCNY,17,100,44201,Ozone,87,35620,"New York-Newark-Jersey City, NY-NJ-PA",36,New York,61,New York,40.81976,-73.94825
10/12/2016,AQS,1,0.027,ppm,25,CCNY,17,100,44201,Ozone,87,35620,"New York-Newark-Jersey City, NY-NJ-PA",36,New York,61,New York,40.81976,-73.94825
10/13/2016,AQS,1,0.021,ppm,19,CCNY,17,100,44201,Ozone,87,35620,"New York-Newark-Jersey City, NY-NJ-PA",36,New York,61,New York,40.81976,-73.94825
10/14/2016,AQS,1,0.027,ppm,25,CCNY,17,100,44201,Ozone,87,35620,"New York-Newark-Jersey City, NY-NJ-PA",36,New York,61,New York,40.81976,-73.94825
10/15/2016,AQS,1,0.035,ppm,32,CCNY,15,88,44201,Ozone,87,35620,"New York-Newark-Jersey City, NY-NJ-PA",36,New York,61,New York,40.81976,-73.94825
10/16/2016,AQS,1,0.033,ppm,31,CCNY,17,100,44201,Ozone,87,35620,"New York-Newark-Jersey City, NY-NJ-PA",36,New York,61,New York,40.81976,-73.94825
10/17/2016,AQS,1,0.029,ppm,27,CCNY,17,100,44201,Ozone,87,35620,"New York-Newark-Jersey City, NY-NJ-PA",36,New York,61,New York,40.81976,-73.94825
10/18/2016,AQS,1,0.03,ppm,28,CCNY,17,100,44201,Ozone,87,35620,"New York-Newark-Jersey City, NY-NJ-PA",36,New York,61,New York,40.81976,-73.94825
10/19/2016,AQS,1,0.037,ppm,34,CCNY,13,76,44201,Ozone,87,35620,"New York-Newark-Jersey City, NY-NJ-PA",36,New York,61,New York,40.81976,-73.94825
10/20/2016,AQS,1,0.025,ppm,23,CCNY,17,100,44201,Ozone,87,35620,"New York-Newark-Jersey City, NY-NJ-PA",36,New York,61,New York,40.81976,-73.94825
10/21/2016,AQS,1,0.011,ppm,10,CCNY,17,100,44201,Ozone,87,35620,"New York-Newark-Jersey City, NY-NJ-PA",36,New York,61,New York,40.81976,-73.94825
10/22/2016,AQS,1,0.021,ppm,19,CCNY,17,100,44201,Ozone,87,35620,"New York-Newark-Jersey City, NY-NJ-PA",36,New York,61,New York,40.81976,-73.94825
10/23/2016,AQS,1,0.032,ppm,30,CCNY,17,100,44201,Ozone,87,35620,"New York-Newark-Jersey City, NY-NJ-PA",36,New York,61,New York,40.81976,-73.94825
10/24/2016,AQS,1,0.031,ppm,29,CCNY,17,100,44201,Ozone,87,35620,"New York-Newark-Jersey City, NY-NJ-PA",36,New York,61,New York,40.81976,-73.94825
10/25/2016,AQS,1,0.023,ppm,21,CCNY,17,100,44201,Ozone,87,35620,"New York-Newark-Jersey City, NY-NJ-PA",36,New York,61,New York,40.81976,-73.94825
10/26/2016,AQS,1,0.025,ppm,23,CCNY,17,100,44201,Ozone,87,35620,"New York-Newark-Jersey City, NY-NJ-PA",36,New York,61,New York,40.81976,-73.94825
10/27/2016,AQS,1,0.011,ppm,10,CCNY,17,100,44201,Ozone,87,35620,"New York-Newark-Jersey City, NY-NJ-PA",36,New York,61,New York,40.81976,-73.94825
10/28/2016,AQS,1,0.023,ppm,21,CCNY,17,100,44201,Ozone,87,35620,"New York-Newark-Jersey City, NY-NJ-PA",36,New York,61,New York,40.81976,-73.94825
10/29/2016,AQS,1,0.02,ppm,19,CCNY,17,100,44201,Ozone,87,35620,"New York-Newark-Jersey City, NY-NJ-PA",36,New York,61,New York,40.81976,-73.94825
10/30/2016,AQS,1,0.03,ppm,28,CCNY,17,100,44201,Ozone,87,35620,"New York-Newark-Jersey City, NY-NJ-PA",36,New York,61,New York,40.81976,-73.94825
10/31/2016,AQS,1,0.024,ppm,22,CCNY,17,100,44201,Ozone,87,35620,"New York-Newark-Jersey City, NY-NJ-PA",36,New York,61,New York,40.81976,-73.94825
11/01/2016,AQS,1,0.022,ppm,20,CCNY,17,100,44201,Ozone,87,35620,"New York-Newark-Jersey City, NY-NJ-PA",36,New York,61,New York,40.81976,-73.94825
11/02/2016,AQS,1,0.013,ppm,12,CCNY,17,100,44201,Ozone,87,35620,"New York-Newark-Jersey City, NY-NJ-PA",36,New York,61,New York,40.81976,-73.94825
11/03/2016,AQS,1,0.027,ppm,25,CCNY,17,100,44201,Ozone,87,35620,"New York-Newark-Jersey City, NY-NJ-PA",36,New York,61,New York,40.81976,-73.94825
11/09/2016,AQS,1,0.017,ppm,16,CCNY,17,100,44201,Ozone,87,35620,"New York-Newark-Jersey City, NY-NJ-PA",36,New York,61,New York,40.81976,-73.94825
11/10/2016,AQS,1,0.017,ppm,16,CCNY,13,76,44201,Ozone,87,35620,"New York-Newark-Jersey City, NY-NJ-PA",36,New York,61,New York,40.81976,-73.94825
11/11/2016,AQS,1,0.026,ppm,24,CCNY,17,100,44201,Ozone,87,35620,"New York-Newark-Jersey City, NY-NJ-PA",36,New York,61,New York,40.81976,-73.94825
11/12/2016,AQS,1,0.031,ppm,29,CCNY,17,100,44201,Ozone,87,35620,"New York-Newark-Jersey City, NY-NJ-PA",36,New York,61,New York,40.81976,-73.94825
11/13/2016,AQS,1,0.029,ppm,27,CCNY,17,100,44201,Ozone,87,35620,"New York-Newark-Jersey City, NY-NJ-PA",36,New York,61,New York,40.81976,-73.94825
11/14/2016,AQS,1,0.012,ppm,11,CCNY,17,100,44201,Ozone,87,35620,"New York-Newark-Jersey City, NY-NJ-PA",36,New York,61,New York,40.81976,-73.94825
11/15/2016,AQS,1,0.022,ppm,20,CCNY,17,100,44201,Ozone,87,35620,"New York-Newark-Jersey City, NY-NJ-PA",36,New York,61,New York,40.81976,-73.94825
11/16/2016,AQS,1,0.026,ppm,24,CCNY,17,100,44201,Ozone,87,35620,"New York-Newark-Jersey City, NY-NJ-PA",36,New York,61,New York,40.81976,-73.94825
11/17/2016,AQS,1,0.024,ppm,22,CCNY,17,100,44201,Ozone,87,35620,"New York-Newark-Jersey City, NY-NJ-PA",36,New York,61,New York,40.81976,-73.94825
11/18/2016,AQS,1,0.014,ppm,13,CCNY,17,100,44201,Ozone,87,35620,"New York-Newark-Jersey City, NY-NJ-PA",36,New York,61,New York,40.81976,-73.94825
11/19/2016,AQS,1,0.02,ppm,19,CCNY,14,82,44201,Ozone,87,35620,"New York-Newark-Jersey City, NY-NJ-PA",36,New York,61,New York,40.81976,-73.94825
11/20/2016,AQS,1,0.033,ppm,31,CCNY,17,100,44201,Ozone,87,35620,"New York-Newark-Jersey City, NY-NJ-PA",36,New York,61,New York,40.81976,-73.94825
11/21/2016,AQS,1,0.033,ppm,31,CCNY,17,100,44201,Ozone,87,35620,"New York-Newark-Jersey City, NY-NJ-PA",36,New York,61,New York,40.81976,-73.94825
11/22/2016,AQS,1,0.031,ppm,29,CCNY,17,100,44201,Ozone,87,35620,"New York-Newark-Jersey City, NY-NJ-PA",36,New York,61,New York,40.81976,-73.94825
11/23/2016,AQS,1,0.027,ppm,25,CCNY,17,100,44201,Ozone,87,35620,"New York-Newark-Jersey City, NY-NJ-PA",36,New York,61,New York,40.81976,-73.94825
11/24/2016,AQS,1,0.011,ppm,10,CCNY,17,100,44201,Ozone,87,35620,"New York-Newark-Jersey City, NY-NJ-PA",36,New York,61,New York,40.81976,-73.94825
11/25/2016,AQS,1,0.003,ppm,3,CCNY,17,100,44201,Ozone,87,35620,"New York-Newark-Jersey City, NY-NJ-PA",36,New York,61,New York,40.81976,-73.94825
11/26/2016,AQS,1,0.015,ppm,14,CCNY,17,100,44201,Ozone,87,35620,"New York-Newark-Jersey City, NY-NJ-PA",36,New York,61,New York,40.81976,-73.94825
11/27/2016,AQS,1,0.023,ppm,21,CCNY,17,100,44201,Ozone,87,35620,"New York-Newark-Jersey City, NY-NJ-PA",36,New York,61,New York,40.81976,-73.94825
11/28/2016,AQS,1,0.022,ppm,20,CCNY,17,100,44201,Ozone,87,35620,"New York-Newark-Jersey City, NY-NJ-PA",36,New York,61,New York,40.81976,-73.94825
11/29/2016,AQS,1,0.022,ppm,20,CCNY,17,100,44201,Ozone,87,35620,"New York-Newark-Jersey City, NY-NJ-PA",36,New York,61,New York,40.81976,-73.94825
11/30/2016,AQS,1,0.018,ppm,17,CCNY,17,100,44201,Ozone,87,35620,"New York-Newark-Jersey City, NY-NJ-PA",36,New York,61,New York,40.81976,-73.94825
12/01/2016,AQS,1,0.022,ppm,20,CCNY,17,100,44201,Ozone,87,35620,"New York-Newark-Jersey City, NY-NJ-PA",36,New York,61,New York,40.81976,-73.94825
12/02/2016,AQS,1,0.018,ppm,17,CCNY,17,100,44201,Ozone,87,35620,"New York-Newark-Jersey City, NY-NJ-PA",36,New York,61,New York,40.81976,-73.94825
12/03/2016,AQS,1,0.029,ppm,27,CCNY,17,100,44201,Ozone,87,35620,"New York-Newark-Jersey City, NY-NJ-PA",36,New York,61,New York,40.81976,-73.94825
12/04/2016,AQS,1,0.031,ppm,29,CCNY,17,100,44201,Ozone,87,35620,"New York-Newark-Jersey City, NY-NJ-PA",36,New York,61,New York,40.81976,-73.94825
12/05/2016,AQS,1,0.016,ppm,15,CCNY,17,100,44201,Ozone,87,35620,"New York-Newark-Jersey City, NY-NJ-PA",36,New York,61,New York,40.81976,-73.94825
12/06/2016,AQS,1,0.015,ppm,14,CCNY,17,100,44201,Ozone,87,35620,"New York-Newark-Jersey City, NY-NJ-PA",36,New York,61,New York,40.81976,-73.94825
12/07/2016,AQS,1,0.007,ppm,6,CCNY,17,100,44201,Ozone,87,35620,"New York-Newark-Jersey City, NY-NJ-PA",36,New York,61,New York,40.81976,-73.94825
12/08/2016,AQS,1,0.013,ppm,12,CCNY,17,100,44201,Ozone,87,35620,"New York-Newark-Jersey City, NY-NJ-PA",36,New York,61,New York,40.81976,-73.94825
12/09/2016,AQS,1,0.027,ppm,25,CCNY,17,100,44201,Ozone,87,35620,"New York-Newark-Jersey City, NY-NJ-PA",36,New York,61,New York,40.81976,-73.94825
12/10/2016,AQS,1,0.021,ppm,19,CCNY,17,100,44201,Ozone,87,35620,"New York-Newark-Jersey City, NY-NJ-PA",36,New York,61,New York,40.81976,-73.94825
12/11/2016,AQS,1,0.015,ppm,14,CCNY,17,100,44201,Ozone,87,35620,"New York-Newark-Jersey City, NY-NJ-PA",36,New York,61,New York,40.81976,-73.94825
12/12/2016,AQS,1,0.011,ppm,10,CCNY,17,100,44201,Ozone,87,35620,"New York-Newark-Jersey City, NY-NJ-PA",36,New York,61,New York,40.81976,-73.94825
12/13/2016,AQS,1,0.012,ppm,11,CCNY,17,100,44201,Ozone,87,35620,"New York-Newark-Jersey City, NY-NJ-PA",36,New York,61,New York,40.81976,-73.94825
12/14/2016,AQS,1,0.023,ppm,21,CCNY,17,100,44201,Ozone,87,35620,"New York-Newark-Jersey City, NY-NJ-PA",36,New York,61,New York,40.81976,-73.94825
12/15/2016,AQS,1,0.031,ppm,29,CCNY,17,100,44201,Ozone,87,35620,"New York-Newark-Jersey City, NY-NJ-PA",36,New York,61,New York,40.81976,-73.94825
12/16/2016,AQS,1,0.017,ppm,16,CCNY,17,100,44201,Ozone,87,35620,"New York-Newark-Jersey City, NY-NJ-PA",36,New York,61,New York,40.81976,-73.94825
12/17/2016,AQS,1,0.002,ppm,2,CCNY,17,100,44201,Ozone,87,35620,"New York-Newark-Jersey City, NY-NJ-PA",36,New York,61,New York,40.81976,-73.94825
12/18/2016,AQS,1,0.024,ppm,22,CCNY,17,100,44201,Ozone,87,35620,"New York-Newark-Jersey City, NY-NJ-PA",36,New York,61,New York,40.81976,-73.94825
12/19/2016,AQS,1,0.028,ppm,26,CCNY,17,100,44201,Ozone,87,35620,"New York-Newark-Jersey City, NY-NJ-PA",36,New York,61,New York,40.81976,-73.94825
12/20/2016,AQS,1,0.013,ppm,12,CCNY,17,100,44201,Ozone,87,35620,"New York-Newark-Jersey City, NY-NJ-PA",36,New York,61,New York,40.81976,-73.94825
12/21/2016,AQS,1,0.008,ppm,7,CCNY,17,100,44201,Ozone,87,35620,"New York-Newark-Jersey City, NY-NJ-PA",36,New York,61,New York,40.81976,-73.94825
12/22/2016,AQS,1,0.023,ppm,21,CCNY,17,100,44201,Ozone,87,35620,"New York-Newark-Jersey City, NY-NJ-PA",36,New York,61,New York,40.81976,-73.94825
12/23/2016,AQS,1,0.021,ppm,19,CCNY,17,100,44201,Ozone,87,35620,"New York-Newark-Jersey City, NY-NJ-PA",36,New York,61,New York,40.81976,-73.94825
12/24/2016,AQS,1,0.026,ppm,24,CCNY,17,100,44201,Ozone,87,35620,"New York-Newark-Jersey City, NY-NJ-PA",36,New York,61,New York,40.81976,-73.94825
12/25/2016,AQS,1,0.028,ppm,26,CCNY,17,100,44201,Ozone,87,35620,"New York-Newark-Jersey City, NY-NJ-PA",36,New York,61,New York,40.81976,-73.94825
12/26/2016,AQS,1,0.021,ppm,19,CCNY,17,100,44201,Ozone,87,35620,"New York-Newark-Jersey City, NY-NJ-PA",36,New York,61,New York,40.81976,-73.94825
12/27/2016,AQS,1,0.025,ppm,23,CCNY,17,100,44201,Ozone,87,35620,"New York-Newark-Jersey City, NY-NJ-PA",36,New York,61,New York,40.81976,-73.94825
12/28/2016,AQS,1,0.02,ppm,19,CCNY,17,100,44201,Ozone,87,35620,"New York-Newark-Jersey City, NY-NJ-PA",36,New York,61,New York,40.81976,-73.94825
12/29/2016,AQS,1,0.016,ppm,15,CCNY,17,100,44201,Ozone,87,35620,"New York-Newark-Jersey City, NY-NJ-PA",36,New York,61,New York,40.81976,-73.94825
12/30/2016,AQS,1,0.024,ppm,22,CCNY,17,100,44201,Ozone,87,35620,"New York-Newark-Jersey City, NY-NJ-PA",36,New York,61,New York,40.81976,-73.94825
01/01/2017,AQS,1,0.029,ppm,27,CCNY,17,100,44201,Ozone,87,35620,"New York-Newark-Jersey City, NY-NJ-PA",36,New York,61,New York,40.81976,-73.94825
01/02/2017,AQS,1,0.021,ppm,19,CCNY,17,100,44201,Ozone,87,35620,"New York-Newark-Jersey City, NY-NJ-PA",36,New York,61,New York,40.81976,-73.94825
01/03/2017,AQS,1,0.024,ppm,22,CCNY,17,100,44201,Ozone,87,35620,"New York-Newark-Jersey City, NY-NJ-PA",36,New York,61,New York,40.81976,-73.94825
01/04/2017,AQS,1,0.026,ppm,24,CCNY,17,100,44201,Ozone,87,35620,"New York-Newark-Jersey City, NY-NJ-PA",36,New York,61,New York,40.81976,-73.94825
01/05/2017,AQS,1,0.021,ppm,19,CCNY,17,100,44201,Ozone,87,35620,"New York-Newark-Jersey City, NY-NJ-PA",36,New York,61,New York,40.81976,-73.94825
01/06/2017,AQS,1,0.023,ppm,21,CCNY,17,100,44201,Ozone,87,35620,"New York-Newark-Jersey City, NY-NJ-PA",36,New York,61,New York,40.81976,-73.94825
01/07/2017,AQS,1,0.022,ppm,20,CCNY,17,100,44201,Ozone,87,35620,"New York-Newark-Jersey City, NY-NJ-PA",36,New York,61,New York,40.81976,-73.94825
01/08/2017,AQS,1,0.028,ppm,26,CCNY,17,100,44201,Ozone,87,35620,"New York-Newark-Jersey City, NY-NJ-PA",36,New York,61,New York,40.81976,-73.94825
01/09/2017,AQS,1,0.015,ppm,14,CCNY,17,100,44201,Ozone,87,35620,"New York-Newark-Jersey City, NY-NJ-PA",36,New York,61,New York,40.81976,-73.94825
01/10/2017,AQS,1,0.025,ppm,23,CCNY,17,100,44201,Ozone,87,35620,"New York-Newark-Jersey City, NY-NJ-PA",36,New York,61,New York,40.81976,-73.94825
01/11/2017,AQS,1,0.016,ppm,15,CCNY,17,100,44201,Ozone,87,35620,"New York-Newark-Jersey City, NY-NJ-PA",36,New York,61,New York,40.81976,-73.94825
01/12/2017,AQS,1,0.019,ppm,18,CCNY,17,100,44201,Ozone,87,35620,"New York-Newark-Jersey City, NY-NJ-PA",36,New York,61,New York,40.81976,-73.94825
01/13/2017,AQS,1,0.03,ppm,28,CCNY,17,100,44201,Ozone,87,35620,"New York-Newark-Jersey City, NY-NJ-PA",36,New York,61,New York,40.81976,-73.94825
01/14/2017,AQS,1,0.018,ppm,17,CCNY,17,100,44201,Ozone,87,35620,"New York-Newark-Jersey City, NY-NJ-PA",36,New York,61,New York,40.81976,-73.94825
01/15/2017,AQS,1,0.028,ppm,26,CCNY,17,100,44201,Ozone,87,35620,"New York-Newark-Jersey City, NY-NJ-PA",36,New York,61,New York,40.81976,-73.94825
01/16/2017,AQS,1,0.011,ppm,10,CCNY,17,100,44201,Ozone,87,35620,"New York-Newark-Jersey City, NY-NJ-PA",36,New York,61,New York,40.81976,-73.94825
01/17/2017,AQS,1,0.013,ppm,12,CCNY,17,100,44201,Ozone,87,35620,"New York-Newark-Jersey City, NY-NJ-PA",36,New York,61,New York,40.81976,-73.94825
01/18/2017,AQS,1,0.016,ppm,15,CCNY,17,100,44201,Ozone,87,35620,"New York-Newark-Jersey City, NY-NJ-PA",36,New York,61,New York,40.81976,-73.94825
01/19/2017,AQS,1,0.018,ppm,17,CCNY,17,100,44201,Ozone,87,35620,"New York-Newark-Jersey City, NY-NJ-PA",36,New York,61,New York,40.81976,-73.94825
01/20/2017,AQS,1,0.007,ppm,6,CCNY,17,100,44201,Ozone,87,35620,"New York-Newark-Jersey City, NY-NJ-PA",36,New York,61,New York,40.81976,-73.94825
01/21/2017,AQS,1,0.004,ppm,4,CCNY,17,100,44201,Ozone,87,35620,"New York-Newark-Jersey City, NY-NJ-PA",36,New York,61,New York,40.81976,-73.94825
01/22/2017,AQS,1,0.023,ppm,21,CCNY,17,100,44201,Ozone,87,35620,"New York-Newark-Jersey City, NY-NJ-PA",36,New York,61,New York,40.81976,-73.94825
01/23/2017,AQS,1,0.029,ppm,27,CCNY,17,100,44201,Ozone,87,35620,"New York-Newark-Jersey City, NY-NJ-PA",36,New York,61,New York,40.81976,-73.94825
01/24/2017,AQS,1,0.029,ppm,27,CCNY,17,100,44201,Ozone,87,35620,"New York-Newark-Jersey City, NY-NJ-PA",36,New York,61,New York,40.81976,-73.94825
01/26/2017,AQS,1,0.019,ppm,18,CCNY,17,100,44201,Ozone,87,35620,"New York-Newark-Jersey City, NY-NJ-PA",36,New York,61,New York,40.81976,-73.94825
01/27/2017,AQS,1,0.021,ppm,19,CCNY,17,100,44201,Ozone,87,35620,"New York-Newark-Jersey City, NY-NJ-PA",36,New York,61,New York,40.81976,-73.94825
01/31/2017,AQS,1,0.014,ppm,13,CCNY,17,100,44201,Ozone,87,35620,"New York-Newark-Jersey City, NY-NJ-PA",36,New York,61,New York,40.81976,-73.94825
02/01/2017,AQS,1,0.024,ppm,22,CCNY,17,100,44201,Ozone,87,35620,"New York-Newark-Jersey City, NY-NJ-PA",36,New York,61,New York,40.81976,-73.94825
02/02/2017,AQS,1,0.028,ppm,26,CCNY,17,100,44201,Ozone,87,35620,"New York-Newark-Jersey City, NY-NJ-PA",36,New York,61,New York,40.81976,-73.94825
02/03/2017,AQS,1,0.03,ppm,28,CCNY,17,100,44201,Ozone,87,35620,"New York-Newark-Jersey City, NY-NJ-PA",36,New York,61,New York,40.81976,-73.94825
02/04/2017,AQS,1,0.031,ppm,29,CCNY,17,100,44201,Ozone,87,35620,"New York-Newark-Jersey City, NY-NJ-PA",36,New York,61,New York,40.81976,-73.94825
02/05/2017,AQS,1,0.022,ppm,20,CCNY,17,100,44201,Ozone,87,35620,"New York-Newark-Jersey City, NY-NJ-PA",36,New York,61,New York,40.81976,-73.94825
02/06/2017,AQS,1,0.027,ppm,25,CCNY,17,100,44201,Ozone,87,35620,"New York-Newark-Jersey City, NY-NJ-PA",36,New York,61,New York,40.81976,-73.94825
02/09/2017,AQS,1,0.034,ppm,31,CCNY,17,100,44201,Ozone,87,35620,"New York-Newark-Jersey City, NY-NJ-PA",36,New York,61,New York,40.81976,-73.94825
02/10/2017,AQS,1,0.03,ppm,28,CCNY,17,100,44201,Ozone,87,35620,"New York-Newark-Jersey City, NY-NJ-PA",36,New York,61,New York,40.81976,-73.94825
02/11/2017,AQS,1,0.011,ppm,10,CCNY,17,100,44201,Ozone,87,35620,"New York-Newark-Jersey City, NY-NJ-PA",36,New York,61,New York,40.81976,-73.94825
02/12/2017,AQS,1,0.022,ppm,20,CCNY,17,100,44201,Ozone,87,35620,"New York-Newark-Jersey City, NY-NJ-PA",36,New York,61,New York,40.81976,-73.94825
02/13/2017,AQS,1,0.028,ppm,26,CCNY,17,100,44201,Ozone,87,35620,"New York-Newark-Jersey City, NY-NJ-PA",36,New York,61,New York,40.81976,-73.94825
02/14/2017,AQS,1,0.022,ppm,20,CCNY,17,100,44201,Ozone,87,35620,"New York-Newark-Jersey City, NY-NJ-PA",36,New York,61,New York,40.81976,-73.94825
02/15/2017,AQS,1,0.032,ppm,30,CCNY,17,100,44201,Ozone,87,35620,"New York-Newark-Jersey City, NY-NJ-PA",36,New York,61,New York,40.81976,-73.94825
02/16/2017,AQS,1,0.028,ppm,26,CCNY,17,100,44201,Ozone,87,35620,"New York-Newark-Jersey City, NY-NJ-PA",36,New York,61,New York,40.81976,-73.94825
02/17/2017,AQS,1,0.032,ppm,30,CCNY,17,100,44201,Ozone,87,35620,"New York-Newark-Jersey City, NY-NJ-PA",36,New York,61,New York,40.81976,-73.94825
02/18/2017,AQS,1,0.027,ppm,25,CCNY,17,100,44201,Ozone,87,35620,"New York-Newark-Jersey City, NY-NJ-PA",36,New York,61,New York,40.81976,-73.94825
02/19/2017,AQS,1,0.043,ppm,40,CCNY,17,100,44201,Ozone,87,35620,"New York-Newark-Jersey City, NY-NJ-PA",36,New York,61,New York,40.81976,-73.94825
02/20/2017,AQS,1,0.036,ppm,33,CCNY,17,100,44201,Ozone,87,35620,"New York-Newark-Jersey City, NY-NJ-PA",36,New York,61,New York,40.81976,-73.94825
02/21/2017,AQS,1,0.032,ppm,30,CCNY,17,100,44201,Ozone,87,35620,"New York-Newark-Jersey City, NY-NJ-PA",36,New York,61,New York,40.81976,-73.94825
02/22/2017,AQS,1,0.007,ppm,6,CCNY,17,100,44201,Ozone,87,35620,"New York-Newark-Jersey City, NY-NJ-PA",36,New York,61,New York,40.81976,-73.94825
02/23/2017,AQS,1,0.01,ppm,9,CCNY,17,100,44201,Ozone,87,35620,"New York-Newark-Jersey City, NY-NJ-PA",36,New York,61,New York,40.81976,-73.94825
02/24/2017,AQS,1,0.028,ppm,26,CCNY,17,100,44201,Ozone,87,35620,"New York-Newark-Jersey City, NY-NJ-PA",36,New York,61,New York,40.81976,-73.94825
02/25/2017,AQS,1,0.034,ppm,31,CCNY,17,100,44201,Ozone,87,35620,"New York-Newark-Jersey City, NY-NJ-PA",36,New York,61,New York,40.81976,-73.94825
02/26/2017,AQS,1,0.034,ppm,31,CCNY,17,100,44201,Ozone,87,35620,"New York-Newark-Jersey City, NY-NJ-PA",36,New York,61,New York,40.81976,-73.94825
02/27/2017,AQS,1,0.021,ppm,19,CCNY,17,100,44201,Ozone,87,35620,"New York-Newark-Jersey City, NY-NJ-PA",36,New York,61,New York,40.81976,-73.94825
02/28/2017,AQS,1,0.022,ppm,20,CCNY,17,100,44201,Ozone,87,35620,"New York-Newark-Jersey City, NY-NJ-PA",36,New York,61,New York,40.81976,-73.94825
03/02/2017,AQS,1,0.041,ppm,38,CCNY,17,100,44201,Ozone,87,35620,"New York-Newark-Jersey City, NY-NJ-PA",36,New York,61,New York,40.81976,-73.94825
03/03/2017,AQS,1,0.035,ppm,32,CCNY,17,100,44201,Ozone,87,35620,"New York-Newark-Jersey City, NY-NJ-PA",36,New York,61,New York,40.81976,-73.94825
03/04/2017,AQS,1,0.035,ppm,32,CCNY,17,100,44201,Ozone,87,35620,"New York-Newark-Jersey City, NY-NJ-PA",36,New York,61,New York,40.81976,-73.94825
03/05/2017,AQS,1,0.034,ppm,31,CCNY,17,100,44201,Ozone,87,35620,"New York-Newark-Jersey City, NY-NJ-PA",36,New York,61,New York,40.81976,-73.94825
03/06/2017,AQS,1,0.02,ppm,19,CCNY,17,100,44201,Ozone,87,35620,"New York-Newark-Jersey City, NY-NJ-PA",36,New York,61,New York,40.81976,-73.94825
03/07/2017,AQS,1,0.016,ppm,15,CCNY,17,100,44201,Ozone,87,35620,"New York-Newark-Jersey City, NY-NJ-PA",36,New York,61,New York,40.81976,-73.94825
03/08/2017,AQS,1,0.042,ppm,39,CCNY,17,100,44201,Ozone,87,35620,"New York-Newark-Jersey City, NY-NJ-PA",36,New York,61,New York,40.81976,-73.94825
03/10/2017,AQS,1,0.034,ppm,31,CCNY,17,100,44201,Ozone,87,35620,"New York-Newark-Jersey City, NY-NJ-PA",36,New York,61,New York,40.81976,-73.94825
03/11/2017,AQS,1,0.036,ppm,33,CCNY,17,100,44201,Ozone,87,35620,"New York-Newark-Jersey City, NY-NJ-PA",36,New York,61,New York,40.81976,-73.94825
03/12/2017,AQS,1,0.034,ppm,31,CCNY,17,100,44201,Ozone,87,35620,"New York-Newark-Jersey City, NY-NJ-PA",36,New York,61,New York,40.81976,-73.94825
03/13/2017,AQS,1,0.029,ppm,27,CCNY,16,94,44201,Ozone,87,35620,"New York-Newark-Jersey City, NY-NJ-PA",36,New York,61,New York,40.81976,-73.94825
03/14/2017,AQS,1,0.029,ppm,27,CCNY,17,100,44201,Ozone,87,35620,"New York-Newark-Jersey City, NY-NJ-PA",36,New York,61,New York,40.81976,-73.94825
03/15/2017,AQS,1,0.035,ppm,32,CCNY,17,100,44201,Ozone,87,35620,"New York-Newark-Jersey City, NY-NJ-PA",36,New York,61,New York,40.81976,-73.94825
03/16/2017,AQS,1,0.044,ppm,41,CCNY,17,100,44201,Ozone,87,35620,"New York-Newark-Jersey City, NY-NJ-PA",36,New York,61,New York,40.81976,-73.94825
03/17/2017,AQS,1,0.041,ppm,38,CCNY,17,100,44201,Ozone,87,35620,"New York-Newark-Jersey City, NY-NJ-PA",36,New York,61,New York,40.81976,-73.94825
03/18/2017,AQS,1,0.039,ppm,36,CCNY,17,100,44201,Ozone,87,35620,"New York-Newark-Jersey City, NY-NJ-PA",36,New York,61,New York,40.81976,-73.94825
03/19/2017,AQS,1,0.045,ppm,42,CCNY,17,100,44201,Ozone,87,35620,"New York-Newark-Jersey City, NY-NJ-PA",36,New York,61,New York,40.81976,-73.94825
03/21/2017,AQS,1,0.044,ppm,41,CCNY,17,100,44201,Ozone,87,35620,"New York-Newark-Jersey City, NY-NJ-PA",36,New York,61,New York,40.81976,-73.94825
03/22/2017,AQS,1,0.039,ppm,36,CCNY,17,100,44201,Ozone,87,35620,"New York-Newark-Jersey City, NY-NJ-PA",36,New York,61,New York,40.81976,-73.94825
03/23/2017,AQS,1,0.038,ppm,35,CCNY,17,100,44201,Ozone,87,35620,"New York-Newark-Jersey City, NY-NJ-PA",36,New York,61,New York,40.81976,-73.94825
03/24/2017,AQS,1,0.03,ppm,28,CCNY,17,100,44201,Ozone,87,35620,"New York-Newark-Jersey City, NY-NJ-PA",36,New York,61,New York,40.81976,-73.94825
03/25/2017,AQS,1,0.029,ppm,27,CCNY,17,100,44201,Ozone,87,35620,"New York-Newark-Jersey City, NY-NJ-PA",36,New York,61,New York,40.81976,-73.94825
03/26/2017,AQS,1,0.032,ppm,30,CCNY,17,100,44201,Ozone,87,35620,"New York-Newark-Jersey City, NY-NJ-PA",36,New York,61,New York,40.81976,-73.94825
03/27/2017,AQS,1,0.007,ppm,6,CCNY,17,100,44201,Ozone,87,35620,"New York-Newark-Jersey City, NY-NJ-PA",36,New York,61,New York,40.81976,-73.94825
03/28/2017,AQS,1,0.019,ppm,18,CCNY,17,100,44201,Ozone,87,35620,"New York-Newark-Jersey City, NY-NJ-PA",36,New York,61,New York,40.81976,-73.94825
03/29/2017,AQS,1,0.036,ppm,33,CCNY,17,100,44201,Ozone,87,35620,"New York-Newark-Jersey City, NY-NJ-PA",36,New York,61,New York,40.81976,-73.94825
03/30/2017,AQS,1,0.032,ppm,30,CCNY,17,100,44201,Ozone,87,35620,"New York-Newark-Jersey City, NY-NJ-PA",36,New York,61,New York,40.81976,-73.94825
03/31/2017,AQS,1,0.037,ppm,34,CCNY,17,100,44201,Ozone,87,35620,"New York-Newark-Jersey City, NY-NJ-PA",36,New York,61,New York,40.81976,-73.94825
04/01/2017,AQS,1,0.035,ppm,32,CCNY,17,100,44201,Ozone,87,35620,"New York-Newark-Jersey City, NY-NJ-PA",36,New York,61,New York,40.81976,-73.94825
04/02/2017,AQS,1,0.039,ppm,36,CCNY,17,100,44201,Ozone,87,35620,"New York-Newark-Jersey City, NY-NJ-PA",36,New York,61,New York,40.81976,-73.94825
04/03/2017,AQS,1,0.041,ppm,38,CCNY,17,100,44201,Ozone,87,35620,"New York-Newark-Jersey City, NY-NJ-PA",36,New York,61,New York,40.81976,-73.94825
04/04/2017,AQS,1,0.029,ppm,27,CCNY,17,100,44201,Ozone,87,35620,"New York-Newark-Jersey City, NY-NJ-PA",36,New York,61,New York,40.81976,-73.94825
04/05/2017,AQS,1,0.032,ppm,30,CCNY,17,100,44201,Ozone,87,35620,"New York-Newark-Jersey City, NY-NJ-PA",36,New York,61,New York,40.81976,-73.94825
04/06/2017,AQS,1,0.029,ppm,27,CCNY,13,76,44201,Ozone,87,35620,"New York-Newark-Jersey City, NY-NJ-PA",36,New York,61,New York,40.81976,-73.94825
04/10/2017,AQS,1,0.042,ppm,39,CCNY,15,88,44201,Ozone,87,35620,"New York-Newark-Jersey City, NY-NJ-PA",36,New York,61,New York,40.81976,-73.94825
04/11/2017,AQS,1,0.037,ppm,34,CCNY,17,100,44201,Ozone,87,35620,"New York-Newark-Jersey City, NY-NJ-PA",36,New York,61,New York,40.81976,-73.94825
04/12/2017,AQS,1,0.041,ppm,38,CCNY,17,100,44201,Ozone,87,35620,"New York-Newark-Jersey City, NY-NJ-PA",36,New York,61,New York,40.81976,-73.94825
04/14/2017,AQS,1,0.041,ppm,38,CCNY,17,100,44201,Ozone,87,35620,"New York-Newark-Jersey City, NY-NJ-PA",36,New York,61,New York,40.81976,-73.94825
04/15/2017,AQS,1,0.041,ppm,38,CCNY,17,100,44201,Ozone,87,35620,"New York-Newark-Jersey City, NY-NJ-PA",36,New York,61,New York,40.81976,-73.94825
04/16/2017,AQS,1,0.051,ppm,47,CCNY,17,100,44201,Ozone,87,35620,"New York-Newark-Jersey City, NY-NJ-PA",36,New York,61,New York,40.81976,-73.94825
04/17/2017,AQS,1,0.04,ppm,37,CCNY,17,100,44201,Ozone,87,35620,"New York-Newark-Jersey City, NY-NJ-PA",36,New York,61,New York,40.81976,-73.94825
04/18/2017,AQS,1,0.04,ppm,37,CCNY,17,100,44201,Ozone,87,35620,"New York-Newark-Jersey City, NY-NJ-PA",36,New York,61,New York,40.81976,-73.94825
04/19/2017,AQS,1,0.034,ppm,31,CCNY,17,100,44201,Ozone,87,35620,"New York-Newark-Jersey City, NY-NJ-PA",36,New York,61,New York,40.81976,-73.94825
04/21/2017,AQS,1,0.035,ppm,32,CCNY,17,100,44201,Ozone,87,35620,"New York-Newark-Jersey City, NY-NJ-PA",36,New York,61,New York,40.81976,-73.94825
04/22/2017,AQS,1,0.022,ppm,20,CCNY,17,100,44201,Ozone,87,35620,"New York-Newark-Jersey City, NY-NJ-PA",36,New York,61,New York,40.81976,-73.94825
04/23/2017,AQS,1,0.033,ppm,31,CCNY,17,100,44201,Ozone,87,35620,"New York-Newark-Jersey City, NY-NJ-PA",36,New York,61,New York,40.81976,-73.94825
04/24/2017,AQS,1,0.029,ppm,27,CCNY,17,100,44201,Ozone,87,35620,"New York-Newark-Jersey City, NY-NJ-PA",36,New York,61,New York,40.81976,-73.94825
04/25/2017,AQS,1,0.034,ppm,31,CCNY,17,100,44201,Ozone,87,35620,"New York-Newark-Jersey City, NY-NJ-PA",36,New York,61,New York,40.81976,-73.94825
04/26/2017,AQS,1,0.012,ppm,11,CCNY,13,76,44201,Ozone,87,35620,"New York-Newark-Jersey City, NY-NJ-PA",36,New York,61,New York,40.81976,-73.94825
04/27/2017,AQS,1,0.033,ppm,31,CCNY,17,100,44201,Ozone,87,35620,"New York-Newark-Jersey City, NY-NJ-PA",36,New York,61,New York,40.81976,-73.94825
04/28/2017,AQS,1,0.045,ppm,42,CCNY,17,100,44201,Ozone,87,35620,"New York-Newark-Jersey City, NY-NJ-PA",36,New York,61,New York,40.81976,-73.94825
04/29/2017,AQS,1,0.047,ppm,44,CCNY,17,100,44201,Ozone,87,35620,"New York-Newark-Jersey City, NY-NJ-PA",36,New York,61,New York,40.81976,-73.94825
04/30/2017,AQS,1,0.036,ppm,33,CCNY,17,100,44201,Ozone,87,35620,"New York-Newark-Jersey City, NY-NJ-PA",36,New York,61,New York,40.81976,-73.94825
05/01/2017,AQS,1,0.018,ppm,17,CCNY,17,100,44201,Ozone,87,35620,"New York-Newark-Jersey City, NY-NJ-PA",36,New York,61,New York,40.81976,-73.94825
05/02/2017,AQS,1,0.048,ppm,44,CCNY,17,100,44201,Ozone,87,35620,"New York-Newark-Jersey City, NY-NJ-PA",36,New York,61,New York,40.81976,-73.94825
05/03/2017,AQS,1,0.037,ppm,34,CCNY,17,100,44201,Ozone,87,35620,"New York-Newark-Jersey City, NY-NJ-PA",36,New York,61,New York,40.81976,-73.94825
05/04/2017,AQS,1,0.042,ppm,39,CCNY,17,100,44201,Ozone,87,35620,"New York-Newark-Jersey City, NY-NJ-PA",36,New York,61,New York,40.81976,-73.94825
05/05/2017,AQS,1,0.036,ppm,33,CCNY,17,100,44201,Ozone,87,35620,"New York-Newark-Jersey City, NY-NJ-PA",36,New York,61,New York,40.81976,-73.94825
05/06/2017,AQS,1,0.036,ppm,33,CCNY,17,100,44201,Ozone,87,35620,"New York-Newark-Jersey City, NY-NJ-PA",36,New York,61,New York,40.81976,-73.94825
05/07/2017,AQS,1,0.03,ppm,28,CCNY,17,100,44201,Ozone,87,35620,"New York-Newark-Jersey City, NY-NJ-PA",36,New York,61,New York,40.81976,-73.94825
05/08/2017,AQS,1,0.034,ppm,31,CCNY,17,100,44201,Ozone,87,35620,"New York-Newark-Jersey City, NY-NJ-PA",36,New York,61,New York,40.81976,-73.94825
05/09/2017,AQS,1,0.039,ppm,36,CCNY,17,100,44201,Ozone,87,35620,"New York-Newark-Jersey City, NY-NJ-PA",36,New York,61,New York,40.81976,-73.94825
05/10/2017,AQS,1,0.037,ppm,34,CCNY,17,100,44201,Ozone,87,35620,"New York-Newark-Jersey City, NY-NJ-PA",36,New York,61,New York,40.81976,-73.94825
05/11/2017,AQS,1,0.035,ppm,32,CCNY,17,100,44201,Ozone,87,35620,"New York-Newark-Jersey City, NY-NJ-PA",36,New York,61,New York,40.81976,-73.94825
05/12/2017,AQS,1,0.035,ppm,32,CCNY,17,100,44201,Ozone,87,35620,"New York-Newark-Jersey City, NY-NJ-PA",36,New York,61,New York,40.81976,-73.94825
05/13/2017,AQS,1,0.033,ppm,31,CCNY,17,100,44201,Ozone,87,35620,"New York-Newark-Jersey City, NY-NJ-PA",36,New York,61,New York,40.81976,-73.94825
05/14/2017,AQS,1,0.041,ppm,38,CCNY,17,100,44201,Ozone,87,35620,"New York-Newark-Jersey City, NY-NJ-PA",36,New York,61,New York,40.81976,-73.94825
05/15/2017,AQS,1,0.031,ppm,29,CCNY,17,100,44201,Ozone,87,35620,"New York-Newark-Jersey City, NY-NJ-PA",36,New York,61,New York,40.81976,-73.94825
05/16/2017,AQS,1,0.04,ppm,37,CCNY,17,100,44201,Ozone,87,35620,"New York-Newark-Jersey City, NY-NJ-PA",36,New York,61,New York,40.81976,-73.94825
05/17/2017,AQS,1,0.067,ppm,90,CCNY,17,100,44201,Ozone,87,35620,"New York-Newark-Jersey City, NY-NJ-PA",36,New York,61,New York,40.81976,-73.94825
05/18/2017,AQS,1,0.068,ppm,93,CCNY,17,100,44201,Ozone,87,35620,"New York-Newark-Jersey City, NY-NJ-PA",36,New York,61,New York,40.81976,-73.94825
05/19/2017,AQS,1,0.058,ppm,61,CCNY,17,100,44201,Ozone,87,35620,"New York-Newark-Jersey City, NY-NJ-PA",36,New York,61,New York,40.81976,-73.94825
05/20/2017,AQS,1,0.035,ppm,32,CCNY,17,100,44201,Ozone,87,35620,"New York-Newark-Jersey City, NY-NJ-PA",36,New York,61,New York,40.81976,-73.94825
05/21/2017,AQS,1,0.036,ppm,33,CCNY,17,100,44201,Ozone,87,35620,"New York-Newark-Jersey City, NY-NJ-PA",36,New York,61,New York,40.81976,-73.94825
05/22/2017,AQS,1,0.015,ppm,14,CCNY,17,100,44201,Ozone,87,35620,"New York-Newark-Jersey City, NY-NJ-PA",36,New York,61,New York,40.81976,-73.94825
05/23/2017,AQS,1,0.041,ppm,38,CCNY,17,100,44201,Ozone,87,35620,"New York-Newark-Jersey City, NY-NJ-PA",36,New York,61,New York,40.81976,-73.94825
05/24/2017,AQS,1,0.042,ppm,39,CCNY,17,100,44201,Ozone,87,35620,"New York-Newark-Jersey City, NY-NJ-PA",36,New York,61,New York,40.81976,-73.94825
05/25/2017,AQS,1,0.029,ppm,27,CCNY,17,100,44201,Ozone,87,35620,"New York-Newark-Jersey City, NY-NJ-PA",36,New York,61,New York,40.81976,-73.94825
05/26/2017,AQS,1,0.038,ppm,35,CCNY,17,100,44201,Ozone,87,35620,"New York-Newark-Jersey City, NY-NJ-PA",36,New York,61,New York,40.81976,-73.94825
05/27/2017,AQS,1,0.027,ppm,25,CCNY,17,100,44201,Ozone,87,35620,"New York-Newark-Jersey City, NY-NJ-PA",36,New York,61,New York,40.81976,-73.94825
05/28/2017,AQS,1,0.04,ppm,37,CCNY,17,100,44201,Ozone,87,35620,"New York-Newark-Jersey City, NY-NJ-PA",36,New York,61,New York,40.81976,-73.94825
05/29/2017,AQS,1,0.029,ppm,27,CCNY,17,100,44201,Ozone,87,35620,"New York-Newark-Jersey City, NY-NJ-PA",36,New York,61,New York,40.81976,-73.94825
05/30/2017,AQS,1,0.026,ppm,24,CCNY,17,100,44201,Ozone,87,35620,"New York-Newark-Jersey City, NY-NJ-PA",36,New York,61,New York,40.81976,-73.94825
05/31/2017,AQS,1,0.031,ppm,29,CCNY,17,100,44201,Ozone,87,35620,"New York-Newark-Jersey City, NY-NJ-PA",36,New York,61,New York,40.81976,-73.94825
06/01/2017,AQS,1,0.051,ppm,47,CCNY,17,100,44201,Ozone,87,35620,"New York-Newark-Jersey City, NY-NJ-PA",36,New York,61,New York,40.81976,-73.94825
06/02/2017,AQS,1,0.043,ppm,40,CCNY,17,100,44201,Ozone,87,35620,"New York-Newark-Jersey City, NY-NJ-PA",36,New York,61,New York,40.81976,-73.94825
06/03/2017,AQS,1,0.036,ppm,33,CCNY,15,88,44201,Ozone,87,35620,"New York-Newark-Jersey City, NY-NJ-PA",36,New York,61,New York,40.81976,-73.94825
06/04/2017,AQS,1,0.032,ppm,30,CCNY,17,100,44201,Ozone,87,35620,"New York-Newark-Jersey City, NY-NJ-PA",36,New York,61,New York,40.81976,-73.94825
06/05/2017,AQS,1,0.027,ppm,25,CCNY,17,100,44201,Ozone,87,35620,"New York-Newark-Jersey City, NY-NJ-PA",36,New York,61,New York,40.81976,-73.94825
06/06/2017,AQS,1,0.019,ppm,18,CCNY,17,100,44201,Ozone,87,35620,"New York-Newark-Jersey City, NY-NJ-PA",36,New York,61,New York,40.81976,-73.94825
06/07/2017,AQS,1,0.037,ppm,34,CCNY,17,100,44201,Ozone,87,35620,"New York-Newark-Jersey City, NY-NJ-PA",36,New York,61,New York,40.81976,-73.94825
06/08/2017,AQS,1,0.034,ppm,31,CCNY,17,100,44201,Ozone,87,35620,"New York-Newark-Jersey City, NY-NJ-PA",36,New York,61,New York,40.81976,-73.94825
06/09/2017,AQS,1,0.044,ppm,41,CCNY,17,100,44201,Ozone,87,35620,"New York-Newark-Jersey City, NY-NJ-PA",36,New York,61,New York,40.81976,-73.94825
06/10/2017,AQS,1,0.066,ppm,87,CCNY,17,100,44201,Ozone,87,35620,"New York-Newark-Jersey City, NY-NJ-PA",36,New York,61,New York,40.81976,-73.94825
06/11/2017,AQS,1,0.063,ppm,77,CCNY,17,100,44201,Ozone,87,35620,"New York-Newark-Jersey City, NY-NJ-PA",36,New York,61,New York,40.81976,-73.94825
06/12/2017,AQS,1,0.077,ppm,122,CCNY,17,100,44201,Ozone,87,35620,"New York-Newark-Jersey City, NY-NJ-PA",36,New York,61,New York,40.81976,-73.94825
06/13/2017,AQS,1,0.07,ppm,100,CCNY,17,100,44201,Ozone,87,35620,"New York-Newark-Jersey City, NY-NJ-PA",36,New York,61,New York,40.81976,-73.94825
06/14/2017,AQS,1,0.05,ppm,46,CCNY,17,100,44201,Ozone,87,35620,"New York-Newark-Jersey City, NY-NJ-PA",36,New York,61,New York,40.81976,-73.94825
06/15/2017,AQS,1,0.037,ppm,34,CCNY,17,100,44201,Ozone,87,35620,"New York-Newark-Jersey City, NY-NJ-PA",36,New York,61,New York,40.81976,-73.94825
06/16/2017,AQS,1,0.02,ppm,19,CCNY,17,100,44201,Ozone,87,35620,"New York-Newark-Jersey City, NY-NJ-PA",36,New York,61,New York,40.81976,-73.94825
06/17/2017,AQS,1,0.025,ppm,23,CCNY,17,100,44201,Ozone,87,35620,"New York-Newark-Jersey City, NY-NJ-PA",36,New York,61,New York,40.81976,-73.94825
06/18/2017,AQS,1,0.034,ppm,31,CCNY,17,100,44201,Ozone,87,35620,"New York-Newark-Jersey City, NY-NJ-PA",36,New York,61,New York,40.81976,-73.94825
06/19/2017,AQS,1,0.032,ppm,30,CCNY,17,100,44201,Ozone,87,35620,"New York-Newark-Jersey City, NY-NJ-PA",36,New York,61,New York,40.81976,-73.94825
06/20/2017,AQS,1,0.053,ppm,49,CCNY,17,100,44201,Ozone,87,35620,"New York-Newark-Jersey City, NY-NJ-PA",36,New York,61,New York,40.81976,-73.94825
06/21/2017,AQS,1,0.056,ppm,54,CCNY,17,100,44201,Ozone,87,35620,"New York-Newark-Jersey City, NY-NJ-PA",36,New York,61,New York,40.81976,-73.94825
06/22/2017,AQS,1,0.059,ppm,64,CCNY,17,100,44201,Ozone,87,35620,"New York-Newark-Jersey City, NY-NJ-PA",36,New York,61,New York,40.81976,-73.94825
06/23/2017,AQS,1,0.03,ppm,28,CCNY,17,100,44201,Ozone,87,35620,"New York-Newark-Jersey City, NY-NJ-PA",36,New York,61,New York,40.81976,-73.94825
06/24/2017,AQS,1,0.043,ppm,40,CCNY,17,100,44201,Ozone,87,35620,"New York-Newark-Jersey City, NY-NJ-PA",36,New York,61,New York,40.81976,-73.94825
06/25/2017,AQS,1,0.05,ppm,46,CCNY,17,100,44201,Ozone,87,35620,"New York-Newark-Jersey City, NY-NJ-PA",36,New York,61,New York,40.81976,-73.94825
06/26/2017,AQS,1,0.047,ppm,44,CCNY,17,100,44201,Ozone,87,35620,"New York-Newark-Jersey City, NY-NJ-PA",36,New York,61,New York,40.81976,-73.94825
06/27/2017,AQS,1,0.047,ppm,44,CCNY,17,100,44201,Ozone,87,35620,"New York-Newark-Jersey City, NY-NJ-PA",36,New York,61,New York,40.81976,-73.94825
06/28/2017,AQS,1,0.037,ppm,34,CCNY,17,100,44201,Ozone,87,35620,"New York-Newark-Jersey City, NY-NJ-PA",36,New York,61,New York,40.81976,-73.94825
06/29/2017,AQS,1,0.051,ppm,47,CCNY,17,100,44201,Ozone,87,35620,"New York-Newark-Jersey City, NY-NJ-PA",36,New York,61,New York,40.81976,-73.94825
06/30/2017,AQS,1,0.068,ppm,93,CCNY,17,100,44201,Ozone,87,35620,"New York-Newark-Jersey City, NY-NJ-PA",36,New York,61,New York,40.81976,-73.94825
07/01/2017,AQS,1,0.026,ppm,24,CCNY,17,100,44201,Ozone,87,35620,"New York-Newark-Jersey City, NY-NJ-PA",36,New York,61,New York,40.81976,-73.94825
07/02/2017,AQS,1,0.05,ppm,46,CCNY,17,100,44201,Ozone,87,35620,"New York-Newark-Jersey City, NY-NJ-PA",36,New York,61,New York,40.81976,-73.94825
07/03/2017,AQS,1,0.052,ppm,48,CCNY,17,100,44201,Ozone,87,35620,"New York-Newark-Jersey City, NY-NJ-PA",36,New York,61,New York,40.81976,-73.94825
07/04/2017,AQS,1,0.05,ppm,46,CCNY,17,100,44201,Ozone,87,35620,"New York-Newark-Jersey City, NY-NJ-PA",36,New York,61,New York,40.81976,-73.94825
07/05/2017,AQS,1,0.047,ppm,44,CCNY,17,100,44201,Ozone,87,35620,"New York-Newark-Jersey City, NY-NJ-PA",36,New York,61,New York,40.81976,-73.94825
07/06/2017,AQS,1,0.027,ppm,25,CCNY,17,100,44201,Ozone,87,35620,"New York-Newark-Jersey City, NY-NJ-PA",36,New York,61,New York,40.81976,-73.94825
07/07/2017,AQS,1,0.036,ppm,33,CCNY,17,100,44201,Ozone,87,35620,"New York-Newark-Jersey City, NY-NJ-PA",36,New York,61,New York,40.81976,-73.94825
07/08/2017,AQS,1,0.053,ppm,49,CCNY,17,100,44201,Ozone,87,35620,"New York-Newark-Jersey City, NY-NJ-PA",36,New York,61,New York,40.81976,-73.94825
07/09/2017,AQS,1,0.038,ppm,35,CCNY,17,100,44201,Ozone,87,35620,"New York-Newark-Jersey City, NY-NJ-PA",36,New York,61,New York,40.81976,-73.94825
07/10/2017,AQS,1,0.048,ppm,44,CCNY,17,100,44201,Ozone,87,35620,"New York-Newark-Jersey City, NY-NJ-PA",36,New York,61,New York,40.81976,-73.94825
07/11/2017,AQS,1,0.054,ppm,50,CCNY,17,100,44201,Ozone,87,35620,"New York-Newark-Jersey City, NY-NJ-PA",36,New York,61,New York,40.81976,-73.94825
07/12/2017,AQS,1,0.054,ppm,50,CCNY,17,100,44201,Ozone,87,35620,"New York-Newark-Jersey City, NY-NJ-PA",36,New York,61,New York,40.81976,-73.94825
07/13/2017,AQS,1,0.053,ppm,49,CCNY,17,100,44201,Ozone,87,35620,"New York-Newark-Jersey City, NY-NJ-PA",36,New York,61,New York,40.81976,-73.94825
07/14/2017,AQS,1,0.018,ppm,17,CCNY,17,100,44201,Ozone,87,35620,"New York-Newark-Jersey City, NY-NJ-PA",36,New York,61,New York,40.81976,-73.94825
07/15/2017,AQS,1,0.036,ppm,33,CCNY,17,100,44201,Ozone,87,35620,"New York-Newark-Jersey City, NY-NJ-PA",36,New York,61,New York,40.81976,-73.94825
07/16/2017,AQS,1,0.058,ppm,61,CCNY,17,100,44201,Ozone,87,35620,"New York-Newark-Jersey City, NY-NJ-PA",36,New York,61,New York,40.81976,-73.94825
07/17/2017,AQS,1,0.048,ppm,44,CCNY,17,100,44201,Ozone,87,35620,"New York-Newark-Jersey City, NY-NJ-PA",36,New York,61,New York,40.81976,-73.94825
07/18/2017,AQS,1,0.043,ppm,40,CCNY,17,100,44201,Ozone,87,35620,"New York-Newark-Jersey City, NY-NJ-PA",36,New York,61,New York,40.81976,-73.94825
07/19/2017,AQS,1,0.06,ppm,67,CCNY,17,100,44201,Ozone,87,35620,"New York-Newark-Jersey City, NY-NJ-PA",36,New York,61,New York,40.81976,-73.94825
07/20/2017,AQS,1,0.063,ppm,77,CCNY,17,100,44201,Ozone,87,35620,"New York-Newark-Jersey City, NY-NJ-PA",36,New York,61,New York,40.81976,-73.94825
07/21/2017,AQS,1,0.047,ppm,44,CCNY,17,100,44201,Ozone,87,35620,"New York-Newark-Jersey City, NY-NJ-PA",36,New York,61,New York,40.81976,-73.94825
07/22/2017,AQS,1,0.073,ppm,108,CCNY,17,100,44201,Ozone,87,35620,"New York-Newark-Jersey City, NY-NJ-PA",36,New York,61,New York,40.81976,-73.94825
07/23/2017,AQS,1,0.044,ppm,41,CCNY,17,100,44201,Ozone,87,35620,"New York-Newark-Jersey City, NY-NJ-PA",36,New York,61,New York,40.81976,-73.94825
07/24/2017,AQS,1,0.022,ppm,20,CCNY,17,100,44201,Ozone,87,35620,"New York-Newark-Jersey City, NY-NJ-PA",36,New York,61,New York,40.81976,-73.94825
07/25/2017,AQS,1,0.02,ppm,19,CCNY,17,100,44201,Ozone,87,35620,"New York-Newark-Jersey City, NY-NJ-PA",36,New York,61,New York,40.81976,-73.94825
07/26/2017,AQS,1,0.039,ppm,36,CCNY,17,100,44201,Ozone,87,35620,"New York-Newark-Jersey City, NY-NJ-PA",36,New York,61,New York,40.81976,-73.94825
07/27/2017,AQS,1,0.026,ppm,24,CCNY,17,100,44201,Ozone,87,35620,"New York-Newark-Jersey City, NY-NJ-PA",36,New York,61,New York,40.81976,-73.94825
07/28/2017,AQS,1,0.056,ppm,54,CCNY,17,100,44201,Ozone,87,35620,"New York-Newark-Jersey City, NY-NJ-PA",36,New York,61,New York,40.81976,-73.94825
07/29/2017,AQS,1,0.024,ppm,22,CCNY,17,100,44201,Ozone,87,35620,"New York-Newark-Jersey City, NY-NJ-PA",36,New York,61,New York,40.81976,-73.94825
07/30/2017,AQS,1,0.037,ppm,34,CCNY,17,100,44201,Ozone,87,35620,"New York-Newark-Jersey City, NY-NJ-PA",36,New York,61,New York,40.81976,-73.94825
07/31/2017,AQS,1,0.053,ppm,49,CCNY,17,100,44201,Ozone,87,35620,"New York-Newark-Jersey City, NY-NJ-PA",36,New York,61,New York,40.81976,-73.94825
08/01/2017,AQS,1,0.07,ppm,100,CCNY,17,100,44201,Ozone,87,35620,"New York-Newark-Jersey City, NY-NJ-PA",36,New York,61,New York,40.81976,-73.94825
08/02/2017,AQS,1,0.036,ppm,33,CCNY,17,100,44201,Ozone,87,35620,"New York-Newark-Jersey City, NY-NJ-PA",36,New York,61,New York,40.81976,-73.94825
08/03/2017,AQS,1,0.047,ppm,44,CCNY,17,100,44201,Ozone,87,35620,"New York-Newark-Jersey City, NY-NJ-PA",36,New York,61,New York,40.81976,-73.94825
08/04/2017,AQS,1,0.031,ppm,29,CCNY,17,100,44201,Ozone,87,35620,"New York-Newark-Jersey City, NY-NJ-PA",36,New York,61,New York,40.81976,-73.94825
08/05/2017,AQS,1,0.035,ppm,32,CCNY,17,100,44201,Ozone,87,35620,"New York-Newark-Jersey City, NY-NJ-PA",36,New York,61,New York,40.81976,-73.94825
08/06/2017,AQS,1,0.03,ppm,28,CCNY,17,100,44201,Ozone,87,35620,"New York-Newark-Jersey City, NY-NJ-PA",36,New York,61,New York,40.81976,-73.94825
08/07/2017,AQS,1,0.025,ppm,23,CCNY,17,100,44201,Ozone,87,35620,"New York-Newark-Jersey City, NY-NJ-PA",36,New York,61,New York,40.81976,-73.94825
08/08/2017,AQS,1,0.04,ppm,37,CCNY,17,100,44201,Ozone,87,35620,"New York-Newark-Jersey City, NY-NJ-PA",36,New York,61,New York,40.81976,-73.94825
08/09/2017,AQS,1,0.065,ppm,84,CCNY,17,100,44201,Ozone,87,35620,"New York-Newark-Jersey City, NY-NJ-PA",36,New York,61,New York,40.81976,-73.94825
08/10/2017,AQS,1,0.053,ppm,49,CCNY,17,100,44201,Ozone,87,35620,"New York-Newark-Jersey City, NY-NJ-PA",36,New York,61,New York,40.81976,-73.94825
08/11/2017,AQS,1,0.048,ppm,44,CCNY,17,100,44201,Ozone,87,35620,"New York-Newark-Jersey City, NY-NJ-PA",36,New York,61,New York,40.81976,-73.94825
08/12/2017,AQS,1,0.038,ppm,35,CCNY,17,100,44201,Ozone,87,35620,"New York-Newark-Jersey City, NY-NJ-PA",36,New York,61,New York,40.81976,-73.94825
08/13/2017,AQS,1,0.045,ppm,42,CCNY,17,100,44201,Ozone,87,35620,"New York-Newark-Jersey City, NY-NJ-PA",36,New York,61,New York,40.81976,-73.94825
08/18/2017,AQS,1,0.022,ppm,20,CCNY,17,100,44201,Ozone,87,35620,"New York-Newark-Jersey City, NY-NJ-PA",36,New York,61,New York,40.81976,-73.94825
08/19/2017,AQS,1,0.049,ppm,45,CCNY,17,100,44201,Ozone,87,35620,"New York-Newark-Jersey City, NY-NJ-PA",36,New York,61,New York,40.81976,-73.94825
08/20/2017,AQS,1,0.029,ppm,27,CCNY,17,100,44201,Ozone,87,35620,"New York-Newark-Jersey City, NY-NJ-PA",36,New York,61,New York,40.81976,-73.94825
08/21/2017,AQS,1,0.052,ppm,48,CCNY,17,100,44201,Ozone,87,35620,"New York-Newark-Jersey City, NY-NJ-PA",36,New York,61,New York,40.81976,-73.94825
08/22/2017,AQS,1,0.046,ppm,43,CCNY,17,100,44201,Ozone,87,35620,"New York-Newark-Jersey City, NY-NJ-PA",36,New York,61,New York,40.81976,-73.94825
08/23/2017,AQS,1,0.034,ppm,31,CCNY,17,100,44201,Ozone,87,35620,"New York-Newark-Jersey City, NY-NJ-PA",36,New York,61,New York,40.81976,-73.94825
08/24/2017,AQS,1,0.039,ppm,36,CCNY,17,100,44201,Ozone,87,35620,"New York-Newark-Jersey City, NY-NJ-PA",36,New York,61,New York,40.81976,-73.94825
08/25/2017,AQS,1,0.033,ppm,31,CCNY,17,100,44201,Ozone,87,35620,"New York-Newark-Jersey City, NY-NJ-PA",36,New York,61,New York,40.81976,-73.94825
08/26/2017,AQS,1,0.042,ppm,39,CCNY,17,100,44201,Ozone,87,35620,"New York-Newark-Jersey City, NY-NJ-PA",36,New York,61,New York,40.81976,-73.94825
08/27/2017,AQS,1,0.042,ppm,39,CCNY,17,100,44201,Ozone,87,35620,"New York-Newark-Jersey City, NY-NJ-PA",36,New York,61,New York,40.81976,-73.94825
08/28/2017,AQS,1,0.038,ppm,35,CCNY,17,100,44201,Ozone,87,35620,"New York-Newark-Jersey City, NY-NJ-PA",36,New York,61,New York,40.81976,-73.94825
08/29/2017,AQS,1,0.018,ppm,17,CCNY,13,76,44201,Ozone,87,35620,"New York-Newark-Jersey City, NY-NJ-PA",36,New York,61,New York,40.81976,-73.94825
08/30/2017,AQS,1,0.041,ppm,38,CCNY,17,100,44201,Ozone,87,35620,"New York-Newark-Jersey City, NY-NJ-PA",36,New York,61,New York,40.81976,-73.94825
08/31/2017,AQS,1,0.039,ppm,36,CCNY,17,100,44201,Ozone,87,35620,"New York-Newark-Jersey City, NY-NJ-PA",36,New York,61,New York,40.81976,-73.94825
09/01/2017,AQS,1,0.03,ppm,28,CCNY,17,100,44201,Ozone,87,35620,"New York-Newark-Jersey City, NY-NJ-PA",36,New York,61,New York,40.81976,-73.94825
09/02/2017,AQS,1,0.031,ppm,29,CCNY,17,100,44201,Ozone,87,35620,"New York-Newark-Jersey City, NY-NJ-PA",36,New York,61,New York,40.81976,-73.94825
09/03/2017,AQS,1,0.027,ppm,25,CCNY,17,100,44201,Ozone,87,35620,"New York-Newark-Jersey City, NY-NJ-PA",36,New York,61,New York,40.81976,-73.94825
09/04/2017,AQS,1,0.048,ppm,44,CCNY,17,100,44201,Ozone,87,35620,"New York-Newark-Jersey City, NY-NJ-PA",36,New York,61,New York,40.81976,-73.94825
09/05/2017,AQS,1,0.048,ppm,44,CCNY,17,100,44201,Ozone,87,35620,"New York-Newark-Jersey City, NY-NJ-PA",36,New York,61,New York,40.81976,-73.94825
09/06/2017,AQS,1,0.029,ppm,27,CCNY,17,100,44201,Ozone,87,35620,"New York-Newark-Jersey City, NY-NJ-PA",36,New York,61,New York,40.81976,-73.94825
09/07/2017,AQS,1,0.037,ppm,34,CCNY,17,100,44201,Ozone,87,35620,"New York-Newark-Jersey City, NY-NJ-PA",36,New York,61,New York,40.81976,-73.94825
09/08/2017,AQS,1,0.031,ppm,29,CCNY,17,100,44201,Ozone,87,35620,"New York-Newark-Jersey City, NY-NJ-PA",36,New York,61,New York,40.81976,-73.94825
09/09/2017,AQS,1,0.022,ppm,20,CCNY,17,100,44201,Ozone,87,35620,"New York-Newark-Jersey City, NY-NJ-PA",36,New York,61,New York,40.81976,-73.94825
09/10/2017,AQS,1,0.027,ppm,25,CCNY,17,100,44201,Ozone,87,35620,"New York-Newark-Jersey City, NY-NJ-PA",36,New York,61,New York,40.81976,-73.94825
09/11/2017,AQS,1,0.033,ppm,31,CCNY,17,100,44201,Ozone,87,35620,"New York-Newark-Jersey City, NY-NJ-PA",36,New York,61,New York,40.81976,-73.94825
09/12/2017,AQS,1,0.032,ppm,30,CCNY,17,100,44201,Ozone,87,35620,"New York-Newark-Jersey City, NY-NJ-PA",36,New York,61,New York,40.81976,-73.94825
09/13/2017,AQS,1,0.033,ppm,31,CCNY,17,100,44201,Ozone,87,35620,"New York-Newark-Jersey City, NY-NJ-PA",36,New York,61,New York,40.81976,-73.94825
09/14/2017,AQS,1,0.033,ppm,31,CCNY,17,100,44201,Ozone,87,35620,"New York-Newark-Jersey City, NY-NJ-PA",36,New York,61,New York,40.81976,-73.94825
09/15/2017,AQS,1,0.039,ppm,36,CCNY,17,100,44201,Ozone,87,35620,"New York-Newark-Jersey City, NY-NJ-PA",36,New York,61,New York,40.81976,-73.94825
09/16/2017,AQS,1,0.052,ppm,48,CCNY,17,100,44201,Ozone,87,35620,"New York-Newark-Jersey City, NY-NJ-PA",36,New York,61,New York,40.81976,-73.94825
09/17/2017,AQS,1,0.054,ppm,50,CCNY,17,100,44201,Ozone,87,35620,"New York-Newark-Jersey City, NY-NJ-PA",36,New York,61,New York,40.81976,-73.94825
09/18/2017,AQS,1,0.021,ppm,19,CCNY,17,100,44201,Ozone,87,35620,"New York-Newark-Jersey City, NY-NJ-PA",36,New York,61,New York,40.81976,-73.94825
09/19/2017,AQS,1,0.021,ppm,19,CCNY,17,100,44201,Ozone,87,35620,"New York-Newark-Jersey City, NY-NJ-PA",36,New York,61,New York,40.81976,-73.94825
09/20/2017,AQS,1,0.025,ppm,23,CCNY,17,100,44201,Ozone,87,35620,"New York-Newark-Jersey City, NY-NJ-PA",36,New York,61,New York,40.81976,-73.94825
09/21/2017,AQS,1,0.026,ppm,24,CCNY,17,100,44201,Ozone,87,35620,"New York-Newark-Jersey City, NY-NJ-PA",36,New York,61,New York,40.81976,-73.94825
09/22/2017,AQS,1,0.038,ppm,35,CCNY,17,100,44201,Ozone,87,35620,"New York-Newark-Jersey City, NY-NJ-PA",36,New York,61,New York,40.81976,-73.94825
09/23/2017,AQS,1,0.045,ppm,42,CCNY,17,100,44201,Ozone,87,35620,"New York-Newark-Jersey City, NY-NJ-PA",36,New York,61,New York,40.81976,-73.94825
09/24/2017,AQS,1,0.055,ppm,51,CCNY,17,100,44201,Ozone,87,35620,"New York-Newark-Jersey City, NY-NJ-PA",36,New York,61,New York,40.81976,-73.94825
09/25/2017,AQS,1,0.049,ppm,45,CCNY,17,100,44201,Ozone,87,35620,"New York-Newark-Jersey City, NY-NJ-PA",36,New York,61,New York,40.81976,-73.94825
09/26/2017,AQS,1,0.038,ppm,35,CCNY,17,100,44201,Ozone,87,35620,"New York-Newark-Jersey City, NY-NJ-PA",36,New York,61,New York,40.81976,-73.94825
09/27/2017,AQS,1,0.015,ppm,14,CCNY,17,100,44201,Ozone,87,35620,"New York-Newark-Jersey City, NY-NJ-PA",36,New York,61,New York,40.81976,-73.94825
09/28/2017,AQS,1,0.03,ppm,28,CCNY,16,94,44201,Ozone,87,35620,"New York-Newark-Jersey City, NY-NJ-PA",36,New York,61,New York,40.81976,-73.94825
09/29/2017,AQS,1,0.031,ppm,29,CCNY,17,100,44201,Ozone,87,35620,"New York-Newark-Jersey City, NY-NJ-PA",36,New York,61,New York,40.81976,-73.94825
09/30/2017,AQS,1,0.024,ppm,22,CCNY,17,100,44201,Ozone,87,35620,"New York-Newark-Jersey City, NY-NJ-PA",36,New York,61,New York,40.81976,-73.94825
10/01/2017,AQS,1,0.036,ppm,33,CCNY,17,100,44201,Ozone,87,35620,"New York-Newark-Jersey City, NY-NJ-PA",36,New York,61,New York,40.81976,-73.94825
10/02/2017,AQS,1,0.037,ppm,34,CCNY,17,100,44201,Ozone,87,35620,"New York-Newark-Jersey City, NY-NJ-PA",36,New York,61,New York,40.81976,-73.94825
10/03/2017,AQS,1,0.028,ppm,26,CCNY,17,100,44201,Ozone,87,35620,"New York-Newark-Jersey City, NY-NJ-PA",36,New York,61,New York,40.81976,-73.94825
10/04/2017,AQS,1,0.037,ppm,34,CCNY,17,100,44201,Ozone,87,35620,"New York-Newark-Jersey City, NY-NJ-PA",36,New York,61,New York,40.81976,-73.94825
10/05/2017,AQS,1,0.041,ppm,38,CCNY,17,100,44201,Ozone,87,35620,"New York-Newark-Jersey City, NY-NJ-PA",36,New York,61,New York,40.81976,-73.94825
10/06/2017,AQS,1,0.04,ppm,37,CCNY,17,100,44201,Ozone,87,35620,"New York-Newark-Jersey City, NY-NJ-PA",36,New York,61,New York,40.81976,-73.94825
10/07/2017,AQS,1,0.03,ppm,28,CCNY,17,100,44201,Ozone,87,35620,"New York-Newark-Jersey City, NY-NJ-PA",36,New York,61,New York,40.81976,-73.94825
10/08/2017,AQS,1,0.011,ppm,10,CCNY,17,100,44201,Ozone,87,35620,"New York-Newark-Jersey City, NY-NJ-PA",36,New York,61,New York,40.81976,-73.94825
10/09/2017,AQS,1,0.02,ppm,19,CCNY,17,100,44201,Ozone,87,35620,"New York-Newark-Jersey City, NY-NJ-PA",36,New York,61,New York,40.81976,-73.94825
10/10/2017,AQS,1,0.03,ppm,28,CCNY,17,100,44201,Ozone,87,35620,"New York-Newark-Jersey City, NY-NJ-PA",36,New York,61,New York,40.81976,-73.94825
10/11/2017,AQS,1,0.03,ppm,28,CCNY,17,100,44201,Ozone,87,35620,"New York-Newark-Jersey City, NY-NJ-PA",36,New York,61,New York,40.81976,-73.94825
10/12/2017,AQS,1,0.03,ppm,28,CCNY,17,100,44201,Ozone,87,35620,"New York-Newark-Jersey City, NY-NJ-PA",36,New York,61,New York,40.81976,-73.94825
10/13/2017,AQS,1,0.028,ppm,26,CCNY,17,100,44201,Ozone,87,35620,"New York-Newark-Jersey City, NY-NJ-PA",36,New York,61,New York,40.81976,-73.94825
10/14/2017,AQS,1,0.022,ppm,20,CCNY,17,100,44201,Ozone,87,35620,"New York-Newark-Jersey City, NY-NJ-PA",36,New York,61,New York,40.81976,-73.94825
10/15/2017,AQS,1,0.026,ppm,24,CCNY,17,100,44201,Ozone,87,35620,"New York-Newark-Jersey City, NY-NJ-PA",36,New York,61,New York,40.81976,-73.94825
10/16/2017,AQS,1,0.023,ppm,21,CCNY,17,100,44201,Ozone,87,35620,"New York-Newark-Jersey City, NY-NJ-PA",36,New York,61,New York,40.81976,-73.94825
10/17/2017,AQS,1,0.021,ppm,19,CCNY,17,100,44201,Ozone,87,35620,"New York-Newark-Jersey City, NY-NJ-PA",36,New York,61,New York,40.81976,-73.94825
10/18/2017,AQS,1,0.024,ppm,22,CCNY,17,100,44201,Ozone,87,35620,"New York-Newark-Jersey City, NY-NJ-PA",36,New York,61,New York,40.81976,-73.94825
10/19/2017,AQS,1,0.029,ppm,27,CCNY,17,100,44201,Ozone,87,35620,"New York-Newark-Jersey City, NY-NJ-PA",36,New York,61,New York,40.81976,-73.94825
10/20/2017,AQS,1,0.034,ppm,31,CCNY,17,100,44201,Ozone,87,35620,"New York-Newark-Jersey City, NY-NJ-PA",36,New York,61,New York,40.81976,-73.94825
10/21/2017,AQS,1,0.028,ppm,26,CCNY,17,100,44201,Ozone,87,35620,"New York-Newark-Jersey City, NY-NJ-PA",36,New York,61,New York,40.81976,-73.94825
10/22/2017,AQS,1,0.042,ppm,39,CCNY,17,100,44201,Ozone,87,35620,"New York-Newark-Jersey City, NY-NJ-PA",36,New York,61,New York,40.81976,-73.94825
10/23/2017,AQS,1,0.036,ppm,33,CCNY,17,100,44201,Ozone,87,35620,"New York-Newark-Jersey City, NY-NJ-PA",36,New York,61,New York,40.81976,-73.94825
10/24/2017,AQS,1,0.03,ppm,28,CCNY,17,100,44201,Ozone,87,35620,"New York-Newark-Jersey City, NY-NJ-PA",36,New York,61,New York,40.81976,-73.94825
10/25/2017,AQS,1,0.019,ppm,18,CCNY,17,100,44201,Ozone,87,35620,"New York-Newark-Jersey City, NY-NJ-PA",36,New York,61,New York,40.81976,-73.94825
10/26/2017,AQS,1,0.026,ppm,24,CCNY,17,100,44201,Ozone,87,35620,"New York-Newark-Jersey City, NY-NJ-PA",36,New York,61,New York,40.81976,-73.94825
10/27/2017,AQS,1,0.025,ppm,23,CCNY,17,100,44201,Ozone,87,35620,"New York-Newark-Jersey City, NY-NJ-PA",36,New York,61,New York,40.81976,-73.94825
10/28/2017,AQS,1,0.045,ppm,42,CCNY,17,100,44201,Ozone,87,35620,"New York-Newark-Jersey City, NY-NJ-PA",36,New York,61,New York,40.81976,-73.94825
10/29/2017,AQS,1,0.036,ppm,33,CCNY,17,100,44201,Ozone,87,35620,"New York-Newark-Jersey City, NY-NJ-PA",36,New York,61,New York,40.81976,-73.94825
10/30/2017,AQS,1,0.026,ppm,24,CCNY,17,100,44201,Ozone,87,35620,"New York-Newark-Jersey City, NY-NJ-PA",36,New York,61,New York,40.81976,-73.94825
10/31/2017,AQS,1,0.024,ppm,22,CCNY,17,100,44201,Ozone,87,35620,"New York-Newark-Jersey City, NY-NJ-PA",36,New York,61,New York,40.81976,-73.94825
11/01/2017,AQS,1,0.004,ppm,4,CCNY,17,100,44201,Ozone,87,35620,"New York-Newark-Jersey City, NY-NJ-PA",36,New York,61,New York,40.81976,-73.94825
11/02/2017,AQS,1,0.021,ppm,19,CCNY,17,100,44201,Ozone,87,35620,"New York-Newark-Jersey City, NY-NJ-PA",36,New York,61,New York,40.81976,-73.94825
11/03/2017,AQS,1,0.025,ppm,23,CCNY,17,100,44201,Ozone,87,35620,"New York-Newark-Jersey City, NY-NJ-PA",36,New York,61,New York,40.81976,-73.94825
11/04/2017,AQS,1,0.025,ppm,23,CCNY,17,100,44201,Ozone,87,35620,"New York-Newark-Jersey City, NY-NJ-PA",36,New York,61,New York,40.81976,-73.94825
11/05/2017,AQS,1,0.016,ppm,15,CCNY,17,100,44201,Ozone,87,35620,"New York-Newark-Jersey City, NY-NJ-PA",36,New York,61,New York,40.81976,-73.94825
11/06/2017,AQS,1,0.017,ppm,16,CCNY,17,100,44201,Ozone,87,35620,"New York-Newark-Jersey City, NY-NJ-PA",36,New York,61,New York,40.81976,-73.94825
11/07/2017,AQS,1,0.012,ppm,11,CCNY,17,100,44201,Ozone,87,35620,"New York-Newark-Jersey City, NY-NJ-PA",36,New York,61,New York,40.81976,-73.94825
11/08/2017,AQS,1,0.011,ppm,10,CCNY,17,100,44201,Ozone,87,35620,"New York-Newark-Jersey City, NY-NJ-PA",36,New York,61,New York,40.81976,-73.94825
11/09/2017,AQS,1,0.018,ppm,17,CCNY,17,100,44201,Ozone,87,35620,"New York-Newark-Jersey City, NY-NJ-PA",36,New York,61,New York,40.81976,-73.94825
11/10/2017,AQS,1,0.031,ppm,29,CCNY,17,100,44201,Ozone,87,35620,"New York-Newark-Jersey City, NY-NJ-PA",36,New York,61,New York,40.81976,-73.94825
11/11/2017,AQS,1,0.029,ppm,27,CCNY,17,100,44201,Ozone,87,35620,"New York-Newark-Jersey City, NY-NJ-PA",36,New York,61,New York,40.81976,-73.94825
11/12/2017,AQS,1,0.021,ppm,19,CCNY,17,100,44201,Ozone,87,35620,"New York-Newark-Jersey City, NY-NJ-PA",36,New York,61,New York,40.81976,-73.94825
11/13/2017,AQS,1,0.016,ppm,15,CCNY,17,100,44201,Ozone,87,35620,"New York-Newark-Jersey City, NY-NJ-PA",36,New York,61,New York,40.81976,-73.94825
11/14/2017,AQS,1,0.023,ppm,21,CCNY,17,100,44201,Ozone,87,35620,"New York-Newark-Jersey City, NY-NJ-PA",36,New York,61,New York,40.81976,-73.94825
11/15/2017,AQS,1,0.019,ppm,18,CCNY,17,100,44201,Ozone,87,35620,"New York-Newark-Jersey City, NY-NJ-PA",36,New York,61,New York,40.81976,-73.94825
11/16/2017,AQS,1,0.021,ppm,19,CCNY,17,100,44201,Ozone,87,35620,"New York-Newark-Jersey City, NY-NJ-PA",36,New York,61,New York,40.81976,-73.94825
11/17/2017,AQS,1,0.029,ppm,27,CCNY,17,100,44201,Ozone,87,35620,"New York-Newark-Jersey City, NY-NJ-PA",36,New York,61,New York,40.81976,-73.94825
11/18/2017,AQS,1,0.029,ppm,27,CCNY,17,100,44201,Ozone,87,35620,"New York-Newark-Jersey City, NY-NJ-PA",36,New York,61,New York,40.81976,-73.94825
11/19/2017,AQS,1,0.026,ppm,24,CCNY,17,100,44201,Ozone,87,35620,"New York-Newark-Jersey City, NY-NJ-PA",36,New York,61,New York,40.81976,-73.94825
11/20/2017,AQS,1,0.027,ppm,25,CCNY,17,100,44201,Ozone,87,35620,"New York-Newark-Jersey City, NY-NJ-PA",36,New York,61,New York,40.81976,-73.94825
11/21/2017,AQS,1,0.023,ppm,21,CCNY,17,100,44201,Ozone,87,35620,"New York-Newark-Jersey City, NY-NJ-PA",36,New York,61,New York,40.81976,-73.94825
11/22/2017,AQS,1,0.023,ppm,21,CCNY,17,100,44201,Ozone,87,35620,"New York-Newark-Jersey City, NY-NJ-PA",36,New York,61,New York,40.81976,-73.94825
11/23/2017,AQS,1,0.027,ppm,25,CCNY,17,100,44201,Ozone,87,35620,"New York-Newark-Jersey City, NY-NJ-PA",36,New York,61,New York,40.81976,-73.94825
11/24/2017,AQS,1,0.011,ppm,10,CCNY,17,100,44201,Ozone,87,35620,"New York-Newark-Jersey City, NY-NJ-PA",36,New York,61,New York,40.81976,-73.94825
11/25/2017,AQS,1,0.02,ppm,19,CCNY,17,100,44201,Ozone,87,35620,"New York-Newark-Jersey City, NY-NJ-PA",36,New York,61,New York,40.81976,-73.94825
11/26/2017,AQS,1,0.023,ppm,21,CCNY,17,100,44201,Ozone,87,35620,"New York-Newark-Jersey City, NY-NJ-PA",36,New York,61,New York,40.81976,-73.94825
11/27/2017,AQS,1,0.025,ppm,23,CCNY,17,100,44201,Ozone,87,35620,"New York-Newark-Jersey City, NY-NJ-PA",36,New York,61,New York,40.81976,-73.94825
11/28/2017,AQS,1,0.026,ppm,24,CCNY,17,100,44201,Ozone,87,35620,"New York-Newark-Jersey City, NY-NJ-PA",36,New York,61,New York,40.81976,-73.94825
11/29/2017,AQS,1,0.026,ppm,24,CCNY,17,100,44201,Ozone,87,35620,"New York-Newark-Jersey City, NY-NJ-PA",36,New York,61,New York,40.81976,-73.94825
11/30/2017,AQS,1,0.008,ppm,7,CCNY,17,100,44201,Ozone,87,35620,"New York-Newark-Jersey City, NY-NJ-PA",36,New York,61,New York,40.81976,-73.94825
12/01/2017,AQS,1,0.015,ppm,14,CCNY,13,76,44201,Ozone,87,35620,"New York-Newark-Jersey City, NY-NJ-PA",36,New York,61,New York,40.81976,-73.94825
12/02/2017,AQS,1,0.01,ppm,9,CCNY,17,100,44201,Ozone,87,35620,"New York-Newark-Jersey City, NY-NJ-PA",36,New York,61,New York,40.81976,-73.94825
12/03/2017,AQS,1,0.006,ppm,6,CCNY,17,100,44201,Ozone,87,35620,"New York-Newark-Jersey City, NY-NJ-PA",36,New York,61,New York,40.81976,-73.94825
12/04/2017,AQS,1,0.024,ppm,22,CCNY,17,100,44201,Ozone,87,35620,"New York-Newark-Jersey City, NY-NJ-PA",36,New York,61,New York,40.81976,-73.94825
12/05/2017,AQS,1,0.022,ppm,20,CCNY,17,100,44201,Ozone,87,35620,"New York-Newark-Jersey City, NY-NJ-PA",36,New York,61,New York,40.81976,-73.94825
12/06/2017,AQS,1,0.021,ppm,19,CCNY,17,100,44201,Ozone,87,35620,"New York-Newark-Jersey City, NY-NJ-PA",36,New York,61,New York,40.81976,-73.94825
12/07/2017,AQS,1,0.024,ppm,22,CCNY,17,100,44201,Ozone,87,35620,"New York-Newark-Jersey City, NY-NJ-PA",36,New York,61,New York,40.81976,-73.94825
12/08/2017,AQS,1,0.01,ppm,9,CCNY,13,76,44201,Ozone,87,35620,"New York-Newark-Jersey City, NY-NJ-PA",36,New York,61,New York,40.81976,-73.94825
12/09/2017,AQS,1,0.013,ppm,12,CCNY,17,100,44201,Ozone,87,35620,"New York-Newark-Jersey City, NY-NJ-PA",36,New York,61,New York,40.81976,-73.94825
12/10/2017,AQS,1,0.018,ppm,17,CCNY,17,100,44201,Ozone,87,35620,"New York-Newark-Jersey City, NY-NJ-PA",36,New York,61,New York,40.81976,-73.94825
12/11/2017,AQS,1,0.016,ppm,15,CCNY,17,100,44201,Ozone,87,35620,"New York-Newark-Jersey City, NY-NJ-PA",36,New York,61,New York,40.81976,-73.94825
12/12/2017,AQS,1,0.029,ppm,27,CCNY,17,100,44201,Ozone,87,35620,"New York-Newark-Jersey City, NY-NJ-PA",36,New York,61,New York,40.81976,-73.94825
12/13/2017,AQS,1,0.03,ppm,28,CCNY,17,100,44201,Ozone,87,35620,"New York-Newark-Jersey City, NY-NJ-PA",36,New York,61,New York,40.81976,-73.94825
12/14/2017,AQS,1,0.025,ppm,23,CCNY,17,100,44201,Ozone,87,35620,"New York-Newark-Jersey City, NY-NJ-PA",36,New York,61,New York,40.81976,-73.94825
12/15/2017,AQS,1,0.005,ppm,5,CCNY,17,100,44201,Ozone,87,35620,"New York-Newark-Jersey City, NY-NJ-PA",36,New York,61,New York,40.81976,-73.94825
12/16/2017,AQS,1,0.022,ppm,20,CCNY,17,100,44201,Ozone,87,35620,"New York-Newark-Jersey City, NY-NJ-PA",36,New York,61,New York,40.81976,-73.94825
12/17/2017,AQS,1,0.018,ppm,17,CCNY,17,100,44201,Ozone,87,35620,"New York-Newark-Jersey City, NY-NJ-PA",36,New York,61,New York,40.81976,-73.94825
12/18/2017,AQS,1,0.005,ppm,5,CCNY,17,100,44201,Ozone,87,35620,"New York-Newark-Jersey City, NY-NJ-PA",36,New York,61,New York,40.81976,-73.94825
12/19/2017,AQS,1,0.018,ppm,17,CCNY,17,100,44201,Ozone,87,35620,"New York-Newark-Jersey City, NY-NJ-PA",36,New York,61,New York,40.81976,-73.94825
12/20/2017,AQS,1,0.029,ppm,27,CCNY,17,100,44201,Ozone,87,35620,"New York-Newark-Jersey City, NY-NJ-PA",36,New York,61,New York,40.81976,-73.94825
12/21/2017,AQS,1,0.022,ppm,20,CCNY,17,100,44201,Ozone,87,35620,"New York-Newark-Jersey City, NY-NJ-PA",36,New York,61,New York,40.81976,-73.94825
12/22/2017,AQS,1,0.003,ppm,3,CCNY,17,100,44201,Ozone,87,35620,"New York-Newark-Jersey City, NY-NJ-PA",36,New York,61,New York,40.81976,-73.94825
12/23/2017,AQS,1,0.014,ppm,13,CCNY,17,100,44201,Ozone,87,35620,"New York-Newark-Jersey City, NY-NJ-PA",36,New York,61,New York,40.81976,-73.94825
12/24/2017,AQS,1,0.024,ppm,22,CCNY,17,100,44201,Ozone,87,35620,"New York-Newark-Jersey City, NY-NJ-PA",36,New York,61,New York,40.81976,-73.94825
12/25/2017,AQS,1,0.029,ppm,27,CCNY,17,100,44201,Ozone,87,35620,"New York-Newark-Jersey City, NY-NJ-PA",36,New York,61,New York,40.81976,-73.94825
12/26/2017,AQS,1,0.03,ppm,28,CCNY,17,100,44201,Ozone,87,35620,"New York-Newark-Jersey City, NY-NJ-PA",36,New York,61,New York,40.81976,-73.94825
12/27/2017,AQS,1,0.027,ppm,25,CCNY,17,100,44201,Ozone,87,35620,"New York-Newark-Jersey City, NY-NJ-PA",36,New York,61,New York,40.81976,-73.94825
12/28/2017,AQS,1,0.029,ppm,27,CCNY,17,100,44201,Ozone,87,35620,"New York-Newark-Jersey City, NY-NJ-PA",36,New York,61,New York,40.81976,-73.94825
12/29/2017,AQS,1,0.025,ppm,23,CCNY,17,100,44201,Ozone,87,35620,"New York-Newark-Jersey City, NY-NJ-PA",36,New York,61,New York,40.81976,-73.94825
12/30/2017,AQS,1,0.02,ppm,19,CCNY,17,100,44201,Ozone,87,35620,"New York-Newark-Jersey City, NY-NJ-PA",36,New York,61,New York,40.81976,-73.94825
01/01/2018,AQS,1,0.031,ppm,29,CCNY,17,100,44201,Ozone,87,35620,"New York-Newark-Jersey City, NY-NJ-PA",36,New York,61,New York,40.81976,-73.94825
01/02/2018,AQS,1,0.021,ppm,19,CCNY,17,100,44201,Ozone,87,35620,"New York-Newark-Jersey City, NY-NJ-PA",36,New York,61,New York,40.81976,-73.94825
01/03/2018,AQS,1,0.007,ppm,6,CCNY,17,100,44201,Ozone,87,35620,"New York-Newark-Jersey City, NY-NJ-PA",36,New York,61,New York,40.81976,-73.94825
01/05/2018,AQS,1,0.031,ppm,29,CCNY,17,100,44201,Ozone,87,35620,"New York-Newark-Jersey City, NY-NJ-PA",36,New York,61,New York,40.81976,-73.94825
01/06/2018,AQS,1,0.03,ppm,28,CCNY,17,100,44201,Ozone,87,35620,"New York-Newark-Jersey City, NY-NJ-PA",36,New York,61,New York,40.81976,-73.94825
01/07/2018,AQS,1,0.024,ppm,22,CCNY,17,100,44201,Ozone,87,35620,"New York-Newark-Jersey City, NY-NJ-PA",36,New York,61,New York,40.81976,-73.94825
01/08/2018,AQS,1,0.007,ppm,6,CCNY,17,100,44201,Ozone,87,35620,"New York-Newark-Jersey City, NY-NJ-PA",36,New York,61,New York,40.81976,-73.94825
01/09/2018,AQS,1,0.025,ppm,23,CCNY,17,100,44201,Ozone,87,35620,"New York-Newark-Jersey City, NY-NJ-PA",36,New York,61,New York,40.81976,-73.94825
01/10/2018,AQS,1,0.011,ppm,10,CCNY,17,100,44201,Ozone,87,35620,"New York-Newark-Jersey City, NY-NJ-PA",36,New York,61,New York,40.81976,-73.94825
01/11/2018,AQS,1,0.002,ppm,2,CCNY,17,100,44201,Ozone,87,35620,"New York-Newark-Jersey City, NY-NJ-PA",36,New York,61,New York,40.81976,-73.94825
01/12/2018,AQS,1,0.016,ppm,15,CCNY,17,100,44201,Ozone,87,35620,"New York-Newark-Jersey City, NY-NJ-PA",36,New York,61,New York,40.81976,-73.94825
01/13/2018,AQS,1,0.027,ppm,25,CCNY,17,100,44201,Ozone,87,35620,"New York-Newark-Jersey City, NY-NJ-PA",36,New York,61,New York,40.81976,-73.94825
01/14/2018,AQS,1,0.029,ppm,27,CCNY,17,100,44201,Ozone,87,35620,"New York-Newark-Jersey City, NY-NJ-PA",36,New York,61,New York,40.81976,-73.94825
01/15/2018,AQS,1,0.022,ppm,20,CCNY,17,100,44201,Ozone,87,35620,"New York-Newark-Jersey City, NY-NJ-PA",36,New York,61,New York,40.81976,-73.94825
01/16/2018,AQS,1,0.002,ppm,2,CCNY,17,100,44201,Ozone,87,35620,"New York-Newark-Jersey City, NY-NJ-PA",36,New York,61,New York,40.81976,-73.94825
01/17/2018,AQS,1,0.016,ppm,15,CCNY,17,100,44201,Ozone,87,35620,"New York-Newark-Jersey City, NY-NJ-PA",36,New York,61,New York,40.81976,-73.94825
01/18/2018,AQS,1,0.025,ppm,23,CCNY,17,100,44201,Ozone,87,35620,"New York-Newark-Jersey City, NY-NJ-PA",36,New York,61,New York,40.81976,-73.94825
01/19/2018,AQS,1,0.013,ppm,12,CCNY,17,100,44201,Ozone,87,35620,"New York-Newark-Jersey City, NY-NJ-PA",36,New York,61,New York,40.81976,-73.94825
01/20/2018,AQS,1,0.029,ppm,27,CCNY,17,100,44201,Ozone,87,35620,"New York-Newark-Jersey City, NY-NJ-PA",36,New York,61,New York,40.81976,-73.94825
01/21/2018,AQS,1,0.032,ppm,30,CCNY,17,100,44201,Ozone,87,35620,"New York-Newark-Jersey City, NY-NJ-PA",36,New York,61,New York,40.81976,-73.94825
01/22/2018,AQS,1,0.019,ppm,18,CCNY,17,100,44201,Ozone,87,35620,"New York-Newark-Jersey City, NY-NJ-PA",36,New York,61,New York,40.81976,-73.94825
01/23/2018,AQS,1,0.02,ppm,19,CCNY,13,76,44201,Ozone,87,35620,"New York-Newark-Jersey City, NY-NJ-PA",36,New York,61,New York,40.81976,-73.94825
01/24/2018,AQS,1,0.026,ppm,24,CCNY,17,100,44201,Ozone,87,35620,"New York-Newark-Jersey City, NY-NJ-PA",36,New York,61,New York,40.81976,-73.94825
01/25/2018,AQS,1,0.031,ppm,29,CCNY,17,100,44201,Ozone,87,35620,"New York-Newark-Jersey City, NY-NJ-PA",36,New York,61,New York,40.81976,-73.94825
01/26/2018,AQS,1,0.021,ppm,19,CCNY,17,100,44201,Ozone,87,35620,"New York-Newark-Jersey City, NY-NJ-PA",36,New York,61,New York,40.81976,-73.94825
01/27/2018,AQS,1,0.027,ppm,25,CCNY,17,100,44201,Ozone,87,35620,"New York-Newark-Jersey City, NY-NJ-PA",36,New York,61,New York,40.81976,-73.94825
01/28/2018,AQS,1,0.016,ppm,15,CCNY,17,100,44201,Ozone,87,35620,"New York-Newark-Jersey City, NY-NJ-PA",36,New York,61,New York,40.81976,-73.94825
01/29/2018,AQS,1,0.02,ppm,19,CCNY,17,100,44201,Ozone,87,35620,"New York-Newark-Jersey City, NY-NJ-PA",36,New York,61,New York,40.81976,-73.94825
01/30/2018,AQS,1,0.025,ppm,23,CCNY,17,100,44201,Ozone,87,35620,"New York-Newark-Jersey City, NY-NJ-PA",36,New York,61,New York,40.81976,-73.94825
01/31/2018,AQS,1,0.022,ppm,20,CCNY,17,100,44201,Ozone,87,35620,"New York-Newark-Jersey City, NY-NJ-PA",36,New York,61,New York,40.81976,-73.94825
02/01/2018,AQS,1,0.01,ppm,9,CCNY,17,100,44201,Ozone,87,35620,"New York-Newark-Jersey City, NY-NJ-PA",36,New York,61,New York,40.81976,-73.94825
02/02/2018,AQS,1,0.029,ppm,27,CCNY,17,100,44201,Ozone,87,35620,"New York-Newark-Jersey City, NY-NJ-PA",36,New York,61,New York,40.81976,-73.94825
02/03/2018,AQS,1,0.023,ppm,21,CCNY,17,100,44201,Ozone,87,35620,"New York-Newark-Jersey City, NY-NJ-PA",36,New York,61,New York,40.81976,-73.94825
02/04/2018,AQS,1,0.016,ppm,15,CCNY,17,100,44201,Ozone,87,35620,"New York-Newark-Jersey City, NY-NJ-PA",36,New York,61,New York,40.81976,-73.94825
02/05/2018,AQS,1,0.032,ppm,30,CCNY,17,100,44201,Ozone,87,35620,"New York-Newark-Jersey City, NY-NJ-PA",36,New York,61,New York,40.81976,-73.94825
02/06/2018,AQS,1,0.013,ppm,12,CCNY,17,100,44201,Ozone,87,35620,"New York-Newark-Jersey City, NY-NJ-PA",36,New York,61,New York,40.81976,-73.94825
02/07/2018,AQS,1,0.029,ppm,27,CCNY,17,100,44201,Ozone,87,35620,"New York-Newark-Jersey City, NY-NJ-PA",36,New York,61,New York,40.81976,-73.94825
02/08/2018,AQS,1,0.031,ppm,29,CCNY,17,100,44201,Ozone,87,35620,"New York-Newark-Jersey City, NY-NJ-PA",36,New York,61,New York,40.81976,-73.94825
02/09/2018,AQS,1,0.021,ppm,19,CCNY,17,100,44201,Ozone,87,35620,"New York-Newark-Jersey City, NY-NJ-PA",36,New York,61,New York,40.81976,-73.94825
02/10/2018,AQS,1,0.003,ppm,3,CCNY,17,100,44201,Ozone,87,35620,"New York-Newark-Jersey City, NY-NJ-PA",36,New York,61,New York,40.81976,-73.94825
02/11/2018,AQS,1,0.009,ppm,8,CCNY,17,100,44201,Ozone,87,35620,"New York-Newark-Jersey City, NY-NJ-PA",36,New York,61,New York,40.81976,-73.94825
02/12/2018,AQS,1,0.032,ppm,30,CCNY,17,100,44201,Ozone,87,35620,"New York-Newark-Jersey City, NY-NJ-PA",36,New York,61,New York,40.81976,-73.94825
02/13/2018,AQS,1,0.026,ppm,24,CCNY,17,100,44201,Ozone,87,35620,"New York-Newark-Jersey City, NY-NJ-PA",36,New York,61,New York,40.81976,-73.94825
02/14/2018,AQS,1,0.012,ppm,11,CCNY,17,100,44201,Ozone,87,35620,"New York-Newark-Jersey City, NY-NJ-PA",36,New York,61,New York,40.81976,-73.94825
02/15/2018,AQS,1,0.001,ppm,1,CCNY,17,100,44201,Ozone,87,35620,"New York-Newark-Jersey City, NY-NJ-PA",36,New York,61,New York,40.81976,-73.94825
02/16/2018,AQS,1,0.032,ppm,30,CCNY,17,100,44201,Ozone,87,35620,"New York-Newark-Jersey City, NY-NJ-PA",36,New York,61,New York,40.81976,-73.94825
02/17/2018,AQS,1,0.032,ppm,30,CCNY,17,100,44201,Ozone,87,35620,"New York-Newark-Jersey City, NY-NJ-PA",36,New York,61,New York,40.81976,-73.94825
02/18/2018,AQS,1,0.034,ppm,31,CCNY,17,100,44201,Ozone,87,35620,"New York-Newark-Jersey City, NY-NJ-PA",36,New York,61,New York,40.81976,-73.94825
02/19/2018,AQS,1,0.023,ppm,21,CCNY,17,100,44201,Ozone,87,35620,"New York-Newark-Jersey City, NY-NJ-PA",36,New York,61,New York,40.81976,-73.94825
02/20/2018,AQS,1,0.01,ppm,9,CCNY,17,100,44201,Ozone,87,35620,"New York-Newark-Jersey City, NY-NJ-PA",36,New York,61,New York,40.81976,-73.94825
02/21/2018,AQS,1,0.024,ppm,22,CCNY,17,100,44201,Ozone,87,35620,"New York-Newark-Jersey City, NY-NJ-PA",36,New York,61,New York,40.81976,-73.94825
02/23/2018,AQS,1,0.012,ppm,11,CCNY,17,100,44201,Ozone,87,35620,"New York-Newark-Jersey City, NY-NJ-PA",36,New York,61,New York,40.81976,-73.94825
02/24/2018,AQS,1,0.014,ppm,13,CCNY,17,100,44201,Ozone,87,35620,"New York-Newark-Jersey City, NY-NJ-PA",36,New York,61,New York,40.81976,-73.94825
02/25/2018,AQS,1,0.019,ppm,18,CCNY,17,100,44201,Ozone,87,35620,"New York-Newark-Jersey City, NY-NJ-PA",36,New York,61,New York,40.81976,-73.94825
02/26/2018,AQS,1,0.027,ppm,25,CCNY,17,100,44201,Ozone,87,35620,"New York-Newark-Jersey City, NY-NJ-PA",36,New York,61,New York,40.81976,-73.94825
02/27/2018,AQS,1,0.031,ppm,29,CCNY,17,100,44201,Ozone,87,35620,"New York-Newark-Jersey City, NY-NJ-PA",36,New York,61,New York,40.81976,-73.94825
02/28/2018,AQS,1,0.025,ppm,23,CCNY,17,100,44201,Ozone,87,35620,"New York-Newark-Jersey City, NY-NJ-PA",36,New York,61,New York,40.81976,-73.94825
03/01/2018,AQS,1,0.034,ppm,31,CCNY,17,100,44201,Ozone,87,35620,"New York-Newark-Jersey City, NY-NJ-PA",36,New York,61,New York,40.81976,-73.94825
03/02/2018,AQS,1,0.026,ppm,24,CCNY,17,100,44201,Ozone,87,35620,"New York-Newark-Jersey City, NY-NJ-PA",36,New York,61,New York,40.81976,-73.94825
03/03/2018,AQS,1,0.031,ppm,29,CCNY,17,100,44201,Ozone,87,35620,"New York-Newark-Jersey City, NY-NJ-PA",36,New York,61,New York,40.81976,-73.94825
03/04/2018,AQS,1,0.031,ppm,29,CCNY,17,100,44201,Ozone,87,35620,"New York-Newark-Jersey City, NY-NJ-PA",36,New York,61,New York,40.81976,-73.94825
03/05/2018,AQS,1,0.027,ppm,25,CCNY,17,100,44201,Ozone,87,35620,"New York-Newark-Jersey City, NY-NJ-PA",36,New York,61,New York,40.81976,-73.94825
03/06/2018,AQS,1,0.033,ppm,31,CCNY,17,100,44201,Ozone,87,35620,"New York-Newark-Jersey City, NY-NJ-PA",36,New York,61,New York,40.81976,-73.94825
03/07/2018,AQS,1,0.028,ppm,26,CCNY,17,100,44201,Ozone,87,35620,"New York-Newark-Jersey City, NY-NJ-PA",36,New York,61,New York,40.81976,-73.94825
03/08/2018,AQS,1,0.026,ppm,24,CCNY,17,100,44201,Ozone,87,35620,"New York-Newark-Jersey City, NY-NJ-PA",36,New York,61,New York,40.81976,-73.94825
03/09/2018,AQS,1,0.029,ppm,27,CCNY,17,100,44201,Ozone,87,35620,"New York-Newark-Jersey City, NY-NJ-PA",36,New York,61,New York,40.81976,-73.94825
03/10/2018,AQS,1,0.036,ppm,33,CCNY,17,100,44201,Ozone,87,35620,"New York-Newark-Jersey City, NY-NJ-PA",36,New York,61,New York,40.81976,-73.94825
03/11/2018,AQS,1,0.038,ppm,35,CCNY,17,100,44201,Ozone,87,35620,"New York-Newark-Jersey City, NY-NJ-PA",36,New York,61,New York,40.81976,-73.94825
03/12/2018,AQS,1,0.03,ppm,28,CCNY,17,100,44201,Ozone,87,35620,"New York-Newark-Jersey City, NY-NJ-PA",36,New York,61,New York,40.81976,-73.94825
03/13/2018,AQS,1,0.036,ppm,33,CCNY,17,100,44201,Ozone,87,35620,"New York-Newark-Jersey City, NY-NJ-PA",36,New York,61,New York,40.81976,-73.94825
03/14/2018,AQS,1,0.032,ppm,30,CCNY,17,100,44201,Ozone,87,35620,"New York-Newark-Jersey City, NY-NJ-PA",36,New York,61,New York,40.81976,-73.94825
03/15/2018,AQS,1,0.041,ppm,38,CCNY,17,100,44201,Ozone,87,35620,"New York-Newark-Jersey City, NY-NJ-PA",36,New York,61,New York,40.81976,-73.94825
03/16/2018,AQS,1,0.032,ppm,30,CCNY,17,100,44201,Ozone,87,35620,"New York-Newark-Jersey City, NY-NJ-PA",36,New York,61,New York,40.81976,-73.94825
03/17/2018,AQS,1,0.041,ppm,38,CCNY,17,100,44201,Ozone,87,35620,"New York-Newark-Jersey City, NY-NJ-PA",36,New York,61,New York,40.81976,-73.94825
03/18/2018,AQS,1,0.039,ppm,36,CCNY,17,100,44201,Ozone,87,35620,"New York-Newark-Jersey City, NY-NJ-PA",36,New York,61,New York,40.81976,-73.94825
03/19/2018,AQS,1,0.041,ppm,38,CCNY,17,100,44201,Ozone,87,35620,"New York-Newark-Jersey City, NY-NJ-PA",36,New York,61,New York,40.81976,-73.94825
03/20/2018,AQS,1,0.028,ppm,26,CCNY,17,100,44201,Ozone,87,35620,"New York-Newark-Jersey City, NY-NJ-PA",36,New York,61,New York,40.81976,-73.94825
03/21/2018,AQS,1,0.033,ppm,31,CCNY,17,100,44201,Ozone,87,35620,"New York-Newark-Jersey City, NY-NJ-PA",36,New York,61,New York,40.81976,-73.94825
03/22/2018,AQS,1,0.038,ppm,35,CCNY,17,100,44201,Ozone,87,35620,"New York-Newark-Jersey City, NY-NJ-PA",36,New York,61,New York,40.81976,-73.94825
03/23/2018,AQS,1,0.034,ppm,31,CCNY,17,100,44201,Ozone,87,35620,"New York-Newark-Jersey City, NY-NJ-PA",36,New York,61,New York,40.81976,-73.94825
03/24/2018,AQS,1,0.042,ppm,39,CCNY,17,100,44201,Ozone,87,35620,"New York-Newark-Jersey City, NY-NJ-PA",36,New York,61,New York,40.81976,-73.94825
03/25/2018,AQS,1,0.035,ppm,32,CCNY,17,100,44201,Ozone,87,35620,"New York-Newark-Jersey City, NY-NJ-PA",36,New York,61,New York,40.81976,-73.94825
03/26/2018,AQS,1,0.039,ppm,36,CCNY,17,100,44201,Ozone,87,35620,"New York-Newark-Jersey City, NY-NJ-PA",36,New York,61,New York,40.81976,-73.94825
03/27/2018,AQS,1,0.025,ppm,23,CCNY,17,100,44201,Ozone,87,35620,"New York-Newark-Jersey City, NY-NJ-PA",36,New York,61,New York,40.81976,-73.94825
03/28/2018,AQS,1,0.017,ppm,16,CCNY,17,100,44201,Ozone,87,35620,"New York-Newark-Jersey City, NY-NJ-PA",36,New York,61,New York,40.81976,-73.94825
03/29/2018,AQS,1,0.012,ppm,11,CCNY,17,100,44201,Ozone,87,35620,"New York-Newark-Jersey City, NY-NJ-PA",36,New York,61,New York,40.81976,-73.94825
03/30/2018,AQS,1,0.035,ppm,32,CCNY,17,100,44201,Ozone,87,35620,"New York-Newark-Jersey City, NY-NJ-PA",36,New York,61,New York,40.81976,-73.94825
03/31/2018,AQS,1,0.038,ppm,35,CCNY,17,100,44201,Ozone,87,35620,"New York-Newark-Jersey City, NY-NJ-PA",36,New York,61,New York,40.81976,-73.94825
04/01/2018,AQS,1,0.038,ppm,35,CCNY,17,100,44201,Ozone,87,35620,"New York-Newark-Jersey City, NY-NJ-PA",36,New York,61,New York,40.81976,-73.94825
04/02/2018,AQS,1,0.037,ppm,34,CCNY,17,100,44201,Ozone,87,35620,"New York-Newark-Jersey City, NY-NJ-PA",36,New York,61,New York,40.81976,-73.94825
04/03/2018,AQS,1,0.028,ppm,26,CCNY,17,100,44201,Ozone,87,35620,"New York-Newark-Jersey City, NY-NJ-PA",36,New York,61,New York,40.81976,-73.94825
04/04/2018,AQS,1,0.043,ppm,40,CCNY,17,100,44201,Ozone,87,35620,"New York-Newark-Jersey City, NY-NJ-PA",36,New York,61,New York,40.81976,-73.94825
04/05/2018,AQS,1,0.042,ppm,39,CCNY,17,100,44201,Ozone,87,35620,"New York-Newark-Jersey City, NY-NJ-PA",36,New York,61,New York,40.81976,-73.94825
04/06/2018,AQS,1,0.041,ppm,38,CCNY,17,100,44201,Ozone,87,35620,"New York-Newark-Jersey City, NY-NJ-PA",36,New York,61,New York,40.81976,-73.94825
04/07/2018,AQS,1,0.044,ppm,41,CCNY,17,100,44201,Ozone,87,35620,"New York-Newark-Jersey City, NY-NJ-PA",36,New York,61,New York,40.81976,-73.94825
04/08/2018,AQS,1,0.039,ppm,36,CCNY,17,100,44201,Ozone,87,35620,"New York-Newark-Jersey City, NY-NJ-PA",36,New York,61,New York,40.81976,-73.94825
04/09/2018,AQS,1,0.037,ppm,34,CCNY,17,100,44201,Ozone,87,35620,"New York-Newark-Jersey City, NY-NJ-PA",36,New York,61,New York,40.81976,-73.94825
04/10/2018,AQS,1,0.039,ppm,36,CCNY,17,100,44201,Ozone,87,35620,"New York-Newark-Jersey City, NY-NJ-PA",36,New York,61,New York,40.81976,-73.94825
04/11/2018,AQS,1,0.036,ppm,33,CCNY,17,100,44201,Ozone,87,35620,"New York-Newark-Jersey City, NY-NJ-PA",36,New York,61,New York,40.81976,-73.94825
04/12/2018,AQS,1,0.041,ppm,38,CCNY,17,100,44201,Ozone,87,35620,"New York-Newark-Jersey City, NY-NJ-PA",36,New York,61,New York,40.81976,-73.94825
04/13/2018,AQS,1,0.051,ppm,47,CCNY,17,100,44201,Ozone,87,35620,"New York-Newark-Jersey City, NY-NJ-PA",36,New York,61,New York,40.81976,-73.94825
04/14/2018,AQS,1,0.052,ppm,48,CCNY,17,100,44201,Ozone,87,35620,"New York-Newark-Jersey City, NY-NJ-PA",36,New York,61,New York,40.81976,-73.94825
04/15/2018,AQS,1,0.04,ppm,37,CCNY,17,100,44201,Ozone,87,35620,"New York-Newark-Jersey City, NY-NJ-PA",36,New York,61,New York,40.81976,-73.94825
04/16/2018,AQS,1,0.038,ppm,35,CCNY,17,100,44201,Ozone,87,35620,"New York-Newark-Jersey City, NY-NJ-PA",36,New York,61,New York,40.81976,-73.94825
04/17/2018,AQS,1,0.031,ppm,29,CCNY,17,100,44201,Ozone,87,35620,"New York-Newark-Jersey City, NY-NJ-PA",36,New York,61,New York,40.81976,-73.94825
04/18/2018,AQS,1,0.033,ppm,31,CCNY,17,100,44201,Ozone,87,35620,"New York-Newark-Jersey City, NY-NJ-PA",36,New York,61,New York,40.81976,-73.94825
04/19/2018,AQS,1,0.037,ppm,34,CCNY,17,100,44201,Ozone,87,35620,"New York-Newark-Jersey City, NY-NJ-PA",36,New York,61,New York,40.81976,-73.94825
04/20/2018,AQS,1,0.035,ppm,32,CCNY,17,100,44201,Ozone,87,35620,"New York-Newark-Jersey City, NY-NJ-PA",36,New York,61,New York,40.81976,-73.94825
04/21/2018,AQS,1,0.047,ppm,44,CCNY,17,100,44201,Ozone,87,35620,"New York-Newark-Jersey City, NY-NJ-PA",36,New York,61,New York,40.81976,-73.94825
04/22/2018,AQS,1,0.052,ppm,48,CCNY,17,100,44201,Ozone,87,35620,"New York-Newark-Jersey City, NY-NJ-PA",36,New York,61,New York,40.81976,-73.94825
04/23/2018,AQS,1,0.049,ppm,45,CCNY,17,100,44201,Ozone,87,35620,"New York-Newark-Jersey City, NY-NJ-PA",36,New York,61,New York,40.81976,-73.94825
04/24/2018,AQS,1,0.051,ppm,47,CCNY,17,100,44201,Ozone,87,35620,"New York-Newark-Jersey City, NY-NJ-PA",36,New York,61,New York,40.81976,-73.94825
04/25/2018,AQS,1,0.033,ppm,31,CCNY,17,100,44201,Ozone,87,35620,"New York-Newark-Jersey City, NY-NJ-PA",36,New York,61,New York,40.81976,-73.94825
04/26/2018,AQS,1,0.047,ppm,44,CCNY,17,100,44201,Ozone,87,35620,"New York-Newark-Jersey City, NY-NJ-PA",36,New York,61,New York,40.81976,-73.94825
04/27/2018,AQS,1,0.029,ppm,27,CCNY,17,100,44201,Ozone,87,35620,"New York-Newark-Jersey City, NY-NJ-PA",36,New York,61,New York,40.81976,-73.94825
04/28/2018,AQS,1,0.049,ppm,45,CCNY,17,100,44201,Ozone,87,35620,"New York-Newark-Jersey City, NY-NJ-PA",36,New York,61,New York,40.81976,-73.94825
04/29/2018,AQS,1,0.032,ppm,30,CCNY,17,100,44201,Ozone,87,35620,"New York-Newark-Jersey City, NY-NJ-PA",36,New York,61,New York,40.81976,-73.94825
04/30/2018,AQS,1,0.034,ppm,31,CCNY,17,100,44201,Ozone,87,35620,"New York-Newark-Jersey City, NY-NJ-PA",36,New York,61,New York,40.81976,-73.94825
05/01/2018,AQS,1,0.056,ppm,54,CCNY,17,100,44201,Ozone,87,35620,"New York-Newark-Jersey City, NY-NJ-PA",36,New York,61,New York,40.81976,-73.94825
05/02/2018,AQS,1,0.066,ppm,87,CCNY,17,100,44201,Ozone,87,35620,"New York-Newark-Jersey City, NY-NJ-PA",36,New York,61,New York,40.81976,-73.94825
05/03/2018,AQS,1,0.061,ppm,71,CCNY,17,100,44201,Ozone,87,35620,"New York-Newark-Jersey City, NY-NJ-PA",36,New York,61,New York,40.81976,-73.94825
05/04/2018,AQS,1,0.052,ppm,48,CCNY,17,100,44201,Ozone,87,35620,"New York-Newark-Jersey City, NY-NJ-PA",36,New York,61,New York,40.81976,-73.94825
05/05/2018,AQS,1,0.053,ppm,49,CCNY,17,100,44201,Ozone,87,35620,"New York-Newark-Jersey City, NY-NJ-PA",36,New York,61,New York,40.81976,-73.94825
05/06/2018,AQS,1,0.046,ppm,43,CCNY,17,100,44201,Ozone,87,35620,"New York-Newark-Jersey City, NY-NJ-PA",36,New York,61,New York,40.81976,-73.94825
05/07/2018,AQS,1,0.049,ppm,45,CCNY,17,100,44201,Ozone,87,35620,"New York-Newark-Jersey City, NY-NJ-PA",36,New York,61,New York,40.81976,-73.94825
05/08/2018,AQS,1,0.053,ppm,49,CCNY,17,100,44201,Ozone,87,35620,"New York-Newark-Jersey City, NY-NJ-PA",36,New York,61,New York,40.81976,-73.94825
05/09/2018,AQS,1,0.047,ppm,44,CCNY,17,100,44201,Ozone,87,35620,"New York-Newark-Jersey City, NY-NJ-PA",36,New York,61,New York,40.81976,-73.94825
05/10/2018,AQS,1,0.032,ppm,30,CCNY,17,100,44201,Ozone,87,35620,"New York-Newark-Jersey City, NY-NJ-PA",36,New York,61,New York,40.81976,-73.94825
05/12/2018,AQS,1,0.034,ppm,31,CCNY,15,88,44201,Ozone,87,35620,"New York-Newark-Jersey City, NY-NJ-PA",36,New York,61,New York,40.81976,-73.94825
05/13/2018,AQS,1,0.03,ppm,28,CCNY,17,100,44201,Ozone,87,35620,"New York-Newark-Jersey City, NY-NJ-PA",36,New York,61,New York,40.81976,-73.94825
05/14/2018,AQS,1,0.027,ppm,25,CCNY,17,100,44201,Ozone,87,35620,"New York-Newark-Jersey City, NY-NJ-PA",36,New York,61,New York,40.81976,-73.94825
05/15/2018,AQS,1,0.056,ppm,54,CCNY,17,100,44201,Ozone,87,35620,"New York-Newark-Jersey City, NY-NJ-PA",36,New York,61,New York,40.81976,-73.94825
05/16/2018,AQS,1,0.026,ppm,24,CCNY,17,100,44201,Ozone,87,35620,"New York-Newark-Jersey City, NY-NJ-PA",36,New York,61,New York,40.81976,-73.94825
05/17/2018,AQS,1,0.013,ppm,12,CCNY,17,100,44201,Ozone,87,35620,"New York-Newark-Jersey City, NY-NJ-PA",36,New York,61,New York,40.81976,-73.94825
05/18/2018,AQS,1,0.036,ppm,33,CCNY,17,100,44201,Ozone,87,35620,"New York-Newark-Jersey City, NY-NJ-PA",36,New York,61,New York,40.81976,-73.94825
05/19/2018,AQS,1,0.02,ppm,19,CCNY,15,88,44201,Ozone,87,35620,"New York-Newark-Jersey City, NY-NJ-PA",36,New York,61,New York,40.81976,-73.94825
05/20/2018,AQS,1,0.033,ppm,31,CCNY,17,100,44201,Ozone,87,35620,"New York-Newark-Jersey City, NY-NJ-PA",36,New York,61,New York,40.81976,-73.94825
05/21/2018,AQS,1,0.05,ppm,46,CCNY,17,100,44201,Ozone,87,35620,"New York-Newark-Jersey City, NY-NJ-PA",36,New York,61,New York,40.81976,-73.94825
05/22/2018,AQS,1,0.027,ppm,25,CCNY,17,100,44201,Ozone,87,35620,"New York-Newark-Jersey City, NY-NJ-PA",36,New York,61,New York,40.81976,-73.94825
05/23/2018,AQS,1,0.039,ppm,36,CCNY,17,100,44201,Ozone,87,35620,"New York-Newark-Jersey City, NY-NJ-PA",36,New York,61,New York,40.81976,-73.94825
05/24/2018,AQS,1,0.062,ppm,74,CCNY,17,100,44201,Ozone,87,35620,"New York-Newark-Jersey City, NY-NJ-PA",36,New York,61,New York,40.81976,-73.94825
05/25/2018,AQS,1,0.061,ppm,71,CCNY,17,100,44201,Ozone,87,35620,"New York-Newark-Jersey City, NY-NJ-PA",36,New York,61,New York,40.81976,-73.94825
05/26/2018,AQS,1,0.062,ppm,74,CCNY,17,100,44201,Ozone,87,35620,"New York-Newark-Jersey City, NY-NJ-PA",36,New York,61,New York,40.81976,-73.94825
05/27/2018,AQS,1,0.039,ppm,36,CCNY,17,100,44201,Ozone,87,35620,"New York-Newark-Jersey City, NY-NJ-PA",36,New York,61,New York,40.81976,-73.94825
05/28/2018,AQS,1,0.019,ppm,18,CCNY,17,100,44201,Ozone,87,35620,"New York-Newark-Jersey City, NY-NJ-PA",36,New York,61,New York,40.81976,-73.94825
05/29/2018,AQS,1,0.068,ppm,93,CCNY,17,100,44201,Ozone,87,35620,"New York-Newark-Jersey City, NY-NJ-PA",36,New York,61,New York,40.81976,-73.94825
05/30/2018,AQS,1,0.034,ppm,31,CCNY,17,100,44201,Ozone,87,35620,"New York-Newark-Jersey City, NY-NJ-PA",36,New York,61,New York,40.81976,-73.94825
05/31/2018,AQS,1,0.019,ppm,18,CCNY,17,100,44201,Ozone,87,35620,"New York-Newark-Jersey City, NY-NJ-PA",36,New York,61,New York,40.81976,-73.94825
06/01/2018,AQS,1,0.029,ppm,27,CCNY,17,100,44201,Ozone,87,35620,"New York-Newark-Jersey City, NY-NJ-PA",36,New York,61,New York,40.81976,-73.94825
06/02/2018,AQS,1,0.051,ppm,47,CCNY,17,100,44201,Ozone,87,35620,"New York-Newark-Jersey City, NY-NJ-PA",36,New York,61,New York,40.81976,-73.94825
06/03/2018,AQS,1,0.025,ppm,23,CCNY,17,100,44201,Ozone,87,35620,"New York-Newark-Jersey City, NY-NJ-PA",36,New York,61,New York,40.81976,-73.94825
06/04/2018,AQS,1,0.031,ppm,29,CCNY,17,100,44201,Ozone,87,35620,"New York-Newark-Jersey City, NY-NJ-PA",36,New York,61,New York,40.81976,-73.94825
06/05/2018,AQS,1,0.041,ppm,38,CCNY,17,100,44201,Ozone,87,35620,"New York-Newark-Jersey City, NY-NJ-PA",36,New York,61,New York,40.81976,-73.94825
06/06/2018,AQS,1,0.031,ppm,29,CCNY,17,100,44201,Ozone,87,35620,"New York-Newark-Jersey City, NY-NJ-PA",36,New York,61,New York,40.81976,-73.94825
06/07/2018,AQS,1,0.03,ppm,28,CCNY,17,100,44201,Ozone,87,35620,"New York-Newark-Jersey City, NY-NJ-PA",36,New York,61,New York,40.81976,-73.94825
06/08/2018,AQS,1,0.047,ppm,44,CCNY,17,100,44201,Ozone,87,35620,"New York-Newark-Jersey City, NY-NJ-PA",36,New York,61,New York,40.81976,-73.94825
06/09/2018,AQS,1,0.052,ppm,48,CCNY,17,100,44201,Ozone,87,35620,"New York-Newark-Jersey City, NY-NJ-PA",36,New York,61,New York,40.81976,-73.94825
06/10/2018,AQS,1,0.031,ppm,29,CCNY,17,100,44201,Ozone,87,35620,"New York-Newark-Jersey City, NY-NJ-PA",36,New York,61,New York,40.81976,-73.94825
06/11/2018,AQS,1,0.043,ppm,40,CCNY,17,100,44201,Ozone,87,35620,"New York-Newark-Jersey City, NY-NJ-PA",36,New York,61,New York,40.81976,-73.94825
06/12/2018,AQS,1,0.04,ppm,37,CCNY,17,100,44201,Ozone,87,35620,"New York-Newark-Jersey City, NY-NJ-PA",36,New York,61,New York,40.81976,-73.94825
06/13/2018,AQS,1,0.034,ppm,31,CCNY,17,100,44201,Ozone,87,35620,"New York-Newark-Jersey City, NY-NJ-PA",36,New York,61,New York,40.81976,-73.94825
06/14/2018,AQS,1,0.045,ppm,42,CCNY,17,100,44201,Ozone,87,35620,"New York-Newark-Jersey City, NY-NJ-PA",36,New York,61,New York,40.81976,-73.94825
06/15/2018,AQS,1,0.032,ppm,30,CCNY,17,100,44201,Ozone,87,35620,"New York-Newark-Jersey City, NY-NJ-PA",36,New York,61,New York,40.81976,-73.94825
06/16/2018,AQS,1,0.046,ppm,43,CCNY,17,100,44201,Ozone,87,35620,"New York-Newark-Jersey City, NY-NJ-PA",36,New York,61,New York,40.81976,-73.94825
06/17/2018,AQS,1,0.071,ppm,101,CCNY,17,100,44201,Ozone,87,35620,"New York-Newark-Jersey City, NY-NJ-PA",36,New York,61,New York,40.81976,-73.94825
06/18/2018,AQS,1,0.078,ppm,126,CCNY,17,100,44201,Ozone,87,35620,"New York-Newark-Jersey City, NY-NJ-PA",36,New York,61,New York,40.81976,-73.94825
06/19/2018,AQS,1,0.043,ppm,40,CCNY,17,100,44201,Ozone,87,35620,"New York-Newark-Jersey City, NY-NJ-PA",36,New York,61,New York,40.81976,-73.94825
06/20/2018,AQS,1,0.052,ppm,48,CCNY,17,100,44201,Ozone,87,35620,"New York-Newark-Jersey City, NY-NJ-PA",36,New York,61,New York,40.81976,-73.94825
06/21/2018,AQS,1,0.046,ppm,43,CCNY,17,100,44201,Ozone,87,35620,"New York-Newark-Jersey City, NY-NJ-PA",36,New York,61,New York,40.81976,-73.94825
06/22/2018,AQS,1,0.039,ppm,36,CCNY,17,100,44201,Ozone,87,35620,"New York-Newark-Jersey City, NY-NJ-PA",36,New York,61,New York,40.81976,-73.94825
06/23/2018,AQS,1,0.031,ppm,29,CCNY,17,100,44201,Ozone,87,35620,"New York-Newark-Jersey City, NY-NJ-PA",36,New York,61,New York,40.81976,-73.94825
06/24/2018,AQS,1,0.045,ppm,42,CCNY,17,100,44201,Ozone,87,35620,"New York-Newark-Jersey City, NY-NJ-PA",36,New York,61,New York,40.81976,-73.94825
06/25/2018,AQS,1,0.035,ppm,32,CCNY,17,100,44201,Ozone,87,35620,"New York-Newark-Jersey City, NY-NJ-PA",36,New York,61,New York,40.81976,-73.94825
06/26/2018,AQS,1,0.036,ppm,33,CCNY,17,100,44201,Ozone,87,35620,"New York-Newark-Jersey City, NY-NJ-PA",36,New York,61,New York,40.81976,-73.94825
06/27/2018,AQS,1,0.035,ppm,32,CCNY,17,100,44201,Ozone,87,35620,"New York-Newark-Jersey City, NY-NJ-PA",36,New York,61,New York,40.81976,-73.94825
06/28/2018,AQS,1,0.045,ppm,42,CCNY,17,100,44201,Ozone,87,35620,"New York-Newark-Jersey City, NY-NJ-PA",36,New York,61,New York,40.81976,-73.94825
06/29/2018,AQS,1,0.053,ppm,49,CCNY,17,100,44201,Ozone,87,35620,"New York-Newark-Jersey City, NY-NJ-PA",36,New York,61,New York,40.81976,-73.94825
06/30/2018,AQS,1,0.074,ppm,112,CCNY,17,100,44201,Ozone,87,35620,"New York-Newark-Jersey City, NY-NJ-PA",36,New York,61,New York,40.81976,-73.94825
07/01/2018,AQS,1,0.082,ppm,140,CCNY,17,100,44201,Ozone,87,35620,"New York-Newark-Jersey City, NY-NJ-PA",36,New York,61,New York,40.81976,-73.94825
07/02/2018,AQS,1,0.086,ppm,151,CCNY,17,100,44201,Ozone,87,35620,"New York-Newark-Jersey City, NY-NJ-PA",36,New York,61,New York,40.81976,-73.94825
07/03/2018,AQS,1,0.054,ppm,50,CCNY,17,100,44201,Ozone,87,35620,"New York-Newark-Jersey City, NY-NJ-PA",36,New York,61,New York,40.81976,-73.94825
07/04/2018,AQS,1,0.046,ppm,43,CCNY,17,100,44201,Ozone,87,35620,"New York-Newark-Jersey City, NY-NJ-PA",36,New York,61,New York,40.81976,-73.94825
07/05/2018,AQS,1,0.024,ppm,22,CCNY,17,100,44201,Ozone,87,35620,"New York-Newark-Jersey City, NY-NJ-PA",36,New York,61,New York,40.81976,-73.94825
07/06/2018,AQS,1,0.028,ppm,26,CCNY,17,100,44201,Ozone,87,35620,"New York-Newark-Jersey City, NY-NJ-PA",36,New York,61,New York,40.81976,-73.94825
07/07/2018,AQS,1,0.04,ppm,37,CCNY,17,100,44201,Ozone,87,35620,"New York-Newark-Jersey City, NY-NJ-PA",36,New York,61,New York,40.81976,-73.94825
07/08/2018,AQS,1,0.049,ppm,45,CCNY,17,100,44201,Ozone,87,35620,"New York-Newark-Jersey City, NY-NJ-PA",36,New York,61,New York,40.81976,-73.94825
07/09/2018,AQS,1,0.072,ppm,105,CCNY,17,100,44201,Ozone,87,35620,"New York-Newark-Jersey City, NY-NJ-PA",36,New York,61,New York,40.81976,-73.94825
07/10/2018,AQS,1,0.077,ppm,122,CCNY,17,100,44201,Ozone,87,35620,"New York-Newark-Jersey City, NY-NJ-PA",36,New York,61,New York,40.81976,-73.94825
07/11/2018,AQS,1,0.046,ppm,43,CCNY,17,100,44201,Ozone,87,35620,"New York-Newark-Jersey City, NY-NJ-PA",36,New York,61,New York,40.81976,-73.94825
07/12/2018,AQS,1,0.057,ppm,58,CCNY,17,100,44201,Ozone,87,35620,"New York-Newark-Jersey City, NY-NJ-PA",36,New York,61,New York,40.81976,-73.94825
07/13/2018,AQS,1,0.055,ppm,51,CCNY,17,100,44201,Ozone,87,35620,"New York-Newark-Jersey City, NY-NJ-PA",36,New York,61,New York,40.81976,-73.94825
07/14/2018,AQS,1,0.058,ppm,61,CCNY,17,100,44201,Ozone,87,35620,"New York-Newark-Jersey City, NY-NJ-PA",36,New York,61,New York,40.81976,-73.94825
07/15/2018,AQS,1,0.049,ppm,45,CCNY,17,100,44201,Ozone,87,35620,"New York-Newark-Jersey City, NY-NJ-PA",36,New York,61,New York,40.81976,-73.94825
07/16/2018,AQS,1,0.071,ppm,101,CCNY,17,100,44201,Ozone,87,35620,"New York-Newark-Jersey City, NY-NJ-PA",36,New York,61,New York,40.81976,-73.94825
07/17/2018,AQS,1,0.051,ppm,47,CCNY,17,100,44201,Ozone,87,35620,"New York-Newark-Jersey City, NY-NJ-PA",36,New York,61,New York,40.81976,-73.94825
07/18/2018,AQS,1,0.032,ppm,30,CCNY,17,100,44201,Ozone,87,35620,"New York-Newark-Jersey City, NY-NJ-PA",36,New York,61,New York,40.81976,-73.94825
07/19/2018,AQS,1,0.055,ppm,51,CCNY,17,100,44201,Ozone,87,35620,"New York-Newark-Jersey City, NY-NJ-PA",36,New York,61,New York,40.81976,-73.94825
07/20/2018,AQS,1,0.05,ppm,46,CCNY,17,100,44201,Ozone,87,35620,"New York-Newark-Jersey City, NY-NJ-PA",36,New York,61,New York,40.81976,-73.94825
07/21/2018,AQS,1,0.037,ppm,34,CCNY,17,100,44201,Ozone,87,35620,"New York-Newark-Jersey City, NY-NJ-PA",36,New York,61,New York,40.81976,-73.94825
07/22/2018,AQS,1,0.029,ppm,27,CCNY,17,100,44201,Ozone,87,35620,"New York-Newark-Jersey City, NY-NJ-PA",36,New York,61,New York,40.81976,-73.94825
07/23/2018,AQS,1,0.024,ppm,22,CCNY,17,100,44201,Ozone,87,35620,"New York-Newark-Jersey City, NY-NJ-PA",36,New York,61,New York,40.81976,-73.94825
07/24/2018,AQS,1,0.022,ppm,20,CCNY,17,100,44201,Ozone,87,35620,"New York-Newark-Jersey City, NY-NJ-PA",36,New York,61,New York,40.81976,-73.94825
07/25/2018,AQS,1,0.023,ppm,21,CCNY,17,100,44201,Ozone,87,35620,"New York-Newark-Jersey City, NY-NJ-PA",36,New York,61,New York,40.81976,-73.94825
07/26/2018,AQS,1,0.049,ppm,45,CCNY,17,100,44201,Ozone,87,35620,"New York-Newark-Jersey City, NY-NJ-PA",36,New York,61,New York,40.81976,-73.94825
07/27/2018,AQS,1,0.05,ppm,46,CCNY,17,100,44201,Ozone,87,35620,"New York-Newark-Jersey City, NY-NJ-PA",36,New York,61,New York,40.81976,-73.94825
07/28/2018,AQS,1,0.068,ppm,93,CCNY,17,100,44201,Ozone,87,35620,"New York-Newark-Jersey City, NY-NJ-PA",36,New York,61,New York,40.81976,-73.94825
07/29/2018,AQS,1,0.038,ppm,35,CCNY,17,100,44201,Ozone,87,35620,"New York-Newark-Jersey City, NY-NJ-PA",36,New York,61,New York,40.81976,-73.94825
07/30/2018,AQS,1,0.039,ppm,36,CCNY,17,100,44201,Ozone,87,35620,"New York-Newark-Jersey City, NY-NJ-PA",36,New York,61,New York,40.81976,-73.94825
07/31/2018,AQS,1,0.049,ppm,45,CCNY,17,100,44201,Ozone,87,35620,"New York-Newark-Jersey City, NY-NJ-PA",36,New York,61,New York,40.81976,-73.94825
08/01/2018,AQS,1,0.038,ppm,35,CCNY,17,100,44201,Ozone,87,35620,"New York-Newark-Jersey City, NY-NJ-PA",36,New York,61,New York,40.81976,-73.94825
08/02/2018,AQS,1,0.038,ppm,35,CCNY,17,100,44201,Ozone,87,35620,"New York-Newark-Jersey City, NY-NJ-PA",36,New York,61,New York,40.81976,-73.94825
08/03/2018,AQS,1,0.019,ppm,18,CCNY,14,82,44201,Ozone,87,35620,"New York-Newark-Jersey City, NY-NJ-PA",36,New York,61,New York,40.81976,-73.94825
08/04/2018,AQS,1,0.038,ppm,35,CCNY,17,100,44201,Ozone,87,35620,"New York-Newark-Jersey City, NY-NJ-PA",36,New York,61,New York,40.81976,-73.94825
08/05/2018,AQS,1,0.058,ppm,61,CCNY,17,100,44201,Ozone,87,35620,"New York-Newark-Jersey City, NY-NJ-PA",36,New York,61,New York,40.81976,-73.94825
08/06/2018,AQS,1,0.074,ppm,112,CCNY,17,100,44201,Ozone,87,35620,"New York-Newark-Jersey City, NY-NJ-PA",36,New York,61,New York,40.81976,-73.94825
08/07/2018,AQS,1,0.058,ppm,61,CCNY,17,100,44201,Ozone,87,35620,"New York-Newark-Jersey City, NY-NJ-PA",36,New York,61,New York,40.81976,-73.94825
08/08/2018,AQS,1,0.068,ppm,93,CCNY,17,100,44201,Ozone,87,35620,"New York-Newark-Jersey City, NY-NJ-PA",36,New York,61,New York,40.81976,-73.94825
08/09/2018,AQS,1,0.046,ppm,43,CCNY,17,100,44201,Ozone,87,35620,"New York-Newark-Jersey City, NY-NJ-PA",36,New York,61,New York,40.81976,-73.94825
08/10/2018,AQS,1,0.056,ppm,54,CCNY,17,100,44201,Ozone,87,35620,"New York-Newark-Jersey City, NY-NJ-PA",36,New York,61,New York,40.81976,-73.94825
08/11/2018,AQS,1,0.041,ppm,38,CCNY,14,82,44201,Ozone,87,35620,"New York-Newark-Jersey City, NY-NJ-PA",36,New York,61,New York,40.81976,-73.94825
08/12/2018,AQS,1,0.048,ppm,44,CCNY,17,100,44201,Ozone,87,35620,"New York-Newark-Jersey City, NY-NJ-PA",36,New York,61,New York,40.81976,-73.94825
08/13/2018,AQS,1,0.023,ppm,21,CCNY,17,100,44201,Ozone,87,35620,"New York-Newark-Jersey City, NY-NJ-PA",36,New York,61,New York,40.81976,-73.94825
08/14/2018,AQS,1,0.04,ppm,37,CCNY,17,100,44201,Ozone,87,35620,"New York-Newark-Jersey City, NY-NJ-PA",36,New York,61,New York,40.81976,-73.94825
08/15/2018,AQS,1,0.047,ppm,44,CCNY,17,100,44201,Ozone,87,35620,"New York-Newark-Jersey City, NY-NJ-PA",36,New York,61,New York,40.81976,-73.94825
08/16/2018,AQS,1,0.068,ppm,93,CCNY,17,100,44201,Ozone,87,35620,"New York-Newark-Jersey City, NY-NJ-PA",36,New York,61,New York,40.81976,-73.94825
08/17/2018,AQS,1,0.075,ppm,115,CCNY,5,29,44201,Ozone,87,35620,"New York-Newark-Jersey City, NY-NJ-PA",36,New York,61,New York,40.81976,-73.94825
08/22/2018,AQS,1,0.044,ppm,41,CCNY,14,82,44201,Ozone,87,35620,"New York-Newark-Jersey City, NY-NJ-PA",36,New York,61,New York,40.81976,-73.94825
08/23/2018,AQS,1,0.029,ppm,27,CCNY,17,100,44201,Ozone,87,35620,"New York-Newark-Jersey City, NY-NJ-PA",36,New York,61,New York,40.81976,-73.94825
08/24/2018,AQS,1,0.053,ppm,49,CCNY,17,100,44201,Ozone,87,35620,"New York-Newark-Jersey City, NY-NJ-PA",36,New York,61,New York,40.81976,-73.94825
08/25/2018,AQS,1,0.049,ppm,45,CCNY,17,100,44201,Ozone,87,35620,"New York-Newark-Jersey City, NY-NJ-PA",36,New York,61,New York,40.81976,-73.94825
08/26/2018,AQS,1,0.054,ppm,50,CCNY,17,100,44201,Ozone,87,35620,"New York-Newark-Jersey City, NY-NJ-PA",36,New York,61,New York,40.81976,-73.94825
08/27/2018,AQS,1,0.06,ppm,67,CCNY,17,100,44201,Ozone,87,35620,"New York-Newark-Jersey City, NY-NJ-PA",36,New York,61,New York,40.81976,-73.94825
08/28/2018,AQS,1,0.056,ppm,54,CCNY,17,100,44201,Ozone,87,35620,"New York-Newark-Jersey City, NY-NJ-PA",36,New York,61,New York,40.81976,-73.94825
08/29/2018,AQS,1,0.056,ppm,54,CCNY,17,100,44201,Ozone,87,35620,"New York-Newark-Jersey City, NY-NJ-PA",36,New York,61,New York,40.81976,-73.94825
08/30/2018,AQS,1,0.047,ppm,44,CCNY,17,100,44201,Ozone,87,35620,"New York-Newark-Jersey City, NY-NJ-PA",36,New York,61,New York,40.81976,-73.94825
08/31/2018,AQS,1,0.025,ppm,23,CCNY,17,100,44201,Ozone,87,35620,"New York-Newark-Jersey City, NY-NJ-PA",36,New York,61,New York,40.81976,-73.94825
09/01/2018,AQS,1,0.044,ppm,41,CCNY,14,82,44201,Ozone,87,35620,"New York-Newark-Jersey City, NY-NJ-PA",36,New York,61,New York,40.81976,-73.94825
09/02/2018,AQS,1,0.038,ppm,35,CCNY,17,100,44201,Ozone,87,35620,"New York-Newark-Jersey City, NY-NJ-PA",36,New York,61,New York,40.81976,-73.94825
09/03/2018,AQS,1,0.053,ppm,49,CCNY,17,100,44201,Ozone,87,35620,"New York-Newark-Jersey City, NY-NJ-PA",36,New York,61,New York,40.81976,-73.94825
09/04/2018,AQS,1,0.052,ppm,48,CCNY,17,100,44201,Ozone,87,35620,"New York-Newark-Jersey City, NY-NJ-PA",36,New York,61,New York,40.81976,-73.94825
09/05/2018,AQS,1,0.052,ppm,48,CCNY,17,100,44201,Ozone,87,35620,"New York-Newark-Jersey City, NY-NJ-PA",36,New York,61,New York,40.81976,-73.94825
09/06/2018,AQS,1,0.059,ppm,64,CCNY,17,100,44201,Ozone,87,35620,"New York-Newark-Jersey City, NY-NJ-PA",36,New York,61,New York,40.81976,-73.94825
09/07/2018,AQS,1,0.02,ppm,19,CCNY,17,100,44201,Ozone,87,35620,"New York-Newark-Jersey City, NY-NJ-PA",36,New York,61,New York,40.81976,-73.94825
09/08/2018,AQS,1,0.022,ppm,20,CCNY,17,100,44201,Ozone,87,35620,"New York-Newark-Jersey City, NY-NJ-PA",36,New York,61,New York,40.81976,-73.94825
09/09/2018,AQS,1,0.013,ppm,12,CCNY,17,100,44201,Ozone,87,35620,"New York-Newark-Jersey City, NY-NJ-PA",36,New York,61,New York,40.81976,-73.94825
09/10/2018,AQS,1,0.023,ppm,21,CCNY,17,100,44201,Ozone,87,35620,"New York-Newark-Jersey City, NY-NJ-PA",36,New York,61,New York,40.81976,-73.94825
09/11/2018,AQS,1,0.005,ppm,5,CCNY,17,100,44201,Ozone,87,35620,"New York-Newark-Jersey City, NY-NJ-PA",36,New York,61,New York,40.81976,-73.94825
09/12/2018,AQS,1,0.009,ppm,8,CCNY,17,100,44201,Ozone,87,35620,"New York-Newark-Jersey City, NY-NJ-PA",36,New York,61,New York,40.81976,-73.94825
09/13/2018,AQS,1,0.024,ppm,22,CCNY,17,100,44201,Ozone,87,35620,"New York-Newark-Jersey City, NY-NJ-PA",36,New York,61,New York,40.81976,-73.94825
09/14/2018,AQS,1,0.027,ppm,25,CCNY,17,100,44201,Ozone,87,35620,"New York-Newark-Jersey City, NY-NJ-PA",36,New York,61,New York,40.81976,-73.94825
09/15/2018,AQS,1,0.045,ppm,42,CCNY,15,88,44201,Ozone,87,35620,"New York-Newark-Jersey City, NY-NJ-PA",36,New York,61,New York,40.81976,-73.94825
09/16/2018,AQS,1,0.05,ppm,46,CCNY,17,100,44201,Ozone,87,35620,"New York-Newark-Jersey City, NY-NJ-PA",36,New York,61,New York,40.81976,-73.94825
09/17/2018,AQS,1,0.023,ppm,21,CCNY,17,100,44201,Ozone,87,35620,"New York-Newark-Jersey City, NY-NJ-PA",36,New York,61,New York,40.81976,-73.94825
09/18/2018,AQS,1,0.019,ppm,18,CCNY,17,100,44201,Ozone,87,35620,"New York-Newark-Jersey City, NY-NJ-PA",36,New York,61,New York,40.81976,-73.94825
09/19/2018,AQS,1,0.035,ppm,32,CCNY,17,100,44201,Ozone,87,35620,"New York-Newark-Jersey City, NY-NJ-PA",36,New York,61,New York,40.81976,-73.94825
09/20/2018,AQS,1,0.023,ppm,21,CCNY,17,100,44201,Ozone,87,35620,"New York-Newark-Jersey City, NY-NJ-PA",36,New York,61,New York,40.81976,-73.94825
09/21/2018,AQS,1,0.025,ppm,23,CCNY,17,100,44201,Ozone,87,35620,"New York-Newark-Jersey City, NY-NJ-PA",36,New York,61,New York,40.81976,-73.94825
09/22/2018,AQS,1,0.024,ppm,22,CCNY,17,100,44201,Ozone,87,35620,"New York-Newark-Jersey City, NY-NJ-PA",36,New York,61,New York,40.81976,-73.94825
09/23/2018,AQS,1,0.024,ppm,22,CCNY,17,100,44201,Ozone,87,35620,"New York-Newark-Jersey City, NY-NJ-PA",36,New York,61,New York,40.81976,-73.94825
09/24/2018,AQS,1,0.027,ppm,25,CCNY,17,100,44201,Ozone,87,35620,"New York-Newark-Jersey City, NY-NJ-PA",36,New York,61,New York,40.81976,-73.94825
09/25/2018,AQS,1,0.02,ppm,19,CCNY,17,100,44201,Ozone,87,35620,"New York-Newark-Jersey City, NY-NJ-PA",36,New York,61,New York,40.81976,-73.94825
09/26/2018,AQS,1,0.024,ppm,22,CCNY,17,100,44201,Ozone,87,35620,"New York-Newark-Jersey City, NY-NJ-PA",36,New York,61,New York,40.81976,-73.94825
09/27/2018,AQS,1,0.033,ppm,31,CCNY,17,100,44201,Ozone,87,35620,"New York-Newark-Jersey City, NY-NJ-PA",36,New York,61,New York,40.81976,-73.94825
09/28/2018,AQS,1,0.021,ppm,19,CCNY,17,100,44201,Ozone,87,35620,"New York-Newark-Jersey City, NY-NJ-PA",36,New York,61,New York,40.81976,-73.94825
09/29/2018,AQS,1,0.035,ppm,32,CCNY,17,100,44201,Ozone,87,35620,"New York-Newark-Jersey City, NY-NJ-PA",36,New York,61,New York,40.81976,-73.94825
09/30/2018,AQS,1,0.035,ppm,32,CCNY,17,100,44201,Ozone,87,35620,"New York-Newark-Jersey City, NY-NJ-PA",36,New York,61,New York,40.81976,-73.94825
10/01/2018,AQS,1,0.032,ppm,30,CCNY,17,100,44201,Ozone,87,35620,"New York-Newark-Jersey City, NY-NJ-PA",36,New York,61,New York,40.81976,-73.94825
10/06/2018,AQS,1,0.02,ppm,19,CCNY,15,88,44201,Ozone,87,35620,"New York-Newark-Jersey City, NY-NJ-PA",36,New York,61,New York,40.81976,-73.94825
10/07/2018,AQS,1,0.024,ppm,22,CCNY,17,100,44201,Ozone,87,35620,"New York-Newark-Jersey City, NY-NJ-PA",36,New York,61,New York,40.81976,-73.94825
10/08/2018,AQS,1,0.011,ppm,10,CCNY,17,100,44201,Ozone,87,35620,"New York-Newark-Jersey City, NY-NJ-PA",36,New York,61,New York,40.81976,-73.94825
10/09/2018,AQS,1,0.013,ppm,12,CCNY,17,100,44201,Ozone,87,35620,"New York-Newark-Jersey City, NY-NJ-PA",36,New York,61,New York,40.81976,-73.94825
10/10/2018,AQS,1,0.023,ppm,21,CCNY,17,100,44201,Ozone,87,35620,"New York-Newark-Jersey City, NY-NJ-PA",36,New York,61,New York,40.81976,-73.94825
10/11/2018,AQS,1,0.02,ppm,19,CCNY,17,100,44201,Ozone,87,35620,"New York-Newark-Jersey City, NY-NJ-PA",36,New York,61,New York,40.81976,-73.94825
10/13/2018,AQS,1,0.026,ppm,24,CCNY,17,100,44201,Ozone,87,35620,"New York-Newark-Jersey City, NY-NJ-PA",36,New York,61,New York,40.81976,-73.94825
10/14/2018,AQS,1,0.024,ppm,22,CCNY,17,100,44201,Ozone,87,35620,"New York-Newark-Jersey City, NY-NJ-PA",36,New York,61,New York,40.81976,-73.94825
10/15/2018,AQS,1,0.022,ppm,20,CCNY,15,88,44201,Ozone,87,35620,"New York-Newark-Jersey City, NY-NJ-PA",36,New York,61,New York,40.81976,-73.94825
10/17/2018,AQS,1,0.028,ppm,26,CCNY,17,100,44201,Ozone,87,35620,"New York-Newark-Jersey City, NY-NJ-PA",36,New York,61,New York,40.81976,-73.94825
10/18/2018,AQS,1,0.029,ppm,27,CCNY,17,100,44201,Ozone,87,35620,"New York-Newark-Jersey City, NY-NJ-PA",36,New York,61,New York,40.81976,-73.94825
10/19/2018,AQS,1,0.03,ppm,28,CCNY,17,100,44201,Ozone,87,35620,"New York-Newark-Jersey City, NY-NJ-PA",36,New York,61,New York,40.81976,-73.94825
10/21/2018,AQS,1,0.027,ppm,25,CCNY,17,100,44201,Ozone,87,35620,"New York-Newark-Jersey City, NY-NJ-PA",36,New York,61,New York,40.81976,-73.94825
10/22/2018,AQS,1,0.019,ppm,18,CCNY,17,100,44201,Ozone,87,35620,"New York-Newark-Jersey City, NY-NJ-PA",36,New York,61,New York,40.81976,-73.94825
10/23/2018,AQS,1,0.034,ppm,31,CCNY,14,82,44201,Ozone,87,35620,"New York-Newark-Jersey City, NY-NJ-PA",36,New York,61,New York,40.81976,-73.94825
10/24/2018,AQS,1,0.024,ppm,22,CCNY,17,100,44201,Ozone,87,35620,"New York-Newark-Jersey City, NY-NJ-PA",36,New York,61,New York,40.81976,-73.94825
10/25/2018,AQS,1,0.025,ppm,23,CCNY,17,100,44201,Ozone,87,35620,"New York-Newark-Jersey City, NY-NJ-PA",36,New York,61,New York,40.81976,-73.94825
10/26/2018,AQS,1,0.034,ppm,31,CCNY,17,100,44201,Ozone,87,35620,"New York-Newark-Jersey City, NY-NJ-PA",36,New York,61,New York,40.81976,-73.94825
10/27/2018,AQS,1,0.032,ppm,30,CCNY,17,100,44201,Ozone,87,35620,"New York-Newark-Jersey City, NY-NJ-PA",36,New York,61,New York,40.81976,-73.94825
10/28/2018,AQS,1,0.026,ppm,24,CCNY,17,100,44201,Ozone,87,35620,"New York-Newark-Jersey City, NY-NJ-PA",36,New York,61,New York,40.81976,-73.94825
10/29/2018,AQS,1,0.031,ppm,29,CCNY,14,82,44201,Ozone,87,35620,"New York-Newark-Jersey City, NY-NJ-PA",36,New York,61,New York,40.81976,-73.94825
10/30/2018,AQS,1,0.031,ppm,29,CCNY,17,100,44201,Ozone,87,35620,"New York-Newark-Jersey City, NY-NJ-PA",36,New York,61,New York,40.81976,-73.94825
10/31/2018,AQS,1,0.032,ppm,30,CCNY,17,100,44201,Ozone,87,35620,"New York-Newark-Jersey City, NY-NJ-PA",36,New York,61,New York,40.81976,-73.94825
11/01/2018,AQS,1,0.028,ppm,26,CCNY,17,100,44201,Ozone,87,35620,"New York-Newark-Jersey City, NY-NJ-PA",36,New York,61,New York,40.81976,-73.94825
11/02/2018,AQS,1,0.03,ppm,28,CCNY,17,100,44201,Ozone,87,35620,"New York-Newark-Jersey City, NY-NJ-PA",36,New York,61,New York,40.81976,-73.94825
11/05/2018,AQS,1,0.018,ppm,17,CCNY,17,100,44201,Ozone,87,35620,"New York-Newark-Jersey City, NY-NJ-PA",36,New York,61,New York,40.81976,-73.94825
11/06/2018,AQS,1,0.011,ppm,10,CCNY,17,100,44201,Ozone,87,35620,"New York-Newark-Jersey City, NY-NJ-PA",36,New York,61,New York,40.81976,-73.94825
11/07/2018,AQS,1,0.022,ppm,20,CCNY,17,100,44201,Ozone,87,35620,"New York-Newark-Jersey City, NY-NJ-PA",36,New York,61,New York,40.81976,-73.94825
11/09/2018,AQS,1,0.018,ppm,17,CCNY,17,100,44201,Ozone,87,35620,"New York-Newark-Jersey City, NY-NJ-PA",36,New York,61,New York,40.81976,-73.94825
11/10/2018,AQS,1,0.029,ppm,27,CCNY,17,100,44201,Ozone,87,35620,"New York-Newark-Jersey City, NY-NJ-PA",36,New York,61,New York,40.81976,-73.94825
11/11/2018,AQS,1,0.027,ppm,25,CCNY,17,100,44201,Ozone,87,35620,"New York-Newark-Jersey City, NY-NJ-PA",36,New York,61,New York,40.81976,-73.94825
11/12/2018,AQS,1,0.014,ppm,13,CCNY,17,100,44201,Ozone,87,35620,"New York-Newark-Jersey City, NY-NJ-PA",36,New York,61,New York,40.81976,-73.94825
11/13/2018,AQS,1,0.029,ppm,27,CCNY,17,100,44201,Ozone,87,35620,"New York-Newark-Jersey City, NY-NJ-PA",36,New York,61,New York,40.81976,-73.94825
11/14/2018,AQS,1,0.029,ppm,27,CCNY,17,100,44201,Ozone,87,35620,"New York-Newark-Jersey City, NY-NJ-PA",36,New York,61,New York,40.81976,-73.94825
11/15/2018,AQS,1,0.031,ppm,29,CCNY,17,100,44201,Ozone,87,35620,"New York-Newark-Jersey City, NY-NJ-PA",36,New York,61,New York,40.81976,-73.94825
11/16/2018,AQS,1,0.03,ppm,28,CCNY,17,100,44201,Ozone,87,35620,"New York-Newark-Jersey City, NY-NJ-PA",36,New York,61,New York,40.81976,-73.94825
11/17/2018,AQS,1,0.018,ppm,17,CCNY,17,100,44201,Ozone,87,35620,"New York-Newark-Jersey City, NY-NJ-PA",36,New York,61,New York,40.81976,-73.94825
11/18/2018,AQS,1,0.018,ppm,17,CCNY,17,100,44201,Ozone,87,35620,"New York-Newark-Jersey City, NY-NJ-PA",36,New York,61,New York,40.81976,-73.94825
11/19/2018,AQS,1,0.016,ppm,15,CCNY,17,100,44201,Ozone,87,35620,"New York-Newark-Jersey City, NY-NJ-PA",36,New York,61,New York,40.81976,-73.94825
11/20/2018,AQS,1,0.025,ppm,23,CCNY,17,100,44201,Ozone,87,35620,"New York-Newark-Jersey City, NY-NJ-PA",36,New York,61,New York,40.81976,-73.94825
11/21/2018,AQS,1,0.028,ppm,26,CCNY,17,100,44201,Ozone,87,35620,"New York-Newark-Jersey City, NY-NJ-PA",36,New York,61,New York,40.81976,-73.94825
11/22/2018,AQS,1,0.028,ppm,26,CCNY,17,100,44201,Ozone,87,35620,"New York-Newark-Jersey City, NY-NJ-PA",36,New York,61,New York,40.81976,-73.94825
11/23/2018,AQS,1,0.011,ppm,10,CCNY,17,100,44201,Ozone,87,35620,"New York-Newark-Jersey City, NY-NJ-PA",36,New York,61,New York,40.81976,-73.94825
11/24/2018,AQS,1,0.031,ppm,29,CCNY,17,100,44201,Ozone,87,35620,"New York-Newark-Jersey City, NY-NJ-PA",36,New York,61,New York,40.81976,-73.94825
11/25/2018,AQS,1,0.033,ppm,31,CCNY,17,100,44201,Ozone,87,35620,"New York-Newark-Jersey City, NY-NJ-PA",36,New York,61,New York,40.81976,-73.94825
11/26/2018,AQS,1,0.034,ppm,31,CCNY,17,100,44201,Ozone,87,35620,"New York-Newark-Jersey City, NY-NJ-PA",36,New York,61,New York,40.81976,-73.94825
11/27/2018,AQS,1,0.015,ppm,14,CCNY,17,100,44201,Ozone,87,35620,"New York-Newark-Jersey City, NY-NJ-PA",36,New York,61,New York,40.81976,-73.94825
11/28/2018,AQS,1,0.02,ppm,19,CCNY,17,100,44201,Ozone,87,35620,"New York-Newark-Jersey City, NY-NJ-PA",36,New York,61,New York,40.81976,-73.94825
11/29/2018,AQS,1,0.025,ppm,23,CCNY,17,100,44201,Ozone,87,35620,"New York-Newark-Jersey City, NY-NJ-PA",36,New York,61,New York,40.81976,-73.94825
11/30/2018,AQS,1,0.004,ppm,4,CCNY,17,100,44201,Ozone,87,35620,"New York-Newark-Jersey City, NY-NJ-PA",36,New York,61,New York,40.81976,-73.94825
12/01/2018,AQS,1,0.026,ppm,24,CCNY,17,100,44201,Ozone,87,35620,"New York-Newark-Jersey City, NY-NJ-PA",36,New York,61,New York,40.81976,-73.94825
12/02/2018,AQS,1,0.012,ppm,11,CCNY,17,100,44201,Ozone,87,35620,"New York-Newark-Jersey City, NY-NJ-PA",36,New York,61,New York,40.81976,-73.94825
12/03/2018,AQS,1,0.026,ppm,24,CCNY,17,100,44201,Ozone,87,35620,"New York-Newark-Jersey City, NY-NJ-PA",36,New York,61,New York,40.81976,-73.94825
12/04/2018,AQS,1,0.026,ppm,24,CCNY,17,100,44201,Ozone,87,35620,"New York-Newark-Jersey City, NY-NJ-PA",36,New York,61,New York,40.81976,-73.94825
12/05/2018,AQS,1,0.019,ppm,18,CCNY,17,100,44201,Ozone,87,35620,"New York-Newark-Jersey City, NY-NJ-PA",36,New York,61,New York,40.81976,-73.94825
12/06/2018,AQS,1,0.016,ppm,15,CCNY,17,100,44201,Ozone,87,35620,"New York-Newark-Jersey City, NY-NJ-PA",36,New York,61,New York,40.81976,-73.94825
12/07/2018,AQS,1,0.023,ppm,21,CCNY,17,100,44201,Ozone,87,35620,"New York-Newark-Jersey City, NY-NJ-PA",36,New York,61,New York,40.81976,-73.94825
12/08/2018,AQS,1,0.018,ppm,17,CCNY,14,82,44201,Ozone,87,35620,"New York-Newark-Jersey City, NY-NJ-PA",36,New York,61,New York,40.81976,-73.94825
12/09/2018,AQS,1,0.011,ppm,10,CCNY,17,100,44201,Ozone,87,35620,"New York-Newark-Jersey City, NY-NJ-PA",36,New York,61,New York,40.81976,-73.94825
12/10/2018,AQS,1,0.023,ppm,21,CCNY,17,100,44201,Ozone,87,35620,"New York-Newark-Jersey City, NY-NJ-PA",36,New York,61,New York,40.81976,-73.94825
12/11/2018,AQS,1,0.012,ppm,11,CCNY,17,100,44201,Ozone,87,35620,"New York-Newark-Jersey City, NY-NJ-PA",36,New York,61,New York,40.81976,-73.94825
12/12/2018,AQS,1,0.017,ppm,16,CCNY,17,100,44201,Ozone,87,35620,"New York-Newark-Jersey City, NY-NJ-PA",36,New York,61,New York,40.81976,-73.94825
12/13/2018,AQS,1,0.029,ppm,27,CCNY,17,100,44201,Ozone,87,35620,"New York-Newark-Jersey City, NY-NJ-PA",36,New York,61,New York,40.81976,-73.94825
12/14/2018,AQS,1,0.022,ppm,20,CCNY,17,100,44201,Ozone,87,35620,"New York-Newark-Jersey City, NY-NJ-PA",36,New York,61,New York,40.81976,-73.94825
12/15/2018,AQS,1,0.036,ppm,33,CCNY,17,100,44201,Ozone,87,35620,"New York-Newark-Jersey City, NY-NJ-PA",36,New York,61,New York,40.81976,-73.94825
12/16/2018,AQS,1,0.036,ppm,33,CCNY,17,100,44201,Ozone,87,35620,"New York-Newark-Jersey City, NY-NJ-PA",36,New York,61,New York,40.81976,-73.94825
12/17/2018,AQS,1,0.036,ppm,33,CCNY,17,100,44201,Ozone,87,35620,"New York-Newark-Jersey City, NY-NJ-PA",36,New York,61,New York,40.81976,-73.94825
12/18/2018,AQS,1,0.026,ppm,24,CCNY,17,100,44201,Ozone,87,35620,"New York-Newark-Jersey City, NY-NJ-PA",36,New York,61,New York,40.81976,-73.94825
12/19/2018,AQS,1,0.009,ppm,8,CCNY,17,100,44201,Ozone,87,35620,"New York-Newark-Jersey City, NY-NJ-PA",36,New York,61,New York,40.81976,-73.94825
12/20/2018,AQS,1,0.029,ppm,27,CCNY,17,100,44201,Ozone,87,35620,"New York-Newark-Jersey City, NY-NJ-PA",36,New York,61,New York,40.81976,-73.94825
12/21/2018,AQS,1,0.029,ppm,27,CCNY,17,100,44201,Ozone,87,35620,"New York-Newark-Jersey City, NY-NJ-PA",36,New York,61,New York,40.81976,-73.94825
12/22/2018,AQS,1,0.026,ppm,24,CCNY,17,100,44201,Ozone,87,35620,"New York-Newark-Jersey City, NY-NJ-PA",36,New York,61,New York,40.81976,-73.94825
12/23/2018,AQS,1,0.027,ppm,25,CCNY,17,100,44201,Ozone,87,35620,"New York-Newark-Jersey City, NY-NJ-PA",36,New York,61,New York,40.81976,-73.94825
12/24/2018,AQS,1,0.024,ppm,22,CCNY,17,100,44201,Ozone,87,35620,"New York-Newark-Jersey City, NY-NJ-PA",36,New York,61,New York,40.81976,-73.94825
12/25/2018,AQS,1,0.022,ppm,20,CCNY,17,100,44201,Ozone,87,35620,"New York-Newark-Jersey City, NY-NJ-PA",36,New York,61,New York,40.81976,-73.94825
12/26/2018,AQS,1,0.016,ppm,15,CCNY,17,100,44201,Ozone,87,35620,"New York-Newark-Jersey City, NY-NJ-PA",36,New York,61,New York,40.81976,-73.94825
12/27/2018,AQS,1,0.024,ppm,22,CCNY,17,100,44201,Ozone,87,35620,"New York-Newark-Jersey City, NY-NJ-PA",36,New York,61,New York,40.81976,-73.94825
12/28/2018,AQS,1,0.015,ppm,14,CCNY,17,100,44201,Ozone,87,35620,"New York-Newark-Jersey City, NY-NJ-PA",36,New York,61,New York,40.81976,-73.94825
12/29/2018,AQS,1,0.026,ppm,24,CCNY,17,100,44201,Ozone,87,35620,"New York-Newark-Jersey City, NY-NJ-PA",36,New York,61,New York,40.81976,-73.94825
12/30/2018,AQS,1,0.012,ppm,11,CCNY,17,100,44201,Ozone,87,35620,"New York-Newark-Jersey City, NY-NJ-PA",36,New York,61,New York,40.81976,-73.94825
01/01/2019,AQS,1,0.031,ppm,29,CCNY,17,100,44201,Ozone,87,35620,"New York-Newark-Jersey City, NY-NJ-PA",36,New York,61,New York,40.81976,-73.94825
01/02/2019,AQS,1,0.022,ppm,20,CCNY,17,100,44201,Ozone,87,35620,"New York-Newark-Jersey City, NY-NJ-PA",36,New York,61,New York,40.81976,-73.94825
01/03/2019,AQS,1,0.024,ppm,22,CCNY,17,100,44201,Ozone,87,35620,"New York-Newark-Jersey City, NY-NJ-PA",36,New York,61,New York,40.81976,-73.94825
01/04/2019,AQS,1,0.021,ppm,19,CCNY,17,100,44201,Ozone,87,35620,"New York-Newark-Jersey City, NY-NJ-PA",36,New York,61,New York,40.81976,-73.94825
01/05/2019,AQS,1,0.028,ppm,26,CCNY,17,100,44201,Ozone,87,35620,"New York-Newark-Jersey City, NY-NJ-PA",36,New York,61,New York,40.81976,-73.94825
01/06/2019,AQS,1,0.03,ppm,28,CCNY,17,100,44201,Ozone,87,35620,"New York-Newark-Jersey City, NY-NJ-PA",36,New York,61,New York,40.81976,-73.94825
01/07/2019,AQS,1,0.025,ppm,23,CCNY,17,100,44201,Ozone,87,35620,"New York-Newark-Jersey City, NY-NJ-PA",36,New York,61,New York,40.81976,-73.94825
01/08/2019,AQS,1,0.021,ppm,19,CCNY,17,100,44201,Ozone,87,35620,"New York-Newark-Jersey City, NY-NJ-PA",36,New York,61,New York,40.81976,-73.94825
01/09/2019,AQS,1,0.024,ppm,22,CCNY,17,100,44201,Ozone,87,35620,"New York-Newark-Jersey City, NY-NJ-PA",36,New York,61,New York,40.81976,-73.94825
01/10/2019,AQS,1,0.028,ppm,26,CCNY,17,100,44201,Ozone,87,35620,"New York-Newark-Jersey City, NY-NJ-PA",36,New York,61,New York,40.81976,-73.94825
01/12/2019,AQS,1,0.024,ppm,22,CCNY,17,100,44201,Ozone,87,35620,"New York-Newark-Jersey City, NY-NJ-PA",36,New York,61,New York,40.81976,-73.94825
01/13/2019,AQS,1,0.025,ppm,23,CCNY,17,100,44201,Ozone,87,35620,"New York-Newark-Jersey City, NY-NJ-PA",36,New York,61,New York,40.81976,-73.94825
01/14/2019,AQS,1,0.025,ppm,23,CCNY,17,100,44201,Ozone,87,35620,"New York-Newark-Jersey City, NY-NJ-PA",36,New York,61,New York,40.81976,-73.94825
01/15/2019,AQS,1,0.018,ppm,17,CCNY,17,100,44201,Ozone,87,35620,"New York-Newark-Jersey City, NY-NJ-PA",36,New York,61,New York,40.81976,-73.94825
01/16/2019,AQS,1,0.024,ppm,22,CCNY,17,100,44201,Ozone,87,35620,"New York-Newark-Jersey City, NY-NJ-PA",36,New York,61,New York,40.81976,-73.94825
01/18/2019,AQS,1,0.009,ppm,8,CCNY,17,100,44201,Ozone,87,35620,"New York-Newark-Jersey City, NY-NJ-PA",36,New York,61,New York,40.81976,-73.94825
01/19/2019,AQS,1,0.022,ppm,20,CCNY,17,100,44201,Ozone,87,35620,"New York-Newark-Jersey City, NY-NJ-PA",36,New York,61,New York,40.81976,-73.94825
01/20/2019,AQS,1,0.031,ppm,29,CCNY,17,100,44201,Ozone,87,35620,"New York-Newark-Jersey City, NY-NJ-PA",36,New York,61,New York,40.81976,-73.94825
01/21/2019,AQS,1,0.033,ppm,31,CCNY,17,100,44201,Ozone,87,35620,"New York-Newark-Jersey City, NY-NJ-PA",36,New York,61,New York,40.81976,-73.94825
01/22/2019,AQS,1,0.027,ppm,25,CCNY,17,100,44201,Ozone,87,35620,"New York-Newark-Jersey City, NY-NJ-PA",36,New York,61,New York,40.81976,-73.94825
01/23/2019,AQS,1,0.013,ppm,12,CCNY,17,100,44201,Ozone,87,35620,"New York-Newark-Jersey City, NY-NJ-PA",36,New York,61,New York,40.81976,-73.94825
01/24/2019,AQS,1,0.027,ppm,25,CCNY,17,100,44201,Ozone,87,35620,"New York-Newark-Jersey City, NY-NJ-PA",36,New York,61,New York,40.81976,-73.94825
01/25/2019,AQS,1,0.029,ppm,27,CCNY,17,100,44201,Ozone,87,35620,"New York-Newark-Jersey City, NY-NJ-PA",36,New York,61,New York,40.81976,-73.94825
01/26/2019,AQS,1,0.025,ppm,23,CCNY,17,100,44201,Ozone,87,35620,"New York-Newark-Jersey City, NY-NJ-PA",36,New York,61,New York,40.81976,-73.94825
01/27/2019,AQS,1,0.03,ppm,28,CCNY,17,100,44201,Ozone,87,35620,"New York-Newark-Jersey City, NY-NJ-PA",36,New York,61,New York,40.81976,-73.94825
01/28/2019,AQS,1,0.028,ppm,26,CCNY,17,100,44201,Ozone,87,35620,"New York-Newark-Jersey City, NY-NJ-PA",36,New York,61,New York,40.81976,-73.94825
01/29/2019,AQS,1,0.018,ppm,17,CCNY,17,100,44201,Ozone,87,35620,"New York-Newark-Jersey City, NY-NJ-PA",36,New York,61,New York,40.81976,-73.94825
01/30/2019,AQS,1,0.032,ppm,30,CCNY,17,100,44201,Ozone,87,35620,"New York-Newark-Jersey City, NY-NJ-PA",36,New York,61,New York,40.81976,-73.94825
01/31/2019,AQS,1,0.023,ppm,21,CCNY,17,100,44201,Ozone,87,35620,"New York-Newark-Jersey City, NY-NJ-PA",36,New York,61,New York,40.81976,-73.94825
02/01/2019,AQS,1,0.022,ppm,20,CCNY,17,100,44201,Ozone,87,35620,"New York-Newark-Jersey City, NY-NJ-PA",36,New York,61,New York,40.81976,-73.94825
02/02/2019,AQS,1,0.019,ppm,18,CCNY,17,100,44201,Ozone,87,35620,"New York-Newark-Jersey City, NY-NJ-PA",36,New York,61,New York,40.81976,-73.94825
02/03/2019,AQS,1,0.018,ppm,17,CCNY,17,100,44201,Ozone,87,35620,"New York-Newark-Jersey City, NY-NJ-PA",36,New York,61,New York,40.81976,-73.94825
02/04/2019,AQS,1,0.012,ppm,11,CCNY,17,100,44201,Ozone,87,35620,"New York-Newark-Jersey City, NY-NJ-PA",36,New York,61,New York,40.81976,-73.94825
02/05/2019,AQS,1,0.013,ppm,12,CCNY,17,100,44201,Ozone,87,35620,"New York-Newark-Jersey City, NY-NJ-PA",36,New York,61,New York,40.81976,-73.94825
02/06/2019,AQS,1,0.014,ppm,13,CCNY,17,100,44201,Ozone,87,35620,"New York-Newark-Jersey City, NY-NJ-PA",36,New York,61,New York,40.81976,-73.94825
02/07/2019,AQS,1,0.012,ppm,11,CCNY,17,100,44201,Ozone,87,35620,"New York-Newark-Jersey City, NY-NJ-PA",36,New York,61,New York,40.81976,-73.94825
02/08/2019,AQS,1,0.031,ppm,29,CCNY,17,100,44201,Ozone,87,35620,"New York-Newark-Jersey City, NY-NJ-PA",36,New York,61,New York,40.81976,-73.94825
02/09/2019,AQS,1,0.033,ppm,31,CCNY,17,100,44201,Ozone,87,35620,"New York-Newark-Jersey City, NY-NJ-PA",36,New York,61,New York,40.81976,-73.94825
02/10/2019,AQS,1,0.029,ppm,27,CCNY,17,100,44201,Ozone,87,35620,"New York-Newark-Jersey City, NY-NJ-PA",36,New York,61,New York,40.81976,-73.94825
02/11/2019,AQS,1,0.023,ppm,21,CCNY,17,100,44201,Ozone,87,35620,"New York-Newark-Jersey City, NY-NJ-PA",36,New York,61,New York,40.81976,-73.94825
02/12/2019,AQS,1,0.025,ppm,23,CCNY,17,100,44201,Ozone,87,35620,"New York-Newark-Jersey City, NY-NJ-PA",36,New York,61,New York,40.81976,-73.94825
02/13/2019,AQS,1,0.029,ppm,27,CCNY,17,100,44201,Ozone,87,35620,"New York-Newark-Jersey City, NY-NJ-PA",36,New York,61,New York,40.81976,-73.94825
02/14/2019,AQS,1,0.035,ppm,32,CCNY,17,100,44201,Ozone,87,35620,"New York-Newark-Jersey City, NY-NJ-PA",36,New York,61,New York,40.81976,-73.94825
02/15/2019,AQS,1,0.032,ppm,30,CCNY,17,100,44201,Ozone,87,35620,"New York-Newark-Jersey City, NY-NJ-PA",36,New York,61,New York,40.81976,-73.94825
02/16/2019,AQS,1,0.033,ppm,31,CCNY,17,100,44201,Ozone,87,35620,"New York-Newark-Jersey City, NY-NJ-PA",36,New York,61,New York,40.81976,-73.94825
02/17/2019,AQS,1,0.027,ppm,25,CCNY,17,100,44201,Ozone,87,35620,"New York-Newark-Jersey City, NY-NJ-PA",36,New York,61,New York,40.81976,-73.94825
02/18/2019,AQS,1,0.035,ppm,32,CCNY,17,100,44201,Ozone,87,35620,"New York-Newark-Jersey City, NY-NJ-PA",36,New York,61,New York,40.81976,-73.94825
02/19/2019,AQS,1,0.035,ppm,32,CCNY,17,100,44201,Ozone,87,35620,"New York-Newark-Jersey City, NY-NJ-PA",36,New York,61,New York,40.81976,-73.94825
02/20/2019,AQS,1,0.022,ppm,20,CCNY,17,100,44201,Ozone,87,35620,"New York-Newark-Jersey City, NY-NJ-PA",36,New York,61,New York,40.81976,-73.94825
02/21/2019,AQS,1,0.035,ppm,32,CCNY,17,100,44201,Ozone,87,35620,"New York-Newark-Jersey City, NY-NJ-PA",36,New York,61,New York,40.81976,-73.94825
02/22/2019,AQS,1,0.037,ppm,34,CCNY,17,100,44201,Ozone,87,35620,"New York-Newark-Jersey City, NY-NJ-PA",36,New York,61,New York,40.81976,-73.94825
02/23/2019,AQS,1,0.026,ppm,24,CCNY,17,100,44201,Ozone,87,35620,"New York-Newark-Jersey City, NY-NJ-PA",36,New York,61,New York,40.81976,-73.94825
02/24/2019,AQS,1,0.04,ppm,37,CCNY,17,100,44201,Ozone,87,35620,"New York-Newark-Jersey City, NY-NJ-PA",36,New York,61,New York,40.81976,-73.94825
02/25/2019,AQS,1,0.039,ppm,36,CCNY,17,100,44201,Ozone,87,35620,"New York-Newark-Jersey City, NY-NJ-PA",36,New York,61,New York,40.81976,-73.94825
02/26/2019,AQS,1,0.035,ppm,32,CCNY,17,100,44201,Ozone,87,35620,"New York-Newark-Jersey City, NY-NJ-PA",36,New York,61,New York,40.81976,-73.94825
02/27/2019,AQS,1,0.023,ppm,21,CCNY,17,100,44201,Ozone,87,35620,"New York-Newark-Jersey City, NY-NJ-PA",36,New York,61,New York,40.81976,-73.94825
02/28/2019,AQS,1,0.03,ppm,28,CCNY,17,100,44201,Ozone,87,35620,"New York-Newark-Jersey City, NY-NJ-PA",36,New York,61,New York,40.81976,-73.94825
03/01/2019,AQS,1,0.029,ppm,27,CCNY,17,100,44201,Ozone,87,35620,"New York-Newark-Jersey City, NY-NJ-PA",36,New York,61,New York,40.81976,-73.94825
03/02/2019,AQS,1,0.03,ppm,28,CCNY,17,100,44201,Ozone,87,35620,"New York-Newark-Jersey City, NY-NJ-PA",36,New York,61,New York,40.81976,-73.94825
03/03/2019,AQS,1,0.037,ppm,34,CCNY,17,100,44201,Ozone,87,35620,"New York-Newark-Jersey City, NY-NJ-PA",36,New York,61,New York,40.81976,-73.94825
03/04/2019,AQS,1,0.042,ppm,39,CCNY,17,100,44201,Ozone,87,35620,"New York-Newark-Jersey City, NY-NJ-PA",36,New York,61,New York,40.81976,-73.94825
03/05/2019,AQS,1,0.033,ppm,31,CCNY,17,100,44201,Ozone,87,35620,"New York-Newark-Jersey City, NY-NJ-PA",36,New York,61,New York,40.81976,-73.94825
03/06/2019,AQS,1,0.037,ppm,34,CCNY,17,100,44201,Ozone,87,35620,"New York-Newark-Jersey City, NY-NJ-PA",36,New York,61,New York,40.81976,-73.94825
03/07/2019,AQS,1,0.033,ppm,31,CCNY,17,100,44201,Ozone,87,35620,"New York-Newark-Jersey City, NY-NJ-PA",36,New York,61,New York,40.81976,-73.94825
03/08/2019,AQS,1,0.024,ppm,22,CCNY,17,100,44201,Ozone,87,35620,"New York-Newark-Jersey City, NY-NJ-PA",36,New York,61,New York,40.81976,-73.94825
03/09/2019,AQS,1,0.038,ppm,35,CCNY,14,82,44201,Ozone,87,35620,"New York-Newark-Jersey City, NY-NJ-PA",36,New York,61,New York,40.81976,-73.94825
03/10/2019,AQS,1,0.037,ppm,34,CCNY,17,100,44201,Ozone,87,35620,"New York-Newark-Jersey City, NY-NJ-PA",36,New York,61,New York,40.81976,-73.94825
03/11/2019,AQS,1,0.043,ppm,40,CCNY,17,100,44201,Ozone,87,35620,"New York-Newark-Jersey City, NY-NJ-PA",36,New York,61,New York,40.81976,-73.94825
03/12/2019,AQS,1,0.039,ppm,36,CCNY,17,100,44201,Ozone,87,35620,"New York-Newark-Jersey City, NY-NJ-PA",36,New York,61,New York,40.81976,-73.94825
03/13/2019,AQS,1,0.026,ppm,24,CCNY,17,100,44201,Ozone,87,35620,"New York-Newark-Jersey City, NY-NJ-PA",36,New York,61,New York,40.81976,-73.94825
03/14/2019,AQS,1,0.04,ppm,37,CCNY,17,100,44201,Ozone,87,35620,"New York-Newark-Jersey City, NY-NJ-PA",36,New York,61,New York,40.81976,-73.94825
03/15/2019,AQS,1,0.035,ppm,32,CCNY,17,100,44201,Ozone,87,35620,"New York-Newark-Jersey City, NY-NJ-PA",36,New York,61,New York,40.81976,-73.94825
03/16/2019,AQS,1,0.04,ppm,37,CCNY,17,100,44201,Ozone,87,35620,"New York-Newark-Jersey City, NY-NJ-PA",36,New York,61,New York,40.81976,-73.94825
03/17/2019,AQS,1,0.04,ppm,37,CCNY,17,100,44201,Ozone,87,35620,"New York-Newark-Jersey City, NY-NJ-PA",36,New York,61,New York,40.81976,-73.94825
03/18/2019,AQS,1,0.039,ppm,36,CCNY,17,100,44201,Ozone,87,35620,"New York-Newark-Jersey City, NY-NJ-PA",36,New York,61,New York,40.81976,-73.94825
03/19/2019,AQS,1,0.039,ppm,36,CCNY,17,100,44201,Ozone,87,35620,"New York-Newark-Jersey City, NY-NJ-PA",36,New York,61,New York,40.81976,-73.94825
03/20/2019,AQS,1,0.043,ppm,40,CCNY,17,100,44201,Ozone,87,35620,"New York-Newark-Jersey City, NY-NJ-PA",36,New York,61,New York,40.81976,-73.94825
03/21/2019,AQS,1,0.04,ppm,37,CCNY,17,100,44201,Ozone,87,35620,"New York-Newark-Jersey City, NY-NJ-PA",36,New York,61,New York,40.81976,-73.94825
03/22/2019,AQS,1,0.041,ppm,38,CCNY,17,100,44201,Ozone,87,35620,"New York-Newark-Jersey City, NY-NJ-PA",36,New York,61,New York,40.81976,-73.94825
03/23/2019,AQS,1,0.042,ppm,39,CCNY,17,100,44201,Ozone,87,35620,"New York-Newark-Jersey City, NY-NJ-PA",36,New York,61,New York,40.81976,-73.94825
03/24/2019,AQS,1,0.045,ppm,42,CCNY,17,100,44201,Ozone,87,35620,"New York-Newark-Jersey City, NY-NJ-PA",36,New York,61,New York,40.81976,-73.94825
03/25/2019,AQS,1,0.039,ppm,36,CCNY,17,100,44201,Ozone,87,35620,"New York-Newark-Jersey City, NY-NJ-PA",36,New York,61,New York,40.81976,-73.94825
03/26/2019,AQS,1,0.04,ppm,37,CCNY,17,100,44201,Ozone,87,35620,"New York-Newark-Jersey City, NY-NJ-PA",36,New York,61,New York,40.81976,-73.94825
03/27/2019,AQS,1,0.037,ppm,34,CCNY,17,100,44201,Ozone,87,35620,"New York-Newark-Jersey City, NY-NJ-PA",36,New York,61,New York,40.81976,-73.94825
03/28/2019,AQS,1,0.037,ppm,34,CCNY,17,100,44201,Ozone,87,35620,"New York-Newark-Jersey City, NY-NJ-PA",36,New York,61,New York,40.81976,-73.94825
03/29/2019,AQS,1,0.013,ppm,12,CCNY,17,100,44201,Ozone,87,35620,"New York-Newark-Jersey City, NY-NJ-PA",36,New York,61,New York,40.81976,-73.94825
03/30/2019,AQS,1,0.046,ppm,43,CCNY,17,100,44201,Ozone,87,35620,"New York-Newark-Jersey City, NY-NJ-PA",36,New York,61,New York,40.81976,-73.94825
03/31/2019,AQS,1,0.037,ppm,34,CCNY,17,100,44201,Ozone,87,35620,"New York-Newark-Jersey City, NY-NJ-PA",36,New York,61,New York,40.81976,-73.94825
04/01/2019,AQS,1,0.039,ppm,36,CCNY,17,100,44201,Ozone,87,35620,"New York-Newark-Jersey City, NY-NJ-PA",36,New York,61,New York,40.81976,-73.94825
04/02/2019,AQS,1,0.042,ppm,39,CCNY,17,100,44201,Ozone,87,35620,"New York-Newark-Jersey City, NY-NJ-PA",36,New York,61,New York,40.81976,-73.94825
04/03/2019,AQS,1,0.051,ppm,47,CCNY,17,100,44201,Ozone,87,35620,"New York-Newark-Jersey City, NY-NJ-PA",36,New York,61,New York,40.81976,-73.94825
04/04/2019,AQS,1,0.046,ppm,43,CCNY,17,100,44201,Ozone,87,35620,"New York-Newark-Jersey City, NY-NJ-PA",36,New York,61,New York,40.81976,-73.94825
04/05/2019,AQS,1,0.028,ppm,26,CCNY,17,100,44201,Ozone,87,35620,"New York-Newark-Jersey City, NY-NJ-PA",36,New York,61,New York,40.81976,-73.94825
04/06/2019,AQS,1,0.045,ppm,42,CCNY,17,100,44201,Ozone,87,35620,"New York-Newark-Jersey City, NY-NJ-PA",36,New York,61,New York,40.81976,-73.94825
04/07/2019,AQS,1,0.049,ppm,45,CCNY,17,100,44201,Ozone,87,35620,"New York-Newark-Jersey City, NY-NJ-PA",36,New York,61,New York,40.81976,-73.94825
04/08/2019,AQS,1,0.043,ppm,40,CCNY,17,100,44201,Ozone,87,35620,"New York-Newark-Jersey City, NY-NJ-PA",36,New York,61,New York,40.81976,-73.94825
04/09/2019,AQS,1,0.023,ppm,21,CCNY,17,100,44201,Ozone,87,35620,"New York-Newark-Jersey City, NY-NJ-PA",36,New York,61,New York,40.81976,-73.94825
04/10/2019,AQS,1,0.033,ppm,31,CCNY,17,100,44201,Ozone,87,35620,"New York-Newark-Jersey City, NY-NJ-PA",36,New York,61,New York,40.81976,-73.94825
04/11/2019,AQS,1,0.032,ppm,30,CCNY,17,100,44201,Ozone,87,35620,"New York-Newark-Jersey City, NY-NJ-PA",36,New York,61,New York,40.81976,-73.94825
04/12/2019,AQS,1,0.035,ppm,32,CCNY,17,100,44201,Ozone,87,35620,"New York-Newark-Jersey City, NY-NJ-PA",36,New York,61,New York,40.81976,-73.94825
04/13/2019,AQS,1,0.036,ppm,33,CCNY,17,100,44201,Ozone,87,35620,"New York-Newark-Jersey City, NY-NJ-PA",36,New York,61,New York,40.81976,-73.94825
04/14/2019,AQS,1,0.029,ppm,27,CCNY,17,100,44201,Ozone,87,35620,"New York-Newark-Jersey City, NY-NJ-PA",36,New York,61,New York,40.81976,-73.94825
04/15/2019,AQS,1,0.043,ppm,40,CCNY,17,100,44201,Ozone,87,35620,"New York-Newark-Jersey City, NY-NJ-PA",36,New York,61,New York,40.81976,-73.94825
04/16/2019,AQS,1,0.047,ppm,44,CCNY,17,100,44201,Ozone,87,35620,"New York-Newark-Jersey City, NY-NJ-PA",36,New York,61,New York,40.81976,-73.94825
04/17/2019,AQS,1,0.04,ppm,37,CCNY,17,100,44201,Ozone,87,35620,"New York-Newark-Jersey City, NY-NJ-PA",36,New York,61,New York,40.81976,-73.94825
04/18/2019,AQS,1,0.036,ppm,33,CCNY,17,100,44201,Ozone,87,35620,"New York-Newark-Jersey City, NY-NJ-PA",36,New York,61,New York,40.81976,-73.94825
04/19/2019,AQS,1,0.035,ppm,32,CCNY,17,100,44201,Ozone,87,35620,"New York-Newark-Jersey City, NY-NJ-PA",36,New York,61,New York,40.81976,-73.94825
04/20/2019,AQS,1,0.039,ppm,36,CCNY,17,100,44201,Ozone,87,35620,"New York-Newark-Jersey City, NY-NJ-PA",36,New York,61,New York,40.81976,-73.94825
04/21/2019,AQS,1,0.042,ppm,39,CCNY,17,100,44201,Ozone,87,35620,"New York-Newark-Jersey City, NY-NJ-PA",36,New York,61,New York,40.81976,-73.94825
04/22/2019,AQS,1,0.027,ppm,25,CCNY,17,100,44201,Ozone,87,35620,"New York-Newark-Jersey City, NY-NJ-PA",36,New York,61,New York,40.81976,-73.94825
04/23/2019,AQS,1,0.04,ppm,37,CCNY,17,100,44201,Ozone,87,35620,"New York-Newark-Jersey City, NY-NJ-PA",36,New York,61,New York,40.81976,-73.94825
04/24/2019,AQS,1,0.037,ppm,34,CCNY,17,100,44201,Ozone,87,35620,"New York-Newark-Jersey City, NY-NJ-PA",36,New York,61,New York,40.81976,-73.94825
04/25/2019,AQS,1,0.028,ppm,26,CCNY,17,100,44201,Ozone,87,35620,"New York-Newark-Jersey City, NY-NJ-PA",36,New York,61,New York,40.81976,-73.94825
04/26/2019,AQS,1,0.04,ppm,37,CCNY,17,100,44201,Ozone,87,35620,"New York-Newark-Jersey City, NY-NJ-PA",36,New York,61,New York,40.81976,-73.94825
04/27/2019,AQS,1,0.044,ppm,41,CCNY,17,100,44201,Ozone,87,35620,"New York-Newark-Jersey City, NY-NJ-PA",36,New York,61,New York,40.81976,-73.94825
04/28/2019,AQS,1,0.03,ppm,28,CCNY,17,100,44201,Ozone,87,35620,"New York-Newark-Jersey City, NY-NJ-PA",36,New York,61,New York,40.81976,-73.94825
04/29/2019,AQS,1,0.036,ppm,33,CCNY,17,100,44201,Ozone,87,35620,"New York-Newark-Jersey City, NY-NJ-PA",36,New York,61,New York,40.81976,-73.94825
04/30/2019,AQS,1,0.025,ppm,23,CCNY,17,100,44201,Ozone,87,35620,"New York-Newark-Jersey City, NY-NJ-PA",36,New York,61,New York,40.81976,-73.94825
05/01/2019,AQS,1,0.031,ppm,29,CCNY,17,100,44201,Ozone,87,35620,"New York-Newark-Jersey City, NY-NJ-PA",36,New York,61,New York,40.81976,-73.94825
05/02/2019,AQS,1,0.033,ppm,31,CCNY,17,100,44201,Ozone,87,35620,"New York-Newark-Jersey City, NY-NJ-PA",36,New York,61,New York,40.81976,-73.94825
05/03/2019,AQS,1,0.017,ppm,16,CCNY,17,100,44201,Ozone,87,35620,"New York-Newark-Jersey City, NY-NJ-PA",36,New York,61,New York,40.81976,-73.94825
05/04/2019,AQS,1,0.028,ppm,26,CCNY,17,100,44201,Ozone,87,35620,"New York-Newark-Jersey City, NY-NJ-PA",36,New York,61,New York,40.81976,-73.94825
05/05/2019,AQS,1,0.031,ppm,29,CCNY,17,100,44201,Ozone,87,35620,"New York-Newark-Jersey City, NY-NJ-PA",36,New York,61,New York,40.81976,-73.94825
05/06/2019,AQS,1,0.037,ppm,34,CCNY,17,100,44201,Ozone,87,35620,"New York-Newark-Jersey City, NY-NJ-PA",36,New York,61,New York,40.81976,-73.94825
05/07/2019,AQS,1,0.041,ppm,38,CCNY,17,100,44201,Ozone,87,35620,"New York-Newark-Jersey City, NY-NJ-PA",36,New York,61,New York,40.81976,-73.94825
05/08/2019,AQS,1,0.04,ppm,37,CCNY,17,100,44201,Ozone,87,35620,"New York-Newark-Jersey City, NY-NJ-PA",36,New York,61,New York,40.81976,-73.94825
05/09/2019,AQS,1,0.033,ppm,31,CCNY,17,100,44201,Ozone,87,35620,"New York-Newark-Jersey City, NY-NJ-PA",36,New York,61,New York,40.81976,-73.94825
05/10/2019,AQS,1,0.028,ppm,26,CCNY,17,100,44201,Ozone,87,35620,"New York-Newark-Jersey City, NY-NJ-PA",36,New York,61,New York,40.81976,-73.94825
05/11/2019,AQS,1,0.041,ppm,38,CCNY,17,100,44201,Ozone,87,35620,"New York-Newark-Jersey City, NY-NJ-PA",36,New York,61,New York,40.81976,-73.94825
05/12/2019,AQS,1,0.033,ppm,31,CCNY,17,100,44201,Ozone,87,35620,"New York-Newark-Jersey City, NY-NJ-PA",36,New York,61,New York,40.81976,-73.94825
05/13/2019,AQS,1,0.027,ppm,25,CCNY,17,100,44201,Ozone,87,35620,"New York-Newark-Jersey City, NY-NJ-PA",36,New York,61,New York,40.81976,-73.94825
05/14/2019,AQS,1,0.01,ppm,9,CCNY,17,100,44201,Ozone,87,35620,"New York-Newark-Jersey City, NY-NJ-PA",36,New York,61,New York,40.81976,-73.94825
05/15/2019,AQS,1,0.035,ppm,32,CCNY,17,100,44201,Ozone,87,35620,"New York-Newark-Jersey City, NY-NJ-PA",36,New York,61,New York,40.81976,-73.94825
05/16/2019,AQS,1,0.047,ppm,44,CCNY,17,100,44201,Ozone,87,35620,"New York-Newark-Jersey City, NY-NJ-PA",36,New York,61,New York,40.81976,-73.94825
05/17/2019,AQS,1,0.046,ppm,43,CCNY,17,100,44201,Ozone,87,35620,"New York-Newark-Jersey City, NY-NJ-PA",36,New York,61,New York,40.81976,-73.94825
05/18/2019,AQS,1,0.048,ppm,44,CCNY,17,100,44201,Ozone,87,35620,"New York-Newark-Jersey City, NY-NJ-PA",36,New York,61,New York,40.81976,-73.94825
05/19/2019,AQS,1,0.047,ppm,44,CCNY,17,100,44201,Ozone,87,35620,"New York-Newark-Jersey City, NY-NJ-PA",36,New York,61,New York,40.81976,-73.94825
05/20/2019,AQS,1,0.048,ppm,44,CCNY,17,100,44201,Ozone,87,35620,"New York-Newark-Jersey City, NY-NJ-PA",36,New York,61,New York,40.81976,-73.94825
05/21/2019,AQS,1,0.034,ppm,31,CCNY,17,100,44201,Ozone,87,35620,"New York-Newark-Jersey City, NY-NJ-PA",36,New York,61,New York,40.81976,-73.94825
05/22/2019,AQS,1,0.043,ppm,40,CCNY,17,100,44201,Ozone,87,35620,"New York-Newark-Jersey City, NY-NJ-PA",36,New York,61,New York,40.81976,-73.94825
05/23/2019,AQS,1,0.034,ppm,31,CCNY,17,100,44201,Ozone,87,35620,"New York-Newark-Jersey City, NY-NJ-PA",36,New York,61,New York,40.81976,-73.94825
05/24/2019,AQS,1,0.038,ppm,35,CCNY,17,100,44201,Ozone,87,35620,"New York-Newark-Jersey City, NY-NJ-PA",36,New York,61,New York,40.81976,-73.94825
05/25/2019,AQS,1,0.04,ppm,37,CCNY,17,100,44201,Ozone,87,35620,"New York-Newark-Jersey City, NY-NJ-PA",36,New York,61,New York,40.81976,-73.94825
05/26/2019,AQS,1,0.046,ppm,43,CCNY,17,100,44201,Ozone,87,35620,"New York-Newark-Jersey City, NY-NJ-PA",36,New York,61,New York,40.81976,-73.94825
05/27/2019,AQS,1,0.037,ppm,34,CCNY,17,100,44201,Ozone,87,35620,"New York-Newark-Jersey City, NY-NJ-PA",36,New York,61,New York,40.81976,-73.94825
05/28/2019,AQS,1,0.032,ppm,30,CCNY,17,100,44201,Ozone,87,35620,"New York-Newark-Jersey City, NY-NJ-PA",36,New York,61,New York,40.81976,-73.94825
05/29/2019,AQS,1,0.026,ppm,24,CCNY,17,100,44201,Ozone,87,35620,"New York-Newark-Jersey City, NY-NJ-PA",36,New York,61,New York,40.81976,-73.94825
05/30/2019,AQS,1,0.029,ppm,27,CCNY,17,100,44201,Ozone,87,35620,"New York-Newark-Jersey City, NY-NJ-PA",36,New York,61,New York,40.81976,-73.94825
05/31/2019,AQS,1,0.046,ppm,43,CCNY,17,100,44201,Ozone,87,35620,"New York-Newark-Jersey City, NY-NJ-PA",36,New York,61,New York,40.81976,-73.94825
06/01/2019,AQS,1,0.053,ppm,49,CCNY,17,100,44201,Ozone,87,35620,"New York-Newark-Jersey City, NY-NJ-PA",36,New York,61,New York,40.81976,-73.94825
06/02/2019,AQS,1,0.057,ppm,58,CCNY,17,100,44201,Ozone,87,35620,"New York-Newark-Jersey City, NY-NJ-PA",36,New York,61,New York,40.81976,-73.94825
06/03/2019,AQS,1,0.037,ppm,34,CCNY,17,100,44201,Ozone,87,35620,"New York-Newark-Jersey City, NY-NJ-PA",36,New York,61,New York,40.81976,-73.94825
06/04/2019,AQS,1,0.042,ppm,39,CCNY,17,100,44201,Ozone,87,35620,"New York-Newark-Jersey City, NY-NJ-PA",36,New York,61,New York,40.81976,-73.94825
06/05/2019,AQS,1,0.051,ppm,47,CCNY,17,100,44201,Ozone,87,35620,"New York-Newark-Jersey City, NY-NJ-PA",36,New York,61,New York,40.81976,-73.94825
06/06/2019,AQS,1,0.053,ppm,49,CCNY,17,100,44201,Ozone,87,35620,"New York-Newark-Jersey City, NY-NJ-PA",36,New York,61,New York,40.81976,-73.94825
06/07/2019,AQS,1,0.052,ppm,48,CCNY,17,100,44201,Ozone,87,35620,"New York-Newark-Jersey City, NY-NJ-PA",36,New York,61,New York,40.81976,-73.94825
06/08/2019,AQS,1,0.046,ppm,43,CCNY,17,100,44201,Ozone,87,35620,"New York-Newark-Jersey City, NY-NJ-PA",36,New York,61,New York,40.81976,-73.94825
06/09/2019,AQS,1,0.044,ppm,41,CCNY,17,100,44201,Ozone,87,35620,"New York-Newark-Jersey City, NY-NJ-PA",36,New York,61,New York,40.81976,-73.94825
06/10/2019,AQS,1,0.023,ppm,21,CCNY,17,100,44201,Ozone,87,35620,"New York-Newark-Jersey City, NY-NJ-PA",36,New York,61,New York,40.81976,-73.94825
06/11/2019,AQS,1,0.035,ppm,32,CCNY,17,100,44201,Ozone,87,35620,"New York-Newark-Jersey City, NY-NJ-PA",36,New York,61,New York,40.81976,-73.94825
06/13/2019,AQS,1,0.037,ppm,34,CCNY,15,88,44201,Ozone,87,35620,"New York-Newark-Jersey City, NY-NJ-PA",36,New York,61,New York,40.81976,-73.94825
06/14/2019,AQS,1,0.035,ppm,32,CCNY,17,100,44201,Ozone,87,35620,"New York-Newark-Jersey City, NY-NJ-PA",36,New York,61,New York,40.81976,-73.94825
06/15/2019,AQS,1,0.055,ppm,51,CCNY,17,100,44201,Ozone,87,35620,"New York-Newark-Jersey City, NY-NJ-PA",36,New York,61,New York,40.81976,-73.94825
06/16/2019,AQS,1,0.047,ppm,44,CCNY,17,100,44201,Ozone,87,35620,"New York-Newark-Jersey City, NY-NJ-PA",36,New York,61,New York,40.81976,-73.94825
06/17/2019,AQS,1,0.029,ppm,27,CCNY,17,100,44201,Ozone,87,35620,"New York-Newark-Jersey City, NY-NJ-PA",36,New York,61,New York,40.81976,-73.94825
06/18/2019,AQS,1,0.035,ppm,32,CCNY,17,100,44201,Ozone,87,35620,"New York-Newark-Jersey City, NY-NJ-PA",36,New York,61,New York,40.81976,-73.94825
06/19/2019,AQS,1,0.029,ppm,27,CCNY,17,100,44201,Ozone,87,35620,"New York-Newark-Jersey City, NY-NJ-PA",36,New York,61,New York,40.81976,-73.94825
06/20/2019,AQS,1,0.022,ppm,20,CCNY,17,100,44201,Ozone,87,35620,"New York-Newark-Jersey City, NY-NJ-PA",36,New York,61,New York,40.81976,-73.94825
06/21/2019,AQS,1,0.03,ppm,28,CCNY,17,100,44201,Ozone,87,35620,"New York-Newark-Jersey City, NY-NJ-PA",36,New York,61,New York,40.81976,-73.94825
06/22/2019,AQS,1,0.025,ppm,23,CCNY,17,100,44201,Ozone,87,35620,"New York-Newark-Jersey City, NY-NJ-PA",36,New York,61,New York,40.81976,-73.94825
06/23/2019,AQS,1,0.035,ppm,32,CCNY,17,100,44201,Ozone,87,35620,"New York-Newark-Jersey City, NY-NJ-PA",36,New York,61,New York,40.81976,-73.94825
06/24/2019,AQS,1,0.054,ppm,50,CCNY,17,100,44201,Ozone,87,35620,"New York-Newark-Jersey City, NY-NJ-PA",36,New York,61,New York,40.81976,-73.94825
06/25/2019,AQS,1,0.043,ppm,40,CCNY,17,100,44201,Ozone,87,35620,"New York-Newark-Jersey City, NY-NJ-PA",36,New York,61,New York,40.81976,-73.94825
06/27/2019,AQS,1,0.058,ppm,61,CCNY,17,100,44201,Ozone,87,35620,"New York-Newark-Jersey City, NY-NJ-PA",36,New York,61,New York,40.81976,-73.94825
06/28/2019,AQS,1,0.081,ppm,136,CCNY,17,100,44201,Ozone,87,35620,"New York-Newark-Jersey City, NY-NJ-PA",36,New York,61,New York,40.81976,-73.94825
06/29/2019,AQS,1,0.057,ppm,58,CCNY,17,100,44201,Ozone,87,35620,"New York-Newark-Jersey City, NY-NJ-PA",36,New York,61,New York,40.81976,-73.94825
06/30/2019,AQS,1,0.036,ppm,33,CCNY,17,100,44201,Ozone,87,35620,"New York-Newark-Jersey City, NY-NJ-PA",36,New York,61,New York,40.81976,-73.94825
07/01/2019,AQS,1,0.04,ppm,37,CCNY,17,100,44201,Ozone,87,35620,"New York-Newark-Jersey City, NY-NJ-PA",36,New York,61,New York,40.81976,-73.94825
07/02/2019,AQS,1,0.056,ppm,54,CCNY,15,88,44201,Ozone,87,35620,"New York-Newark-Jersey City, NY-NJ-PA",36,New York,61,New York,40.81976,-73.94825
07/03/2019,AQS,1,0.066,ppm,87,CCNY,17,100,44201,Ozone,87,35620,"New York-Newark-Jersey City, NY-NJ-PA",36,New York,61,New York,40.81976,-73.94825
07/04/2019,AQS,1,0.062,ppm,74,CCNY,17,100,44201,Ozone,87,35620,"New York-Newark-Jersey City, NY-NJ-PA",36,New York,61,New York,40.81976,-73.94825
07/05/2019,AQS,1,0.054,ppm,50,CCNY,17,100,44201,Ozone,87,35620,"New York-Newark-Jersey City, NY-NJ-PA",36,New York,61,New York,40.81976,-73.94825
07/06/2019,AQS,1,0.048,ppm,44,CCNY,17,100,44201,Ozone,87,35620,"New York-Newark-Jersey City, NY-NJ-PA",36,New York,61,New York,40.81976,-73.94825
07/07/2019,AQS,1,0.034,ppm,31,CCNY,17,100,44201,Ozone,87,35620,"New York-Newark-Jersey City, NY-NJ-PA",36,New York,61,New York,40.81976,-73.94825
07/08/2019,AQS,1,0.028,ppm,26,CCNY,17,100,44201,Ozone,87,35620,"New York-Newark-Jersey City, NY-NJ-PA",36,New York,61,New York,40.81976,-73.94825
07/09/2019,AQS,1,0.055,ppm,51,CCNY,17,100,44201,Ozone,87,35620,"New York-Newark-Jersey City, NY-NJ-PA",36,New York,61,New York,40.81976,-73.94825
07/10/2019,AQS,1,0.064,ppm,80,CCNY,17,100,44201,Ozone,87,35620,"New York-Newark-Jersey City, NY-NJ-PA",36,New York,61,New York,40.81976,-73.94825
07/11/2019,AQS,1,0.04,ppm,37,CCNY,17,100,44201,Ozone,87,35620,"New York-Newark-Jersey City, NY-NJ-PA",36,New York,61,New York,40.81976,-73.94825
07/12/2019,AQS,1,0.043,ppm,40,CCNY,17,100,44201,Ozone,87,35620,"New York-Newark-Jersey City, NY-NJ-PA",36,New York,61,New York,40.81976,-73.94825
07/13/2019,AQS,1,0.047,ppm,44,CCNY,17,100,44201,Ozone,87,35620,"New York-Newark-Jersey City, NY-NJ-PA",36,New York,61,New York,40.81976,-73.94825
07/14/2019,AQS,1,0.048,ppm,44,CCNY,17,100,44201,Ozone,87,35620,"New York-Newark-Jersey City, NY-NJ-PA",36,New York,61,New York,40.81976,-73.94825
07/15/2019,AQS,1,0.04,ppm,37,CCNY,17,100,44201,Ozone,87,35620,"New York-Newark-Jersey City, NY-NJ-PA",36,New York,61,New York,40.81976,-73.94825
07/16/2019,AQS,1,0.067,ppm,90,CCNY,17,100,44201,Ozone,87,35620,"New York-Newark-Jersey City, NY-NJ-PA",36,New York,61,New York,40.81976,-73.94825
07/17/2019,AQS,1,0.071,ppm,101,CCNY,17,100,44201,Ozone,87,35620,"New York-Newark-Jersey City, NY-NJ-PA",36,New York,61,New York,40.81976,-73.94825
07/18/2019,AQS,1,0.027,ppm,25,CCNY,17,100,44201,Ozone,87,35620,"New York-Newark-Jersey City, NY-NJ-PA",36,New York,61,New York,40.81976,-73.94825
07/19/2019,AQS,1,0.061,ppm,71,CCNY,17,100,44201,Ozone,87,35620,"New York-Newark-Jersey City, NY-NJ-PA",36,New York,61,New York,40.81976,-73.94825
07/20/2019,AQS,1,0.051,ppm,47,CCNY,17,100,44201,Ozone,87,35620,"New York-Newark-Jersey City, NY-NJ-PA",36,New York,61,New York,40.81976,-73.94825
07/21/2019,AQS,1,0.045,ppm,42,CCNY,17,100,44201,Ozone,87,35620,"New York-Newark-Jersey City, NY-NJ-PA",36,New York,61,New York,40.81976,-73.94825
07/22/2019,AQS,1,0.051,ppm,47,CCNY,17,100,44201,Ozone,87,35620,"New York-Newark-Jersey City, NY-NJ-PA",36,New York,61,New York,40.81976,-73.94825
07/23/2019,AQS,1,0.026,ppm,24,CCNY,17,100,44201,Ozone,87,35620,"New York-Newark-Jersey City, NY-NJ-PA",36,New York,61,New York,40.81976,-73.94825
07/24/2019,AQS,1,0.038,ppm,35,CCNY,17,100,44201,Ozone,87,35620,"New York-Newark-Jersey City, NY-NJ-PA",36,New York,61,New York,40.81976,-73.94825
07/25/2019,AQS,1,0.048,ppm,44,CCNY,17,100,44201,Ozone,87,35620,"New York-Newark-Jersey City, NY-NJ-PA",36,New York,61,New York,40.81976,-73.94825
07/26/2019,AQS,1,0.064,ppm,80,CCNY,17,100,44201,Ozone,87,35620,"New York-Newark-Jersey City, NY-NJ-PA",36,New York,61,New York,40.81976,-73.94825
07/27/2019,AQS,1,0.06,ppm,67,CCNY,17,100,44201,Ozone,87,35620,"New York-Newark-Jersey City, NY-NJ-PA",36,New York,61,New York,40.81976,-73.94825
07/28/2019,AQS,1,0.057,ppm,58,CCNY,17,100,44201,Ozone,87,35620,"New York-Newark-Jersey City, NY-NJ-PA",36,New York,61,New York,40.81976,-73.94825
07/29/2019,AQS,1,0.065,ppm,84,CCNY,17,100,44201,Ozone,87,35620,"New York-Newark-Jersey City, NY-NJ-PA",36,New York,61,New York,40.81976,-73.94825
07/30/2019,AQS,1,0.064,ppm,80,CCNY,17,100,44201,Ozone,87,35620,"New York-Newark-Jersey City, NY-NJ-PA",36,New York,61,New York,40.81976,-73.94825
07/31/2019,AQS,1,0.059,ppm,64,CCNY,17,100,44201,Ozone,87,35620,"New York-Newark-Jersey City, NY-NJ-PA",36,New York,61,New York,40.81976,-73.94825
08/01/2019,AQS,1,0.055,ppm,51,CCNY,17,100,44201,Ozone,87,35620,"New York-Newark-Jersey City, NY-NJ-PA",36,New York,61,New York,40.81976,-73.94825
08/02/2019,AQS,1,0.052,ppm,48,CCNY,17,100,44201,Ozone,87,35620,"New York-Newark-Jersey City, NY-NJ-PA",36,New York,61,New York,40.81976,-73.94825
08/03/2019,AQS,1,0.054,ppm,50,CCNY,17,100,44201,Ozone,87,35620,"New York-Newark-Jersey City, NY-NJ-PA",36,New York,61,New York,40.81976,-73.94825
08/04/2019,AQS,1,0.05,ppm,46,CCNY,17,100,44201,Ozone,87,35620,"New York-Newark-Jersey City, NY-NJ-PA",36,New York,61,New York,40.81976,-73.94825
08/05/2019,AQS,1,0.048,ppm,44,CCNY,17,100,44201,Ozone,87,35620,"New York-Newark-Jersey City, NY-NJ-PA",36,New York,61,New York,40.81976,-73.94825
08/06/2019,AQS,1,0.043,ppm,40,CCNY,17,100,44201,Ozone,87,35620,"New York-Newark-Jersey City, NY-NJ-PA",36,New York,61,New York,40.81976,-73.94825
08/07/2019,AQS,1,0.041,ppm,38,CCNY,17,100,44201,Ozone,87,35620,"New York-Newark-Jersey City, NY-NJ-PA",36,New York,61,New York,40.81976,-73.94825
08/08/2019,AQS,1,0.054,ppm,50,CCNY,17,100,44201,Ozone,87,35620,"New York-Newark-Jersey City, NY-NJ-PA",36,New York,61,New York,40.81976,-73.94825
08/09/2019,AQS,1,0.042,ppm,39,CCNY,17,100,44201,Ozone,87,35620,"New York-Newark-Jersey City, NY-NJ-PA",36,New York,61,New York,40.81976,-73.94825
08/10/2019,AQS,1,0.033,ppm,31,CCNY,17,100,44201,Ozone,87,35620,"New York-Newark-Jersey City, NY-NJ-PA",36,New York,61,New York,40.81976,-73.94825
08/11/2019,AQS,1,0.029,ppm,27,CCNY,17,100,44201,Ozone,87,35620,"New York-Newark-Jersey City, NY-NJ-PA",36,New York,61,New York,40.81976,-73.94825
08/12/2019,AQS,1,0.046,ppm,43,CCNY,17,100,44201,Ozone,87,35620,"New York-Newark-Jersey City, NY-NJ-PA",36,New York,61,New York,40.81976,-73.94825
08/13/2019,AQS,1,0.044,ppm,41,CCNY,17,100,44201,Ozone,87,35620,"New York-Newark-Jersey City, NY-NJ-PA",36,New York,61,New York,40.81976,-73.94825
08/14/2019,AQS,1,0.048,ppm,44,CCNY,17,100,44201,Ozone,87,35620,"New York-Newark-Jersey City, NY-NJ-PA",36,New York,61,New York,40.81976,-73.94825
08/15/2019,AQS,1,0.047,ppm,44,CCNY,17,100,44201,Ozone,87,35620,"New York-Newark-Jersey City, NY-NJ-PA",36,New York,61,New York,40.81976,-73.94825
08/16/2019,AQS,1,0.04,ppm,37,CCNY,17,100,44201,Ozone,87,35620,"New York-Newark-Jersey City, NY-NJ-PA",36,New York,61,New York,40.81976,-73.94825
08/17/2019,AQS,1,0.046,ppm,43,CCNY,17,100,44201,Ozone,87,35620,"New York-Newark-Jersey City, NY-NJ-PA",36,New York,61,New York,40.81976,-73.94825
08/18/2019,AQS,1,0.048,ppm,44,CCNY,17,100,44201,Ozone,87,35620,"New York-Newark-Jersey City, NY-NJ-PA",36,New York,61,New York,40.81976,-73.94825
08/19/2019,AQS,1,0.051,ppm,47,CCNY,17,100,44201,Ozone,87,35620,"New York-Newark-Jersey City, NY-NJ-PA",36,New York,61,New York,40.81976,-73.94825
08/20/2019,AQS,1,0.053,ppm,49,CCNY,17,100,44201,Ozone,87,35620,"New York-Newark-Jersey City, NY-NJ-PA",36,New York,61,New York,40.81976,-73.94825
08/21/2019,AQS,1,0.052,ppm,48,CCNY,17,100,44201,Ozone,87,35620,"New York-Newark-Jersey City, NY-NJ-PA",36,New York,61,New York,40.81976,-73.94825
08/22/2019,AQS,1,0.052,ppm,48,CCNY,17,100,44201,Ozone,87,35620,"New York-Newark-Jersey City, NY-NJ-PA",36,New York,61,New York,40.81976,-73.94825
08/23/2019,AQS,1,0.028,ppm,26,CCNY,17,100,44201,Ozone,87,35620,"New York-Newark-Jersey City, NY-NJ-PA",36,New York,61,New York,40.81976,-73.94825
08/24/2019,AQS,1,0.03,ppm,28,CCNY,17,100,44201,Ozone,87,35620,"New York-Newark-Jersey City, NY-NJ-PA",36,New York,61,New York,40.81976,-73.94825
08/25/2019,AQS,1,0.029,ppm,27,CCNY,17,100,44201,Ozone,87,35620,"New York-Newark-Jersey City, NY-NJ-PA",36,New York,61,New York,40.81976,-73.94825
08/26/2019,AQS,1,0.04,ppm,37,CCNY,17,100,44201,Ozone,87,35620,"New York-Newark-Jersey City, NY-NJ-PA",36,New York,61,New York,40.81976,-73.94825
08/27/2019,AQS,1,0.034,ppm,31,CCNY,17,100,44201,Ozone,87,35620,"New York-Newark-Jersey City, NY-NJ-PA",36,New York,61,New York,40.81976,-73.94825
08/28/2019,AQS,1,0.023,ppm,21,CCNY,17,100,44201,Ozone,87,35620,"New York-Newark-Jersey City, NY-NJ-PA",36,New York,61,New York,40.81976,-73.94825
08/29/2019,AQS,1,0.04,ppm,37,CCNY,17,100,44201,Ozone,87,35620,"New York-Newark-Jersey City, NY-NJ-PA",36,New York,61,New York,40.81976,-73.94825
08/30/2019,AQS,1,0.053,ppm,49,CCNY,17,100,44201,Ozone,87,35620,"New York-Newark-Jersey City, NY-NJ-PA",36,New York,61,New York,40.81976,-73.94825
08/31/2019,AQS,1,0.044,ppm,41,CCNY,17,100,44201,Ozone,87,35620,"New York-Newark-Jersey City, NY-NJ-PA",36,New York,61,New York,40.81976,-73.94825
09/01/2019,AQS,1,0.038,ppm,35,CCNY,17,100,44201,Ozone,87,35620,"New York-Newark-Jersey City, NY-NJ-PA",36,New York,61,New York,40.81976,-73.94825
09/02/2019,AQS,1,0.031,ppm,29,CCNY,17,100,44201,Ozone,87,35620,"New York-Newark-Jersey City, NY-NJ-PA",36,New York,61,New York,40.81976,-73.94825
09/03/2019,AQS,1,0.048,ppm,44,CCNY,17,100,44201,Ozone,87,35620,"New York-Newark-Jersey City, NY-NJ-PA",36,New York,61,New York,40.81976,-73.94825
09/04/2019,AQS,1,0.049,ppm,45,CCNY,17,100,44201,Ozone,87,35620,"New York-Newark-Jersey City, NY-NJ-PA",36,New York,61,New York,40.81976,-73.94825
09/05/2019,AQS,1,0.036,ppm,33,CCNY,17,100,44201,Ozone,87,35620,"New York-Newark-Jersey City, NY-NJ-PA",36,New York,61,New York,40.81976,-73.94825
09/06/2019,AQS,1,0.025,ppm,23,CCNY,17,100,44201,Ozone,87,35620,"New York-Newark-Jersey City, NY-NJ-PA",36,New York,61,New York,40.81976,-73.94825
09/07/2019,AQS,1,0.034,ppm,31,CCNY,17,100,44201,Ozone,87,35620,"New York-Newark-Jersey City, NY-NJ-PA",36,New York,61,New York,40.81976,-73.94825
09/08/2019,AQS,1,0.033,ppm,31,CCNY,17,100,44201,Ozone,87,35620,"New York-Newark-Jersey City, NY-NJ-PA",36,New York,61,New York,40.81976,-73.94825
09/09/2019,AQS,1,0.035,ppm,32,CCNY,17,100,44201,Ozone,87,35620,"New York-Newark-Jersey City, NY-NJ-PA",36,New York,61,New York,40.81976,-73.94825
09/10/2019,AQS,1,0.028,ppm,26,CCNY,17,100,44201,Ozone,87,35620,"New York-Newark-Jersey City, NY-NJ-PA",36,New York,61,New York,40.81976,-73.94825
09/11/2019,AQS,1,0.052,ppm,48,CCNY,17,100,44201,Ozone,87,35620,"New York-Newark-Jersey City, NY-NJ-PA",36,New York,61,New York,40.81976,-73.94825
09/12/2019,AQS,1,0.022,ppm,20,CCNY,15,88,44201,Ozone,87,35620,"New York-Newark-Jersey City, NY-NJ-PA",36,New York,61,New York,40.81976,-73.94825
09/13/2019,AQS,1,0.026,ppm,24,CCNY,17,100,44201,Ozone,87,35620,"New York-Newark-Jersey City, NY-NJ-PA",36,New York,61,New York,40.81976,-73.94825
09/14/2019,AQS,1,0.031,ppm,29,CCNY,17,100,44201,Ozone,87,35620,"New York-Newark-Jersey City, NY-NJ-PA",36,New York,61,New York,40.81976,-73.94825
09/15/2019,AQS,1,0.042,ppm,39,CCNY,17,100,44201,Ozone,87,35620,"New York-Newark-Jersey City, NY-NJ-PA",36,New York,61,New York,40.81976,-73.94825
09/16/2019,AQS,1,0.033,ppm,31,CCNY,17,100,44201,Ozone,87,35620,"New York-Newark-Jersey City, NY-NJ-PA",36,New York,61,New York,40.81976,-73.94825
09/17/2019,AQS,1,0.036,ppm,33,CCNY,17,100,44201,Ozone,87,35620,"New York-Newark-Jersey City, NY-NJ-PA",36,New York,61,New York,40.81976,-73.94825
09/18/2019,AQS,1,0.029,ppm,27,CCNY,17,100,44201,Ozone,87,35620,"New York-Newark-Jersey City, NY-NJ-PA",36,New York,61,New York,40.81976,-73.94825
09/19/2019,AQS,1,0.033,ppm,31,CCNY,17,100,44201,Ozone,87,35620,"New York-Newark-Jersey City, NY-NJ-PA",36,New York,61,New York,40.81976,-73.94825
09/20/2019,AQS,1,0.053,ppm,49,CCNY,17,100,44201,Ozone,87,35620,"New York-Newark-Jersey City, NY-NJ-PA",36,New York,61,New York,40.81976,-73.94825
09/21/2019,AQS,1,0.064,ppm,80,CCNY,16,94,44201,Ozone,87,35620,"New York-Newark-Jersey City, NY-NJ-PA",36,New York,61,New York,40.81976,-73.94825
09/22/2019,AQS,1,0.059,ppm,64,CCNY,17,100,44201,Ozone,87,35620,"New York-Newark-Jersey City, NY-NJ-PA",36,New York,61,New York,40.81976,-73.94825
09/23/2019,AQS,1,0.061,ppm,71,CCNY,17,100,44201,Ozone,87,35620,"New York-Newark-Jersey City, NY-NJ-PA",36,New York,61,New York,40.81976,-73.94825
09/24/2019,AQS,1,0.029,ppm,27,CCNY,17,100,44201,Ozone,87,35620,"New York-Newark-Jersey City, NY-NJ-PA",36,New York,61,New York,40.81976,-73.94825
09/25/2019,AQS,1,0.036,ppm,33,CCNY,17,100,44201,Ozone,87,35620,"New York-Newark-Jersey City, NY-NJ-PA",36,New York,61,New York,40.81976,-73.94825
09/26/2019,AQS,1,0.039,ppm,36,CCNY,17,100,44201,Ozone,87,35620,"New York-Newark-Jersey City, NY-NJ-PA",36,New York,61,New York,40.81976,-73.94825
09/27/2019,AQS,1,0.036,ppm,33,CCNY,17,100,44201,Ozone,87,35620,"New York-Newark-Jersey City, NY-NJ-PA",36,New York,61,New York,40.81976,-73.94825
09/28/2019,AQS,1,0.044,ppm,41,CCNY,16,94,44201,Ozone,87,35620,"New York-Newark-Jersey City, NY-NJ-PA",36,New York,61,New York,40.81976,-73.94825
09/29/2019,AQS,1,0.033,ppm,31,CCNY,17,100,44201,Ozone,87,35620,"New York-Newark-Jersey City, NY-NJ-PA",36,New York,61,New York,40.81976,-73.94825
09/30/2019,AQS,1,0.027,ppm,25,CCNY,17,100,44201,Ozone,87,35620,"New York-Newark-Jersey City, NY-NJ-PA",36,New York,61,New York,40.81976,-73.94825
10/01/2019,AQS,1,0.041,ppm,38,CCNY,17,100,44201,Ozone,87,35620,"New York-Newark-Jersey City, NY-NJ-PA",36,New York,61,New York,40.81976,-73.94825
10/02/2019,AQS,1,0.045,ppm,42,CCNY,17,100,44201,Ozone,87,35620,"New York-Newark-Jersey City, NY-NJ-PA",36,New York,61,New York,40.81976,-73.94825
10/03/2019,AQS,1,0.016,ppm,15,CCNY,17,100,44201,Ozone,87,35620,"New York-Newark-Jersey City, NY-NJ-PA",36,New York,61,New York,40.81976,-73.94825
10/04/2019,AQS,1,0.025,ppm,23,CCNY,13,76,44201,Ozone,87,35620,"New York-Newark-Jersey City, NY-NJ-PA",36,New York,61,New York,40.81976,-73.94825
10/05/2019,AQS,1,0.032,ppm,30,CCNY,15,88,44201,Ozone,87,35620,"New York-Newark-Jersey City, NY-NJ-PA",36,New York,61,New York,40.81976,-73.94825
10/06/2019,AQS,1,0.032,ppm,30,CCNY,17,100,44201,Ozone,87,35620,"New York-Newark-Jersey City, NY-NJ-PA",36,New York,61,New York,40.81976,-73.94825
10/07/2019,AQS,1,0.03,ppm,28,CCNY,17,100,44201,Ozone,87,35620,"New York-Newark-Jersey City, NY-NJ-PA",36,New York,61,New York,40.81976,-73.94825
10/08/2019,AQS,1,0.02,ppm,19,CCNY,17,100,44201,Ozone,87,35620,"New York-Newark-Jersey City, NY-NJ-PA",36,New York,61,New York,40.81976,-73.94825
10/09/2019,AQS,1,0.016,ppm,15,CCNY,17,100,44201,Ozone,87,35620,"New York-Newark-Jersey City, NY-NJ-PA",36,New York,61,New York,40.81976,-73.94825
10/10/2019,AQS,1,0.032,ppm,30,CCNY,17,100,44201,Ozone,87,35620,"New York-Newark-Jersey City, NY-NJ-PA",36,New York,61,New York,40.81976,-73.94825
10/11/2019,AQS,1,0.032,ppm,30,CCNY,15,88,44201,Ozone,87,35620,"New York-Newark-Jersey City, NY-NJ-PA",36,New York,61,New York,40.81976,-73.94825
10/12/2019,AQS,1,0.026,ppm,24,CCNY,17,100,44201,Ozone,87,35620,"New York-Newark-Jersey City, NY-NJ-PA",36,New York,61,New York,40.81976,-73.94825
10/13/2019,AQS,1,0.031,ppm,29,CCNY,17,100,44201,Ozone,87,35620,"New York-Newark-Jersey City, NY-NJ-PA",36,New York,61,New York,40.81976,-73.94825
10/14/2019,AQS,1,0.041,ppm,38,CCNY,17,100,44201,Ozone,87,35620,"New York-Newark-Jersey City, NY-NJ-PA",36,New York,61,New York,40.81976,-73.94825
10/15/2019,AQS,1,0.028,ppm,26,CCNY,17,100,44201,Ozone,87,35620,"New York-Newark-Jersey City, NY-NJ-PA",36,New York,61,New York,40.81976,-73.94825
10/16/2019,AQS,1,0.04,ppm,37,CCNY,17,100,44201,Ozone,87,35620,"New York-Newark-Jersey City, NY-NJ-PA",36,New York,61,New York,40.81976,-73.94825
10/17/2019,AQS,1,0.021,ppm,19,CCNY,17,100,44201,Ozone,87,35620,"New York-Newark-Jersey City, NY-NJ-PA",36,New York,61,New York,40.81976,-73.94825
10/18/2019,AQS,1,0.022,ppm,20,CCNY,17,100,44201,Ozone,87,35620,"New York-Newark-Jersey City, NY-NJ-PA",36,New York,61,New York,40.81976,-73.94825
10/19/2019,AQS,1,0.025,ppm,23,CCNY,17,100,44201,Ozone,87,35620,"New York-Newark-Jersey City, NY-NJ-PA",36,New York,61,New York,40.81976,-73.94825
10/20/2019,AQS,1,0.028,ppm,26,CCNY,17,100,44201,Ozone,87,35620,"New York-Newark-Jersey City, NY-NJ-PA",36,New York,61,New York,40.81976,-73.94825
10/21/2019,AQS,1,0.034,ppm,31,CCNY,17,100,44201,Ozone,87,35620,"New York-Newark-Jersey City, NY-NJ-PA",36,New York,61,New York,40.81976,-73.94825
10/22/2019,AQS,1,0.022,ppm,20,CCNY,17,100,44201,Ozone,87,35620,"New York-Newark-Jersey City, NY-NJ-PA",36,New York,61,New York,40.81976,-73.94825
10/23/2019,AQS,1,0.034,ppm,31,CCNY,17,100,44201,Ozone,87,35620,"New York-Newark-Jersey City, NY-NJ-PA",36,New York,61,New York,40.81976,-73.94825
10/24/2019,AQS,1,0.03,ppm,28,CCNY,17,100,44201,Ozone,87,35620,"New York-Newark-Jersey City, NY-NJ-PA",36,New York,61,New York,40.81976,-73.94825
10/25/2019,AQS,1,0.024,ppm,22,CCNY,17,100,44201,Ozone,87,35620,"New York-Newark-Jersey City, NY-NJ-PA",36,New York,61,New York,40.81976,-73.94825
10/26/2019,AQS,1,0.033,ppm,31,CCNY,16,94,44201,Ozone,87,35620,"New York-Newark-Jersey City, NY-NJ-PA",36,New York,61,New York,40.81976,-73.94825
10/27/2019,AQS,1,0.03,ppm,28,CCNY,17,100,44201,Ozone,87,35620,"New York-Newark-Jersey City, NY-NJ-PA",36,New York,61,New York,40.81976,-73.94825
10/28/2019,AQS,1,0.023,ppm,21,CCNY,17,100,44201,Ozone,87,35620,"New York-Newark-Jersey City, NY-NJ-PA",36,New York,61,New York,40.81976,-73.94825
10/29/2019,AQS,1,0.017,ppm,16,CCNY,17,100,44201,Ozone,87,35620,"New York-Newark-Jersey City, NY-NJ-PA",36,New York,61,New York,40.81976,-73.94825
10/30/2019,AQS,1,0.019,ppm,18,CCNY,17,100,44201,Ozone,87,35620,"New York-Newark-Jersey City, NY-NJ-PA",36,New York,61,New York,40.81976,-73.94825
10/31/2019,AQS,1,0.03,ppm,28,CCNY,17,100,44201,Ozone,87,35620,"New York-Newark-Jersey City, NY-NJ-PA",36,New York,61,New York,40.81976,-73.94825
11/01/2019,AQS,1,0.027,ppm,25,CCNY,17,100,44201,Ozone,87,35620,"New York-Newark-Jersey City, NY-NJ-PA",36,New York,61,New York,40.81976,-73.94825
11/02/2019,AQS,1,0.023,ppm,21,CCNY,17,100,44201,Ozone,87,35620,"New York-Newark-Jersey City, NY-NJ-PA",36,New York,61,New York,40.81976,-73.94825
11/03/2019,AQS,1,0.027,ppm,25,CCNY,17,100,44201,Ozone,87,35620,"New York-Newark-Jersey City, NY-NJ-PA",36,New York,61,New York,40.81976,-73.94825
11/04/2019,AQS,1,0.029,ppm,27,CCNY,17,100,44201,Ozone,87,35620,"New York-Newark-Jersey City, NY-NJ-PA",36,New York,61,New York,40.81976,-73.94825
11/05/2019,AQS,1,0.021,ppm,19,CCNY,14,82,44201,Ozone,87,35620,"New York-Newark-Jersey City, NY-NJ-PA",36,New York,61,New York,40.81976,-73.94825
11/06/2019,AQS,1,0.027,ppm,25,CCNY,17,100,44201,Ozone,87,35620,"New York-Newark-Jersey City, NY-NJ-PA",36,New York,61,New York,40.81976,-73.94825
11/07/2019,AQS,1,0.022,ppm,20,CCNY,17,100,44201,Ozone,87,35620,"New York-Newark-Jersey City, NY-NJ-PA",36,New York,61,New York,40.81976,-73.94825
11/08/2019,AQS,1,0.024,ppm,22,CCNY,17,100,44201,Ozone,87,35620,"New York-Newark-Jersey City, NY-NJ-PA",36,New York,61,New York,40.81976,-73.94825
11/09/2019,AQS,1,0.017,ppm,16,CCNY,17,100,44201,Ozone,87,35620,"New York-Newark-Jersey City, NY-NJ-PA",36,New York,61,New York,40.81976,-73.94825
11/10/2019,AQS,1,0.018,ppm,17,CCNY,17,100,44201,Ozone,87,35620,"New York-Newark-Jersey City, NY-NJ-PA",36,New York,61,New York,40.81976,-73.94825
11/11/2019,AQS,1,0.026,ppm,24,CCNY,17,100,44201,Ozone,87,35620,"New York-Newark-Jersey City, NY-NJ-PA",36,New York,61,New York,40.81976,-73.94825
11/12/2019,AQS,1,0.027,ppm,25,CCNY,17,100,44201,Ozone,87,35620,"New York-Newark-Jersey City, NY-NJ-PA",36,New York,61,New York,40.81976,-73.94825
11/13/2019,AQS,1,0.028,ppm,26,CCNY,17,100,44201,Ozone,87,35620,"New York-Newark-Jersey City, NY-NJ-PA",36,New York,61,New York,40.81976,-73.94825
11/14/2019,AQS,1,0.018,ppm,17,CCNY,17,100,44201,Ozone,87,35620,"New York-Newark-Jersey City, NY-NJ-PA",36,New York,61,New York,40.81976,-73.94825
11/15/2019,AQS,1,0.024,ppm,22,CCNY,17,100,44201,Ozone,87,35620,"New York-Newark-Jersey City, NY-NJ-PA",36,New York,61,New York,40.81976,-73.94825
11/16/2019,AQS,1,0.028,ppm,26,CCNY,14,82,44201,Ozone,87,35620,"New York-Newark-Jersey City, NY-NJ-PA",36,New York,61,New York,40.81976,-73.94825
11/17/2019,AQS,1,0.027,ppm,25,CCNY,17,100,44201,Ozone,87,35620,"New York-Newark-Jersey City, NY-NJ-PA",36,New York,61,New York,40.81976,-73.94825
11/18/2019,AQS,1,0.017,ppm,16,CCNY,17,100,44201,Ozone,87,35620,"New York-Newark-Jersey City, NY-NJ-PA",36,New York,61,New York,40.81976,-73.94825
11/19/2019,AQS,1,0.018,ppm,17,CCNY,17,100,44201,Ozone,87,35620,"New York-Newark-Jersey City, NY-NJ-PA",36,New York,61,New York,40.81976,-73.94825
11/20/2019,AQS,1,0.023,ppm,21,CCNY,17,100,44201,Ozone,87,35620,"New York-Newark-Jersey City, NY-NJ-PA",36,New York,61,New York,40.81976,-73.94825
11/21/2019,AQS,1,0.022,ppm,20,CCNY,17,100,44201,Ozone,87,35620,"New York-Newark-Jersey City, NY-NJ-PA",36,New York,61,New York,40.81976,-73.94825
11/22/2019,AQS,1,0.022,ppm,20,CCNY,17,100,44201,Ozone,87,35620,"New York-Newark-Jersey City, NY-NJ-PA",36,New York,61,New York,40.81976,-73.94825
11/23/2019,AQS,1,0.018,ppm,17,CCNY,14,82,44201,Ozone,87,35620,"New York-Newark-Jersey City, NY-NJ-PA",36,New York,61,New York,40.81976,-73.94825
11/24/2019,AQS,1,0.019,ppm,18,CCNY,17,100,44201,Ozone,87,35620,"New York-Newark-Jersey City, NY-NJ-PA",36,New York,61,New York,40.81976,-73.94825
11/25/2019,AQS,1,0.011,ppm,10,CCNY,17,100,44201,Ozone,87,35620,"New York-Newark-Jersey City, NY-NJ-PA",36,New York,61,New York,40.81976,-73.94825
11/26/2019,AQS,1,0.01,ppm,9,CCNY,17,100,44201,Ozone,87,35620,"New York-Newark-Jersey City, NY-NJ-PA",36,New York,61,New York,40.81976,-73.94825
11/27/2019,AQS,1,0.019,ppm,18,CCNY,17,100,44201,Ozone,87,35620,"New York-Newark-Jersey City, NY-NJ-PA",36,New York,61,New York,40.81976,-73.94825
11/28/2019,AQS,1,0.024,ppm,22,CCNY,17,100,44201,Ozone,87,35620,"New York-Newark-Jersey City, NY-NJ-PA",36,New York,61,New York,40.81976,-73.94825
11/29/2019,AQS,1,0.023,ppm,21,CCNY,17,100,44201,Ozone,87,35620,"New York-Newark-Jersey City, NY-NJ-PA",36,New York,61,New York,40.81976,-73.94825
01/01/2020,AQS,1,0.023,ppm,21,CCNY,17,100,44201,Ozone,87,35620,"New York-Newark-Jersey City, NY-NJ-PA",36,New York,61,New York,40.81976,-73.94825
01/02/2020,AQS,1,0.013,ppm,12,CCNY,17,100,44201,Ozone,87,35620,"New York-Newark-Jersey City, NY-NJ-PA",36,New York,61,New York,40.81976,-73.94825
01/03/2020,AQS,1,0.001,ppm,1,CCNY,17,100,44201,Ozone,87,35620,"New York-Newark-Jersey City, NY-NJ-PA",36,New York,61,New York,40.81976,-73.94825
01/04/2020,AQS,1,0.026,ppm,24,CCNY,17,100,44201,Ozone,87,35620,"New York-Newark-Jersey City, NY-NJ-PA",36,New York,61,New York,40.81976,-73.94825
01/05/2020,AQS,1,0.029,ppm,27,CCNY,17,100,44201,Ozone,87,35620,"New York-Newark-Jersey City, NY-NJ-PA",36,New York,61,New York,40.81976,-73.94825
01/06/2020,AQS,1,0.016,ppm,15,CCNY,17,100,44201,Ozone,87,35620,"New York-Newark-Jersey City, NY-NJ-PA",36,New York,61,New York,40.81976,-73.94825
01/07/2020,AQS,1,0.013,ppm,12,CCNY,17,100,44201,Ozone,87,35620,"New York-Newark-Jersey City, NY-NJ-PA",36,New York,61,New York,40.81976,-73.94825
01/08/2020,AQS,1,0.03,ppm,28,CCNY,17,100,44201,Ozone,87,35620,"New York-Newark-Jersey City, NY-NJ-PA",36,New York,61,New York,40.81976,-73.94825
01/09/2020,AQS,1,0.023,ppm,21,CCNY,17,100,44201,Ozone,87,35620,"New York-Newark-Jersey City, NY-NJ-PA",36,New York,61,New York,40.81976,-73.94825
01/10/2020,AQS,1,0.012,ppm,11,CCNY,17,100,44201,Ozone,87,35620,"New York-Newark-Jersey City, NY-NJ-PA",36,New York,61,New York,40.81976,-73.94825
01/11/2020,AQS,1,0.03,ppm,28,CCNY,17,100,44201,Ozone,87,35620,"New York-Newark-Jersey City, NY-NJ-PA",36,New York,61,New York,40.81976,-73.94825
01/12/2020,AQS,1,0.03,ppm,28,CCNY,17,100,44201,Ozone,87,35620,"New York-Newark-Jersey City, NY-NJ-PA",36,New York,61,New York,40.81976,-73.94825
01/13/2020,AQS,1,0.005,ppm,5,CCNY,17,100,44201,Ozone,87,35620,"New York-Newark-Jersey City, NY-NJ-PA",36,New York,61,New York,40.81976,-73.94825
01/14/2020,AQS,1,0.004,ppm,4,CCNY,17,100,44201,Ozone,87,35620,"New York-Newark-Jersey City, NY-NJ-PA",36,New York,61,New York,40.81976,-73.94825
01/15/2020,AQS,1,0.022,ppm,20,CCNY,17,100,44201,Ozone,87,35620,"New York-Newark-Jersey City, NY-NJ-PA",36,New York,61,New York,40.81976,-73.94825
01/16/2020,AQS,1,0.028,ppm,26,CCNY,13,76,44201,Ozone,87,35620,"New York-Newark-Jersey City, NY-NJ-PA",36,New York,61,New York,40.81976,-73.94825
01/17/2020,AQS,1,0.032,ppm,30,CCNY,17,100,44201,Ozone,87,35620,"New York-Newark-Jersey City, NY-NJ-PA",36,New York,61,New York,40.81976,-73.94825
01/18/2020,AQS,1,0.019,ppm,18,CCNY,17,100,44201,Ozone,87,35620,"New York-Newark-Jersey City, NY-NJ-PA",36,New York,61,New York,40.81976,-73.94825
01/19/2020,AQS,1,0.031,ppm,29,CCNY,17,100,44201,Ozone,87,35620,"New York-Newark-Jersey City, NY-NJ-PA",36,New York,61,New York,40.81976,-73.94825
01/20/2020,AQS,1,0.032,ppm,30,CCNY,17,100,44201,Ozone,87,35620,"New York-Newark-Jersey City, NY-NJ-PA",36,New York,61,New York,40.81976,-73.94825
01/21/2020,AQS,1,0.028,ppm,26,CCNY,17,100,44201,Ozone,87,35620,"New York-Newark-Jersey City, NY-NJ-PA",36,New York,61,New York,40.81976,-73.94825
01/22/2020,AQS,1,0.013,ppm,12,CCNY,17,100,44201,Ozone,87,35620,"New York-Newark-Jersey City, NY-NJ-PA",36,New York,61,New York,40.81976,-73.94825
01/23/2020,AQS,1,0.007,ppm,6,CCNY,17,100,44201,Ozone,87,35620,"New York-Newark-Jersey City, NY-NJ-PA",36,New York,61,New York,40.81976,-73.94825
01/24/2020,AQS,1,0.02,ppm,19,CCNY,17,100,44201,Ozone,87,35620,"New York-Newark-Jersey City, NY-NJ-PA",36,New York,61,New York,40.81976,-73.94825
01/25/2020,AQS,1,0.027,ppm,25,CCNY,17,100,44201,Ozone,87,35620,"New York-Newark-Jersey City, NY-NJ-PA",36,New York,61,New York,40.81976,-73.94825
01/26/2020,AQS,1,0.018,ppm,17,CCNY,17,100,44201,Ozone,87,35620,"New York-Newark-Jersey City, NY-NJ-PA",36,New York,61,New York,40.81976,-73.94825
01/27/2020,AQS,1,0.021,ppm,19,CCNY,17,100,44201,Ozone,87,35620,"New York-Newark-Jersey City, NY-NJ-PA",36,New York,61,New York,40.81976,-73.94825
01/28/2020,AQS,1,0.031,ppm,29,CCNY,17,100,44201,Ozone,87,35620,"New York-Newark-Jersey City, NY-NJ-PA",36,New York,61,New York,40.81976,-73.94825
01/29/2020,AQS,1,0.031,ppm,29,CCNY,17,100,44201,Ozone,87,35620,"New York-Newark-Jersey City, NY-NJ-PA",36,New York,61,New York,40.81976,-73.94825
01/30/2020,AQS,1,0.02,ppm,19,CCNY,17,100,44201,Ozone,87,35620,"New York-Newark-Jersey City, NY-NJ-PA",36,New York,61,New York,40.81976,-73.94825
01/31/2020,AQS,1,0.006,ppm,6,CCNY,17,100,44201,Ozone,87,35620,"New York-Newark-Jersey City, NY-NJ-PA",36,New York,61,New York,40.81976,-73.94825
02/01/2020,AQS,1,0.009,ppm,8,CCNY,17,100,44201,Ozone,87,35620,"New York-Newark-Jersey City, NY-NJ-PA",36,New York,61,New York,40.81976,-73.94825
02/02/2020,AQS,1,0.022,ppm,20,CCNY,17,100,44201,Ozone,87,35620,"New York-Newark-Jersey City, NY-NJ-PA",36,New York,61,New York,40.81976,-73.94825
02/03/2020,AQS,1,0.023,ppm,21,CCNY,17,100,44201,Ozone,87,35620,"New York-Newark-Jersey City, NY-NJ-PA",36,New York,61,New York,40.81976,-73.94825
02/04/2020,AQS,1,0.019,ppm,18,CCNY,17,100,44201,Ozone,87,35620,"New York-Newark-Jersey City, NY-NJ-PA",36,New York,61,New York,40.81976,-73.94825
02/05/2020,AQS,1,0.024,ppm,22,CCNY,17,100,44201,Ozone,87,35620,"New York-Newark-Jersey City, NY-NJ-PA",36,New York,61,New York,40.81976,-73.94825
02/06/2020,AQS,1,0.014,ppm,13,CCNY,17,100,44201,Ozone,87,35620,"New York-Newark-Jersey City, NY-NJ-PA",36,New York,61,New York,40.81976,-73.94825
02/07/2020,AQS,1,0.031,ppm,29,CCNY,13,76,44201,Ozone,87,35620,"New York-Newark-Jersey City, NY-NJ-PA",36,New York,61,New York,40.81976,-73.94825
02/08/2020,AQS,1,0.031,ppm,29,CCNY,17,100,44201,Ozone,87,35620,"New York-Newark-Jersey City, NY-NJ-PA",36,New York,61,New York,40.81976,-73.94825
02/09/2020,AQS,1,0.027,ppm,25,CCNY,17,100,44201,Ozone,87,35620,"New York-Newark-Jersey City, NY-NJ-PA",36,New York,61,New York,40.81976,-73.94825
02/10/2020,AQS,1,0.013,ppm,12,CCNY,17,100,44201,Ozone,87,35620,"New York-Newark-Jersey City, NY-NJ-PA",36,New York,61,New York,40.81976,-73.94825
02/11/2020,AQS,1,0.027,ppm,25,CCNY,17,100,44201,Ozone,87,35620,"New York-Newark-Jersey City, NY-NJ-PA",36,New York,61,New York,40.81976,-73.94825
02/12/2020,AQS,1,0.028,ppm,26,CCNY,17,100,44201,Ozone,87,35620,"New York-Newark-Jersey City, NY-NJ-PA",36,New York,61,New York,40.81976,-73.94825
02/13/2020,AQS,1,0.025,ppm,23,CCNY,17,100,44201,Ozone,87,35620,"New York-Newark-Jersey City, NY-NJ-PA",36,New York,61,New York,40.81976,-73.94825
02/14/2020,AQS,1,0.031,ppm,29,CCNY,17,100,44201,Ozone,87,35620,"New York-Newark-Jersey City, NY-NJ-PA",36,New York,61,New York,40.81976,-73.94825
02/15/2020,AQS,1,0.021,ppm,19,CCNY,17,100,44201,Ozone,87,35620,"New York-Newark-Jersey City, NY-NJ-PA",36,New York,61,New York,40.81976,-73.94825
02/16/2020,AQS,1,0.016,ppm,15,CCNY,17,100,44201,Ozone,87,35620,"New York-Newark-Jersey City, NY-NJ-PA",36,New York,61,New York,40.81976,-73.94825
02/17/2020,AQS,1,0.033,ppm,31,CCNY,17,100,44201,Ozone,87,35620,"New York-Newark-Jersey City, NY-NJ-PA",36,New York,61,New York,40.81976,-73.94825
02/18/2020,AQS,1,0.018,ppm,17,CCNY,17,100,44201,Ozone,87,35620,"New York-Newark-Jersey City, NY-NJ-PA",36,New York,61,New York,40.81976,-73.94825
02/19/2020,AQS,1,0.033,ppm,31,CCNY,17,100,44201,Ozone,87,35620,"New York-Newark-Jersey City, NY-NJ-PA",36,New York,61,New York,40.81976,-73.94825
02/20/2020,AQS,1,0.033,ppm,31,CCNY,17,100,44201,Ozone,87,35620,"New York-Newark-Jersey City, NY-NJ-PA",36,New York,61,New York,40.81976,-73.94825
02/21/2020,AQS,1,0.034,ppm,31,CCNY,17,100,44201,Ozone,87,35620,"New York-Newark-Jersey City, NY-NJ-PA",36,New York,61,New York,40.81976,-73.94825
02/22/2020,AQS,1,0.028,ppm,26,CCNY,17,100,44201,Ozone,87,35620,"New York-Newark-Jersey City, NY-NJ-PA",36,New York,61,New York,40.81976,-73.94825
02/23/2020,AQS,1,0.034,ppm,31,CCNY,17,100,44201,Ozone,87,35620,"New York-Newark-Jersey City, NY-NJ-PA",36,New York,61,New York,40.81976,-73.94825
02/24/2020,AQS,1,0.026,ppm,24,CCNY,17,100,44201,Ozone,87,35620,"New York-Newark-Jersey City, NY-NJ-PA",36,New York,61,New York,40.81976,-73.94825
02/25/2020,AQS,1,0.024,ppm,22,CCNY,17,100,44201,Ozone,87,35620,"New York-Newark-Jersey City, NY-NJ-PA",36,New York,61,New York,40.81976,-73.94825
02/26/2020,AQS,1,0.033,ppm,31,CCNY,17,100,44201,Ozone,87,35620,"New York-Newark-Jersey City, NY-NJ-PA",36,New York,61,New York,40.81976,-73.94825
02/27/2020,AQS,1,0.036,ppm,33,CCNY,17,100,44201,Ozone,87,35620,"New York-Newark-Jersey City, NY-NJ-PA",36,New York,61,New York,40.81976,-73.94825
02/28/2020,AQS,1,0.034,ppm,31,CCNY,17,100,44201,Ozone,87,35620,"New York-Newark-Jersey City, NY-NJ-PA",36,New York,61,New York,40.81976,-73.94825
02/29/2020,AQS,1,0.033,ppm,31,CCNY,17,100,44201,Ozone,87,35620,"New York-Newark-Jersey City, NY-NJ-PA",36,New York,61,New York,40.81976,-73.94825
03/01/2020,AQS,1,0.038,ppm,35,CCNY,17,100,44201,Ozone,87,35620,"New York-Newark-Jersey City, NY-NJ-PA",36,New York,61,New York,40.81976,-73.94825
03/02/2020,AQS,1,0.033,ppm,31,CCNY,17,100,44201,Ozone,87,35620,"New York-Newark-Jersey City, NY-NJ-PA",36,New York,61,New York,40.81976,-73.94825
03/03/2020,AQS,1,0.031,ppm,29,CCNY,17,100,44201,Ozone,87,35620,"New York-Newark-Jersey City, NY-NJ-PA",36,New York,61,New York,40.81976,-73.94825
03/04/2020,AQS,1,0.038,ppm,35,CCNY,17,100,44201,Ozone,87,35620,"New York-Newark-Jersey City, NY-NJ-PA",36,New York,61,New York,40.81976,-73.94825
03/05/2020,AQS,1,0.032,ppm,30,CCNY,17,100,44201,Ozone,87,35620,"New York-Newark-Jersey City, NY-NJ-PA",36,New York,61,New York,40.81976,-73.94825
03/06/2020,AQS,1,0.029,ppm,27,CCNY,14,82,44201,Ozone,87,35620,"New York-Newark-Jersey City, NY-NJ-PA",36,New York,61,New York,40.81976,-73.94825
03/07/2020,AQS,1,0.037,ppm,34,CCNY,17,100,44201,Ozone,87,35620,"New York-Newark-Jersey City, NY-NJ-PA",36,New York,61,New York,40.81976,-73.94825
03/08/2020,AQS,1,0.034,ppm,31,CCNY,17,100,44201,Ozone,87,35620,"New York-Newark-Jersey City, NY-NJ-PA",36,New York,61,New York,40.81976,-73.94825
03/09/2020,AQS,1,0.037,ppm,34,CCNY,17,100,44201,Ozone,87,35620,"New York-Newark-Jersey City, NY-NJ-PA",36,New York,61,New York,40.81976,-73.94825
03/10/2020,AQS,1,0.03,ppm,28,CCNY,17,100,44201,Ozone,87,35620,"New York-Newark-Jersey City, NY-NJ-PA",36,New York,61,New York,40.81976,-73.94825
03/11/2020,AQS,1,0.03,ppm,28,CCNY,17,100,44201,Ozone,87,35620,"New York-Newark-Jersey City, NY-NJ-PA",36,New York,61,New York,40.81976,-73.94825
03/12/2020,AQS,1,0.021,ppm,19,CCNY,17,100,44201,Ozone,87,35620,"New York-Newark-Jersey City, NY-NJ-PA",36,New York,61,New York,40.81976,-73.94825
03/13/2020,AQS,1,0.041,ppm,38,CCNY,17,100,44201,Ozone,87,35620,"New York-Newark-Jersey City, NY-NJ-PA",36,New York,61,New York,40.81976,-73.94825
03/14/2020,AQS,1,0.035,ppm,32,CCNY,17,100,44201,Ozone,87,35620,"New York-Newark-Jersey City, NY-NJ-PA",36,New York,61,New York,40.81976,-73.94825
03/15/2020,AQS,1,0.038,ppm,35,CCNY,17,100,44201,Ozone,87,35620,"New York-Newark-Jersey City, NY-NJ-PA",36,New York,61,New York,40.81976,-73.94825
03/16/2020,AQS,1,0.033,ppm,31,CCNY,17,100,44201,Ozone,87,35620,"New York-Newark-Jersey City, NY-NJ-PA",36,New York,61,New York,40.81976,-73.94825
03/17/2020,AQS,1,0.024,ppm,22,CCNY,17,100,44201,Ozone,87,35620,"New York-Newark-Jersey City, NY-NJ-PA",36,New York,61,New York,40.81976,-73.94825
03/18/2020,AQS,1,0.033,ppm,31,CCNY,17,100,44201,Ozone,87,35620,"New York-Newark-Jersey City, NY-NJ-PA",36,New York,61,New York,40.81976,-73.94825
03/19/2020,AQS,1,0.024,ppm,22,CCNY,17,100,44201,Ozone,87,35620,"New York-Newark-Jersey City, NY-NJ-PA",36,New York,61,New York,40.81976,-73.94825
03/20/2020,AQS,1,0.037,ppm,34,CCNY,17,100,44201,Ozone,87,35620,"New York-Newark-Jersey City, NY-NJ-PA",36,New York,61,New York,40.81976,-73.94825
03/21/2020,AQS,1,0.039,ppm,36,CCNY,17,100,44201,Ozone,87,35620,"New York-Newark-Jersey City, NY-NJ-PA",36,New York,61,New York,40.81976,-73.94825
03/22/2020,AQS,1,0.039,ppm,36,CCNY,17,100,44201,Ozone,87,35620,"New York-Newark-Jersey City, NY-NJ-PA",36,New York,61,New York,40.81976,-73.94825
03/23/2020,AQS,1,0.029,ppm,27,CCNY,17,100,44201,Ozone,87,35620,"New York-Newark-Jersey City, NY-NJ-PA",36,New York,61,New York,40.81976,-73.94825
03/24/2020,AQS,1,0.037,ppm,34,CCNY,17,100,44201,Ozone,87,35620,"New York-Newark-Jersey City, NY-NJ-PA",36,New York,61,New York,40.81976,-73.94825
03/25/2020,AQS,1,0.033,ppm,31,CCNY,17,100,44201,Ozone,87,35620,"New York-Newark-Jersey City, NY-NJ-PA",36,New York,61,New York,40.81976,-73.94825
03/26/2020,AQS,1,0.033,ppm,31,CCNY,17,100,44201,Ozone,87,35620,"New York-Newark-Jersey City, NY-NJ-PA",36,New York,61,New York,40.81976,-73.94825
03/27/2020,AQS,1,0.042,ppm,39,CCNY,17,100,44201,Ozone,87,35620,"New York-Newark-Jersey City, NY-NJ-PA",36,New York,61,New York,40.81976,-73.94825
03/28/2020,AQS,1,0.041,ppm,38,CCNY,17,100,44201,Ozone,87,35620,"New York-Newark-Jersey City, NY-NJ-PA",36,New York,61,New York,40.81976,-73.94825
03/29/2020,AQS,1,0.039,ppm,36,CCNY,17,100,44201,Ozone,87,35620,"New York-Newark-Jersey City, NY-NJ-PA",36,New York,61,New York,40.81976,-73.94825
03/30/2020,AQS,1,0.027,ppm,25,CCNY,17,100,44201,Ozone,87,35620,"New York-Newark-Jersey City, NY-NJ-PA",36,New York,61,New York,40.81976,-73.94825
03/31/2020,AQS,1,0.035,ppm,32,CCNY,17,100,44201,Ozone,87,35620,"New York-Newark-Jersey City, NY-NJ-PA",36,New York,61,New York,40.81976,-73.94825
04/01/2020,AQS,1,0.041,ppm,38,CCNY,17,100,44201,Ozone,87,35620,"New York-Newark-Jersey City, NY-NJ-PA",36,New York,61,New York,40.81976,-73.94825
04/02/2020,AQS,1,0.038,ppm,35,CCNY,17,100,44201,Ozone,87,35620,"New York-Newark-Jersey City, NY-NJ-PA",36,New York,61,New York,40.81976,-73.94825
04/03/2020,AQS,1,0.03,ppm,28,CCNY,17,100,44201,Ozone,87,35620,"New York-Newark-Jersey City, NY-NJ-PA",36,New York,61,New York,40.81976,-73.94825
04/04/2020,AQS,1,0.036,ppm,33,CCNY,17,100,44201,Ozone,87,35620,"New York-Newark-Jersey City, NY-NJ-PA",36,New York,61,New York,40.81976,-73.94825
04/05/2020,AQS,1,0.026,ppm,24,CCNY,17,100,44201,Ozone,87,35620,"New York-Newark-Jersey City, NY-NJ-PA",36,New York,61,New York,40.81976,-73.94825
04/06/2020,AQS,1,0.04,ppm,37,CCNY,17,100,44201,Ozone,87,35620,"New York-Newark-Jersey City, NY-NJ-PA",36,New York,61,New York,40.81976,-73.94825
04/07/2020,AQS,1,0.046,ppm,43,CCNY,17,100,44201,Ozone,87,35620,"New York-Newark-Jersey City, NY-NJ-PA",36,New York,61,New York,40.81976,-73.94825
04/08/2020,AQS,1,0.037,ppm,34,CCNY,17,100,44201,Ozone,87,35620,"New York-Newark-Jersey City, NY-NJ-PA",36,New York,61,New York,40.81976,-73.94825
04/09/2020,AQS,1,0.043,ppm,40,CCNY,17,100,44201,Ozone,87,35620,"New York-Newark-Jersey City, NY-NJ-PA",36,New York,61,New York,40.81976,-73.94825
04/10/2020,AQS,1,0.036,ppm,33,CCNY,17,100,44201,Ozone,87,35620,"New York-Newark-Jersey City, NY-NJ-PA",36,New York,61,New York,40.81976,-73.94825
04/11/2020,AQS,1,0.043,ppm,40,CCNY,17,100,44201,Ozone,87,35620,"New York-Newark-Jersey City, NY-NJ-PA",36,New York,61,New York,40.81976,-73.94825
04/12/2020,AQS,1,0.045,ppm,42,CCNY,17,100,44201,Ozone,87,35620,"New York-Newark-Jersey City, NY-NJ-PA",36,New York,61,New York,40.81976,-73.94825
04/13/2020,AQS,1,0.043,ppm,40,CCNY,17,100,44201,Ozone,87,35620,"New York-Newark-Jersey City, NY-NJ-PA",36,New York,61,New York,40.81976,-73.94825
04/14/2020,AQS,1,0.043,ppm,40,CCNY,17,100,44201,Ozone,87,35620,"New York-Newark-Jersey City, NY-NJ-PA",36,New York,61,New York,40.81976,-73.94825
04/15/2020,AQS,1,0.043,ppm,40,CCNY,17,100,44201,Ozone,87,35620,"New York-Newark-Jersey City, NY-NJ-PA",36,New York,61,New York,40.81976,-73.94825
04/16/2020,AQS,1,0.04,ppm,37,CCNY,17,100,44201,Ozone,87,35620,"New York-Newark-Jersey City, NY-NJ-PA",36,New York,61,New York,40.81976,-73.94825
04/17/2020,AQS,1,0.041,ppm,38,CCNY,17,100,44201,Ozone,87,35620,"New York-Newark-Jersey City, NY-NJ-PA",36,New York,61,New York,40.81976,-73.94825
04/18/2020,AQS,1,0.035,ppm,32,CCNY,17,100,44201,Ozone,87,35620,"New York-Newark-Jersey City, NY-NJ-PA",36,New York,61,New York,40.81976,-73.94825
04/19/2020,AQS,1,0.05,ppm,46,CCNY,17,100,44201,Ozone,87,35620,"New York-Newark-Jersey City, NY-NJ-PA",36,New York,61,New York,40.81976,-73.94825
04/20/2020,AQS,1,0.04,ppm,37,CCNY,17,100,44201,Ozone,87,35620,"New York-Newark-Jersey City, NY-NJ-PA",36,New York,61,New York,40.81976,-73.94825
04/21/2020,AQS,1,0.038,ppm,35,CCNY,17,100,44201,Ozone,87,35620,"New York-Newark-Jersey City, NY-NJ-PA",36,New York,61,New York,40.81976,-73.94825
04/22/2020,AQS,1,0.039,ppm,36,CCNY,17,100,44201,Ozone,87,35620,"New York-Newark-Jersey City, NY-NJ-PA",36,New York,61,New York,40.81976,-73.94825
04/23/2020,AQS,1,0.031,ppm,29,CCNY,17,100,44201,Ozone,87,35620,"New York-Newark-Jersey City, NY-NJ-PA",36,New York,61,New York,40.81976,-73.94825
04/24/2020,AQS,1,0.029,ppm,27,CCNY,17,100,44201,Ozone,87,35620,"New York-Newark-Jersey City, NY-NJ-PA",36,New York,61,New York,40.81976,-73.94825
04/25/2020,AQS,1,0.044,ppm,41,CCNY,17,100,44201,Ozone,87,35620,"New York-Newark-Jersey City, NY-NJ-PA",36,New York,61,New York,40.81976,-73.94825
04/26/2020,AQS,1,0.039,ppm,36,CCNY,17,100,44201,Ozone,87,35620,"New York-Newark-Jersey City, NY-NJ-PA",36,New York,61,New York,40.81976,-73.94825
04/27/2020,AQS,1,0.035,ppm,32,CCNY,17,100,44201,Ozone,87,35620,"New York-Newark-Jersey City, NY-NJ-PA",36,New York,61,New York,40.81976,-73.94825
04/28/2020,AQS,1,0.04,ppm,37,CCNY,17,100,44201,Ozone,87,35620,"New York-Newark-Jersey City, NY-NJ-PA",36,New York,61,New York,40.81976,-73.94825
04/29/2020,AQS,1,0.038,ppm,35,CCNY,17,100,44201,Ozone,87,35620,"New York-Newark-Jersey City, NY-NJ-PA",36,New York,61,New York,40.81976,-73.94825
04/30/2020,AQS,1,0.043,ppm,40,CCNY,17,100,44201,Ozone,87,35620,"New York-Newark-Jersey City, NY-NJ-PA",36,New York,61,New York,40.81976,-73.94825
05/01/2020,AQS,1,0.043,ppm,40,CCNY,17,100,44201,Ozone,87,35620,"New York-Newark-Jersey City, NY-NJ-PA",36,New York,61,New York,40.81976,-73.94825
05/02/2020,AQS,1,0.04,ppm,37,CCNY,17,100,44201,Ozone,87,35620,"New York-Newark-Jersey City, NY-NJ-PA",36,New York,61,New York,40.81976,-73.94825
05/03/2020,AQS,1,0.05,ppm,46,CCNY,17,100,44201,Ozone,87,35620,"New York-Newark-Jersey City, NY-NJ-PA",36,New York,61,New York,40.81976,-73.94825
05/04/2020,AQS,1,0.041,ppm,38,CCNY,17,100,44201,Ozone,87,35620,"New York-Newark-Jersey City, NY-NJ-PA",36,New York,61,New York,40.81976,-73.94825
05/05/2020,AQS,1,0.045,ppm,42,CCNY,17,100,44201,Ozone,87,35620,"New York-Newark-Jersey City, NY-NJ-PA",36,New York,61,New York,40.81976,-73.94825
05/06/2020,AQS,1,0.032,ppm,30,CCNY,17,100,44201,Ozone,87,35620,"New York-Newark-Jersey City, NY-NJ-PA",36,New York,61,New York,40.81976,-73.94825
05/07/2020,AQS,1,0.044,ppm,41,CCNY,17,100,44201,Ozone,87,35620,"New York-Newark-Jersey City, NY-NJ-PA",36,New York,61,New York,40.81976,-73.94825
05/08/2020,AQS,1,0.033,ppm,31,CCNY,17,100,44201,Ozone,87,35620,"New York-Newark-Jersey City, NY-NJ-PA",36,New York,61,New York,40.81976,-73.94825
05/09/2020,AQS,1,0.029,ppm,27,CCNY,17,100,44201,Ozone,87,35620,"New York-Newark-Jersey City, NY-NJ-PA",36,New York,61,New York,40.81976,-73.94825
05/10/2020,AQS,1,0.045,ppm,42,CCNY,17,100,44201,Ozone,87,35620,"New York-Newark-Jersey City, NY-NJ-PA",36,New York,61,New York,40.81976,-73.94825
05/11/2020,AQS,1,0.034,ppm,31,CCNY,17,100,44201,Ozone,87,35620,"New York-Newark-Jersey City, NY-NJ-PA",36,New York,61,New York,40.81976,-73.94825
05/13/2020,AQS,1,0.044,ppm,41,CCNY,17,100,44201,Ozone,87,35620,"New York-Newark-Jersey City, NY-NJ-PA",36,New York,61,New York,40.81976,-73.94825
05/14/2020,AQS,1,0.048,ppm,44,CCNY,17,100,44201,Ozone,87,35620,"New York-Newark-Jersey City, NY-NJ-PA",36,New York,61,New York,40.81976,-73.94825
05/15/2020,AQS,1,0.057,ppm,58,CCNY,17,100,44201,Ozone,87,35620,"New York-Newark-Jersey City, NY-NJ-PA",36,New York,61,New York,40.81976,-73.94825
05/16/2020,AQS,1,0.044,ppm,41,CCNY,17,100,44201,Ozone,87,35620,"New York-Newark-Jersey City, NY-NJ-PA",36,New York,61,New York,40.81976,-73.94825
05/17/2020,AQS,1,0.046,ppm,43,CCNY,17,100,44201,Ozone,87,35620,"New York-Newark-Jersey City, NY-NJ-PA",36,New York,61,New York,40.81976,-73.94825
05/18/2020,AQS,1,0.046,ppm,43,CCNY,17,100,44201,Ozone,87,35620,"New York-Newark-Jersey City, NY-NJ-PA",36,New York,61,New York,40.81976,-73.94825
05/19/2020,AQS,1,0.042,ppm,39,CCNY,17,100,44201,Ozone,87,35620,"New York-Newark-Jersey City, NY-NJ-PA",36,New York,61,New York,40.81976,-73.94825
05/20/2020,AQS,1,0.042,ppm,39,CCNY,17,100,44201,Ozone,87,35620,"New York-Newark-Jersey City, NY-NJ-PA",36,New York,61,New York,40.81976,-73.94825
05/21/2020,AQS,1,0.036,ppm,33,CCNY,17,100,44201,Ozone,87,35620,"New York-Newark-Jersey City, NY-NJ-PA",36,New York,61,New York,40.81976,-73.94825
05/22/2020,AQS,1,0.037,ppm,34,CCNY,17,100,44201,Ozone,87,35620,"New York-Newark-Jersey City, NY-NJ-PA",36,New York,61,New York,40.81976,-73.94825
05/23/2020,AQS,1,0.036,ppm,33,CCNY,17,100,44201,Ozone,87,35620,"New York-Newark-Jersey City, NY-NJ-PA",36,New York,61,New York,40.81976,-73.94825
05/24/2020,AQS,1,0.039,ppm,36,CCNY,17,100,44201,Ozone,87,35620,"New York-Newark-Jersey City, NY-NJ-PA",36,New York,61,New York,40.81976,-73.94825
05/25/2020,AQS,1,0.032,ppm,30,CCNY,17,100,44201,Ozone,87,35620,"New York-Newark-Jersey City, NY-NJ-PA",36,New York,61,New York,40.81976,-73.94825
05/26/2020,AQS,1,0.027,ppm,25,CCNY,17,100,44201,Ozone,87,35620,"New York-Newark-Jersey City, NY-NJ-PA",36,New York,61,New York,40.81976,-73.94825
05/27/2020,AQS,1,0.028,ppm,26,CCNY,17,100,44201,Ozone,87,35620,"New York-Newark-Jersey City, NY-NJ-PA",36,New York,61,New York,40.81976,-73.94825
05/28/2020,AQS,1,0.02,ppm,19,CCNY,17,100,44201,Ozone,87,35620,"New York-Newark-Jersey City, NY-NJ-PA",36,New York,61,New York,40.81976,-73.94825
05/29/2020,AQS,1,0.025,ppm,23,CCNY,17,100,44201,Ozone,87,35620,"New York-Newark-Jersey City, NY-NJ-PA",36,New York,61,New York,40.81976,-73.94825
05/30/2020,AQS,1,0.043,ppm,40,CCNY,17,100,44201,Ozone,87,35620,"New York-Newark-Jersey City, NY-NJ-PA",36,New York,61,New York,40.81976,-73.94825
05/31/2020,AQS,1,0.032,ppm,30,CCNY,17,100,44201,Ozone,87,35620,"New York-Newark-Jersey City, NY-NJ-PA",36,New York,61,New York,40.81976,-73.94825
06/01/2020,AQS,1,0.039,ppm,36,CCNY,17,100,44201,Ozone,87,35620,"New York-Newark-Jersey City, NY-NJ-PA",36,New York,61,New York,40.81976,-73.94825
06/02/2020,AQS,1,0.047,ppm,44,CCNY,17,100,44201,Ozone,87,35620,"New York-Newark-Jersey City, NY-NJ-PA",36,New York,61,New York,40.81976,-73.94825
06/03/2020,AQS,1,0.046,ppm,43,CCNY,17,100,44201,Ozone,87,35620,"New York-Newark-Jersey City, NY-NJ-PA",36,New York,61,New York,40.81976,-73.94825
06/04/2020,AQS,1,0.06,ppm,67,CCNY,17,100,44201,Ozone,87,35620,"New York-Newark-Jersey City, NY-NJ-PA",36,New York,61,New York,40.81976,-73.94825
06/05/2020,AQS,1,0.038,ppm,35,CCNY,17,100,44201,Ozone,87,35620,"New York-Newark-Jersey City, NY-NJ-PA",36,New York,61,New York,40.81976,-73.94825
06/06/2020,AQS,1,0.052,ppm,48,CCNY,17,100,44201,Ozone,87,35620,"New York-Newark-Jersey City, NY-NJ-PA",36,New York,61,New York,40.81976,-73.94825
06/07/2020,AQS,1,0.034,ppm,31,CCNY,17,100,44201,Ozone,87,35620,"New York-Newark-Jersey City, NY-NJ-PA",36,New York,61,New York,40.81976,-73.94825
06/08/2020,AQS,1,0.035,ppm,32,CCNY,17,100,44201,Ozone,87,35620,"New York-Newark-Jersey City, NY-NJ-PA",36,New York,61,New York,40.81976,-73.94825
06/09/2020,AQS,1,0.069,ppm,97,CCNY,17,100,44201,Ozone,87,35620,"New York-Newark-Jersey City, NY-NJ-PA",36,New York,61,New York,40.81976,-73.94825
06/10/2020,AQS,1,0.048,ppm,44,CCNY,14,82,44201,Ozone,87,35620,"New York-Newark-Jersey City, NY-NJ-PA",36,New York,61,New York,40.81976,-73.94825
06/11/2020,AQS,1,0.029,ppm,27,CCNY,17,100,44201,Ozone,87,35620,"New York-Newark-Jersey City, NY-NJ-PA",36,New York,61,New York,40.81976,-73.94825
06/12/2020,AQS,1,0.052,ppm,48,CCNY,17,100,44201,Ozone,87,35620,"New York-Newark-Jersey City, NY-NJ-PA",36,New York,61,New York,40.81976,-73.94825
06/13/2020,AQS,1,0.041,ppm,38,CCNY,17,100,44201,Ozone,87,35620,"New York-Newark-Jersey City, NY-NJ-PA",36,New York,61,New York,40.81976,-73.94825
06/14/2020,AQS,1,0.041,ppm,38,CCNY,17,100,44201,Ozone,87,35620,"New York-Newark-Jersey City, NY-NJ-PA",36,New York,61,New York,40.81976,-73.94825
06/15/2020,AQS,1,0.04,ppm,37,CCNY,17,100,44201,Ozone,87,35620,"New York-Newark-Jersey City, NY-NJ-PA",36,New York,61,New York,40.81976,-73.94825
06/16/2020,AQS,1,0.042,ppm,39,CCNY,17,100,44201,Ozone,87,35620,"New York-Newark-Jersey City, NY-NJ-PA",36,New York,61,New York,40.81976,-73.94825
06/19/2020,AQS,1,0.041,ppm,38,CCNY,17,100,44201,Ozone,87,35620,"New York-Newark-Jersey City, NY-NJ-PA",36,New York,61,New York,40.81976,-73.94825
06/20/2020,AQS,1,0.052,ppm,48,CCNY,17,100,44201,Ozone,87,35620,"New York-Newark-Jersey City, NY-NJ-PA",36,New York,61,New York,40.81976,-73.94825
06/21/2020,AQS,1,0.043,ppm,40,CCNY,17,100,44201,Ozone,87,35620,"New York-Newark-Jersey City, NY-NJ-PA",36,New York,61,New York,40.81976,-73.94825
06/22/2020,AQS,1,0.062,ppm,74,CCNY,17,100,44201,Ozone,87,35620,"New York-Newark-Jersey City, NY-NJ-PA",36,New York,61,New York,40.81976,-73.94825
06/23/2020,AQS,1,0.055,ppm,51,CCNY,17,100,44201,Ozone,87,35620,"New York-Newark-Jersey City, NY-NJ-PA",36,New York,61,New York,40.81976,-73.94825
06/24/2020,AQS,1,0.046,ppm,43,CCNY,17,100,44201,Ozone,87,35620,"New York-Newark-Jersey City, NY-NJ-PA",36,New York,61,New York,40.81976,-73.94825
06/25/2020,AQS,1,0.064,ppm,80,CCNY,17,100,44201,Ozone,87,35620,"New York-Newark-Jersey City, NY-NJ-PA",36,New York,61,New York,40.81976,-73.94825
06/26/2020,AQS,1,0.056,ppm,54,CCNY,17,100,44201,Ozone,87,35620,"New York-Newark-Jersey City, NY-NJ-PA",36,New York,61,New York,40.81976,-73.94825
06/27/2020,AQS,1,0.044,ppm,41,CCNY,17,100,44201,Ozone,87,35620,"New York-Newark-Jersey City, NY-NJ-PA",36,New York,61,New York,40.81976,-73.94825
06/28/2020,AQS,1,0.059,ppm,64,CCNY,17,100,44201,Ozone,87,35620,"New York-Newark-Jersey City, NY-NJ-PA",36,New York,61,New York,40.81976,-73.94825
06/29/2020,AQS,1,0.04,ppm,37,CCNY,17,100,44201,Ozone,87,35620,"New York-Newark-Jersey City, NY-NJ-PA",36,New York,61,New York,40.81976,-73.94825
06/30/2020,AQS,1,0.039,ppm,36,CCNY,17,100,44201,Ozone,87,35620,"New York-Newark-Jersey City, NY-NJ-PA",36,New York,61,New York,40.81976,-73.94825
07/01/2020,AQS,1,0.049,ppm,45,CCNY,17,100,44201,Ozone,87,35620,"New York-Newark-Jersey City, NY-NJ-PA",36,New York,61,New York,40.81976,-73.94825
07/02/2020,AQS,1,0.043,ppm,40,CCNY,17,100,44201,Ozone,87,35620,"New York-Newark-Jersey City, NY-NJ-PA",36,New York,61,New York,40.81976,-73.94825
07/03/2020,AQS,1,0.046,ppm,43,CCNY,17,100,44201,Ozone,87,35620,"New York-Newark-Jersey City, NY-NJ-PA",36,New York,61,New York,40.81976,-73.94825
07/04/2020,AQS,1,0.045,ppm,42,CCNY,17,100,44201,Ozone,87,35620,"New York-Newark-Jersey City, NY-NJ-PA",36,New York,61,New York,40.81976,-73.94825
07/05/2020,AQS,1,0.05,ppm,46,CCNY,17,100,44201,Ozone,87,35620,"New York-Newark-Jersey City, NY-NJ-PA",36,New York,61,New York,40.81976,-73.94825
07/06/2020,AQS,1,0.066,ppm,87,CCNY,17,100,44201,Ozone,87,35620,"New York-Newark-Jersey City, NY-NJ-PA",36,New York,61,New York,40.81976,-73.94825
07/07/2020,AQS,1,0.038,ppm,35,CCNY,17,100,44201,Ozone,87,35620,"New York-Newark-Jersey City, NY-NJ-PA",36,New York,61,New York,40.81976,-73.94825
07/08/2020,AQS,1,0.035,ppm,32,CCNY,17,100,44201,Ozone,87,35620,"New York-Newark-Jersey City, NY-NJ-PA",36,New York,61,New York,40.81976,-73.94825
07/09/2020,AQS,1,0.034,ppm,31,CCNY,17,100,44201,Ozone,87,35620,"New York-Newark-Jersey City, NY-NJ-PA",36,New York,61,New York,40.81976,-73.94825
07/10/2020,AQS,1,0.021,ppm,19,CCNY,17,100,44201,Ozone,87,35620,"New York-Newark-Jersey City, NY-NJ-PA",36,New York,61,New York,40.81976,-73.94825
07/11/2020,AQS,1,0.036,ppm,33,CCNY,17,100,44201,Ozone,87,35620,"New York-Newark-Jersey City, NY-NJ-PA",36,New York,61,New York,40.81976,-73.94825
07/12/2020,AQS,1,0.041,ppm,38,CCNY,17,100,44201,Ozone,87,35620,"New York-Newark-Jersey City, NY-NJ-PA",36,New York,61,New York,40.81976,-73.94825
07/13/2020,AQS,1,0.045,ppm,42,CCNY,17,100,44201,Ozone,87,35620,"New York-Newark-Jersey City, NY-NJ-PA",36,New York,61,New York,40.81976,-73.94825
07/14/2020,AQS,1,0.031,ppm,29,CCNY,17,100,44201,Ozone,87,35620,"New York-Newark-Jersey City, NY-NJ-PA",36,New York,61,New York,40.81976,-73.94825
07/15/2020,AQS,1,0.044,ppm,41,CCNY,17,100,44201,Ozone,87,35620,"New York-Newark-Jersey City, NY-NJ-PA",36,New York,61,New York,40.81976,-73.94825
07/16/2020,AQS,1,0.028,ppm,26,CCNY,17,100,44201,Ozone,87,35620,"New York-Newark-Jersey City, NY-NJ-PA",36,New York,61,New York,40.81976,-73.94825
07/17/2020,AQS,1,0.045,ppm,42,CCNY,17,100,44201,Ozone,87,35620,"New York-Newark-Jersey City, NY-NJ-PA",36,New York,61,New York,40.81976,-73.94825
07/18/2020,AQS,1,0.061,ppm,71,CCNY,17,100,44201,Ozone,87,35620,"New York-Newark-Jersey City, NY-NJ-PA",36,New York,61,New York,40.81976,-73.94825
07/19/2020,AQS,1,0.07,ppm,100,CCNY,17,100,44201,Ozone,87,35620,"New York-Newark-Jersey City, NY-NJ-PA",36,New York,61,New York,40.81976,-73.94825
07/20/2020,AQS,1,0.056,ppm,54,CCNY,17,100,44201,Ozone,87,35620,"New York-Newark-Jersey City, NY-NJ-PA",36,New York,61,New York,40.81976,-73.94825
07/21/2020,AQS,1,0.064,ppm,80,CCNY,17,100,44201,Ozone,87,35620,"New York-Newark-Jersey City, NY-NJ-PA",36,New York,61,New York,40.81976,-73.94825
07/22/2020,AQS,1,0.073,ppm,108,CCNY,17,100,44201,Ozone,87,35620,"New York-Newark-Jersey City, NY-NJ-PA",36,New York,61,New York,40.81976,-73.94825
07/23/2020,AQS,1,0.054,ppm,50,CCNY,17,100,44201,Ozone,87,35620,"New York-Newark-Jersey City, NY-NJ-PA",36,New York,61,New York,40.81976,-73.94825
07/24/2020,AQS,1,0.036,ppm,33,CCNY,17,100,44201,Ozone,87,35620,"New York-Newark-Jersey City, NY-NJ-PA",36,New York,61,New York,40.81976,-73.94825
07/25/2020,AQS,1,0.067,ppm,90,CCNY,17,100,44201,Ozone,87,35620,"New York-Newark-Jersey City, NY-NJ-PA",36,New York,61,New York,40.81976,-73.94825
07/26/2020,AQS,1,0.052,ppm,48,CCNY,17,100,44201,Ozone,87,35620,"New York-Newark-Jersey City, NY-NJ-PA",36,New York,61,New York,40.81976,-73.94825
07/27/2020,AQS,1,0.059,ppm,64,CCNY,17,100,44201,Ozone,87,35620,"New York-Newark-Jersey City, NY-NJ-PA",36,New York,61,New York,40.81976,-73.94825
07/28/2020,AQS,1,0.049,ppm,45,CCNY,17,100,44201,Ozone,87,35620,"New York-Newark-Jersey City, NY-NJ-PA",36,New York,61,New York,40.81976,-73.94825
07/29/2020,AQS,1,0.063,ppm,77,CCNY,17,100,44201,Ozone,87,35620,"New York-Newark-Jersey City, NY-NJ-PA",36,New York,61,New York,40.81976,-73.94825
07/30/2020,AQS,1,0.067,ppm,90,CCNY,17,100,44201,Ozone,87,35620,"New York-Newark-Jersey City, NY-NJ-PA",36,New York,61,New York,40.81976,-73.94825
07/31/2020,AQS,1,0.049,ppm,45,CCNY,15,88,44201,Ozone,87,35620,"New York-Newark-Jersey City, NY-NJ-PA",36,New York,61,New York,40.81976,-73.94825
08/01/2020,AQS,1,0.061,ppm,71,CCNY,17,100,44201,Ozone,87,35620,"New York-Newark-Jersey City, NY-NJ-PA",36,New York,61,New York,40.81976,-73.94825
08/02/2020,AQS,1,0.037,ppm,34,CCNY,17,100,44201,Ozone,87,35620,"New York-Newark-Jersey City, NY-NJ-PA",36,New York,61,New York,40.81976,-73.94825
08/03/2020,AQS,1,0.05,ppm,46,CCNY,17,100,44201,Ozone,87,35620,"New York-Newark-Jersey City, NY-NJ-PA",36,New York,61,New York,40.81976,-73.94825
08/04/2020,AQS,1,0.028,ppm,26,CCNY,17,100,44201,Ozone,87,35620,"New York-Newark-Jersey City, NY-NJ-PA",36,New York,61,New York,40.81976,-73.94825
08/05/2020,AQS,1,0.052,ppm,48,CCNY,14,82,44201,Ozone,87,35620,"New York-Newark-Jersey City, NY-NJ-PA",36,New York,61,New York,40.81976,-73.94825
08/06/2020,AQS,1,0.061,ppm,71,CCNY,17,100,44201,Ozone,87,35620,"New York-Newark-Jersey City, NY-NJ-PA",36,New York,61,New York,40.81976,-73.94825
08/07/2020,AQS,1,0.055,ppm,51,CCNY,17,100,44201,Ozone,87,35620,"New York-Newark-Jersey City, NY-NJ-PA",36,New York,61,New York,40.81976,-73.94825
08/08/2020,AQS,1,0.047,ppm,44,CCNY,17,100,44201,Ozone,87,35620,"New York-Newark-Jersey City, NY-NJ-PA",36,New York,61,New York,40.81976,-73.94825
08/09/2020,AQS,1,0.057,ppm,58,CCNY,17,100,44201,Ozone,87,35620,"New York-Newark-Jersey City, NY-NJ-PA",36,New York,61,New York,40.81976,-73.94825
08/10/2020,AQS,1,0.07,ppm,100,CCNY,17,100,44201,Ozone,87,35620,"New York-Newark-Jersey City, NY-NJ-PA",36,New York,61,New York,40.81976,-73.94825
08/11/2020,AQS,1,0.045,ppm,42,CCNY,17,100,44201,Ozone,87,35620,"New York-Newark-Jersey City, NY-NJ-PA",36,New York,61,New York,40.81976,-73.94825
08/12/2020,AQS,1,0.064,ppm,80,CCNY,17,100,44201,Ozone,87,35620,"New York-Newark-Jersey City, NY-NJ-PA",36,New York,61,New York,40.81976,-73.94825
08/13/2020,AQS,1,0.039,ppm,36,CCNY,17,100,44201,Ozone,87,35620,"New York-Newark-Jersey City, NY-NJ-PA",36,New York,61,New York,40.81976,-73.94825
08/14/2020,AQS,1,0.05,ppm,46,CCNY,17,100,44201,Ozone,87,35620,"New York-Newark-Jersey City, NY-NJ-PA",36,New York,61,New York,40.81976,-73.94825
08/15/2020,AQS,1,0.036,ppm,33,CCNY,17,100,44201,Ozone,87,35620,"New York-Newark-Jersey City, NY-NJ-PA",36,New York,61,New York,40.81976,-73.94825
08/16/2020,AQS,1,0.019,ppm,18,CCNY,17,100,44201,Ozone,87,35620,"New York-Newark-Jersey City, NY-NJ-PA",36,New York,61,New York,40.81976,-73.94825
08/17/2020,AQS,1,0.042,ppm,39,CCNY,17,100,44201,Ozone,87,35620,"New York-Newark-Jersey City, NY-NJ-PA",36,New York,61,New York,40.81976,-73.94825
08/18/2020,AQS,1,0.039,ppm,36,CCNY,17,100,44201,Ozone,87,35620,"New York-Newark-Jersey City, NY-NJ-PA",36,New York,61,New York,40.81976,-73.94825
08/19/2020,AQS,1,0.027,ppm,25,CCNY,17,100,44201,Ozone,87,35620,"New York-Newark-Jersey City, NY-NJ-PA",36,New York,61,New York,40.81976,-73.94825
08/20/2020,AQS,1,0.045,ppm,42,CCNY,14,82,44201,Ozone,87,35620,"New York-Newark-Jersey City, NY-NJ-PA",36,New York,61,New York,40.81976,-73.94825
08/21/2020,AQS,1,0.052,ppm,48,CCNY,17,100,44201,Ozone,87,35620,"New York-Newark-Jersey City, NY-NJ-PA",36,New York,61,New York,40.81976,-73.94825
08/22/2020,AQS,1,0.048,ppm,44,CCNY,17,100,44201,Ozone,87,35620,"New York-Newark-Jersey City, NY-NJ-PA",36,New York,61,New York,40.81976,-73.94825
08/23/2020,AQS,1,0.04,ppm,37,CCNY,17,100,44201,Ozone,87,35620,"New York-Newark-Jersey City, NY-NJ-PA",36,New York,61,New York,40.81976,-73.94825
08/24/2020,AQS,1,0.053,ppm,49,CCNY,17,100,44201,Ozone,87,35620,"New York-Newark-Jersey City, NY-NJ-PA",36,New York,61,New York,40.81976,-73.94825
08/25/2020,AQS,1,0.05,ppm,46,CCNY,17,100,44201,Ozone,87,35620,"New York-Newark-Jersey City, NY-NJ-PA",36,New York,61,New York,40.81976,-73.94825
08/26/2020,AQS,1,0.028,ppm,26,CCNY,17,100,44201,Ozone,87,35620,"New York-Newark-Jersey City, NY-NJ-PA",36,New York,61,New York,40.81976,-73.94825
08/27/2020,AQS,1,0.049,ppm,45,CCNY,17,100,44201,Ozone,87,35620,"New York-Newark-Jersey City, NY-NJ-PA",36,New York,61,New York,40.81976,-73.94825
08/28/2020,AQS,1,0.042,ppm,39,CCNY,17,100,44201,Ozone,87,35620,"New York-Newark-Jersey City, NY-NJ-PA",36,New York,61,New York,40.81976,-73.94825
08/29/2020,AQS,1,0.028,ppm,26,CCNY,17,100,44201,Ozone,87,35620,"New York-Newark-Jersey City, NY-NJ-PA",36,New York,61,New York,40.81976,-73.94825
08/30/2020,AQS,1,0.025,ppm,23,CCNY,17,100,44201,Ozone,87,35620,"New York-Newark-Jersey City, NY-NJ-PA",36,New York,61,New York,40.81976,-73.94825
08/31/2020,AQS,1,0.025,ppm,23,CCNY,17,100,44201,Ozone,87,35620,"New York-Newark-Jersey City, NY-NJ-PA",36,New York,61,New York,40.81976,-73.94825
09/01/2020,AQS,1,0.026,ppm,24,CCNY,17,100,44201,Ozone,87,35620,"New York-Newark-Jersey City, NY-NJ-PA",36,New York,61,New York,40.81976,-73.94825
09/02/2020,AQS,1,0.025,ppm,23,CCNY,17,100,44201,Ozone,87,35620,"New York-Newark-Jersey City, NY-NJ-PA",36,New York,61,New York,40.81976,-73.94825
09/03/2020,AQS,1,0.046,ppm,43,CCNY,17,100,44201,Ozone,87,35620,"New York-Newark-Jersey City, NY-NJ-PA",36,New York,61,New York,40.81976,-73.94825
09/04/2020,AQS,1,0.037,ppm,34,CCNY,17,100,44201,Ozone,87,35620,"New York-Newark-Jersey City, NY-NJ-PA",36,New York,61,New York,40.81976,-73.94825
09/05/2020,AQS,1,0.036,ppm,33,CCNY,17,100,44201,Ozone,87,35620,"New York-Newark-Jersey City, NY-NJ-PA",36,New York,61,New York,40.81976,-73.94825
09/06/2020,AQS,1,0.054,ppm,50,CCNY,17,100,44201,Ozone,87,35620,"New York-Newark-Jersey City, NY-NJ-PA",36,New York,61,New York,40.81976,-73.94825
09/07/2020,AQS,1,0.035,ppm,32,CCNY,17,100,44201,Ozone,87,35620,"New York-Newark-Jersey City, NY-NJ-PA",36,New York,61,New York,40.81976,-73.94825
09/08/2020,AQS,1,0.038,ppm,35,CCNY,17,100,44201,Ozone,87,35620,"New York-Newark-Jersey City, NY-NJ-PA",36,New York,61,New York,40.81976,-73.94825
09/09/2020,AQS,1,0.032,ppm,30,CCNY,17,100,44201,Ozone,87,35620,"New York-Newark-Jersey City, NY-NJ-PA",36,New York,61,New York,40.81976,-73.94825
09/10/2020,AQS,1,0.02,ppm,19,CCNY,17,100,44201,Ozone,87,35620,"New York-Newark-Jersey City, NY-NJ-PA",36,New York,61,New York,40.81976,-73.94825
09/11/2020,AQS,1,0.027,ppm,25,CCNY,17,100,44201,Ozone,87,35620,"New York-Newark-Jersey City, NY-NJ-PA",36,New York,61,New York,40.81976,-73.94825
09/12/2020,AQS,1,0.028,ppm,26,CCNY,17,100,44201,Ozone,87,35620,"New York-Newark-Jersey City, NY-NJ-PA",36,New York,61,New York,40.81976,-73.94825
09/13/2020,AQS,1,0.028,ppm,26,CCNY,17,100,44201,Ozone,87,35620,"New York-Newark-Jersey City, NY-NJ-PA",36,New York,61,New York,40.81976,-73.94825
09/14/2020,AQS,1,0.025,ppm,23,CCNY,17,100,44201,Ozone,87,35620,"New York-Newark-Jersey City, NY-NJ-PA",36,New York,61,New York,40.81976,-73.94825
09/15/2020,AQS,1,0.024,ppm,22,CCNY,14,82,44201,Ozone,87,35620,"New York-Newark-Jersey City, NY-NJ-PA",36,New York,61,New York,40.81976,-73.94825
09/16/2020,AQS,1,0.027,ppm,25,CCNY,17,100,44201,Ozone,87,35620,"New York-Newark-Jersey City, NY-NJ-PA",36,New York,61,New York,40.81976,-73.94825
09/17/2020,AQS,1,0.024,ppm,22,CCNY,17,100,44201,Ozone,87,35620,"New York-Newark-Jersey City, NY-NJ-PA",36,New York,61,New York,40.81976,-73.94825
09/18/2020,AQS,1,0.026,ppm,24,CCNY,17,100,44201,Ozone,87,35620,"New York-Newark-Jersey City, NY-NJ-PA",36,New York,61,New York,40.81976,-73.94825
09/19/2020,AQS,1,0.029,ppm,27,CCNY,17,100,44201,Ozone,87,35620,"New York-Newark-Jersey City, NY-NJ-PA",36,New York,61,New York,40.81976,-73.94825
09/20/2020,AQS,1,0.028,ppm,26,CCNY,17,100,44201,Ozone,87,35620,"New York-Newark-Jersey City, NY-NJ-PA",36,New York,61,New York,40.81976,-73.94825
09/21/2020,AQS,1,0.026,ppm,24,CCNY,17,100,44201,Ozone,87,35620,"New York-Newark-Jersey City, NY-NJ-PA",36,New York,61,New York,40.81976,-73.94825
09/22/2020,AQS,1,0.033,ppm,31,CCNY,17,100,44201,Ozone,87,35620,"New York-Newark-Jersey City, NY-NJ-PA",36,New York,61,New York,40.81976,-73.94825
09/23/2020,AQS,1,0.044,ppm,41,CCNY,17,100,44201,Ozone,87,35620,"New York-Newark-Jersey City, NY-NJ-PA",36,New York,61,New York,40.81976,-73.94825
09/24/2020,AQS,1,0.032,ppm,30,CCNY,17,100,44201,Ozone,87,35620,"New York-Newark-Jersey City, NY-NJ-PA",36,New York,61,New York,40.81976,-73.94825
09/25/2020,AQS,1,0.044,ppm,41,CCNY,17,100,44201,Ozone,87,35620,"New York-Newark-Jersey City, NY-NJ-PA",36,New York,61,New York,40.81976,-73.94825
09/26/2020,AQS,1,0.037,ppm,34,CCNY,17,100,44201,Ozone,87,35620,"New York-Newark-Jersey City, NY-NJ-PA",36,New York,61,New York,40.81976,-73.94825
09/27/2020,AQS,1,0.031,ppm,29,CCNY,17,100,44201,Ozone,87,35620,"New York-Newark-Jersey City, NY-NJ-PA",36,New York,61,New York,40.81976,-73.94825
09/28/2020,AQS,1,0.029,ppm,27,CCNY,17,100,44201,Ozone,87,35620,"New York-Newark-Jersey City, NY-NJ-PA",36,New York,61,New York,40.81976,-73.94825
09/29/2020,AQS,1,0.019,ppm,18,CCNY,17,100,44201,Ozone,87,35620,"New York-Newark-Jersey City, NY-NJ-PA",36,New York,61,New York,40.81976,-73.94825
09/30/2020,AQS,1,0.03,ppm,28,CCNY,14,82,44201,Ozone,87,35620,"New York-Newark-Jersey City, NY-NJ-PA",36,New York,61,New York,40.81976,-73.94825
10/01/2020,AQS,1,0.027,ppm,25,CCNY,17,100,44201,Ozone,87,35620,"New York-Newark-Jersey City, NY-NJ-PA",36,New York,61,New York,40.81976,-73.94825
10/02/2020,AQS,1,0.03,ppm,28,CCNY,17,100,44201,Ozone,87,35620,"New York-Newark-Jersey City, NY-NJ-PA",36,New York,61,New York,40.81976,-73.94825
10/03/2020,AQS,1,0.027,ppm,25,CCNY,17,100,44201,Ozone,87,35620,"New York-Newark-Jersey City, NY-NJ-PA",36,New York,61,New York,40.81976,-73.94825
10/04/2020,AQS,1,0.033,ppm,31,CCNY,17,100,44201,Ozone,87,35620,"New York-Newark-Jersey City, NY-NJ-PA",36,New York,61,New York,40.81976,-73.94825
10/05/2020,AQS,1,0.035,ppm,32,CCNY,17,100,44201,Ozone,87,35620,"New York-Newark-Jersey City, NY-NJ-PA",36,New York,61,New York,40.81976,-73.94825
10/06/2020,AQS,1,0.038,ppm,35,CCNY,17,100,44201,Ozone,87,35620,"New York-Newark-Jersey City, NY-NJ-PA",36,New York,61,New York,40.81976,-73.94825
10/07/2020,AQS,1,0.039,ppm,36,CCNY,17,100,44201,Ozone,87,35620,"New York-Newark-Jersey City, NY-NJ-PA",36,New York,61,New York,40.81976,-73.94825
10/08/2020,AQS,1,0.025,ppm,23,CCNY,17,100,44201,Ozone,87,35620,"New York-Newark-Jersey City, NY-NJ-PA",36,New York,61,New York,40.81976,-73.94825
10/09/2020,AQS,1,0.031,ppm,29,CCNY,17,100,44201,Ozone,87,35620,"New York-Newark-Jersey City, NY-NJ-PA",36,New York,61,New York,40.81976,-73.94825
10/10/2020,AQS,1,0.025,ppm,23,CCNY,17,100,44201,Ozone,87,35620,"New York-Newark-Jersey City, NY-NJ-PA",36,New York,61,New York,40.81976,-73.94825
10/11/2020,AQS,1,0.024,ppm,22,CCNY,17,100,44201,Ozone,87,35620,"New York-Newark-Jersey City, NY-NJ-PA",36,New York,61,New York,40.81976,-73.94825
10/12/2020,AQS,1,0.024,ppm,22,CCNY,17,100,44201,Ozone,87,35620,"New York-Newark-Jersey City, NY-NJ-PA",36,New York,61,New York,40.81976,-73.94825
10/13/2020,AQS,1,0.017,ppm,16,CCNY,17,100,44201,Ozone,87,35620,"New York-Newark-Jersey City, NY-NJ-PA",36,New York,61,New York,40.81976,-73.94825
10/14/2020,AQS,1,0.029,ppm,27,CCNY,17,100,44201,Ozone,87,35620,"New York-Newark-Jersey City, NY-NJ-PA",36,New York,61,New York,40.81976,-73.94825
10/15/2020,AQS,1,0.043,ppm,40,CCNY,14,82,44201,Ozone,87,35620,"New York-Newark-Jersey City, NY-NJ-PA",36,New York,61,New York,40.81976,-73.94825
10/16/2020,AQS,1,0.023,ppm,21,CCNY,17,100,44201,Ozone,87,35620,"New York-Newark-Jersey City, NY-NJ-PA",36,New York,61,New York,40.81976,-73.94825
10/17/2020,AQS,1,0.028,ppm,26,CCNY,17,100,44201,Ozone,87,35620,"New York-Newark-Jersey City, NY-NJ-PA",36,New York,61,New York,40.81976,-73.94825
10/18/2020,AQS,1,0.029,ppm,27,CCNY,17,100,44201,Ozone,87,35620,"New York-Newark-Jersey City, NY-NJ-PA",36,New York,61,New York,40.81976,-73.94825
10/19/2020,AQS,1,0.031,ppm,29,CCNY,17,100,44201,Ozone,87,35620,"New York-Newark-Jersey City, NY-NJ-PA",36,New York,61,New York,40.81976,-73.94825
10/20/2020,AQS,1,0.015,ppm,14,CCNY,17,100,44201,Ozone,87,35620,"New York-Newark-Jersey City, NY-NJ-PA",36,New York,61,New York,40.81976,-73.94825
10/21/2020,AQS,1,0.015,ppm,14,CCNY,17,100,44201,Ozone,87,35620,"New York-Newark-Jersey City, NY-NJ-PA",36,New York,61,New York,40.81976,-73.94825
10/22/2020,AQS,1,0.014,ppm,13,CCNY,17,100,44201,Ozone,87,35620,"New York-Newark-Jersey City, NY-NJ-PA",36,New York,61,New York,40.81976,-73.94825
10/23/2020,AQS,1,0.031,ppm,29,CCNY,17,100,44201,Ozone,87,35620,"New York-Newark-Jersey City, NY-NJ-PA",36,New York,61,New York,40.81976,-73.94825
10/24/2020,AQS,1,0.015,ppm,14,CCNY,17,100,44201,Ozone,87,35620,"New York-Newark-Jersey City, NY-NJ-PA",36,New York,61,New York,40.81976,-73.94825
10/25/2020,AQS,1,0.02,ppm,19,CCNY,17,100,44201,Ozone,87,35620,"New York-Newark-Jersey City, NY-NJ-PA",36,New York,61,New York,40.81976,-73.94825
10/26/2020,AQS,1,0.012,ppm,11,CCNY,17,100,44201,Ozone,87,35620,"New York-Newark-Jersey City, NY-NJ-PA",36,New York,61,New York,40.81976,-73.94825
10/27/2020,AQS,1,0.017,ppm,16,CCNY,17,100,44201,Ozone,87,35620,"New York-Newark-Jersey City, NY-NJ-PA",36,New York,61,New York,40.81976,-73.94825
10/28/2020,AQS,1,0.005,ppm,5,CCNY,17,100,44201,Ozone,87,35620,"New York-Newark-Jersey City, NY-NJ-PA",36,New York,61,New York,40.81976,-73.94825
10/29/2020,AQS,1,0.02,ppm,19,CCNY,14,82,44201,Ozone,87,35620,"New York-Newark-Jersey City, NY-NJ-PA",36,New York,61,New York,40.81976,-73.94825
10/30/2020,AQS,1,0.016,ppm,15,CCNY,17,100,44201,Ozone,87,35620,"New York-Newark-Jersey City, NY-NJ-PA",36,New York,61,New York,40.81976,-73.94825
10/31/2020,AQS,1,0.022,ppm,20,CCNY,17,100,44201,Ozone,87,35620,"New York-Newark-Jersey City, NY-NJ-PA",36,New York,61,New York,40.81976,-73.94825
11/01/2020,AQS,1,0.023,ppm,21,CCNY,17,100,44201,Ozone,87,35620,"New York-Newark-Jersey City, NY-NJ-PA",36,New York,61,New York,40.81976,-73.94825
11/02/2020,AQS,1,0.03,ppm,28,CCNY,17,100,44201,Ozone,87,35620,"New York-Newark-Jersey City, NY-NJ-PA",36,New York,61,New York,40.81976,-73.94825
11/03/2020,AQS,1,0.024,ppm,22,CCNY,17,100,44201,Ozone,87,35620,"New York-Newark-Jersey City, NY-NJ-PA",36,New York,61,New York,40.81976,-73.94825
11/04/2020,AQS,1,0.024,ppm,22,CCNY,17,100,44201,Ozone,87,35620,"New York-Newark-Jersey City, NY-NJ-PA",36,New York,61,New York,40.81976,-73.94825
11/05/2020,AQS,1,0.018,ppm,17,CCNY,13,76,44201,Ozone,87,35620,"New York-Newark-Jersey City, NY-NJ-PA",36,New York,61,New York,40.81976,-73.94825
11/06/2020,AQS,1,0.022,ppm,20,CCNY,17,100,44201,Ozone,87,35620,"New York-Newark-Jersey City, NY-NJ-PA",36,New York,61,New York,40.81976,-73.94825
11/07/2020,AQS,1,0.038,ppm,35,CCNY,17,100,44201,Ozone,87,35620,"New York-Newark-Jersey City, NY-NJ-PA",36,New York,61,New York,40.81976,-73.94825
11/08/2020,AQS,1,0.024,ppm,22,CCNY,17,100,44201,Ozone,87,35620,"New York-Newark-Jersey City, NY-NJ-PA",36,New York,61,New York,40.81976,-73.94825
11/09/2020,AQS,1,0.017,ppm,16,CCNY,17,100,44201,Ozone,87,35620,"New York-Newark-Jersey City, NY-NJ-PA",36,New York,61,New York,40.81976,-73.94825
11/10/2020,AQS,1,0.019,ppm,18,CCNY,17,100,44201,Ozone,87,35620,"New York-Newark-Jersey City, NY-NJ-PA",36,New York,61,New York,40.81976,-73.94825
11/11/2020,AQS,1,0.008,ppm,7,CCNY,17,100,44201,Ozone,87,35620,"New York-Newark-Jersey City, NY-NJ-PA",36,New York,61,New York,40.81976,-73.94825
11/12/2020,AQS,1,0.018,ppm,17,CCNY,17,100,44201,Ozone,87,35620,"New York-Newark-Jersey City, NY-NJ-PA",36,New York,61,New York,40.81976,-73.94825
11/13/2020,AQS,1,0.012,ppm,11,CCNY,17,100,44201,Ozone,87,35620,"New York-Newark-Jersey City, NY-NJ-PA",36,New York,61,New York,40.81976,-73.94825
11/14/2020,AQS,1,0.027,ppm,25,CCNY,17,100,44201,Ozone,87,35620,"New York-Newark-Jersey City, NY-NJ-PA",36,New York,61,New York,40.81976,-73.94825
11/15/2020,AQS,1,0.037,ppm,34,CCNY,17,100,44201,Ozone,87,35620,"New York-Newark-Jersey City, NY-NJ-PA",36,New York,61,New York,40.81976,-73.94825
11/16/2020,AQS,1,0.028,ppm,26,CCNY,17,100,44201,Ozone,87,35620,"New York-Newark-Jersey City, NY-NJ-PA",36,New York,61,New York,40.81976,-73.94825
11/17/2020,AQS,1,0.027,ppm,25,CCNY,17,100,44201,Ozone,87,35620,"New York-Newark-Jersey City, NY-NJ-PA",36,New York,61,New York,40.81976,-73.94825
11/18/2020,AQS,1,0.028,ppm,26,CCNY,17,100,44201,Ozone,87,35620,"New York-Newark-Jersey City, NY-NJ-PA",36,New York,61,New York,40.81976,-73.94825
11/19/2020,AQS,1,0.021,ppm,19,CCNY,17,100,44201,Ozone,87,35620,"New York-Newark-Jersey City, NY-NJ-PA",36,New York,61,New York,40.81976,-73.94825
11/20/2020,AQS,1,0.013,ppm,12,CCNY,13,76,44201,Ozone,87,35620,"New York-Newark-Jersey City, NY-NJ-PA",36,New York,61,New York,40.81976,-73.94825
11/21/2020,AQS,1,0.023,ppm,21,CCNY,17,100,44201,Ozone,87,35620,"New York-Newark-Jersey City, NY-NJ-PA",36,New York,61,New York,40.81976,-73.94825
11/22/2020,AQS,1,0.026,ppm,24,CCNY,17,100,44201,Ozone,87,35620,"New York-Newark-Jersey City, NY-NJ-PA",36,New York,61,New York,40.81976,-73.94825
11/23/2020,AQS,1,0.023,ppm,21,CCNY,17,100,44201,Ozone,87,35620,"New York-Newark-Jersey City, NY-NJ-PA",36,New York,61,New York,40.81976,-73.94825
11/24/2020,AQS,1,0.023,ppm,21,CCNY,17,100,44201,Ozone,87,35620,"New York-Newark-Jersey City, NY-NJ-PA",36,New York,61,New York,40.81976,-73.94825
11/25/2020,AQS,1,0.019,ppm,18,CCNY,17,100,44201,Ozone,87,35620,"New York-Newark-Jersey City, NY-NJ-PA",36,New York,61,New York,40.81976,-73.94825
11/26/2020,AQS,1,0.025,ppm,23,CCNY,17,100,44201,Ozone,87,35620,"New York-Newark-Jersey City, NY-NJ-PA",36,New York,61,New York,40.81976,-73.94825
11/27/2020,AQS,1,0.021,ppm,19,CCNY,17,100,44201,Ozone,87,35620,"New York-Newark-Jersey City, NY-NJ-PA",36,New York,61,New York,40.81976,-73.94825
11/28/2020,AQS,1,0.02,ppm,19,CCNY,17,100,44201,Ozone,87,35620,"New York-Newark-Jersey City, NY-NJ-PA",36,New York,61,New York,40.81976,-73.94825
11/29/2020,AQS,1,0.015,ppm,14,CCNY,13,76,44201,Ozone,87,35620,"New York-Newark-Jersey City, NY-NJ-PA",36,New York,61,New York,40.81976,-73.94825
12/01/2020,AQS,1,0.015,ppm,14,CCNY,13,76,44201,Ozone,87,35620,"New York-Newark-Jersey City, NY-NJ-PA",36,New York,61,New York,40.81976,-73.94825
12/02/2020,AQS,1,0.019,ppm,18,CCNY,17,100,44201,Ozone,87,35620,"New York-Newark-Jersey City, NY-NJ-PA",36,New York,61,New York,40.81976,-73.94825
12/03/2020,AQS,1,0.012,ppm,11,CCNY,17,100,44201,Ozone,87,35620,"New York-Newark-Jersey City, NY-NJ-PA",36,New York,61,New York,40.81976,-73.94825
12/04/2020,AQS,1,0.007,ppm,6,CCNY,17,100,44201,Ozone,87,35620,"New York-Newark-Jersey City, NY-NJ-PA",36,New York,61,New York,40.81976,-73.94825
12/05/2020,AQS,1,0.021,ppm,19,CCNY,17,100,44201,Ozone,87,35620,"New York-Newark-Jersey City, NY-NJ-PA",36,New York,61,New York,40.81976,-73.94825
12/06/2020,AQS,1,0.027,ppm,25,CCNY,17,100,44201,Ozone,87,35620,"New York-Newark-Jersey City, NY-NJ-PA",36,New York,61,New York,40.81976,-73.94825
12/07/2020,AQS,1,0.022,ppm,20,CCNY,17,100,44201,Ozone,87,35620,"New York-Newark-Jersey City, NY-NJ-PA",36,New York,61,New York,40.81976,-73.94825
12/09/2020,AQS,1,0.009,ppm,8,CCNY,17,100,44201,Ozone,87,35620,"New York-Newark-Jersey City, NY-NJ-PA",36,New York,61,New York,40.81976,-73.94825
12/10/2020,AQS,1,0.021,ppm,19,CCNY,17,100,44201,Ozone,87,35620,"New York-Newark-Jersey City, NY-NJ-PA",36,New York,61,New York,40.81976,-73.94825
12/11/2020,AQS,1,0.013,ppm,12,CCNY,17,100,44201,Ozone,87,35620,"New York-Newark-Jersey City, NY-NJ-PA",36,New York,61,New York,40.81976,-73.94825
12/12/2020,AQS,1,0.024,ppm,22,CCNY,17,100,44201,Ozone,87,35620,"New York-Newark-Jersey City, NY-NJ-PA",36,New York,61,New York,40.81976,-73.94825
12/13/2020,AQS,1,0.024,ppm,22,CCNY,17,100,44201,Ozone,87,35620,"New York-Newark-Jersey City, NY-NJ-PA",36,New York,61,New York,40.81976,-73.94825
12/14/2020,AQS,1,0.02,ppm,19,CCNY,17,100,44201,Ozone,87,35620,"New York-Newark-Jersey City, NY-NJ-PA",36,New York,61,New York,40.81976,-73.94825
12/15/2020,AQS,1,0.021,ppm,19,CCNY,17,100,44201,Ozone,87,35620,"New York-Newark-Jersey City, NY-NJ-PA",36,New York,61,New York,40.81976,-73.94825
12/16/2020,AQS,1,0.024,ppm,22,CCNY,17,100,44201,Ozone,87,35620,"New York-Newark-Jersey City, NY-NJ-PA",36,New York,61,New York,40.81976,-73.94825
12/17/2020,AQS,1,0.027,ppm,25,CCNY,17,100,44201,Ozone,87,35620,"New York-Newark-Jersey City, NY-NJ-PA",36,New York,61,New York,40.81976,-73.94825
12/18/2020,AQS,1,0.02,ppm,19,CCNY,17,100,44201,Ozone,87,35620,"New York-Newark-Jersey City, NY-NJ-PA",36,New York,61,New York,40.81976,-73.94825
12/19/2020,AQS,1,0.007,ppm,6,CCNY,14,82,44201,Ozone,87,35620,"New York-Newark-Jersey City, NY-NJ-PA",36,New York,61,New York,40.81976,-73.94825
12/20/2020,AQS,1,0.004,ppm,4,CCNY,17,100,44201,Ozone,87,35620,"New York-Newark-Jersey City, NY-NJ-PA",36,New York,61,New York,40.81976,-73.94825
12/21/2020,AQS,1,0.004,ppm,4,CCNY,17,100,44201,Ozone,87,35620,"New York-Newark-Jersey City, NY-NJ-PA",36,New York,61,New York,40.81976,-73.94825
12/22/2020,AQS,1,0.028,ppm,26,CCNY,17,100,44201,Ozone,87,35620,"New York-Newark-Jersey City, NY-NJ-PA",36,New York,61,New York,40.81976,-73.94825
12/23/2020,AQS,1,0.015,ppm,14,CCNY,17,100,44201,Ozone,87,35620,"New York-Newark-Jersey City, NY-NJ-PA",36,New York,61,New York,40.81976,-73.94825
12/24/2020,AQS,1,0.034,ppm,31,CCNY,17,100,44201,Ozone,87,35620,"New York-Newark-Jersey City, NY-NJ-PA",36,New York,61,New York,40.81976,-73.94825
12/25/2020,AQS,1,0.033,ppm,31,CCNY,17,100,44201,Ozone,87,35620,"New York-Newark-Jersey City, NY-NJ-PA",36,New York,61,New York,40.81976,-73.94825
12/26/2020,AQS,1,0.019,ppm,18,CCNY,17,100,44201,Ozone,87,35620,"New York-Newark-Jersey City, NY-NJ-PA",36,New York,61,New York,40.81976,-73.94825
12/27/2020,AQS,1,0.019,ppm,18,CCNY,17,100,44201,Ozone,87,35620,"New York-Newark-Jersey City, NY-NJ-PA",36,New York,61,New York,40.81976,-73.94825
12/28/2020,AQS,1,0.02,ppm,19,CCNY,17,100,44201,Ozone,87,35620,"New York-Newark-Jersey City, NY-NJ-PA",36,New York,61,New York,40.81976,-73.94825
12/29/2020,AQS,1,0.031,ppm,29,CCNY,17,100,44201,Ozone,87,35620,"New York-Newark-Jersey City, NY-NJ-PA",36,New York,61,New York,40.81976,-73.94825
12/30/2020,AQS,1,0.022,ppm,20,CCNY,17,100,44201,Ozone,87,35620,"New York-Newark-Jersey City, NY-NJ-PA",36,New York,61,New York,40.81976,-73.94825
01/01/2021,AQS,1,0.019,ppm,18,CCNY,17,100,44201,Ozone,87,35620,"New York-Newark-Jersey City, NY-NJ-PA",36,New York,61,New York,40.81976,-73.94825
01/02/2021,AQS,1,0.022,ppm,20,CCNY,17,100,44201,Ozone,87,35620,"New York-Newark-Jersey City, NY-NJ-PA",36,New York,61,New York,40.81976,-73.94825
01/03/2021,AQS,1,0.017,ppm,16,CCNY,17,100,44201,Ozone,87,35620,"New York-Newark-Jersey City, NY-NJ-PA",36,New York,61,New York,40.81976,-73.94825
01/04/2021,AQS,1,0.019,ppm,18,CCNY,17,100,44201,Ozone,87,35620,"New York-Newark-Jersey City, NY-NJ-PA",36,New York,61,New York,40.81976,-73.94825
01/05/2021,AQS,1,0.022,ppm,20,CCNY,17,100,44201,Ozone,87,35620,"New York-Newark-Jersey City, NY-NJ-PA",36,New York,61,New York,40.81976,-73.94825
01/06/2021,AQS,1,0.026,ppm,24,CCNY,17,100,44201,Ozone,87,35620,"New York-Newark-Jersey City, NY-NJ-PA",36,New York,61,New York,40.81976,-73.94825
01/07/2021,AQS,1,0.025,ppm,23,CCNY,17,100,44201,Ozone,87,35620,"New York-Newark-Jersey City, NY-NJ-PA",36,New York,61,New York,40.81976,-73.94825
01/08/2021,AQS,1,0.022,ppm,20,CCNY,17,100,44201,Ozone,87,35620,"New York-Newark-Jersey City, NY-NJ-PA",36,New York,61,New York,40.81976,-73.94825
01/09/2021,AQS,1,0.03,ppm,28,CCNY,17,100,44201,Ozone,87,35620,"New York-Newark-Jersey City, NY-NJ-PA",36,New York,61,New York,40.81976,-73.94825
01/10/2021,AQS,1,0.026,ppm,24,CCNY,17,100,44201,Ozone,87,35620,"New York-Newark-Jersey City, NY-NJ-PA",36,New York,61,New York,40.81976,-73.94825
01/11/2021,AQS,1,0.006,ppm,6,CCNY,17,100,44201,Ozone,87,35620,"New York-Newark-Jersey City, NY-NJ-PA",36,New York,61,New York,40.81976,-73.94825
01/12/2021,AQS,1,0.016,ppm,15,CCNY,17,100,44201,Ozone,87,35620,"New York-Newark-Jersey City, NY-NJ-PA",36,New York,61,New York,40.81976,-73.94825
01/13/2021,AQS,1,0.015,ppm,14,CCNY,17,100,44201,Ozone,87,35620,"New York-Newark-Jersey City, NY-NJ-PA",36,New York,61,New York,40.81976,-73.94825
01/14/2021,AQS,1,0.007,ppm,6,CCNY,17,100,44201,Ozone,87,35620,"New York-Newark-Jersey City, NY-NJ-PA",36,New York,61,New York,40.81976,-73.94825
01/15/2021,AQS,1,0.025,ppm,23,CCNY,17,100,44201,Ozone,87,35620,"New York-Newark-Jersey City, NY-NJ-PA",36,New York,61,New York,40.81976,-73.94825
01/16/2021,AQS,1,0.022,ppm,20,CCNY,17,100,44201,Ozone,87,35620,"New York-Newark-Jersey City, NY-NJ-PA",36,New York,61,New York,40.81976,-73.94825
01/17/2021,AQS,1,0.024,ppm,22,CCNY,17,100,44201,Ozone,87,35620,"New York-Newark-Jersey City, NY-NJ-PA",36,New York,61,New York,40.81976,-73.94825
01/18/2021,AQS,1,0.015,ppm,14,CCNY,17,100,44201,Ozone,87,35620,"New York-Newark-Jersey City, NY-NJ-PA",36,New York,61,New York,40.81976,-73.94825
01/19/2021,AQS,1,0.023,ppm,21,CCNY,17,100,44201,Ozone,87,35620,"New York-Newark-Jersey City, NY-NJ-PA",36,New York,61,New York,40.81976,-73.94825
01/20/2021,AQS,1,0.027,ppm,25,CCNY,17,100,44201,Ozone,87,35620,"New York-Newark-Jersey City, NY-NJ-PA",36,New York,61,New York,40.81976,-73.94825
01/21/2021,AQS,1,0.016,ppm,15,CCNY,14,82,44201,Ozone,87,35620,"New York-Newark-Jersey City, NY-NJ-PA",36,New York,61,New York,40.81976,-73.94825
01/22/2021,AQS,1,0.027,ppm,25,CCNY,17,100,44201,Ozone,87,35620,"New York-Newark-Jersey City, NY-NJ-PA",36,New York,61,New York,40.81976,-73.94825
01/23/2021,AQS,1,0.03,ppm,28,CCNY,17,100,44201,Ozone,87,35620,"New York-Newark-Jersey City, NY-NJ-PA",36,New York,61,New York,40.81976,-73.94825
01/24/2021,AQS,1,0.033,ppm,31,CCNY,17,100,44201,Ozone,87,35620,"New York-Newark-Jersey City, NY-NJ-PA",36,New York,61,New York,40.81976,-73.94825
01/25/2021,AQS,1,0.021,ppm,19,CCNY,17,100,44201,Ozone,87,35620,"New York-Newark-Jersey City, NY-NJ-PA",36,New York,61,New York,40.81976,-73.94825
01/26/2021,AQS,1,0.021,ppm,19,CCNY,17,100,44201,Ozone,87,35620,"New York-Newark-Jersey City, NY-NJ-PA",36,New York,61,New York,40.81976,-73.94825
01/27/2021,AQS,1,0.023,ppm,21,CCNY,14,82,44201,Ozone,87,35620,"New York-Newark-Jersey City, NY-NJ-PA",36,New York,61,New York,40.81976,-73.94825
01/28/2021,AQS,1,0.031,ppm,29,CCNY,17,100,44201,Ozone,87,35620,"New York-Newark-Jersey City, NY-NJ-PA",36,New York,61,New York,40.81976,-73.94825
01/29/2021,AQS,1,0.035,ppm,32,CCNY,17,100,44201,Ozone,87,35620,"New York-Newark-Jersey City, NY-NJ-PA",36,New York,61,New York,40.81976,-73.94825
01/30/2021,AQS,1,0.034,ppm,31,CCNY,17,100,44201,Ozone,87,35620,"New York-Newark-Jersey City, NY-NJ-PA",36,New York,61,New York,40.81976,-73.94825
01/31/2021,AQS,1,0.019,ppm,18,CCNY,17,100,44201,Ozone,87,35620,"New York-Newark-Jersey City, NY-NJ-PA",36,New York,61,New York,40.81976,-73.94825
02/01/2021,AQS,1,0.03,ppm,28,CCNY,17,100,44201,Ozone,87,35620,"New York-Newark-Jersey City, NY-NJ-PA",36,New York,61,New York,40.81976,-73.94825
02/02/2021,AQS,1,0.027,ppm,25,CCNY,17,100,44201,Ozone,87,35620,"New York-Newark-Jersey City, NY-NJ-PA",36,New York,61,New York,40.81976,-73.94825
02/03/2021,AQS,1,0.028,ppm,26,CCNY,17,100,44201,Ozone,87,35620,"New York-Newark-Jersey City, NY-NJ-PA",36,New York,61,New York,40.81976,-73.94825
02/04/2021,AQS,1,0.036,ppm,33,CCNY,17,100,44201,Ozone,87,35620,"New York-Newark-Jersey City, NY-NJ-PA",36,New York,61,New York,40.81976,-73.94825
02/05/2021,AQS,1,0.024,ppm,22,CCNY,17,100,44201,Ozone,87,35620,"New York-Newark-Jersey City, NY-NJ-PA",36,New York,61,New York,40.81976,-73.94825
02/06/2021,AQS,1,0.033,ppm,31,CCNY,17,100,44201,Ozone,87,35620,"New York-Newark-Jersey City, NY-NJ-PA",36,New York,61,New York,40.81976,-73.94825
02/07/2021,AQS,1,0.033,ppm,31,CCNY,17,100,44201,Ozone,87,35620,"New York-Newark-Jersey City, NY-NJ-PA",36,New York,61,New York,40.81976,-73.94825
02/08/2021,AQS,1,0.029,ppm,27,CCNY,17,100,44201,Ozone,87,35620,"New York-Newark-Jersey City, NY-NJ-PA",36,New York,61,New York,40.81976,-73.94825
02/09/2021,AQS,1,0.008,ppm,7,CCNY,17,100,44201,Ozone,87,35620,"New York-Newark-Jersey City, NY-NJ-PA",36,New York,61,New York,40.81976,-73.94825
02/10/2021,AQS,1,0.033,ppm,31,CCNY,17,100,44201,Ozone,87,35620,"New York-Newark-Jersey City, NY-NJ-PA",36,New York,61,New York,40.81976,-73.94825
02/11/2021,AQS,1,0.032,ppm,30,CCNY,17,100,44201,Ozone,87,35620,"New York-Newark-Jersey City, NY-NJ-PA",36,New York,61,New York,40.81976,-73.94825
02/12/2021,AQS,1,0.031,ppm,29,CCNY,17,100,44201,Ozone,87,35620,"New York-Newark-Jersey City, NY-NJ-PA",36,New York,61,New York,40.81976,-73.94825
02/13/2021,AQS,1,0.026,ppm,24,CCNY,17,100,44201,Ozone,87,35620,"New York-Newark-Jersey City, NY-NJ-PA",36,New York,61,New York,40.81976,-73.94825
02/14/2021,AQS,1,0.026,ppm,24,CCNY,17,100,44201,Ozone,87,35620,"New York-Newark-Jersey City, NY-NJ-PA",36,New York,61,New York,40.81976,-73.94825
02/15/2021,AQS,1,0.019,ppm,18,CCNY,17,100,44201,Ozone,87,35620,"New York-Newark-Jersey City, NY-NJ-PA",36,New York,61,New York,40.81976,-73.94825
02/16/2021,AQS,1,0.029,ppm,27,CCNY,17,100,44201,Ozone,87,35620,"New York-Newark-Jersey City, NY-NJ-PA",36,New York,61,New York,40.81976,-73.94825
02/17/2021,AQS,1,0.032,ppm,30,CCNY,17,100,44201,Ozone,87,35620,"New York-Newark-Jersey City, NY-NJ-PA",36,New York,61,New York,40.81976,-73.94825
02/18/2021,AQS,1,0.018,ppm,17,CCNY,17,100,44201,Ozone,87,35620,"New York-Newark-Jersey City, NY-NJ-PA",36,New York,61,New York,40.81976,-73.94825
02/19/2021,AQS,1,0.022,ppm,20,CCNY,17,100,44201,Ozone,87,35620,"New York-Newark-Jersey City, NY-NJ-PA",36,New York,61,New York,40.81976,-73.94825
02/20/2021,AQS,1,0.039,ppm,36,CCNY,14,82,44201,Ozone,87,35620,"New York-Newark-Jersey City, NY-NJ-PA",36,New York,61,New York,40.81976,-73.94825
02/21/2021,AQS,1,0.039,ppm,36,CCNY,17,100,44201,Ozone,87,35620,"New York-Newark-Jersey City, NY-NJ-PA",36,New York,61,New York,40.81976,-73.94825
02/22/2021,AQS,1,0.023,ppm,21,CCNY,17,100,44201,Ozone,87,35620,"New York-Newark-Jersey City, NY-NJ-PA",36,New York,61,New York,40.81976,-73.94825
02/23/2021,AQS,1,0.029,ppm,27,CCNY,17,100,44201,Ozone,87,35620,"New York-Newark-Jersey City, NY-NJ-PA",36,New York,61,New York,40.81976,-73.94825
02/24/2021,AQS,1,0.032,ppm,30,CCNY,17,100,44201,Ozone,87,35620,"New York-Newark-Jersey City, NY-NJ-PA",36,New York,61,New York,40.81976,-73.94825
02/25/2021,AQS,1,0.039,ppm,36,CCNY,17,100,44201,Ozone,87,35620,"New York-Newark-Jersey City, NY-NJ-PA",36,New York,61,New York,40.81976,-73.94825
02/26/2021,AQS,1,0.034,ppm,31,CCNY,17,100,44201,Ozone,87,35620,"New York-Newark-Jersey City, NY-NJ-PA",36,New York,61,New York,40.81976,-73.94825
02/27/2021,AQS,1,0.023,ppm,21,CCNY,17,100,44201,Ozone,87,35620,"New York-Newark-Jersey City, NY-NJ-PA",36,New York,61,New York,40.81976,-73.94825
02/28/2021,AQS,1,0.023,ppm,21,CCNY,17,100,44201,Ozone,87,35620,"New York-Newark-Jersey City, NY-NJ-PA",36,New York,61,New York,40.81976,-73.94825
03/01/2021,AQS,1,0.038,ppm,35,CCNY,17,100,44201,Ozone,87,35620,"New York-Newark-Jersey City, NY-NJ-PA",36,New York,61,New York,40.81976,-73.94825
03/02/2021,AQS,1,0.039,ppm,36,CCNY,17,100,44201,Ozone,87,35620,"New York-Newark-Jersey City, NY-NJ-PA",36,New York,61,New York,40.81976,-73.94825
03/03/2021,AQS,1,0.034,ppm,31,CCNY,17,100,44201,Ozone,87,35620,"New York-Newark-Jersey City, NY-NJ-PA",36,New York,61,New York,40.81976,-73.94825
03/04/2021,AQS,1,0.037,ppm,34,CCNY,17,100,44201,Ozone,87,35620,"New York-Newark-Jersey City, NY-NJ-PA",36,New York,61,New York,40.81976,-73.94825
03/05/2021,AQS,1,0.039,ppm,36,CCNY,17,100,44201,Ozone,87,35620,"New York-Newark-Jersey City, NY-NJ-PA",36,New York,61,New York,40.81976,-73.94825
03/06/2021,AQS,1,0.035,ppm,32,CCNY,17,100,44201,Ozone,87,35620,"New York-Newark-Jersey City, NY-NJ-PA",36,New York,61,New York,40.81976,-73.94825
03/07/2021,AQS,1,0.037,ppm,34,CCNY,17,100,44201,Ozone,87,35620,"New York-Newark-Jersey City, NY-NJ-PA",36,New York,61,New York,40.81976,-73.94825
03/08/2021,AQS,1,0.041,ppm,38,CCNY,17,100,44201,Ozone,87,35620,"New York-Newark-Jersey City, NY-NJ-PA",36,New York,61,New York,40.81976,-73.94825
03/10/2021,AQS,1,0.037,ppm,34,CCNY,17,100,44201,Ozone,87,35620,"New York-Newark-Jersey City, NY-NJ-PA",36,New York,61,New York,40.81976,-73.94825
03/11/2021,AQS,1,0.035,ppm,32,CCNY,17,100,44201,Ozone,87,35620,"New York-Newark-Jersey City, NY-NJ-PA",36,New York,61,New York,40.81976,-73.94825
03/12/2021,AQS,1,0.045,ppm,42,CCNY,17,100,44201,Ozone,87,35620,"New York-Newark-Jersey City, NY-NJ-PA",36,New York,61,New York,40.81976,-73.94825
03/13/2021,AQS,1,0.039,ppm,36,CCNY,17,100,44201,Ozone,87,35620,"New York-Newark-Jersey City, NY-NJ-PA",36,New York,61,New York,40.81976,-73.94825
03/14/2021,AQS,1,0.041,ppm,38,CCNY,17,100,44201,Ozone,87,35620,"New York-Newark-Jersey City, NY-NJ-PA",36,New York,61,New York,40.81976,-73.94825
03/15/2021,AQS,1,0.038,ppm,35,CCNY,17,100,44201,Ozone,87,35620,"New York-Newark-Jersey City, NY-NJ-PA",36,New York,61,New York,40.81976,-73.94825
03/16/2021,AQS,1,0.026,ppm,24,CCNY,17,100,44201,Ozone,87,35620,"New York-Newark-Jersey City, NY-NJ-PA",36,New York,61,New York,40.81976,-73.94825
03/17/2021,AQS,1,0.02,ppm,19,CCNY,13,76,44201,Ozone,87,35620,"New York-Newark-Jersey City, NY-NJ-PA",36,New York,61,New York,40.81976,-73.94825
03/18/2021,AQS,1,0.031,ppm,29,CCNY,17,100,44201,Ozone,87,35620,"New York-Newark-Jersey City, NY-NJ-PA",36,New York,61,New York,40.81976,-73.94825
03/19/2021,AQS,1,0.037,ppm,34,CCNY,17,100,44201,Ozone,87,35620,"New York-Newark-Jersey City, NY-NJ-PA",36,New York,61,New York,40.81976,-73.94825
03/20/2021,AQS,1,0.037,ppm,34,CCNY,17,100,44201,Ozone,87,35620,"New York-Newark-Jersey City, NY-NJ-PA",36,New York,61,New York,40.81976,-73.94825
03/21/2021,AQS,1,0.039,ppm,36,CCNY,17,100,44201,Ozone,87,35620,"New York-Newark-Jersey City, NY-NJ-PA",36,New York,61,New York,40.81976,-73.94825
03/22/2021,AQS,1,0.042,ppm,39,CCNY,17,100,44201,Ozone,87,35620,"New York-Newark-Jersey City, NY-NJ-PA",36,New York,61,New York,40.81976,-73.94825
03/23/2021,AQS,1,0.034,ppm,31,CCNY,17,100,44201,Ozone,87,35620,"New York-Newark-Jersey City, NY-NJ-PA",36,New York,61,New York,40.81976,-73.94825
03/24/2021,AQS,1,0.017,ppm,16,CCNY,17,100,44201,Ozone,87,35620,"New York-Newark-Jersey City, NY-NJ-PA",36,New York,61,New York,40.81976,-73.94825
03/25/2021,AQS,1,0.017,ppm,16,CCNY,17,100,44201,Ozone,87,35620,"New York-Newark-Jersey City, NY-NJ-PA",36,New York,61,New York,40.81976,-73.94825
03/26/2021,AQS,1,0.046,ppm,43,CCNY,17,100,44201,Ozone,87,35620,"New York-Newark-Jersey City, NY-NJ-PA",36,New York,61,New York,40.81976,-73.94825
03/27/2021,AQS,1,0.046,ppm,43,CCNY,17,100,44201,Ozone,87,35620,"New York-Newark-Jersey City, NY-NJ-PA",36,New York,61,New York,40.81976,-73.94825
03/28/2021,AQS,1,0.035,ppm,32,CCNY,17,100,44201,Ozone,87,35620,"New York-Newark-Jersey City, NY-NJ-PA",36,New York,61,New York,40.81976,-73.94825
03/29/2021,AQS,1,0.039,ppm,36,CCNY,17,100,44201,Ozone,87,35620,"New York-Newark-Jersey City, NY-NJ-PA",36,New York,61,New York,40.81976,-73.94825
03/30/2021,AQS,1,0.044,ppm,41,CCNY,17,100,44201,Ozone,87,35620,"New York-Newark-Jersey City, NY-NJ-PA",36,New York,61,New York,40.81976,-73.94825
03/31/2021,AQS,1,0.032,ppm,30,CCNY,17,100,44201,Ozone,87,35620,"New York-Newark-Jersey City, NY-NJ-PA",36,New York,61,New York,40.81976,-73.94825
04/01/2021,AQS,1,0.034,ppm,31,CCNY,17,100,44201,Ozone,87,35620,"New York-Newark-Jersey City, NY-NJ-PA",36,New York,61,New York,40.81976,-73.94825
04/02/2021,AQS,1,0.033,ppm,31,CCNY,17,100,44201,Ozone,87,35620,"New York-Newark-Jersey City, NY-NJ-PA",36,New York,61,New York,40.81976,-73.94825
04/03/2021,AQS,1,0.039,ppm,36,CCNY,17,100,44201,Ozone,87,35620,"New York-Newark-Jersey City, NY-NJ-PA",36,New York,61,New York,40.81976,-73.94825
04/04/2021,AQS,1,0.043,ppm,40,CCNY,17,100,44201,Ozone,87,35620,"New York-Newark-Jersey City, NY-NJ-PA",36,New York,61,New York,40.81976,-73.94825
04/05/2021,AQS,1,0.05,ppm,46,CCNY,17,100,44201,Ozone,87,35620,"New York-Newark-Jersey City, NY-NJ-PA",36,New York,61,New York,40.81976,-73.94825
04/06/2021,AQS,1,0.049,ppm,45,CCNY,17,100,44201,Ozone,87,35620,"New York-Newark-Jersey City, NY-NJ-PA",36,New York,61,New York,40.81976,-73.94825
04/07/2021,AQS,1,0.041,ppm,38,CCNY,17,100,44201,Ozone,87,35620,"New York-Newark-Jersey City, NY-NJ-PA",36,New York,61,New York,40.81976,-73.94825
04/08/2021,AQS,1,0.033,ppm,31,CCNY,17,100,44201,Ozone,87,35620,"New York-Newark-Jersey City, NY-NJ-PA",36,New York,61,New York,40.81976,-73.94825
04/09/2021,AQS,1,0.028,ppm,26,CCNY,17,100,44201,Ozone,87,35620,"New York-Newark-Jersey City, NY-NJ-PA",36,New York,61,New York,40.81976,-73.94825
04/10/2021,AQS,1,0.031,ppm,29,CCNY,17,100,44201,Ozone,87,35620,"New York-Newark-Jersey City, NY-NJ-PA",36,New York,61,New York,40.81976,-73.94825
04/11/2021,AQS,1,0.034,ppm,31,CCNY,17,100,44201,Ozone,87,35620,"New York-Newark-Jersey City, NY-NJ-PA",36,New York,61,New York,40.81976,-73.94825
04/12/2021,AQS,1,0.026,ppm,24,CCNY,17,100,44201,Ozone,87,35620,"New York-Newark-Jersey City, NY-NJ-PA",36,New York,61,New York,40.81976,-73.94825
04/13/2021,AQS,1,0.042,ppm,39,CCNY,17,100,44201,Ozone,87,35620,"New York-Newark-Jersey City, NY-NJ-PA",36,New York,61,New York,40.81976,-73.94825
04/14/2021,AQS,1,0.036,ppm,33,CCNY,17,100,44201,Ozone,87,35620,"New York-Newark-Jersey City, NY-NJ-PA",36,New York,61,New York,40.81976,-73.94825
04/15/2021,AQS,1,0.031,ppm,29,CCNY,15,88,44201,Ozone,87,35620,"New York-Newark-Jersey City, NY-NJ-PA",36,New York,61,New York,40.81976,-73.94825
04/16/2021,AQS,1,0.025,ppm,23,CCNY,17,100,44201,Ozone,87,35620,"New York-Newark-Jersey City, NY-NJ-PA",36,New York,61,New York,40.81976,-73.94825
04/17/2021,AQS,1,0.033,ppm,31,CCNY,17,100,44201,Ozone,87,35620,"New York-Newark-Jersey City, NY-NJ-PA",36,New York,61,New York,40.81976,-73.94825
04/18/2021,AQS,1,0.035,ppm,32,CCNY,17,100,44201,Ozone,87,35620,"New York-Newark-Jersey City, NY-NJ-PA",36,New York,61,New York,40.81976,-73.94825
04/19/2021,AQS,1,0.037,ppm,34,CCNY,17,100,44201,Ozone,87,35620,"New York-Newark-Jersey City, NY-NJ-PA",36,New York,61,New York,40.81976,-73.94825
04/20/2021,AQS,1,0.051,ppm,47,CCNY,17,100,44201,Ozone,87,35620,"New York-Newark-Jersey City, NY-NJ-PA",36,New York,61,New York,40.81976,-73.94825
04/21/2021,AQS,1,0.037,ppm,34,CCNY,17,100,44201,Ozone,87,35620,"New York-Newark-Jersey City, NY-NJ-PA",36,New York,61,New York,40.81976,-73.94825
04/22/2021,AQS,1,0.04,ppm,37,CCNY,14,82,44201,Ozone,87,35620,"New York-Newark-Jersey City, NY-NJ-PA",36,New York,61,New York,40.81976,-73.94825
04/23/2021,AQS,1,0.051,ppm,47,CCNY,17,100,44201,Ozone,87,35620,"New York-Newark-Jersey City, NY-NJ-PA",36,New York,61,New York,40.81976,-73.94825
04/24/2021,AQS,1,0.06,ppm,67,CCNY,17,100,44201,Ozone,87,35620,"New York-Newark-Jersey City, NY-NJ-PA",36,New York,61,New York,40.81976,-73.94825
04/25/2021,AQS,1,0.049,ppm,45,CCNY,17,100,44201,Ozone,87,35620,"New York-Newark-Jersey City, NY-NJ-PA",36,New York,61,New York,40.81976,-73.94825
04/26/2021,AQS,1,0.045,ppm,42,CCNY,17,100,44201,Ozone,87,35620,"New York-Newark-Jersey City, NY-NJ-PA",36,New York,61,New York,40.81976,-73.94825
04/27/2021,AQS,1,0.043,ppm,40,CCNY,17,100,44201,Ozone,87,35620,"New York-Newark-Jersey City, NY-NJ-PA",36,New York,61,New York,40.81976,-73.94825
04/28/2021,AQS,1,0.045,ppm,42,CCNY,14,82,44201,Ozone,87,35620,"New York-Newark-Jersey City, NY-NJ-PA",36,New York,61,New York,40.81976,-73.94825
04/29/2021,AQS,1,0.033,ppm,31,CCNY,17,100,44201,Ozone,87,35620,"New York-Newark-Jersey City, NY-NJ-PA",36,New York,61,New York,40.81976,-73.94825
04/30/2021,AQS,1,0.041,ppm,38,CCNY,17,100,44201,Ozone,87,35620,"New York-Newark-Jersey City, NY-NJ-PA",36,New York,61,New York,40.81976,-73.94825
05/01/2021,AQS,1,0.039,ppm,36,CCNY,17,100,44201,Ozone,87,35620,"New York-Newark-Jersey City, NY-NJ-PA",36,New York,61,New York,40.81976,-73.94825
05/02/2021,AQS,1,0.05,ppm,46,CCNY,17,100,44201,Ozone,87,35620,"New York-Newark-Jersey City, NY-NJ-PA",36,New York,61,New York,40.81976,-73.94825
05/03/2021,AQS,1,0.033,ppm,31,CCNY,17,100,44201,Ozone,87,35620,"New York-Newark-Jersey City, NY-NJ-PA",36,New York,61,New York,40.81976,-73.94825
05/04/2021,AQS,1,0.037,ppm,34,CCNY,17,100,44201,Ozone,87,35620,"New York-Newark-Jersey City, NY-NJ-PA",36,New York,61,New York,40.81976,-73.94825
05/05/2021,AQS,1,0.023,ppm,21,CCNY,17,100,44201,Ozone,87,35620,"New York-Newark-Jersey City, NY-NJ-PA",36,New York,61,New York,40.81976,-73.94825
05/06/2021,AQS,1,0.033,ppm,31,CCNY,17,100,44201,Ozone,87,35620,"New York-Newark-Jersey City, NY-NJ-PA",36,New York,61,New York,40.81976,-73.94825
05/07/2021,AQS,1,0.039,ppm,36,CCNY,17,100,44201,Ozone,87,35620,"New York-Newark-Jersey City, NY-NJ-PA",36,New York,61,New York,40.81976,-73.94825
05/08/2021,AQS,1,0.033,ppm,31,CCNY,17,100,44201,Ozone,87,35620,"New York-Newark-Jersey City, NY-NJ-PA",36,New York,61,New York,40.81976,-73.94825
05/09/2021,AQS,1,0.037,ppm,34,CCNY,17,100,44201,Ozone,87,35620,"New York-Newark-Jersey City, NY-NJ-PA",36,New York,61,New York,40.81976,-73.94825
05/10/2021,AQS,1,0.033,ppm,31,CCNY,17,100,44201,Ozone,87,35620,"New York-Newark-Jersey City, NY-NJ-PA",36,New York,61,New York,40.81976,-73.94825
05/11/2021,AQS,1,0.044,ppm,41,CCNY,17,100,44201,Ozone,87,35620,"New York-Newark-Jersey City, NY-NJ-PA",36,New York,61,New York,40.81976,-73.94825
05/12/2021,AQS,1,0.036,ppm,33,CCNY,17,100,44201,Ozone,87,35620,"New York-Newark-Jersey City, NY-NJ-PA",36,New York,61,New York,40.81976,-73.94825
05/13/2021,AQS,1,0.045,ppm,42,CCNY,17,100,44201,Ozone,87,35620,"New York-Newark-Jersey City, NY-NJ-PA",36,New York,61,New York,40.81976,-73.94825
05/14/2021,AQS,1,0.05,ppm,46,CCNY,17,100,44201,Ozone,87,35620,"New York-Newark-Jersey City, NY-NJ-PA",36,New York,61,New York,40.81976,-73.94825
05/15/2021,AQS,1,0.051,ppm,47,CCNY,17,100,44201,Ozone,87,35620,"New York-Newark-Jersey City, NY-NJ-PA",36,New York,61,New York,40.81976,-73.94825
05/16/2021,AQS,1,0.05,ppm,46,CCNY,17,100,44201,Ozone,87,35620,"New York-Newark-Jersey City, NY-NJ-PA",36,New York,61,New York,40.81976,-73.94825
05/17/2021,AQS,1,0.06,ppm,67,CCNY,17,100,44201,Ozone,87,35620,"New York-Newark-Jersey City, NY-NJ-PA",36,New York,61,New York,40.81976,-73.94825
05/18/2021,AQS,1,0.061,ppm,71,CCNY,17,100,44201,Ozone,87,35620,"New York-Newark-Jersey City, NY-NJ-PA",36,New York,61,New York,40.81976,-73.94825
05/19/2021,AQS,1,0.06,ppm,67,CCNY,17,100,44201,Ozone,87,35620,"New York-Newark-Jersey City, NY-NJ-PA",36,New York,61,New York,40.81976,-73.94825
05/20/2021,AQS,1,0.048,ppm,44,CCNY,17,100,44201,Ozone,87,35620,"New York-Newark-Jersey City, NY-NJ-PA",36,New York,61,New York,40.81976,-73.94825
05/21/2021,AQS,1,0.041,ppm,38,CCNY,17,100,44201,Ozone,87,35620,"New York-Newark-Jersey City, NY-NJ-PA",36,New York,61,New York,40.81976,-73.94825
05/22/2021,AQS,1,0.058,ppm,61,CCNY,17,100,44201,Ozone,87,35620,"New York-Newark-Jersey City, NY-NJ-PA",36,New York,61,New York,40.81976,-73.94825
05/23/2021,AQS,1,0.041,ppm,38,CCNY,17,100,44201,Ozone,87,35620,"New York-Newark-Jersey City, NY-NJ-PA",36,New York,61,New York,40.81976,-73.94825
05/24/2021,AQS,1,0.039,ppm,36,CCNY,14,82,44201,Ozone,87,35620,"New York-Newark-Jersey City, NY-NJ-PA",36,New York,61,New York,40.81976,-73.94825
05/25/2021,AQS,1,0.041,ppm,38,CCNY,17,100,44201,Ozone,87,35620,"New York-Newark-Jersey City, NY-NJ-PA",36,New York,61,New York,40.81976,-73.94825
05/26/2021,AQS,1,0.057,ppm,58,CCNY,17,100,44201,Ozone,87,35620,"New York-Newark-Jersey City, NY-NJ-PA",36,New York,61,New York,40.81976,-73.94825
05/27/2021,AQS,1,0.042,ppm,39,CCNY,17,100,44201,Ozone,87,35620,"New York-Newark-Jersey City, NY-NJ-PA",36,New York,61,New York,40.81976,-73.94825
05/28/2021,AQS,1,0.039,ppm,36,CCNY,17,100,44201,Ozone,87,35620,"New York-Newark-Jersey City, NY-NJ-PA",36,New York,61,New York,40.81976,-73.94825
05/29/2021,AQS,1,0.028,ppm,26,CCNY,17,100,44201,Ozone,87,35620,"New York-Newark-Jersey City, NY-NJ-PA",36,New York,61,New York,40.81976,-73.94825
05/30/2021,AQS,1,0.021,ppm,19,CCNY,17,100,44201,Ozone,87,35620,"New York-Newark-Jersey City, NY-NJ-PA",36,New York,61,New York,40.81976,-73.94825
05/31/2021,AQS,1,0.026,ppm,24,CCNY,17,100,44201,Ozone,87,35620,"New York-Newark-Jersey City, NY-NJ-PA",36,New York,61,New York,40.81976,-73.94825
06/01/2021,AQS,1,0.044,ppm,41,CCNY,17,100,44201,Ozone,87,35620,"New York-Newark-Jersey City, NY-NJ-PA",36,New York,61,New York,40.81976,-73.94825
06/02/2021,AQS,1,0.039,ppm,36,CCNY,17,100,44201,Ozone,87,35620,"New York-Newark-Jersey City, NY-NJ-PA",36,New York,61,New York,40.81976,-73.94825
06/03/2021,AQS,1,0.018,ppm,17,CCNY,15,88,44201,Ozone,87,35620,"New York-Newark-Jersey City, NY-NJ-PA",36,New York,61,New York,40.81976,-73.94825
06/04/2021,AQS,1,0.033,ppm,31,CCNY,17,100,44201,Ozone,87,35620,"New York-Newark-Jersey City, NY-NJ-PA",36,New York,61,New York,40.81976,-73.94825
06/05/2021,AQS,1,0.067,ppm,90,CCNY,17,100,44201,Ozone,87,35620,"New York-Newark-Jersey City, NY-NJ-PA",36,New York,61,New York,40.81976,-73.94825
06/06/2021,AQS,1,0.076,ppm,119,CCNY,17,100,44201,Ozone,87,35620,"New York-Newark-Jersey City, NY-NJ-PA",36,New York,61,New York,40.81976,-73.94825
06/07/2021,AQS,1,0.056,ppm,54,CCNY,17,100,44201,Ozone,87,35620,"New York-Newark-Jersey City, NY-NJ-PA",36,New York,61,New York,40.81976,-73.94825
06/08/2021,AQS,1,0.042,ppm,39,CCNY,17,100,44201,Ozone,87,35620,"New York-Newark-Jersey City, NY-NJ-PA",36,New York,61,New York,40.81976,-73.94825
06/09/2021,AQS,1,0.053,ppm,49,CCNY,17,100,44201,Ozone,87,35620,"New York-Newark-Jersey City, NY-NJ-PA",36,New York,61,New York,40.81976,-73.94825
06/10/2021,AQS,1,0.052,ppm,48,CCNY,17,100,44201,Ozone,87,35620,"New York-Newark-Jersey City, NY-NJ-PA",36,New York,61,New York,40.81976,-73.94825
06/11/2021,AQS,1,0.03,ppm,28,CCNY,17,100,44201,Ozone,87,35620,"New York-Newark-Jersey City, NY-NJ-PA",36,New York,61,New York,40.81976,-73.94825
06/12/2021,AQS,1,0.031,ppm,29,CCNY,17,100,44201,Ozone,87,35620,"New York-Newark-Jersey City, NY-NJ-PA",36,New York,61,New York,40.81976,-73.94825
06/13/2021,AQS,1,0.039,ppm,36,CCNY,17,100,44201,Ozone,87,35620,"New York-Newark-Jersey City, NY-NJ-PA",36,New York,61,New York,40.81976,-73.94825
06/14/2021,AQS,1,0.032,ppm,30,CCNY,17,100,44201,Ozone,87,35620,"New York-Newark-Jersey City, NY-NJ-PA",36,New York,61,New York,40.81976,-73.94825
06/15/2021,AQS,1,0.045,ppm,42,CCNY,15,88,44201,Ozone,87,35620,"New York-Newark-Jersey City, NY-NJ-PA",36,New York,61,New York,40.81976,-73.94825
06/16/2021,AQS,1,0.035,ppm,32,CCNY,17,100,44201,Ozone,87,35620,"New York-Newark-Jersey City, NY-NJ-PA",36,New York,61,New York,40.81976,-73.94825
06/17/2021,AQS,1,0.043,ppm,40,CCNY,17,100,44201,Ozone,87,35620,"New York-Newark-Jersey City, NY-NJ-PA",36,New York,61,New York,40.81976,-73.94825
06/18/2021,AQS,1,0.069,ppm,97,CCNY,17,100,44201,Ozone,87,35620,"New York-Newark-Jersey City, NY-NJ-PA",36,New York,61,New York,40.81976,-73.94825
06/19/2021,AQS,1,0.057,ppm,58,CCNY,17,100,44201,Ozone,87,35620,"New York-Newark-Jersey City, NY-NJ-PA",36,New York,61,New York,40.81976,-73.94825
06/20/2021,AQS,1,0.062,ppm,74,CCNY,17,100,44201,Ozone,87,35620,"New York-Newark-Jersey City, NY-NJ-PA",36,New York,61,New York,40.81976,-73.94825
06/21/2021,AQS,1,0.036,ppm,33,CCNY,17,100,44201,Ozone,87,35620,"New York-Newark-Jersey City, NY-NJ-PA",36,New York,61,New York,40.81976,-73.94825
06/22/2021,AQS,1,0.021,ppm,19,CCNY,17,100,44201,Ozone,87,35620,"New York-Newark-Jersey City, NY-NJ-PA",36,New York,61,New York,40.81976,-73.94825
06/23/2021,AQS,1,0.034,ppm,31,CCNY,14,82,44201,Ozone,87,35620,"New York-Newark-Jersey City, NY-NJ-PA",36,New York,61,New York,40.81976,-73.94825
06/24/2021,AQS,1,0.045,ppm,42,CCNY,17,100,44201,Ozone,87,35620,"New York-Newark-Jersey City, NY-NJ-PA",36,New York,61,New York,40.81976,-73.94825
06/25/2021,AQS,1,0.044,ppm,41,CCNY,17,100,44201,Ozone,87,35620,"New York-Newark-Jersey City, NY-NJ-PA",36,New York,61,New York,40.81976,-73.94825
06/26/2021,AQS,1,0.019,ppm,18,CCNY,17,100,44201,Ozone,87,35620,"New York-Newark-Jersey City, NY-NJ-PA",36,New York,61,New York,40.81976,-73.94825
06/27/2021,AQS,1,0.037,ppm,34,CCNY,17,100,44201,Ozone,87,35620,"New York-Newark-Jersey City, NY-NJ-PA",36,New York,61,New York,40.81976,-73.94825
06/28/2021,AQS,1,0.061,ppm,71,CCNY,17,100,44201,Ozone,87,35620,"New York-Newark-Jersey City, NY-NJ-PA",36,New York,61,New York,40.81976,-73.94825
06/29/2021,AQS,1,0.073,ppm,108,CCNY,17,100,44201,Ozone,87,35620,"New York-Newark-Jersey City, NY-NJ-PA",36,New York,61,New York,40.81976,-73.94825
06/30/2021,AQS,1,0.056,ppm,54,CCNY,17,100,44201,Ozone,87,35620,"New York-Newark-Jersey City, NY-NJ-PA",36,New York,61,New York,40.81976,-73.94825
07/01/2021,AQS,1,0.038,ppm,35,CCNY,17,100,44201,Ozone,87,35620,"New York-Newark-Jersey City, NY-NJ-PA",36,New York,61,New York,40.81976,-73.94825
07/02/2021,AQS,1,0.037,ppm,34,CCNY,17,100,44201,Ozone,87,35620,"New York-Newark-Jersey City, NY-NJ-PA",36,New York,61,New York,40.81976,-73.94825
07/03/2021,AQS,1,0.012,ppm,11,CCNY,17,100,44201,Ozone,87,35620,"New York-Newark-Jersey City, NY-NJ-PA",36,New York,61,New York,40.81976,-73.94825
07/04/2021,AQS,1,0.039,ppm,36,CCNY,17,100,44201,Ozone,87,35620,"New York-Newark-Jersey City, NY-NJ-PA",36,New York,61,New York,40.81976,-73.94825
07/05/2021,AQS,1,0.049,ppm,45,CCNY,17,100,44201,Ozone,87,35620,"New York-Newark-Jersey City, NY-NJ-PA",36,New York,61,New York,40.81976,-73.94825
07/06/2021,AQS,1,0.061,ppm,71,CCNY,17,100,44201,Ozone,87,35620,"New York-Newark-Jersey City, NY-NJ-PA",36,New York,61,New York,40.81976,-73.94825
07/07/2021,AQS,1,0.066,ppm,87,CCNY,17,100,44201,Ozone,87,35620,"New York-Newark-Jersey City, NY-NJ-PA",36,New York,61,New York,40.81976,-73.94825
07/08/2021,AQS,1,0.041,ppm,38,CCNY,17,100,44201,Ozone,87,35620,"New York-Newark-Jersey City, NY-NJ-PA",36,New York,61,New York,40.81976,-73.94825
07/09/2021,AQS,1,0.035,ppm,32,CCNY,17,100,44201,Ozone,87,35620,"New York-Newark-Jersey City, NY-NJ-PA",36,New York,61,New York,40.81976,-73.94825
07/10/2021,AQS,1,0.039,ppm,36,CCNY,15,88,44201,Ozone,87,35620,"New York-Newark-Jersey City, NY-NJ-PA",36,New York,61,New York,40.81976,-73.94825
07/11/2021,AQS,1,0.047,ppm,44,CCNY,17,100,44201,Ozone,87,35620,"New York-Newark-Jersey City, NY-NJ-PA",36,New York,61,New York,40.81976,-73.94825
07/12/2021,AQS,1,0.044,ppm,41,CCNY,17,100,44201,Ozone,87,35620,"New York-Newark-Jersey City, NY-NJ-PA",36,New York,61,New York,40.81976,-73.94825
07/13/2021,AQS,1,0.026,ppm,24,CCNY,17,100,44201,Ozone,87,35620,"New York-Newark-Jersey City, NY-NJ-PA",36,New York,61,New York,40.81976,-73.94825
07/14/2021,AQS,1,0.054,ppm,50,CCNY,13,76,44201,Ozone,87,35620,"New York-Newark-Jersey City, NY-NJ-PA",36,New York,61,New York,40.81976,-73.94825
07/15/2021,AQS,1,0.065,ppm,84,CCNY,17,100,44201,Ozone,87,35620,"New York-Newark-Jersey City, NY-NJ-PA",36,New York,61,New York,40.81976,-73.94825
07/16/2021,AQS,1,0.062,ppm,74,CCNY,17,100,44201,Ozone,87,35620,"New York-Newark-Jersey City, NY-NJ-PA",36,New York,61,New York,40.81976,-73.94825
07/17/2021,AQS,1,0.052,ppm,48,CCNY,17,100,44201,Ozone,87,35620,"New York-Newark-Jersey City, NY-NJ-PA",36,New York,61,New York,40.81976,-73.94825
07/18/2021,AQS,1,0.037,ppm,34,CCNY,17,100,44201,Ozone,87,35620,"New York-Newark-Jersey City, NY-NJ-PA",36,New York,61,New York,40.81976,-73.94825
07/19/2021,AQS,1,0.033,ppm,31,CCNY,17,100,44201,Ozone,87,35620,"New York-Newark-Jersey City, NY-NJ-PA",36,New York,61,New York,40.81976,-73.94825
07/20/2021,AQS,1,0.051,ppm,47,CCNY,17,100,44201,Ozone,87,35620,"New York-Newark-Jersey City, NY-NJ-PA",36,New York,61,New York,40.81976,-73.94825
07/21/2021,AQS,1,0.054,ppm,50,CCNY,17,100,44201,Ozone,87,35620,"New York-Newark-Jersey City, NY-NJ-PA",36,New York,61,New York,40.81976,-73.94825
07/22/2021,AQS,1,0.037,ppm,34,CCNY,17,100,44201,Ozone,87,35620,"New York-Newark-Jersey City, NY-NJ-PA",36,New York,61,New York,40.81976,-73.94825
07/23/2021,AQS,1,0.038,ppm,35,CCNY,17,100,44201,Ozone,87,35620,"New York-Newark-Jersey City, NY-NJ-PA",36,New York,61,New York,40.81976,-73.94825
07/24/2021,AQS,1,0.051,ppm,47,CCNY,17,100,44201,Ozone,87,35620,"New York-Newark-Jersey City, NY-NJ-PA",36,New York,61,New York,40.81976,-73.94825
07/25/2021,AQS,1,0.048,ppm,44,CCNY,17,100,44201,Ozone,87,35620,"New York-Newark-Jersey City, NY-NJ-PA",36,New York,61,New York,40.81976,-73.94825
07/26/2021,AQS,1,0.056,ppm,54,CCNY,17,100,44201,Ozone,87,35620,"New York-Newark-Jersey City, NY-NJ-PA",36,New York,61,New York,40.81976,-73.94825
07/27/2021,AQS,1,0.077,ppm,122,CCNY,17,100,44201,Ozone,87,35620,"New York-Newark-Jersey City, NY-NJ-PA",36,New York,61,New York,40.81976,-73.94825
07/28/2021,AQS,1,0.044,ppm,41,CCNY,17,100,44201,Ozone,87,35620,"New York-Newark-Jersey City, NY-NJ-PA",36,New York,61,New York,40.81976,-73.94825
07/29/2021,AQS,1,0.043,ppm,40,CCNY,17,100,44201,Ozone,87,35620,"New York-Newark-Jersey City, NY-NJ-PA",36,New York,61,New York,40.81976,-73.94825
07/30/2021,AQS,1,0.04,ppm,37,CCNY,17,100,44201,Ozone,87,35620,"New York-Newark-Jersey City, NY-NJ-PA",36,New York,61,New York,40.81976,-73.94825
07/31/2021,AQS,1,0.037,ppm,34,CCNY,17,100,44201,Ozone,87,35620,"New York-Newark-Jersey City, NY-NJ-PA",36,New York,61,New York,40.81976,-73.94825
08/01/2021,AQS,1,0.05,ppm,46,CCNY,17,100,44201,Ozone,87,35620,"New York-Newark-Jersey City, NY-NJ-PA",36,New York,61,New York,40.81976,-73.94825
08/02/2021,AQS,1,0.03,ppm,28,CCNY,17,100,44201,Ozone,87,35620,"New York-Newark-Jersey City, NY-NJ-PA",36,New York,61,New York,40.81976,-73.94825
08/03/2021,AQS,1,0.044,ppm,41,CCNY,17,100,44201,Ozone,87,35620,"New York-Newark-Jersey City, NY-NJ-PA",36,New York,61,New York,40.81976,-73.94825
08/04/2021,AQS,1,0.043,ppm,40,CCNY,17,100,44201,Ozone,87,35620,"New York-Newark-Jersey City, NY-NJ-PA",36,New York,61,New York,40.81976,-73.94825
08/05/2021,AQS,1,0.055,ppm,51,CCNY,17,100,44201,Ozone,87,35620,"New York-Newark-Jersey City, NY-NJ-PA",36,New York,61,New York,40.81976,-73.94825
08/06/2021,AQS,1,0.072,ppm,105,CCNY,17,100,44201,Ozone,87,35620,"New York-Newark-Jersey City, NY-NJ-PA",36,New York,61,New York,40.81976,-73.94825
08/07/2021,AQS,1,0.064,ppm,80,CCNY,17,100,44201,Ozone,87,35620,"New York-Newark-Jersey City, NY-NJ-PA",36,New York,61,New York,40.81976,-73.94825
08/08/2021,AQS,1,0.057,ppm,58,CCNY,17,100,44201,Ozone,87,35620,"New York-Newark-Jersey City, NY-NJ-PA",36,New York,61,New York,40.81976,-73.94825
08/09/2021,AQS,1,0.041,ppm,38,CCNY,17,100,44201,Ozone,87,35620,"New York-Newark-Jersey City, NY-NJ-PA",36,New York,61,New York,40.81976,-73.94825
08/10/2021,AQS,1,0.053,ppm,49,CCNY,17,100,44201,Ozone,87,35620,"New York-Newark-Jersey City, NY-NJ-PA",36,New York,61,New York,40.81976,-73.94825
08/11/2021,AQS,1,0.059,ppm,64,CCNY,17,100,44201,Ozone,87,35620,"New York-Newark-Jersey City, NY-NJ-PA",36,New York,61,New York,40.81976,-73.94825
08/12/2021,AQS,1,0.049,ppm,45,CCNY,17,100,44201,Ozone,87,35620,"New York-Newark-Jersey City, NY-NJ-PA",36,New York,61,New York,40.81976,-73.94825
08/13/2021,AQS,1,0.078,ppm,126,CCNY,17,100,44201,Ozone,87,35620,"New York-Newark-Jersey City, NY-NJ-PA",36,New York,61,New York,40.81976,-73.94825
08/14/2021,AQS,1,0.045,ppm,42,CCNY,17,100,44201,Ozone,87,35620,"New York-Newark-Jersey City, NY-NJ-PA",36,New York,61,New York,40.81976,-73.94825
08/15/2021,AQS,1,0.048,ppm,44,CCNY,17,100,44201,Ozone,87,35620,"New York-Newark-Jersey City, NY-NJ-PA",36,New York,61,New York,40.81976,-73.94825
08/16/2021,AQS,1,0.046,ppm,43,CCNY,17,100,44201,Ozone,87,35620,"New York-Newark-Jersey City, NY-NJ-PA",36,New York,61,New York,40.81976,-73.94825
08/17/2021,AQS,1,0.032,ppm,30,CCNY,17,100,44201,Ozone,87,35620,"New York-Newark-Jersey City, NY-NJ-PA",36,New York,61,New York,40.81976,-73.94825
08/18/2021,AQS,1,0.027,ppm,25,CCNY,17,100,44201,Ozone,87,35620,"New York-Newark-Jersey City, NY-NJ-PA",36,New York,61,New York,40.81976,-73.94825
08/19/2021,AQS,1,0.028,ppm,26,CCNY,17,100,44201,Ozone,87,35620,"New York-Newark-Jersey City, NY-NJ-PA",36,New York,61,New York,40.81976,-73.94825
08/20/2021,AQS,1,0.031,ppm,29,CCNY,17,100,44201,Ozone,87,35620,"New York-Newark-Jersey City, NY-NJ-PA",36,New York,61,New York,40.81976,-73.94825
08/21/2021,AQS,1,0.044,ppm,41,CCNY,17,100,44201,Ozone,87,35620,"New York-Newark-Jersey City, NY-NJ-PA",36,New York,61,New York,40.81976,-73.94825
08/22/2021,AQS,1,0.032,ppm,30,CCNY,17,100,44201,Ozone,87,35620,"New York-Newark-Jersey City, NY-NJ-PA",36,New York,61,New York,40.81976,-73.94825
08/23/2021,AQS,1,0.025,ppm,23,CCNY,17,100,44201,Ozone,87,35620,"New York-Newark-Jersey City, NY-NJ-PA",36,New York,61,New York,40.81976,-73.94825
08/24/2021,AQS,1,0.048,ppm,44,CCNY,17,100,44201,Ozone,87,35620,"New York-Newark-Jersey City, NY-NJ-PA",36,New York,61,New York,40.81976,-73.94825
08/25/2021,AQS,1,0.07,ppm,100,CCNY,17,100,44201,Ozone,87,35620,"New York-Newark-Jersey City, NY-NJ-PA",36,New York,61,New York,40.81976,-73.94825
08/26/2021,AQS,1,0.081,ppm,136,CCNY,17,100,44201,Ozone,87,35620,"New York-Newark-Jersey City, NY-NJ-PA",36,New York,61,New York,40.81976,-73.94825
08/27/2021,AQS,1,0.063,ppm,77,CCNY,17,100,44201,Ozone,87,35620,"New York-Newark-Jersey City, NY-NJ-PA",36,New York,61,New York,40.81976,-73.94825
08/28/2021,AQS,1,0.029,ppm,27,CCNY,17,100,44201,Ozone,87,35620,"New York-Newark-Jersey City, NY-NJ-PA",36,New York,61,New York,40.81976,-73.94825
08/29/2021,AQS,1,0.027,ppm,25,CCNY,17,100,44201,Ozone,87,35620,"New York-Newark-Jersey City, NY-NJ-PA",36,New York,61,New York,40.81976,-73.94825
08/30/2021,AQS,1,0.045,ppm,42,CCNY,17,100,44201,Ozone,87,35620,"New York-Newark-Jersey City, NY-NJ-PA",36,New York,61,New York,40.81976,-73.94825
08/31/2021,AQS,1,0.042,ppm,39,CCNY,17,100,44201,Ozone,87,35620,"New York-Newark-Jersey City, NY-NJ-PA",36,New York,61,New York,40.81976,-73.94825
09/01/2021,AQS,1,0.036,ppm,33,CCNY,17,100,44201,Ozone,87,35620,"New York-Newark-Jersey City, NY-NJ-PA",36,New York,61,New York,40.81976,-73.94825
09/02/2021,AQS,1,0.03,ppm,28,CCNY,17,100,44201,Ozone,87,35620,"New York-Newark-Jersey City, NY-NJ-PA",36,New York,61,New York,40.81976,-73.94825
09/03/2021,AQS,1,0.02,ppm,19,CCNY,17,100,44201,Ozone,87,35620,"New York-Newark-Jersey City, NY-NJ-PA",36,New York,61,New York,40.81976,-73.94825
09/04/2021,AQS,1,0.034,ppm,31,CCNY,17,100,44201,Ozone,87,35620,"New York-Newark-Jersey City, NY-NJ-PA",36,New York,61,New York,40.81976,-73.94825
09/05/2021,AQS,1,0.028,ppm,26,CCNY,17,100,44201,Ozone,87,35620,"New York-Newark-Jersey City, NY-NJ-PA",36,New York,61,New York,40.81976,-73.94825
09/06/2021,AQS,1,0.044,ppm,41,CCNY,17,100,44201,Ozone,87,35620,"New York-Newark-Jersey City, NY-NJ-PA",36,New York,61,New York,40.81976,-73.94825
09/07/2021,AQS,1,0.045,ppm,42,CCNY,17,100,44201,Ozone,87,35620,"New York-Newark-Jersey City, NY-NJ-PA",36,New York,61,New York,40.81976,-73.94825
09/08/2021,AQS,1,0.044,ppm,41,CCNY,17,100,44201,Ozone,87,35620,"New York-Newark-Jersey City, NY-NJ-PA",36,New York,61,New York,40.81976,-73.94825
09/09/2021,AQS,1,0.025,ppm,23,CCNY,17,100,44201,Ozone,87,35620,"New York-Newark-Jersey City, NY-NJ-PA",36,New York,61,New York,40.81976,-73.94825
09/10/2021,AQS,1,0.029,ppm,27,CCNY,17,100,44201,Ozone,87,35620,"New York-Newark-Jersey City, NY-NJ-PA",36,New York,61,New York,40.81976,-73.94825
09/11/2021,AQS,1,0.042,ppm,39,CCNY,17,100,44201,Ozone,87,35620,"New York-Newark-Jersey City, NY-NJ-PA",36,New York,61,New York,40.81976,-73.94825
09/12/2021,AQS,1,0.044,ppm,41,CCNY,17,100,44201,Ozone,87,35620,"New York-Newark-Jersey City, NY-NJ-PA",36,New York,61,New York,40.81976,-73.94825
09/13/2021,AQS,1,0.045,ppm,42,CCNY,17,100,44201,Ozone,87,35620,"New York-Newark-Jersey City, NY-NJ-PA",36,New York,61,New York,40.81976,-73.94825
09/14/2021,AQS,1,0.043,ppm,40,CCNY,17,100,44201,Ozone,87,35620,"New York-Newark-Jersey City, NY-NJ-PA",36,New York,61,New York,40.81976,-73.94825
09/15/2021,AQS,1,0.045,ppm,42,CCNY,17,100,44201,Ozone,87,35620,"New York-Newark-Jersey City, NY-NJ-PA",36,New York,61,New York,40.81976,-73.94825
09/16/2021,AQS,1,0.044,ppm,41,CCNY,17,100,44201,Ozone,87,35620,"New York-Newark-Jersey City, NY-NJ-PA",36,New York,61,New York,40.81976,-73.94825
09/17/2021,AQS,1,0.031,ppm,29,CCNY,17,100,44201,Ozone,87,35620,"New York-Newark-Jersey City, NY-NJ-PA",36,New York,61,New York,40.81976,-73.94825
09/18/2021,AQS,1,0.039,ppm,36,CCNY,17,100,44201,Ozone,87,35620,"New York-Newark-Jersey City, NY-NJ-PA",36,New York,61,New York,40.81976,-73.94825
09/19/2021,AQS,1,0.034,ppm,31,CCNY,17,100,44201,Ozone,87,35620,"New York-Newark-Jersey City, NY-NJ-PA",36,New York,61,New York,40.81976,-73.94825
09/20/2021,AQS,1,0.03,ppm,28,CCNY,17,100,44201,Ozone,87,35620,"New York-Newark-Jersey City, NY-NJ-PA",36,New York,61,New York,40.81976,-73.94825
09/21/2021,AQS,1,0.032,ppm,30,CCNY,17,100,44201,Ozone,87,35620,"New York-Newark-Jersey City, NY-NJ-PA",36,New York,61,New York,40.81976,-73.94825
09/22/2021,AQS,1,0.033,ppm,31,CCNY,17,100,44201,Ozone,87,35620,"New York-Newark-Jersey City, NY-NJ-PA",36,New York,61,New York,40.81976,-73.94825
09/23/2021,AQS,1,0.032,ppm,30,CCNY,17,100,44201,Ozone,87,35620,"New York-Newark-Jersey City, NY-NJ-PA",36,New York,61,New York,40.81976,-73.94825
09/24/2021,AQS,1,0.039,ppm,36,CCNY,17,100,44201,Ozone,87,35620,"New York-Newark-Jersey City, NY-NJ-PA",36,New York,61,New York,40.81976,-73.94825
09/25/2021,AQS,1,0.047,ppm,44,CCNY,17,100,44201,Ozone,87,35620,"New York-Newark-Jersey City, NY-NJ-PA",36,New York,61,New York,40.81976,-73.94825
09/26/2021,AQS,1,0.037,ppm,34,CCNY,17,100,44201,Ozone,87,35620,"New York-Newark-Jersey City, NY-NJ-PA",36,New York,61,New York,40.81976,-73.94825
09/27/2021,AQS,1,0.045,ppm,42,CCNY,17,100,44201,Ozone,87,35620,"New York-Newark-Jersey City, NY-NJ-PA",36,New York,61,New York,40.81976,-73.94825
09/28/2021,AQS,1,0.026,ppm,24,CCNY,17,100,44201,Ozone,87,35620,"New York-Newark-Jersey City, NY-NJ-PA",36,New York,61,New York,40.81976,-73.94825
09/29/2021,AQS,1,0.028,ppm,26,CCNY,17,100,44201,Ozone,87,35620,"New York-Newark-Jersey City, NY-NJ-PA",36,New York,61,New York,40.81976,-73.94825
09/30/2021,AQS,1,0.018,ppm,17,CCNY,17,100,44201,Ozone,87,35620,"New York-Newark-Jersey City, NY-NJ-PA",36,New York,61,New York,40.81976,-73.94825
10/01/2021,AQS,1,0.025,ppm,23,CCNY,15,88,44201,Ozone,87,35620,"New York-Newark-Jersey City, NY-NJ-PA",36,New York,61,New York,40.81976,-73.94825
10/02/2021,AQS,1,0.042,ppm,39,CCNY,17,100,44201,Ozone,87,35620,"New York-Newark-Jersey City, NY-NJ-PA",36,New York,61,New York,40.81976,-73.94825
10/03/2021,AQS,1,0.048,ppm,44,CCNY,17,100,44201,Ozone,87,35620,"New York-Newark-Jersey City, NY-NJ-PA",36,New York,61,New York,40.81976,-73.94825
10/04/2021,AQS,1,0.03,ppm,28,CCNY,17,100,44201,Ozone,87,35620,"New York-Newark-Jersey City, NY-NJ-PA",36,New York,61,New York,40.81976,-73.94825
10/05/2021,AQS,1,0.013,ppm,12,CCNY,17,100,44201,Ozone,87,35620,"New York-Newark-Jersey City, NY-NJ-PA",36,New York,61,New York,40.81976,-73.94825
10/06/2021,AQS,1,0.014,ppm,13,CCNY,17,100,44201,Ozone,87,35620,"New York-Newark-Jersey City, NY-NJ-PA",36,New York,61,New York,40.81976,-73.94825
10/07/2021,AQS,1,0.035,ppm,32,CCNY,15,88,44201,Ozone,87,35620,"New York-Newark-Jersey City, NY-NJ-PA",36,New York,61,New York,40.81976,-73.94825
10/08/2021,AQS,1,0.037,ppm,34,CCNY,17,100,44201,Ozone,87,35620,"New York-Newark-Jersey City, NY-NJ-PA",36,New York,61,New York,40.81976,-73.94825
10/09/2021,AQS,1,0.029,ppm,27,CCNY,17,100,44201,Ozone,87,35620,"New York-Newark-Jersey City, NY-NJ-PA",36,New York,61,New York,40.81976,-73.94825
10/10/2021,AQS,1,0.028,ppm,26,CCNY,17,100,44201,Ozone,87,35620,"New York-Newark-Jersey City, NY-NJ-PA",36,New York,61,New York,40.81976,-73.94825
10/11/2021,AQS,1,0.039,ppm,36,CCNY,17,100,44201,Ozone,87,35620,"New York-Newark-Jersey City, NY-NJ-PA",36,New York,61,New York,40.81976,-73.94825
10/12/2021,AQS,1,0.032,ppm,30,CCNY,17,100,44201,Ozone,87,35620,"New York-Newark-Jersey City, NY-NJ-PA",36,New York,61,New York,40.81976,-73.94825
10/13/2021,AQS,1,0.012,ppm,11,CCNY,17,100,44201,Ozone,87,35620,"New York-Newark-Jersey City, NY-NJ-PA",36,New York,61,New York,40.81976,-73.94825
10/15/2021,AQS,1,0.035,ppm,32,CCNY,17,100,44201,Ozone,87,35620,"New York-Newark-Jersey City, NY-NJ-PA",36,New York,61,New York,40.81976,-73.94825
10/16/2021,AQS,1,0.049,ppm,45,CCNY,17,100,44201,Ozone,87,35620,"New York-Newark-Jersey City, NY-NJ-PA",36,New York,61,New York,40.81976,-73.94825
10/17/2021,AQS,1,0.027,ppm,25,CCNY,17,100,44201,Ozone,87,35620,"New York-Newark-Jersey City, NY-NJ-PA",36,New York,61,New York,40.81976,-73.94825
10/18/2021,AQS,1,0.025,ppm,23,CCNY,17,100,44201,Ozone,87,35620,"New York-Newark-Jersey City, NY-NJ-PA",36,New York,61,New York,40.81976,-73.94825
10/19/2021,AQS,1,0.031,ppm,29,CCNY,17,100,44201,Ozone,87,35620,"New York-Newark-Jersey City, NY-NJ-PA",36,New York,61,New York,40.81976,-73.94825
10/20/2021,AQS,1,0.047,ppm,44,CCNY,17,100,44201,Ozone,87,35620,"New York-Newark-Jersey City, NY-NJ-PA",36,New York,61,New York,40.81976,-73.94825
10/21/2021,AQS,1,0.043,ppm,40,CCNY,17,100,44201,Ozone,87,35620,"New York-Newark-Jersey City, NY-NJ-PA",36,New York,61,New York,40.81976,-73.94825
10/22/2021,AQS,1,0.025,ppm,23,CCNY,17,100,44201,Ozone,87,35620,"New York-Newark-Jersey City, NY-NJ-PA",36,New York,61,New York,40.81976,-73.94825
10/23/2021,AQS,1,0.028,ppm,26,CCNY,17,100,44201,Ozone,87,35620,"New York-Newark-Jersey City, NY-NJ-PA",36,New York,61,New York,40.81976,-73.94825
10/24/2021,AQS,1,0.018,ppm,17,CCNY,17,100,44201,Ozone,87,35620,"New York-Newark-Jersey City, NY-NJ-PA",36,New York,61,New York,40.81976,-73.94825
10/25/2021,AQS,1,0.03,ppm,28,CCNY,17,100,44201,Ozone,87,35620,"New York-Newark-Jersey City, NY-NJ-PA",36,New York,61,New York,40.81976,-73.94825
10/26/2021,AQS,1,0.024,ppm,22,CCNY,17,100,44201,Ozone,87,35620,"New York-Newark-Jersey City, NY-NJ-PA",36,New York,61,New York,40.81976,-73.94825
10/28/2021,AQS,1,0.023,ppm,21,CCNY,15,88,44201,Ozone,87,35620,"New York-Newark-Jersey City, NY-NJ-PA",36,New York,61,New York,40.81976,-73.94825
10/29/2021,AQS,1,0.031,ppm,29,CCNY,17,100,44201,Ozone,87,35620,"New York-Newark-Jersey City, NY-NJ-PA",36,New York,61,New York,40.81976,-73.94825
10/30/2021,AQS,1,0.028,ppm,26,CCNY,17,100,44201,Ozone,87,35620,"New York-Newark-Jersey City, NY-NJ-PA",36,New York,61,New York,40.81976,-73.94825
10/31/2021,AQS,1,0.023,ppm,21,CCNY,17,100,44201,Ozone,87,35620,"New York-Newark-Jersey City, NY-NJ-PA",36,New York,61,New York,40.81976,-73.94825
11/01/2021,AQS,1,0.029,ppm,27,CCNY,17,100,44201,Ozone,87,35620,"New York-Newark-Jersey City, NY-NJ-PA",36,New York,61,New York,40.81976,-73.94825
11/02/2021,AQS,1,0.022,ppm,20,CCNY,17,100,44201,Ozone,87,35620,"New York-Newark-Jersey City, NY-NJ-PA",36,New York,61,New York,40.81976,-73.94825
11/03/2021,AQS,1,0.024,ppm,22,CCNY,17,100,44201,Ozone,87,35620,"New York-Newark-Jersey City, NY-NJ-PA",36,New York,61,New York,40.81976,-73.94825
11/04/2021,AQS,1,0.026,ppm,24,CCNY,17,100,44201,Ozone,87,35620,"New York-Newark-Jersey City, NY-NJ-PA",36,New York,61,New York,40.81976,-73.94825
11/05/2021,AQS,1,0.026,ppm,24,CCNY,17,100,44201,Ozone,87,35620,"New York-Newark-Jersey City, NY-NJ-PA",36,New York,61,New York,40.81976,-73.94825
11/06/2021,AQS,1,0.03,ppm,28,CCNY,17,100,44201,Ozone,87,35620,"New York-Newark-Jersey City, NY-NJ-PA",36,New York,61,New York,40.81976,-73.94825
11/07/2021,AQS,1,0.027,ppm,25,CCNY,17,100,44201,Ozone,87,35620,"New York-Newark-Jersey City, NY-NJ-PA",36,New York,61,New York,40.81976,-73.94825
11/08/2021,AQS,1,0.034,ppm,31,CCNY,17,100,44201,Ozone,87,35620,"New York-Newark-Jersey City, NY-NJ-PA",36,New York,61,New York,40.81976,-73.94825
11/09/2021,AQS,1,0.03,ppm,28,CCNY,17,100,44201,Ozone,87,35620,"New York-Newark-Jersey City, NY-NJ-PA",36,New York,61,New York,40.81976,-73.94825
11/10/2021,AQS,1,0.032,ppm,30,CCNY,17,100,44201,Ozone,87,35620,"New York-Newark-Jersey City, NY-NJ-PA",36,New York,61,New York,40.81976,-73.94825
11/11/2021,AQS,1,0.034,ppm,31,CCNY,17,100,44201,Ozone,87,35620,"New York-Newark-Jersey City, NY-NJ-PA",36,New York,61,New York,40.81976,-73.94825
11/12/2021,AQS,1,0.034,ppm,31,CCNY,17,100,44201,Ozone,87,35620,"New York-Newark-Jersey City, NY-NJ-PA",36,New York,61,New York,40.81976,-73.94825
11/13/2021,AQS,1,0.033,ppm,31,CCNY,15,88,44201,Ozone,87,35620,"New York-Newark-Jersey City, NY-NJ-PA",36,New York,61,New York,40.81976,-73.94825
11/14/2021,AQS,1,0.015,ppm,14,CCNY,17,100,44201,Ozone,87,35620,"New York-Newark-Jersey City, NY-NJ-PA",36,New York,61,New York,40.81976,-73.94825
11/15/2021,AQS,1,0.018,ppm,17,CCNY,17,100,44201,Ozone,87,35620,"New York-Newark-Jersey City, NY-NJ-PA",36,New York,61,New York,40.81976,-73.94825
11/16/2021,AQS,1,0.021,ppm,19,CCNY,17,100,44201,Ozone,87,35620,"New York-Newark-Jersey City, NY-NJ-PA",36,New York,61,New York,40.81976,-73.94825
11/17/2021,AQS,1,0.028,ppm,26,CCNY,17,100,44201,Ozone,87,35620,"New York-Newark-Jersey City, NY-NJ-PA",36,New York,61,New York,40.81976,-73.94825
11/18/2021,AQS,1,0.028,ppm,26,CCNY,17,100,44201,Ozone,87,35620,"New York-Newark-Jersey City, NY-NJ-PA",36,New York,61,New York,40.81976,-73.94825
11/19/2021,AQS,1,0.022,ppm,20,CCNY,17,100,44201,Ozone,87,35620,"New York-Newark-Jersey City, NY-NJ-PA",36,New York,61,New York,40.81976,-73.94825
11/20/2021,AQS,1,0.021,ppm,19,CCNY,17,100,44201,Ozone,87,35620,"New York-Newark-Jersey City, NY-NJ-PA",36,New York,61,New York,40.81976,-73.94825
11/21/2021,AQS,1,0.022,ppm,20,CCNY,17,100,44201,Ozone,87,35620,"New York-Newark-Jersey City, NY-NJ-PA",36,New York,61,New York,40.81976,-73.94825
11/22/2021,AQS,1,0.021,ppm,19,CCNY,17,100,44201,Ozone,87,35620,"New York-Newark-Jersey City, NY-NJ-PA",36,New York,61,New York,40.81976,-73.94825
11/23/2021,AQS,1,0.026,ppm,24,CCNY,17,100,44201,Ozone,87,35620,"New York-Newark-Jersey City, NY-NJ-PA",36,New York,61,New York,40.81976,-73.94825
11/24/2021,AQS,1,0.024,ppm,22,CCNY,14,82,44201,Ozone,87,35620,"New York-Newark-Jersey City, NY-NJ-PA",36,New York,61,New York,40.81976,-73.94825
11/25/2021,AQS,1,0.013,ppm,12,CCNY,17,100,44201,Ozone,87,35620,"New York-Newark-Jersey City, NY-NJ-PA",36,New York,61,New York,40.81976,-73.94825
11/26/2021,AQS,1,0.023,ppm,21,CCNY,17,100,44201,Ozone,87,35620,"New York-Newark-Jersey City, NY-NJ-PA",36,New York,61,New York,40.81976,-73.94825
11/27/2021,AQS,1,0.028,ppm,26,CCNY,17,100,44201,Ozone,87,35620,"New York-Newark-Jersey City, NY-NJ-PA",36,New York,61,New York,40.81976,-73.94825
11/28/2021,AQS,1,0.005,ppm,5,CCNY,17,100,44201,Ozone,87,35620,"New York-Newark-Jersey City, NY-NJ-PA",36,New York,61,New York,40.81976,-73.94825
11/29/2021,AQS,1,0.024,ppm,22,CCNY,17,100,44201,Ozone,87,35620,"New York-Newark-Jersey City, NY-NJ-PA",36,New York,61,New York,40.81976,-73.94825
11/30/2021,AQS,1,0.009,ppm,8,CCNY,17,100,44201,Ozone,87,35620,"New York-Newark-Jersey City, NY-NJ-PA",36,New York,61,New York,40.81976,-73.94825
12/01/2021,AQS,1,0.024,ppm,22,CCNY,17,100,44201,Ozone,87,35620,"New York-Newark-Jersey City, NY-NJ-PA",36,New York,61,New York,40.81976,-73.94825
12/02/2021,AQS,1,0.028,ppm,26,CCNY,17,100,44201,Ozone,87,35620,"New York-Newark-Jersey City, NY-NJ-PA",36,New York,61,New York,40.81976,-73.94825
12/03/2021,AQS,1,0.03,ppm,28,CCNY,17,100,44201,Ozone,87,35620,"New York-Newark-Jersey City, NY-NJ-PA",36,New York,61,New York,40.81976,-73.94825
12/04/2021,AQS,1,0.018,ppm,17,CCNY,17,100,44201,Ozone,87,35620,"New York-Newark-Jersey City, NY-NJ-PA",36,New York,61,New York,40.81976,-73.94825
12/05/2021,AQS,1,0.026,ppm,24,CCNY,17,100,44201,Ozone,87,35620,"New York-Newark-Jersey City, NY-NJ-PA",36,New York,61,New York,40.81976,-73.94825
12/06/2021,AQS,1,0.028,ppm,26,CCNY,17,100,44201,Ozone,87,35620,"New York-Newark-Jersey City, NY-NJ-PA",36,New York,61,New York,40.81976,-73.94825
12/07/2021,AQS,1,0.022,ppm,20,CCNY,17,100,44201,Ozone,87,35620,"New York-Newark-Jersey City, NY-NJ-PA",36,New York,61,New York,40.81976,-73.94825
12/08/2021,AQS,1,0.02,ppm,19,CCNY,17,100,44201,Ozone,87,35620,"New York-Newark-Jersey City, NY-NJ-PA",36,New York,61,New York,40.81976,-73.94825
12/09/2021,AQS,1,0.024,ppm,22,CCNY,17,100,44201,Ozone,87,35620,"New York-Newark-Jersey City, NY-NJ-PA",36,New York,61,New York,40.81976,-73.94825
12/10/2021,AQS,1,0.004,ppm,4,CCNY,14,82,44201,Ozone,87,35620,"New York-Newark-Jersey City, NY-NJ-PA",36,New York,61,New York,40.81976,-73.94825
12/11/2021,AQS,1,0.029,ppm,27,CCNY,17,100,44201,Ozone,87,35620,"New York-Newark-Jersey City, NY-NJ-PA",36,New York,61,New York,40.81976,-73.94825
12/12/2021,AQS,1,0.033,ppm,31,CCNY,17,100,44201,Ozone,87,35620,"New York-Newark-Jersey City, NY-NJ-PA",36,New York,61,New York,40.81976,-73.94825
12/13/2021,AQS,1,0.015,ppm,14,CCNY,17,100,44201,Ozone,87,35620,"New York-Newark-Jersey City, NY-NJ-PA",36,New York,61,New York,40.81976,-73.94825
12/14/2021,AQS,1,0.023,ppm,21,CCNY,17,100,44201,Ozone,87,35620,"New York-Newark-Jersey City, NY-NJ-PA",36,New York,61,New York,40.81976,-73.94825
12/15/2021,AQS,1,0.023,ppm,21,CCNY,17,100,44201,Ozone,87,35620,"New York-Newark-Jersey City, NY-NJ-PA",36,New York,61,New York,40.81976,-73.94825
12/16/2021,AQS,1,0.018,ppm,17,CCNY,17,100,44201,Ozone,87,35620,"New York-Newark-Jersey City, NY-NJ-PA",36,New York,61,New York,40.81976,-73.94825
12/17/2021,AQS,1,0.029,ppm,27,CCNY,13,76,44201,Ozone,87,35620,"New York-Newark-Jersey City, NY-NJ-PA",36,New York,61,New York,40.81976,-73.94825
12/18/2021,AQS,1,0.014,ppm,13,CCNY,17,100,44201,Ozone,87,35620,"New York-Newark-Jersey City, NY-NJ-PA",36,New York,61,New York,40.81976,-73.94825
12/19/2021,AQS,1,0.026,ppm,24,CCNY,17,100,44201,Ozone,87,35620,"New York-Newark-Jersey City, NY-NJ-PA",36,New York,61,New York,40.81976,-73.94825
12/20/2021,AQS,1,0.016,ppm,15,CCNY,17,100,44201,Ozone,87,35620,"New York-Newark-Jersey City, NY-NJ-PA",36,New York,61,New York,40.81976,-73.94825
12/21/2021,AQS,1,0.006,ppm,6,CCNY,17,100,44201,Ozone,87,35620,"New York-Newark-Jersey City, NY-NJ-PA",36,New York,61,New York,40.81976,-73.94825
12/22/2021,AQS,1,0.026,ppm,24,CCNY,17,100,44201,Ozone,87,35620,"New York-Newark-Jersey City, NY-NJ-PA",36,New York,61,New York,40.81976,-73.94825
12/23/2021,AQS,1,0.025,ppm,23,CCNY,17,100,44201,Ozone,87,35620,"New York-Newark-Jersey City, NY-NJ-PA",36,New York,61,New York,40.81976,-73.94825
12/24/2021,AQS,1,0.011,ppm,10,CCNY,17,100,44201,Ozone,87,35620,"New York-Newark-Jersey City, NY-NJ-PA",36,New York,61,New York,40.81976,-73.94825
12/25/2021,AQS,1,0.016,ppm,15,CCNY,17,100,44201,Ozone,87,35620,"New York-Newark-Jersey City, NY-NJ-PA",36,New York,61,New York,40.81976,-73.94825
12/26/2021,AQS,1,0.028,ppm,26,CCNY,17,100,44201,Ozone,87,35620,"New York-Newark-Jersey City, NY-NJ-PA",36,New York,61,New York,40.81976,-73.94825
12/28/2021,AQS,1,0.01,ppm,9,CCNY,17,100,44201,Ozone,87,35620,"New York-Newark-Jersey City, NY-NJ-PA",36,New York,61,New York,40.81976,-73.94825
12/29/2021,AQS,1,0.006,ppm,6,CCNY,17,100,44201,Ozone,87,35620,"New York-Newark-Jersey City, NY-NJ-PA",36,New York,61,New York,40.81976,-73.94825
12/30/2021,AQS,1,0.002,ppm,2,CCNY,17,100,44201,Ozone,87,35620,"New York-Newark-Jersey City, NY-NJ-PA",36,New York,61,New York,40.81976,-73.94825
01/01/2022,AQS,1,0.005,ppm,5,CCNY,17,100,44201,Ozone,87,35620,"New York-Newark-Jersey City, NY-NJ-PA",36,New York,61,New York,40.81976,-73.94825
01/02/2022,AQS,1,0.024,ppm,22,CCNY,17,100,44201,Ozone,87,35620,"New York-Newark-Jersey City, NY-NJ-PA",36,New York,61,New York,40.81976,-73.94825
01/03/2022,AQS,1,0.024,ppm,22,CCNY,17,100,44201,Ozone,87,35620,"New York-Newark-Jersey City, NY-NJ-PA",36,New York,61,New York,40.81976,-73.94825
01/04/2022,AQS,1,0.02,ppm,19,CCNY,17,100,44201,Ozone,87,35620,"New York-Newark-Jersey City, NY-NJ-PA",36,New York,61,New York,40.81976,-73.94825
01/05/2022,AQS,1,0.015,ppm,14,CCNY,17,100,44201,Ozone,87,35620,"New York-Newark-Jersey City, NY-NJ-PA",36,New York,61,New York,40.81976,-73.94825
01/06/2022,AQS,1,0.022,ppm,20,CCNY,17,100,44201,Ozone,87,35620,"New York-Newark-Jersey City, NY-NJ-PA",36,New York,61,New York,40.81976,-73.94825
01/07/2022,AQS,1,0.028,ppm,26,CCNY,17,100,44201,Ozone,87,35620,"New York-Newark-Jersey City, NY-NJ-PA",36,New York,61,New York,40.81976,-73.94825
01/10/2022,AQS,1,0.032,ppm,30,CCNY,16,94,44201,Ozone,87,35620,"New York-Newark-Jersey City, NY-NJ-PA",36,New York,61,New York,40.81976,-73.94825
01/11/2022,AQS,1,0.027,ppm,25,CCNY,14,82,44201,Ozone,87,35620,"New York-Newark-Jersey City, NY-NJ-PA",36,New York,61,New York,40.81976,-73.94825
01/12/2022,AQS,1,0.016,ppm,15,CCNY,17,100,44201,Ozone,87,35620,"New York-Newark-Jersey City, NY-NJ-PA",36,New York,61,New York,40.81976,-73.94825
01/13/2022,AQS,1,0.004,ppm,4,CCNY,17,100,44201,Ozone,87,35620,"New York-Newark-Jersey City, NY-NJ-PA",36,New York,61,New York,40.81976,-73.94825
01/14/2022,AQS,1,0.023,ppm,21,CCNY,17,100,44201,Ozone,87,35620,"New York-Newark-Jersey City, NY-NJ-PA",36,New York,61,New York,40.81976,-73.94825
01/15/2022,AQS,1,0.028,ppm,26,CCNY,17,100,44201,Ozone,87,35620,"New York-Newark-Jersey City, NY-NJ-PA",36,New York,61,New York,40.81976,-73.94825
01/16/2022,AQS,1,0.032,ppm,30,CCNY,17,100,44201,Ozone,87,35620,"New York-Newark-Jersey City, NY-NJ-PA",36,New York,61,New York,40.81976,-73.94825
01/17/2022,AQS,1,0.032,ppm,30,CCNY,17,100,44201,Ozone,87,35620,"New York-Newark-Jersey City, NY-NJ-PA",36,New York,61,New York,40.81976,-73.94825
01/18/2022,AQS,1,0.031,ppm,29,CCNY,17,100,44201,Ozone,87,35620,"New York-Newark-Jersey City, NY-NJ-PA",36,New York,61,New York,40.81976,-73.94825
01/19/2022,AQS,1,0.02,ppm,19,CCNY,17,100,44201,Ozone,87,35620,"New York-Newark-Jersey City, NY-NJ-PA",36,New York,61,New York,40.81976,-73.94825
01/20/2022,AQS,1,0.029,ppm,27,CCNY,17,100,44201,Ozone,87,35620,"New York-Newark-Jersey City, NY-NJ-PA",36,New York,61,New York,40.81976,-73.94825
01/21/2022,AQS,1,0.028,ppm,26,CCNY,17,100,44201,Ozone,87,35620,"New York-Newark-Jersey City, NY-NJ-PA",36,New York,61,New York,40.81976,-73.94825
01/22/2022,AQS,1,0.025,ppm,23,CCNY,17,100,44201,Ozone,87,35620,"New York-Newark-Jersey City, NY-NJ-PA",36,New York,61,New York,40.81976,-73.94825
01/23/2022,AQS,1,0.024,ppm,22,CCNY,17,100,44201,Ozone,87,35620,"New York-Newark-Jersey City, NY-NJ-PA",36,New York,61,New York,40.81976,-73.94825
01/24/2022,AQS,1,0.021,ppm,19,CCNY,17,100,44201,Ozone,87,35620,"New York-Newark-Jersey City, NY-NJ-PA",36,New York,61,New York,40.81976,-73.94825
01/25/2022,AQS,1,0.028,ppm,26,CCNY,17,100,44201,Ozone,87,35620,"New York-Newark-Jersey City, NY-NJ-PA",36,New York,61,New York,40.81976,-73.94825
01/26/2022,AQS,1,0.032,ppm,30,CCNY,17,100,44201,Ozone,87,35620,"New York-Newark-Jersey City, NY-NJ-PA",36,New York,61,New York,40.81976,-73.94825
01/27/2022,AQS,1,0.024,ppm,22,CCNY,17,100,44201,Ozone,87,35620,"New York-Newark-Jersey City, NY-NJ-PA",36,New York,61,New York,40.81976,-73.94825
01/28/2022,AQS,1,0.022,ppm,20,CCNY,14,82,44201,Ozone,87,35620,"New York-Newark-Jersey City, NY-NJ-PA",36,New York,61,New York,40.81976,-73.94825
01/29/2022,AQS,1,0.034,ppm,31,CCNY,17,100,44201,Ozone,87,35620,"New York-Newark-Jersey City, NY-NJ-PA",36,New York,61,New York,40.81976,-73.94825
01/30/2022,AQS,1,0.031,ppm,29,CCNY,17,100,44201,Ozone,87,35620,"New York-Newark-Jersey City, NY-NJ-PA",36,New York,61,New York,40.81976,-73.94825
01/31/2022,AQS,1,0.023,ppm,21,CCNY,17,100,44201,Ozone,87,35620,"New York-Newark-Jersey City, NY-NJ-PA",36,New York,61,New York,40.81976,-73.94825
02/01/2022,AQS,1,0.028,ppm,26,CCNY,17,100,44201,Ozone,87,35620,"New York-Newark-Jersey City, NY-NJ-PA",36,New York,61,New York,40.81976,-73.94825
02/02/2022,AQS,1,0.006,ppm,6,CCNY,17,100,44201,Ozone,87,35620,"New York-Newark-Jersey City, NY-NJ-PA",36,New York,61,New York,40.81976,-73.94825
02/03/2022,AQS,1,0.022,ppm,20,CCNY,17,100,44201,Ozone,87,35620,"New York-Newark-Jersey City, NY-NJ-PA",36,New York,61,New York,40.81976,-73.94825
02/04/2022,AQS,1,0.023,ppm,21,CCNY,17,100,44201,Ozone,87,35620,"New York-Newark-Jersey City, NY-NJ-PA",36,New York,61,New York,40.81976,-73.94825
02/05/2022,AQS,1,0.033,ppm,31,CCNY,17,100,44201,Ozone,87,35620,"New York-Newark-Jersey City, NY-NJ-PA",36,New York,61,New York,40.81976,-73.94825
02/06/2022,AQS,1,0.03,ppm,28,CCNY,17,100,44201,Ozone,87,35620,"New York-Newark-Jersey City, NY-NJ-PA",36,New York,61,New York,40.81976,-73.94825
02/07/2022,AQS,1,0.011,ppm,10,CCNY,17,100,44201,Ozone,87,35620,"New York-Newark-Jersey City, NY-NJ-PA",36,New York,61,New York,40.81976,-73.94825
02/08/2022,AQS,1,0.031,ppm,29,CCNY,17,100,44201,Ozone,87,35620,"New York-Newark-Jersey City, NY-NJ-PA",36,New York,61,New York,40.81976,-73.94825
02/09/2022,AQS,1,0.018,ppm,17,CCNY,17,100,44201,Ozone,87,35620,"New York-Newark-Jersey City, NY-NJ-PA",36,New York,61,New York,40.81976,-73.94825
02/10/2022,AQS,1,0.032,ppm,30,CCNY,17,100,44201,Ozone,87,35620,"New York-Newark-Jersey City, NY-NJ-PA",36,New York,61,New York,40.81976,-73.94825
02/11/2022,AQS,1,0.035,ppm,32,CCNY,17,100,44201,Ozone,87,35620,"New York-Newark-Jersey City, NY-NJ-PA",36,New York,61,New York,40.81976,-73.94825
02/12/2022,AQS,1,0.035,ppm,32,CCNY,14,82,44201,Ozone,87,35620,"New York-Newark-Jersey City, NY-NJ-PA",36,New York,61,New York,40.81976,-73.94825
02/13/2022,AQS,1,0.028,ppm,26,CCNY,17,100,44201,Ozone,87,35620,"New York-Newark-Jersey City, NY-NJ-PA",36,New York,61,New York,40.81976,-73.94825
02/14/2022,AQS,1,0.033,ppm,31,CCNY,17,100,44201,Ozone,87,35620,"New York-Newark-Jersey City, NY-NJ-PA",36,New York,61,New York,40.81976,-73.94825
02/15/2022,AQS,1,0.031,ppm,29,CCNY,17,100,44201,Ozone,87,35620,"New York-Newark-Jersey City, NY-NJ-PA",36,New York,61,New York,40.81976,-73.94825
02/16/2022,AQS,1,0.029,ppm,27,CCNY,17,100,44201,Ozone,87,35620,"New York-Newark-Jersey City, NY-NJ-PA",36,New York,61,New York,40.81976,-73.94825
02/17/2022,AQS,1,0.034,ppm,31,CCNY,17,100,44201,Ozone,87,35620,"New York-Newark-Jersey City, NY-NJ-PA",36,New York,61,New York,40.81976,-73.94825
02/18/2022,AQS,1,0.036,ppm,33,CCNY,14,82,44201,Ozone,87,35620,"New York-Newark-Jersey City, NY-NJ-PA",36,New York,61,New York,40.81976,-73.94825
02/19/2022,AQS,1,0.037,ppm,34,CCNY,17,100,44201,Ozone,87,35620,"New York-Newark-Jersey City, NY-NJ-PA",36,New York,61,New York,40.81976,-73.94825
02/20/2022,AQS,1,0.032,ppm,30,CCNY,17,100,44201,Ozone,87,35620,"New York-Newark-Jersey City, NY-NJ-PA",36,New York,61,New York,40.81976,-73.94825
02/21/2022,AQS,1,0.014,ppm,13,CCNY,17,100,44201,Ozone,87,35620,"New York-Newark-Jersey City, NY-NJ-PA",36,New York,61,New York,40.81976,-73.94825
02/22/2022,AQS,1,0.029,ppm,27,CCNY,17,100,44201,Ozone,87,35620,"New York-Newark-Jersey City, NY-NJ-PA",36,New York,61,New York,40.81976,-73.94825
02/23/2022,AQS,1,0.034,ppm,31,CCNY,17,100,44201,Ozone,87,35620,"New York-Newark-Jersey City, NY-NJ-PA",36,New York,61,New York,40.81976,-73.94825
02/24/2022,AQS,1,0.028,ppm,26,CCNY,17,100,44201,Ozone,87,35620,"New York-Newark-Jersey City, NY-NJ-PA",36,New York,61,New York,40.81976,-73.94825
02/25/2022,AQS,1,0.029,ppm,27,CCNY,17,100,44201,Ozone,87,35620,"New York-Newark-Jersey City, NY-NJ-PA",36,New York,61,New York,40.81976,-73.94825
02/26/2022,AQS,1,0.035,ppm,32,CCNY,17,100,44201,Ozone,87,35620,"New York-Newark-Jersey City, NY-NJ-PA",36,New York,61,New York,40.81976,-73.94825
02/27/2022,AQS,1,0.041,ppm,38,CCNY,17,100,44201,Ozone,87,35620,"New York-Newark-Jersey City, NY-NJ-PA",36,New York,61,New York,40.81976,-73.94825
02/28/2022,AQS,1,0.036,ppm,33,CCNY,17,100,44201,Ozone,87,35620,"New York-Newark-Jersey City, NY-NJ-PA",36,New York,61,New York,40.81976,-73.94825
03/01/2022,AQS,1,0.032,ppm,30,CCNY,17,100,44201,Ozone,87,35620,"New York-Newark-Jersey City, NY-NJ-PA",36,New York,61,New York,40.81976,-73.94825
03/02/2022,AQS,1,0.038,ppm,35,CCNY,17,100,44201,Ozone,87,35620,"New York-Newark-Jersey City, NY-NJ-PA",36,New York,61,New York,40.81976,-73.94825
03/03/2022,AQS,1,0.037,ppm,34,CCNY,17,100,44201,Ozone,87,35620,"New York-Newark-Jersey City, NY-NJ-PA",36,New York,61,New York,40.81976,-73.94825
03/04/2022,AQS,1,0.03,ppm,28,CCNY,17,100,44201,Ozone,87,35620,"New York-Newark-Jersey City, NY-NJ-PA",36,New York,61,New York,40.81976,-73.94825
03/05/2022,AQS,1,0.031,ppm,29,CCNY,17,100,44201,Ozone,87,35620,"New York-Newark-Jersey City, NY-NJ-PA",36,New York,61,New York,40.81976,-73.94825
03/06/2022,AQS,1,0.03,ppm,28,CCNY,17,100,44201,Ozone,87,35620,"New York-Newark-Jersey City, NY-NJ-PA",36,New York,61,New York,40.81976,-73.94825
03/07/2022,AQS,1,0.037,ppm,34,CCNY,17,100,44201,Ozone,87,35620,"New York-Newark-Jersey City, NY-NJ-PA",36,New York,61,New York,40.81976,-73.94825
03/08/2022,AQS,1,0.041,ppm,38,CCNY,17,100,44201,Ozone,87,35620,"New York-Newark-Jersey City, NY-NJ-PA",36,New York,61,New York,40.81976,-73.94825
03/09/2022,AQS,1,0.016,ppm,15,CCNY,17,100,44201,Ozone,87,35620,"New York-Newark-Jersey City, NY-NJ-PA",36,New York,61,New York,40.81976,-73.94825
03/10/2022,AQS,1,0.029,ppm,27,CCNY,17,100,44201,Ozone,87,35620,"New York-Newark-Jersey City, NY-NJ-PA",36,New York,61,New York,40.81976,-73.94825
03/11/2022,AQS,1,0.038,ppm,35,CCNY,17,100,44201,Ozone,87,35620,"New York-Newark-Jersey City, NY-NJ-PA",36,New York,61,New York,40.81976,-73.94825
03/12/2022,AQS,1,0.039,ppm,36,CCNY,17,100,44201,Ozone,87,35620,"New York-Newark-Jersey City, NY-NJ-PA",36,New York,61,New York,40.81976,-73.94825
03/13/2022,AQS,1,0.035,ppm,32,CCNY,17,100,44201,Ozone,87,35620,"New York-Newark-Jersey City, NY-NJ-PA",36,New York,61,New York,40.81976,-73.94825
03/14/2022,AQS,1,0.034,ppm,31,CCNY,17,100,44201,Ozone,87,35620,"New York-Newark-Jersey City, NY-NJ-PA",36,New York,61,New York,40.81976,-73.94825
03/15/2022,AQS,1,0.038,ppm,35,CCNY,17,100,44201,Ozone,87,35620,"New York-Newark-Jersey City, NY-NJ-PA",36,New York,61,New York,40.81976,-73.94825
03/16/2022,AQS,1,0.044,ppm,41,CCNY,17,100,44201,Ozone,87,35620,"New York-Newark-Jersey City, NY-NJ-PA",36,New York,61,New York,40.81976,-73.94825
03/17/2022,AQS,1,0.024,ppm,22,CCNY,17,100,44201,Ozone,87,35620,"New York-Newark-Jersey City, NY-NJ-PA",36,New York,61,New York,40.81976,-73.94825
03/18/2022,AQS,1,0.035,ppm,32,CCNY,17,100,44201,Ozone,87,35620,"New York-Newark-Jersey City, NY-NJ-PA",36,New York,61,New York,40.81976,-73.94825
03/19/2022,AQS,1,0.034,ppm,31,CCNY,17,100,44201,Ozone,87,35620,"New York-Newark-Jersey City, NY-NJ-PA",36,New York,61,New York,40.81976,-73.94825
03/20/2022,AQS,1,0.033,ppm,31,CCNY,17,100,44201,Ozone,87,35620,"New York-Newark-Jersey City, NY-NJ-PA",36,New York,61,New York,40.81976,-73.94825
03/21/2022,AQS,1,0.045,ppm,42,CCNY,17,100,44201,Ozone,87,35620,"New York-Newark-Jersey City, NY-NJ-PA",36,New York,61,New York,40.81976,-73.94825
03/22/2022,AQS,1,0.044,ppm,41,CCNY,17,100,44201,Ozone,87,35620,"New York-Newark-Jersey City, NY-NJ-PA",36,New York,61,New York,40.81976,-73.94825
03/23/2022,AQS,1,0.029,ppm,27,CCNY,17,100,44201,Ozone,87,35620,"New York-Newark-Jersey City, NY-NJ-PA",36,New York,61,New York,40.81976,-73.94825
03/24/2022,AQS,1,0.026,ppm,24,CCNY,17,100,44201,Ozone,87,35620,"New York-Newark-Jersey City, NY-NJ-PA",36,New York,61,New York,40.81976,-73.94825
03/25/2022,AQS,1,0.032,ppm,30,CCNY,17,100,44201,Ozone,87,35620,"New York-Newark-Jersey City, NY-NJ-PA",36,New York,61,New York,40.81976,-73.94825
03/26/2022,AQS,1,0.032,ppm,30,CCNY,17,100,44201,Ozone,87,35620,"New York-Newark-Jersey City, NY-NJ-PA",36,New York,61,New York,40.81976,-73.94825
03/27/2022,AQS,1,0.033,ppm,31,CCNY,17,100,44201,Ozone,87,35620,"New York-Newark-Jersey City, NY-NJ-PA",36,New York,61,New York,40.81976,-73.94825
03/28/2022,AQS,1,0.035,ppm,32,CCNY,17,100,44201,Ozone,87,35620,"New York-Newark-Jersey City, NY-NJ-PA",36,New York,61,New York,40.81976,-73.94825
03/29/2022,AQS,1,0.035,ppm,32,CCNY,15,88,44201,Ozone,87,35620,"New York-Newark-Jersey City, NY-NJ-PA",36,New York,61,New York,40.81976,-73.94825
03/30/2022,AQS,1,0.026,ppm,24,CCNY,17,100,44201,Ozone,87,35620,"New York-Newark-Jersey City, NY-NJ-PA",36,New York,61,New York,40.81976,-73.94825
03/31/2022,AQS,1,0.034,ppm,31,CCNY,17,100,44201,Ozone,87,35620,"New York-Newark-Jersey City, NY-NJ-PA",36,New York,61,New York,40.81976,-73.94825
04/01/2022,AQS,1,0.035,ppm,32,CCNY,17,100,44201,Ozone,87,35620,"New York-Newark-Jersey City, NY-NJ-PA",36,New York,61,New York,40.81976,-73.94825
04/02/2022,AQS,1,0.04,ppm,37,CCNY,17,100,44201,Ozone,87,35620,"New York-Newark-Jersey City, NY-NJ-PA",36,New York,61,New York,40.81976,-73.94825
04/03/2022,AQS,1,0.034,ppm,31,CCNY,17,100,44201,Ozone,87,35620,"New York-Newark-Jersey City, NY-NJ-PA",36,New York,61,New York,40.81976,-73.94825
04/04/2022,AQS,1,0.038,ppm,35,CCNY,17,100,44201,Ozone,87,35620,"New York-Newark-Jersey City, NY-NJ-PA",36,New York,61,New York,40.81976,-73.94825
04/05/2022,AQS,1,0.04,ppm,37,CCNY,17,100,44201,Ozone,87,35620,"New York-Newark-Jersey City, NY-NJ-PA",36,New York,61,New York,40.81976,-73.94825
04/06/2022,AQS,1,0.032,ppm,30,CCNY,17,100,44201,Ozone,87,35620,"New York-Newark-Jersey City, NY-NJ-PA",36,New York,61,New York,40.81976,-73.94825
04/07/2022,AQS,1,0.037,ppm,34,CCNY,17,100,44201,Ozone,87,35620,"New York-Newark-Jersey City, NY-NJ-PA",36,New York,61,New York,40.81976,-73.94825
04/08/2022,AQS,1,0.043,ppm,40,CCNY,17,100,44201,Ozone,87,35620,"New York-Newark-Jersey City, NY-NJ-PA",36,New York,61,New York,40.81976,-73.94825
04/09/2022,AQS,1,0.036,ppm,33,CCNY,17,100,44201,Ozone,87,35620,"New York-Newark-Jersey City, NY-NJ-PA",36,New York,61,New York,40.81976,-73.94825
04/10/2022,AQS,1,0.032,ppm,30,CCNY,17,100,44201,Ozone,87,35620,"New York-Newark-Jersey City, NY-NJ-PA",36,New York,61,New York,40.81976,-73.94825
04/11/2022,AQS,1,0.03,ppm,28,CCNY,17,100,44201,Ozone,87,35620,"New York-Newark-Jersey City, NY-NJ-PA",36,New York,61,New York,40.81976,-73.94825
04/12/2022,AQS,1,0.044,ppm,41,CCNY,17,100,44201,Ozone,87,35620,"New York-Newark-Jersey City, NY-NJ-PA",36,New York,61,New York,40.81976,-73.94825
04/13/2022,AQS,1,0.045,ppm,42,CCNY,17,100,44201,Ozone,87,35620,"New York-Newark-Jersey City, NY-NJ-PA",36,New York,61,New York,40.81976,-73.94825
04/14/2022,AQS,1,0.035,ppm,32,CCNY,15,88,44201,Ozone,87,35620,"New York-Newark-Jersey City, NY-NJ-PA",36,New York,61,New York,40.81976,-73.94825
04/15/2022,AQS,1,0.049,ppm,45,CCNY,17,100,44201,Ozone,87,35620,"New York-Newark-Jersey City, NY-NJ-PA",36,New York,61,New York,40.81976,-73.94825
04/16/2022,AQS,1,0.046,ppm,43,CCNY,17,100,44201,Ozone,87,35620,"New York-Newark-Jersey City, NY-NJ-PA",36,New York,61,New York,40.81976,-73.94825
04/17/2022,AQS,1,0.031,ppm,29,CCNY,17,100,44201,Ozone,87,35620,"New York-Newark-Jersey City, NY-NJ-PA",36,New York,61,New York,40.81976,-73.94825
04/18/2022,AQS,1,0.029,ppm,27,CCNY,17,100,44201,Ozone,87,35620,"New York-Newark-Jersey City, NY-NJ-PA",36,New York,61,New York,40.81976,-73.94825
04/19/2022,AQS,1,0.033,ppm,31,CCNY,15,88,44201,Ozone,87,35620,"New York-Newark-Jersey City, NY-NJ-PA",36,New York,61,New York,40.81976,-73.94825
04/20/2022,AQS,1,0.036,ppm,33,CCNY,17,100,44201,Ozone,87,35620,"New York-Newark-Jersey City, NY-NJ-PA",36,New York,61,New York,40.81976,-73.94825
04/21/2022,AQS,1,0.039,ppm,36,CCNY,17,100,44201,Ozone,87,35620,"New York-Newark-Jersey City, NY-NJ-PA",36,New York,61,New York,40.81976,-73.94825
04/22/2022,AQS,1,0.043,ppm,40,CCNY,17,100,44201,Ozone,87,35620,"New York-Newark-Jersey City, NY-NJ-PA",36,New York,61,New York,40.81976,-73.94825
04/23/2022,AQS,1,0.038,ppm,35,CCNY,17,100,44201,Ozone,87,35620,"New York-Newark-Jersey City, NY-NJ-PA",36,New York,61,New York,40.81976,-73.94825
04/24/2022,AQS,1,0.044,ppm,41,CCNY,17,100,44201,Ozone,87,35620,"New York-Newark-Jersey City, NY-NJ-PA",36,New York,61,New York,40.81976,-73.94825
04/25/2022,AQS,1,0.034,ppm,31,CCNY,17,100,44201,Ozone,87,35620,"New York-Newark-Jersey City, NY-NJ-PA",36,New York,61,New York,40.81976,-73.94825
04/26/2022,AQS,1,0.023,ppm,21,CCNY,17,100,44201,Ozone,87,35620,"New York-Newark-Jersey City, NY-NJ-PA",36,New York,61,New York,40.81976,-73.94825
04/27/2022,AQS,1,0.033,ppm,31,CCNY,17,100,44201,Ozone,87,35620,"New York-Newark-Jersey City, NY-NJ-PA",36,New York,61,New York,40.81976,-73.94825
04/28/2022,AQS,1,0.044,ppm,41,CCNY,17,100,44201,Ozone,87,35620,"New York-Newark-Jersey City, NY-NJ-PA",36,New York,61,New York,40.81976,-73.94825
04/29/2022,AQS,1,0.045,ppm,42,CCNY,17,100,44201,Ozone,87,35620,"New York-Newark-Jersey City, NY-NJ-PA",36,New York,61,New York,40.81976,-73.94825
04/30/2022,AQS,1,0.044,ppm,41,CCNY,17,100,44201,Ozone,87,35620,"New York-Newark-Jersey City, NY-NJ-PA",36,New York,61,New York,40.81976,-73.94825
05/01/2022,AQS,1,0.049,ppm,45,CCNY,17,100,44201,Ozone,87,35620,"New York-Newark-Jersey City, NY-NJ-PA",36,New York,61,New York,40.81976,-73.94825
05/02/2022,AQS,1,0.033,ppm,31,CCNY,17,100,44201,Ozone,87,35620,"New York-Newark-Jersey City, NY-NJ-PA",36,New York,61,New York,40.81976,-73.94825
05/03/2022,AQS,1,0.037,ppm,34,CCNY,17,100,44201,Ozone,87,35620,"New York-Newark-Jersey City, NY-NJ-PA",36,New York,61,New York,40.81976,-73.94825
05/04/2022,AQS,1,0.018,ppm,17,CCNY,17,100,44201,Ozone,87,35620,"New York-Newark-Jersey City, NY-NJ-PA",36,New York,61,New York,40.81976,-73.94825
05/05/2022,AQS,1,0.041,ppm,38,CCNY,15,88,44201,Ozone,87,35620,"New York-Newark-Jersey City, NY-NJ-PA",36,New York,61,New York,40.81976,-73.94825
05/06/2022,AQS,1,0.045,ppm,42,CCNY,17,100,44201,Ozone,87,35620,"New York-Newark-Jersey City, NY-NJ-PA",36,New York,61,New York,40.81976,-73.94825
05/07/2022,AQS,1,0.033,ppm,31,CCNY,17,100,44201,Ozone,87,35620,"New York-Newark-Jersey City, NY-NJ-PA",36,New York,61,New York,40.81976,-73.94825
05/08/2022,AQS,1,0.039,ppm,36,CCNY,17,100,44201,Ozone,87,35620,"New York-Newark-Jersey City, NY-NJ-PA",36,New York,61,New York,40.81976,-73.94825
05/09/2022,AQS,1,0.053,ppm,49,CCNY,17,100,44201,Ozone,87,35620,"New York-Newark-Jersey City, NY-NJ-PA",36,New York,61,New York,40.81976,-73.94825
05/10/2022,AQS,1,0.05,ppm,46,CCNY,17,100,44201,Ozone,87,35620,"New York-Newark-Jersey City, NY-NJ-PA",36,New York,61,New York,40.81976,-73.94825
05/11/2022,AQS,1,0.045,ppm,42,CCNY,17,100,44201,Ozone,87,35620,"New York-Newark-Jersey City, NY-NJ-PA",36,New York,61,New York,40.81976,-73.94825
05/12/2022,AQS,1,0.036,ppm,33,CCNY,17,100,44201,Ozone,87,35620,"New York-Newark-Jersey City, NY-NJ-PA",36,New York,61,New York,40.81976,-73.94825
05/13/2022,AQS,1,0.02,ppm,19,CCNY,15,88,44201,Ozone,87,35620,"New York-Newark-Jersey City, NY-NJ-PA",36,New York,61,New York,40.81976,-73.94825
05/14/2022,AQS,1,0.021,ppm,19,CCNY,17,100,44201,Ozone,87,35620,"New York-Newark-Jersey City, NY-NJ-PA",36,New York,61,New York,40.81976,-73.94825
05/15/2022,AQS,1,0.032,ppm,30,CCNY,17,100,44201,Ozone,87,35620,"New York-Newark-Jersey City, NY-NJ-PA",36,New York,61,New York,40.81976,-73.94825
05/16/2022,AQS,1,0.039,ppm,36,CCNY,17,100,44201,Ozone,87,35620,"New York-Newark-Jersey City, NY-NJ-PA",36,New York,61,New York,40.81976,-73.94825
05/17/2022,AQS,1,0.046,ppm,43,CCNY,15,88,44201,Ozone,87,35620,"New York-Newark-Jersey City, NY-NJ-PA",36,New York,61,New York,40.81976,-73.94825
05/18/2022,AQS,1,0.041,ppm,38,CCNY,17,100,44201,Ozone,87,35620,"New York-Newark-Jersey City, NY-NJ-PA",36,New York,61,New York,40.81976,-73.94825
05/19/2022,AQS,1,0.028,ppm,26,CCNY,17,100,44201,Ozone,87,35620,"New York-Newark-Jersey City, NY-NJ-PA",36,New York,61,New York,40.81976,-73.94825
05/20/2022,AQS,1,0.029,ppm,27,CCNY,17,100,44201,Ozone,87,35620,"New York-Newark-Jersey City, NY-NJ-PA",36,New York,61,New York,40.81976,-73.94825
05/21/2022,AQS,1,0.06,ppm,67,CCNY,17,100,44201,Ozone,87,35620,"New York-Newark-Jersey City, NY-NJ-PA",36,New York,61,New York,40.81976,-73.94825
05/22/2022,AQS,1,0.052,ppm,48,CCNY,17,100,44201,Ozone,87,35620,"New York-Newark-Jersey City, NY-NJ-PA",36,New York,61,New York,40.81976,-73.94825
05/23/2022,AQS,1,0.037,ppm,34,CCNY,17,100,44201,Ozone,87,35620,"New York-Newark-Jersey City, NY-NJ-PA",36,New York,61,New York,40.81976,-73.94825
05/24/2022,AQS,1,0.03,ppm,28,CCNY,17,100,44201,Ozone,87,35620,"New York-Newark-Jersey City, NY-NJ-PA",36,New York,61,New York,40.81976,-73.94825
05/25/2022,AQS,1,0.03,ppm,28,CCNY,15,88,44201,Ozone,87,35620,"New York-Newark-Jersey City, NY-NJ-PA",36,New York,61,New York,40.81976,-73.94825
05/26/2022,AQS,1,0.034,ppm,31,CCNY,17,100,44201,Ozone,87,35620,"New York-Newark-Jersey City, NY-NJ-PA",36,New York,61,New York,40.81976,-73.94825
05/27/2022,AQS,1,0.024,ppm,22,CCNY,17,100,44201,Ozone,87,35620,"New York-Newark-Jersey City, NY-NJ-PA",36,New York,61,New York,40.81976,-73.94825
05/28/2022,AQS,1,0.036,ppm,33,CCNY,17,100,44201,Ozone,87,35620,"New York-Newark-Jersey City, NY-NJ-PA",36,New York,61,New York,40.81976,-73.94825
05/29/2022,AQS,1,0.046,ppm,43,CCNY,17,100,44201,Ozone,87,35620,"New York-Newark-Jersey City, NY-NJ-PA",36,New York,61,New York,40.81976,-73.94825
05/30/2022,AQS,1,0.058,ppm,61,CCNY,17,100,44201,Ozone,87,35620,"New York-Newark-Jersey City, NY-NJ-PA",36,New York,61,New York,40.81976,-73.94825
05/31/2022,AQS,1,0.052,ppm,48,CCNY,17,100,44201,Ozone,87,35620,"New York-Newark-Jersey City, NY-NJ-PA",36,New York,61,New York,40.81976,-73.94825
06/01/2022,AQS,1,0.026,ppm,24,CCNY,15,88,44201,Ozone,87,35620,"New York-Newark-Jersey City, NY-NJ-PA",36,New York,61,New York,40.81976,-73.94825
06/02/2022,AQS,1,0.04,ppm,37,CCNY,17,100,44201,Ozone,87,35620,"New York-Newark-Jersey City, NY-NJ-PA",36,New York,61,New York,40.81976,-73.94825
06/03/2022,AQS,1,0.04,ppm,37,CCNY,17,100,44201,Ozone,87,35620,"New York-Newark-Jersey City, NY-NJ-PA",36,New York,61,New York,40.81976,-73.94825
06/04/2022,AQS,1,0.055,ppm,51,CCNY,17,100,44201,Ozone,87,35620,"New York-Newark-Jersey City, NY-NJ-PA",36,New York,61,New York,40.81976,-73.94825
06/05/2022,AQS,1,0.053,ppm,49,CCNY,17,100,44201,Ozone,87,35620,"New York-Newark-Jersey City, NY-NJ-PA",36,New York,61,New York,40.81976,-73.94825
06/06/2022,AQS,1,0.059,ppm,64,CCNY,17,100,44201,Ozone,87,35620,"New York-Newark-Jersey City, NY-NJ-PA",36,New York,61,New York,40.81976,-73.94825
06/07/2022,AQS,1,0.037,ppm,34,CCNY,17,100,44201,Ozone,87,35620,"New York-Newark-Jersey City, NY-NJ-PA",36,New York,61,New York,40.81976,-73.94825
06/08/2022,AQS,1,0.054,ppm,50,CCNY,17,100,44201,Ozone,87,35620,"New York-Newark-Jersey City, NY-NJ-PA",36,New York,61,New York,40.81976,-73.94825
06/09/2022,AQS,1,0.047,ppm,44,CCNY,17,100,44201,Ozone,87,35620,"New York-Newark-Jersey City, NY-NJ-PA",36,New York,61,New York,40.81976,-73.94825
06/10/2022,AQS,1,0.042,ppm,39,CCNY,17,100,44201,Ozone,87,35620,"New York-Newark-Jersey City, NY-NJ-PA",36,New York,61,New York,40.81976,-73.94825
06/11/2022,AQS,1,0.04,ppm,37,CCNY,17,100,44201,Ozone,87,35620,"New York-Newark-Jersey City, NY-NJ-PA",36,New York,61,New York,40.81976,-73.94825
06/12/2022,AQS,1,0.045,ppm,42,CCNY,17,100,44201,Ozone,87,35620,"New York-Newark-Jersey City, NY-NJ-PA",36,New York,61,New York,40.81976,-73.94825
06/13/2022,AQS,1,0.06,ppm,67,CCNY,17,100,44201,Ozone,87,35620,"New York-Newark-Jersey City, NY-NJ-PA",36,New York,61,New York,40.81976,-73.94825
06/14/2022,AQS,1,0.043,ppm,40,CCNY,17,100,44201,Ozone,87,35620,"New York-Newark-Jersey City, NY-NJ-PA",36,New York,61,New York,40.81976,-73.94825
06/15/2022,AQS,1,0.045,ppm,42,CCNY,17,100,44201,Ozone,87,35620,"New York-Newark-Jersey City, NY-NJ-PA",36,New York,61,New York,40.81976,-73.94825
06/16/2022,AQS,1,0.031,ppm,29,CCNY,17,100,44201,Ozone,87,35620,"New York-Newark-Jersey City, NY-NJ-PA",36,New York,61,New York,40.81976,-73.94825
06/17/2022,AQS,1,0.049,ppm,45,CCNY,17,100,44201,Ozone,87,35620,"New York-Newark-Jersey City, NY-NJ-PA",36,New York,61,New York,40.81976,-73.94825
06/18/2022,AQS,1,0.026,ppm,24,CCNY,17,100,44201,Ozone,87,35620,"New York-Newark-Jersey City, NY-NJ-PA",36,New York,61,New York,40.81976,-73.94825
06/19/2022,AQS,1,0.032,ppm,30,CCNY,17,100,44201,Ozone,87,35620,"New York-Newark-Jersey City, NY-NJ-PA",36,New York,61,New York,40.81976,-73.94825
06/20/2022,AQS,1,0.039,ppm,36,CCNY,17,100,44201,Ozone,87,35620,"New York-Newark-Jersey City, NY-NJ-PA",36,New York,61,New York,40.81976,-73.94825
06/21/2022,AQS,1,0.044,ppm,41,CCNY,17,100,44201,Ozone,87,35620,"New York-Newark-Jersey City, NY-NJ-PA",36,New York,61,New York,40.81976,-73.94825
06/22/2022,AQS,1,0.049,ppm,45,CCNY,17,100,44201,Ozone,87,35620,"New York-Newark-Jersey City, NY-NJ-PA",36,New York,61,New York,40.81976,-73.94825
06/23/2022,AQS,1,0.041,ppm,38,CCNY,17,100,44201,Ozone,87,35620,"New York-Newark-Jersey City, NY-NJ-PA",36,New York,61,New York,40.81976,-73.94825
06/24/2022,AQS,1,0.051,ppm,47,CCNY,16,94,44201,Ozone,87,35620,"New York-Newark-Jersey City, NY-NJ-PA",36,New York,61,New York,40.81976,-73.94825
06/25/2022,AQS,1,0.061,ppm,71,CCNY,17,100,44201,Ozone,87,35620,"New York-Newark-Jersey City, NY-NJ-PA",36,New York,61,New York,40.81976,-73.94825
06/26/2022,AQS,1,0.059,ppm,64,CCNY,17,100,44201,Ozone,87,35620,"New York-Newark-Jersey City, NY-NJ-PA",36,New York,61,New York,40.81976,-73.94825
06/27/2022,AQS,1,0.024,ppm,22,CCNY,17,100,44201,Ozone,87,35620,"New York-Newark-Jersey City, NY-NJ-PA",36,New York,61,New York,40.81976,-73.94825
06/28/2022,AQS,1,0.039,ppm,36,CCNY,17,100,44201,Ozone,87,35620,"New York-Newark-Jersey City, NY-NJ-PA",36,New York,61,New York,40.81976,-73.94825
06/29/2022,AQS,1,0.06,ppm,67,CCNY,17,100,44201,Ozone,87,35620,"New York-Newark-Jersey City, NY-NJ-PA",36,New York,61,New York,40.81976,-73.94825
06/30/2022,AQS,1,0.06,ppm,67,CCNY,17,100,44201,Ozone,87,35620,"New York-Newark-Jersey City, NY-NJ-PA",36,New York,61,New York,40.81976,-73.94825
07/01/2022,AQS,1,0.068,ppm,93,CCNY,17,100,44201,Ozone,87,35620,"New York-Newark-Jersey City, NY-NJ-PA",36,New York,61,New York,40.81976,-73.94825
07/02/2022,AQS,1,0.057,ppm,58,CCNY,17,100,44201,Ozone,87,35620,"New York-Newark-Jersey City, NY-NJ-PA",36,New York,61,New York,40.81976,-73.94825
07/03/2022,AQS,1,0.042,ppm,39,CCNY,17,100,44201,Ozone,87,35620,"New York-Newark-Jersey City, NY-NJ-PA",36,New York,61,New York,40.81976,-73.94825
07/04/2022,AQS,1,0.043,ppm,40,CCNY,17,100,44201,Ozone,87,35620,"New York-Newark-Jersey City, NY-NJ-PA",36,New York,61,New York,40.81976,-73.94825
07/05/2022,AQS,1,0.048,ppm,44,CCNY,17,100,44201,Ozone,87,35620,"New York-Newark-Jersey City, NY-NJ-PA",36,New York,61,New York,40.81976,-73.94825
07/06/2022,AQS,1,0.044,ppm,41,CCNY,17,100,44201,Ozone,87,35620,"New York-Newark-Jersey City, NY-NJ-PA",36,New York,61,New York,40.81976,-73.94825
07/07/2022,AQS,1,0.038,ppm,35,CCNY,17,100,44201,Ozone,87,35620,"New York-Newark-Jersey City, NY-NJ-PA",36,New York,61,New York,40.81976,-73.94825
07/08/2022,AQS,1,0.041,ppm,38,CCNY,17,100,44201,Ozone,87,35620,"New York-Newark-Jersey City, NY-NJ-PA",36,New York,61,New York,40.81976,-73.94825
07/09/2022,AQS,1,0.04,ppm,37,CCNY,17,100,44201,Ozone,87,35620,"New York-Newark-Jersey City, NY-NJ-PA",36,New York,61,New York,40.81976,-73.94825
07/10/2022,AQS,1,0.045,ppm,42,CCNY,17,100,44201,Ozone,87,35620,"New York-Newark-Jersey City, NY-NJ-PA",36,New York,61,New York,40.81976,-73.94825
07/11/2022,AQS,1,0.052,ppm,48,CCNY,17,100,44201,Ozone,87,35620,"New York-Newark-Jersey City, NY-NJ-PA",36,New York,61,New York,40.81976,-73.94825
07/12/2022,AQS,1,0.065,ppm,84,CCNY,17,100,44201,Ozone,87,35620,"New York-Newark-Jersey City, NY-NJ-PA",36,New York,61,New York,40.81976,-73.94825
07/13/2022,AQS,1,0.063,ppm,77,CCNY,17,100,44201,Ozone,87,35620,"New York-Newark-Jersey City, NY-NJ-PA",36,New York,61,New York,40.81976,-73.94825
07/14/2022,AQS,1,0.055,ppm,51,CCNY,17,100,44201,Ozone,87,35620,"New York-Newark-Jersey City, NY-NJ-PA",36,New York,61,New York,40.81976,-73.94825
07/15/2022,AQS,1,0.05,ppm,46,CCNY,17,100,44201,Ozone,87,35620,"New York-Newark-Jersey City, NY-NJ-PA",36,New York,61,New York,40.81976,-73.94825
07/16/2022,AQS,1,0.058,ppm,61,CCNY,17,100,44201,Ozone,87,35620,"New York-Newark-Jersey City, NY-NJ-PA",36,New York,61,New York,40.81976,-73.94825
07/17/2022,AQS,1,0.054,ppm,50,CCNY,17,100,44201,Ozone,87,35620,"New York-Newark-Jersey City, NY-NJ-PA",36,New York,61,New York,40.81976,-73.94825
07/18/2022,AQS,1,0.029,ppm,27,CCNY,14,82,44201,Ozone,87,35620,"New York-Newark-Jersey City, NY-NJ-PA",36,New York,61,New York,40.81976,-73.94825
07/19/2022,AQS,1,0.049,ppm,45,CCNY,17,100,44201,Ozone,87,35620,"New York-Newark-Jersey City, NY-NJ-PA",36,New York,61,New York,40.81976,-73.94825
07/20/2022,AQS,1,0.072,ppm,105,CCNY,17,100,44201,Ozone,87,35620,"New York-Newark-Jersey City, NY-NJ-PA",36,New York,61,New York,40.81976,-73.94825
07/21/2022,AQS,1,0.056,ppm,54,CCNY,17,100,44201,Ozone,87,35620,"New York-Newark-Jersey City, NY-NJ-PA",36,New York,61,New York,40.81976,-73.94825
07/22/2022,AQS,1,0.059,ppm,64,CCNY,17,100,44201,Ozone,87,35620,"New York-Newark-Jersey City, NY-NJ-PA",36,New York,61,New York,40.81976,-73.94825
07/23/2022,AQS,1,0.067,ppm,90,CCNY,17,100,44201,Ozone,87,35620,"New York-Newark-Jersey City, NY-NJ-PA",36,New York,61,New York,40.81976,-73.94825
07/24/2022,AQS,1,0.061,ppm,71,CCNY,17,100,44201,Ozone,87,35620,"New York-Newark-Jersey City, NY-NJ-PA",36,New York,61,New York,40.81976,-73.94825
07/25/2022,AQS,1,0.041,ppm,38,CCNY,17,100,44201,Ozone,87,35620,"New York-Newark-Jersey City, NY-NJ-PA",36,New York,61,New York,40.81976,-73.94825
07/26/2022,AQS,1,0.044,ppm,41,CCNY,17,100,44201,Ozone,87,35620,"New York-Newark-Jersey City, NY-NJ-PA",36,New York,61,New York,40.81976,-73.94825
07/27/2022,AQS,1,0.061,ppm,71,CCNY,17,100,44201,Ozone,87,35620,"New York-Newark-Jersey City, NY-NJ-PA",36,New York,61,New York,40.81976,-73.94825
07/28/2022,AQS,1,0.057,ppm,58,CCNY,17,100,44201,Ozone,87,35620,"New York-Newark-Jersey City, NY-NJ-PA",36,New York,61,New York,40.81976,-73.94825
07/29/2022,AQS,1,0.043,ppm,40,CCNY,17,100,44201,Ozone,87,35620,"New York-Newark-Jersey City, NY-NJ-PA",36,New York,61,New York,40.81976,-73.94825
07/30/2022,AQS,1,0.035,ppm,32,CCNY,17,100,44201,Ozone,87,35620,"New York-Newark-Jersey City, NY-NJ-PA",36,New York,61,New York,40.81976,-73.94825
07/31/2022,AQS,1,0.043,ppm,40,CCNY,17,100,44201,Ozone,87,35620,"New York-Newark-Jersey City, NY-NJ-PA",36,New York,61,New York,40.81976,-73.94825
08/01/2022,AQS,1,0.038,ppm,35,CCNY,17,100,44201,Ozone,87,35620,"New York-Newark-Jersey City, NY-NJ-PA",36,New York,61,New York,40.81976,-73.94825
08/02/2022,AQS,1,0.053,ppm,49,CCNY,17,100,44201,Ozone,87,35620,"New York-Newark-Jersey City, NY-NJ-PA",36,New York,61,New York,40.81976,-73.94825
08/03/2022,AQS,1,0.058,ppm,61,CCNY,15,88,44201,Ozone,87,35620,"New York-Newark-Jersey City, NY-NJ-PA",36,New York,61,New York,40.81976,-73.94825
08/04/2022,AQS,1,0.062,ppm,74,CCNY,17,100,44201,Ozone,87,35620,"New York-Newark-Jersey City, NY-NJ-PA",36,New York,61,New York,40.81976,-73.94825
08/05/2022,AQS,1,0.055,ppm,51,CCNY,17,100,44201,Ozone,87,35620,"New York-Newark-Jersey City, NY-NJ-PA",36,New York,61,New York,40.81976,-73.94825
08/06/2022,AQS,1,0.059,ppm,64,CCNY,17,100,44201,Ozone,87,35620,"New York-Newark-Jersey City, NY-NJ-PA",36,New York,61,New York,40.81976,-73.94825
08/07/2022,AQS,1,0.037,ppm,34,CCNY,17,100,44201,Ozone,87,35620,"New York-Newark-Jersey City, NY-NJ-PA",36,New York,61,New York,40.81976,-73.94825
08/08/2022,AQS,1,0.049,ppm,45,CCNY,17,100,44201,Ozone,87,35620,"New York-Newark-Jersey City, NY-NJ-PA",36,New York,61,New York,40.81976,-73.94825
08/09/2022,AQS,1,0.052,ppm,48,CCNY,17,100,44201,Ozone,87,35620,"New York-Newark-Jersey City, NY-NJ-PA",36,New York,61,New York,40.81976,-73.94825
08/10/2022,AQS,1,0.049,ppm,45,CCNY,17,100,44201,Ozone,87,35620,"New York-Newark-Jersey City, NY-NJ-PA",36,New York,61,New York,40.81976,-73.94825
08/11/2022,AQS,1,0.055,ppm,51,CCNY,17,100,44201,Ozone,87,35620,"New York-Newark-Jersey City, NY-NJ-PA",36,New York,61,New York,40.81976,-73.94825
08/12/2022,AQS,1,0.037,ppm,34,CCNY,13,76,44201,Ozone,87,35620,"New York-Newark-Jersey City, NY-NJ-PA",36,New York,61,New York,40.81976,-73.94825
08/13/2022,AQS,1,0.037,ppm,34,CCNY,17,100,44201,Ozone,87,35620,"New York-Newark-Jersey City, NY-NJ-PA",36,New York,61,New York,40.81976,-73.94825
08/14/2022,AQS,1,0.044,ppm,41,CCNY,17,100,44201,Ozone,87,35620,"New York-Newark-Jersey City, NY-NJ-PA",36,New York,61,New York,40.81976,-73.94825
08/15/2022,AQS,1,0.047,ppm,44,CCNY,17,100,44201,Ozone,87,35620,"New York-Newark-Jersey City, NY-NJ-PA",36,New York,61,New York,40.81976,-73.94825
08/16/2022,AQS,1,0.041,ppm,38,CCNY,17,100,44201,Ozone,87,35620,"New York-Newark-Jersey City, NY-NJ-PA",36,New York,61,New York,40.81976,-73.94825
08/17/2022,AQS,1,0.035,ppm,32,CCNY,17,100,44201,Ozone,87,35620,"New York-Newark-Jersey City, NY-NJ-PA",36,New York,61,New York,40.81976,-73.94825
08/18/2022,AQS,1,0.04,ppm,37,CCNY,17,100,44201,Ozone,87,35620,"New York-Newark-Jersey City, NY-NJ-PA",36,New York,61,New York,40.81976,-73.94825
08/19/2022,AQS,1,0.058,ppm,61,CCNY,17,100,44201,Ozone,87,35620,"New York-Newark-Jersey City, NY-NJ-PA",36,New York,61,New York,40.81976,-73.94825
08/20/2022,AQS,1,0.055,ppm,51,CCNY,17,100,44201,Ozone,87,35620,"New York-Newark-Jersey City, NY-NJ-PA",36,New York,61,New York,40.81976,-73.94825
08/21/2022,AQS,1,0.043,ppm,40,CCNY,17,100,44201,Ozone,87,35620,"New York-Newark-Jersey City, NY-NJ-PA",36,New York,61,New York,40.81976,-73.94825
08/22/2022,AQS,1,0.029,ppm,27,CCNY,17,100,44201,Ozone,87,35620,"New York-Newark-Jersey City, NY-NJ-PA",36,New York,61,New York,40.81976,-73.94825
08/23/2022,AQS,1,0.05,ppm,46,CCNY,17,100,44201,Ozone,87,35620,"New York-Newark-Jersey City, NY-NJ-PA",36,New York,61,New York,40.81976,-73.94825
08/24/2022,AQS,1,0.041,ppm,38,CCNY,17,100,44201,Ozone,87,35620,"New York-Newark-Jersey City, NY-NJ-PA",36,New York,61,New York,40.81976,-73.94825
08/25/2022,AQS,1,0.057,ppm,58,CCNY,17,100,44201,Ozone,87,35620,"New York-Newark-Jersey City, NY-NJ-PA",36,New York,61,New York,40.81976,-73.94825
08/26/2022,AQS,1,0.047,ppm,44,CCNY,17,100,44201,Ozone,87,35620,"New York-Newark-Jersey City, NY-NJ-PA",36,New York,61,New York,40.81976,-73.94825
08/27/2022,AQS,1,0.056,ppm,54,CCNY,17,100,44201,Ozone,87,35620,"New York-Newark-Jersey City, NY-NJ-PA",36,New York,61,New York,40.81976,-73.94825
08/28/2022,AQS,1,0.047,ppm,44,CCNY,17,100,44201,Ozone,87,35620,"New York-Newark-Jersey City, NY-NJ-PA",36,New York,61,New York,40.81976,-73.94825
08/29/2022,AQS,1,0.042,ppm,39,CCNY,17,100,44201,Ozone,87,35620,"New York-Newark-Jersey City, NY-NJ-PA",36,New York,61,New York,40.81976,-73.94825
08/30/2022,AQS,1,0.037,ppm,34,CCNY,17,100,44201,Ozone,87,35620,"New York-Newark-Jersey City, NY-NJ-PA",36,New York,61,New York,40.81976,-73.94825
08/31/2022,AQS,1,0.038,ppm,35,CCNY,17,100,44201,Ozone,87,35620,"New York-Newark-Jersey City, NY-NJ-PA",36,New York,61,New York,40.81976,-73.94825
09/01/2022,AQS,1,0.045,ppm,42,CCNY,17,100,44201,Ozone,87,35620,"New York-Newark-Jersey City, NY-NJ-PA",36,New York,61,New York,40.81976,-73.94825
09/02/2022,AQS,1,0.039,ppm,36,CCNY,17,100,44201,Ozone,87,35620,"New York-Newark-Jersey City, NY-NJ-PA",36,New York,61,New York,40.81976,-73.94825
09/03/2022,AQS,1,0.044,ppm,41,CCNY,17,100,44201,Ozone,87,35620,"New York-Newark-Jersey City, NY-NJ-PA",36,New York,61,New York,40.81976,-73.94825
09/04/2022,AQS,1,0.049,ppm,45,CCNY,17,100,44201,Ozone,87,35620,"New York-Newark-Jersey City, NY-NJ-PA",36,New York,61,New York,40.81976,-73.94825
09/05/2022,AQS,1,0.049,ppm,45,CCNY,17,100,44201,Ozone,87,35620,"New York-Newark-Jersey City, NY-NJ-PA",36,New York,61,New York,40.81976,-73.94825
09/06/2022,AQS,1,0.023,ppm,21,CCNY,17,100,44201,Ozone,87,35620,"New York-Newark-Jersey City, NY-NJ-PA",36,New York,61,New York,40.81976,-73.94825
09/07/2022,AQS,1,0.027,ppm,25,CCNY,17,100,44201,Ozone,87,35620,"New York-Newark-Jersey City, NY-NJ-PA",36,New York,61,New York,40.81976,-73.94825
09/08/2022,AQS,1,0.037,ppm,34,CCNY,17,100,44201,Ozone,87,35620,"New York-Newark-Jersey City, NY-NJ-PA",36,New York,61,New York,40.81976,-73.94825
09/09/2022,AQS,1,0.034,ppm,31,CCNY,17,100,44201,Ozone,87,35620,"New York-Newark-Jersey City, NY-NJ-PA",36,New York,61,New York,40.81976,-73.94825
09/10/2022,AQS,1,0.04,ppm,37,CCNY,17,100,44201,Ozone,87,35620,"New York-Newark-Jersey City, NY-NJ-PA",36,New York,61,New York,40.81976,-73.94825
09/11/2022,AQS,1,0.023,ppm,21,CCNY,17,100,44201,Ozone,87,35620,"New York-Newark-Jersey City, NY-NJ-PA",36,New York,61,New York,40.81976,-73.94825
09/12/2022,AQS,1,0.034,ppm,31,CCNY,17,100,44201,Ozone,87,35620,"New York-Newark-Jersey City, NY-NJ-PA",36,New York,61,New York,40.81976,-73.94825
09/13/2022,AQS,1,0.04,ppm,37,CCNY,17,100,44201,Ozone,87,35620,"New York-Newark-Jersey City, NY-NJ-PA",36,New York,61,New York,40.81976,-73.94825
09/14/2022,AQS,1,0.038,ppm,35,CCNY,17,100,44201,Ozone,87,35620,"New York-Newark-Jersey City, NY-NJ-PA",36,New York,61,New York,40.81976,-73.94825
09/15/2022,AQS,1,0.032,ppm,30,CCNY,17,100,44201,Ozone,87,35620,"New York-Newark-Jersey City, NY-NJ-PA",36,New York,61,New York,40.81976,-73.94825
09/16/2022,AQS,1,0.036,ppm,33,CCNY,17,100,44201,Ozone,87,35620,"New York-Newark-Jersey City, NY-NJ-PA",36,New York,61,New York,40.81976,-73.94825
09/17/2022,AQS,1,0.043,ppm,40,CCNY,17,100,44201,Ozone,87,35620,"New York-Newark-Jersey City, NY-NJ-PA",36,New York,61,New York,40.81976,-73.94825
09/18/2022,AQS,1,0.05,ppm,46,CCNY,17,100,44201,Ozone,87,35620,"New York-Newark-Jersey City, NY-NJ-PA",36,New York,61,New York,40.81976,-73.94825
09/19/2022,AQS,1,0.047,ppm,44,CCNY,17,100,44201,Ozone,87,35620,"New York-Newark-Jersey City, NY-NJ-PA",36,New York,61,New York,40.81976,-73.94825
09/20/2022,AQS,1,0.031,ppm,29,CCNY,17,100,44201,Ozone,87,35620,"New York-Newark-Jersey City, NY-NJ-PA",36,New York,61,New York,40.81976,-73.94825
09/21/2022,AQS,1,0.043,ppm,40,CCNY,17,100,44201,Ozone,87,35620,"New York-Newark-Jersey City, NY-NJ-PA",36,New York,61,New York,40.81976,-73.94825
09/22/2022,AQS,1,0.027,ppm,25,CCNY,17,100,44201,Ozone,87,35620,"New York-Newark-Jersey City, NY-NJ-PA",36,New York,61,New York,40.81976,-73.94825
09/23/2022,AQS,1,0.033,ppm,31,CCNY,17,100,44201,Ozone,87,35620,"New York-Newark-Jersey City, NY-NJ-PA",36,New York,61,New York,40.81976,-73.94825
09/24/2022,AQS,1,0.028,ppm,26,CCNY,17,100,44201,Ozone,87,35620,"New York-Newark-Jersey City, NY-NJ-PA",36,New York,61,New York,40.81976,-73.94825
09/25/2022,AQS,1,0.036,ppm,33,CCNY,17,100,44201,Ozone,87,35620,"New York-Newark-Jersey City, NY-NJ-PA",36,New York,61,New York,40.81976,-73.94825
09/26/2022,AQS,1,0.034,ppm,31,CCNY,17,100,44201,Ozone,87,35620,"New York-Newark-Jersey City, NY-NJ-PA",36,New York,61,New York,40.81976,-73.94825
09/27/2022,AQS,1,0.028,ppm,26,CCNY,17,100,44201,Ozone,87,35620,"New York-Newark-Jersey City, NY-NJ-PA",36,New York,61,New York,40.81976,-73.94825
09/28/2022,AQS,1,0.026,ppm,24,CCNY,15,88,44201,Ozone,87,35620,"New York-Newark-Jersey City, NY-NJ-PA",36,New York,61,New York,40.81976,-73.94825
09/29/2022,AQS,1,0.026,ppm,24,CCNY,17,100,44201,Ozone,87,35620,"New York-Newark-Jersey City, NY-NJ-PA",36,New York,61,New York,40.81976,-73.94825
09/30/2022,AQS,1,0.025,ppm,23,CCNY,17,100,44201,Ozone,87,35620,"New York-Newark-Jersey City, NY-NJ-PA",36,New York,61,New York,40.81976,-73.94825
10/01/2022,AQS,1,0.024,ppm,22,CCNY,17,100,44201,Ozone,87,35620,"New York-Newark-Jersey City, NY-NJ-PA",36,New York,61,New York,40.81976,-73.94825
10/02/2022,AQS,1,0.024,ppm,22,CCNY,17,100,44201,Ozone,87,35620,"New York-Newark-Jersey City, NY-NJ-PA",36,New York,61,New York,40.81976,-73.94825
10/03/2022,AQS,1,0.021,ppm,19,CCNY,17,100,44201,Ozone,87,35620,"New York-Newark-Jersey City, NY-NJ-PA",36,New York,61,New York,40.81976,-73.94825
10/04/2022,AQS,1,0.016,ppm,15,CCNY,17,100,44201,Ozone,87,35620,"New York-Newark-Jersey City, NY-NJ-PA",36,New York,61,New York,40.81976,-73.94825
10/05/2022,AQS,1,0.018,ppm,17,CCNY,17,100,44201,Ozone,87,35620,"New York-Newark-Jersey City, NY-NJ-PA",36,New York,61,New York,40.81976,-73.94825
10/06/2022,AQS,1,0.032,ppm,30,CCNY,17,100,44201,Ozone,87,35620,"New York-Newark-Jersey City, NY-NJ-PA",36,New York,61,New York,40.81976,-73.94825
10/07/2022,AQS,1,0.051,ppm,47,CCNY,17,100,44201,Ozone,87,35620,"New York-Newark-Jersey City, NY-NJ-PA",36,New York,61,New York,40.81976,-73.94825
10/08/2022,AQS,1,0.025,ppm,23,CCNY,17,100,44201,Ozone,87,35620,"New York-Newark-Jersey City, NY-NJ-PA",36,New York,61,New York,40.81976,-73.94825
10/09/2022,AQS,1,0.033,ppm,31,CCNY,17,100,44201,Ozone,87,35620,"New York-Newark-Jersey City, NY-NJ-PA",36,New York,61,New York,40.81976,-73.94825
10/10/2022,AQS,1,0.035,ppm,32,CCNY,17,100,44201,Ozone,87,35620,"New York-Newark-Jersey City, NY-NJ-PA",36,New York,61,New York,40.81976,-73.94825
10/11/2022,AQS,1,0.031,ppm,29,CCNY,17,100,44201,Ozone,87,35620,"New York-Newark-Jersey City, NY-NJ-PA",36,New York,61,New York,40.81976,-73.94825
10/12/2022,AQS,1,0.047,ppm,44,CCNY,17,100,44201,Ozone,87,35620,"New York-Newark-Jersey City, NY-NJ-PA",36,New York,61,New York,40.81976,-73.94825
10/13/2022,AQS,1,0.036,ppm,33,CCNY,15,88,44201,Ozone,87,35620,"New York-Newark-Jersey City, NY-NJ-PA",36,New York,61,New York,40.81976,-73.94825
10/14/2022,AQS,1,0.033,ppm,31,CCNY,17,100,44201,Ozone,87,35620,"New York-Newark-Jersey City, NY-NJ-PA",36,New York,61,New York,40.81976,-73.94825
10/15/2022,AQS,1,0.039,ppm,36,CCNY,17,100,44201,Ozone,87,35620,"New York-Newark-Jersey City, NY-NJ-PA",36,New York,61,New York,40.81976,-73.94825
10/16/2022,AQS,1,0.029,ppm,27,CCNY,17,100,44201,Ozone,87,35620,"New York-Newark-Jersey City, NY-NJ-PA",36,New York,61,New York,40.81976,-73.94825
10/17/2022,AQS,1,0.031,ppm,29,CCNY,17,100,44201,Ozone,87,35620,"New York-Newark-Jersey City, NY-NJ-PA",36,New York,61,New York,40.81976,-73.94825
10/18/2022,AQS,1,0.018,ppm,17,CCNY,15,88,44201,Ozone,87,35620,"New York-Newark-Jersey City, NY-NJ-PA",36,New York,61,New York,40.81976,-73.94825
10/19/2022,AQS,1,0.015,ppm,14,CCNY,17,100,44201,Ozone,87,35620,"New York-Newark-Jersey City, NY-NJ-PA",36,New York,61,New York,40.81976,-73.94825
10/20/2022,AQS,1,0.027,ppm,25,CCNY,17,100,44201,Ozone,87,35620,"New York-Newark-Jersey City, NY-NJ-PA",36,New York,61,New York,40.81976,-73.94825
10/21/2022,AQS,1,0.022,ppm,20,CCNY,17,100,44201,Ozone,87,35620,"New York-Newark-Jersey City, NY-NJ-PA",36,New York,61,New York,40.81976,-73.94825
10/22/2022,AQS,1,0.038,ppm,35,CCNY,17,100,44201,Ozone,87,35620,"New York-Newark-Jersey City, NY-NJ-PA",36,New York,61,New York,40.81976,-73.94825
10/23/2022,AQS,1,0.031,ppm,29,CCNY,17,100,44201,Ozone,87,35620,"New York-Newark-Jersey City, NY-NJ-PA",36,New York,61,New York,40.81976,-73.94825
10/24/2022,AQS,1,0.013,ppm,12,CCNY,17,100,44201,Ozone,87,35620,"New York-Newark-Jersey City, NY-NJ-PA",36,New York,61,New York,40.81976,-73.94825
10/25/2022,AQS,1,0.009,ppm,8,CCNY,17,100,44201,Ozone,87,35620,"New York-Newark-Jersey City, NY-NJ-PA",36,New York,61,New York,40.81976,-73.94825
10/26/2022,AQS,1,0.021,ppm,19,CCNY,17,100,44201,Ozone,87,35620,"New York-Newark-Jersey City, NY-NJ-PA",36,New York,61,New York,40.81976,-73.94825
10/27/2022,AQS,1,0.029,ppm,27,CCNY,17,100,44201,Ozone,87,35620,"New York-Newark-Jersey City, NY-NJ-PA",36,New York,61,New York,40.81976,-73.94825
10/28/2022,AQS,1,0.019,ppm,18,CCNY,17,100,44201,Ozone,87,35620,"New York-Newark-Jersey City, NY-NJ-PA",36,New York,61,New York,40.81976,-73.94825
10/29/2022,AQS,1,0.023,ppm,21,CCNY,17,100,44201,Ozone,87,35620,"New York-Newark-Jersey City, NY-NJ-PA",36,New York,61,New York,40.81976,-73.94825
10/30/2022,AQS,1,0.022,ppm,20,CCNY,17,100,44201,Ozone,87,35620,"New York-Newark-Jersey City, NY-NJ-PA",36,New York,61,New York,40.81976,-73.94825
10/31/2022,AQS,1,0.019,ppm,18,CCNY,17,100,44201,Ozone,87,35620,"New York-Newark-Jersey City, NY-NJ-PA",36,New York,61,New York,40.81976,-73.94825
11/01/2022,AQS,1,0.018,ppm,17,CCNY,14,82,44201,Ozone,87,35620,"New York-Newark-Jersey City, NY-NJ-PA",36,New York,61,New York,40.81976,-73.94825
11/02/2022,AQS,1,0.033,ppm,31,CCNY,17,100,44201,Ozone,87,35620,"New York-Newark-Jersey City, NY-NJ-PA",36,New York,61,New York,40.81976,-73.94825
11/03/2022,AQS,1,0.026,ppm,24,CCNY,17,100,44201,Ozone,87,35620,"New York-Newark-Jersey City, NY-NJ-PA",36,New York,61,New York,40.81976,-73.94825
11/04/2022,AQS,1,0.018,ppm,17,CCNY,17,100,44201,Ozone,87,35620,"New York-Newark-Jersey City, NY-NJ-PA",36,New York,61,New York,40.81976,-73.94825
11/05/2022,AQS,1,0.029,ppm,27,CCNY,17,100,44201,Ozone,87,35620,"New York-Newark-Jersey City, NY-NJ-PA",36,New York,61,New York,40.81976,-73.94825
11/06/2022,AQS,1,0.026,ppm,24,CCNY,17,100,44201,Ozone,87,35620,"New York-Newark-Jersey City, NY-NJ-PA",36,New York,61,New York,40.81976,-73.94825
11/07/2022,AQS,1,0.038,ppm,35,CCNY,17,100,44201,Ozone,87,35620,"New York-Newark-Jersey City, NY-NJ-PA",36,New York,61,New York,40.81976,-73.94825
11/08/2022,AQS,1,0.027,ppm,25,CCNY,17,100,44201,Ozone,87,35620,"New York-Newark-Jersey City, NY-NJ-PA",36,New York,61,New York,40.81976,-73.94825
11/09/2022,AQS,1,0.019,ppm,18,CCNY,17,100,44201,Ozone,87,35620,"New York-Newark-Jersey City, NY-NJ-PA",36,New York,61,New York,40.81976,-73.94825
11/10/2022,AQS,1,0.017,ppm,16,CCNY,17,100,44201,Ozone,87,35620,"New York-Newark-Jersey City, NY-NJ-PA",36,New York,61,New York,40.81976,-73.94825
11/11/2022,AQS,1,0.027,ppm,25,CCNY,17,100,44201,Ozone,87,35620,"New York-Newark-Jersey City, NY-NJ-PA",36,New York,61,New York,40.81976,-73.94825
11/12/2022,AQS,1,0.033,ppm,31,CCNY,17,100,44201,Ozone,87,35620,"New York-Newark-Jersey City, NY-NJ-PA",36,New York,61,New York,40.81976,-73.94825
11/13/2022,AQS,1,0.02,ppm,19,CCNY,17,100,44201,Ozone,87,35620,"New York-Newark-Jersey City, NY-NJ-PA",36,New York,61,New York,40.81976,-73.94825
11/14/2022,AQS,1,0.03,ppm,28,CCNY,17,100,44201,Ozone,87,35620,"New York-Newark-Jersey City, NY-NJ-PA",36,New York,61,New York,40.81976,-73.94825
11/15/2022,AQS,1,0.019,ppm,18,CCNY,17,100,44201,Ozone,87,35620,"New York-Newark-Jersey City, NY-NJ-PA",36,New York,61,New York,40.81976,-73.94825
11/16/2022,AQS,1,0.022,ppm,20,CCNY,17,100,44201,Ozone,87,35620,"New York-Newark-Jersey City, NY-NJ-PA",36,New York,61,New York,40.81976,-73.94825
11/17/2022,AQS,1,0.022,ppm,20,CCNY,17,100,44201,Ozone,87,35620,"New York-Newark-Jersey City, NY-NJ-PA",36,New York,61,New York,40.81976,-73.94825
11/18/2022,AQS,1,0.024,ppm,22,CCNY,17,100,44201,Ozone,87,35620,"New York-Newark-Jersey City, NY-NJ-PA",36,New York,61,New York,40.81976,-73.94825
11/19/2022,AQS,1,0.022,ppm,20,CCNY,17,100,44201,Ozone,87,35620,"New York-Newark-Jersey City, NY-NJ-PA",36,New York,61,New York,40.81976,-73.94825
11/20/2022,AQS,1,0.028,ppm,26,CCNY,17,100,44201,Ozone,87,35620,"New York-Newark-Jersey City, NY-NJ-PA",36,New York,61,New York,40.81976,-73.94825
11/21/2022,AQS,1,0.017,ppm,16,CCNY,17,100,44201,Ozone,87,35620,"New York-Newark-Jersey City, NY-NJ-PA",36,New York,61,New York,40.81976,-73.94825
11/22/2022,AQS,1,0.019,ppm,18,CCNY,14,82,44201,Ozone,87,35620,"New York-Newark-Jersey City, NY-NJ-PA",36,New York,61,New York,40.81976,-73.94825
11/23/2022,AQS,1,0.029,ppm,27,CCNY,17,100,44201,Ozone,87,35620,"New York-Newark-Jersey City, NY-NJ-PA",36,New York,61,New York,40.81976,-73.94825
11/24/2022,AQS,1,0.027,ppm,25,CCNY,17,100,44201,Ozone,87,35620,"New York-Newark-Jersey City, NY-NJ-PA",36,New York,61,New York,40.81976,-73.94825
11/25/2022,AQS,1,0.031,ppm,29,CCNY,17,100,44201,Ozone,87,35620,"New York-Newark-Jersey City, NY-NJ-PA",36,New York,61,New York,40.81976,-73.94825
11/26/2022,AQS,1,0.031,ppm,29,CCNY,17,100,44201,Ozone,87,35620,"New York-Newark-Jersey City, NY-NJ-PA",36,New York,61,New York,40.81976,-73.94825
11/27/2022,AQS,1,0.019,ppm,18,CCNY,17,100,44201,Ozone,87,35620,"New York-Newark-Jersey City, NY-NJ-PA",36,New York,61,New York,40.81976,-73.94825
11/28/2022,AQS,1,0.024,ppm,22,CCNY,17,100,44201,Ozone,87,35620,"New York-Newark-Jersey City, NY-NJ-PA",36,New York,61,New York,40.81976,-73.94825
11/29/2022,AQS,1,0.012,ppm,11,CCNY,17,100,44201,Ozone,87,35620,"New York-Newark-Jersey City, NY-NJ-PA",36,New York,61,New York,40.81976,-73.94825
11/30/2022,AQS,1,0.027,ppm,25,CCNY,17,100,44201,Ozone,87,35620,"New York-Newark-Jersey City, NY-NJ-PA",36,New York,61,New York,40.81976,-73.94825
12/01/2022,AQS,1,0.022,ppm,20,CCNY,14,82,44201,Ozone,87,35620,"New York-Newark-Jersey City, NY-NJ-PA",36,New York,61,New York,40.81976,-73.94825
12/02/2022,AQS,1,0.013,ppm,12,CCNY,17,100,44201,Ozone,87,35620,"New York-Newark-Jersey City, NY-NJ-PA",36,New York,61,New York,40.81976,-73.94825
12/03/2022,AQS,1,0.022,ppm,20,CCNY,17,100,44201,Ozone,87,35620,"New York-Newark-Jersey City, NY-NJ-PA",36,New York,61,New York,40.81976,-73.94825
12/04/2022,AQS,1,0.027,ppm,25,CCNY,17,100,44201,Ozone,87,35620,"New York-Newark-Jersey City, NY-NJ-PA",36,New York,61,New York,40.81976,-73.94825
12/05/2022,AQS,1,0.016,ppm,15,CCNY,17,100,44201,Ozone,87,35620,"New York-Newark-Jersey City, NY-NJ-PA",36,New York,61,New York,40.81976,-73.94825
12/06/2022,AQS,1,0.028,ppm,26,CCNY,17,100,44201,Ozone,87,35620,"New York-Newark-Jersey City, NY-NJ-PA",36,New York,61,New York,40.81976,-73.94825
12/07/2022,AQS,1,0.014,ppm,13,CCNY,17,100,44201,Ozone,87,35620,"New York-Newark-Jersey City, NY-NJ-PA",36,New York,61,New York,40.81976,-73.94825
12/08/2022,AQS,1,0.022,ppm,20,CCNY,17,100,44201,Ozone,87,35620,"New York-Newark-Jersey City, NY-NJ-PA",36,New York,61,New York,40.81976,-73.94825
12/09/2022,AQS,1,0.024,ppm,22,CCNY,17,100,44201,Ozone,87,35620,"New York-Newark-Jersey City, NY-NJ-PA",36,New York,61,New York,40.81976,-73.94825
12/10/2022,AQS,1,0.023,ppm,21,CCNY,17,100,44201,Ozone,87,35620,"New York-Newark-Jersey City, NY-NJ-PA",36,New York,61,New York,40.81976,-73.94825
12/11/2022,AQS,1,0.021,ppm,19,CCNY,17,100,44201,Ozone,87,35620,"New York-Newark-Jersey City, NY-NJ-PA",36,New York,61,New York,40.81976,-73.94825
12/12/2022,AQS,1,0.02,ppm,19,CCNY,17,100,44201,Ozone,87,35620,"New York-Newark-Jersey City, NY-NJ-PA",36,New York,61,New York,40.81976,-73.94825
12/13/2022,AQS,1,0.023,ppm,21,CCNY,14,82,44201,Ozone,87,35620,"New York-Newark-Jersey City, NY-NJ-PA",36,New York,61,New York,40.81976,-73.94825
12/14/2022,AQS,1,0.028,ppm,26,CCNY,17,100,44201,Ozone,87,35620,"New York-Newark-Jersey City, NY-NJ-PA",36,New York,61,New York,40.81976,-73.94825
12/15/2022,AQS,1,0.029,ppm,27,CCNY,17,100,44201,Ozone,87,35620,"New York-Newark-Jersey City, NY-NJ-PA",36,New York,61,New York,40.81976,-73.94825
12/16/2022,AQS,1,0.021,ppm,19,CCNY,13,76,44201,Ozone,87,35620,"New York-Newark-Jersey City, NY-NJ-PA",36,New York,61,New York,40.81976,-73.94825
12/17/2022,AQS,1,0.021,ppm,19,CCNY,17,100,44201,Ozone,87,35620,"New York-Newark-Jersey City, NY-NJ-PA",36,New York,61,New York,40.81976,-73.94825
12/18/2022,AQS,1,0.021,ppm,19,CCNY,17,100,44201,Ozone,87,35620,"New York-Newark-Jersey City, NY-NJ-PA",36,New York,61,New York,40.81976,-73.94825
12/19/2022,AQS,1,0.018,ppm,17,CCNY,17,100,44201,Ozone,87,35620,"New York-Newark-Jersey City, NY-NJ-PA",36,New York,61,New York,40.81976,-73.94825
12/20/2022,AQS,1,0.021,ppm,19,CCNY,17,100,44201,Ozone,87,35620,"New York-Newark-Jersey City, NY-NJ-PA",36,New York,61,New York,40.81976,-73.94825
12/21/2022,AQS,1,0.01,ppm,9,CCNY,17,100,44201,Ozone,87,35620,"New York-Newark-Jersey City, NY-NJ-PA",36,New York,61,New York,40.81976,-73.94825
12/22/2022,AQS,1,0.03,ppm,28,CCNY,17,100,44201,Ozone,87,35620,"New York-Newark-Jersey City, NY-NJ-PA",36,New York,61,New York,40.81976,-73.94825
12/23/2022,AQS,1,0.021,ppm,19,CCNY,17,100,44201,Ozone,87,35620,"New York-Newark-Jersey City, NY-NJ-PA",36,New York,61,New York,40.81976,-73.94825
12/24/2022,AQS,1,0.022,ppm,20,CCNY,17,100,44201,Ozone,87,35620,"New York-Newark-Jersey City, NY-NJ-PA",36,New York,61,New York,40.81976,-73.94825
12/25/2022,AQS,1,0.024,ppm,22,CCNY,17,100,44201,Ozone,87,35620,"New York-Newark-Jersey City, NY-NJ-PA",36,New York,61,New York,40.81976,-73.94825
12/26/2022,AQS,1,0.024,ppm,22,CCNY,17,100,44201,Ozone,87,35620,"New York-Newark-Jersey City, NY-NJ-PA",36,New York,61,New York,40.81976,-73.94825
12/27/2022,AQS,1,0.023,ppm,21,CCNY,17,100,44201,Ozone,87,35620,"New York-Newark-Jersey City, NY-NJ-PA",36,New York,61,New York,40.81976,-73.94825
12/28/2022,AQS,1,0.016,ppm,15,CCNY,17,100,44201,Ozone,87,35620,"New York-Newark-Jersey City, NY-NJ-PA",36,New York,61,New York,40.81976,-73.94825
12/29/2022,AQS,1,0.008,ppm,7,CCNY,17,100,44201,Ozone,87,35620,"New York-Newark-Jersey City, NY-NJ-PA",36,New York,61,New York,40.81976,-73.94825
12/30/2022,AQS,1,0.008,ppm,7,CCNY,17,100,44201,Ozone,87,35620,"New York-Newark-Jersey City, NY-NJ-PA",36,New York,61,New York,40.81976,-73.94825
01/01/2023,AQS,1,0.028,ppm,26,CCNY,17,100,44201,Ozone,87,35620,"New York-Newark-Jersey City, NY-NJ-PA",36,New York,61,New York,40.81976,-73.94825
01/02/2023,AQS,1,0.009,ppm,8,CCNY,17,100,44201,Ozone,87,35620,"New York-Newark-Jersey City, NY-NJ-PA",36,New York,61,New York,40.81976,-73.94825
01/03/2023,AQS,1,0,ppm,0,CCNY,17,100,44201,Ozone,87,35620,"New York-Newark-Jersey City, NY-NJ-PA",36,New York,61,New York,40.81976,-73.94825
01/04/2023,AQS,1,0.003,ppm,3,CCNY,17,100,44201,Ozone,87,35620,"New York-Newark-Jersey City, NY-NJ-PA",36,New York,61,New York,40.81976,-73.94825
01/05/2023,AQS,1,0.007,ppm,6,CCNY,17,100,44201,Ozone,87,35620,"New York-Newark-Jersey City, NY-NJ-PA",36,New York,61,New York,40.81976,-73.94825
01/06/2023,AQS,1,0.018,ppm,17,CCNY,17,100,44201,Ozone,87,35620,"New York-Newark-Jersey City, NY-NJ-PA",36,New York,61,New York,40.81976,-73.94825
01/07/2023,AQS,1,0.02,ppm,19,CCNY,17,100,44201,Ozone,87,35620,"New York-Newark-Jersey City, NY-NJ-PA",36,New York,61,New York,40.81976,-73.94825
01/08/2023,AQS,1,0.022,ppm,20,CCNY,17,100,44201,Ozone,87,35620,"New York-Newark-Jersey City, NY-NJ-PA",36,New York,61,New York,40.81976,-73.94825
01/09/2023,AQS,1,0.022,ppm,20,CCNY,17,100,44201,Ozone,87,35620,"New York-Newark-Jersey City, NY-NJ-PA",36,New York,61,New York,40.81976,-73.94825
01/10/2023,AQS,1,0.018,ppm,17,CCNY,17,100,44201,Ozone,87,35620,"New York-Newark-Jersey City, NY-NJ-PA",36,New York,61,New York,40.81976,-73.94825
01/11/2023,AQS,1,0.018,ppm,17,CCNY,17,100,44201,Ozone,87,35620,"New York-Newark-Jersey City, NY-NJ-PA",36,New York,61,New York,40.81976,-73.94825
01/12/2023,AQS,1,0.028,ppm,26,CCNY,17,100,44201,Ozone,87,35620,"New York-Newark-Jersey City, NY-NJ-PA",36,New York,61,New York,40.81976,-73.94825
01/13/2023,AQS,1,0.021,ppm,19,CCNY,17,100,44201,Ozone,87,35620,"New York-Newark-Jersey City, NY-NJ-PA",36,New York,61,New York,40.81976,-73.94825
01/14/2023,AQS,1,0.027,ppm,25,CCNY,17,100,44201,Ozone,87,35620,"New York-Newark-Jersey City, NY-NJ-PA",36,New York,61,New York,40.81976,-73.94825
01/15/2023,AQS,1,0.031,ppm,29,CCNY,17,100,44201,Ozone,87,35620,"New York-Newark-Jersey City, NY-NJ-PA",36,New York,61,New York,40.81976,-73.94825
01/16/2023,AQS,1,0.028,ppm,26,CCNY,17,100,44201,Ozone,87,35620,"New York-Newark-Jersey City, NY-NJ-PA",36,New York,61,New York,40.81976,-73.94825
01/17/2023,AQS,1,0.004,ppm,4,CCNY,17,100,44201,Ozone,87,35620,"New York-Newark-Jersey City, NY-NJ-PA",36,New York,61,New York,40.81976,-73.94825
01/18/2023,AQS,1,0.013,ppm,12,CCNY,17,100,44201,Ozone,87,35620,"New York-Newark-Jersey City, NY-NJ-PA",36,New York,61,New York,40.81976,-73.94825
01/19/2023,AQS,1,0.007,ppm,6,CCNY,17,100,44201,Ozone,87,35620,"New York-Newark-Jersey City, NY-NJ-PA",36,New York,61,New York,40.81976,-73.94825
01/20/2023,AQS,1,0.017,ppm,16,CCNY,17,100,44201,Ozone,87,35620,"New York-Newark-Jersey City, NY-NJ-PA",36,New York,61,New York,40.81976,-73.94825
01/21/2023,AQS,1,0.022,ppm,20,CCNY,17,100,44201,Ozone,87,35620,"New York-Newark-Jersey City, NY-NJ-PA",36,New York,61,New York,40.81976,-73.94825
01/22/2023,AQS,1,0.018,ppm,17,CCNY,17,100,44201,Ozone,87,35620,"New York-Newark-Jersey City, NY-NJ-PA",36,New York,61,New York,40.81976,-73.94825
01/23/2023,AQS,1,0.026,ppm,24,CCNY,17,100,44201,Ozone,87,35620,"New York-Newark-Jersey City, NY-NJ-PA",36,New York,61,New York,40.81976,-73.94825
01/24/2023,AQS,1,0.029,ppm,27,CCNY,17,100,44201,Ozone,87,35620,"New York-Newark-Jersey City, NY-NJ-PA",36,New York,61,New York,40.81976,-73.94825
01/25/2023,AQS,1,0.032,ppm,30,CCNY,17,100,44201,Ozone,87,35620,"New York-Newark-Jersey City, NY-NJ-PA",36,New York,61,New York,40.81976,-73.94825
01/26/2023,AQS,1,0.025,ppm,23,CCNY,17,100,44201,Ozone,87,35620,"New York-Newark-Jersey City, NY-NJ-PA",36,New York,61,New York,40.81976,-73.94825
01/27/2023,AQS,1,0.02,ppm,19,CCNY,17,100,44201,Ozone,87,35620,"New York-Newark-Jersey City, NY-NJ-PA",36,New York,61,New York,40.81976,-73.94825
01/28/2023,AQS,1,0.026,ppm,24,CCNY,17,100,44201,Ozone,87,35620,"New York-Newark-Jersey City, NY-NJ-PA",36,New York,61,New York,40.81976,-73.94825
01/29/2023,AQS,1,0.025,ppm,23,CCNY,17,100,44201,Ozone,87,35620,"New York-Newark-Jersey City, NY-NJ-PA",36,New York,61,New York,40.81976,-73.94825
01/30/2023,AQS,1,0.013,ppm,12,CCNY,17,100,44201,Ozone,87,35620,"New York-Newark-Jersey City, NY-NJ-PA",36,New York,61,New York,40.81976,-73.94825
01/31/2023,AQS,1,0.028,ppm,26,CCNY,17,100,44201,Ozone,87,35620,"New York-Newark-Jersey City, NY-NJ-PA",36,New York,61,New York,40.81976,-73.94825
02/01/2023,AQS,1,0.03,ppm,28,CCNY,17,100,44201,Ozone,87,35620,"New York-Newark-Jersey City, NY-NJ-PA",36,New York,61,New York,40.81976,-73.94825
02/02/2023,AQS,1,0.024,ppm,22,CCNY,17,100,44201,Ozone,87,35620,"New York-Newark-Jersey City, NY-NJ-PA",36,New York,61,New York,40.81976,-73.94825
02/03/2023,AQS,1,0.034,ppm,31,CCNY,17,100,44201,Ozone,87,35620,"New York-Newark-Jersey City, NY-NJ-PA",36,New York,61,New York,40.81976,-73.94825
02/04/2023,AQS,1,0.029,ppm,27,CCNY,17,100,44201,Ozone,87,35620,"New York-Newark-Jersey City, NY-NJ-PA",36,New York,61,New York,40.81976,-73.94825
02/05/2023,AQS,1,0.019,ppm,18,CCNY,17,100,44201,Ozone,87,35620,"New York-Newark-Jersey City, NY-NJ-PA",36,New York,61,New York,40.81976,-73.94825
02/06/2023,AQS,1,0.028,ppm,26,CCNY,17,100,44201,Ozone,87,35620,"New York-Newark-Jersey City, NY-NJ-PA",36,New York,61,New York,40.81976,-73.94825
02/07/2023,AQS,1,0.021,ppm,19,CCNY,17,100,44201,Ozone,87,35620,"New York-Newark-Jersey City, NY-NJ-PA",36,New York,61,New York,40.81976,-73.94825
02/08/2023,AQS,1,0.033,ppm,31,CCNY,17,100,44201,Ozone,87,35620,"New York-Newark-Jersey City, NY-NJ-PA",36,New York,61,New York,40.81976,-73.94825
02/09/2023,AQS,1,0.021,ppm,19,CCNY,17,100,44201,Ozone,87,35620,"New York-Newark-Jersey City, NY-NJ-PA",36,New York,61,New York,40.81976,-73.94825
02/10/2023,AQS,1,0.034,ppm,31,CCNY,17,100,44201,Ozone,87,35620,"New York-Newark-Jersey City, NY-NJ-PA",36,New York,61,New York,40.81976,-73.94825
02/11/2023,AQS,1,0.032,ppm,30,CCNY,17,100,44201,Ozone,87,35620,"New York-Newark-Jersey City, NY-NJ-PA",36,New York,61,New York,40.81976,-73.94825
02/12/2023,AQS,1,0.016,ppm,15,CCNY,17,100,44201,Ozone,87,35620,"New York-Newark-Jersey City, NY-NJ-PA",36,New York,61,New York,40.81976,-73.94825
02/13/2023,AQS,1,0.035,ppm,32,CCNY,17,100,44201,Ozone,87,35620,"New York-Newark-Jersey City, NY-NJ-PA",36,New York,61,New York,40.81976,-73.94825
02/14/2023,AQS,1,0.037,ppm,34,CCNY,17,100,44201,Ozone,87,35620,"New York-Newark-Jersey City, NY-NJ-PA",36,New York,61,New York,40.81976,-73.94825
02/15/2023,AQS,1,0.038,ppm,35,CCNY,17,100,44201,Ozone,87,35620,"New York-Newark-Jersey City, NY-NJ-PA",36,New York,61,New York,40.81976,-73.94825
02/16/2023,AQS,1,0.009,ppm,8,CCNY,17,100,44201,Ozone,87,35620,"New York-Newark-Jersey City, NY-NJ-PA",36,New York,61,New York,40.81976,-73.94825
02/17/2023,AQS,1,0.032,ppm,30,CCNY,17,100,44201,Ozone,87,35620,"New York-Newark-Jersey City, NY-NJ-PA",36,New York,61,New York,40.81976,-73.94825
02/18/2023,AQS,1,0.033,ppm,31,CCNY,17,100,44201,Ozone,87,35620,"New York-Newark-Jersey City, NY-NJ-PA",36,New York,61,New York,40.81976,-73.94825
02/19/2023,AQS,1,0.032,ppm,30,CCNY,17,100,44201,Ozone,87,35620,"New York-Newark-Jersey City, NY-NJ-PA",36,New York,61,New York,40.81976,-73.94825
02/20/2023,AQS,1,0.029,ppm,27,CCNY,17,100,44201,Ozone,87,35620,"New York-Newark-Jersey City, NY-NJ-PA",36,New York,61,New York,40.81976,-73.94825
02/21/2023,AQS,1,0.023,ppm,21,CCNY,17,100,44201,Ozone,87,35620,"New York-Newark-Jersey City, NY-NJ-PA",36,New York,61,New York,40.81976,-73.94825
02/22/2023,AQS,1,0.026,ppm,24,CCNY,17,100,44201,Ozone,87,35620,"New York-Newark-Jersey City, NY-NJ-PA",36,New York,61,New York,40.81976,-73.94825
02/23/2023,AQS,1,0.017,ppm,16,CCNY,13,76,44201,Ozone,87,35620,"New York-Newark-Jersey City, NY-NJ-PA",36,New York,61,New York,40.81976,-73.94825
02/24/2023,AQS,1,0.035,ppm,32,CCNY,17,100,44201,Ozone,87,35620,"New York-Newark-Jersey City, NY-NJ-PA",36,New York,61,New York,40.81976,-73.94825
02/25/2023,AQS,1,0.028,ppm,26,CCNY,17,100,44201,Ozone,87,35620,"New York-Newark-Jersey City, NY-NJ-PA",36,New York,61,New York,40.81976,-73.94825
02/26/2023,AQS,1,0.03,ppm,28,CCNY,17,100,44201,Ozone,87,35620,"New York-Newark-Jersey City, NY-NJ-PA",36,New York,61,New York,40.81976,-73.94825
02/27/2023,AQS,1,0.032,ppm,30,CCNY,17,100,44201,Ozone,87,35620,"New York-Newark-Jersey City, NY-NJ-PA",36,New York,61,New York,40.81976,-73.94825
02/28/2023,AQS,1,0.019,ppm,18,CCNY,17,100,44201,Ozone,87,35620,"New York-Newark-Jersey City, NY-NJ-PA",36,New York,61,New York,40.81976,-73.94825
03/01/2023,AQS,1,0.031,ppm,29,CCNY,17,100,44201,Ozone,87,35620,"New York-Newark-Jersey City, NY-NJ-PA",36,New York,61,New York,40.81976,-73.94825
03/02/2023,AQS,1,0.039,ppm,36,CCNY,17,100,44201,Ozone,87,35620,"New York-Newark-Jersey City, NY-NJ-PA",36,New York,61,New York,40.81976,-73.94825
03/03/2023,AQS,1,0.033,ppm,31,CCNY,15,88,44201,Ozone,87,35620,"New York-Newark-Jersey City, NY-NJ-PA",36,New York,61,New York,40.81976,-73.94825
03/04/2023,AQS,1,0.033,ppm,31,CCNY,17,100,44201,Ozone,87,35620,"New York-Newark-Jersey City, NY-NJ-PA",36,New York,61,New York,40.81976,-73.94825
03/05/2023,AQS,1,0.042,ppm,39,CCNY,17,100,44201,Ozone,87,35620,"New York-Newark-Jersey City, NY-NJ-PA",36,New York,61,New York,40.81976,-73.94825
03/06/2023,AQS,1,0.038,ppm,35,CCNY,17,100,44201,Ozone,87,35620,"New York-Newark-Jersey City, NY-NJ-PA",36,New York,61,New York,40.81976,-73.94825
03/07/2023,AQS,1,0.041,ppm,38,CCNY,14,82,44201,Ozone,87,35620,"New York-Newark-Jersey City, NY-NJ-PA",36,New York,61,New York,40.81976,-73.94825
03/08/2023,AQS,1,0.034,ppm,31,CCNY,17,100,44201,Ozone,87,35620,"New York-Newark-Jersey City, NY-NJ-PA",36,New York,61,New York,40.81976,-73.94825
03/09/2023,AQS,1,0.035,ppm,32,CCNY,17,100,44201,Ozone,87,35620,"New York-Newark-Jersey City, NY-NJ-PA",36,New York,61,New York,40.81976,-73.94825
03/10/2023,AQS,1,0.029,ppm,27,CCNY,17,100,44201,Ozone,87,35620,"New York-Newark-Jersey City, NY-NJ-PA",36,New York,61,New York,40.81976,-73.94825
03/11/2023,AQS,1,0.033,ppm,31,CCNY,17,100,44201,Ozone,87,35620,"New York-Newark-Jersey City, NY-NJ-PA",36,New York,61,New York,40.81976,-73.94825
03/12/2023,AQS,1,0.034,ppm,31,CCNY,17,100,44201,Ozone,87,35620,"New York-Newark-Jersey City, NY-NJ-PA",36,New York,61,New York,40.81976,-73.94825
03/13/2023,AQS,1,0.03,ppm,28,CCNY,17,100,44201,Ozone,87,35620,"New York-Newark-Jersey City, NY-NJ-PA",36,New York,61,New York,40.81976,-73.94825
03/14/2023,AQS,1,0.033,ppm,31,CCNY,17,100,44201,Ozone,87,35620,"New York-Newark-Jersey City, NY-NJ-PA",36,New York,61,New York,40.81976,-73.94825
03/15/2023,AQS,1,0.042,ppm,39,CCNY,17,100,44201,Ozone,87,35620,"New York-Newark-Jersey City, NY-NJ-PA",36,New York,61,New York,40.81976,-73.94825
03/16/2023,AQS,1,0.042,ppm,39,CCNY,17,100,44201,Ozone,87,35620,"New York-Newark-Jersey City, NY-NJ-PA",36,New York,61,New York,40.81976,-73.94825
03/17/2023,AQS,1,0.033,ppm,31,CCNY,17,100,44201,Ozone,87,35620,"New York-Newark-Jersey City, NY-NJ-PA",36,New York,61,New York,40.81976,-73.94825
03/18/2023,AQS,1,0.042,ppm,39,CCNY,17,100,44201,Ozone,87,35620,"New York-Newark-Jersey City, NY-NJ-PA",36,New York,61,New York,40.81976,-73.94825
03/19/2023,AQS,1,0.037,ppm,34,CCNY,17,100,44201,Ozone,87,35620,"New York-Newark-Jersey City, NY-NJ-PA",36,New York,61,New York,40.81976,-73.94825
03/20/2023,AQS,1,0.03,ppm,28,CCNY,17,100,44201,Ozone,87,35620,"New York-Newark-Jersey City, NY-NJ-PA",36,New York,61,New York,40.81976,-73.94825
03/21/2023,AQS,1,0.039,ppm,36,CCNY,17,100,44201,Ozone,87,35620,"New York-Newark-Jersey City, NY-NJ-PA",36,New York,61,New York,40.81976,-73.94825
03/22/2023,AQS,1,0.036,ppm,33,CCNY,16,94,44201,Ozone,87,35620,"New York-Newark-Jersey City, NY-NJ-PA",36,New York,61,New York,40.81976,-73.94825
03/23/2023,AQS,1,0.034,ppm,31,CCNY,17,100,44201,Ozone,87,35620,"New York-Newark-Jersey City, NY-NJ-PA",36,New York,61,New York,40.81976,-73.94825
03/24/2023,AQS,1,0.034,ppm,31,CCNY,17,100,44201,Ozone,87,35620,"New York-Newark-Jersey City, NY-NJ-PA",36,New York,61,New York,40.81976,-73.94825
03/25/2023,AQS,1,0.03,ppm,28,CCNY,17,100,44201,Ozone,87,35620,"New York-Newark-Jersey City, NY-NJ-PA",36,New York,61,New York,40.81976,-73.94825
03/26/2023,AQS,1,0.048,ppm,44,CCNY,17,100,44201,Ozone,87,35620,"New York-Newark-Jersey City, NY-NJ-PA",36,New York,61,New York,40.81976,-73.94825
03/27/2023,AQS,1,0.039,ppm,36,CCNY,17,100,44201,Ozone,87,35620,"New York-Newark-Jersey City, NY-NJ-PA",36,New York,61,New York,40.81976,-73.94825
03/28/2023,AQS,1,0.041,ppm,38,CCNY,17,100,44201,Ozone,87,35620,"New York-Newark-Jersey City, NY-NJ-PA",36,New York,61,New York,40.81976,-73.94825
03/29/2023,AQS,1,0.042,ppm,39,CCNY,17,100,44201,Ozone,87,35620,"New York-Newark-Jersey City, NY-NJ-PA",36,New York,61,New York,40.81976,-73.94825
03/30/2023,AQS,1,0.042,ppm,39,CCNY,17,100,44201,Ozone,87,35620,"New York-Newark-Jersey City, NY-NJ-PA",36,New York,61,New York,40.81976,-73.94825
03/31/2023,AQS,1,0.041,ppm,38,CCNY,17,100,44201,Ozone,87,35620,"New York-Newark-Jersey City, NY-NJ-PA",36,New York,61,New York,40.81976,-73.94825
04/01/2023,AQS,1,0.048,ppm,44,CCNY,17,100,44201,Ozone,87,35620,"New York-Newark-Jersey City, NY-NJ-PA",36,New York,61,New York,40.81976,-73.94825
04/02/2023,AQS,1,0.047,ppm,44,CCNY,17,100,44201,Ozone,87,35620,"New York-Newark-Jersey City, NY-NJ-PA",36,New York,61,New York,40.81976,-73.94825
04/03/2023,AQS,1,0.045,ppm,42,CCNY,17,100,44201,Ozone,87,35620,"New York-Newark-Jersey City, NY-NJ-PA",36,New York,61,New York,40.81976,-73.94825
04/04/2023,AQS,1,0.035,ppm,32,CCNY,17,100,44201,Ozone,87,35620,"New York-Newark-Jersey City, NY-NJ-PA",36,New York,61,New York,40.81976,-73.94825
04/05/2023,AQS,1,0.035,ppm,32,CCNY,17,100,44201,Ozone,87,35620,"New York-Newark-Jersey City, NY-NJ-PA",36,New York,61,New York,40.81976,-73.94825
04/06/2023,AQS,1,0.042,ppm,39,CCNY,17,100,44201,Ozone,87,35620,"New York-Newark-Jersey City, NY-NJ-PA",36,New York,61,New York,40.81976,-73.94825
04/07/2023,AQS,1,0.045,ppm,42,CCNY,17,100,44201,Ozone,87,35620,"New York-Newark-Jersey City, NY-NJ-PA",36,New York,61,New York,40.81976,-73.94825
04/08/2023,AQS,1,0.045,ppm,42,CCNY,17,100,44201,Ozone,87,35620,"New York-Newark-Jersey City, NY-NJ-PA",36,New York,61,New York,40.81976,-73.94825
04/09/2023,AQS,1,0.044,ppm,41,CCNY,17,100,44201,Ozone,87,35620,"New York-Newark-Jersey City, NY-NJ-PA",36,New York,61,New York,40.81976,-73.94825
04/10/2023,AQS,1,0.046,ppm,43,CCNY,17,100,44201,Ozone,87,35620,"New York-Newark-Jersey City, NY-NJ-PA",36,New York,61,New York,40.81976,-73.94825
04/11/2023,AQS,1,0.053,ppm,49,CCNY,17,100,44201,Ozone,87,35620,"New York-Newark-Jersey City, NY-NJ-PA",36,New York,61,New York,40.81976,-73.94825
04/12/2023,AQS,1,0.06,ppm,67,CCNY,15,88,44201,Ozone,87,35620,"New York-Newark-Jersey City, NY-NJ-PA",36,New York,61,New York,40.81976,-73.94825
04/13/2023,AQS,1,0.068,ppm,93,CCNY,17,100,44201,Ozone,87,35620,"New York-Newark-Jersey City, NY-NJ-PA",36,New York,61,New York,40.81976,-73.94825
04/14/2023,AQS,1,0.063,ppm,77,CCNY,17,100,44201,Ozone,87,35620,"New York-Newark-Jersey City, NY-NJ-PA",36,New York,61,New York,40.81976,-73.94825
04/15/2023,AQS,1,0.031,ppm,29,CCNY,17,100,44201,Ozone,87,35620,"New York-Newark-Jersey City, NY-NJ-PA",36,New York,61,New York,40.81976,-73.94825
04/16/2023,AQS,1,0.037,ppm,34,CCNY,17,100,44201,Ozone,87,35620,"New York-Newark-Jersey City, NY-NJ-PA",36,New York,61,New York,40.81976,-73.94825
04/17/2023,AQS,1,0.044,ppm,41,CCNY,17,100,44201,Ozone,87,35620,"New York-Newark-Jersey City, NY-NJ-PA",36,New York,61,New York,40.81976,-73.94825
04/18/2023,AQS,1,0.041,ppm,38,CCNY,17,100,44201,Ozone,87,35620,"New York-Newark-Jersey City, NY-NJ-PA",36,New York,61,New York,40.81976,-73.94825
04/19/2023,AQS,1,0.046,ppm,43,CCNY,17,100,44201,Ozone,87,35620,"New York-Newark-Jersey City, NY-NJ-PA",36,New York,61,New York,40.81976,-73.94825
04/20/2023,AQS,1,0.033,ppm,31,CCNY,17,100,44201,Ozone,87,35620,"New York-Newark-Jersey City, NY-NJ-PA",36,New York,61,New York,40.81976,-73.94825
04/21/2023,AQS,1,0.047,ppm,44,CCNY,17,100,44201,Ozone,87,35620,"New York-Newark-Jersey City, NY-NJ-PA",36,New York,61,New York,40.81976,-73.94825
04/22/2023,AQS,1,0.035,ppm,32,CCNY,17,100,44201,Ozone,87,35620,"New York-Newark-Jersey City, NY-NJ-PA",36,New York,61,New York,40.81976,-73.94825
04/23/2023,AQS,1,0.045,ppm,42,CCNY,17,100,44201,Ozone,87,35620,"New York-Newark-Jersey City, NY-NJ-PA",36,New York,61,New York,40.81976,-73.94825
04/24/2023,AQS,1,0.044,ppm,41,CCNY,17,100,44201,Ozone,87,35620,"New York-Newark-Jersey City, NY-NJ-PA",36,New York,61,New York,40.81976,-73.94825
04/25/2023,AQS,1,0.041,ppm,38,CCNY,17,100,44201,Ozone,87,35620,"New York-Newark-Jersey City, NY-NJ-PA",36,New York,61,New York,40.81976,-73.94825
04/26/2023,AQS,1,0.046,ppm,43,CCNY,17,100,44201,Ozone,87,35620,"New York-Newark-Jersey City, NY-NJ-PA",36,New York,61,New York,40.81976,-73.94825
04/27/2023,AQS,1,0.041,ppm,38,CCNY,15,88,44201,Ozone,87,35620,"New York-Newark-Jersey City, NY-NJ-PA",36,New York,61,New York,40.81976,-73.94825
04/28/2023,AQS,1,0.046,ppm,43,CCNY,17,100,44201,Ozone,87,35620,"New York-Newark-Jersey City, NY-NJ-PA",36,New York,61,New York,40.81976,-73.94825
04/29/2023,AQS,1,0.037,ppm,34,CCNY,17,100,44201,Ozone,87,35620,"New York-Newark-Jersey City, NY-NJ-PA",36,New York,61,New York,40.81976,-73.94825
04/30/2023,AQS,1,0.036,ppm,33,CCNY,17,100,44201,Ozone,87,35620,"New York-Newark-Jersey City, NY-NJ-PA",36,New York,61,New York,40.81976,-73.94825
05/01/2023,AQS,1,0.035,ppm,32,CCNY,17,100,44201,Ozone,87,35620,"New York-Newark-Jersey City, NY-NJ-PA",36,New York,61,New York,40.81976,-73.94825
05/02/2023,AQS,1,0.026,ppm,24,CCNY,17,100,44201,Ozone,87,35620,"New York-Newark-Jersey City, NY-NJ-PA",36,New York,61,New York,40.81976,-73.94825
05/03/2023,AQS,1,0.027,ppm,25,CCNY,17,100,44201,Ozone,87,35620,"New York-Newark-Jersey City, NY-NJ-PA",36,New York,61,New York,40.81976,-73.94825
05/04/2023,AQS,1,0.026,ppm,24,CCNY,17,100,44201,Ozone,87,35620,"New York-Newark-Jersey City, NY-NJ-PA",36,New York,61,New York,40.81976,-73.94825
05/05/2023,AQS,1,0.036,ppm,33,CCNY,15,88,44201,Ozone,87,35620,"New York-Newark-Jersey City, NY-NJ-PA",36,New York,61,New York,40.81976,-73.94825
05/06/2023,AQS,1,0.039,ppm,36,CCNY,17,100,44201,Ozone,87,35620,"New York-Newark-Jersey City, NY-NJ-PA",36,New York,61,New York,40.81976,-73.94825
05/07/2023,AQS,1,0.045,ppm,42,CCNY,17,100,44201,Ozone,87,35620,"New York-Newark-Jersey City, NY-NJ-PA",36,New York,61,New York,40.81976,-73.94825
05/08/2023,AQS,1,0.043,ppm,40,CCNY,17,100,44201,Ozone,87,35620,"New York-Newark-Jersey City, NY-NJ-PA",36,New York,61,New York,40.81976,-73.94825
05/09/2023,AQS,1,0.044,ppm,41,CCNY,16,94,44201,Ozone,87,35620,"New York-Newark-Jersey City, NY-NJ-PA",36,New York,61,New York,40.81976,-73.94825
05/10/2023,AQS,1,0.047,ppm,44,CCNY,17,100,44201,Ozone,87,35620,"New York-Newark-Jersey City, NY-NJ-PA",36,New York,61,New York,40.81976,-73.94825
05/11/2023,AQS,1,0.058,ppm,61,CCNY,17,100,44201,Ozone,87,35620,"New York-Newark-Jersey City, NY-NJ-PA",36,New York,61,New York,40.81976,-73.94825
05/12/2023,AQS,1,0.06,ppm,67,CCNY,17,100,44201,Ozone,87,35620,"New York-Newark-Jersey City, NY-NJ-PA",36,New York,61,New York,40.81976,-73.94825
05/13/2023,AQS,1,0.054,ppm,50,CCNY,17,100,44201,Ozone,87,35620,"New York-Newark-Jersey City, NY-NJ-PA",36,New York,61,New York,40.81976,-73.94825
05/14/2023,AQS,1,0.043,ppm,40,CCNY,17,100,44201,Ozone,87,35620,"New York-Newark-Jersey City, NY-NJ-PA",36,New York,61,New York,40.81976,-73.94825
05/15/2023,AQS,1,0.049,ppm,45,CCNY,17,100,44201,Ozone,87,35620,"New York-Newark-Jersey City, NY-NJ-PA",36,New York,61,New York,40.81976,-73.94825
05/16/2023,AQS,1,0.056,ppm,54,CCNY,17,100,44201,Ozone,87,35620,"New York-Newark-Jersey City, NY-NJ-PA",36,New York,61,New York,40.81976,-73.94825
05/17/2023,AQS,1,0.044,ppm,41,CCNY,17,100,44201,Ozone,87,35620,"New York-Newark-Jersey City, NY-NJ-PA",36,New York,61,New York,40.81976,-73.94825
05/18/2023,AQS,1,0.041,ppm,38,CCNY,15,88,44201,Ozone,87,35620,"New York-Newark-Jersey City, NY-NJ-PA",36,New York,61,New York,40.81976,-73.94825
05/19/2023,AQS,1,0.045,ppm,42,CCNY,17,100,44201,Ozone,87,35620,"New York-Newark-Jersey City, NY-NJ-PA",36,New York,61,New York,40.81976,-73.94825
05/20/2023,AQS,1,0.026,ppm,24,CCNY,17,100,44201,Ozone,87,35620,"New York-Newark-Jersey City, NY-NJ-PA",36,New York,61,New York,40.81976,-73.94825
05/21/2023,AQS,1,0.04,ppm,37,CCNY,17,100,44201,Ozone,87,35620,"New York-Newark-Jersey City, NY-NJ-PA",36,New York,61,New York,40.81976,-73.94825
05/22/2023,AQS,1,0.039,ppm,36,CCNY,17,100,44201,Ozone,87,35620,"New York-Newark-Jersey City, NY-NJ-PA",36,New York,61,New York,40.81976,-73.94825
05/23/2023,AQS,1,0.033,ppm,31,CCNY,17,100,44201,Ozone,87,35620,"New York-Newark-Jersey City, NY-NJ-PA",36,New York,61,New York,40.81976,-73.94825
05/24/2023,AQS,1,0.041,ppm,38,CCNY,17,100,44201,Ozone,87,35620,"New York-Newark-Jersey City, NY-NJ-PA",36,New York,61,New York,40.81976,-73.94825
05/25/2023,AQS,1,0.034,ppm,31,CCNY,17,100,44201,Ozone,87,35620,"New York-Newark-Jersey City, NY-NJ-PA",36,New York,61,New York,40.81976,-73.94825
05/26/2023,AQS,1,0.044,ppm,41,CCNY,17,100,44201,Ozone,87,35620,"New York-Newark-Jersey City, NY-NJ-PA",36,New York,61,New York,40.81976,-73.94825
05/27/2023,AQS,1,0.055,ppm,51,CCNY,17,100,44201,Ozone,87,35620,"New York-Newark-Jersey City, NY-NJ-PA",36,New York,61,New York,40.81976,-73.94825
05/28/2023,AQS,1,0.047,ppm,44,CCNY,17,100,44201,Ozone,87,35620,"New York-Newark-Jersey City, NY-NJ-PA",36,New York,61,New York,40.81976,-73.94825
05/29/2023,AQS,1,0.051,ppm,47,CCNY,17,100,44201,Ozone,87,35620,"New York-Newark-Jersey City, NY-NJ-PA",36,New York,61,New York,40.81976,-73.94825
05/30/2023,AQS,1,0.043,ppm,40,CCNY,13,76,44201,Ozone,87,35620,"New York-Newark-Jersey City, NY-NJ-PA",36,New York,61,New York,40.81976,-73.94825
05/31/2023,AQS,1,0.041,ppm,38,CCNY,17,100,44201,Ozone,87,35620,"New York-Newark-Jersey City, NY-NJ-PA",36,New York,61,New York,40.81976,-73.94825
06/01/2023,AQS,1,0.057,ppm,58,CCNY,17,100,44201,Ozone,87,35620,"New York-Newark-Jersey City, NY-NJ-PA",36,New York,61,New York,40.81976,-73.94825
06/02/2023,AQS,1,0.077,ppm,122,CCNY,17,100,44201,Ozone,87,35620,"New York-Newark-Jersey City, NY-NJ-PA",36,New York,61,New York,40.81976,-73.94825
06/03/2023,AQS,1,0.027,ppm,25,CCNY,17,100,44201,Ozone,87,35620,"New York-Newark-Jersey City, NY-NJ-PA",36,New York,61,New York,40.81976,-73.94825
06/04/2023,AQS,1,0.032,ppm,30,CCNY,17,100,44201,Ozone,87,35620,"New York-Newark-Jersey City, NY-NJ-PA",36,New York,61,New York,40.81976,-73.94825
06/05/2023,AQS,1,0.039,ppm,36,CCNY,17,100,44201,Ozone,87,35620,"New York-Newark-Jersey City, NY-NJ-PA",36,New York,61,New York,40.81976,-73.94825
06/06/2023,AQS,1,0.052,ppm,48,CCNY,17,100,44201,Ozone,87,35620,"New York-Newark-Jersey City, NY-NJ-PA",36,New York,61,New York,40.81976,-73.94825
06/07/2023,AQS,1,0.04,ppm,37,CCNY,17,100,44201,Ozone,87,35620,"New York-Newark-Jersey City, NY-NJ-PA",36,New York,61,New York,40.81976,-73.94825
06/08/2023,AQS,1,0.033,ppm,31,CCNY,13,76,44201,Ozone,87,35620,"New York-Newark-Jersey City, NY-NJ-PA",36,New York,61,New York,40.81976,-73.94825
06/09/2023,AQS,1,0.032,ppm,30,CCNY,17,100,44201,Ozone,87,35620,"New York-Newark-Jersey City, NY-NJ-PA",36,New York,61,New York,40.81976,-73.94825
06/10/2023,AQS,1,0.037,ppm,34,CCNY,17,100,44201,Ozone,87,35620,"New York-Newark-Jersey City, NY-NJ-PA",36,New York,61,New York,40.81976,-73.94825
06/11/2023,AQS,1,0.062,ppm,74,CCNY,17,100,44201,Ozone,87,35620,"New York-Newark-Jersey City, NY-NJ-PA",36,New York,61,New York,40.81976,-73.94825
06/12/2023,AQS,1,0.049,ppm,45,CCNY,17,100,44201,Ozone,87,35620,"New York-Newark-Jersey City, NY-NJ-PA",36,New York,61,New York,40.81976,-73.94825
06/13/2023,AQS,1,0.055,ppm,51,CCNY,17,100,44201,Ozone,87,35620,"New York-Newark-Jersey City, NY-NJ-PA",36,New York,61,New York,40.81976,-73.94825
06/14/2023,AQS,1,0.046,ppm,43,CCNY,17,100,44201,Ozone,87,35620,"New York-Newark-Jersey City, NY-NJ-PA",36,New York,61,New York,40.81976,-73.94825
06/15/2023,AQS,1,0.044,ppm,41,CCNY,17,100,44201,Ozone,87,35620,"New York-Newark-Jersey City, NY-NJ-PA",36,New York,61,New York,40.81976,-73.94825
06/16/2023,AQS,1,0.054,ppm,50,CCNY,17,100,44201,Ozone,87,35620,"New York-Newark-Jersey City, NY-NJ-PA",36,New York,61,New York,40.81976,-73.94825
06/17/2023,AQS,1,0.045,ppm,42,CCNY,17,100,44201,Ozone,87,35620,"New York-Newark-Jersey City, NY-NJ-PA",36,New York,61,New York,40.81976,-73.94825
06/18/2023,AQS,1,0.038,ppm,35,CCNY,17,100,44201,Ozone,87,35620,"New York-Newark-Jersey City, NY-NJ-PA",36,New York,61,New York,40.81976,-73.94825
06/19/2023,AQS,1,0.046,ppm,43,CCNY,17,100,44201,Ozone,87,35620,"New York-Newark-Jersey City, NY-NJ-PA",36,New York,61,New York,40.81976,-73.94825
06/20/2023,AQS,1,0.04,ppm,37,CCNY,17,100,44201,Ozone,87,35620,"New York-Newark-Jersey City, NY-NJ-PA",36,New York,61,New York,40.81976,-73.94825
06/21/2023,AQS,1,0.031,ppm,29,CCNY,17,100,44201,Ozone,87,35620,"New York-Newark-Jersey City, NY-NJ-PA",36,New York,61,New York,40.81976,-73.94825
06/22/2023,AQS,1,0.032,ppm,30,CCNY,15,88,44201,Ozone,87,35620,"New York-Newark-Jersey City, NY-NJ-PA",36,New York,61,New York,40.81976,-73.94825
06/23/2023,AQS,1,0.02,ppm,19,CCNY,17,100,44201,Ozone,87,35620,"New York-Newark-Jersey City, NY-NJ-PA",36,New York,61,New York,40.81976,-73.94825
06/24/2023,AQS,1,0.034,ppm,31,CCNY,17,100,44201,Ozone,87,35620,"New York-Newark-Jersey City, NY-NJ-PA",36,New York,61,New York,40.81976,-73.94825
06/25/2023,AQS,1,0.047,ppm,44,CCNY,17,100,44201,Ozone,87,35620,"New York-Newark-Jersey City, NY-NJ-PA",36,New York,61,New York,40.81976,-73.94825
06/26/2023,AQS,1,0.041,ppm,38,CCNY,17,100,44201,Ozone,87,35620,"New York-Newark-Jersey City, NY-NJ-PA",36,New York,61,New York,40.81976,-73.94825
06/27/2023,AQS,1,0.051,ppm,47,CCNY,17,100,44201,Ozone,87,35620,"New York-Newark-Jersey City, NY-NJ-PA",36,New York,61,New York,40.81976,-73.94825
06/28/2023,AQS,1,0.047,ppm,44,CCNY,17,100,44201,Ozone,87,35620,"New York-Newark-Jersey City, NY-NJ-PA",36,New York,61,New York,40.81976,-73.94825
06/29/2023,AQS,1,0.055,ppm,51,CCNY,17,100,44201,Ozone,87,35620,"New York-Newark-Jersey City, NY-NJ-PA",36,New York,61,New York,40.81976,-73.94825
06/30/2023,AQS,1,0.081,ppm,136,CCNY,17,100,44201,Ozone,87,35620,"New York-Newark-Jersey City, NY-NJ-PA",36,New York,61,New York,40.81976,-73.94825
07/01/2023,AQS,1,0.073,ppm,108,CCNY,17,100,44201,Ozone,87,35620,"New York-Newark-Jersey City, NY-NJ-PA",36,New York,61,New York,40.81976,-73.94825
07/02/2023,AQS,1,0.054,ppm,50,CCNY,17,100,44201,Ozone,87,35620,"New York-Newark-Jersey City, NY-NJ-PA",36,New York,61,New York,40.81976,-73.94825
07/03/2023,AQS,1,0.061,ppm,71,CCNY,17,100,44201,Ozone,87,35620,"New York-Newark-Jersey City, NY-NJ-PA",36,New York,61,New York,40.81976,-73.94825
07/04/2023,AQS,1,0.041,ppm,38,CCNY,17,100,44201,Ozone,87,35620,"New York-Newark-Jersey City, NY-NJ-PA",36,New York,61,New York,40.81976,-73.94825
07/05/2023,AQS,1,0.075,ppm,115,CCNY,17,100,44201,Ozone,87,35620,"New York-Newark-Jersey City, NY-NJ-PA",36,New York,61,New York,40.81976,-73.94825
07/06/2023,AQS,1,0.054,ppm,50,CCNY,17,100,44201,Ozone,87,35620,"New York-Newark-Jersey City, NY-NJ-PA",36,New York,61,New York,40.81976,-73.94825
07/07/2023,AQS,1,0.05,ppm,46,CCNY,17,100,44201,Ozone,87,35620,"New York-Newark-Jersey City, NY-NJ-PA",36,New York,61,New York,40.81976,-73.94825
07/08/2023,AQS,1,0.053,ppm,49,CCNY,17,100,44201,Ozone,87,35620,"New York-Newark-Jersey City, NY-NJ-PA",36,New York,61,New York,40.81976,-73.94825
07/09/2023,AQS,1,0.034,ppm,31,CCNY,17,100,44201,Ozone,87,35620,"New York-Newark-Jersey City, NY-NJ-PA",36,New York,61,New York,40.81976,-73.94825
07/10/2023,AQS,1,0.043,ppm,40,CCNY,17,100,44201,Ozone,87,35620,"New York-Newark-Jersey City, NY-NJ-PA",36,New York,61,New York,40.81976,-73.94825
07/11/2023,AQS,1,0.065,ppm,84,CCNY,17,100,44201,Ozone,87,35620,"New York-Newark-Jersey City, NY-NJ-PA",36,New York,61,New York,40.81976,-73.94825
07/12/2023,AQS,1,0.067,ppm,90,CCNY,17,100,44201,Ozone,87,35620,"New York-Newark-Jersey City, NY-NJ-PA",36,New York,61,New York,40.81976,-73.94825
07/13/2023,AQS,1,0.055,ppm,51,CCNY,17,100,44201,Ozone,87,35620,"New York-Newark-Jersey City, NY-NJ-PA",36,New York,61,New York,40.81976,-73.94825
07/15/2023,AQS,1,0.052,ppm,48,CCNY,17,100,44201,Ozone,87,35620,"New York-Newark-Jersey City, NY-NJ-PA",36,New York,61,New York,40.81976,-73.94825
07/16/2023,AQS,1,0.027,ppm,25,CCNY,17,100,44201,Ozone,87,35620,"New York-Newark-Jersey City, NY-NJ-PA",36,New York,61,New York,40.81976,-73.94825
07/17/2023,AQS,1,0.071,ppm,101,CCNY,17,100,44201,Ozone,87,35620,"New York-Newark-Jersey City, NY-NJ-PA",36,New York,61,New York,40.81976,-73.94825
07/18/2023,AQS,1,0.042,ppm,39,CCNY,17,100,44201,Ozone,87,35620,"New York-Newark-Jersey City, NY-NJ-PA",36,New York,61,New York,40.81976,-73.94825
07/19/2023,AQS,1,0.059,ppm,64,CCNY,17,100,44201,Ozone,87,35620,"New York-Newark-Jersey City, NY-NJ-PA",36,New York,61,New York,40.81976,-73.94825
07/21/2023,AQS,1,0.058,ppm,61,CCNY,17,100,44201,Ozone,87,35620,"New York-Newark-Jersey City, NY-NJ-PA",36,New York,61,New York,40.81976,-73.94825
07/22/2023,AQS,1,0.038,ppm,35,CCNY,17,100,44201,Ozone,87,35620,"New York-Newark-Jersey City, NY-NJ-PA",36,New York,61,New York,40.81976,-73.94825
07/23/2023,AQS,1,0.053,ppm,49,CCNY,17,100,44201,Ozone,87,35620,"New York-Newark-Jersey City, NY-NJ-PA",36,New York,61,New York,40.81976,-73.94825
07/24/2023,AQS,1,0.05,ppm,46,CCNY,17,100,44201,Ozone,87,35620,"New York-Newark-Jersey City, NY-NJ-PA",36,New York,61,New York,40.81976,-73.94825
07/25/2023,AQS,1,0.051,ppm,47,CCNY,17,100,44201,Ozone,87,35620,"New York-Newark-Jersey City, NY-NJ-PA",36,New York,61,New York,40.81976,-73.94825
07/26/2023,AQS,1,0.07,ppm,100,CCNY,17,100,44201,Ozone,87,35620,"New York-Newark-Jersey City, NY-NJ-PA",36,New York,61,New York,40.81976,-73.94825
07/27/2023,AQS,1,0.058,ppm,61,CCNY,17,100,44201,Ozone,87,35620,"New York-Newark-Jersey City, NY-NJ-PA",36,New York,61,New York,40.81976,-73.94825
07/28/2023,AQS,1,0.058,ppm,61,CCNY,17,100,44201,Ozone,87,35620,"New York-Newark-Jersey City, NY-NJ-PA",36,New York,61,New York,40.81976,-73.94825
07/29/2023,AQS,1,0.055,ppm,51,CCNY,17,100,44201,Ozone,87,35620,"New York-Newark-Jersey City, NY-NJ-PA",36,New York,61,New York,40.81976,-73.94825
07/30/2023,AQS,1,0.029,ppm,27,CCNY,17,100,44201,Ozone,87,35620,"New York-Newark-Jersey City, NY-NJ-PA",36,New York,61,New York,40.81976,-73.94825
07/31/2023,AQS,1,0.044,ppm,41,CCNY,17,100,44201,Ozone,87,35620,"New York-Newark-Jersey City, NY-NJ-PA",36,New York,61,New York,40.81976,-73.94825
08/02/2023,AQS,1,0.043,ppm,40,CCNY,17,100,44201,Ozone,87,35620,"New York-Newark-Jersey City, NY-NJ-PA",36,New York,61,New York,40.81976,-73.94825
08/03/2023,AQS,1,0.044,ppm,41,CCNY,17,100,44201,Ozone,87,35620,"New York-Newark-Jersey City, NY-NJ-PA",36,New York,61,New York,40.81976,-73.94825
08/04/2023,AQS,1,0.042,ppm,39,CCNY,17,100,44201,Ozone,87,35620,"New York-Newark-Jersey City, NY-NJ-PA",36,New York,61,New York,40.81976,-73.94825
08/05/2023,AQS,1,0.048,ppm,44,CCNY,17,100,44201,Ozone,87,35620,"New York-Newark-Jersey City, NY-NJ-PA",36,New York,61,New York,40.81976,-73.94825
08/06/2023,AQS,1,0.058,ppm,61,CCNY,17,100,44201,Ozone,87,35620,"New York-Newark-Jersey City, NY-NJ-PA",36,New York,61,New York,40.81976,-73.94825
08/07/2023,AQS,1,0.044,ppm,41,CCNY,17,100,44201,Ozone,87,35620,"New York-Newark-Jersey City, NY-NJ-PA",36,New York,61,New York,40.81976,-73.94825
08/08/2023,AQS,1,0.032,ppm,30,CCNY,17,100,44201,Ozone,87,35620,"New York-Newark-Jersey City, NY-NJ-PA",36,New York,61,New York,40.81976,-73.94825
08/09/2023,AQS,1,0.042,ppm,39,CCNY,17,100,44201,Ozone,87,35620,"New York-Newark-Jersey City, NY-NJ-PA",36,New York,61,New York,40.81976,-73.94825
08/10/2023,AQS,1,0.033,ppm,31,CCNY,17,100,44201,Ozone,87,35620,"New York-Newark-Jersey City, NY-NJ-PA",36,New York,61,New York,40.81976,-73.94825
08/11/2023,AQS,1,0.05,ppm,46,CCNY,17,100,44201,Ozone,87,35620,"New York-Newark-Jersey City, NY-NJ-PA",36,New York,61,New York,40.81976,-73.94825
08/12/2023,AQS,1,0.053,ppm,49,CCNY,17,100,44201,Ozone,87,35620,"New York-Newark-Jersey City, NY-NJ-PA",36,New York,61,New York,40.81976,-73.94825
08/13/2023,AQS,1,0.044,ppm,41,CCNY,17,100,44201,Ozone,87,35620,"New York-Newark-Jersey City, NY-NJ-PA",36,New York,61,New York,40.81976,-73.94825
08/14/2023,AQS,1,0.047,ppm,44,CCNY,17,100,44201,Ozone,87,35620,"New York-Newark-Jersey City, NY-NJ-PA",36,New York,61,New York,40.81976,-73.94825
08/15/2023,AQS,1,0.033,ppm,31,CCNY,15,88,44201,Ozone,87,35620,"New York-Newark-Jersey City, NY-NJ-PA",36,New York,61,New York,40.81976,-73.94825
08/16/2023,AQS,1,0.045,ppm,42,CCNY,17,100,44201,Ozone,87,35620,"New York-Newark-Jersey City, NY-NJ-PA",36,New York,61,New York,40.81976,-73.94825
08/17/2023,AQS,1,0.035,ppm,32,CCNY,17,100,44201,Ozone,87,35620,"New York-Newark-Jersey City, NY-NJ-PA",36,New York,61,New York,40.81976,-73.94825
08/18/2023,AQS,1,0.043,ppm,40,CCNY,17,100,44201,Ozone,87,35620,"New York-Newark-Jersey City, NY-NJ-PA",36,New York,61,New York,40.81976,-73.94825
08/19/2023,AQS,1,0.034,ppm,31,CCNY,17,100,44201,Ozone,87,35620,"New York-Newark-Jersey City, NY-NJ-PA",36,New York,61,New York,40.81976,-73.94825
08/20/2023,AQS,1,0.052,ppm,48,CCNY,17,100,44201,Ozone,87,35620,"New York-Newark-Jersey City, NY-NJ-PA",36,New York,61,New York,40.81976,-73.94825
08/21/2023,AQS,1,0.051,ppm,47,CCNY,17,100,44201,Ozone,87,35620,"New York-Newark-Jersey City, NY-NJ-PA",36,New York,61,New York,40.81976,-73.94825
08/22/2023,AQS,1,0.034,ppm,31,CCNY,17,100,44201,Ozone,87,35620,"New York-Newark-Jersey City, NY-NJ-PA",36,New York,61,New York,40.81976,-73.94825
08/23/2023,AQS,1,0.04,ppm,37,CCNY,17,100,44201,Ozone,87,35620,"New York-Newark-Jersey City, NY-NJ-PA",36,New York,61,New York,40.81976,-73.94825
08/24/2023,AQS,1,0.029,ppm,27,CCNY,17,100,44201,Ozone,87,35620,"New York-Newark-Jersey City, NY-NJ-PA",36,New York,61,New York,40.81976,-73.94825
08/25/2023,AQS,1,0.024,ppm,22,CCNY,17,100,44201,Ozone,87,35620,"New York-Newark-Jersey City, NY-NJ-PA",36,New York,61,New York,40.81976,-73.94825
08/26/2023,AQS,1,0.037,ppm,34,CCNY,17,100,44201,Ozone,87,35620,"New York-Newark-Jersey City, NY-NJ-PA",36,New York,61,New York,40.81976,-73.94825
08/27/2023,AQS,1,0.033,ppm,31,CCNY,17,100,44201,Ozone,87,35620,"New York-Newark-Jersey City, NY-NJ-PA",36,New York,61,New York,40.81976,-73.94825
08/28/2023,AQS,1,0.03,ppm,28,CCNY,17,100,44201,Ozone,87,35620,"New York-Newark-Jersey City, NY-NJ-PA",36,New York,61,New York,40.81976,-73.94825
08/29/2023,AQS,1,0.039,ppm,36,CCNY,17,100,44201,Ozone,87,35620,"New York-Newark-Jersey City, NY-NJ-PA",36,New York,61,New York,40.81976,-73.94825
08/30/2023,AQS,1,0.047,ppm,44,CCNY,17,100,44201,Ozone,87,35620,"New York-Newark-Jersey City, NY-NJ-PA",36,New York,61,New York,40.81976,-73.94825
08/31/2023,AQS,1,0.033,ppm,31,CCNY,17,100,44201,Ozone,87,35620,"New York-Newark-Jersey City, NY-NJ-PA",36,New York,61,New York,40.81976,-73.94825
09/01/2023,AQS,1,0.042,ppm,39,CCNY,17,100,44201,Ozone,87,35620,"New York-Newark-Jersey City, NY-NJ-PA",36,New York,61,New York,40.81976,-73.94825
09/02/2023,AQS,1,0.052,ppm,48,CCNY,17,100,44201,Ozone,87,35620,"New York-Newark-Jersey City, NY-NJ-PA",36,New York,61,New York,40.81976,-73.94825
09/03/2023,AQS,1,0.054,ppm,50,CCNY,17,100,44201,Ozone,87,35620,"New York-Newark-Jersey City, NY-NJ-PA",36,New York,61,New York,40.81976,-73.94825
09/04/2023,AQS,1,0.046,ppm,43,CCNY,17,100,44201,Ozone,87,35620,"New York-Newark-Jersey City, NY-NJ-PA",36,New York,61,New York,40.81976,-73.94825
09/06/2023,AQS,1,0.063,ppm,77,CCNY,17,100,44201,Ozone,87,35620,"New York-Newark-Jersey City, NY-NJ-PA",36,New York,61,New York,40.81976,-73.94825
09/07/2023,AQS,1,0.066,ppm,87,CCNY,17,100,44201,Ozone,87,35620,"New York-Newark-Jersey City, NY-NJ-PA",36,New York,61,New York,40.81976,-73.94825
09/08/2023,AQS,1,0.04,ppm,37,CCNY,17,100,44201,Ozone,87,35620,"New York-Newark-Jersey City, NY-NJ-PA",36,New York,61,New York,40.81976,-73.94825
09/09/2023,AQS,1,0.038,ppm,35,CCNY,17,100,44201,Ozone,87,35620,"New York-Newark-Jersey City, NY-NJ-PA",36,New York,61,New York,40.81976,-73.94825
09/10/2023,AQS,1,0.029,ppm,27,CCNY,17,100,44201,Ozone,87,35620,"New York-Newark-Jersey City, NY-NJ-PA",36,New York,61,New York,40.81976,-73.94825
09/11/2023,AQS,1,0.035,ppm,32,CCNY,17,100,44201,Ozone,87,35620,"New York-Newark-Jersey City, NY-NJ-PA",36,New York,61,New York,40.81976,-73.94825
09/12/2023,AQS,1,0.048,ppm,44,CCNY,17,100,44201,Ozone,87,35620,"New York-Newark-Jersey City, NY-NJ-PA",36,New York,61,New York,40.81976,-73.94825
09/13/2023,AQS,1,0.038,ppm,35,CCNY,17,100,44201,Ozone,87,35620,"New York-Newark-Jersey City, NY-NJ-PA",36,New York,61,New York,40.81976,-73.94825
09/14/2023,AQS,1,0.036,ppm,33,CCNY,17,100,44201,Ozone,87,35620,"New York-Newark-Jersey City, NY-NJ-PA",36,New York,61,New York,40.81976,-73.94825
09/15/2023,AQS,1,0.026,ppm,24,CCNY,17,100,44201,Ozone,87,35620,"New York-Newark-Jersey City, NY-NJ-PA",36,New York,61,New York,40.81976,-73.94825
09/16/2023,AQS,1,0.032,ppm,30,CCNY,17,100,44201,Ozone,87,35620,"New York-Newark-Jersey City, NY-NJ-PA",36,New York,61,New York,40.81976,-73.94825
09/17/2023,AQS,1,0.047,ppm,44,CCNY,17,100,44201,Ozone,87,35620,"New York-Newark-Jersey City, NY-NJ-PA",36,New York,61,New York,40.81976,-73.94825
09/18/2023,AQS,1,0.027,ppm,25,CCNY,17,100,44201,Ozone,87,35620,"New York-Newark-Jersey City, NY-NJ-PA",36,New York,61,New York,40.81976,-73.94825
09/19/2023,AQS,1,0.03,ppm,28,CCNY,17,100,44201,Ozone,87,35620,"New York-Newark-Jersey City, NY-NJ-PA",36,New York,61,New York,40.81976,-73.94825
09/20/2023,AQS,1,0.043,ppm,40,CCNY,17,100,44201,Ozone,87,35620,"New York-Newark-Jersey City, NY-NJ-PA",36,New York,61,New York,40.81976,-73.94825
09/22/2023,AQS,1,0.03,ppm,28,CCNY,17,100,44201,Ozone,87,35620,"New York-Newark-Jersey City, NY-NJ-PA",36,New York,61,New York,40.81976,-73.94825
09/23/2023,AQS,1,0.027,ppm,25,CCNY,17,100,44201,Ozone,87,35620,"New York-Newark-Jersey City, NY-NJ-PA",36,New York,61,New York,40.81976,-73.94825
09/24/2023,AQS,1,0.033,ppm,31,CCNY,17,100,44201,Ozone,87,35620,"New York-Newark-Jersey City, NY-NJ-PA",36,New York,61,New York,40.81976,-73.94825
09/25/2023,AQS,1,0.029,ppm,27,CCNY,17,100,44201,Ozone,87,35620,"New York-Newark-Jersey City, NY-NJ-PA",36,New York,61,New York,40.81976,-73.94825
09/26/2023,AQS,1,0.02,ppm,19,CCNY,17,100,44201,Ozone,87,35620,"New York-Newark-Jersey City, NY-NJ-PA",36,New York,61,New York,40.81976,-73.94825
09/27/2023,AQS,1,0.039,ppm,36,CCNY,17,100,44201,Ozone,87,35620,"New York-Newark-Jersey City, NY-NJ-PA",36,New York,61,New York,40.81976,-73.94825
09/28/2023,AQS,1,0.027,ppm,25,CCNY,17,100,44201,Ozone,87,35620,"New York-Newark-Jersey City, NY-NJ-PA",36,New York,61,New York,40.81976,-73.94825
09/29/2023,AQS,1,0.025,ppm,23,CCNY,17,100,44201,Ozone,87,35620,"New York-Newark-Jersey City, NY-NJ-PA",36,New York,61,New York,40.81976,-73.94825
09/30/2023,AQS,1,0.027,ppm,25,CCNY,17,100,44201,Ozone,87,35620,"New York-Newark-Jersey City, NY-NJ-PA",36,New York,61,New York,40.81976,-73.94825
10/01/2023,AQS,1,0.036,ppm,33,CCNY,17,100,44201,Ozone,87,35620,"New York-Newark-Jersey City, NY-NJ-PA",36,New York,61,New York,40.81976,-73.94825
10/02/2023,AQS,1,0.038,ppm,35,CCNY,17,100,44201,Ozone,87,35620,"New York-Newark-Jersey City, NY-NJ-PA",36,New York,61,New York,40.81976,-73.94825
10/03/2023,AQS,1,0.046,ppm,43,CCNY,17,100,44201,Ozone,87,35620,"New York-Newark-Jersey City, NY-NJ-PA",36,New York,61,New York,40.81976,-73.94825
10/06/2023,AQS,1,0.023,ppm,21,CCNY,17,100,44201,Ozone,87,35620,"New York-Newark-Jersey City, NY-NJ-PA",36,New York,61,New York,40.81976,-73.94825
10/07/2023,AQS,1,0.033,ppm,31,CCNY,17,100,44201,Ozone,87,35620,"New York-Newark-Jersey City, NY-NJ-PA",36,New York,61,New York,40.81976,-73.94825
10/08/2023,AQS,1,0.022,ppm,20,CCNY,17,100,44201,Ozone,87,35620,"New York-Newark-Jersey City, NY-NJ-PA",36,New York,61,New York,40.81976,-73.94825
10/09/2023,AQS,1,0.026,ppm,24,CCNY,17,100,44201,Ozone,87,35620,"New York-Newark-Jersey City, NY-NJ-PA",36,New York,61,New York,40.81976,-73.94825
10/10/2023,AQS,1,0.027,ppm,25,CCNY,17,100,44201,Ozone,87,35620,"New York-Newark-Jersey City, NY-NJ-PA",36,New York,61,New York,40.81976,-73.94825
10/11/2023,AQS,1,0.038,ppm,35,CCNY,17,100,44201,Ozone,87,35620,"New York-Newark-Jersey City, NY-NJ-PA",36,New York,61,New York,40.81976,-73.94825
10/13/2023,AQS,1,0.02,ppm,19,CCNY,17,100,44201,Ozone,87,35620,"New York-Newark-Jersey City, NY-NJ-PA",36,New York,61,New York,40.81976,-73.94825
10/14/2023,AQS,1,0.015,ppm,14,CCNY,17,100,44201,Ozone,87,35620,"New York-Newark-Jersey City, NY-NJ-PA",36,New York,61,New York,40.81976,-73.94825
10/15/2023,AQS,1,0.021,ppm,19,CCNY,17,100,44201,Ozone,87,35620,"New York-Newark-Jersey City, NY-NJ-PA",36,New York,61,New York,40.81976,-73.94825
10/17/2023,AQS,1,0.022,ppm,20,CCNY,17,100,44201,Ozone,87,35620,"New York-Newark-Jersey City, NY-NJ-PA",36,New York,61,New York,40.81976,-73.94825
10/18/2023,AQS,1,0.023,ppm,21,CCNY,17,100,44201,Ozone,87,35620,"New York-Newark-Jersey City, NY-NJ-PA",36,New York,61,New York,40.81976,-73.94825
10/19/2023,AQS,1,0.035,ppm,32,CCNY,17,100,44201,Ozone,87,35620,"New York-Newark-Jersey City, NY-NJ-PA",36,New York,61,New York,40.81976,-73.94825
10/20/2023,AQS,1,0.028,ppm,26,CCNY,17,100,44201,Ozone,87,35620,"New York-Newark-Jersey City, NY-NJ-PA",36,New York,61,New York,40.81976,-73.94825
10/21/2023,AQS,1,0.027,ppm,25,CCNY,17,100,44201,Ozone,87,35620,"New York-Newark-Jersey City, NY-NJ-PA",36,New York,61,New York,40.81976,-73.94825
10/22/2023,AQS,1,0.03,ppm,28,CCNY,17,100,44201,Ozone,87,35620,"New York-Newark-Jersey City, NY-NJ-PA",36,New York,61,New York,40.81976,-73.94825
10/24/2023,AQS,1,0.023,ppm,21,CCNY,17,100,44201,Ozone,87,35620,"New York-Newark-Jersey City, NY-NJ-PA",36,New York,61,New York,40.81976,-73.94825
10/25/2023,AQS,1,0.027,ppm,25,CCNY,17,100,44201,Ozone,87,35620,"New York-Newark-Jersey City, NY-NJ-PA",36,New York,61,New York,40.81976,-73.94825
10/26/2023,AQS,1,0.023,ppm,21,CCNY,17,100,44201,Ozone,87,35620,"New York-Newark-Jersey City, NY-NJ-PA",36,New York,61,New York,40.81976,-73.94825
10/27/2023,AQS,1,0.013,ppm,12,CCNY,17,100,44201,Ozone,87,35620,"New York-Newark-Jersey City, NY-NJ-PA",36,New York,61,New York,40.81976,-73.94825
10/28/2023,AQS,1,0.034,ppm,31,CCNY,17,100,44201,Ozone,87,35620,"New York-Newark-Jersey City, NY-NJ-PA",36,New York,61,New York,40.81976,-73.94825
10/29/2023,AQS,1,0.01,ppm,9,CCNY,17,100,44201,Ozone,87,35620,"New York-Newark-Jersey City, NY-NJ-PA",36,New York,61,New York,40.81976,-73.94825
10/30/2023,AQS,1,0.026,ppm,24,CCNY,17,100,44201,Ozone,87,35620,"New York-Newark-Jersey City, NY-NJ-PA",36,New York,61,New York,40.81976,-73.94825
10/31/2023,AQS,1,0.024,ppm,22,CCNY,17,100,44201,Ozone,87,35620,"New York-Newark-Jersey City, NY-NJ-PA",36,New York,61,New York,40.81976,-73.94825
11/01/2023,AQS,1,0.03,ppm,28,CCNY,17,100,44201,Ozone,87,35620,"New York-Newark-Jersey City, NY-NJ-PA",36,New York,61,New York,40.81976,-73.94825
11/02/2023,AQS,1,0.028,ppm,26,CCNY,17,100,44201,Ozone,87,35620,"New York-Newark-Jersey City, NY-NJ-PA",36,New York,61,New York,40.81976,-73.94825
11/03/2023,AQS,1,0.029,ppm,27,CCNY,17,100,44201,Ozone,87,35620,"New York-Newark-Jersey City, NY-NJ-PA",36,New York,61,New York,40.81976,-73.94825
11/04/2023,AQS,1,0.015,ppm,14,CCNY,17,100,44201,Ozone,87,35620,"New York-Newark-Jersey City, NY-NJ-PA",36,New York,61,New York,40.81976,-73.94825
11/05/2023,AQS,1,0.036,ppm,33,CCNY,17,100,44201,Ozone,87,35620,"New York-Newark-Jersey City, NY-NJ-PA",36,New York,61,New York,40.81976,-73.94825
11/06/2023,AQS,1,0.038,ppm,35,CCNY,17,100,44201,Ozone,87,35620,"New York-Newark-Jersey City, NY-NJ-PA",36,New York,61,New York,40.81976,-73.94825
11/07/2023,AQS,1,0.025,ppm,23,CCNY,17,100,44201,Ozone,87,35620,"New York-Newark-Jersey City, NY-NJ-PA",36,New York,61,New York,40.81976,-73.94825
11/08/2023,AQS,1,0.031,ppm,29,CCNY,17,100,44201,Ozone,87,35620,"New York-Newark-Jersey City, NY-NJ-PA",36,New York,61,New York,40.81976,-73.94825
11/09/2023,AQS,1,0.015,ppm,14,CCNY,17,100,44201,Ozone,87,35620,"New York-Newark-Jersey City, NY-NJ-PA",36,New York,61,New York,40.81976,-73.94825
11/10/2023,AQS,1,0.017,ppm,16,CCNY,17,100,44201,Ozone,87,35620,"New York-Newark-Jersey City, NY-NJ-PA",36,New York,61,New York,40.81976,-73.94825
11/11/2023,AQS,1,0.022,ppm,20,CCNY,17,100,44201,Ozone,87,35620,"New York-Newark-Jersey City, NY-NJ-PA",36,New York,61,New York,40.81976,-73.94825
11/12/2023,AQS,1,0.031,ppm,29,CCNY,17,100,44201,Ozone,87,35620,"New York-Newark-Jersey City, NY-NJ-PA",36,New York,61,New York,40.81976,-73.94825
11/13/2023,AQS,1,0.012,ppm,11,CCNY,17,100,44201,Ozone,87,35620,"New York-Newark-Jersey City, NY-NJ-PA",36,New York,61,New York,40.81976,-73.94825
11/14/2023,AQS,1,0.02,ppm,19,CCNY,17,100,44201,Ozone,87,35620,"New York-Newark-Jersey City, NY-NJ-PA",36,New York,61,New York,40.81976,-73.94825
11/15/2023,AQS,1,0.009,ppm,8,CCNY,17,100,44201,Ozone,87,35620,"New York-Newark-Jersey City, NY-NJ-PA",36,New York,61,New York,40.81976,-73.94825
11/16/2023,AQS,1,0.016,ppm,15,CCNY,17,100,44201,Ozone,87,35620,"New York-Newark-Jersey City, NY-NJ-PA",36,New York,61,New York,40.81976,-73.94825
11/17/2023,AQS,1,0.023,ppm,21,CCNY,17,100,44201,Ozone,87,35620,"New York-Newark-Jersey City, NY-NJ-PA",36,New York,61,New York,40.81976,-73.94825
11/18/2023,AQS,1,0.028,ppm,26,CCNY,17,100,44201,Ozone,87,35620,"New York-Newark-Jersey City, NY-NJ-PA",36,New York,61,New York,40.81976,-73.94825
11/19/2023,AQS,1,0.029,ppm,27,CCNY,17,100,44201,Ozone,87,35620,"New York-Newark-Jersey City, NY-NJ-PA",36,New York,61,New York,40.81976,-73.94825
11/20/2023,AQS,1,0.026,ppm,24,CCNY,17,100,44201,Ozone,87,35620,"New York-Newark-Jersey City, NY-NJ-PA",36,New York,61,New York,40.81976,-73.94825
11/21/2023,AQS,1,0.028,ppm,26,CCNY,17,100,44201,Ozone,87,35620,"New York-Newark-Jersey City, NY-NJ-PA",36,New York,61,New York,40.81976,-73.94825
11/22/2023,AQS,1,0.021,ppm,19,CCNY,17,100,44201,Ozone,87,35620,"New York-Newark-Jersey City, NY-NJ-PA",36,New York,61,New York,40.81976,-73.94825
11/23/2023,AQS,1,0.029,ppm,27,CCNY,17,100,44201,Ozone,87,35620,"New York-Newark-Jersey City, NY-NJ-PA",36,New York,61,New York,40.81976,-73.94825
11/24/2023,AQS,1,0.032,ppm,30,CCNY,17,100,44201,Ozone,87,35620,"New York-Newark-Jersey City, NY-NJ-PA",36,New York,61,New York,40.81976,-73.94825
11/25/2023,AQS,1,0.028,ppm,26,CCNY,17,100,44201,Ozone,87,35620,"New York-Newark-Jersey City, NY-NJ-PA",36,New York,61,New York,40.81976,-73.94825
11/26/2023,AQS,1,0.03,ppm,28,CCNY,17,100,44201,Ozone,87,35620,"New York-Newark-Jersey City, NY-NJ-PA",36,New York,61,New York,40.81976,-73.94825
11/27/2023,AQS,1,0.022,ppm,20,CCNY,17,100,44201,Ozone,87,35620,"New York-Newark-Jersey City, NY-NJ-PA",36,New York,61,New York,40.81976,-73.94825
11/28/2023,AQS,1,0.028,ppm,26,CCNY,17,100,44201,Ozone,87,35620,"New York-Newark-Jersey City, NY-NJ-PA",36,New York,61,New York,40.81976,-73.94825
11/29/2023,AQS,1,0.019,ppm,18,CCNY,17,100,44201,Ozone,87,35620,"New York-Newark-Jersey City, NY-NJ-PA",36,New York,61,New York,40.81976,-73.94825
11/30/2023,AQS,1,0.02,ppm,19,CCNY,17,100,44201,Ozone,87,35620,"New York-Newark-Jersey City, NY-NJ-PA",36,New York,61,New York,40.81976,-73.94825
12/01/2023,AQS,1,0.012,ppm,11,CCNY,17,100,44201,Ozone,87,35620,"New York-Newark-Jersey City, NY-NJ-PA",36,New York,61,New York,40.81976,-73.94825
12/02/2023,AQS,1,0.011,ppm,10,CCNY,17,100,44201,Ozone,87,35620,"New York-Newark-Jersey City, NY-NJ-PA",36,New York,61,New York,40.81976,-73.94825
12/03/2023,AQS,1,0.021,ppm,19,CCNY,17,100,44201,Ozone,87,35620,"New York-Newark-Jersey City, NY-NJ-PA",36,New York,61,New York,40.81976,-73.94825
12/04/2023,AQS,1,0.015,ppm,14,CCNY,17,100,44201,Ozone,87,35620,"New York-Newark-Jersey City, NY-NJ-PA",36,New York,61,New York,40.81976,-73.94825
12/05/2023,AQS,1,0.026,ppm,24,CCNY,14,82,44201,Ozone,87,35620,"New York-Newark-Jersey City, NY-NJ-PA",36,New York,61,New York,40.81976,-73.94825
12/06/2023,AQS,1,0.026,ppm,24,CCNY,17,100,44201,Ozone,87,35620,"New York-Newark-Jersey City, NY-NJ-PA",36,New York,61,New York,40.81976,-73.94825
12/07/2023,AQS,1,0.013,ppm,12,CCNY,17,100,44201,Ozone,87,35620,"New York-Newark-Jersey City, NY-NJ-PA",36,New York,61,New York,40.81976,-73.94825
12/08/2023,AQS,1,0.012,ppm,11,CCNY,17,100,44201,Ozone,87,35620,"New York-Newark-Jersey City, NY-NJ-PA",36,New York,61,New York,40.81976,-73.94825
12/09/2023,AQS,1,0.015,ppm,14,CCNY,17,100,44201,Ozone,87,35620,"New York-Newark-Jersey City, NY-NJ-PA",36,New York,61,New York,40.81976,-73.94825
12/10/2023,AQS,1,0.028,ppm,26,CCNY,17,100,44201,Ozone,87,35620,"New York-Newark-Jersey City, NY-NJ-PA",36,New York,61,New York,40.81976,-73.94825
12/11/2023,AQS,1,0.026,ppm,24,CCNY,17,100,44201,Ozone,87,35620,"New York-Newark-Jersey City, NY-NJ-PA",36,New York,61,New York,40.81976,-73.94825
12/12/2023,AQS,1,0.019,ppm,18,CCNY,17,100,44201,Ozone,87,35620,"New York-Newark-Jersey City, NY-NJ-PA",36,New York,61,New York,40.81976,-73.94825
12/13/2023,AQS,1,0.029,ppm,27,CCNY,17,100,44201,Ozone,87,35620,"New York-Newark-Jersey City, NY-NJ-PA",36,New York,61,New York,40.81976,-73.94825
12/14/2023,AQS,1,0.029,ppm,27,CCNY,17,100,44201,Ozone,87,35620,"New York-Newark-Jersey City, NY-NJ-PA",36,New York,61,New York,40.81976,-73.94825
12/15/2023,AQS,1,0.025,ppm,23,CCNY,17,100,44201,Ozone,87,35620,"New York-Newark-Jersey City, NY-NJ-PA",36,New York,61,New York,40.81976,-73.94825
12/16/2023,AQS,1,0.027,ppm,25,CCNY,17,100,44201,Ozone,87,35620,"New York-Newark-Jersey City, NY-NJ-PA",36,New York,61,New York,40.81976,-73.94825
12/17/2023,AQS,1,0.037,ppm,34,CCNY,17,100,44201,Ozone,87,35620,"New York-Newark-Jersey City, NY-NJ-PA",36,New York,61,New York,40.81976,-73.94825
12/18/2023,AQS,1,0.028,ppm,26,CCNY,17,100,44201,Ozone,87,35620,"New York-Newark-Jersey City, NY-NJ-PA",36,New York,61,New York,40.81976,-73.94825
12/19/2023,AQS,1,0.029,ppm,27,CCNY,17,100,44201,Ozone,87,35620,"New York-Newark-Jersey City, NY-NJ-PA",36,New York,61,New York,40.81976,-73.94825
12/20/2023,AQS,1,0.024,ppm,22,CCNY,17,100,44201,Ozone,87,35620,"New York-Newark-Jersey City, NY-NJ-PA",36,New York,61,New York,40.81976,-73.94825
12/21/2023,AQS,1,0.025,ppm,23,CCNY,17,100,44201,Ozone,87,35620,"New York-Newark-Jersey City, NY-NJ-PA",36,New York,61,New York,40.81976,-73.94825
12/22/2023,AQS,1,0.02,ppm,19,CCNY,17,100,44201,Ozone,87,35620,"New York-Newark-Jersey City, NY-NJ-PA",36,New York,61,New York,40.81976,-73.94825
12/23/2023,AQS,1,0.008,ppm,7,CCNY,17,100,44201,Ozone,87,35620,"New York-Newark-Jersey City, NY-NJ-PA",36,New York,61,New York,40.81976,-73.94825
12/24/2023,AQS,1,0.004,ppm,4,CCNY,17,100,44201,Ozone,87,35620,"New York-Newark-Jersey City, NY-NJ-PA",36,New York,61,New York,40.81976,-73.94825
12/25/2023,AQS,1,0.017,ppm,16,CCNY,17,100,44201,Ozone,87,35620,"New York-Newark-Jersey City, NY-NJ-PA",36,New York,61,New York,40.81976,-73.94825
12/26/2023,AQS,1,0.01,ppm,9,CCNY,17,100,44201,Ozone,87,35620,"New York-Newark-Jersey City, NY-NJ-PA",36,New York,61,New York,40.81976,-73.94825
12/27/2023,AQS,1,0.022,ppm,20,CCNY,17,100,44201,Ozone,87,35620,"New York-Newark-Jersey City, NY-NJ-PA",36,New York,61,New York,40.81976,-73.94825
12/28/2023,AQS,1,0.017,ppm,16,CCNY,17,100,44201,Ozone,87,35620,"New York-Newark-Jersey City, NY-NJ-PA",36,New York,61,New York,40.81976,-73.94825
12/29/2023,AQS,1,0.012,ppm,11,CCNY,13,76,44201,Ozone,87,35620,"New York-Newark-Jersey City, NY-NJ-PA",36,New York,61,New York,40.81976,-73.94825
12/30/2023,AQS,1,0.021,ppm,19,CCNY,17,100,44201,Ozone,87,35620,"New York-Newark-Jersey City, NY-NJ-PA",36,New York,61,New York,40.81976,-73.94825
01/01/2024,AQS,1,0.019,ppm,18,CCNY,17,100,44201,Ozone,87,35620,"New York-Newark-Jersey City, NY-NJ-PA",36,New York,61,New York,40.81976,-73.94825
01/02/2024,AQS,1,0.022,ppm,20,CCNY,17,100,44201,Ozone,87,35620,"New York-Newark-Jersey City, NY-NJ-PA",36,New York,61,New York,40.81976,-73.94825
01/03/2024,AQS,1,0.021,ppm,19,CCNY,17,100,44201,Ozone,87,35620,"New York-Newark-Jersey City, NY-NJ-PA",36,New York,61,New York,40.81976,-73.94825
01/04/2024,AirNow,1,0.031,ppm,29,CCNY,18,75,44201,Ozone,,35620,"New York-Newark-Jersey City, NY-NJ-PA",36,New York,61,New York,40.81976,-73.94825
01/05/2024,AQS,1,0.031,ppm,29,CCNY,17,100,44201,Ozone,87,35620,"New York-Newark-Jersey City, NY-NJ-PA",36,New York,61,New York,40.81976,-73.94825
01/06/2024,AQS,1,0.024,ppm,22,CCNY,17,100,44201,Ozone,87,35620,"New York-Newark-Jersey City, NY-NJ-PA",36,New York,61,New York,40.81976,-73.94825
01/07/2024,AQS,1,0.026,ppm,24,CCNY,17,100,44201,Ozone,87,35620,"New York-Newark-Jersey City, NY-NJ-PA",36,New York,61,New York,40.81976,-73.94825
01/08/2024,AQS,1,0.026,ppm,24,CCNY,17,100,44201,Ozone,87,35620,"New York-Newark-Jersey City, NY-NJ-PA",36,New York,61,New York,40.81976,-73.94825
01/09/2024,AQS,1,0.034,ppm,31,CCNY,17,100,44201,Ozone,87,35620,"New York-Newark-Jersey City, NY-NJ-PA",36,New York,61,New York,40.81976,-73.94825
01/10/2024,AQS,1,0.025,ppm,23,CCNY,17,100,44201,Ozone,87,35620,"New York-Newark-Jersey City, NY-NJ-PA",36,New York,61,New York,40.81976,-73.94825
01/11/2024,AQS,1,0.022,ppm,20,CCNY,17,100,44201,Ozone,87,35620,"New York-Newark-Jersey City, NY-NJ-PA",36,New York,61,New York,40.81976,-73.94825
01/12/2024,AirNow,1,0.031,ppm,29,CCNY,18,75,44201,Ozone,,35620,"New York-Newark-Jersey City, NY-NJ-PA",36,New York,61,New York,40.81976,-73.94825
01/13/2024,AQS,1,0.029,ppm,27,CCNY,17,100,44201,Ozone,87,35620,"New York-Newark-Jersey City, NY-NJ-PA",36,New York,61,New York,40.81976,-73.94825
01/14/2024,AQS,1,0.03,ppm,28,CCNY,17,100,44201,Ozone,87,35620,"New York-Newark-Jersey City, NY-NJ-PA",36,New York,61,New York,40.81976,-73.94825
01/15/2024,AQS,1,0.022,ppm,20,CCNY,16,94,44201,Ozone,87,35620,"New York-Newark-Jersey City, NY-NJ-PA",36,New York,61,New York,40.81976,-73.94825
01/18/2024,AirNow,1,0.017,ppm,16,CCNY,18,75,44201,Ozone,,35620,"New York-Newark-Jersey City, NY-NJ-PA",36,New York,61,New York,40.81976,-73.94825
01/19/2024,AQS,1,0.027,ppm,25,CCNY,17,100,44201,Ozone,87,35620,"New York-Newark-Jersey City, NY-NJ-PA",36,New York,61,New York,40.81976,-73.94825
01/20/2024,AQS,1,0.03,ppm,28,CCNY,17,100,44201,Ozone,87,35620,"New York-Newark-Jersey City, NY-NJ-PA",36,New York,61,New York,40.81976,-73.94825
01/21/2024,AQS,1,0.034,ppm,31,CCNY,17,100,44201,Ozone,87,35620,"New York-Newark-Jersey City, NY-NJ-PA",36,New York,61,New York,40.81976,-73.94825
01/22/2024,AQS,1,0.017,ppm,16,CCNY,17,100,44201,Ozone,87,35620,"New York-Newark-Jersey City, NY-NJ-PA",36,New York,61,New York,40.81976,-73.94825
01/23/2024,AQS,1,0.011,ppm,10,CCNY,17,100,44201,Ozone,87,35620,"New York-Newark-Jersey City, NY-NJ-PA",36,New York,61,New York,40.81976,-73.94825
01/24/2024,AQS,1,0.001,ppm,1,CCNY,17,100,44201,Ozone,87,35620,"New York-Newark-Jersey City, NY-NJ-PA",36,New York,61,New York,40.81976,-73.94825
01/25/2024,AQS,1,0.012,ppm,11,CCNY,17,100,44201,Ozone,87,35620,"New York-Newark-Jersey City, NY-NJ-PA",36,New York,61,New York,40.81976,-73.94825
01/26/2024,AQS,1,0.017,ppm,16,CCNY,17,100,44201,Ozone,87,35620,"New York-Newark-Jersey City, NY-NJ-PA",36,New York,61,New York,40.81976,-73.94825
01/27/2024,AQS,1,0.014,ppm,13,CCNY,17,100,44201,Ozone,87,35620,"New York-Newark-Jersey City, NY-NJ-PA",36,New York,61,New York,40.81976,-73.94825
01/28/2024,AQS,1,0.021,ppm,19,CCNY,17,100,44201,Ozone,87,35620,"New York-Newark-Jersey City, NY-NJ-PA",36,New York,61,New York,40.81976,-73.94825
01/29/2024,AQS,1,0.02,ppm,19,CCNY,17,100,44201,Ozone,87,35620,"New York-Newark-Jersey City, NY-NJ-PA",36,New York,61,New York,40.81976,-73.94825
01/30/2024,AQS,1,0.023,ppm,21,CCNY,17,100,44201,Ozone,87,35620,"New York-Newark-Jersey City, NY-NJ-PA",36,New York,61,New York,40.81976,-73.94825
01/31/2024,AQS,1,0.019,ppm,18,CCNY,17,100,44201,Ozone,87,35620,"New York-Newark-Jersey City, NY-NJ-PA",36,New York,61,New York,40.81976,-73.94825
02/01/2024,AQS,1,0.006,ppm,6,CCNY,17,100,44201,Ozone,87,35620,"New York-Newark-Jersey City, NY-NJ-PA",36,New York,61,New York,40.81976,-73.94825
02/02/2024,AQS,1,0.015,ppm,14,CCNY,17,100,44201,Ozone,87,35620,"New York-Newark-Jersey City, NY-NJ-PA",36,New York,61,New York,40.81976,-73.94825
02/03/2024,AQS,1,0.026,ppm,24,CCNY,17,100,44201,Ozone,87,35620,"New York-Newark-Jersey City, NY-NJ-PA",36,New York,61,New York,40.81976,-73.94825
02/04/2024,AQS,1,0.032,ppm,30,CCNY,17,100,44201,Ozone,87,35620,"New York-Newark-Jersey City, NY-NJ-PA",36,New York,61,New York,40.81976,-73.94825
02/05/2024,AQS,1,0.036,ppm,33,CCNY,17,100,44201,Ozone,87,35620,"New York-Newark-Jersey City, NY-NJ-PA",36,New York,61,New York,40.81976,-73.94825
02/06/2024,AQS,1,0.031,ppm,29,CCNY,17,100,44201,Ozone,87,35620,"New York-Newark-Jersey City, NY-NJ-PA",36,New York,61,New York,40.81976,-73.94825
02/07/2024,AQS,1,0.028,ppm,26,CCNY,17,100,44201,Ozone,87,35620,"New York-Newark-Jersey City, NY-NJ-PA",36,New York,61,New York,40.81976,-73.94825
02/08/2024,AQS,1,0.011,ppm,10,CCNY,17,100,44201,Ozone,87,35620,"New York-Newark-Jersey City, NY-NJ-PA",36,New York,61,New York,40.81976,-73.94825
02/09/2024,AQS,1,0.027,ppm,25,CCNY,17,100,44201,Ozone,87,35620,"New York-Newark-Jersey City, NY-NJ-PA",36,New York,61,New York,40.81976,-73.94825
02/10/2024,AQS,1,0.012,ppm,11,CCNY,17,100,44201,Ozone,87,35620,"New York-Newark-Jersey City, NY-NJ-PA",36,New York,61,New York,40.81976,-73.94825
02/11/2024,AQS,1,0.023,ppm,21,CCNY,17,100,44201,Ozone,87,35620,"New York-Newark-Jersey City, NY-NJ-PA",36,New York,61,New York,40.81976,-73.94825
02/12/2024,AQS,1,0.016,ppm,15,CCNY,17,100,44201,Ozone,87,35620,"New York-Newark-Jersey City, NY-NJ-PA",36,New York,61,New York,40.81976,-73.94825
02/13/2024,AQS,1,0.028,ppm,26,CCNY,17,100,44201,Ozone,87,35620,"New York-Newark-Jersey City, NY-NJ-PA",36,New York,61,New York,40.81976,-73.94825
02/14/2024,AQS,1,0.038,ppm,35,CCNY,17,100,44201,Ozone,87,35620,"New York-Newark-Jersey City, NY-NJ-PA",36,New York,61,New York,40.81976,-73.94825
02/16/2024,AQS,1,0.032,ppm,30,CCNY,17,100,44201,Ozone,87,35620,"New York-Newark-Jersey City, NY-NJ-PA",36,New York,61,New York,40.81976,-73.94825
02/17/2024,AQS,1,0.03,ppm,28,CCNY,17,100,44201,Ozone,87,35620,"New York-Newark-Jersey City, NY-NJ-PA",36,New York,61,New York,40.81976,-73.94825
02/18/2024,AQS,1,0.036,ppm,33,CCNY,17,100,44201,Ozone,87,35620,"New York-Newark-Jersey City, NY-NJ-PA",36,New York,61,New York,40.81976,-73.94825
02/19/2024,AQS,1,0.037,ppm,34,CCNY,17,100,44201,Ozone,87,35620,"New York-Newark-Jersey City, NY-NJ-PA",36,New York,61,New York,40.81976,-73.94825
02/20/2024,AQS,1,0.031,ppm,29,CCNY,17,100,44201,Ozone,87,35620,"New York-Newark-Jersey City, NY-NJ-PA",36,New York,61,New York,40.81976,-73.94825
02/21/2024,AQS,1,0.031,ppm,29,CCNY,17,100,44201,Ozone,87,35620,"New York-Newark-Jersey City, NY-NJ-PA",36,New York,61,New York,40.81976,-73.94825
02/22/2024,AQS,1,0.03,ppm,28,CCNY,17,100,44201,Ozone,87,35620,"New York-Newark-Jersey City, NY-NJ-PA",36,New York,61,New York,40.81976,-73.94825
02/23/2024,AQS,1,0.016,ppm,15,CCNY,17,100,44201,Ozone,87,35620,"New York-Newark-Jersey City, NY-NJ-PA",36,New York,61,New York,40.81976,-73.94825
02/24/2024,AQS,1,0.037,ppm,34,CCNY,17,100,44201,Ozone,87,35620,"New York-Newark-Jersey City, NY-NJ-PA",36,New York,61,New York,40.81976,-73.94825
02/25/2024,AQS,1,0.025,ppm,23,CCNY,17,100,44201,Ozone,87,35620,"New York-Newark-Jersey City, NY-NJ-PA",36,New York,61,New York,40.81976,-73.94825
02/26/2024,AQS,1,0.01,ppm,9,CCNY,17,100,44201,Ozone,87,35620,"New York-Newark-Jersey City, NY-NJ-PA",36,New York,61,New York,40.81976,-73.94825
02/27/2024,AQS,1,0.025,ppm,23,CCNY,17,100,44201,Ozone,87,35620,"New York-Newark-Jersey City, NY-NJ-PA",36,New York,61,New York,40.81976,-73.94825
02/28/2024,AQS,1,0.029,ppm,27,CCNY,17,100,44201,Ozone,87,35620,"New York-Newark-Jersey City, NY-NJ-PA",36,New York,61,New York,40.81976,-73.94825
02/29/2024,AQS,1,0.036,ppm,33,CCNY,17,100,44201,Ozone,87,35620,"New York-Newark-Jersey City, NY-NJ-PA",36,New York,61,New York,40.81976,-73.94825
03/01/2024,AQS,1,0.03,ppm,28,CCNY,17,100,44201,Ozone,87,35620,"New York-Newark-Jersey City, NY-NJ-PA",36,New York,61,New York,40.81976,-73.94825
03/02/2024,AQS,1,0.021,ppm,19,CCNY,17,100,44201,Ozone,87,35620,"New York-Newark-Jersey City, NY-NJ-PA",36,New York,61,New York,40.81976,-73.94825
03/03/2024,AQS,1,0.034,ppm,31,CCNY,17,100,44201,Ozone,87,35620,"New York-Newark-Jersey City, NY-NJ-PA",36,New York,61,New York,40.81976,-73.94825
03/04/2024,AQS,1,0.044,ppm,41,CCNY,17,100,44201,Ozone,87,35620,"New York-Newark-Jersey City, NY-NJ-PA",36,New York,61,New York,40.81976,-73.94825
03/05/2024,AQS,1,0.027,ppm,25,CCNY,17,100,44201,Ozone,87,35620,"New York-Newark-Jersey City, NY-NJ-PA",36,New York,61,New York,40.81976,-73.94825
03/06/2024,AQS,1,0.009,ppm,8,CCNY,17,100,44201,Ozone,87,35620,"New York-Newark-Jersey City, NY-NJ-PA",36,New York,61,New York,40.81976,-73.94825
03/07/2024,AQS,1,0.024,ppm,22,CCNY,17,100,44201,Ozone,87,35620,"New York-Newark-Jersey City, NY-NJ-PA",36,New York,61,New York,40.81976,-73.94825
03/08/2024,AQS,1,0.032,ppm,30,CCNY,17,100,44201,Ozone,87,35620,"New York-Newark-Jersey City, NY-NJ-PA",36,New York,61,New York,40.81976,-73.94825
03/09/2024,AQS,1,0.031,ppm,29,CCNY,17,100,44201,Ozone,87,35620,"New York-Newark-Jersey City, NY-NJ-PA",36,New York,61,New York,40.81976,-73.94825
03/10/2024,AQS,1,0.032,ppm,30,CCNY,17,100,44201,Ozone,87,35620,"New York-Newark-Jersey City, NY-NJ-PA",36,New York,61,New York,40.81976,-73.94825
03/11/2024,AQS,1,0.043,ppm,40,CCNY,17,100,44201,Ozone,87,35620,"New York-Newark-Jersey City, NY-NJ-PA",36,New York,61,New York,40.81976,-73.94825
03/12/2024,AQS,1,0.046,ppm,43,CCNY,17,100,44201,Ozone,87,35620,"New York-Newark-Jersey City, NY-NJ-PA",36,New York,61,New York,40.81976,-73.94825
03/13/2024,AQS,1,0.042,ppm,39,CCNY,17,100,44201,Ozone,87,35620,"New York-Newark-Jersey City, NY-NJ-PA",36,New York,61,New York,40.81976,-73.94825
03/14/2024,AQS,1,0.041,ppm,38,CCNY,17,100,44201,Ozone,87,35620,"New York-Newark-Jersey City, NY-NJ-PA",36,New York,61,New York,40.81976,-73.94825
03/15/2024,AQS,1,0.043,ppm,40,CCNY,17,100,44201,Ozone,87,35620,"New York-Newark-Jersey City, NY-NJ-PA",36,New York,61,New York,40.81976,-73.94825
03/16/2024,AQS,1,0.04,ppm,37,CCNY,17,100,44201,Ozone,87,35620,"New York-Newark-Jersey City, NY-NJ-PA",36,New York,61,New York,40.81976,-73.94825
03/17/2024,AQS,1,0.04,ppm,37,CCNY,17,100,44201,Ozone,87,35620,"New York-Newark-Jersey City, NY-NJ-PA",36,New York,61,New York,40.81976,-73.94825
03/18/2024,AQS,1,0.036,ppm,33,CCNY,17,100,44201,Ozone,87,35620,"New York-Newark-Jersey City, NY-NJ-PA",36,New York,61,New York,40.81976,-73.94825
03/19/2024,AQS,1,0.038,ppm,35,CCNY,17,100,44201,Ozone,87,35620,"New York-Newark-Jersey City, NY-NJ-PA",36,New York,61,New York,40.81976,-73.94825
03/20/2024,AQS,1,0.033,ppm,31,CCNY,17,100,44201,Ozone,87,35620,"New York-Newark-Jersey City, NY-NJ-PA",36,New York,61,New York,40.81976,-73.94825
03/22/2024,AQS,1,0.029,ppm,27,CCNY,17,100,44201,Ozone,87,35620,"New York-Newark-Jersey City, NY-NJ-PA",36,New York,61,New York,40.81976,-73.94825
03/23/2024,AQS,1,0.034,ppm,31,CCNY,17,100,44201,Ozone,87,35620,"New York-Newark-Jersey City, NY-NJ-PA",36,New York,61,New York,40.81976,-73.94825
03/24/2024,AQS,1,0.039,ppm,36,CCNY,17,100,44201,Ozone,87,35620,"New York-Newark-Jersey City, NY-NJ-PA",36,New York,61,New York,40.81976,-73.94825
03/25/2024,AQS,1,0.036,ppm,33,CCNY,17,100,44201,Ozone,87,35620,"New York-Newark-Jersey City, NY-NJ-PA",36,New York,61,New York,40.81976,-73.94825
03/26/2024,AQS,1,0.031,ppm,29,CCNY,17,100,44201,Ozone,87,35620,"New York-Newark-Jersey City, NY-NJ-PA",36,New York,61,New York,40.81976,-73.94825
03/27/2024,AQS,1,0.01,ppm,9,CCNY,17,100,44201,Ozone,87,35620,"New York-Newark-Jersey City, NY-NJ-PA",36,New York,61,New York,40.81976,-73.94825
03/28/2024,AQS,1,0.038,ppm,35,CCNY,17,100,44201,Ozone,87,35620,"New York-Newark-Jersey City, NY-NJ-PA",36,New York,61,New York,40.81976,-73.94825
03/29/2024,AQS,1,0.046,ppm,43,CCNY,17,100,44201,Ozone,87,35620,"New York-Newark-Jersey City, NY-NJ-PA",36,New York,61,New York,40.81976,-73.94825
03/30/2024,AQS,1,0.045,ppm,42,CCNY,17,100,44201,Ozone,87,35620,"New York-Newark-Jersey City, NY-NJ-PA",36,New York,61,New York,40.81976,-73.94825
03/31/2024,AQS,1,0.045,ppm,42,CCNY,17,100,44201,Ozone,87,35620,"New York-Newark-Jersey City, NY-NJ-PA",36,New York,61,New York,40.81976,-73.94825
04/01/2024,AQS,1,0.021,ppm,19,CCNY,17,100,44201,Ozone,87,35620,"New York-Newark-Jersey City, NY-NJ-PA",36,New York,61,New York,40.81976,-73.94825
04/02/2024,AirNow,1,0.035,ppm,32,CCNY,18,75,44201,Ozone,,35620,"New York-Newark-Jersey City, NY-NJ-PA",36,New York,61,New York,40.81976,-73.94825
04/03/2024,AQS,1,0.035,ppm,32,CCNY,17,100,44201,Ozone,87,35620,"New York-Newark-Jersey City, NY-NJ-PA",36,New York,61,New York,40.81976,-73.94825
04/04/2024,AQS,1,0.037,ppm,34,CCNY,17,100,44201,Ozone,87,35620,"New York-Newark-Jersey City, NY-NJ-PA",36,New York,61,New York,40.81976,-73.94825
04/05/2024,AQS,1,0.037,ppm,34,CCNY,17,100,44201,Ozone,87,35620,"New York-Newark-Jersey City, NY-NJ-PA",36,New York,61,New York,40.81976,-73.94825
04/06/2024,AQS,1,0.037,ppm,34,CCNY,17,100,44201,Ozone,87,35620,"New York-Newark-Jersey City, NY-NJ-PA",36,New York,61,New York,40.81976,-73.94825
04/07/2024,AQS,1,0.042,ppm,39,CCNY,17,100,44201,Ozone,87,35620,"New York-Newark-Jersey City, NY-NJ-PA",36,New York,61,New York,40.81976,-73.94825
04/08/2024,AQS,1,0.034,ppm,31,CCNY,17,100,44201,Ozone,87,35620,"New York-Newark-Jersey City, NY-NJ-PA",36,New York,61,New York,40.81976,-73.94825
04/09/2024,AirNow,1,0.049,ppm,45,CCNY,18,75,44201,Ozone,,35620,"New York-Newark-Jersey City, NY-NJ-PA",36,New York,61,New York,40.81976,-73.94825
04/10/2024,AQS,1,0.043,ppm,40,CCNY,17,100,44201,Ozone,87,35620,"New York-Newark-Jersey City, NY-NJ-PA",36,New York,61,New York,40.81976,-73.94825
04/11/2024,AQS,1,0.04,ppm,37,CCNY,17,100,44201,Ozone,87,35620,"New York-Newark-Jersey City, NY-NJ-PA",36,New York,61,New York,40.81976,-73.94825
04/12/2024,AQS,1,0.039,ppm,36,CCNY,17,100,44201,Ozone,87,35620,"New York-Newark-Jersey City, NY-NJ-PA",36,New York,61,New York,40.81976,-73.94825
04/13/2024,AQS,1,0.041,ppm,38,CCNY,17,100,44201,Ozone,87,35620,"New York-Newark-Jersey City, NY-NJ-PA",36,New York,61,New York,40.81976,-73.94825
04/14/2024,AQS,1,0.048,ppm,44,CCNY,17,100,44201,Ozone,87,35620,"New York-Newark-Jersey City, NY-NJ-PA",36,New York,61,New York,40.81976,-73.94825
04/15/2024,AQS,1,0.055,ppm,51,CCNY,17,100,44201,Ozone,87,35620,"New York-Newark-Jersey City, NY-NJ-PA",36,New York,61,New York,40.81976,-73.94825
04/16/2024,AQS,1,0.049,ppm,45,CCNY,17,100,44201,Ozone,87,35620,"New York-Newark-Jersey City, NY-NJ-PA",36,New York,61,New York,40.81976,-73.94825
04/17/2024,AQS,1,0.037,ppm,34,CCNY,17,100,44201,Ozone,87,35620,"New York-Newark-Jersey City, NY-NJ-PA",36,New York,61,New York,40.81976,-73.94825
04/18/2024,AQS,1,0.03,ppm,28,CCNY,17,100,44201,Ozone,87,35620,"New York-Newark-Jersey City, NY-NJ-PA",36,New York,61,New York,40.81976,-73.94825
04/19/2024,AQS,1,0.031,ppm,29,CCNY,17,100,44201,Ozone,87,35620,"New York-Newark-Jersey City, NY-NJ-PA",36,New York,61,New York,40.81976,-73.94825
04/20/2024,AQS,1,0.046,ppm,43,CCNY,17,100,44201,Ozone,87,35620,"New York-Newark-Jersey City, NY-NJ-PA",36,New York,61,New York,40.81976,-73.94825
04/21/2024,AQS,1,0.035,ppm,32,CCNY,17,100,44201,Ozone,87,35620,"New York-Newark-Jersey City, NY-NJ-PA",36,New York,61,New York,40.81976,-73.94825
04/22/2024,AQS,1,0.047,ppm,44,CCNY,17,100,44201,Ozone,87,35620,"New York-Newark-Jersey City, NY-NJ-PA",36,New York,61,New York,40.81976,-73.94825
04/23/2024,AirNow,1,0.042,ppm,39,CCNY,18,75,44201,Ozone,,35620,"New York-Newark-Jersey City, NY-NJ-PA",36,New York,61,New York,40.81976,-73.94825
04/24/2024,AQS,1,0.049,ppm,45,CCNY,17,100,44201,Ozone,87,35620,"New York-Newark-Jersey City, NY-NJ-PA",36,New York,61,New York,40.81976,-73.94825
04/25/2024,AQS,1,0.038,ppm,35,CCNY,17,100,44201,Ozone,87,35620,"New York-Newark-Jersey City, NY-NJ-PA",36,New York,61,New York,40.81976,-73.94825
04/26/2024,AQS,1,0.037,ppm,34,CCNY,17,100,44201,Ozone,87,35620,"New York-Newark-Jersey City, NY-NJ-PA",36,New York,61,New York,40.81976,-73.94825
04/27/2024,AQS,1,0.043,ppm,40,CCNY,17,100,44201,Ozone,87,35620,"New York-Newark-Jersey City, NY-NJ-PA",36,New York,61,New York,40.81976,-73.94825
04/28/2024,AQS,1,0.04,ppm,37,CCNY,17,100,44201,Ozone,87,35620,"New York-Newark-Jersey City, NY-NJ-PA",36,New York,61,New York,40.81976,-73.94825
04/29/2024,AQS,1,0.057,ppm,58,CCNY,17,100,44201,Ozone,87,35620,"New York-Newark-Jersey City, NY-NJ-PA",36,New York,61,New York,40.81976,-73.94825
04/30/2024,AQS,1,0.028,ppm,26,CCNY,17,100,44201,Ozone,87,35620,"New York-Newark-Jersey City, NY-NJ-PA",36,New York,61,New York,40.81976,-73.94825
05/01/2024,AQS,1,0.038,ppm,35,CCNY,17,100,44201,Ozone,87,35620,"New York-Newark-Jersey City, NY-NJ-PA",36,New York,61,New York,40.81976,-73.94825
05/02/2024,AQS,1,0.035,ppm,32,CCNY,17,100,44201,Ozone,87,35620,"New York-Newark-Jersey City, NY-NJ-PA",36,New York,61,New York,40.81976,-73.94825
05/03/2024,AQS,1,0.037,ppm,34,CCNY,17,100,44201,Ozone,87,35620,"New York-Newark-Jersey City, NY-NJ-PA",36,New York,61,New York,40.81976,-73.94825
05/04/2024,AQS,1,0.03,ppm,28,CCNY,17,100,44201,Ozone,87,35620,"New York-Newark-Jersey City, NY-NJ-PA",36,New York,61,New York,40.81976,-73.94825
05/05/2024,AQS,1,0.026,ppm,24,CCNY,17,100,44201,Ozone,87,35620,"New York-Newark-Jersey City, NY-NJ-PA",36,New York,61,New York,40.81976,-73.94825
05/06/2024,AQS,1,0.013,ppm,12,CCNY,17,100,44201,Ozone,87,35620,"New York-Newark-Jersey City, NY-NJ-PA",36,New York,61,New York,40.81976,-73.94825
05/07/2024,AQS,1,0.053,ppm,49,CCNY,17,100,44201,Ozone,87,35620,"New York-Newark-Jersey City, NY-NJ-PA",36,New York,61,New York,40.81976,-73.94825
05/08/2024,AQS,1,0.051,ppm,47,CCNY,17,100,44201,Ozone,87,35620,"New York-Newark-Jersey City, NY-NJ-PA",36,New York,61,New York,40.81976,-73.94825
05/09/2024,AQS,1,0.037,ppm,34,CCNY,17,100,44201,Ozone,87,35620,"New York-Newark-Jersey City, NY-NJ-PA",36,New York,61,New York,40.81976,-73.94825
05/10/2024,AQS,1,0.027,ppm,25,CCNY,17,100,44201,Ozone,87,35620,"New York-Newark-Jersey City, NY-NJ-PA",36,New York,61,New York,40.81976,-73.94825
05/11/2024,AQS,1,0.037,ppm,34,CCNY,17,100,44201,Ozone,87,35620,"New York-Newark-Jersey City, NY-NJ-PA",36,New York,61,New York,40.81976,-73.94825
05/12/2024,AQS,1,0.027,ppm,25,CCNY,17,100,44201,Ozone,87,35620,"New York-Newark-Jersey City, NY-NJ-PA",36,New York,61,New York,40.81976,-73.94825
05/13/2024,AQS,1,0.028,ppm,26,CCNY,17,100,44201,Ozone,87,35620,"New York-Newark-Jersey City, NY-NJ-PA",36,New York,61,New York,40.81976,-73.94825
05/14/2024,AQS,1,0.032,ppm,30,CCNY,17,100,44201,Ozone,87,35620,"New York-Newark-Jersey City, NY-NJ-PA",36,New York,61,New York,40.81976,-73.94825
05/15/2024,AQS,1,0.036,ppm,33,CCNY,17,100,44201,Ozone,87,35620,"New York-Newark-Jersey City, NY-NJ-PA",36,New York,61,New York,40.81976,-73.94825
05/16/2024,AQS,1,0.038,ppm,35,CCNY,17,100,44201,Ozone,87,35620,"New York-Newark-Jersey City, NY-NJ-PA",36,New York,61,New York,40.81976,-73.94825
05/17/2024,AQS,1,0.044,ppm,41,CCNY,17,100,44201,Ozone,87,35620,"New York-Newark-Jersey City, NY-NJ-PA",36,New York,61,New York,40.81976,-73.94825
05/18/2024,AQS,1,0.04,ppm,37,CCNY,17,100,44201,Ozone,87,35620,"New York-Newark-Jersey City, NY-NJ-PA",36,New York,61,New York,40.81976,-73.94825
05/19/2024,AQS,1,0.035,ppm,32,CCNY,17,100,44201,Ozone,87,35620,"New York-Newark-Jersey City, NY-NJ-PA",36,New York,61,New York,40.81976,-73.94825
05/20/2024,AQS,1,0.035,ppm,32,CCNY,17,100,44201,Ozone,87,35620,"New York-Newark-Jersey City, NY-NJ-PA",36,New York,61,New York,40.81976,-73.94825
05/22/2024,AQS,1,0.048,ppm,44,CCNY,17,100,44201,Ozone,87,35620,"New York-Newark-Jersey City, NY-NJ-PA",36,New York,61,New York,40.81976,-73.94825
05/23/2024,AQS,1,0.052,ppm,48,CCNY,17,100,44201,Ozone,87,35620,"New York-Newark-Jersey City, NY-NJ-PA",36,New York,61,New York,40.81976,-73.94825
05/24/2024,AQS,1,0.067,ppm,90,CCNY,17,100,44201,Ozone,87,35620,"New York-Newark-Jersey City, NY-NJ-PA",36,New York,61,New York,40.81976,-73.94825
05/25/2024,AQS,1,0.056,ppm,54,CCNY,17,100,44201,Ozone,87,35620,"New York-Newark-Jersey City, NY-NJ-PA",36,New York,61,New York,40.81976,-73.94825
05/26/2024,AQS,1,0.052,ppm,48,CCNY,17,100,44201,Ozone,87,35620,"New York-Newark-Jersey City, NY-NJ-PA",36,New York,61,New York,40.81976,-73.94825
05/27/2024,AQS,1,0.039,ppm,36,CCNY,17,100,44201,Ozone,87,35620,"New York-Newark-Jersey City, NY-NJ-PA",36,New York,61,New York,40.81976,-73.94825
05/28/2024,AQS,1,0.05,ppm,46,CCNY,17,100,44201,Ozone,87,35620,"New York-Newark-Jersey City, NY-NJ-PA",36,New York,61,New York,40.81976,-73.94825
05/29/2024,AQS,1,0.048,ppm,44,CCNY,17,100,44201,Ozone,87,35620,"New York-Newark-Jersey City, NY-NJ-PA",36,New York,61,New York,40.81976,-73.94825
05/31/2024,AQS,1,0.043,ppm,40,CCNY,17,100,44201,Ozone,87,35620,"New York-Newark-Jersey City, NY-NJ-PA",36,New York,61,New York,40.81976,-73.94825
06/01/2024,AQS,1,0.052,ppm,48,CCNY,17,100,44201,Ozone,87,35620,"New York-Newark-Jersey City, NY-NJ-PA",36,New York,61,New York,40.81976,-73.94825
06/02/2024,AQS,1,0.064,ppm,80,CCNY,17,100,44201,Ozone,87,35620,"New York-Newark-Jersey City, NY-NJ-PA",36,New York,61,New York,40.81976,-73.94825
06/03/2024,AQS,1,0.068,ppm,93,CCNY,17,100,44201,Ozone,87,35620,"New York-Newark-Jersey City, NY-NJ-PA",36,New York,61,New York,40.81976,-73.94825
06/04/2024,AQS,1,0.065,ppm,84,CCNY,13,76,44201,Ozone,87,35620,"New York-Newark-Jersey City, NY-NJ-PA",36,New York,61,New York,40.81976,-73.94825
06/05/2024,AQS,1,0.045,ppm,42,CCNY,17,100,44201,Ozone,87,35620,"New York-Newark-Jersey City, NY-NJ-PA",36,New York,61,New York,40.81976,-73.94825
06/06/2024,AQS,1,0.033,ppm,31,CCNY,17,100,44201,Ozone,87,35620,"New York-Newark-Jersey City, NY-NJ-PA",36,New York,61,New York,40.81976,-73.94825
06/07/2024,AQS,1,0.058,ppm,61,CCNY,17,100,44201,Ozone,87,35620,"New York-Newark-Jersey City, NY-NJ-PA",36,New York,61,New York,40.81976,-73.94825
06/08/2024,AQS,1,0.037,ppm,34,CCNY,17,100,44201,Ozone,87,35620,"New York-Newark-Jersey City, NY-NJ-PA",36,New York,61,New York,40.81976,-73.94825
06/09/2024,AQS,1,0.04,ppm,37,CCNY,17,100,44201,Ozone,87,35620,"New York-Newark-Jersey City, NY-NJ-PA",36,New York,61,New York,40.81976,-73.94825
06/11/2024,AQS,1,0.034,ppm,31,CCNY,17,100,44201,Ozone,87,35620,"New York-Newark-Jersey City, NY-NJ-PA",36,New York,61,New York,40.81976,-73.94825
06/12/2024,AQS,1,0.043,ppm,40,CCNY,17,100,44201,Ozone,87,35620,"New York-Newark-Jersey City, NY-NJ-PA",36,New York,61,New York,40.81976,-73.94825
06/13/2024,AQS,1,0.061,ppm,71,CCNY,17,100,44201,Ozone,87,35620,"New York-Newark-Jersey City, NY-NJ-PA",36,New York,61,New York,40.81976,-73.94825
06/14/2024,AQS,1,0.064,ppm,80,CCNY,17,100,44201,Ozone,87,35620,"New York-Newark-Jersey City, NY-NJ-PA",36,New York,61,New York,40.81976,-73.94825
06/15/2024,AQS,1,0.039,ppm,36,CCNY,17,100,44201,Ozone,87,35620,"New York-Newark-Jersey City, NY-NJ-PA",36,New York,61,New York,40.81976,-73.94825
06/16/2024,AQS,1,0.046,ppm,43,CCNY,17,100,44201,Ozone,87,35620,"New York-Newark-Jersey City, NY-NJ-PA",36,New York,61,New York,40.81976,-73.94825
06/17/2024,AQS,1,0.051,ppm,47,CCNY,13,76,44201,Ozone,87,35620,"New York-Newark-Jersey City, NY-NJ-PA",36,New York,61,New York,40.81976,-73.94825
06/18/2024,AQS,1,0.05,ppm,46,CCNY,17,100,44201,Ozone,87,35620,"New York-Newark-Jersey City, NY-NJ-PA",36,New York,61,New York,40.81976,-73.94825
06/19/2024,AQS,1,0.05,ppm,46,CCNY,17,100,44201,Ozone,87,35620,"New York-Newark-Jersey City, NY-NJ-PA",36,New York,61,New York,40.81976,-73.94825
06/20/2024,AQS,1,0.07,ppm,100,CCNY,17,100,44201,Ozone,87,35620,"New York-Newark-Jersey City, NY-NJ-PA",36,New York,61,New York,40.81976,-73.94825
06/21/2024,AQS,1,0.085,ppm,150,CCNY,17,100,44201,Ozone,87,35620,"New York-Newark-Jersey City, NY-NJ-PA",36,New York,61,New York,40.81976,-73.94825
06/22/2024,AQS,1,0.069,ppm,97,CCNY,17,100,44201,Ozone,87,35620,"New York-Newark-Jersey City, NY-NJ-PA",36,New York,61,New York,40.81976,-73.94825
06/23/2024,AQS,1,0.059,ppm,64,CCNY,17,100,44201,Ozone,87,35620,"New York-Newark-Jersey City, NY-NJ-PA",36,New York,61,New York,40.81976,-73.94825
06/24/2024,AQS,1,0.044,ppm,41,CCNY,17,100,44201,Ozone,87,35620,"New York-Newark-Jersey City, NY-NJ-PA",36,New York,61,New York,40.81976,-73.94825
06/25/2024,AQS,1,0.052,ppm,48,CCNY,17,100,44201,Ozone,87,35620,"New York-Newark-Jersey City, NY-NJ-PA",36,New York,61,New York,40.81976,-73.94825
06/26/2024,AQS,1,0.067,ppm,90,CCNY,17,100,44201,Ozone,87,35620,"New York-Newark-Jersey City, NY-NJ-PA",36,New York,61,New York,40.81976,-73.94825
06/27/2024,AQS,1,0.048,ppm,44,CCNY,17,100,44201,Ozone,87,35620,"New York-Newark-Jersey City, NY-NJ-PA",36,New York,61,New York,40.81976,-73.94825
06/28/2024,AQS,1,0.045,ppm,42,CCNY,17,100,44201,Ozone,87,35620,"New York-Newark-Jersey City, NY-NJ-PA",36,New York,61,New York,40.81976,-73.94825
06/29/2024,AQS,1,0.036,ppm,33,CCNY,17,100,44201,Ozone,87,35620,"New York-Newark-Jersey City, NY-NJ-PA",36,New York,61,New York,40.81976,-73.94825
06/30/2024,AQS,1,0.039,ppm,36,CCNY,13,76,44201,Ozone,87,35620,"New York-Newark-Jersey City, NY-NJ-PA",36,New York,61,New York,40.81976,-73.94825
07/01/2024,AQS,1,0.029,ppm,27,CCNY,17,100,44201,Ozone,87,35620,"New York-Newark-Jersey City, NY-NJ-PA",36,New York,61,New York,40.81976,-73.94825
07/02/2024,AQS,1,0.046,ppm,43,CCNY,17,100,44201,Ozone,87,35620,"New York-Newark-Jersey City, NY-NJ-PA",36,New York,61,New York,40.81976,-73.94825
07/03/2024,AQS,1,0.038,ppm,35,CCNY,17,100,44201,Ozone,87,35620,"New York-Newark-Jersey City, NY-NJ-PA",36,New York,61,New York,40.81976,-73.94825
07/04/2024,AQS,1,0.053,ppm,49,CCNY,17,100,44201,Ozone,87,35620,"New York-Newark-Jersey City, NY-NJ-PA",36,New York,61,New York,40.81976,-73.94825
07/05/2024,AQS,1,0.057,ppm,58,CCNY,17,100,44201,Ozone,87,35620,"New York-Newark-Jersey City, NY-NJ-PA",36,New York,61,New York,40.81976,-73.94825
07/06/2024,AQS,1,0.065,ppm,84,CCNY,17,100,44201,Ozone,87,35620,"New York-Newark-Jersey City, NY-NJ-PA",36,New York,61,New York,40.81976,-73.94825
07/07/2024,AQS,1,0.062,ppm,74,CCNY,13,76,44201,Ozone,87,35620,"New York-Newark-Jersey City, NY-NJ-PA",36,New York,61,New York,40.81976,-73.94825
07/08/2024,AQS,1,0.079,ppm,129,CCNY,17,100,44201,Ozone,87,35620,"New York-Newark-Jersey City, NY-NJ-PA",36,New York,61,New York,40.81976,-73.94825
07/09/2024,AQS,1,0.049,ppm,45,CCNY,17,100,44201,Ozone,87,35620,"New York-Newark-Jersey City, NY-NJ-PA",36,New York,61,New York,40.81976,-73.94825
07/10/2024,AQS,1,0.032,ppm,30,CCNY,17,100,44201,Ozone,87,35620,"New York-Newark-Jersey City, NY-NJ-PA",36,New York,61,New York,40.81976,-73.94825
07/11/2024,AQS,1,0.059,ppm,64,CCNY,17,100,44201,Ozone,87,35620,"New York-Newark-Jersey City, NY-NJ-PA",36,New York,61,New York,40.81976,-73.94825
07/12/2024,AQS,1,0.045,ppm,42,CCNY,17,100,44201,Ozone,87,35620,"New York-Newark-Jersey City, NY-NJ-PA",36,New York,61,New York,40.81976,-73.94825
07/13/2024,AQS,1,0.054,ppm,50,CCNY,17,100,44201,Ozone,87,35620,"New York-Newark-Jersey City, NY-NJ-PA",36,New York,61,New York,40.81976,-73.94825
07/14/2024,AQS,1,0.055,ppm,51,CCNY,14,82,44201,Ozone,87,35620,"New York-Newark-Jersey City, NY-NJ-PA",36,New York,61,New York,40.81976,-73.94825
07/15/2024,AQS,1,0.07,ppm,100,CCNY,17,100,44201,Ozone,87,35620,"New York-Newark-Jersey City, NY-NJ-PA",36,New York,61,New York,40.81976,-73.94825
07/16/2024,AQS,1,0.068,ppm,93,CCNY,17,100,44201,Ozone,87,35620,"New York-Newark-Jersey City, NY-NJ-PA",36,New York,61,New York,40.81976,-73.94825
07/17/2024,AQS,1,0.065,ppm,84,CCNY,17,100,44201,Ozone,87,35620,"New York-Newark-Jersey City, NY-NJ-PA",36,New York,61,New York,40.81976,-73.94825
07/18/2024,AQS,1,0.044,ppm,41,CCNY,17,100,44201,Ozone,87,35620,"New York-Newark-Jersey City, NY-NJ-PA",36,New York,61,New York,40.81976,-73.94825
07/19/2024,AQS,1,0.046,ppm,43,CCNY,17,100,44201,Ozone,87,35620,"New York-Newark-Jersey City, NY-NJ-PA",36,New York,61,New York,40.81976,-73.94825
07/20/2024,AQS,1,0.056,ppm,54,CCNY,17,100,44201,Ozone,87,35620,"New York-Newark-Jersey City, NY-NJ-PA",36,New York,61,New York,40.81976,-73.94825
07/21/2024,AQS,1,0.066,ppm,87,CCNY,17,100,44201,Ozone,87,35620,"New York-Newark-Jersey City, NY-NJ-PA",36,New York,61,New York,40.81976,-73.94825
07/22/2024,AirNow,1,0.047,ppm,44,CCNY,18,75,44201,Ozone,,35620,"New York-Newark-Jersey City, NY-NJ-PA",36,New York,61,New York,40.81976,-73.94825
07/23/2024,AQS,1,0.048,ppm,44,CCNY,17,100,44201,Ozone,87,35620,"New York-Newark-Jersey City, NY-NJ-PA",36,New York,61,New York,40.81976,-73.94825
07/24/2024,AQS,1,0.043,ppm,40,CCNY,17,100,44201,Ozone,87,35620,"New York-Newark-Jersey City, NY-NJ-PA",36,New York,61,New York,40.81976,-73.94825
07/25/2024,AQS,1,0.046,ppm,43,CCNY,17,100,44201,Ozone,87,35620,"New York-Newark-Jersey City, NY-NJ-PA",36,New York,61,New York,40.81976,-73.94825
07/26/2024,AQS,1,0.035,ppm,32,CCNY,17,100,44201,Ozone,87,35620,"New York-Newark-Jersey City, NY-NJ-PA",36,New York,61,New York,40.81976,-73.94825
07/27/2024,AQS,1,0.044,ppm,41,CCNY,17,100,44201,Ozone,87,35620,"New York-Newark-Jersey City, NY-NJ-PA",36,New York,61,New York,40.81976,-73.94825
07/28/2024,AQS,1,0.044,ppm,41,CCNY,17,100,44201,Ozone,87,35620,"New York-Newark-Jersey City, NY-NJ-PA",36,New York,61,New York,40.81976,-73.94825
07/29/2024,AQS,1,0.048,ppm,44,CCNY,17,100,44201,Ozone,87,35620,"New York-Newark-Jersey City, NY-NJ-PA",36,New York,61,New York,40.81976,-73.94825
07/30/2024,AirNow,1,0.047,ppm,44,CCNY,18,75,44201,Ozone,,35620,"New York-Newark-Jersey City, NY-NJ-PA",36,New York,61,New York,40.81976,-73.94825
07/31/2024,AQS,1,0.054,ppm,50,CCNY,17,100,44201,Ozone,87,35620,"New York-Newark-Jersey City, NY-NJ-PA",36,New York,61,New York,40.81976,-73.94825
08/01/2024,AQS,1,0.059,ppm,64,CCNY,17,100,44201,Ozone,87,35620,"New York-Newark-Jersey City, NY-NJ-PA",36,New York,61,New York,40.81976,-73.94825
08/02/2024,AQS,1,0.06,ppm,67,CCNY,17,100,44201,Ozone,87,35620,"New York-Newark-Jersey City, NY-NJ-PA",36,New York,61,New York,40.81976,-73.94825
08/03/2024,AQS,1,0.06,ppm,67,CCNY,17,100,44201,Ozone,87,35620,"New York-Newark-Jersey City, NY-NJ-PA",36,New York,61,New York,40.81976,-73.94825
08/04/2024,AQS,1,0.04,ppm,37,CCNY,17,100,44201,Ozone,87,35620,"New York-Newark-Jersey City, NY-NJ-PA",36,New York,61,New York,40.81976,-73.94825
08/05/2024,AQS,1,0.061,ppm,71,CCNY,13,76,44201,Ozone,87,35620,"New York-Newark-Jersey City, NY-NJ-PA",36,New York,61,New York,40.81976,-73.94825
08/06/2024,AQS,1,0.062,ppm,74,CCNY,17,100,44201,Ozone,87,35620,"New York-Newark-Jersey City, NY-NJ-PA",36,New York,61,New York,40.81976,-73.94825
08/07/2024,AQS,1,0.029,ppm,27,CCNY,17,100,44201,Ozone,87,35620,"New York-Newark-Jersey City, NY-NJ-PA",36,New York,61,New York,40.81976,-73.94825
08/08/2024,AQS,1,0.028,ppm,26,CCNY,17,100,44201,Ozone,87,35620,"New York-Newark-Jersey City, NY-NJ-PA",36,New York,61,New York,40.81976,-73.94825
08/09/2024,AQS,1,0.025,ppm,23,CCNY,17,100,44201,Ozone,87,35620,"New York-Newark-Jersey City, NY-NJ-PA",36,New York,61,New York,40.81976,-73.94825
08/10/2024,AQS,1,0.045,ppm,42,CCNY,17,100,44201,Ozone,87,35620,"New York-Newark-Jersey City, NY-NJ-PA",36,New York,61,New York,40.81976,-73.94825
08/11/2024,AQS,1,0.045,ppm,42,CCNY,17,100,44201,Ozone,87,35620,"New York-Newark-Jersey City, NY-NJ-PA",36,New York,61,New York,40.81976,-73.94825
08/12/2024,AQS,1,0.039,ppm,36,CCNY,17,100,44201,Ozone,87,35620,"New York-Newark-Jersey City, NY-NJ-PA",36,New York,61,New York,40.81976,-73.94825
08/13/2024,AQS,1,0.035,ppm,32,CCNY,17,100,44201,Ozone,87,35620,"New York-Newark-Jersey City, NY-NJ-PA",36,New York,61,New York,40.81976,-73.94825
08/14/2024,AQS,1,0.035,ppm,32,CCNY,17,100,44201,Ozone,87,35620,"New York-Newark-Jersey City, NY-NJ-PA",36,New York,61,New York,40.81976,-73.94825
08/15/2024,AQS,1,0.036,ppm,33,CCNY,17,100,44201,Ozone,87,35620,"New York-Newark-Jersey City, NY-NJ-PA",36,New York,61,New York,40.81976,-73.94825
08/16/2024,AQS,1,0.051,ppm,47,CCNY,17,100,44201,Ozone,87,35620,"New York-Newark-Jersey City, NY-NJ-PA",36,New York,61,New York,40.81976,-73.94825
08/17/2024,AQS,1,0.048,ppm,44,CCNY,17,100,44201,Ozone,87,35620,"New York-Newark-Jersey City, NY-NJ-PA",36,New York,61,New York,40.81976,-73.94825
08/18/2024,AQS,1,0.045,ppm,42,CCNY,17,100,44201,Ozone,87,35620,"New York-Newark-Jersey City, NY-NJ-PA",36,New York,61,New York,40.81976,-73.94825
08/19/2024,AQS,1,0.046,ppm,43,CCNY,13,76,44201,Ozone,87,35620,"New York-Newark-Jersey City, NY-NJ-PA",36,New York,61,New York,40.81976,-73.94825
08/20/2024,AQS,1,0.033,ppm,31,CCNY,17,100,44201,Ozone,87,35620,"New York-Newark-Jersey City, NY-NJ-PA",36,New York,61,New York,40.81976,-73.94825
08/21/2024,AQS,1,0.031,ppm,29,CCNY,17,100,44201,Ozone,87,35620,"New York-Newark-Jersey City, NY-NJ-PA",36,New York,61,New York,40.81976,-73.94825
08/22/2024,AQS,1,0.03,ppm,28,CCNY,17,100,44201,Ozone,87,35620,"New York-Newark-Jersey City, NY-NJ-PA",36,New York,61,New York,40.81976,-73.94825
08/23/2024,AQS,1,0.048,ppm,44,CCNY,17,100,44201,Ozone,87,35620,"New York-Newark-Jersey City, NY-NJ-PA",36,New York,61,New York,40.81976,-73.94825
08/24/2024,AQS,1,0.059,ppm,64,CCNY,17,100,44201,Ozone,87,35620,"New York-Newark-Jersey City, NY-NJ-PA",36,New York,61,New York,40.81976,-73.94825
08/25/2024,AQS,1,0.065,ppm,84,CCNY,17,100,44201,Ozone,87,35620,"New York-Newark-Jersey City, NY-NJ-PA",36,New York,61,New York,40.81976,-73.94825
08/26/2024,AQS,1,0.07,ppm,100,CCNY,17,100,44201,Ozone,87,35620,"New York-Newark-Jersey City, NY-NJ-PA",36,New York,61,New York,40.81976,-73.94825
08/27/2024,AQS,1,0.064,ppm,80,CCNY,17,100,44201,Ozone,87,35620,"New York-Newark-Jersey City, NY-NJ-PA",36,New York,61,New York,40.81976,-73.94825
08/28/2024,AQS,1,0.056,ppm,54,CCNY,17,100,44201,Ozone,87,35620,"New York-Newark-Jersey City, NY-NJ-PA",36,New York,61,New York,40.81976,-73.94825
08/29/2024,AQS,1,0.033,ppm,31,CCNY,17,100,44201,Ozone,87,35620,"New York-Newark-Jersey City, NY-NJ-PA",36,New York,61,New York,40.81976,-73.94825
08/30/2024,AQS,1,0.029,ppm,27,CCNY,17,100,44201,Ozone,87,35620,"New York-Newark-Jersey City, NY-NJ-PA",36,New York,61,New York,40.81976,-73.94825
08/31/2024,AQS,1,0.032,ppm,30,CCNY,17,100,44201,Ozone,87,35620,"New York-Newark-Jersey City, NY-NJ-PA",36,New York,61,New York,40.81976,-73.94825
09/01/2024,AQS,1,0.039,ppm,36,CCNY,17,100,44201,Ozone,87,35620,"New York-Newark-Jersey City, NY-NJ-PA",36,New York,61,New York,40.81976,-73.94825
09/02/2024,AQS,1,0.033,ppm,31,CCNY,17,100,44201,Ozone,87,35620,"New York-Newark-Jersey City, NY-NJ-PA",36,New York,61,New York,40.81976,-73.94825
09/03/2024,AQS,1,0.04,ppm,37,CCNY,17,100,44201,Ozone,87,35620,"New York-Newark-Jersey City, NY-NJ-PA",36,New York,61,New York,40.81976,-73.94825
09/04/2024,AQS,1,0.043,ppm,40,CCNY,17,100,44201,Ozone,87,35620,"New York-Newark-Jersey City, NY-NJ-PA",36,New York,61,New York,40.81976,-73.94825
09/05/2024,AQS,1,0.043,ppm,40,CCNY,17,100,44201,Ozone,87,35620,"New York-Newark-Jersey City, NY-NJ-PA",36,New York,61,New York,40.81976,-73.94825
09/06/2024,AQS,1,0.033,ppm,31,CCNY,17,100,44201,Ozone,87,35620,"New York-Newark-Jersey City, NY-NJ-PA",36,New York,61,New York,40.81976,-73.94825
09/07/2024,AQS,1,0.028,ppm,26,CCNY,17,100,44201,Ozone,87,35620,"New York-Newark-Jersey City, NY-NJ-PA",36,New York,61,New York,40.81976,-73.94825
09/08/2024,AQS,1,0.034,ppm,31,CCNY,17,100,44201,Ozone,87,35620,"New York-Newark-Jersey City, NY-NJ-PA",36,New York,61,New York,40.81976,-73.94825
09/09/2024,AQS,1,0.04,ppm,37,CCNY,17,100,44201,Ozone,87,35620,"New York-Newark-Jersey City, NY-NJ-PA",36,New York,61,New York,40.81976,-73.94825
09/10/2024,AQS,1,0.043,ppm,40,CCNY,17,100,44201,Ozone,87,35620,"New York-Newark-Jersey City, NY-NJ-PA",36,New York,61,New York,40.81976,-73.94825
09/11/2024,AirNow,1,0.044,ppm,41,CCNY,18,75,44201,Ozone,,35620,"New York-Newark-Jersey City, NY-NJ-PA",36,New York,61,New York,40.81976,-73.94825
09/12/2024,AQS,1,0.044,ppm,41,CCNY,17,100,44201,Ozone,87,35620,"New York-Newark-Jersey City, NY-NJ-PA",36,New York,61,New York,40.81976,-73.94825
09/13/2024,AQS,1,0.054,ppm,50,CCNY,17,100,44201,Ozone,87,35620,"New York-Newark-Jersey City, NY-NJ-PA",36,New York,61,New York,40.81976,-73.94825
09/14/2024,AQS,1,0.054,ppm,50,CCNY,17,100,44201,Ozone,87,35620,"New York-Newark-Jersey City, NY-NJ-PA",36,New York,61,New York,40.81976,-73.94825
09/15/2024,AQS,1,0.036,ppm,33,CCNY,17,100,44201,Ozone,87,35620,"New York-Newark-Jersey City, NY-NJ-PA",36,New York,61,New York,40.81976,-73.94825
09/16/2024,AQS,1,0.041,ppm,38,CCNY,17,100,44201,Ozone,87,35620,"New York-Newark-Jersey City, NY-NJ-PA",36,New York,61,New York,40.81976,-73.94825
09/17/2024,AQS,1,0.038,ppm,35,CCNY,17,100,44201,Ozone,87,35620,"New York-Newark-Jersey City, NY-NJ-PA",36,New York,61,New York,40.81976,-73.94825
09/18/2024,AirNow,1,0.032,ppm,30,CCNY,18,75,44201,Ozone,,35620,"New York-Newark-Jersey City, NY-NJ-PA",36,New York,61,New York,40.81976,-73.94825
09/19/2024,AQS,1,0.048,ppm,44,CCNY,17,100,44201,Ozone,87,35620,"New York-Newark-Jersey City, NY-NJ-PA",36,New York,61,New York,40.81976,-73.94825
09/20/2024,AQS,1,0.037,ppm,34,CCNY,17,100,44201,Ozone,87,35620,"New York-Newark-Jersey City, NY-NJ-PA",36,New York,61,New York,40.81976,-73.94825
09/21/2024,AQS,1,0.039,ppm,36,CCNY,17,100,44201,Ozone,87,35620,"New York-Newark-Jersey City, NY-NJ-PA",36,New York,61,New York,40.81976,-73.94825
09/22/2024,AQS,1,0.037,ppm,34,CCNY,17,100,44201,Ozone,87,35620,"New York-Newark-Jersey City, NY-NJ-PA",36,New York,61,New York,40.81976,-73.94825
09/23/2024,AQS,1,0.033,ppm,31,CCNY,17,100,44201,Ozone,87,35620,"New York-Newark-Jersey City, NY-NJ-PA",36,New York,61,New York,40.81976,-73.94825
09/24/2024,AQS,1,0.034,ppm,31,CCNY,17,100,44201,Ozone,87,35620,"New York-Newark-Jersey City, NY-NJ-PA",36,New York,61,New York,40.81976,-73.94825
09/25/2024,AQS,1,0.031,ppm,29,CCNY,17,100,44201,Ozone,87,35620,"New York-Newark-Jersey City, NY-NJ-PA",36,New York,61,New York,40.81976,-73.94825
09/26/2024,AQS,1,0.017,ppm,16,CCNY,17,100,44201,Ozone,87,35620,"New York-Newark-Jersey City, NY-NJ-PA",36,New York,61,New York,40.81976,-73.94825
09/27/2024,AQS,1,0.029,ppm,27,CCNY,17,100,44201,Ozone,87,35620,"New York-Newark-Jersey City, NY-NJ-PA",36,New York,61,New York,40.81976,-73.94825
09/28/2024,AQS,1,0.031,ppm,29,CCNY,17,100,44201,Ozone,87,35620,"New York-Newark-Jersey City, NY-NJ-PA",36,New York,61,New York,40.81976,-73.94825
09/29/2024,AQS,1,0.024,ppm,22,CCNY,17,100,44201,Ozone,87,35620,"New York-Newark-Jersey City, NY-NJ-PA",36,New York,61,New York,40.81976,-73.94825
09/30/2024,AQS,1,0.031,ppm,29,CCNY,17,100,44201,Ozone,87,35620,"New York-Newark-Jersey City, NY-NJ-PA",36,New York,61,New York,40.81976,-73.94825
10/01/2024,AQS,1,0.029,ppm,27,CCNY,17,100,44201,Ozone,87,35620,"New York-Newark-Jersey City, NY-NJ-PA",36,New York,61,New York,40.81976,-73.94825
10/02/2024,AQS,1,0.035,ppm,32,CCNY,17,100,44201,Ozone,87,35620,"New York-Newark-Jersey City, NY-NJ-PA",36,New York,61,New York,40.81976,-73.94825
10/03/2024,AQS,1,0.033,ppm,31,CCNY,14,82,44201,Ozone,87,35620,"New York-Newark-Jersey City, NY-NJ-PA",36,New York,61,New York,40.81976,-73.94825
10/04/2024,AQS,1,0.039,ppm,36,CCNY,17,100,44201,Ozone,87,35620,"New York-Newark-Jersey City, NY-NJ-PA",36,New York,61,New York,40.81976,-73.94825
10/05/2024,AQS,1,0.042,ppm,39,CCNY,17,100,44201,Ozone,87,35620,"New York-Newark-Jersey City, NY-NJ-PA",36,New York,61,New York,40.81976,-73.94825
10/06/2024,AQS,1,0.04,ppm,37,CCNY,17,100,44201,Ozone,87,35620,"New York-Newark-Jersey City, NY-NJ-PA",36,New York,61,New York,40.81976,-73.94825
10/07/2024,AQS,1,0.036,ppm,33,CCNY,17,100,44201,Ozone,87,35620,"New York-Newark-Jersey City, NY-NJ-PA",36,New York,61,New York,40.81976,-73.94825
10/08/2024,AQS,1,0.035,ppm,32,CCNY,17,100,44201,Ozone,87,35620,"New York-Newark-Jersey City, NY-NJ-PA",36,New York,61,New York,40.81976,-73.94825
10/09/2024,AQS,1,0.038,ppm,35,CCNY,15,88,44201,Ozone,87,35620,"New York-Newark-Jersey City, NY-NJ-PA",36,New York,61,New York,40.81976,-73.94825
10/10/2024,AQS,1,0.016,ppm,15,CCNY,17,100,44201,Ozone,87,35620,"New York-Newark-Jersey City, NY-NJ-PA",36,New York,61,New York,40.81976,-73.94825
10/11/2024,AQS,1,0.029,ppm,27,CCNY,17,100,44201,Ozone,87,35620,"New York-Newark-Jersey City, NY-NJ-PA",36,New York,61,New York,40.81976,-73.94825
10/12/2024,AQS,1,0.04,ppm,37,CCNY,17,100,44201,Ozone,87,35620,"New York-Newark-Jersey City, NY-NJ-PA",36,New York,61,New York,40.81976,-73.94825
10/13/2024,AQS,1,0.032,ppm,30,CCNY,17,100,44201,Ozone,87,35620,"New York-Newark-Jersey City, NY-NJ-PA",36,New York,61,New York,40.81976,-73.94825
10/14/2024,AQS,1,0.027,ppm,25,CCNY,17,100,44201,Ozone,87,35620,"New York-Newark-Jersey City, NY-NJ-PA",36,New York,61,New York,40.81976,-73.94825
10/15/2024,AQS,1,0.026,ppm,24,CCNY,17,100,44201,Ozone,87,35620,"New York-Newark-Jersey City, NY-NJ-PA",36,New York,61,New York,40.81976,-73.94825
10/16/2024,AQS,1,0.031,ppm,29,CCNY,17,100,44201,Ozone,87,35620,"New York-Newark-Jersey City, NY-NJ-PA",36,New York,61,New York,40.81976,-73.94825
10/17/2024,AQS,1,0.03,ppm,28,CCNY,17,100,44201,Ozone,87,35620,"New York-Newark-Jersey City, NY-NJ-PA",36,New York,61,New York,40.81976,-73.94825
10/18/2024,AQS,1,0.031,ppm,29,CCNY,15,88,44201,Ozone,87,35620,"New York-Newark-Jersey City, NY-NJ-PA",36,New York,61,New York,40.81976,-73.94825
10/19/2024,AQS,1,0.029,ppm,27,CCNY,17,100,44201,Ozone,87,35620,"New York-Newark-Jersey City, NY-NJ-PA",36,New York,61,New York,40.81976,-73.94825
10/20/2024,AQS,1,0.035,ppm,32,CCNY,17,100,44201,Ozone,87,35620,"New York-Newark-Jersey City, NY-NJ-PA",36,New York,61,New York,40.81976,-73.94825
10/21/2024,AQS,1,0.033,ppm,31,CCNY,17,100,44201,Ozone,87,35620,"New York-Newark-Jersey City, NY-NJ-PA",36,New York,61,New York,40.81976,-73.94825
10/22/2024,AQS,1,0.051,ppm,47,CCNY,17,100,44201,Ozone,87,35620,"New York-Newark-Jersey City, NY-NJ-PA",36,New York,61,New York,40.81976,-73.94825
10/23/2024,AQS,1,0.04,ppm,37,CCNY,17,100,44201,Ozone,87,35620,"New York-Newark-Jersey City, NY-NJ-PA",36,New York,61,New York,40.81976,-73.94825
10/24/2024,AQS,1,0.028,ppm,26,CCNY,14,82,44201,Ozone,87,35620,"New York-Newark-Jersey City, NY-NJ-PA",36,New York,61,New York,40.81976,-73.94825
10/25/2024,AQS,1,0.022,ppm,20,CCNY,17,100,44201,Ozone,87,35620,"New York-Newark-Jersey City, NY-NJ-PA",36,New York,61,New York,40.81976,-73.94825
10/26/2024,AQS,1,0.039,ppm,36,CCNY,17,100,44201,Ozone,87,35620,"New York-Newark-Jersey City, NY-NJ-PA",36,New York,61,New York,40.81976,-73.94825
10/27/2024,AQS,1,0.031,ppm,29,CCNY,17,100,44201,Ozone,87,35620,"New York-Newark-Jersey City, NY-NJ-PA",36,New York,61,New York,40.81976,-73.94825
10/28/2024,AQS,1,0.029,ppm,27,CCNY,17,100,44201,Ozone,87,35620,"New York-Newark-Jersey City, NY-NJ-PA",36,New York,61,New York,40.81976,-73.94825
10/29/2024,AQS,1,0.03,ppm,28,CCNY,17,100,44201,Ozone,87,35620,"New York-Newark-Jersey City, NY-NJ-PA",36,New York,61,New York,40.81976,-73.94825
10/30/2024,AQS,1,0.024,ppm,22,CCNY,17,100,44201,Ozone,87,35620,"New York-Newark-Jersey City, NY-NJ-PA",36,New York,61,New York,40.81976,-73.94825
10/31/2024,AQS,1,0.034,ppm,31,CCNY,17,100,44201,Ozone,87,35620,"New York-Newark-Jersey City, NY-NJ-PA",36,New York,61,New York,40.81976,-73.94825
11/01/2024,AQS,1,0.039,ppm,36,CCNY,17,100,44201,Ozone,87,35620,"New York-Newark-Jersey City, NY-NJ-PA",36,New York,61,New York,40.81976,-73.94825
11/02/2024,AQS,1,0.024,ppm,22,CCNY,17,100,44201,Ozone,87,35620,"New York-Newark-Jersey City, NY-NJ-PA",36,New York,61,New York,40.81976,-73.94825
11/03/2024,AQS,1,0.033,ppm,31,CCNY,17,100,44201,Ozone,87,35620,"New York-Newark-Jersey City, NY-NJ-PA",36,New York,61,New York,40.81976,-73.94825
11/04/2024,AQS,1,0.031,ppm,29,CCNY,17,100,44201,Ozone,87,35620,"New York-Newark-Jersey City, NY-NJ-PA",36,New York,61,New York,40.81976,-73.94825
11/05/2024,AQS,1,0.029,ppm,27,CCNY,17,100,44201,Ozone,87,35620,"New York-Newark-Jersey City, NY-NJ-PA",36,New York,61,New York,40.81976,-73.94825
11/06/2024,AQS,1,0.035,ppm,32,CCNY,17,100,44201,Ozone,87,35620,"New York-Newark-Jersey City, NY-NJ-PA",36,New York,61,New York,40.81976,-73.94825
11/07/2024,AQS,1,0.036,ppm,33,CCNY,17,100,44201,Ozone,87,35620,"New York-Newark-Jersey City, NY-NJ-PA",36,New York,61,New York,40.81976,-73.94825
11/09/2024,AQS,1,0.035,ppm,32,CCNY,17,100,44201,Ozone,87,35620,"New York-Newark-Jersey City, NY-NJ-PA",36,New York,61,New York,40.81976,-73.94825
11/10/2024,AQS,1,0.027,ppm,25,CCNY,17,100,44201,Ozone,87,35620,"New York-Newark-Jersey City, NY-NJ-PA",36,New York,61,New York,40.81976,-73.94825
11/11/2024,AQS,1,0.028,ppm,26,CCNY,17,100,44201,Ozone,87,35620,"New York-Newark-Jersey City, NY-NJ-PA",36,New York,61,New York,40.81976,-73.94825
11/12/2024,AQS,1,0.028,ppm,26,CCNY,17,100,44201,Ozone,87,35620,"New York-Newark-Jersey City, NY-NJ-PA",36,New York,61,New York,40.81976,-73.94825
11/13/2024,AQS,1,0.029,ppm,27,CCNY,17,100,44201,Ozone,87,35620,"New York-Newark-Jersey City, NY-NJ-PA",36,New York,61,New York,40.81976,-73.94825
11/15/2024,AirNow,1,0.032,ppm,30,CCNY,18,75,44201,Ozone,,35620,"New York-Newark-Jersey City, NY-NJ-PA",36,New York,61,New York,40.81976,-73.94825
11/16/2024,AQS,1,0.037,ppm,34,CCNY,17,100,44201,Ozone,87,35620,"New York-Newark-Jersey City, NY-NJ-PA",36,New York,61,New York,40.81976,-73.94825
11/17/2024,AQS,1,0.033,ppm,31,CCNY,17,100,44201,Ozone,87,35620,"New York-Newark-Jersey City, NY-NJ-PA",36,New York,61,New York,40.81976,-73.94825
11/18/2024,AQS,1,0.035,ppm,32,CCNY,17,100,44201,Ozone,87,35620,"New York-Newark-Jersey City, NY-NJ-PA",36,New York,61,New York,40.81976,-73.94825
11/19/2024,AQS,1,0.018,ppm,17,CCNY,17,100,44201,Ozone,87,35620,"New York-Newark-Jersey City, NY-NJ-PA",36,New York,61,New York,40.81976,-73.94825
11/20/2024,AQS,1,0.024,ppm,22,CCNY,17,100,44201,Ozone,87,35620,"New York-Newark-Jersey City, NY-NJ-PA",36,New York,61,New York,40.81976,-73.94825
11/21/2024,AQS,1,0.021,ppm,19,CCNY,17,100,44201,Ozone,87,35620,"New York-Newark-Jersey City, NY-NJ-PA",36,New York,61,New York,40.81976,-73.94825
11/22/2024,AQS,1,0.009,ppm,8,CCNY,17,100,44201,Ozone,87,35620,"New York-Newark-Jersey City, NY-NJ-PA",36,New York,61,New York,40.81976,-73.94825
11/23/2024,AQS,1,0.025,ppm,23,CCNY,17,100,44201,Ozone,87,35620,"New York-Newark-Jersey City, NY-NJ-PA",36,New York,61,New York,40.81976,-73.94825
11/24/2024,AQS,1,0.027,ppm,25,CCNY,17,100,44201,Ozone,87,35620,"New York-Newark-Jersey City, NY-NJ-PA",36,New York,61,New York,40.81976,-73.94825
11/25/2024,AQS,1,0.022,ppm,20,CCNY,17,100,44201,Ozone,87,35620,"New York-Newark-Jersey City, NY-NJ-PA",36,New York,61,New York,40.81976,-73.94825
11/26/2024,AQS,1,0.019,ppm,18,CCNY,17,100,44201,Ozone,87,35620,"New York-Newark-Jersey City, NY-NJ-PA",36,New York,61,New York,40.81976,-73.94825
11/27/2024,AQS,1,0.018,ppm,17,CCNY,17,100,44201,Ozone,87,35620,"New York-Newark-Jersey City, NY-NJ-PA",36,New York,61,New York,40.81976,-73.94825
11/28/2024,AQS,1,0.024,ppm,22,CCNY,17,100,44201,Ozone,87,35620,"New York-Newark-Jersey City, NY-NJ-PA",36,New York,61,New York,40.81976,-73.94825
11/29/2024,AirNow,1,0.019,ppm,18,CCNY,18,75,44201,Ozone,,35620,"New York-Newark-Jersey City, NY-NJ-PA",36,New York,61,New York,40.81976,-73.94825
11/30/2024,AQS,1,0.025,ppm,23,CCNY,17,100,44201,Ozone,87,35620,"New York-Newark-Jersey City, NY-NJ-PA",36,New York,61,New York,40.81976,-73.94825
12/01/2024,AQS,1,0.026,ppm,24,CCNY,17,100,44201,Ozone,87,35620,"New York-Newark-Jersey City, NY-NJ-PA",36,New York,61,New York,40.81976,-73.94825
12/02/2024,AQS,1,0.021,ppm,19,CCNY,17,100,44201,Ozone,87,35620,"New York-Newark-Jersey City, NY-NJ-PA",36,New York,61,New York,40.81976,-73.94825
12/03/2024,AQS,1,0.028,ppm,26,CCNY,17,100,44201,Ozone,87,35620,"New York-Newark-Jersey City, NY-NJ-PA",36,New York,61,New York,40.81976,-73.94825
12/04/2024,AQS,1,0.021,ppm,19,CCNY,17,100,44201,Ozone,87,35620,"New York-Newark-Jersey City, NY-NJ-PA",36,New York,61,New York,40.81976,-73.94825
12/05/2024,AQS,1,0.022,ppm,20,CCNY,17,100,44201,Ozone,87,35620,"New York-Newark-Jersey City, NY-NJ-PA",36,New York,61,New York,40.81976,-73.94825
12/06/2024,AQS,1,0.032,ppm,30,CCNY,17,100,44201,Ozone,87,35620,"New York-Newark-Jersey City, NY-NJ-PA",36,New York,61,New York,40.81976,-73.94825
12/07/2024,AQS,1,0.022,ppm,20,CCNY,17,100,44201,Ozone,87,35620,"New York-Newark-Jersey City, NY-NJ-PA",36,New York,61,New York,40.81976,-73.94825
12/08/2024,AQS,1,0.025,ppm,23,CCNY,17,100,44201,Ozone,87,35620,"New York-Newark-Jersey City, NY-NJ-PA",36,New York,61,New York,40.81976,-73.94825
12/09/2024,AQS,1,0.006,ppm,6,CCNY,17,100,44201,Ozone,87,35620,"New York-Newark-Jersey City, NY-NJ-PA",36,New York,61,New York,40.81976,-73.94825
12/10/2024,AQS,1,0.006,ppm,6,CCNY,17,100,44201,Ozone,87,35620,"New York-Newark-Jersey City, NY-NJ-PA",36,New York,61,New York,40.81976,-73.94825
12/11/2024,AQS,1,0.024,ppm,22,CCNY,17,100,44201,Ozone,87,35620,"New York-Newark-Jersey City, NY-NJ-PA",36,New York,61,New York,40.81976,-73.94825
12/12/2024,AQS,1,0.032,ppm,30,CCNY,17,100,44201,Ozone,87,35620,"New York-Newark-Jersey City, NY-NJ-PA",36,New York,61,New York,40.81976,-73.94825
12/13/2024,AQS,1,0.026,ppm,24,CCNY,17,100,44201,Ozone,87,35620,"New York-Newark-Jersey City, NY-NJ-PA",36,New York,61,New York,40.81976,-73.94825
12/14/2024,AQS,1,0.026,ppm,24,CCNY,17,100,44201,Ozone,87,35620,"New York-Newark-Jersey City, NY-NJ-PA",36,New York,61,New York,40.81976,-73.94825
12/15/2024,AQS,1,0.014,ppm,13,CCNY,17,100,44201,Ozone,87,35620,"New York-Newark-Jersey City, NY-NJ-PA",36,New York,61,New York,40.81976,-73.94825
12/16/2024,AQS,1,0.016,ppm,15,CCNY,17,100,44201,Ozone,87,35620,"New York-Newark-Jersey City, NY-NJ-PA",36,New York,61,New York,40.81976,-73.94825
12/17/2024,AQS,1,0.017,ppm,16,CCNY,17,100,44201,Ozone,87,35620,"New York-Newark-Jersey City, NY-NJ-PA",36,New York,61,New York,40.81976,-73.94825
12/18/2024,AQS,1,0.021,ppm,19,CCNY,17,100,44201,Ozone,87,35620,"New York-Newark-Jersey City, NY-NJ-PA",36,New York,61,New York,40.81976,-73.94825
12/19/2024,AQS,1,0.025,ppm,23,CCNY,17,100,44201,Ozone,87,35620,"New York-Newark-Jersey City, NY-NJ-PA",36,New York,61,New York,40.81976,-73.94825
12/20/2024,AQS,1,0.012,ppm,11,CCNY,14,82,44201,Ozone,87,35620,"New York-Newark-Jersey City, NY-NJ-PA",36,New York,61,New York,40.81976,-73.94825
12/21/2024,AQS,1,0.036,ppm,33,CCNY,17,100,44201,Ozone,87,35620,"New York-Newark-Jersey City, NY-NJ-PA",36,New York,61,New York,40.81976,-73.94825
12/22/2024,AQS,1,0.033,ppm,31,CCNY,17,100,44201,Ozone,87,35620,"New York-Newark-Jersey City, NY-NJ-PA",36,New York,61,New York,40.81976,-73.94825
12/23/2024,AQS,1,0.014,ppm,13,CCNY,17,100,44201,Ozone,87,35620,"New York-Newark-Jersey City, NY-NJ-PA",36,New York,61,New York,40.81976,-73.94825
12/24/2024,AQS,1,0.016,ppm,15,CCNY,17,100,44201,Ozone,87,35620,"New York-Newark-Jersey City, NY-NJ-PA",36,New York,61,New York,40.81976,-73.94825
12/25/2024,AQS,1,0.023,ppm,21,CCNY,17,100,44201,Ozone,87,35620,"New York-Newark-Jersey City, NY-NJ-PA",36,New York,61,New York,40.81976,-73.94825
12/27/2024,AQS,1,0.008,ppm,7,CCNY,17,100,44201,Ozone,87,35620,"New York-Newark-Jersey City, NY-NJ-PA",36,New York,61,New York,40.81976,-73.94825
12/28/2024,AQS,1,0.001,ppm,1,CCNY,17,100,44201,Ozone,87,35620,"New York-Newark-Jersey City, NY-NJ-PA",36,New York,61,New York,40.81976,-73.94825
12/29/2024,AQS,1,0.035,ppm,32,CCNY,17,100,44201,Ozone,87,35620,"New York-Newark-Jersey City, NY-NJ-PA",36,New York,61,New York,40.81976,-73.94825
12/30/2024,AQS,1,0.031,ppm,29,CCNY,17,100,44201,Ozone,87,35620,"New York-Newark-Jersey City, NY-NJ-PA",36,New York,61,New York,40.81976,-73.94825
12/31/2024,AirNow,1,0.023,ppm,21,CCNY,19,79,44201,Ozone,,35620,"New York-Newark-Jersey City, NY-NJ-PA",36,New York,61,New York,40.81976,-73.94825
01/01/2025,AQS,1,0.029,ppm,27,CCNY,17,100,44201,Ozone,87,35620,"New York-Newark-Jersey City, NY-NJ-PA",36,New York,61,New York,40.81976,-73.94825
01/02/2025,AQS,1,0.019,ppm,18,CCNY,17,100,44201,Ozone,87,35620,"New York-Newark-Jersey City, NY-NJ-PA",36,New York,61,New York,40.81976,-73.94825
01/03/2025,AQS,1,0.026,ppm,24,CCNY,13,76,44201,Ozone,87,35620,"New York-Newark-Jersey City, NY-NJ-PA",36,New York,61,New York,40.81976,-73.94825
01/04/2025,AQS,1,0.034,ppm,31,CCNY,17,100,44201,Ozone,87,35620,"New York-Newark-Jersey City, NY-NJ-PA",36,New York,61,New York,40.81976,-73.94825
01/05/2025,AQS,1,0.03,ppm,28,CCNY,17,100,44201,Ozone,87,35620,"New York-Newark-Jersey City, NY-NJ-PA",36,New York,61,New York,40.81976,-73.94825
01/06/2025,AQS,1,0.025,ppm,23,CCNY,17,100,44201,Ozone,87,35620,"New York-Newark-Jersey City, NY-NJ-PA",36,New York,61,New York,40.81976,-73.94825
01/07/2025,AQS,1,0.028,ppm,26,CCNY,17,100,44201,Ozone,87,35620,"New York-Newark-Jersey City, NY-NJ-PA",36,New York,61,New York,40.81976,-73.94825
01/08/2025,AQS,1,0.032,ppm,30,CCNY,17,100,44201,Ozone,87,35620,"New York-Newark-Jersey City, NY-NJ-PA",36,New York,61,New York,40.81976,-73.94825
01/09/2025,AQS,1,0.033,ppm,31,CCNY,17,100,44201,Ozone,87,35620,"New York-Newark-Jersey City, NY-NJ-PA",36,New York,61,New York,40.81976,-73.94825
01/10/2025,AQS,1,0.031,ppm,29,CCNY,17,100,44201,Ozone,87,35620,"New York-Newark-Jersey City, NY-NJ-PA",36,New York,61,New York,40.81976,-73.94825
01/11/2025,AQS,1,0.034,ppm,31,CCNY,17,100,44201,Ozone,87,35620,"New York-Newark-Jersey City, NY-NJ-PA",36,New York,61,New York,40.81976,-73.94825
01/12/2025,AQS,1,0.028,ppm,26,CCNY,17,100,44201,Ozone,87,35620,"New York-Newark-Jersey City, NY-NJ-PA",36,New York,61,New York,40.81976,-73.94825
01/13/2025,AQS,1,0.024,ppm,22,CCNY,17,100,44201,Ozone,87,35620,"New York-Newark-Jersey City, NY-NJ-PA",36,New York,61,New York,40.81976,-73.94825
01/14/2025,AQS,1,0.031,ppm,29,CCNY,17,100,44201,Ozone,87,35620,"New York-Newark-Jersey City, NY-NJ-PA",36,New York,61,New York,40.81976,-73.94825
01/15/2025,AQS,1,0.032,ppm,30,CCNY,17,100,44201,Ozone,87,35620,"New York-Newark-Jersey City, NY-NJ-PA",36,New York,61,New York,40.81976,-73.94825
01/16/2025,AQS,1,0.015,ppm,14,CCNY,17,100,44201,Ozone,87,35620,"New York-Newark-Jersey City, NY-NJ-PA",36,New York,61,New York,40.81976,-73.94825
01/17/2025,AQS,1,0.022,ppm,20,CCNY,17,100,44201,Ozone,87,35620,"New York-Newark-Jersey City, NY-NJ-PA",36,New York,61,New York,40.81976,-73.94825
01/18/2025,AQS,1,0.021,ppm,19,CCNY,17,100,44201,Ozone,87,35620,"New York-Newark-Jersey City, NY-NJ-PA",36,New York,61,New York,40.81976,-73.94825
01/19/2025,AQS,1,0.029,ppm,27,CCNY,17,100,44201,Ozone,87,35620,"New York-Newark-Jersey City, NY-NJ-PA",36,New York,61,New York,40.81976,-73.94825
01/20/2025,AQS,1,0.032,ppm,30,CCNY,17,100,44201,Ozone,87,35620,"New York-Newark-Jersey City, NY-NJ-PA",36,New York,61,New York,40.81976,-73.94825
01/21/2025,AQS,1,0.021,ppm,19,CCNY,17,100,44201,Ozone,87,35620,"New York-Newark-Jersey City, NY-NJ-PA",36,New York,61,New York,40.81976,-73.94825
01/22/2025,AQS,1,0.025,ppm,23,CCNY,17,100,44201,Ozone,87,35620,"New York-Newark-Jersey City, NY-NJ-PA",36,New York,61,New York,40.81976,-73.94825
01/23/2025,AQS,1,0.016,ppm,15,CCNY,17,100,44201,Ozone,87,35620,"New York-Newark-Jersey City, NY-NJ-PA",36,New York,61,New York,40.81976,-73.94825
01/24/2025,AQS,1,0.029,ppm,27,CCNY,17,100,44201,Ozone,87,35620,"New York-Newark-Jersey City, NY-NJ-PA",36,New York,61,New York,40.81976,-73.94825
01/25/2025,AQS,1,0.028,ppm,26,CCNY,17,100,44201,Ozone,87,35620,"New York-Newark-Jersey City, NY-NJ-PA",36,New York,61,New York,40.81976,-73.94825
01/26/2025,AQS,1,0.032,ppm,30,CCNY,17,100,44201,Ozone,87,35620,"New York-Newark-Jersey City, NY-NJ-PA",36,New York,61,New York,40.81976,-73.94825
01/27/2025,AQS,1,0.029,ppm,27,CCNY,17,100,44201,Ozone,87,35620,"New York-Newark-Jersey City, NY-NJ-PA",36,New York,61,New York,40.81976,-73.94825
01/28/2025,AQS,1,0.037,ppm,34,CCNY,17,100,44201,Ozone,87,35620,"New York-Newark-Jersey City, NY-NJ-PA",36,New York,61,New York,40.81976,-73.94825
01/29/2025,AQS,1,0.036,ppm,33,CCNY,17,100,44201,Ozone,87,35620,"New York-Newark-Jersey City, NY-NJ-PA",36,New York,61,New York,40.81976,-73.94825
01/30/2025,AQS,1,0.033,ppm,31,CCNY,17,100,44201,Ozone,87,35620,"New York-Newark-Jersey City, NY-NJ-PA",36,New York,61,New York,40.81976,-73.94825
01/31/2025,AQS,1,0.006,ppm,6,CCNY,17,100,44201,Ozone,87,35620,"New York-Newark-Jersey City, NY-NJ-PA",36,New York,61,New York,40.81976,-73.94825
02/01/2025,AQS,1,0.034,ppm,31,CCNY,17,100,44201,Ozone,87,35620,"New York-Newark-Jersey City, NY-NJ-PA",36,New York,61,New York,40.81976,-73.94825
02/02/2025,AQS,1,0.024,ppm,22,CCNY,17,100,44201,Ozone,87,35620,"New York-Newark-Jersey City, NY-NJ-PA",36,New York,61,New York,40.81976,-73.94825
02/03/2025,AQS,1,0.006,ppm,6,CCNY,17,100,44201,Ozone,87,35620,"New York-Newark-Jersey City, NY-NJ-PA",36,New York,61,New York,40.81976,-73.94825
02/04/2025,AQS,1,0.035,ppm,32,CCNY,17,100,44201,Ozone,87,35620,"New York-Newark-Jersey City, NY-NJ-PA",36,New York,61,New York,40.81976,-73.94825
02/05/2025,AQS,1,0.032,ppm,30,CCNY,17,100,44201,Ozone,87,35620,"New York-Newark-Jersey City, NY-NJ-PA",36,New York,61,New York,40.81976,-73.94825
02/06/2025,AQS,1,0.01,ppm,9,CCNY,17,100,44201,Ozone,87,35620,"New York-Newark-Jersey City, NY-NJ-PA",36,New York,61,New York,40.81976,-73.94825
02/07/2025,AQS,1,0.033,ppm,31,CCNY,17,100,44201,Ozone,87,35620,"New York-Newark-Jersey City, NY-NJ-PA",36,New York,61,New York,40.81976,-73.94825
02/08/2025,AQS,1,0.024,ppm,22,CCNY,17,100,44201,Ozone,87,35620,"New York-Newark-Jersey City, NY-NJ-PA",36,New York,61,New York,40.81976,-73.94825
02/09/2025,AQS,1,0.027,ppm,25,CCNY,17,100,44201,Ozone,87,35620,"New York-Newark-Jersey City, NY-NJ-PA",36,New York,61,New York,40.81976,-73.94825
02/10/2025,AQS,1,0.037,ppm,34,CCNY,17,100,44201,Ozone,87,35620,"New York-Newark-Jersey City, NY-NJ-PA",36,New York,61,New York,40.81976,-73.94825
02/11/2025,AQS,1,0.021,ppm,19,CCNY,17,100,44201,Ozone,87,35620,"New York-Newark-Jersey City, NY-NJ-PA",36,New York,61,New York,40.81976,-73.94825
02/12/2025,AQS,1,0.024,ppm,22,CCNY,17,100,44201,Ozone,87,35620,"New York-Newark-Jersey City, NY-NJ-PA",36,New York,61,New York,40.81976,-73.94825
02/13/2025,AQS,1,0.033,ppm,31,CCNY,17,100,44201,Ozone,87,35620,"New York-Newark-Jersey City, NY-NJ-PA",36,New York,61,New York,40.81976,-73.94825
02/14/2025,AQS,1,0.038,ppm,35,CCNY,17,100,44201,Ozone,87,35620,"New York-Newark-Jersey City, NY-NJ-PA",36,New York,61,New York,40.81976,-73.94825
02/15/2025,AQS,1,0.031,ppm,29,CCNY,17,100,44201,Ozone,87,35620,"New York-Newark-Jersey City, NY-NJ-PA",36,New York,61,New York,40.81976,-73.94825
02/16/2025,AQS,1,0.035,ppm,32,CCNY,17,100,44201,Ozone,87,35620,"New York-Newark-Jersey City, NY-NJ-PA",36,New York,61,New York,40.81976,-73.94825
02/17/2025,AQS,1,0.036,ppm,33,CCNY,17,100,44201,Ozone,87,35620,"New York-Newark-Jersey City, NY-NJ-PA",36,New York,61,New York,40.81976,-73.94825
02/18/2025,AQS,1,0.034,ppm,31,CCNY,17,100,44201,Ozone,87,35620,"New York-Newark-Jersey City, NY-NJ-PA",36,New York,61,New York,40.81976,-73.94825
02/19/2025,AQS,1,0.03,ppm,28,CCNY,17,100,44201,Ozone,87,35620,"New York-Newark-Jersey City, NY-NJ-PA",36,New York,61,New York,40.81976,-73.94825
02/20/2025,AQS,1,0.026,ppm,24,CCNY,17,100,44201,Ozone,87,35620,"New York-Newark-Jersey City, NY-NJ-PA",36,New York,61,New York,40.81976,-73.94825
02/21/2025,AQS,1,0.033,ppm,31,CCNY,17,100,44201,Ozone,87,35620,"New York-Newark-Jersey City, NY-NJ-PA",36,New York,61,New York,40.81976,-73.94825
02/22/2025,AQS,1,0.034,ppm,31,CCNY,17,100,44201,Ozone,87,35620,"New York-Newark-Jersey City, NY-NJ-PA",36,New York,61,New York,40.81976,-73.94825
02/23/2025,AQS,1,0.037,ppm,34,CCNY,17,100,44201,Ozone,87,35620,"New York-Newark-Jersey City, NY-NJ-PA",36,New York,61,New York,40.81976,-73.94825
02/24/2025,AQS,1,0.036,ppm,33,CCNY,17,100,44201,Ozone,87,35620,"New York-Newark-Jersey City, NY-NJ-PA",36,New York,61,New York,40.81976,-73.94825
02/25/2025,AQS,1,0.028,ppm,26,CCNY,17,100,44201,Ozone,87,35620,"New York-Newark-Jersey City, NY-NJ-PA",36,New York,61,New York,40.81976,-73.94825
02/26/2025,AQS,1,0.041,ppm,38,CCNY,17,100,44201,Ozone,87,35620,"New York-Newark-Jersey City, NY-NJ-PA",36,New York,61,New York,40.81976,-73.94825
02/27/2025,AQS,1,0.029,ppm,27,CCNY,17,100,44201,Ozone,87,35620,"New York-Newark-Jersey City, NY-NJ-PA",36,New York,61,New York,40.81976,-73.94825
02/28/2025,AQS,1,0.036,ppm,33,CCNY,17,100,44201,Ozone,87,35620,"New York-Newark-Jersey City, NY-NJ-PA",36,New York,61,New York,40.81976,-73.94825
03/01/2025,AQS,1,0.036,ppm,33,CCNY,17,100,44201,Ozone,87,35620,"New York-Newark-Jersey City, NY-NJ-PA",36,New York,61,New York,40.81976,-73.94825
03/02/2025,AQS,1,0.038,ppm,35,CCNY,17,100,44201,Ozone,87,35620,"New York-Newark-Jersey City, NY-NJ-PA",36,New York,61,New York,40.81976,-73.94825
03/03/2025,AQS,1,0.036,ppm,33,CCNY,17,100,44201,Ozone,87,35620,"New York-Newark-Jersey City, NY-NJ-PA",36,New York,61,New York,40.81976,-73.94825
03/04/2025,AQS,1,0.03,ppm,28,CCNY,17,100,44201,Ozone,87,35620,"New York-Newark-Jersey City, NY-NJ-PA",36,New York,61,New York,40.81976,-73.94825
03/05/2025,AQS,1,0.038,ppm,35,CCNY,17,100,44201,Ozone,87,35620,"New York-Newark-Jersey City, NY-NJ-PA",36,New York,61,New York,40.81976,-73.94825
03/06/2025,AQS,1,0.041,ppm,38,CCNY,17,100,44201,Ozone,87,35620,"New York-Newark-Jersey City, NY-NJ-PA",36,New York,61,New York,40.81976,-73.94825
03/07/2025,AQS,1,0.043,ppm,40,CCNY,17,100,44201,Ozone,87,35620,"New York-Newark-Jersey City, NY-NJ-PA",36,New York,61,New York,40.81976,-73.94825
03/08/2025,AQS,1,0.042,ppm,39,CCNY,17,100,44201,Ozone,87,35620,"New York-Newark-Jersey City, NY-NJ-PA",36,New York,61,New York,40.81976,-73.94825
03/09/2025,AQS,1,0.04,ppm,37,CCNY,17,100,44201,Ozone,87,35620,"New York-Newark-Jersey City, NY-NJ-PA",36,New York,61,New York,40.81976,-73.94825
03/10/2025,AQS,1,0.042,ppm,39,CCNY,17,100,44201,Ozone,87,35620,"New York-Newark-Jersey City, NY-NJ-PA",36,New York,61,New York,40.81976,-73.94825
03/11/2025,AQS,1,0.039,ppm,36,CCNY,13,76,44201,Ozone,87,35620,"New York-Newark-Jersey City, NY-NJ-PA",36,New York,61,New York,40.81976,-73.94825
03/12/2025,AQS,1,0.034,ppm,31,CCNY,17,100,44201,Ozone,87,35620,"New York-Newark-Jersey City, NY-NJ-PA",36,New York,61,New York,40.81976,-73.94825
03/13/2025,AQS,1,0.039,ppm,36,CCNY,17,100,44201,Ozone,87,35620,"New York-Newark-Jersey City, NY-NJ-PA",36,New York,61,New York,40.81976,-73.94825
03/14/2025,AQS,1,0.036,ppm,33,CCNY,17,100,44201,Ozone,87,35620,"New York-Newark-Jersey City, NY-NJ-PA",36,New York,61,New York,40.81976,-73.94825
03/15/2025,AQS,1,0.034,ppm,31,CCNY,17,100,44201,Ozone,87,35620,"New York-Newark-Jersey City, NY-NJ-PA",36,New York,61,New York,40.81976,-73.94825
03/16/2025,AQS,1,0.035,ppm,32,CCNY,17,100,44201,Ozone,87,35620,"New York-Newark-Jersey City, NY-NJ-PA",36,New York,61,New York,40.81976,-73.94825
03/17/2025,AQS,1,0.023,ppm,21,CCNY,17,100,44201,Ozone,87,35620,"New York-Newark-Jersey City, NY-NJ-PA",36,New York,61,New York,40.81976,-73.94825
03/18/2025,AQS,1,0.034,ppm,31,CCNY,17,100,44201,Ozone,87,35620,"New York-Newark-Jersey City, NY-NJ-PA",36,New York,61,New York,40.81976,-73.94825
03/19/2025,AQS,1,0.03,ppm,28,CCNY,17,100,44201,Ozone,87,35620,"New York-Newark-Jersey City, NY-NJ-PA",36,New York,61,New York,40.81976,-73.94825
03/20/2025,AQS,1,0.025,ppm,23,CCNY,17,100,44201,Ozone,87,35620,"New York-Newark-Jersey City, NY-NJ-PA",36,New York,61,New York,40.81976,-73.94825
03/21/2025,AQS,1,0.041,ppm,38,CCNY,17,100,44201,Ozone,87,35620,"New York-Newark-Jersey City, NY-NJ-PA",36,New York,61,New York,40.81976,-73.94825
03/22/2025,AQS,1,0.042,ppm,39,CCNY,17,100,44201,Ozone,87,35620,"New York-Newark-Jersey City, NY-NJ-PA",36,New York,61,New York,40.81976,-73.94825
03/23/2025,AQS,1,0.035,ppm,32,CCNY,17,100,44201,Ozone,87,35620,"New York-Newark-Jersey City, NY-NJ-PA",36,New York,61,New York,40.81976,-73.94825
03/24/2025,AQS,1,0.02,ppm,19,CCNY,17,100,44201,Ozone,87,35620,"New York-Newark-Jersey City, NY-NJ-PA",36,New York,61,New York,40.81976,-73.94825
03/25/2025,AQS,1,0.041,ppm,38,CCNY,17,100,44201,Ozone,87,35620,"New York-Newark-Jersey City, NY-NJ-PA",36,New York,61,New York,40.81976,-73.94825
03/26/2025,AQS,1,0.035,ppm,32,CCNY,17,100,44201,Ozone,87,35620,"New York-Newark-Jersey City, NY-NJ-PA",36,New York,61,New York,40.81976,-73.94825
03/27/2025,AQS,1,0.041,ppm,38,CCNY,17,100,44201,Ozone,87,35620,"New York-Newark-Jersey City, NY-NJ-PA",36,New York,61,New York,40.81976,-73.94825
03/28/2025,AQS,1,0.04,ppm,37,CCNY,17,100,44201,Ozone,87,35620,"New York-Newark-Jersey City, NY-NJ-PA",36,New York,61,New York,40.81976,-73.94825
03/29/2025,AQS,1,0.045,ppm,42,CCNY,17,100,44201,Ozone,87,35620,"New York-Newark-Jersey City, NY-NJ-PA",36,New York,61,New York,40.81976,-73.94825
03/30/2025,AQS,1,0.033,ppm,31,CCNY,17,100,44201,Ozone,87,35620,"New York-Newark-Jersey City, NY-NJ-PA",36,New York,61,New York,40.81976,-73.94825
03/31/2025,AQS,1,0.029,ppm,27,CCNY,17,100,44201,Ozone,87,35620,"New York-Newark-Jersey City, NY-NJ-PA",36,New York,61,New York,40.81976,-73.94825
04/01/2025,AQS,1,0.041,ppm,38,CCNY,17,100,44201,Ozone,87,35620,"New York-Newark-Jersey City, NY-NJ-PA",36,New York,61,New York,40.81976,-73.94825
04/02/2025,AQS,1,0.038,ppm,35,CCNY,17,100,44201,Ozone,87,35620,"New York-Newark-Jersey City, NY-NJ-PA",36,New York,61,New York,40.81976,-73.94825
04/03/2025,AQS,1,0.022,ppm,20,CCNY,17,100,44201,Ozone,87,35620,"New York-Newark-Jersey City, NY-NJ-PA",36,New York,61,New York,40.81976,-73.94825
04/04/2025,AQS,1,0.039,ppm,36,CCNY,17,100,44201,Ozone,87,35620,"New York-Newark-Jersey City, NY-NJ-PA",36,New York,61,New York,40.81976,-73.94825
04/05/2025,AQS,1,0.033,ppm,31,CCNY,17,100,44201,Ozone,87,35620,"New York-Newark-Jersey City, NY-NJ-PA",36,New York,61,New York,40.81976,-73.94825
04/06/2025,AQS,1,0.036,ppm,33,CCNY,17,100,44201,Ozone,87,35620,"New York-Newark-Jersey City, NY-NJ-PA",36,New York,61,New York,40.81976,-73.94825
04/07/2025,AQS,1,0.027,ppm,25,CCNY,17,100,44201,Ozone,87,35620,"New York-Newark-Jersey City, NY-NJ-PA",36,New York,61,New York,40.81976,-73.94825
04/08/2025,AQS,1,0.039,ppm,36,CCNY,17,100,44201,Ozone,87,35620,"New York-Newark-Jersey City, NY-NJ-PA",36,New York,61,New York,40.81976,-73.94825
04/09/2025,AQS,1,0.04,ppm,37,CCNY,17,100,44201,Ozone,87,35620,"New York-Newark-Jersey City, NY-NJ-PA",36,New York,61,New York,40.81976,-73.94825
04/10/2025,AQS,1,0.046,ppm,43,CCNY,17,100,44201,Ozone,87,35620,"New York-Newark-Jersey City, NY-NJ-PA",36,New York,61,New York,40.81976,-73.94825
04/11/2025,AQS,1,0.036,ppm,33,CCNY,17,100,44201,Ozone,87,35620,"New York-Newark-Jersey City, NY-NJ-PA",36,New York,61,New York,40.81976,-73.94825
04/12/2025,AQS,1,0.036,ppm,33,CCNY,17,100,44201,Ozone,87,35620,"New York-Newark-Jersey City, NY-NJ-PA",36,New York,61,New York,40.81976,-73.94825
04/13/2025,AQS,1,0.04,ppm,37,CCNY,17,100,44201,Ozone,87,35620,"New York-Newark-Jersey City, NY-NJ-PA",36,New York,61,New York,40.81976,-73.94825
04/14/2025,AQS,1,0.036,ppm,33,CCNY,17,100,44201,Ozone,87,35620,"New York-Newark-Jersey City, NY-NJ-PA",36,New York,61,New York,40.81976,-73.94825
04/15/2025,AQS,1,0.044,ppm,41,CCNY,17,100,44201,Ozone,87,35620,"New York-Newark-Jersey City, NY-NJ-PA",36,New York,61,New York,40.81976,-73.94825
04/16/2025,AQS,1,0.037,ppm,34,CCNY,17,100,44201,Ozone,87,35620,"New York-Newark-Jersey City, NY-NJ-PA",36,New York,61,New York,40.81976,-73.94825
04/17/2025,AQS,1,0.046,ppm,43,CCNY,17,100,44201,Ozone,87,35620,"New York-Newark-Jersey City, NY-NJ-PA",36,New York,61,New York,40.81976,-73.94825
04/18/2025,AQS,1,0.048,ppm,44,CCNY,17,100,44201,Ozone,87,35620,"New York-Newark-Jersey City, NY-NJ-PA",36,New York,61,New York,40.81976,-73.94825
04/19/2025,AQS,1,0.05,ppm,46,CCNY,17,100,44201,Ozone,87,35620,"New York-Newark-Jersey City, NY-NJ-PA",36,New York,61,New York,40.81976,-73.94825
04/20/2025,AQS,1,0.043,ppm,40,CCNY,17,100,44201,Ozone,87,35620,"New York-Newark-Jersey City, NY-NJ-PA",36,New York,61,New York,40.81976,-73.94825
04/21/2025,AQS,1,0.038,ppm,35,CCNY,17,100,44201,Ozone,87,35620,"New York-Newark-Jersey City, NY-NJ-PA",36,New York,61,New York,40.81976,-73.94825
04/22/2025,AQS,1,0.046,ppm,43,CCNY,17,100,44201,Ozone,87,35620,"New York-Newark-Jersey City, NY-NJ-PA",36,New York,61,New York,40.81976,-73.94825
04/23/2025,AQS,1,0.052,ppm,48,CCNY,17,100,44201,Ozone,87,35620,"New York-Newark-Jersey City, NY-NJ-PA",36,New York,61,New York,40.81976,-73.94825
04/24/2025,AQS,1,0.054,ppm,50,CCNY,17,100,44201,Ozone,87,35620,"New York-Newark-Jersey City, NY-NJ-PA",36,New York,61,New York,40.81976,-73.94825
04/25/2025,AQS,1,0.052,ppm,48,CCNY,15,88,44201,Ozone,87,35620,"New York-Newark-Jersey City, NY-NJ-PA",36,New York,61,New York,40.81976,-73.94825
04/26/2025,AQS,1,0.037,ppm,34,CCNY,17,100,44201,Ozone,87,35620,"New York-Newark-Jersey City, NY-NJ-PA",36,New York,61,New York,40.81976,-73.94825
04/27/2025,AQS,1,0.037,ppm,34,CCNY,17,100,44201,Ozone,87,35620,"New York-Newark-Jersey City, NY-NJ-PA",36,New York,61,New York,40.81976,-73.94825
04/28/2025,AQS,1,0.052,ppm,48,CCNY,17,100,44201,Ozone,87,35620,"New York-Newark-Jersey City, NY-NJ-PA",36,New York,61,New York,40.81976,-73.94825
04/29/2025,AQS,1,0.045,ppm,42,CCNY,17,100,44201,Ozone,87,35620,"New York-Newark-Jersey City, NY-NJ-PA",36,New York,61,New York,40.81976,-73.94825
04/30/2025,AirNow,1,0.044,ppm,41,CCNY,24,100,44201,Ozone,,35620,"New York-Newark-Jersey City, NY-NJ-PA",36,New York,61,New York,40.81976,-73.94825
05/01/2025,AirNow,1,0.044,ppm,41,CCNY,24,100,44201,Ozone,,35620,"New York-Newark-Jersey City, NY-NJ-PA",36,New York,61,New York,40.81976,-73.94825
05/02/2025,AirNow,1,0.05,ppm,46,CCNY,24,100,44201,Ozone,,35620,"New York-Newark-Jersey City, NY-NJ-PA",36,New York,61,New York,40.81976,-73.94825
05/03/2025,AirNow,1,0.049,ppm,45,CCNY,24,100,44201,Ozone,,35620,"New York-Newark-Jersey City, NY-NJ-PA",36,New York,61,New York,40.81976,-73.94825
05/04/2025,AirNow,1,0.034,ppm,31,CCNY,24,100,44201,Ozone,,35620,"New York-Newark-Jersey City, NY-NJ-PA",36,New York,61,New York,40.81976,-73.94825
05/05/2025,AirNow,1,0.025,ppm,23,CCNY,24,100,44201,Ozone,,35620,"New York-Newark-Jersey City, NY-NJ-PA",36,New York,61,New York,40.81976,-73.94825
05/06/2025,AirNow,1,0.034,ppm,31,CCNY,24,100,44201,Ozone,,35620,"New York-Newark-Jersey City, NY-NJ-PA",36,New York,61,New York,40.81976,-73.94825
05/07/2025,AirNow,1,0.041,ppm,38,CCNY,24,100,44201,Ozone,,35620,"New York-Newark-Jersey City, NY-NJ-PA",36,New York,61,New York,40.81976,-73.94825
05/08/2025,AirNow,1,0.047,ppm,44,CCNY,24,100,44201,Ozone,,35620,"New York-Newark-Jersey City, NY-NJ-PA",36,New York,61,New York,40.81976,-73.94825
05/09/2025,AirNow,1,0.026,ppm,24,CCNY,24,100,44201,Ozone,,35620,"New York-Newark-Jersey City, NY-NJ-PA",36,New York,61,New York,40.81976,-73.94825
05/10/2025,AirNow,1,0.042,ppm,39,CCNY,24,100,44201,Ozone,,35620,"New York-Newark-Jersey City, NY-NJ-PA",36,New York,61,New York,40.81976,-73.94825
05/11/2025,AirNow,1,0.052,ppm,48,CCNY,24,100,44201,Ozone,,35620,"New York-Newark-Jersey City, NY-NJ-PA",36,New York,61,New York,40.81976,-73.94825
05/12/2025,AirNow,1,0.051,ppm,47,CCNY,24,100,44201,Ozone,,35620,"New York-Newark-Jersey City, NY-NJ-PA",36,New York,61,New York,40.81976,-73.94825
05/13/2025,AirNow,1,0.035,ppm,32,CCNY,24,100,44201,Ozone,,35620,"New York-Newark-Jersey City, NY-NJ-PA",36,New York,61,New York,40.81976,-73.94825
05/14/2025,AirNow,1,0.033,ppm,31,CCNY,24,100,44201,Ozone,,35620,"New York-Newark-Jersey City, NY-NJ-PA",36,New York,61,New York,40.81976,-73.94825
05/15/2025,AirNow,1,0.029,ppm,27,CCNY,24,100,44201,Ozone,,35620,"New York-Newark-Jersey City, NY-NJ-PA",36,New York,61,New York,40.81976,-73.94825
05/16/2025,AirNow,1,0.022,ppm,20,CCNY,24,100,44201,Ozone,,35620,"New York-Newark-Jersey City, NY-NJ-PA",36,New York,61,New York,40.81976,-73.94825
05/17/2025,AirNow,1,0.047,ppm,44,CCNY,24,100,44201,Ozone,,35620,"New York-Newark-Jersey City, NY-NJ-PA",36,New York,61,New York,40.81976,-73.94825
05/18/2025,AirNow,1,0.037,ppm,34,CCNY,24,100,44201,Ozone,,35620,"New York-Newark-Jersey City, NY-NJ-PA",36,New York,61,New York,40.81976,-73.94825
05/19/2025,AirNow,1,0.036,ppm,33,CCNY,24,100,44201,Ozone,,35620,"New York-Newark-Jersey City, NY-NJ-PA",36,New York,61,New York,40.81976,-73.94825
05/20/2025,AirNow,1,0.026,ppm,24,CCNY,24,100,44201,Ozone,,35620,"New York-Newark-Jersey City, NY-NJ-PA",36,New York,61,New York,40.81976,-73.94825
05/21/2025,AirNow,1,0.03,ppm,28,CCNY,24,100,44201,Ozone,,35620,"New York-Newark-Jersey City, NY-NJ-PA",36,New York,61,New York,40.81976,-73.94825
05/22/2025,AirNow,1,0.027,ppm,25,CCNY,24,100,44201,Ozone,,35620,"New York-Newark-Jersey City, NY-NJ-PA",36,New York,61,New York,40.81976,-73.94825
05/23/2025,AirNow,1,0.021,ppm,19,CCNY,24,100,44201,Ozone,,35620,"New York-Newark-Jersey City, NY-NJ-PA",36,New York,61,New York,40.81976,-73.94825
05/24/2025,AirNow,1,0.025,ppm,23,CCNY,24,100,44201,Ozone,,35620,"New York-Newark-Jersey City, NY-NJ-PA",36,New York,61,New York,40.81976,-73.94825
05/25/2025,AirNow,1,0.03,ppm,28,CCNY,24,100,44201,Ozone,,35620,"New York-Newark-Jersey City, NY-NJ-PA",36,New York,61,New York,40.81976,-73.94825
05/26/2025,AirNow,1,0.039,ppm,36,CCNY,24,100,44201,Ozone,,35620,"New York-Newark-Jersey City, NY-NJ-PA",36,New York,61,New York,40.81976,-73.94825
05/27/2025,AirNow,1,0.037,ppm,34,CCNY,24,100,44201,Ozone,,35620,"New York-Newark-Jersey City, NY-NJ-PA",36,New York,61,New York,40.81976,-73.94825
05/28/2025,AirNow,1,0.035,ppm,32,CCNY,24,100,44201,Ozone,,35620,"New York-Newark-Jersey City, NY-NJ-PA",36,New York,61,New York,40.81976,-73.94825
05/29/2025,AirNow,1,0.032,ppm,30,CCNY,24,100,44201,Ozone,,35620,"New York-Newark-Jersey City, NY-NJ-PA",36,New York,61,New York,40.81976,-73.94825
05/30/2025,AirNow,1,0.033,ppm,31,CCNY,24,100,44201,Ozone,,35620,"New York-Newark-Jersey City, NY-NJ-PA",36,New York,61,New York,40.81976,-73.94825
05/31/2025,AirNow,1,0.038,ppm,35,CCNY,24,100,44201,Ozone,,35620,"New York-Newark-Jersey City, NY-NJ-PA",36,New York,61,New York,40.81976,-73.94825
06/01/2025,AirNow,1,0.036,ppm,33,CCNY,24,100,44201,Ozone,,35620,"New York-Newark-Jersey City, NY-NJ-PA",36,New York,61,New York,40.81976,-73.94825
06/02/2025,AirNow,1,0.042,ppm,39,CCNY,24,100,44201,Ozone,,35620,"New York-Newark-Jersey City, NY-NJ-PA",36,New York,61,New York,40.81976,-73.94825
06/03/2025,AirNow,1,0.052,ppm,48,CCNY,24,100,44201,Ozone,,35620,"New York-Newark-Jersey City, NY-NJ-PA",36,New York,61,New York,40.81976,-73.94825
06/04/2025,AirNow,1,0.058,ppm,61,CCNY,24,100,44201,Ozone,,35620,"New York-Newark-Jersey City, NY-NJ-PA",36,New York,61,New York,40.81976,-73.94825
06/05/2025,AirNow,1,0.072,ppm,105,CCNY,24,100,44201,Ozone,,35620,"New York-Newark-Jersey City, NY-NJ-PA",36,New York,61,New York,40.81976,-73.94825
06/06/2025,AirNow,1,0.061,ppm,71,CCNY,24,100,44201,Ozone,,35620,"New York-Newark-Jersey City, NY-NJ-PA",36,New York,61,New York,40.81976,-73.94825
06/07/2025,AirNow,1,0.032,ppm,30,CCNY,24,100,44201,Ozone,,35620,"New York-Newark-Jersey City, NY-NJ-PA",36,New York,61,New York,40.81976,-73.94825
06/08/2025,AirNow,1,0.045,ppm,42,CCNY,24,100,44201,Ozone,,35620,"New York-Newark-Jersey City, NY-NJ-PA",36,New York,61,New York,40.81976,-73.94825
06/09/2025,AirNow,1,0.039,ppm,36,CCNY,24,100,44201,Ozone,,35620,"New York-Newark-Jersey City, NY-NJ-PA",36,New York,61,New York,40.81976,-73.94825
06/10/2025,AirNow,1,0.028,ppm,26,CCNY,24,100,44201,Ozone,,35620,"New York-Newark-Jersey City, NY-NJ-PA",36,New York,61,New York,40.81976,-73.94825
06/12/2025,AirNow,1,0.07,ppm,100,CCNY,24,100,44201,Ozone,,35620,"New York-Newark-Jersey City, NY-NJ-PA",36,New York,61,New York,40.81976,-73.94825
06/13/2025,AirNow,1,0.053,ppm,49,CCNY,24,100,44201,Ozone,,35620,"New York-Newark-Jersey City, NY-NJ-PA",36,New York,61,New York,40.81976,-73.94825
06/14/2025,AirNow,1,0.036,ppm,33,CCNY,24,100,44201,Ozone,,35620,"New York-Newark-Jersey City, NY-NJ-PA",36,New York,61,New York,40.81976,-73.94825
06/15/2025,AirNow,1,0.032,ppm,30,CCNY,24,100,44201,Ozone,,35620,"New York-Newark-Jersey City, NY-NJ-PA",36,New York,61,New York,40.81976,-73.94825
06/16/2025,AirNow,1,0.032,ppm,30,CCNY,24,100,44201,Ozone,,35620,"New York-Newark-Jersey City, NY-NJ-PA",36,New York,61,New York,40.81976,-73.94825
06/19/2025,AirNow,1,0.047,ppm,44,CCNY,24,100,44201,Ozone,,35620,"New York-Newark-Jersey City, NY-NJ-PA",36,New York,61,New York,40.81976,-73.94825
06/20/2025,AirNow,1,0.044,ppm,41,CCNY,24,100,44201,Ozone,,35620,"New York-Newark-Jersey City, NY-NJ-PA",36,New York,61,New York,40.81976,-73.94825
06/21/2025,AirNow,1,0.072,ppm,105,CCNY,24,100,44201,Ozone,,35620,"New York-Newark-Jersey City, NY-NJ-PA",36,New York,61,New York,40.81976,-73.94825
06/22/2025,AirNow,1,0.04,ppm,37,CCNY,24,100,44201,Ozone,,35620,"New York-Newark-Jersey City, NY-NJ-PA",36,New York,61,New York,40.81976,-73.94825
06/23/2025,AirNow,1,0.077,ppm,122,CCNY,24,100,44201,Ozone,,35620,"New York-Newark-Jersey City, NY-NJ-PA",36,New York,61,New York,40.81976,-73.94825
06/24/2025,AirNow,1,0.057,ppm,58,CCNY,24,100,44201,Ozone,,35620,"New York-Newark-Jersey City, NY-NJ-PA",36,New York,61,New York,40.81976,-73.94825
06/25/2025,AirNow,1,0.053,ppm,49,CCNY,24,100,44201,Ozone,,35620,"New York-Newark-Jersey City, NY-NJ-PA",36,New York,61,New York,40.81976,-73.94825
06/26/2025,AirNow,1,0.038,ppm,35,CCNY,24,100,44201,Ozone,,35620,"New York-Newark-Jersey City, NY-NJ-PA",36,New York,61,New York,40.81976,-73.94825
06/27/2025,AirNow,1,0.037,ppm,34,CCNY,24,100,44201,Ozone,,35620,"New York-Newark-Jersey City, NY-NJ-PA",36,New York,61,New York,40.81976,-73.94825
06/28/2025,AirNow,1,0.043,ppm,40,CCNY,24,100,44201,Ozone,,35620,"New York-Newark-Jersey City, NY-NJ-PA",36,New York,61,New York,40.81976,-73.94825
06/29/2025,AirNow,1,0.051,ppm,47,CCNY,24,100,44201,Ozone,,35620,"New York-Newark-Jersey City, NY-NJ-PA",36,New York,61,New York,40.81976,-73.94825
06/30/2025,AirNow,1,0.073,ppm,108,CCNY,24,100,44201,Ozone,,35620,"New York-Newark-Jersey City, NY-NJ-PA",36,New York,61,New York,40.81976,-73.94825
07/01/2025,AirNow,1,0.048,ppm,44,CCNY,24,100,44201,Ozone,,35620,"New York-Newark-Jersey City, NY-NJ-PA",36,New York,61,New York,40.81976,-73.94825
07/02/2025,AirNow,1,0.05,ppm,46,CCNY,24,100,44201,Ozone,,35620,"New York-Newark-Jersey City, NY-NJ-PA",36,New York,61,New York,40.81976,-73.94825
07/03/2025,AirNow,1,0.057,ppm,58,CCNY,24,100,44201,Ozone,,35620,"New York-Newark-Jersey City, NY-NJ-PA",36,New York,61,New York,40.81976,-73.94825
07/04/2025,AirNow,1,0.038,ppm,35,CCNY,24,100,44201,Ozone,,35620,"New York-Newark-Jersey City, NY-NJ-PA",36,New York,61,New York,40.81976,-73.94825
07/05/2025,AirNow,1,0.061,ppm,71,CCNY,24,100,44201,Ozone,,35620,"New York-Newark-Jersey City, NY-NJ-PA",36,New York,61,New York,40.81976,-73.94825
07/06/2025,AirNow,1,0.067,ppm,90,CCNY,24,100,44201,Ozone,,35620,"New York-Newark-Jersey City, NY-NJ-PA",36,New York,61,New York,40.81976,-73.94825
07/07/2025,AirNow,1,0.029,ppm,27,CCNY,24,100,44201,Ozone,,35620,"New York-Newark-Jersey City, NY-NJ-PA",36,New York,61,New York,40.81976,-73.94825
07/08/2025,AirNow,1,0.054,ppm,50,CCNY,24,100,44201,Ozone,,35620,"New York-Newark-Jersey City, NY-NJ-PA",36,New York,61,New York,40.81976,-73.94825
07/09/2025,AirNow,1,0.058,ppm,61,CCNY,24,100,44201,Ozone,,35620,"New York-Newark-Jersey City, NY-NJ-PA",36,New York,61,New York,40.81976,-73.94825
07/10/2025,AirNow,1,0.058,ppm,61,CCNY,24,100,44201,Ozone,,35620,"New York-Newark-Jersey City, NY-NJ-PA",36,New York,61,New York,40.81976,-73.94825
07/11/2025,AirNow,1,0.06,ppm,67,CCNY,24,100,44201,Ozone,,35620,"New York-Newark-Jersey City, NY-NJ-PA",36,New York,61,New York,40.81976,-73.94825
07/12/2025,AirNow,1,0.048,ppm,44,CCNY,24,100,44201,Ozone,,35620,"New York-Newark-Jersey City, NY-NJ-PA",36,New York,61,New York,40.81976,-73.94825
07/13/2025,AirNow,1,0.038,ppm,35,CCNY,24,100,44201,Ozone,,35620,"New York-Newark-Jersey City, NY-NJ-PA",36,New York,61,New York,40.81976,-73.94825
07/14/2025,AirNow,1,0.039,ppm,36,CCNY,18,75,44201,Ozone,,35620,"New York-Newark-Jersey City, NY-NJ-PA",36,New York,61,New York,40.81976,-73.94825
07/15/2025,AirNow,1,0.057,ppm,58,CCNY,24,100,44201,Ozone,,35620,"New York-Newark-Jersey City, NY-NJ-PA",36,New York,61,New York,40.81976,-73.94825
07/16/2025,AirNow,1,0.053,ppm,49,CCNY,24,100,44201,Ozone,,35620,"New York-Newark-Jersey City, NY-NJ-PA",36,New York,61,New York,40.81976,-73.94825
07/17/2025,AirNow,1,0.046,ppm,43,CCNY,24,100,44201,Ozone,,35620,"New York-Newark-Jersey City, NY-NJ-PA",36,New York,61,New York,40.81976,-73.94825
07/18/2025,AirNow,1,0.045,ppm,42,CCNY,24,100,44201,Ozone,,35620,"New York-Newark-Jersey City, NY-NJ-PA",36,New York,61,New York,40.81976,-73.94825
07/19/2025,AirNow,1,0.053,ppm,49,CCNY,24,100,44201,Ozone,,35620,"New York-Newark-Jersey City, NY-NJ-PA",36,New York,61,New York,40.81976,-73.94825
07/20/2025,AirNow,1,0.058,ppm,61,CCNY,24,100,44201,Ozone,,35620,"New York-Newark-Jersey City, NY-NJ-PA",36,New York,61,New York,40.81976,-73.94825
07/21/2025,AirNow,1,0.045,ppm,42,CCNY,24,100,44201,Ozone,,35620,"New York-Newark-Jersey City, NY-NJ-PA",36,New York,61,New York,40.81976,-73.94825
07/22/2025,AirNow,1,0.041,ppm,38,CCNY,24,100,44201,Ozone,,35620,"New York-Newark-Jersey City, NY-NJ-PA",36,New York,61,New York,40.81976,-73.94825
07/23/2025,AirNow,1,0.042,ppm,39,CCNY,24,100,44201,Ozone,,35620,"New York-Newark-Jersey City, NY-NJ-PA",36,New York,61,New York,40.81976,-73.94825
07/24/2025,AirNow,1,0.055,ppm,51,CCNY,24,100,44201,Ozone,,35620,"New York-Newark-Jersey City, NY-NJ-PA",36,New York,61,New York,40.81976,-73.94825
07/25/2025,AirNow,1,0.057,ppm,58,CCNY,24,100,44201,Ozone,,35620,"New York-Newark-Jersey City, NY-NJ-PA",36,New York,61,New York,40.81976,-73.94825
07/26/2025,AirNow,1,0.056,ppm,54,CCNY,24,100,44201,Ozone,,35620,"New York-Newark-Jersey City, NY-NJ-PA",36,New York,61,New York,40.81976,-73.94825
07/27/2025,AirNow,1,0.038,ppm,35,CCNY,24,100,44201,Ozone,,35620,"New York-Newark-Jersey City, NY-NJ-PA",36,New York,61,New York,40.81976,-73.94825
07/28/2025,AirNow,1,0.057,ppm,58,CCNY,24,100,44201,Ozone,,35620,"New York-Newark-Jersey City, NY-NJ-PA",36,New York,61,New York,40.81976,-73.94825
07/29/2025,AirNow,1,0.07,ppm,100,CCNY,24,100,44201,Ozone,,35620,"New York-Newark-Jersey City, NY-NJ-PA",36,New York,61,New York,40.81976,-73.94825
07/30/2025,AirNow,1,0.081,ppm,136,CCNY,24,100,44201,Ozone,,35620,"New York-Newark-Jersey City, NY-NJ-PA",36,New York,61,New York,40.81976,-73.94825
07/31/2025,AirNow,1,0.05,ppm,46,CCNY,24,100,44201,Ozone,,35620,"New York-Newark-Jersey City, NY-NJ-PA",36,New York,61,New York,40.81976,-73.94825
08/01/2025,AirNow,1,0.031,ppm,29,CCNY,23,96,44201,Ozone,,35620,"New York-Newark-Jersey City, NY-NJ-PA",36,New York,61,New York,40.81976,-73.94825
